{
"type": "FeatureCollection",
"name": "atl_pro_public_schools",
"crs": { "type": "name", "properties": { "name": "urn:ogc:def:crs:OGC:1.3:CRS84" } },
"features": [
{ "type": "Feature", "properties": { "OBJECTID": 652, "SysSchool": 6440189, "GradeRange": "06-08", "SchoolAddr": "4664 N Peachtree Rd", "SchoolCity": "Atlanta", "STATE": "GA", "SchoolZipC": "30338-5811", "MailAddres": "4664 N Peachtree Rd", "MailCity": "Atlanta", "MailZipCod": "30338-5811", "PrincipalN": "Davis, Donnie R.", "PrincipalE": "donnie_davis@dekalbschoolsga.org", "SchoolPhon": "678.676.7702", "SchoolFax": "678.676.7710", "longitude": -84.296889, "latitude": 33.930997, "Year": 2019, "SchoolYear": "2018-19", "SystemID": 644, "SystemName": "DeKalb County", "SchoolID": 189, "SchoolName": "Peachtree Middle School", "Type": "Middle School", "ENROLLMENT": 1611, "ENROLL_PER": 9, "ENROLL_P_1": 0, "ENROLL_P_2": 15, "ENROLL_P_3": 35, "ENROLL_P_4": 2, "ENROLL_P_5": 39, "ENROLL_P_6": 0, "ENROLL_P_7": 37, "ENROLL_P_8": 11, "ENROLL_P_9": 27, "ENROLL_PCT": 12, "ENROLL_P10": 31, "direct_cer": 12, "pAbsent0_5": 62, "pAbsent6_1": 31, "pAbsent16P": 8, "Churn": 11, "TeacherCou": 109, "AvgExp": 12, "pYrsLt1": 8, "pYears1_10": 45, "pYears11_2": 26, "pYears21_3": 19, "pYearsGt30": 2, "Debt": 0, "GenAdmin": 0, "Instructio": 5880, "Support": 0, "Ops": 338, "Media": 65, "PServices": 324, "Capital": 0, "SchoolAdmi": 554, "Food": 0, "Transport": 0, "TotalSpend": 7162, "CCRPI": 65, "ClimateSta": 4, "NTestedELA": 0, "Begin_CntE": 0, "Develop_Cn": 0, "Prof_CntEL": 0, "Dist_CntEL": 0, "pBeginELA3": 0, "pDevelopEL": 0, "pProfELA3": 0, "pDistELA3": 0, "DevPlus_Cn": 0, "ProfPlus_C": 0, "pDevPlusEL": 0, "pProfPlusE": 0, "NTestedE_1": 0, "Begin_Cn_1": 0, "Develop__1": 0, "Prof_Cnt_1": 0, "Dist_Cnt_1": 0, "pBeginELA5": 0, "pDevelop_1": 0, "pProfELA5": 0, "pDistELA5": 0, "DevPlus__1": 0, "ProfPlus_1": 0, "pDevPlus_1": 0, "pProfPlu_1": 0, "NTestedMat": 0, "Begin_CntM": 0, "Develop__2": 0, "Prof_CntMa": 0, "Dist_CntMa": 0, "pBeginMath": 0, "pDevelopMa": 0, "pProfMath3": 0, "pDistMath3": 0, "DevPlus__2": 0, "ProfPlus_2": 0, "pDevPlusMa": 0, "pProfPlusM": 0, "NTestedM_1": 0, "Begin_Cn_2": 0, "Develop__3": 0, "Prof_Cnt_2": 0, "Dist_Cnt_2": 0, "pBeginMa_1": 0, "pDevelop_2": 0, "pProfMath5": 0, "pDistMath5": 0, "DevPlus__3": 0, "ProfPlus_3": 0, "pDevPlus_2": 0, "pProfPlu_2": 0, "NTestedE_2": 557, "BeginELA8_": 88, "DevelopELA": 217, "ProfELA8_C": 196, "DistELA8_C": 56, "NTestedM_2": 554, "BeginMath8": 97, "DevelopMat": 221, "ProfMath8_": 161, "DistMath8_": 75, "pBeginELA8": 16, "pDevelop_3": 39, "pProfELA8": 35, "pDistELA8": 10, "pBeginMa_2": 18, "pDevelop_4": 40, "pProfMath8": 29, "pDistMath8": 14, "DevPlusELA": 469, "ProfPlusEL": 252, "pDevPlus_3": 84, "pProfPlu_3": 45, "DevPlusMat": 457, "ProfPlusMa": 236, "pDevPlus_4": 83, "pProfPlu_4": 43, "NTestedAlg": 0, "Begin_CntA": 0, "Develop__4": 0, "Prof_CntAl": 0, "Dist_CntAl": 0, "pBeginAlge": 0, "pDevelopAl": 0, "pProfAlgeb": 0, "pDistAlgeb": 0, "DevPlus__4": 0, "ProfPlus_4": 0, "pDevPlusAl": 0, "pProfPlusA": 0, "NTestedAmL": 0, "Begin_Cn_3": 0, "Develop__5": 0, "Prof_CntAm": 0, "Dist_CntAm": 0, "pBeginAmLi": 0, "pDevelopAm": 0, "pProfAmLit": 0, "pDistAmLit": 0, "DevPlus__5": 0, "ProfPlus_5": 0, "pDevPlusAm": 0, "pProfPlu_5": 0, "NTestedAna": 0, "Begin_Cn_4": 0, "Develop__6": 0, "Prof_CntAn": 0, "Dist_CntAn": 0, "pBeginAnal": 0, "pDevelopAn": 0, "pProfAnalG": 0, "pDistAnalG": 0, "DevPlus__6": 0, "ProfPlus_6": 0, "pDevPlusAn": 0, "pProfPlu_6": 0, "NTestedBio": 0, "Begin_CntB": 0, "Develop__7": 0, "Prof_CntBi": 0, "Dist_CntBi": 0, "pBeginBiol": 0, "pDevelopBi": 0, "pProfBiolo": 0, "pDistBiolo": 0, "DevPlus__7": 0, "ProfPlus_7": 0, "pDevPlusBi": 0, "pProfPlusB": 0, "NTestedCoo": 58, "Begin_CntC": 0, "Develop__8": 1, "Prof_CntCo": 20, "Dist_CntCo": 37, "pBeginCoor": 0, "pDevelopCo": 2, "pProfCoord": 35, "pDistCoord": 64, "DevPlus__8": 58, "ProfPlus_8": 57, "pDevPlusCo": 100, "pProfPlusC": 98, "NTestedEco": 0, "Begin_Cn_5": 0, "Develop__9": 0, "Prof_CntEc": 0, "Dist_CntEc": 0, "pBeginEcon": 0, "pDevelopEc": 0, "pProfEcon": 0, "pDistEcon": 0, "DevPlus__9": 0, "ProfPlus_9": 0, "pDevPlusEc": 0, "pProfPlu_7": 0, "NTestedGeo": 0, "Begin_CntG": 0, "Develop_10": 0, "Prof_CntGe": 0, "Dist_CntGe": 0, "pBeginGeom": 0, "pDevelopGe": 0, "pProfGeome": 0, "pDistGeome": 0, "DevPlus_10": 0, "ProfPlus10": 0, "pDevPlusGe": 0, "pProfPlusG": 0, "NTestedLit": 0, "Begin_CntL": 0, "Develop_11": 0, "Prof_CntLi": 0, "Dist_CntLi": 0, "pBeginLit9": 0, "pDevelopLi": 0, "pProfLit9": 0, "pDistLit9": 0, "DevPlus_11": 0, "ProfPlus11": 0, "pDevPlusLi": 0, "pProfPlusL": 0, "NTestedPhy": 105, "Begin_CntP": 1, "Develop_12": 8, "Prof_CntPh": 56, "Dist_CntPh": 40, "pBeginPhys": 1, "pDevelopPh": 8, "pProfPhysS": 53, "pDistPhysS": 38, "DevPlus_12": 104, "ProfPlus12": 96, "pDevPlusPh": 99, "pProfPlusP": 91, "NTestedUSH": 0, "Begin_CntU": 0, "Develop_13": 0, "Prof_CntUS": 0, "Dist_CntUS": 0, "pBeginUSHi": 0, "pDevelopUS": 0, "pProfUSHis": 0, "pDistUSHis": 0, "DevPlus_13": 0, "ProfPlus13": 0, "pDevPlusUS": 0, "pProfPlusU": 0, "NDropout71": 0, "pNDropout7": 0, "Graduation": 0, "NUMBER_OF_": 0, "pHopeEligi": 0, "chENROLLME": 123, "pchENROLLM": 8.26, "chCCRPI": -14, "chpProfPlu": 0, "chpProfP_1": 0, "chpProfP_2": 0, "chpProfP_3": 0, "chpELA8": -17, "chpProfP_4": -5, "chpProfP_5": 0, "chpProfP_6": 0, "chpProfP_7": 0, "chpProfP_8": 0, "chpProfP_9": -2, "chpProfP10": 0, "chpProfP11": 0, "chpProfP12": 0, "chpProfP13": -6, "chpProfP14": 0, "GlobalID": "{BF937DE5-61E2-4179-AD31-41097C5996A1}", "created_us": "opendata@arc", "created_da": "2020-03-25T00:00:00Z", "last_edite": "opendata@arc", "last_edi_1": "2020-03-25T00:00:00Z" }, "geometry": { "type": "Point", "coordinates": [ -84.296893185815904, 33.931003476683308 ] } },
{ "type": "Feature", "properties": { "OBJECTID": 668, "SysSchool": 6440290, "GradeRange": "06-08", "SchoolAddr": "3456 Aztec Rd", "SchoolCity": "Atlanta", "STATE": "GA", "SchoolZipC": "30340-2702", "MailAddres": "3456 Aztec Rd", "MailCity": "Atlanta", "MailZipCod": "30340-2702", "PrincipalN": "Anthony, Sedrick", "PrincipalE": "Sedrick_B_Anthony@dekalbschooslga.org", "SchoolPhon": "678.676.7902", "SchoolFax": "678.676.7910", "longitude": -84.271447, "latitude": 33.89145, "Year": 2019, "SchoolYear": "2018-19", "SystemID": 644, "SystemName": "DeKalb County", "SchoolID": 290, "SchoolName": "Sequoyah Middle School", "Type": "Middle School", "ENROLLMENT": 1762, "ENROLL_PER": 4, "ENROLL_P_1": 0, "ENROLL_P_2": 3, "ENROLL_P_3": 91, "ENROLL_P_4": 0, "ENROLL_P_5": 1, "ENROLL_P_6": 0, "ENROLL_P_7": 93, "ENROLL_P_8": 9, "ENROLL_P_9": 78, "ENROLL_PCT": 37, "ENROLL_P10": 4, "direct_cer": 38, "pAbsent0_5": 52, "pAbsent6_1": 32, "pAbsent16P": 16, "Churn": 20, "TeacherCou": 111, "AvgExp": 10, "pYrsLt1": 7, "pYears1_10": 60, "pYears11_2": 17, "pYears21_3": 13, "pYearsGt30": 3, "Debt": 0, "GenAdmin": 0, "Instructio": 4540, "Support": 0, "Ops": 275, "Media": 55, "PServices": 299, "Capital": 0, "SchoolAdmi": 550, "Food": 0, "Transport": 0, "TotalSpend": 5718, "CCRPI": 61, "ClimateSta": 4, "NTestedELA": 0, "Begin_CntE": 0, "Develop_Cn": 0, "Prof_CntEL": 0, "Dist_CntEL": 0, "pBeginELA3": 0, "pDevelopEL": 0, "pProfELA3": 0, "pDistELA3": 0, "DevPlus_Cn": 0, "ProfPlus_C": 0, "pDevPlusEL": 0, "pProfPlusE": 0, "NTestedE_1": 0, "Begin_Cn_1": 0, "Develop__1": 0, "Prof_Cnt_1": 0, "Dist_Cnt_1": 0, "pBeginELA5": 0, "pDevelop_1": 0, "pProfELA5": 0, "pDistELA5": 0, "DevPlus__1": 0, "ProfPlus_1": 0, "pDevPlus_1": 0, "pProfPlu_1": 0, "NTestedMat": 0, "Begin_CntM": 0, "Develop__2": 0, "Prof_CntMa": 0, "Dist_CntMa": 0, "pBeginMath": 0, "pDevelopMa": 0, "pProfMath3": 0, "pDistMath3": 0, "DevPlus__2": 0, "ProfPlus_2": 0, "pDevPlusMa": 0, "pProfPlusM": 0, "NTestedM_1": 0, "Begin_Cn_2": 0, "Develop__3": 0, "Prof_Cnt_2": 0, "Dist_Cnt_2": 0, "pBeginMa_1": 0, "pDevelop_2": 0, "pProfMath5": 0, "pDistMath5": 0, "DevPlus__3": 0, "ProfPlus_3": 0, "pDevPlus_2": 0, "pProfPlu_2": 0, "NTestedE_2": 562, "BeginELA8_": 244, "DevelopELA": 215, "ProfELA8_C": 91, "DistELA8_C": 12, "NTestedM_2": 564, "BeginMath8": 210, "DevelopMat": 243, "ProfMath8_": 96, "DistMath8_": 15, "pBeginELA8": 43, "pDevelop_3": 38, "pProfELA8": 16, "pDistELA8": 2, "pBeginMa_2": 37, "pDevelop_4": 43, "pProfMath8": 17, "pDistMath8": 3, "DevPlusELA": 318, "ProfPlusEL": 103, "pDevPlus_3": 57, "pProfPlu_3": 18, "DevPlusMat": 354, "ProfPlusMa": 111, "pDevPlus_4": 63, "pProfPlu_4": 20, "NTestedAlg": 0, "Begin_CntA": 0, "Develop__4": 0, "Prof_CntAl": 0, "Dist_CntAl": 0, "pBeginAlge": 0, "pDevelopAl": 0, "pProfAlgeb": 0, "pDistAlgeb": 0, "DevPlus__4": 0, "ProfPlus_4": 0, "pDevPlusAl": 0, "pProfPlusA": 0, "NTestedAmL": 0, "Begin_Cn_3": 0, "Develop__5": 0, "Prof_CntAm": 0, "Dist_CntAm": 0, "pBeginAmLi": 0, "pDevelopAm": 0, "pProfAmLit": 0, "pDistAmLit": 0, "DevPlus__5": 0, "ProfPlus_5": 0, "pDevPlusAm": 0, "pProfPlu_5": 0, "NTestedAna": 0, "Begin_Cn_4": 0, "Develop__6": 0, "Prof_CntAn": 0, "Dist_CntAn": 0, "pBeginAnal": 0, "pDevelopAn": 0, "pProfAnalG": 0, "pDistAnalG": 0, "DevPlus__6": 0, "ProfPlus_6": 0, "pDevPlusAn": 0, "pProfPlu_6": 0, "NTestedBio": 0, "Begin_CntB": 0, "Develop__7": 0, "Prof_CntBi": 0, "Dist_CntBi": 0, "pBeginBiol": 0, "pDevelopBi": 0, "pProfBiolo": 0, "pDistBiolo": 0, "DevPlus__7": 0, "ProfPlus_7": 0, "pDevPlusBi": 0, "pProfPlusB": 0, "NTestedCoo": 29, "Begin_CntC": 0, "Develop__8": 8, "Prof_CntCo": 17, "Dist_CntCo": 4, "pBeginCoor": 0, "pDevelopCo": 28, "pProfCoord": 59, "pDistCoord": 14, "DevPlus__8": 29, "ProfPlus_8": 21, "pDevPlusCo": 100, "pProfPlusC": 72, "NTestedEco": 0, "Begin_Cn_5": 0, "Develop__9": 0, "Prof_CntEc": 0, "Dist_CntEc": 0, "pBeginEcon": 0, "pDevelopEc": 0, "pProfEcon": 0, "pDistEcon": 0, "DevPlus__9": 0, "ProfPlus_9": 0, "pDevPlusEc": 0, "pProfPlu_7": 0, "NTestedGeo": 0, "Begin_CntG": 0, "Develop_10": 0, "Prof_CntGe": 0, "Dist_CntGe": 0, "pBeginGeom": 0, "pDevelopGe": 0, "pProfGeome": 0, "pDistGeome": 0, "DevPlus_10": 0, "ProfPlus10": 0, "pDevPlusGe": 0, "pProfPlusG": 0, "NTestedLit": 0, "Begin_CntL": 0, "Develop_11": 0, "Prof_CntLi": 0, "Dist_CntLi": 0, "pBeginLit9": 0, "pDevelopLi": 0, "pProfLit9": 0, "pDistLit9": 0, "DevPlus_11": 0, "ProfPlus11": 0, "pDevPlusLi": 0, "pProfPlusL": 0, "NTestedPhy": 31, "Begin_CntP": 0, "Develop_12": 5, "Prof_CntPh": 20, "Dist_CntPh": 6, "pBeginPhys": 0, "pDevelopPh": 16, "pProfPhysS": 65, "pDistPhysS": 19, "DevPlus_12": 31, "ProfPlus12": 26, "pDevPlusPh": 100, "pProfPlusP": 84, "NTestedUSH": 0, "Begin_CntU": 0, "Develop_13": 0, "Prof_CntUS": 0, "Dist_CntUS": 0, "pBeginUSHi": 0, "pDevelopUS": 0, "pProfUSHis": 0, "pDistUSHis": 0, "DevPlus_13": 0, "ProfPlus13": 0, "pDevPlusUS": 0, "pProfPlusU": 0, "NDropout71": 62, "pNDropout7": 5, "Graduation": 0, "NUMBER_OF_": 0, "pHopeEligi": 0, "chENROLLME": 306, "pchENROLLM": 21.01, "chCCRPI": -3, "chpProfPlu": 0, "chpProfP_1": 0, "chpProfP_2": 0, "chpProfP_3": 0, "chpELA8": 1, "chpProfP_4": -7, "chpProfP_5": 0, "chpProfP_6": 0, "chpProfP_7": 0, "chpProfP_8": 0, "chpProfP_9": 11, "chpProfP10": 0, "chpProfP11": 0, "chpProfP12": 0, "chpProfP13": -6, "chpProfP14": 0, "GlobalID": "{0BC923F6-9662-430F-9E72-ECF27BC24792}", "created_us": "opendata@arc", "created_da": "2020-03-25T00:00:00Z", "last_edite": "opendata@arc", "last_edi_1": "2020-03-25T00:00:00Z" }, "geometry": { "type": "Point", "coordinates": [ -84.271451176695862, 33.891456469165632 ] } },
{ "type": "Feature", "properties": { "OBJECTID": 676, "SysSchool": 6440314, "GradeRange": "KK-08", "SchoolAddr": "2225 Heritage Dr NE", "SchoolCity": "Atlanta", "STATE": "GA", "SchoolZipC": "30345-3534", "MailAddres": "2225 Heritage Dr NE", "MailCity": "Atlanta", "MailZipCod": "30345-3534", "PrincipalN": "Elliott, Christi", "PrincipalE": "celliot_earby@theglobeacademy.net", "SchoolPhon": "404.867.6183", "SchoolFax": " ", "longitude": -84.2905, "latitude": 33.848837, "Year": 2019, "SchoolYear": "2018-19", "SystemID": 644, "SystemName": "DeKalb County", "SchoolID": 314, "SchoolName": "GLOBE Academy Charter School I", "Type": "Elementary School", "ENROLLMENT": 903, "ENROLL_PER": 4, "ENROLL_P_1": 0, "ENROLL_P_2": 26, "ENROLL_P_3": 13, "ENROLL_P_4": 8, "ENROLL_P_5": 49, "ENROLL_P_6": 0, "ENROLL_P_7": 13, "ENROLL_P_8": 11, "ENROLL_P_9": 3, "ENROLL_PCT": 2, "ENROLL_P10": 22, "direct_cer": 6, "pAbsent0_5": 64, "pAbsent6_1": 33, "pAbsent16P": 4, "Churn": 2, "TeacherCou": 46, "AvgExp": 7, "pYrsLt1": 0, "pYears1_10": 80, "pYears11_2": 17, "pYears21_3": 2, "pYearsGt30": 0, "Debt": 0, "GenAdmin": 0, "Instructio": 11236, "Support": 0, "Ops": 0, "Media": 0, "PServices": 0, "Capital": 0, "SchoolAdmi": 0, "Food": 0, "Transport": 0, "TotalSpend": 11236, "CCRPI": 97, "ClimateSta": 3, "NTestedELA": 119, "Begin_CntE": 7, "Develop_Cn": 32, "Prof_CntEL": 54, "Dist_CntEL": 26, "pBeginELA3": 6, "pDevelopEL": 27, "pProfELA3": 45, "pDistELA3": 22, "DevPlus_Cn": 112, "ProfPlus_C": 80, "pDevPlusEL": 94, "pProfPlusE": 67, "NTestedE_1": 72, "Begin_Cn_1": 1, "Develop__1": 4, "Prof_Cnt_1": 33, "Dist_Cnt_1": 34, "pBeginELA5": 1, "pDevelop_1": 6, "pProfELA5": 46, "pDistELA5": 47, "DevPlus__1": 71, "ProfPlus_1": 67, "pDevPlus_1": 99, "pProfPlu_1": 93, "NTestedMat": 119, "Begin_CntM": 1, "Develop__2": 38, "Prof_CntMa": 59, "Dist_CntMa": 21, "pBeginMath": 1, "pDevelopMa": 32, "pProfMath3": 50, "pDistMath3": 18, "DevPlus__2": 118, "ProfPlus_2": 80, "pDevPlusMa": 99, "pProfPlusM": 67, "NTestedM_1": 72, "Begin_Cn_2": 4, "Develop__3": 11, "Prof_Cnt_2": 29, "Dist_Cnt_2": 28, "pBeginMa_1": 6, "pDevelop_2": 15, "pProfMath5": 40, "pDistMath5": 39, "DevPlus__3": 68, "ProfPlus_3": 57, "pDevPlus_2": 95, "pProfPlu_2": 79, "NTestedE_2": 52, "BeginELA8_": 4, "DevelopELA": 7, "ProfELA8_C": 31, "DistELA8_C": 10, "NTestedM_2": 52, "BeginMath8": 5, "DevelopMat": 23, "ProfMath8_": 13, "DistMath8_": 2, "pBeginELA8": 8, "pDevelop_3": 14, "pProfELA8": 60, "pDistELA8": 19, "pBeginMa_2": 10, "pDevelop_4": 44, "pProfMath8": 25, "pDistMath8": 4, "DevPlusELA": 48, "ProfPlusEL": 41, "pDevPlus_3": 92, "pProfPlu_3": 79, "DevPlusMat": 38, "ProfPlusMa": 15, "pDevPlus_4": 73, "pProfPlu_4": 29, "NTestedAlg": 0, "Begin_CntA": 0, "Develop__4": 0, "Prof_CntAl": 0, "Dist_CntAl": 0, "pBeginAlge": 0, "pDevelopAl": 0, "pProfAlgeb": 0, "pDistAlgeb": 0, "DevPlus__4": 0, "ProfPlus_4": 0, "pDevPlusAl": 0, "pProfPlusA": 0, "NTestedAmL": 0, "Begin_Cn_3": 0, "Develop__5": 0, "Prof_CntAm": 0, "Dist_CntAm": 0, "pBeginAmLi": 0, "pDevelopAm": 0, "pProfAmLit": 0, "pDistAmLit": 0, "DevPlus__5": 0, "ProfPlus_5": 0, "pDevPlusAm": 0, "pProfPlu_5": 0, "NTestedAna": 0, "Begin_Cn_4": 0, "Develop__6": 0, "Prof_CntAn": 0, "Dist_CntAn": 0, "pBeginAnal": 0, "pDevelopAn": 0, "pProfAnalG": 0, "pDistAnalG": 0, "DevPlus__6": 0, "ProfPlus_6": 0, "pDevPlusAn": 0, "pProfPlu_6": 0, "NTestedBio": 0, "Begin_CntB": 0, "Develop__7": 0, "Prof_CntBi": 0, "Dist_CntBi": 0, "pBeginBiol": 0, "pDevelopBi": 0, "pProfBiolo": 0, "pDistBiolo": 0, "DevPlus__7": 0, "ProfPlus_7": 0, "pDevPlusBi": 0, "pProfPlusB": 0, "NTestedCoo": 10, "Begin_CntC": 0, "Develop__8": 0, "Prof_CntCo": 3, "Dist_CntCo": 7, "pBeginCoor": 0, "pDevelopCo": 0, "pProfCoord": 30, "pDistCoord": 70, "DevPlus__8": 10, "ProfPlus_8": 10, "pDevPlusCo": 100, "pProfPlusC": 100, "NTestedEco": 0, "Begin_Cn_5": 0, "Develop__9": 0, "Prof_CntEc": 0, "Dist_CntEc": 0, "pBeginEcon": 0, "pDevelopEc": 0, "pProfEcon": 0, "pDistEcon": 0, "DevPlus__9": 0, "ProfPlus_9": 0, "pDevPlusEc": 0, "pProfPlu_7": 0, "NTestedGeo": 0, "Begin_CntG": 0, "Develop_10": 0, "Prof_CntGe": 0, "Dist_CntGe": 0, "pBeginGeom": 0, "pDevelopGe": 0, "pProfGeome": 0, "pDistGeome": 0, "DevPlus_10": 0, "ProfPlus10": 0, "pDevPlusGe": 0, "pProfPlusG": 0, "NTestedLit": 0, "Begin_CntL": 0, "Develop_11": 0, "Prof_CntLi": 0, "Dist_CntLi": 0, "pBeginLit9": 0, "pDevelopLi": 0, "pProfLit9": 0, "pDistLit9": 0, "DevPlus_11": 0, "ProfPlus11": 0, "pDevPlusLi": 0, "pProfPlusL": 0, "NTestedPhy": 0, "Begin_CntP": 0, "Develop_12": 0, "Prof_CntPh": 0, "Dist_CntPh": 0, "pBeginPhys": 0, "pDevelopPh": 0, "pProfPhysS": 0, "pDistPhysS": 0, "DevPlus_12": 0, "ProfPlus12": 0, "pDevPlusPh": 0, "pProfPlusP": 0, "NTestedUSH": 0, "Begin_CntU": 0, "Develop_13": 0, "Prof_CntUS": 0, "Dist_CntUS": 0, "pBeginUSHi": 0, "pDevelopUS": 0, "pProfUSHis": 0, "pDistUSHis": 0, "DevPlus_13": 0, "ProfPlus13": 0, "pDevPlusUS": 0, "pProfPlusU": 0, "NDropout71": 0, "pNDropout7": 0, "Graduation": 0, "NUMBER_OF_": 0, "pHopeEligi": 0, "chENROLLME": 342, "pchENROLLM": 60.96, "chCCRPI": 13, "chpProfPlu": 17, "chpProfP_1": -2, "chpProfP_2": 26, "chpProfP_3": 28, "chpELA8": 0, "chpProfP_4": 0, "chpProfP_5": 0, "chpProfP_6": 0, "chpProfP_7": 0, "chpProfP_8": 0, "chpProfP_9": 0, "chpProfP10": 0, "chpProfP11": 0, "chpProfP12": 0, "chpProfP13": 0, "chpProfP14": 0, "GlobalID": "{3DFEEAC4-D5F2-4D33-BFD6-C457E9AC115F}", "created_us": "opendata@arc", "created_da": "2020-03-25T00:00:00Z", "last_edite": "opendata@arc", "last_edi_1": "2020-03-25T00:00:00Z" }, "geometry": { "type": "Point", "coordinates": [ -84.290504179767368, 33.848843458673912 ] } },
{ "type": "Feature", "properties": { "OBJECTID": 692, "SysSchool": 6440510, "GradeRange": "PK-12", "SchoolAddr": "1634 Knob Hill Dr NE", "SchoolCity": "Atlanta", "STATE": "GA", "SchoolZipC": "30329-3209", "MailAddres": "1634 Knob Hill Dr NE", "MailCity": "Atlanta", "MailZipCod": "30329-3209", "PrincipalN": "Sims, Keisha Simone", "PrincipalE": "Keisha_s_sims@dekalbschoolsga.org", "SchoolPhon": "678.874.7002", "SchoolFax": " ", "longitude": -84.320864, "latitude": 33.829346, "Year": 2019, "SchoolYear": "2018-19", "SystemID": 644, "SystemName": "DeKalb County", "SchoolID": 510, "SchoolName": "Margaret Harris Comprehensive School", "Type": "K12", "ENROLLMENT": 73, "ENROLL_PER": 10, "ENROLL_P_1": 0, "ENROLL_P_2": 63, "ENROLL_P_3": 12, "ENROLL_P_4": 1, "ENROLL_P_5": 14, "ENROLL_P_6": 0, "ENROLL_P_7": 66, "ENROLL_P_8": 100, "ENROLL_P_9": 10, "ENROLL_PCT": 0, "ENROLL_P10": 0, "direct_cer": 30, "pAbsent0_5": 30, "pAbsent6_1": 20, "pAbsent16P": 51, "Churn": 12, "TeacherCou": 15, "AvgExp": 16, "pYrsLt1": 0, "pYears1_10": 40, "pYears11_2": 27, "pYears21_3": 13, "pYearsGt30": 20, "Debt": 0, "GenAdmin": 1538, "Instructio": 32773, "Support": 0, "Ops": 1887, "Media": 960, "PServices": 1387, "Capital": 0, "SchoolAdmi": 3259, "Food": 0, "Transport": 0, "TotalSpend": 41803, "CCRPI": 0, "ClimateSta": 0, "NTestedELA": 0, "Begin_CntE": 0, "Develop_Cn": 0, "Prof_CntEL": 0, "Dist_CntEL": 0, "pBeginELA3": 0, "pDevelopEL": 0, "pProfELA3": 0, "pDistELA3": 0, "DevPlus_Cn": 0, "ProfPlus_C": 0, "pDevPlusEL": 0, "pProfPlusE": 0, "NTestedE_1": 0, "Begin_Cn_1": 0, "Develop__1": 0, "Prof_Cnt_1": 0, "Dist_Cnt_1": 0, "pBeginELA5": 0, "pDevelop_1": 0, "pProfELA5": 0, "pDistELA5": 0, "DevPlus__1": 0, "ProfPlus_1": 0, "pDevPlus_1": 0, "pProfPlu_1": 0, "NTestedMat": 0, "Begin_CntM": 0, "Develop__2": 0, "Prof_CntMa": 0, "Dist_CntMa": 0, "pBeginMath": 0, "pDevelopMa": 0, "pProfMath3": 0, "pDistMath3": 0, "DevPlus__2": 0, "ProfPlus_2": 0, "pDevPlusMa": 0, "pProfPlusM": 0, "NTestedM_1": 0, "Begin_Cn_2": 0, "Develop__3": 0, "Prof_Cnt_2": 0, "Dist_Cnt_2": 0, "pBeginMa_1": 0, "pDevelop_2": 0, "pProfMath5": 0, "pDistMath5": 0, "DevPlus__3": 0, "ProfPlus_3": 0, "pDevPlus_2": 0, "pProfPlu_2": 0, "NTestedE_2": 0, "BeginELA8_": 0, "DevelopELA": 0, "ProfELA8_C": 0, "DistELA8_C": 0, "NTestedM_2": 0, "BeginMath8": 0, "DevelopMat": 0, "ProfMath8_": 0, "DistMath8_": 0, "pBeginELA8": 0, "pDevelop_3": 0, "pProfELA8": 0, "pDistELA8": 0, "pBeginMa_2": 0, "pDevelop_4": 0, "pProfMath8": 0, "pDistMath8": 0, "DevPlusELA": 0, "ProfPlusEL": 0, "pDevPlus_3": 0, "pProfPlu_3": 0, "DevPlusMat": 0, "ProfPlusMa": 0, "pDevPlus_4": 0, "pProfPlu_4": 0, "NTestedAlg": 0, "Begin_CntA": 0, "Develop__4": 0, "Prof_CntAl": 0, "Dist_CntAl": 0, "pBeginAlge": 0, "pDevelopAl": 0, "pProfAlgeb": 0, "pDistAlgeb": 0, "DevPlus__4": 0, "ProfPlus_4": 0, "pDevPlusAl": 0, "pProfPlusA": 0, "NTestedAmL": 0, "Begin_Cn_3": 0, "Develop__5": 0, "Prof_CntAm": 0, "Dist_CntAm": 0, "pBeginAmLi": 0, "pDevelopAm": 0, "pProfAmLit": 0, "pDistAmLit": 0, "DevPlus__5": 0, "ProfPlus_5": 0, "pDevPlusAm": 0, "pProfPlu_5": 0, "NTestedAna": 0, "Begin_Cn_4": 0, "Develop__6": 0, "Prof_CntAn": 0, "Dist_CntAn": 0, "pBeginAnal": 0, "pDevelopAn": 0, "pProfAnalG": 0, "pDistAnalG": 0, "DevPlus__6": 0, "ProfPlus_6": 0, "pDevPlusAn": 0, "pProfPlu_6": 0, "NTestedBio": 0, "Begin_CntB": 0, "Develop__7": 0, "Prof_CntBi": 0, "Dist_CntBi": 0, "pBeginBiol": 0, "pDevelopBi": 0, "pProfBiolo": 0, "pDistBiolo": 0, "DevPlus__7": 0, "ProfPlus_7": 0, "pDevPlusBi": 0, "pProfPlusB": 0, "NTestedCoo": 0, "Begin_CntC": 0, "Develop__8": 0, "Prof_CntCo": 0, "Dist_CntCo": 0, "pBeginCoor": 0, "pDevelopCo": 0, "pProfCoord": 0, "pDistCoord": 0, "DevPlus__8": 0, "ProfPlus_8": 0, "pDevPlusCo": 0, "pProfPlusC": 0, "NTestedEco": 0, "Begin_Cn_5": 0, "Develop__9": 0, "Prof_CntEc": 0, "Dist_CntEc": 0, "pBeginEcon": 0, "pDevelopEc": 0, "pProfEcon": 0, "pDistEcon": 0, "DevPlus__9": 0, "ProfPlus_9": 0, "pDevPlusEc": 0, "pProfPlu_7": 0, "NTestedGeo": 0, "Begin_CntG": 0, "Develop_10": 0, "Prof_CntGe": 0, "Dist_CntGe": 0, "pBeginGeom": 0, "pDevelopGe": 0, "pProfGeome": 0, "pDistGeome": 0, "DevPlus_10": 0, "ProfPlus10": 0, "pDevPlusGe": 0, "pProfPlusG": 0, "NTestedLit": 0, "Begin_CntL": 0, "Develop_11": 0, "Prof_CntLi": 0, "Dist_CntLi": 0, "pBeginLit9": 0, "pDevelopLi": 0, "pProfLit9": 0, "pDistLit9": 0, "DevPlus_11": 0, "ProfPlus11": 0, "pDevPlusLi": 0, "pProfPlusL": 0, "NTestedPhy": 0, "Begin_CntP": 0, "Develop_12": 0, "Prof_CntPh": 0, "Dist_CntPh": 0, "pBeginPhys": 0, "pDevelopPh": 0, "pProfPhysS": 0, "pDistPhysS": 0, "DevPlus_12": 0, "ProfPlus12": 0, "pDevPlusPh": 0, "pProfPlusP": 0, "NTestedUSH": 0, "Begin_CntU": 0, "Develop_13": 0, "Prof_CntUS": 0, "Dist_CntUS": 0, "pBeginUSHi": 0, "pDevelopUS": 0, "pProfUSHis": 0, "pDistUSHis": 0, "DevPlus_13": 0, "ProfPlus13": 0, "pDevPlusUS": 0, "pProfPlusU": 0, "NDropout71": 0, "pNDropout7": 0, "Graduation": 0, "NUMBER_OF_": 0, "pHopeEligi": 0, "chENROLLME": 15, "pchENROLLM": 25.86, "chCCRPI": 0, "chpProfPlu": 0, "chpProfP_1": 0, "chpProfP_2": 0, "chpProfP_3": 0, "chpELA8": 0, "chpProfP_4": 0, "chpProfP_5": 0, "chpProfP_6": 0, "chpProfP_7": 0, "chpProfP_8": 0, "chpProfP_9": 0, "chpProfP10": 0, "chpProfP11": 0, "chpProfP12": 0, "chpProfP13": 0, "chpProfP14": 0, "GlobalID": "{6AD28A80-5CE1-4C4B-943E-30C0F7D8092E}", "created_us": "opendata@arc", "created_da": "2020-03-25T00:00:00Z", "last_edite": "opendata@arc", "last_edi_1": "2020-03-25T00:00:00Z" }, "geometry": { "type": "Point", "coordinates": [ -84.320868187686472, 33.829352453720389 ] } },
{ "type": "Feature", "properties": { "OBJECTID": 699, "SysSchool": 6440707, "GradeRange": "02-11", "SchoolAddr": "934 Briarcliff Rd NE", "SchoolCity": "Atlanta", "STATE": "GA", "SchoolZipC": "30306-2618", "MailAddres": "934 Briarcliff Rd NE", "MailCity": "Atlanta", "MailZipCod": "30306-2618", "PrincipalN": "Funderburk, Susan", "PrincipalE": "susan_funderburk@dekalbschoolsga.org", "SchoolPhon": "404.888.7876", "SchoolFax": " ", "longitude": -84.345298, "latitude": 33.780105, "Year": 2019, "SchoolYear": "2018-19", "SystemID": 644, "SystemName": "DeKalb County", "SchoolID": 707, "SchoolName": "UHS of Laurel Heights", "Type": "High School", "ENROLLMENT": 40, "ENROLL_PER": 0, "ENROLL_P_1": 0, "ENROLL_P_2": 43, "ENROLL_P_3": 5, "ENROLL_P_4": 0, "ENROLL_P_5": 53, "ENROLL_P_6": 0, "ENROLL_P_7": 3, "ENROLL_P_8": 65, "ENROLL_P_9": 0, "ENROLL_PCT": 0, "ENROLL_P10": 0, "direct_cer": 60, "pAbsent0_5": 100, "pAbsent6_1": 0, "pAbsent16P": 0, "Churn": 375, "TeacherCou": 8, "AvgExp": 11, "pYrsLt1": 0, "pYears1_10": 50, "pYears11_2": 38, "pYears21_3": 13, "pYearsGt30": 0, "Debt": 0, "GenAdmin": 0, "Instructio": 16493, "Support": 0, "Ops": 0, "Media": 0, "PServices": 0, "Capital": 0, "SchoolAdmi": 0, "Food": 0, "Transport": 0, "TotalSpend": 16493, "CCRPI": 0, "ClimateSta": 0, "NTestedELA": 0, "Begin_CntE": 0, "Develop_Cn": 0, "Prof_CntEL": 0, "Dist_CntEL": 0, "pBeginELA3": 0, "pDevelopEL": 0, "pProfELA3": 0, "pDistELA3": 0, "DevPlus_Cn": 0, "ProfPlus_C": 0, "pDevPlusEL": 0, "pProfPlusE": 0, "NTestedE_1": 0, "Begin_Cn_1": 0, "Develop__1": 0, "Prof_Cnt_1": 0, "Dist_Cnt_1": 0, "pBeginELA5": 0, "pDevelop_1": 0, "pProfELA5": 0, "pDistELA5": 0, "DevPlus__1": 0, "ProfPlus_1": 0, "pDevPlus_1": 0, "pProfPlu_1": 0, "NTestedMat": 0, "Begin_CntM": 0, "Develop__2": 0, "Prof_CntMa": 0, "Dist_CntMa": 0, "pBeginMath": 0, "pDevelopMa": 0, "pProfMath3": 0, "pDistMath3": 0, "DevPlus__2": 0, "ProfPlus_2": 0, "pDevPlusMa": 0, "pProfPlusM": 0, "NTestedM_1": 0, "Begin_Cn_2": 0, "Develop__3": 0, "Prof_Cnt_2": 0, "Dist_Cnt_2": 0, "pBeginMa_1": 0, "pDevelop_2": 0, "pProfMath5": 0, "pDistMath5": 0, "DevPlus__3": 0, "ProfPlus_3": 0, "pDevPlus_2": 0, "pProfPlu_2": 0, "NTestedE_2": 1, "BeginELA8_": 0, "DevelopELA": 0, "ProfELA8_C": 0, "DistELA8_C": 0, "NTestedM_2": 1, "BeginMath8": 0, "DevelopMat": 0, "ProfMath8_": 0, "DistMath8_": 0, "pBeginELA8": 0, "pDevelop_3": 0, "pProfELA8": 0, "pDistELA8": 0, "pBeginMa_2": 0, "pDevelop_4": 0, "pProfMath8": 0, "pDistMath8": 0, "DevPlusELA": 0, "ProfPlusEL": 0, "pDevPlus_3": 0, "pProfPlu_3": 0, "DevPlusMat": 0, "ProfPlusMa": 0, "pDevPlus_4": 0, "pProfPlu_4": 0, "NTestedAlg": 0, "Begin_CntA": 0, "Develop__4": 0, "Prof_CntAl": 0, "Dist_CntAl": 0, "pBeginAlge": 0, "pDevelopAl": 0, "pProfAlgeb": 0, "pDistAlgeb": 0, "DevPlus__4": 0, "ProfPlus_4": 0, "pDevPlusAl": 0, "pProfPlusA": 0, "NTestedAmL": 0, "Begin_Cn_3": 0, "Develop__5": 0, "Prof_CntAm": 0, "Dist_CntAm": 0, "pBeginAmLi": 0, "pDevelopAm": 0, "pProfAmLit": 0, "pDistAmLit": 0, "DevPlus__5": 0, "ProfPlus_5": 0, "pDevPlusAm": 0, "pProfPlu_5": 0, "NTestedAna": 2, "Begin_Cn_4": 0, "Develop__6": 0, "Prof_CntAn": 0, "Dist_CntAn": 0, "pBeginAnal": 0, "pDevelopAn": 0, "pProfAnalG": 0, "pDistAnalG": 0, "DevPlus__6": 0, "ProfPlus_6": 0, "pDevPlusAn": 0, "pProfPlu_6": 0, "NTestedBio": 4, "Begin_CntB": 0, "Develop__7": 0, "Prof_CntBi": 0, "Dist_CntBi": 0, "pBeginBiol": 0, "pDevelopBi": 0, "pProfBiolo": 0, "pDistBiolo": 0, "DevPlus__7": 0, "ProfPlus_7": 0, "pDevPlusBi": 0, "pProfPlusB": 0, "NTestedCoo": 6, "Begin_CntC": 0, "Develop__8": 0, "Prof_CntCo": 0, "Dist_CntCo": 0, "pBeginCoor": 0, "pDevelopCo": 0, "pProfCoord": 0, "pDistCoord": 0, "DevPlus__8": 0, "ProfPlus_8": 0, "pDevPlusCo": 0, "pProfPlusC": 0, "NTestedEco": 0, "Begin_Cn_5": 0, "Develop__9": 0, "Prof_CntEc": 0, "Dist_CntEc": 0, "pBeginEcon": 0, "pDevelopEc": 0, "pProfEcon": 0, "pDistEcon": 0, "DevPlus__9": 0, "ProfPlus_9": 0, "pDevPlusEc": 0, "pProfPlu_7": 0, "NTestedGeo": 0, "Begin_CntG": 0, "Develop_10": 0, "Prof_CntGe": 0, "Dist_CntGe": 0, "pBeginGeom": 0, "pDevelopGe": 0, "pProfGeome": 0, "pDistGeome": 0, "DevPlus_10": 0, "ProfPlus10": 0, "pDevPlusGe": 0, "pProfPlusG": 0, "NTestedLit": 5, "Begin_CntL": 0, "Develop_11": 0, "Prof_CntLi": 0, "Dist_CntLi": 0, "pBeginLit9": 0, "pDevelopLi": 0, "pProfLit9": 0, "pDistLit9": 0, "DevPlus_11": 0, "ProfPlus11": 0, "pDevPlusLi": 0, "pProfPlusL": 0, "NTestedPhy": 2, "Begin_CntP": 0, "Develop_12": 0, "Prof_CntPh": 0, "Dist_CntPh": 0, "pBeginPhys": 0, "pDevelopPh": 0, "pProfPhysS": 0, "pDistPhysS": 0, "DevPlus_12": 0, "ProfPlus12": 0, "pDevPlusPh": 0, "pProfPlusP": 0, "NTestedUSH": 0, "Begin_CntU": 0, "Develop_13": 0, "Prof_CntUS": 0, "Dist_CntUS": 0, "pBeginUSHi": 0, "pDevelopUS": 0, "pProfUSHis": 0, "pDistUSHis": 0, "DevPlus_13": 0, "ProfPlus13": 0, "pDevPlusUS": 0, "pProfPlusU": 0, "NDropout71": 0, "pNDropout7": 0, "Graduation": 0, "NUMBER_OF_": 0, "pHopeEligi": 0, "chENROLLME": -9, "pchENROLLM": -18.36, "chCCRPI": 0, "chpProfPlu": 0, "chpProfP_1": 0, "chpProfP_2": 0, "chpProfP_3": 0, "chpELA8": 0, "chpProfP_4": 0, "chpProfP_5": 0, "chpProfP_6": 0, "chpProfP_7": 0, "chpProfP_8": 0, "chpProfP_9": 0, "chpProfP10": 0, "chpProfP11": 0, "chpProfP12": 0, "chpProfP13": 0, "chpProfP14": 0, "GlobalID": "{CE9C35B5-17B9-458B-8743-1312F65B0FF2}", "created_us": "opendata@arc", "created_da": "2020-03-25T00:00:00Z", "last_edite": "opendata@arc", "last_edi_1": "2020-03-25T00:00:00Z" }, "geometry": { "type": "Point", "coordinates": [ -84.345302191836325, 33.780111442980704 ] } },
{ "type": "Feature", "properties": { "OBJECTID": 717, "SysSchool": 6441103, "GradeRange": "PK-05", "SchoolAddr": "3132 Clifton Church Rd SE", "SchoolCity": "Atlanta", "STATE": "GA", "SchoolZipC": "30316-4944", "MailAddres": "3132 Clifton Church Rd SE", "MailCity": "Atlanta", "MailZipCod": "30316-4944", "PrincipalN": "Bethea, Angela", "PrincipalE": "angela_thomas-bethea@dekalbschoolsga.org", "SchoolPhon": "678.874.4402", "SchoolFax": " ", "longitude": -84.302177, "latitude": 33.695847, "Year": 2019, "SchoolYear": "2018-19", "SystemID": 644, "SystemName": "DeKalb County", "SchoolID": 1103, "SchoolName": "Barack H. Obama Elementary Magnet School of Technology", "Type": "Elementary School", "ENROLLMENT": 938, "ENROLL_PER": 0, "ENROLL_P_1": 0, "ENROLL_P_2": 94, "ENROLL_P_3": 4, "ENROLL_P_4": 1, "ENROLL_P_5": 0, "ENROLL_P_6": 0, "ENROLL_P_7": 100, "ENROLL_P_8": 7, "ENROLL_P_9": 2, "ENROLL_PCT": 2, "ENROLL_P10": 4, "direct_cer": 62, "pAbsent0_5": 62, "pAbsent6_1": 31, "pAbsent16P": 8, "Churn": 21, "TeacherCou": 59, "AvgExp": 13, "pYrsLt1": 9, "pYears1_10": 46, "pYears11_2": 24, "pYears21_3": 15, "pYearsGt30": 7, "Debt": 0, "GenAdmin": 0, "Instructio": 63, "Support": 0, "Ops": 0, "Media": 0, "PServices": 103, "Capital": 0, "SchoolAdmi": 115, "Food": 0, "Transport": 0, "TotalSpend": 281, "CCRPI": 61, "ClimateSta": 4, "NTestedELA": 155, "Begin_CntE": 81, "Develop_Cn": 52, "Prof_CntEL": 19, "Dist_CntEL": 3, "pBeginELA3": 52, "pDevelopEL": 34, "pProfELA3": 12, "pDistELA3": 2, "DevPlus_Cn": 74, "ProfPlus_C": 22, "pDevPlusEL": 48, "pProfPlusE": 14, "NTestedE_1": 171, "Begin_Cn_1": 52, "Develop__1": 78, "Prof_Cnt_1": 35, "Dist_Cnt_1": 6, "pBeginELA5": 30, "pDevelop_1": 46, "pProfELA5": 21, "pDistELA5": 4, "DevPlus__1": 119, "ProfPlus_1": 41, "pDevPlus_1": 70, "pProfPlu_1": 24, "NTestedMat": 155, "Begin_CntM": 65, "Develop__2": 52, "Prof_CntMa": 34, "Dist_CntMa": 4, "pBeginMath": 42, "pDevelopMa": 34, "pProfMath3": 22, "pDistMath3": 3, "DevPlus__2": 90, "ProfPlus_2": 38, "pDevPlusMa": 58, "pProfPlusM": 25, "NTestedM_1": 171, "Begin_Cn_2": 60, "Develop__3": 80, "Prof_Cnt_2": 26, "Dist_Cnt_2": 5, "pBeginMa_1": 35, "pDevelop_2": 47, "pProfMath5": 15, "pDistMath5": 3, "DevPlus__3": 111, "ProfPlus_3": 31, "pDevPlus_2": 65, "pProfPlu_2": 18, "NTestedE_2": 0, "BeginELA8_": 0, "DevelopELA": 0, "ProfELA8_C": 0, "DistELA8_C": 0, "NTestedM_2": 0, "BeginMath8": 0, "DevelopMat": 0, "ProfMath8_": 0, "DistMath8_": 0, "pBeginELA8": 0, "pDevelop_3": 0, "pProfELA8": 0, "pDistELA8": 0, "pBeginMa_2": 0, "pDevelop_4": 0, "pProfMath8": 0, "pDistMath8": 0, "DevPlusELA": 0, "ProfPlusEL": 0, "pDevPlus_3": 0, "pProfPlu_3": 0, "DevPlusMat": 0, "ProfPlusMa": 0, "pDevPlus_4": 0, "pProfPlu_4": 0, "NTestedAlg": 0, "Begin_CntA": 0, "Develop__4": 0, "Prof_CntAl": 0, "Dist_CntAl": 0, "pBeginAlge": 0, "pDevelopAl": 0, "pProfAlgeb": 0, "pDistAlgeb": 0, "DevPlus__4": 0, "ProfPlus_4": 0, "pDevPlusAl": 0, "pProfPlusA": 0, "NTestedAmL": 0, "Begin_Cn_3": 0, "Develop__5": 0, "Prof_CntAm": 0, "Dist_CntAm": 0, "pBeginAmLi": 0, "pDevelopAm": 0, "pProfAmLit": 0, "pDistAmLit": 0, "DevPlus__5": 0, "ProfPlus_5": 0, "pDevPlusAm": 0, "pProfPlu_5": 0, "NTestedAna": 0, "Begin_Cn_4": 0, "Develop__6": 0, "Prof_CntAn": 0, "Dist_CntAn": 0, "pBeginAnal": 0, "pDevelopAn": 0, "pProfAnalG": 0, "pDistAnalG": 0, "DevPlus__6": 0, "ProfPlus_6": 0, "pDevPlusAn": 0, "pProfPlu_6": 0, "NTestedBio": 0, "Begin_CntB": 0, "Develop__7": 0, "Prof_CntBi": 0, "Dist_CntBi": 0, "pBeginBiol": 0, "pDevelopBi": 0, "pProfBiolo": 0, "pDistBiolo": 0, "DevPlus__7": 0, "ProfPlus_7": 0, "pDevPlusBi": 0, "pProfPlusB": 0, "NTestedCoo": 0, "Begin_CntC": 0, "Develop__8": 0, "Prof_CntCo": 0, "Dist_CntCo": 0, "pBeginCoor": 0, "pDevelopCo": 0, "pProfCoord": 0, "pDistCoord": 0, "DevPlus__8": 0, "ProfPlus_8": 0, "pDevPlusCo": 0, "pProfPlusC": 0, "NTestedEco": 0, "Begin_Cn_5": 0, "Develop__9": 0, "Prof_CntEc": 0, "Dist_CntEc": 0, "pBeginEcon": 0, "pDevelopEc": 0, "pProfEcon": 0, "pDistEcon": 0, "DevPlus__9": 0, "ProfPlus_9": 0, "pDevPlusEc": 0, "pProfPlu_7": 0, "NTestedGeo": 0, "Begin_CntG": 0, "Develop_10": 0, "Prof_CntGe": 0, "Dist_CntGe": 0, "pBeginGeom": 0, "pDevelopGe": 0, "pProfGeome": 0, "pDistGeome": 0, "DevPlus_10": 0, "ProfPlus10": 0, "pDevPlusGe": 0, "pProfPlusG": 0, "NTestedLit": 0, "Begin_CntL": 0, "Develop_11": 0, "Prof_CntLi": 0, "Dist_CntLi": 0, "pBeginLit9": 0, "pDevelopLi": 0, "pProfLit9": 0, "pDistLit9": 0, "DevPlus_11": 0, "ProfPlus11": 0, "pDevPlusLi": 0, "pProfPlusL": 0, "NTestedPhy": 0, "Begin_CntP": 0, "Develop_12": 0, "Prof_CntPh": 0, "Dist_CntPh": 0, "pBeginPhys": 0, "pDevelopPh": 0, "pProfPhysS": 0, "pDistPhysS": 0, "DevPlus_12": 0, "ProfPlus12": 0, "pDevPlusPh": 0, "pProfPlusP": 0, "NTestedUSH": 0, "Begin_CntU": 0, "Develop_13": 0, "Prof_CntUS": 0, "Dist_CntUS": 0, "pBeginUSHi": 0, "pDevelopUS": 0, "pProfUSHis": 0, "pDistUSHis": 0, "DevPlus_13": 0, "ProfPlus13": 0, "pDevPlusUS": 0, "pProfPlusU": 0, "NDropout71": 0, "pNDropout7": 0, "Graduation": 0, "NUMBER_OF_": 0, "pHopeEligi": 0, "chENROLLME": 0, "pchENROLLM": 0.0, "chCCRPI": 0, "chpProfPlu": 0, "chpProfP_1": 0, "chpProfP_2": 0, "chpProfP_3": 0, "chpELA8": 0, "chpProfP_4": 0, "chpProfP_5": 0, "chpProfP_6": 0, "chpProfP_7": 0, "chpProfP_8": 0, "chpProfP_9": 0, "chpProfP10": 0, "chpProfP11": 0, "chpProfP12": 0, "chpProfP13": 0, "chpProfP14": 0, "GlobalID": "{0327B37B-CA73-4767-9501-116635579C30}", "created_us": "opendata@arc", "created_da": "2020-03-25T00:00:00Z", "last_edite": "opendata@arc", "last_edi_1": "2020-03-25T00:00:00Z" }, "geometry": { "type": "Point", "coordinates": [ -84.302181175329736, 33.695853425817162 ] } },
{ "type": "Feature", "properties": { "OBJECTID": 721, "SysSchool": 6442055, "GradeRange": "09-12", "SchoolAddr": "1798 Haygood Dr NE", "SchoolCity": "Atlanta", "STATE": "GA", "SchoolZipC": "30307-1119", "MailAddres": "1798 Haygood Dr NE", "MailCity": "Atlanta", "MailZipCod": "30307-1119", "PrincipalN": "Joyner, Mark", "PrincipalE": "mark_joyner@dekalbschoolsga.org", "SchoolPhon": "678.874.6302", "SchoolFax": "678.874.6310", "longitude": -84.316408, "latitude": 33.793394, "Year": 2019, "SchoolYear": "2018-19", "SystemID": 644, "SystemName": "DeKalb County", "SchoolID": 2055, "SchoolName": "Druid Hills High School", "Type": "High School", "ENROLLMENT": 1325, "ENROLL_PER": 13, "ENROLL_P_1": 0, "ENROLL_P_2": 41, "ENROLL_P_3": 14, "ENROLL_P_4": 4, "ENROLL_P_5": 28, "ENROLL_P_6": 0, "ENROLL_P_7": 42, "ENROLL_P_8": 12, "ENROLL_P_9": 14, "ENROLL_PCT": 8, "ENROLL_P10": 19, "direct_cer": 19, "pAbsent0_5": 38, "pAbsent6_1": 36, "pAbsent16P": 26, "Churn": 11, "TeacherCou": 92, "AvgExp": 13, "pYrsLt1": 10, "pYears1_10": 36, "pYears11_2": 29, "pYears21_3": 22, "pYearsGt30": 3, "Debt": 0, "GenAdmin": 0, "Instructio": 5760, "Support": 0, "Ops": 351, "Media": 58, "PServices": 455, "Capital": 0, "SchoolAdmi": 637, "Food": 0, "Transport": 0, "TotalSpend": 7261, "CCRPI": 75, "ClimateSta": 4, "NTestedELA": 0, "Begin_CntE": 0, "Develop_Cn": 0, "Prof_CntEL": 0, "Dist_CntEL": 0, "pBeginELA3": 0, "pDevelopEL": 0, "pProfELA3": 0, "pDistELA3": 0, "DevPlus_Cn": 0, "ProfPlus_C": 0, "pDevPlusEL": 0, "pProfPlusE": 0, "NTestedE_1": 0, "Begin_Cn_1": 0, "Develop__1": 0, "Prof_Cnt_1": 0, "Dist_Cnt_1": 0, "pBeginELA5": 0, "pDevelop_1": 0, "pProfELA5": 0, "pDistELA5": 0, "DevPlus__1": 0, "ProfPlus_1": 0, "pDevPlus_1": 0, "pProfPlu_1": 0, "NTestedMat": 0, "Begin_CntM": 0, "Develop__2": 0, "Prof_CntMa": 0, "Dist_CntMa": 0, "pBeginMath": 0, "pDevelopMa": 0, "pProfMath3": 0, "pDistMath3": 0, "DevPlus__2": 0, "ProfPlus_2": 0, "pDevPlusMa": 0, "pProfPlusM": 0, "NTestedM_1": 0, "Begin_Cn_2": 0, "Develop__3": 0, "Prof_Cnt_2": 0, "Dist_Cnt_2": 0, "pBeginMa_1": 0, "pDevelop_2": 0, "pProfMath5": 0, "pDistMath5": 0, "DevPlus__3": 0, "ProfPlus_3": 0, "pDevPlus_2": 0, "pProfPlu_2": 0, "NTestedE_2": 0, "BeginELA8_": 0, "DevelopELA": 0, "ProfELA8_C": 0, "DistELA8_C": 0, "NTestedM_2": 0, "BeginMath8": 0, "DevelopMat": 0, "ProfMath8_": 0, "DistMath8_": 0, "pBeginELA8": 0, "pDevelop_3": 0, "pProfELA8": 0, "pDistELA8": 0, "pBeginMa_2": 0, "pDevelop_4": 0, "pProfMath8": 0, "pDistMath8": 0, "DevPlusELA": 0, "ProfPlusEL": 0, "pDevPlus_3": 0, "pProfPlu_3": 0, "DevPlusMat": 0, "ProfPlusMa": 0, "pDevPlus_4": 0, "pProfPlu_4": 0, "NTestedAlg": 0, "Begin_CntA": 0, "Develop__4": 0, "Prof_CntAl": 0, "Dist_CntAl": 0, "pBeginAlge": 0, "pDevelopAl": 0, "pProfAlgeb": 0, "pDistAlgeb": 0, "DevPlus__4": 0, "ProfPlus_4": 0, "pDevPlusAl": 0, "pProfPlusA": 0, "NTestedAmL": 315, "Begin_Cn_3": 80, "Develop__5": 95, "Prof_CntAm": 120, "Dist_CntAm": 20, "pBeginAmLi": 25, "pDevelopAm": 30, "pProfAmLit": 38, "pDistAmLit": 6, "DevPlus__5": 235, "ProfPlus_5": 140, "pDevPlusAm": 75, "pProfPlu_5": 44, "NTestedAna": 364, "Begin_Cn_4": 108, "Develop__6": 121, "Prof_CntAn": 92, "Dist_CntAn": 43, "pBeginAnal": 30, "pDevelopAn": 33, "pProfAnalG": 25, "pDistAnalG": 12, "DevPlus__6": 256, "ProfPlus_6": 135, "pDevPlusAn": 70, "pProfPlu_6": 37, "NTestedBio": 304, "Begin_CntB": 82, "Develop__7": 48, "Prof_CntBi": 116, "Dist_CntBi": 58, "pBeginBiol": 27, "pDevelopBi": 16, "pProfBiolo": 38, "pDistBiolo": 19, "DevPlus__7": 222, "ProfPlus_7": 174, "pDevPlusBi": 73, "pProfPlusB": 57, "NTestedCoo": 313, "Begin_CntC": 105, "Develop__8": 121, "Prof_CntCo": 75, "Dist_CntCo": 12, "pBeginCoor": 34, "pDevelopCo": 39, "pProfCoord": 24, "pDistCoord": 4, "DevPlus__8": 208, "ProfPlus_8": 87, "pDevPlusCo": 67, "pProfPlusC": 28, "NTestedEco": 316, "Begin_Cn_5": 76, "Develop__9": 81, "Prof_CntEc": 102, "Dist_CntEc": 57, "pBeginEcon": 24, "pDevelopEc": 26, "pProfEcon": 32, "pDistEcon": 18, "DevPlus__9": 240, "ProfPlus_9": 159, "pDevPlusEc": 76, "pProfPlu_7": 50, "NTestedGeo": 0, "Begin_CntG": 0, "Develop_10": 0, "Prof_CntGe": 0, "Dist_CntGe": 0, "pBeginGeom": 0, "pDevelopGe": 0, "pProfGeome": 0, "pDistGeome": 0, "DevPlus_10": 0, "ProfPlus10": 0, "pDevPlusGe": 0, "pProfPlusG": 0, "NTestedLit": 333, "Begin_CntL": 55, "Develop_11": 72, "Prof_CntLi": 130, "Dist_CntLi": 76, "pBeginLit9": 17, "pDevelopLi": 22, "pProfLit9": 39, "pDistLit9": 23, "DevPlus_11": 278, "ProfPlus11": 206, "pDevPlusLi": 83, "pProfPlusL": 62, "NTestedPhy": 194, "Begin_CntP": 129, "Develop_12": 48, "Prof_CntPh": 17, "Dist_CntPh": 0, "pBeginPhys": 67, "pDevelopPh": 25, "pProfPhysS": 9, "pDistPhysS": 0, "DevPlus_12": 65, "ProfPlus12": 17, "pDevPlusPh": 34, "pProfPlusP": 9, "NTestedUSH": 305, "Begin_CntU": 64, "Develop_13": 115, "Prof_CntUS": 99, "Dist_CntUS": 27, "pBeginUSHi": 21, "pDevelopUS": 38, "pProfUSHis": 33, "pDistUSHis": 9, "DevPlus_13": 241, "ProfPlus13": 126, "pDevPlusUS": 79, "pProfPlusU": 41, "NDropout71": 47, "pNDropout7": 3, "Graduation": 83, "NUMBER_OF_": 295, "pHopeEligi": 48, "chENROLLME": 46, "pchENROLLM": 3.59, "chCCRPI": -6, "chpProfPlu": 0, "chpProfP_1": 0, "chpProfP_2": 0, "chpProfP_3": 0, "chpELA8": 0, "chpProfP_4": 0, "chpProfP_5": 0, "chpProfP_6": 3, "chpProfP_7": 4, "chpProfP_8": 0, "chpProfP_9": 2, "chpProfP10": -3, "chpProfP11": 0, "chpProfP12": 22, "chpProfP13": -1, "chpProfP14": 3, "GlobalID": "{5CCFAE38-5060-48DD-BF47-CD4077BDDFDC}", "created_us": "opendata@arc", "created_da": "2020-03-25T00:00:00Z", "last_edite": "opendata@arc", "last_edi_1": "2020-03-25T00:00:00Z" }, "geometry": { "type": "Point", "coordinates": [ -84.31641218455114, 33.793400445690239 ] } },
{ "type": "Feature", "properties": { "OBJECTID": 722, "SysSchool": 6442056, "GradeRange": "PK-05", "SchoolAddr": "157 Heaton Park Dr NE", "SchoolCity": "Atlanta", "STATE": "GA", "SchoolZipC": "30307-1317", "MailAddres": "157 Heaton Park Dr NE", "MailCity": "Atlanta", "MailZipCod": "30307-1317", "PrincipalN": "Ray, Joan Fowler", "PrincipalE": "joan_ray@dekalbschoolsga.org", "SchoolPhon": "678.874.9302", "SchoolFax": "678.874.9310", "longitude": -84.316397, "latitude": 33.778195, "Year": 2019, "SchoolYear": "2018-19", "SystemID": 644, "SystemName": "DeKalb County", "SchoolID": 2056, "SchoolName": "Fernbank Elementary School", "Type": "Elementary School", "ENROLLMENT": 760, "ENROLL_PER": 11, "ENROLL_P_1": 0, "ENROLL_P_2": 18, "ENROLL_P_3": 34, "ENROLL_P_4": 4, "ENROLL_P_5": 34, "ENROLL_P_6": 0, "ENROLL_P_7": 43, "ENROLL_P_8": 10, "ENROLL_P_9": 33, "ENROLL_PCT": 28, "ENROLL_P10": 21, "direct_cer": 21, "pAbsent0_5": 60, "pAbsent6_1": 34, "pAbsent16P": 6, "Churn": 16, "TeacherCou": 69, "AvgExp": 13, "pYrsLt1": 7, "pYears1_10": 44, "pYears11_2": 28, "pYears21_3": 15, "pYearsGt30": 7, "Debt": 0, "GenAdmin": 0, "Instructio": 115, "Support": 0, "Ops": 0, "Media": 0, "PServices": 120, "Capital": 0, "SchoolAdmi": 128, "Food": 0, "Transport": 0, "TotalSpend": 363, "CCRPI": 86, "ClimateSta": 4, "NTestedELA": 119, "Begin_CntE": 24, "Develop_Cn": 33, "Prof_CntEL": 26, "Dist_CntEL": 36, "pBeginELA3": 20, "pDevelopEL": 28, "pProfELA3": 22, "pDistELA3": 30, "DevPlus_Cn": 95, "ProfPlus_C": 62, "pDevPlusEL": 80, "pProfPlusE": 52, "NTestedE_1": 122, "Begin_Cn_1": 26, "Develop__1": 35, "Prof_Cnt_1": 31, "Dist_Cnt_1": 30, "pBeginELA5": 21, "pDevelop_1": 29, "pProfELA5": 25, "pDistELA5": 25, "DevPlus__1": 96, "ProfPlus_1": 61, "pDevPlus_1": 79, "pProfPlu_1": 50, "NTestedMat": 119, "Begin_CntM": 19, "Develop__2": 29, "Prof_CntMa": 45, "Dist_CntMa": 26, "pBeginMath": 16, "pDevelopMa": 24, "pProfMath3": 38, "pDistMath3": 22, "DevPlus__2": 100, "ProfPlus_2": 71, "pDevPlusMa": 84, "pProfPlusM": 60, "NTestedM_1": 122, "Begin_Cn_2": 37, "Develop__3": 33, "Prof_Cnt_2": 29, "Dist_Cnt_2": 23, "pBeginMa_1": 30, "pDevelop_2": 27, "pProfMath5": 24, "pDistMath5": 19, "DevPlus__3": 85, "ProfPlus_3": 52, "pDevPlus_2": 70, "pProfPlu_2": 43, "NTestedE_2": 0, "BeginELA8_": 0, "DevelopELA": 0, "ProfELA8_C": 0, "DistELA8_C": 0, "NTestedM_2": 0, "BeginMath8": 0, "DevelopMat": 0, "ProfMath8_": 0, "DistMath8_": 0, "pBeginELA8": 0, "pDevelop_3": 0, "pProfELA8": 0, "pDistELA8": 0, "pBeginMa_2": 0, "pDevelop_4": 0, "pProfMath8": 0, "pDistMath8": 0, "DevPlusELA": 0, "ProfPlusEL": 0, "pDevPlus_3": 0, "pProfPlu_3": 0, "DevPlusMat": 0, "ProfPlusMa": 0, "pDevPlus_4": 0, "pProfPlu_4": 0, "NTestedAlg": 0, "Begin_CntA": 0, "Develop__4": 0, "Prof_CntAl": 0, "Dist_CntAl": 0, "pBeginAlge": 0, "pDevelopAl": 0, "pProfAlgeb": 0, "pDistAlgeb": 0, "DevPlus__4": 0, "ProfPlus_4": 0, "pDevPlusAl": 0, "pProfPlusA": 0, "NTestedAmL": 0, "Begin_Cn_3": 0, "Develop__5": 0, "Prof_CntAm": 0, "Dist_CntAm": 0, "pBeginAmLi": 0, "pDevelopAm": 0, "pProfAmLit": 0, "pDistAmLit": 0, "DevPlus__5": 0, "ProfPlus_5": 0, "pDevPlusAm": 0, "pProfPlu_5": 0, "NTestedAna": 0, "Begin_Cn_4": 0, "Develop__6": 0, "Prof_CntAn": 0, "Dist_CntAn": 0, "pBeginAnal": 0, "pDevelopAn": 0, "pProfAnalG": 0, "pDistAnalG": 0, "DevPlus__6": 0, "ProfPlus_6": 0, "pDevPlusAn": 0, "pProfPlu_6": 0, "NTestedBio": 0, "Begin_CntB": 0, "Develop__7": 0, "Prof_CntBi": 0, "Dist_CntBi": 0, "pBeginBiol": 0, "pDevelopBi": 0, "pProfBiolo": 0, "pDistBiolo": 0, "DevPlus__7": 0, "ProfPlus_7": 0, "pDevPlusBi": 0, "pProfPlusB": 0, "NTestedCoo": 0, "Begin_CntC": 0, "Develop__8": 0, "Prof_CntCo": 0, "Dist_CntCo": 0, "pBeginCoor": 0, "pDevelopCo": 0, "pProfCoord": 0, "pDistCoord": 0, "DevPlus__8": 0, "ProfPlus_8": 0, "pDevPlusCo": 0, "pProfPlusC": 0, "NTestedEco": 0, "Begin_Cn_5": 0, "Develop__9": 0, "Prof_CntEc": 0, "Dist_CntEc": 0, "pBeginEcon": 0, "pDevelopEc": 0, "pProfEcon": 0, "pDistEcon": 0, "DevPlus__9": 0, "ProfPlus_9": 0, "pDevPlusEc": 0, "pProfPlu_7": 0, "NTestedGeo": 0, "Begin_CntG": 0, "Develop_10": 0, "Prof_CntGe": 0, "Dist_CntGe": 0, "pBeginGeom": 0, "pDevelopGe": 0, "pProfGeome": 0, "pDistGeome": 0, "DevPlus_10": 0, "ProfPlus10": 0, "pDevPlusGe": 0, "pProfPlusG": 0, "NTestedLit": 0, "Begin_CntL": 0, "Develop_11": 0, "Prof_CntLi": 0, "Dist_CntLi": 0, "pBeginLit9": 0, "pDevelopLi": 0, "pProfLit9": 0, "pDistLit9": 0, "DevPlus_11": 0, "ProfPlus11": 0, "pDevPlusLi": 0, "pProfPlusL": 0, "NTestedPhy": 0, "Begin_CntP": 0, "Develop_12": 0, "Prof_CntPh": 0, "Dist_CntPh": 0, "pBeginPhys": 0, "pDevelopPh": 0, "pProfPhysS": 0, "pDistPhysS": 0, "DevPlus_12": 0, "ProfPlus12": 0, "pDevPlusPh": 0, "pProfPlusP": 0, "NTestedUSH": 0, "Begin_CntU": 0, "Develop_13": 0, "Prof_CntUS": 0, "Dist_CntUS": 0, "pBeginUSHi": 0, "pDevelopUS": 0, "pProfUSHis": 0, "pDistUSHis": 0, "DevPlus_13": 0, "ProfPlus13": 0, "pDevPlusUS": 0, "pProfPlusU": 0, "NDropout71": 0, "pNDropout7": 0, "Graduation": 0, "NUMBER_OF_": 0, "pHopeEligi": 0, "chENROLLME": 199, "pchENROLLM": 35.47, "chCCRPI": 6, "chpProfPlu": -10, "chpProfP_1": 6, "chpProfP_2": -29, "chpProfP_3": -25, "chpELA8": 0, "chpProfP_4": 0, "chpProfP_5": 0, "chpProfP_6": 0, "chpProfP_7": 0, "chpProfP_8": 0, "chpProfP_9": 0, "chpProfP10": 0, "chpProfP11": 0, "chpProfP12": 0, "chpProfP13": 0, "chpProfP14": 0, "GlobalID": "{FE42D80E-7B39-4489-AEBC-B159FB9A2C8A}", "created_us": "opendata@arc", "created_da": "2020-03-25T00:00:00Z", "last_edite": "opendata@arc", "last_edi_1": "2020-03-25T00:00:00Z" }, "geometry": { "type": "Point", "coordinates": [ -84.316401183782176, 33.77820144286553 ] } },
{ "type": "Feature", "properties": { "OBJECTID": 723, "SysSchool": 6442058, "GradeRange": "PK-05", "SchoolAddr": "2408 Henderson Mill Rd NE", "SchoolCity": "Atlanta", "STATE": "GA", "SchoolZipC": "30345-2138", "MailAddres": "2408 Henderson Mill Rd NE", "MailCity": "Atlanta", "MailZipCod": "30345-2138", "PrincipalN": "Moore, Cassandra", "PrincipalE": "cassandra_moore@dekalbschoolsga.org", "SchoolPhon": "678.874.3102", "SchoolFax": "678.874.3110", "longitude": -84.258615, "latitude": 33.856251, "Year": 2019, "SchoolYear": "2018-19", "SystemID": 644, "SystemName": "DeKalb County", "SchoolID": 2058, "SchoolName": "Henderson Mill Elementary School", "Type": "Elementary School", "ENROLLMENT": 533, "ENROLL_PER": 7, "ENROLL_P_1": 1, "ENROLL_P_2": 23, "ENROLL_P_3": 45, "ENROLL_P_4": 4, "ENROLL_P_5": 20, "ENROLL_P_6": 0, "ENROLL_P_7": 61, "ENROLL_P_8": 8, "ENROLL_P_9": 39, "ENROLL_PCT": 34, "ENROLL_P10": 9, "direct_cer": 28, "pAbsent0_5": 57, "pAbsent6_1": 38, "pAbsent16P": 5, "Churn": 19, "TeacherCou": 47, "AvgExp": 12, "pYrsLt1": 2, "pYears1_10": 51, "pYears11_2": 32, "pYears21_3": 9, "pYearsGt30": 6, "Debt": 0, "GenAdmin": 0, "Instructio": 7172, "Support": 0, "Ops": 211, "Media": 226, "PServices": 305, "Capital": 0, "SchoolAdmi": 606, "Food": 0, "Transport": 0, "TotalSpend": 8520, "CCRPI": 74, "ClimateSta": 5, "NTestedELA": 93, "Begin_CntE": 20, "Develop_Cn": 35, "Prof_CntEL": 28, "Dist_CntEL": 10, "pBeginELA3": 22, "pDevelopEL": 38, "pProfELA3": 30, "pDistELA3": 11, "DevPlus_Cn": 73, "ProfPlus_C": 38, "pDevPlusEL": 79, "pProfPlusE": 41, "NTestedE_1": 95, "Begin_Cn_1": 16, "Develop__1": 37, "Prof_Cnt_1": 27, "Dist_Cnt_1": 15, "pBeginELA5": 17, "pDevelop_1": 39, "pProfELA5": 28, "pDistELA5": 16, "DevPlus__1": 79, "ProfPlus_1": 42, "pDevPlus_1": 83, "pProfPlu_1": 44, "NTestedMat": 93, "Begin_CntM": 11, "Develop__2": 29, "Prof_CntMa": 32, "Dist_CntMa": 21, "pBeginMath": 12, "pDevelopMa": 31, "pProfMath3": 34, "pDistMath3": 23, "DevPlus__2": 82, "ProfPlus_2": 53, "pDevPlusMa": 88, "pProfPlusM": 57, "NTestedM_1": 95, "Begin_Cn_2": 22, "Develop__3": 37, "Prof_Cnt_2": 24, "Dist_Cnt_2": 12, "pBeginMa_1": 23, "pDevelop_2": 39, "pProfMath5": 25, "pDistMath5": 13, "DevPlus__3": 73, "ProfPlus_3": 36, "pDevPlus_2": 77, "pProfPlu_2": 38, "NTestedE_2": 0, "BeginELA8_": 0, "DevelopELA": 0, "ProfELA8_C": 0, "DistELA8_C": 0, "NTestedM_2": 0, "BeginMath8": 0, "DevelopMat": 0, "ProfMath8_": 0, "DistMath8_": 0, "pBeginELA8": 0, "pDevelop_3": 0, "pProfELA8": 0, "pDistELA8": 0, "pBeginMa_2": 0, "pDevelop_4": 0, "pProfMath8": 0, "pDistMath8": 0, "DevPlusELA": 0, "ProfPlusEL": 0, "pDevPlus_3": 0, "pProfPlu_3": 0, "DevPlusMat": 0, "ProfPlusMa": 0, "pDevPlus_4": 0, "pProfPlu_4": 0, "NTestedAlg": 0, "Begin_CntA": 0, "Develop__4": 0, "Prof_CntAl": 0, "Dist_CntAl": 0, "pBeginAlge": 0, "pDevelopAl": 0, "pProfAlgeb": 0, "pDistAlgeb": 0, "DevPlus__4": 0, "ProfPlus_4": 0, "pDevPlusAl": 0, "pProfPlusA": 0, "NTestedAmL": 0, "Begin_Cn_3": 0, "Develop__5": 0, "Prof_CntAm": 0, "Dist_CntAm": 0, "pBeginAmLi": 0, "pDevelopAm": 0, "pProfAmLit": 0, "pDistAmLit": 0, "DevPlus__5": 0, "ProfPlus_5": 0, "pDevPlusAm": 0, "pProfPlu_5": 0, "NTestedAna": 0, "Begin_Cn_4": 0, "Develop__6": 0, "Prof_CntAn": 0, "Dist_CntAn": 0, "pBeginAnal": 0, "pDevelopAn": 0, "pProfAnalG": 0, "pDistAnalG": 0, "DevPlus__6": 0, "ProfPlus_6": 0, "pDevPlusAn": 0, "pProfPlu_6": 0, "NTestedBio": 0, "Begin_CntB": 0, "Develop__7": 0, "Prof_CntBi": 0, "Dist_CntBi": 0, "pBeginBiol": 0, "pDevelopBi": 0, "pProfBiolo": 0, "pDistBiolo": 0, "DevPlus__7": 0, "ProfPlus_7": 0, "pDevPlusBi": 0, "pProfPlusB": 0, "NTestedCoo": 0, "Begin_CntC": 0, "Develop__8": 0, "Prof_CntCo": 0, "Dist_CntCo": 0, "pBeginCoor": 0, "pDevelopCo": 0, "pProfCoord": 0, "pDistCoord": 0, "DevPlus__8": 0, "ProfPlus_8": 0, "pDevPlusCo": 0, "pProfPlusC": 0, "NTestedEco": 0, "Begin_Cn_5": 0, "Develop__9": 0, "Prof_CntEc": 0, "Dist_CntEc": 0, "pBeginEcon": 0, "pDevelopEc": 0, "pProfEcon": 0, "pDistEcon": 0, "DevPlus__9": 0, "ProfPlus_9": 0, "pDevPlusEc": 0, "pProfPlu_7": 0, "NTestedGeo": 0, "Begin_CntG": 0, "Develop_10": 0, "Prof_CntGe": 0, "Dist_CntGe": 0, "pBeginGeom": 0, "pDevelopGe": 0, "pProfGeome": 0, "pDistGeome": 0, "DevPlus_10": 0, "ProfPlus10": 0, "pDevPlusGe": 0, "pProfPlusG": 0, "NTestedLit": 0, "Begin_CntL": 0, "Develop_11": 0, "Prof_CntLi": 0, "Dist_CntLi": 0, "pBeginLit9": 0, "pDevelopLi": 0, "pProfLit9": 0, "pDistLit9": 0, "DevPlus_11": 0, "ProfPlus11": 0, "pDevPlusLi": 0, "pProfPlusL": 0, "NTestedPhy": 0, "Begin_CntP": 0, "Develop_12": 0, "Prof_CntPh": 0, "Dist_CntPh": 0, "pBeginPhys": 0, "pDevelopPh": 0, "pProfPhysS": 0, "pDistPhysS": 0, "DevPlus_12": 0, "ProfPlus12": 0, "pDevPlusPh": 0, "pProfPlusP": 0, "NTestedUSH": 0, "Begin_CntU": 0, "Develop_13": 0, "Prof_CntUS": 0, "Dist_CntUS": 0, "pBeginUSHi": 0, "pDevelopUS": 0, "pProfUSHis": 0, "pDistUSHis": 0, "DevPlus_13": 0, "ProfPlus13": 0, "pDevPlusUS": 0, "pProfPlusU": 0, "NDropout71": 0, "pNDropout7": 0, "Graduation": 0, "NUMBER_OF_": 0, "pHopeEligi": 0, "chENROLLME": -49, "pchENROLLM": -8.41, "chCCRPI": -5, "chpProfPlu": 0, "chpProfP_1": 3, "chpProfP_2": -8, "chpProfP_3": -16, "chpELA8": 0, "chpProfP_4": 0, "chpProfP_5": 0, "chpProfP_6": 0, "chpProfP_7": 0, "chpProfP_8": 0, "chpProfP_9": 0, "chpProfP10": 0, "chpProfP11": 0, "chpProfP12": 0, "chpProfP13": 0, "chpProfP14": 0, "GlobalID": "{A41D5CC3-E2B4-49A0-834A-46220A2348BB}", "created_us": "opendata@arc", "created_da": "2020-03-25T00:00:00Z", "last_edite": "opendata@arc", "last_edi_1": "2020-03-25T00:00:00Z" }, "geometry": { "type": "Point", "coordinates": [ -84.258619171358617, 33.856257461758048 ] } },
{ "type": "Feature", "properties": { "OBJECTID": 729, "SysSchool": 6443050, "GradeRange": "PK-05", "SchoolAddr": "2968 Cravenridge Dr NE", "SchoolCity": "Atlanta", "STATE": "GA", "SchoolZipC": "30319-2952", "MailAddres": "2968 Cravenridge Dr NE", "MailCity": "Atlanta", "MailZipCod": "30319-2952", "PrincipalN": "McMillan, LaShawn", "PrincipalE": "lashawn_mcmillan@dekalbschoolsga.org", "SchoolPhon": "678.676.6702", "SchoolFax": "678.676.6710", "longitude": -84.322011, "latitude": 33.874336, "Year": 2019, "SchoolYear": "2018-19", "SystemID": 644, "SystemName": "DeKalb County", "SchoolID": 3050, "SchoolName": "Ashford Park Elementary School", "Type": "Elementary School", "ENROLLMENT": 609, "ENROLL_PER": 6, "ENROLL_P_1": 0, "ENROLL_P_2": 13, "ENROLL_P_3": 13, "ENROLL_P_4": 7, "ENROLL_P_5": 61, "ENROLL_P_6": 0, "ENROLL_P_7": 15, "ENROLL_P_8": 12, "ENROLL_P_9": 9, "ENROLL_PCT": 5, "ENROLL_P10": 14, "direct_cer": 5, "pAbsent0_5": 73, "pAbsent6_1": 24, "pAbsent16P": 3, "Churn": 10, "TeacherCou": 49, "AvgExp": 12, "pYrsLt1": 2, "pYears1_10": 55, "pYears11_2": 22, "pYears21_3": 18, "pYearsGt30": 2, "Debt": 0, "GenAdmin": 0, "Instructio": 3530, "Support": 4, "Ops": 193, "Media": 169, "PServices": 654, "Capital": 0, "SchoolAdmi": 588, "Food": 0, "Transport": 0, "TotalSpend": 5138, "CCRPI": 77, "ClimateSta": 5, "NTestedELA": 99, "Begin_CntE": 13, "Develop_Cn": 23, "Prof_CntEL": 24, "Dist_CntEL": 39, "pBeginELA3": 13, "pDevelopEL": 23, "pProfELA3": 24, "pDistELA3": 39, "DevPlus_Cn": 86, "ProfPlus_C": 63, "pDevPlusEL": 87, "pProfPlusE": 64, "NTestedE_1": 73, "Begin_Cn_1": 1, "Develop__1": 13, "Prof_Cnt_1": 42, "Dist_Cnt_1": 17, "pBeginELA5": 1, "pDevelop_1": 18, "pProfELA5": 58, "pDistELA5": 23, "DevPlus__1": 72, "ProfPlus_1": 59, "pDevPlus_1": 99, "pProfPlu_1": 81, "NTestedMat": 99, "Begin_CntM": 5, "Develop__2": 31, "Prof_CntMa": 33, "Dist_CntMa": 30, "pBeginMath": 5, "pDevelopMa": 31, "pProfMath3": 33, "pDistMath3": 30, "DevPlus__2": 94, "ProfPlus_2": 63, "pDevPlusMa": 95, "pProfPlusM": 64, "NTestedM_1": 73, "Begin_Cn_2": 3, "Develop__3": 33, "Prof_Cnt_2": 25, "Dist_Cnt_2": 12, "pBeginMa_1": 4, "pDevelop_2": 45, "pProfMath5": 34, "pDistMath5": 16, "DevPlus__3": 70, "ProfPlus_3": 37, "pDevPlus_2": 96, "pProfPlu_2": 51, "NTestedE_2": 0, "BeginELA8_": 0, "DevelopELA": 0, "ProfELA8_C": 0, "DistELA8_C": 0, "NTestedM_2": 0, "BeginMath8": 0, "DevelopMat": 0, "ProfMath8_": 0, "DistMath8_": 0, "pBeginELA8": 0, "pDevelop_3": 0, "pProfELA8": 0, "pDistELA8": 0, "pBeginMa_2": 0, "pDevelop_4": 0, "pProfMath8": 0, "pDistMath8": 0, "DevPlusELA": 0, "ProfPlusEL": 0, "pDevPlus_3": 0, "pProfPlu_3": 0, "DevPlusMat": 0, "ProfPlusMa": 0, "pDevPlus_4": 0, "pProfPlu_4": 0, "NTestedAlg": 0, "Begin_CntA": 0, "Develop__4": 0, "Prof_CntAl": 0, "Dist_CntAl": 0, "pBeginAlge": 0, "pDevelopAl": 0, "pProfAlgeb": 0, "pDistAlgeb": 0, "DevPlus__4": 0, "ProfPlus_4": 0, "pDevPlusAl": 0, "pProfPlusA": 0, "NTestedAmL": 0, "Begin_Cn_3": 0, "Develop__5": 0, "Prof_CntAm": 0, "Dist_CntAm": 0, "pBeginAmLi": 0, "pDevelopAm": 0, "pProfAmLit": 0, "pDistAmLit": 0, "DevPlus__5": 0, "ProfPlus_5": 0, "pDevPlusAm": 0, "pProfPlu_5": 0, "NTestedAna": 0, "Begin_Cn_4": 0, "Develop__6": 0, "Prof_CntAn": 0, "Dist_CntAn": 0, "pBeginAnal": 0, "pDevelopAn": 0, "pProfAnalG": 0, "pDistAnalG": 0, "DevPlus__6": 0, "ProfPlus_6": 0, "pDevPlusAn": 0, "pProfPlu_6": 0, "NTestedBio": 0, "Begin_CntB": 0, "Develop__7": 0, "Prof_CntBi": 0, "Dist_CntBi": 0, "pBeginBiol": 0, "pDevelopBi": 0, "pProfBiolo": 0, "pDistBiolo": 0, "DevPlus__7": 0, "ProfPlus_7": 0, "pDevPlusBi": 0, "pProfPlusB": 0, "NTestedCoo": 0, "Begin_CntC": 0, "Develop__8": 0, "Prof_CntCo": 0, "Dist_CntCo": 0, "pBeginCoor": 0, "pDevelopCo": 0, "pProfCoord": 0, "pDistCoord": 0, "DevPlus__8": 0, "ProfPlus_8": 0, "pDevPlusCo": 0, "pProfPlusC": 0, "NTestedEco": 0, "Begin_Cn_5": 0, "Develop__9": 0, "Prof_CntEc": 0, "Dist_CntEc": 0, "pBeginEcon": 0, "pDevelopEc": 0, "pProfEcon": 0, "pDistEcon": 0, "DevPlus__9": 0, "ProfPlus_9": 0, "pDevPlusEc": 0, "pProfPlu_7": 0, "NTestedGeo": 0, "Begin_CntG": 0, "Develop_10": 0, "Prof_CntGe": 0, "Dist_CntGe": 0, "pBeginGeom": 0, "pDevelopGe": 0, "pProfGeome": 0, "pDistGeome": 0, "DevPlus_10": 0, "ProfPlus10": 0, "pDevPlusGe": 0, "pProfPlusG": 0, "NTestedLit": 0, "Begin_CntL": 0, "Develop_11": 0, "Prof_CntLi": 0, "Dist_CntLi": 0, "pBeginLit9": 0, "pDevelopLi": 0, "pProfLit9": 0, "pDistLit9": 0, "DevPlus_11": 0, "ProfPlus11": 0, "pDevPlusLi": 0, "pProfPlusL": 0, "NTestedPhy": 0, "Begin_CntP": 0, "Develop_12": 0, "Prof_CntPh": 0, "Dist_CntPh": 0, "pBeginPhys": 0, "pDevelopPh": 0, "pProfPhysS": 0, "pDistPhysS": 0, "DevPlus_12": 0, "ProfPlus12": 0, "pDevPlusPh": 0, "pProfPlusP": 0, "NTestedUSH": 0, "Begin_CntU": 0, "Develop_13": 0, "Prof_CntUS": 0, "Dist_CntUS": 0, "pBeginUSHi": 0, "pDevelopUS": 0, "pProfUSHis": 0, "pDistUSHis": 0, "DevPlus_13": 0, "ProfPlus13": 0, "pDevPlusUS": 0, "pProfPlusU": 0, "NDropout71": 0, "pNDropout7": 0, "Graduation": 0, "NUMBER_OF_": 0, "pHopeEligi": 0, "chENROLLME": 92, "pchENROLLM": 17.79, "chCCRPI": -11, "chpProfPlu": -19, "chpProfP_1": -8, "chpProfP_2": 25, "chpProfP_3": -4, "chpELA8": 0, "chpProfP_4": 0, "chpProfP_5": 0, "chpProfP_6": 0, "chpProfP_7": 0, "chpProfP_8": 0, "chpProfP_9": 0, "chpProfP10": 0, "chpProfP11": 0, "chpProfP12": 0, "chpProfP13": 0, "chpProfP14": 0, "GlobalID": "{52051E91-D18F-49C7-B95B-5E4B9F83FB97}", "created_us": "opendata@arc", "created_da": "2020-03-25T00:00:00Z", "last_edite": "opendata@arc", "last_edi_1": "2020-03-25T00:00:00Z" }, "geometry": { "type": "Point", "coordinates": [ -84.322015189878911, 33.874342464153663 ] } },
{ "type": "Feature", "properties": { "OBJECTID": 737, "SysSchool": 6443060, "GradeRange": "09-12", "SchoolAddr": "3801 Briarcliff Rd NE", "SchoolCity": "Atlanta", "STATE": "GA", "SchoolZipC": "30345-3856", "MailAddres": "3801 Briarcliff Rd NE", "MailCity": "Atlanta", "MailZipCod": "30345-3856", "PrincipalN": "Allen, Joy", "PrincipalE": "joy_t_allen@dekalbschoolsga.org", "SchoolPhon": "678.874.6702", "SchoolFax": "678.874.6710", "longitude": -84.284447, "latitude": 33.845278, "Year": 2019, "SchoolYear": "2018-19", "SystemID": 644, "SystemName": "DeKalb County", "SchoolID": 3060, "SchoolName": "Lakeside High School", "Type": "High School", "ENROLLMENT": 2119, "ENROLL_PER": 7, "ENROLL_P_1": 1, "ENROLL_P_2": 24, "ENROLL_P_3": 33, "ENROLL_P_4": 3, "ENROLL_P_5": 33, "ENROLL_P_6": 0, "ENROLL_P_7": 38, "ENROLL_P_8": 9, "ENROLL_P_9": 14, "ENROLL_PCT": 8, "ENROLL_P10": 32, "direct_cer": 14, "pAbsent0_5": 46, "pAbsent6_1": 36, "pAbsent16P": 18, "Churn": 13, "TeacherCou": 129, "AvgExp": 13, "pYrsLt1": 5, "pYears1_10": 44, "pYears11_2": 28, "pYears21_3": 19, "pYearsGt30": 3, "Debt": 0, "GenAdmin": 0, "Instructio": 5355, "Support": 0, "Ops": 333, "Media": 65, "PServices": 351, "Capital": 0, "SchoolAdmi": 629, "Food": 0, "Transport": 0, "TotalSpend": 6733, "CCRPI": 78, "ClimateSta": 3, "NTestedELA": 0, "Begin_CntE": 0, "Develop_Cn": 0, "Prof_CntEL": 0, "Dist_CntEL": 0, "pBeginELA3": 0, "pDevelopEL": 0, "pProfELA3": 0, "pDistELA3": 0, "DevPlus_Cn": 0, "ProfPlus_C": 0, "pDevPlusEL": 0, "pProfPlusE": 0, "NTestedE_1": 0, "Begin_Cn_1": 0, "Develop__1": 0, "Prof_Cnt_1": 0, "Dist_Cnt_1": 0, "pBeginELA5": 0, "pDevelop_1": 0, "pProfELA5": 0, "pDistELA5": 0, "DevPlus__1": 0, "ProfPlus_1": 0, "pDevPlus_1": 0, "pProfPlu_1": 0, "NTestedMat": 0, "Begin_CntM": 0, "Develop__2": 0, "Prof_CntMa": 0, "Dist_CntMa": 0, "pBeginMath": 0, "pDevelopMa": 0, "pProfMath3": 0, "pDistMath3": 0, "DevPlus__2": 0, "ProfPlus_2": 0, "pDevPlusMa": 0, "pProfPlusM": 0, "NTestedM_1": 0, "Begin_Cn_2": 0, "Develop__3": 0, "Prof_Cnt_2": 0, "Dist_Cnt_2": 0, "pBeginMa_1": 0, "pDevelop_2": 0, "pProfMath5": 0, "pDistMath5": 0, "DevPlus__3": 0, "ProfPlus_3": 0, "pDevPlus_2": 0, "pProfPlu_2": 0, "NTestedE_2": 0, "BeginELA8_": 0, "DevelopELA": 0, "ProfELA8_C": 0, "DistELA8_C": 0, "NTestedM_2": 0, "BeginMath8": 0, "DevelopMat": 0, "ProfMath8_": 0, "DistMath8_": 0, "pBeginELA8": 0, "pDevelop_3": 0, "pProfELA8": 0, "pDistELA8": 0, "pBeginMa_2": 0, "pDevelop_4": 0, "pProfMath8": 0, "pDistMath8": 0, "DevPlusELA": 0, "ProfPlusEL": 0, "pDevPlus_3": 0, "pProfPlu_3": 0, "DevPlusMat": 0, "ProfPlusMa": 0, "pDevPlus_4": 0, "pProfPlu_4": 0, "NTestedAlg": 3, "Begin_CntA": 0, "Develop__4": 0, "Prof_CntAl": 0, "Dist_CntAl": 0, "pBeginAlge": 0, "pDevelopAl": 0, "pProfAlgeb": 0, "pDistAlgeb": 0, "DevPlus__4": 0, "ProfPlus_4": 0, "pDevPlusAl": 0, "pProfPlusA": 0, "NTestedAmL": 488, "Begin_Cn_3": 69, "Develop__5": 141, "Prof_CntAm": 219, "Dist_CntAm": 59, "pBeginAmLi": 14, "pDevelopAm": 29, "pProfAmLit": 45, "pDistAmLit": 12, "DevPlus__5": 419, "ProfPlus_5": 278, "pDevPlusAm": 86, "pProfPlu_5": 57, "NTestedAna": 502, "Begin_Cn_4": 160, "Develop__6": 144, "Prof_CntAn": 126, "Dist_CntAn": 72, "pBeginAnal": 32, "pDevelopAn": 29, "pProfAnalG": 25, "pDistAnalG": 14, "DevPlus__6": 342, "ProfPlus_6": 198, "pDevPlusAn": 68, "pProfPlu_6": 39, "NTestedBio": 574, "Begin_CntB": 167, "Develop__7": 137, "Prof_CntBi": 175, "Dist_CntBi": 95, "pBeginBiol": 29, "pDevelopBi": 24, "pProfBiolo": 31, "pDistBiolo": 17, "DevPlus__7": 407, "ProfPlus_7": 270, "pDevPlusBi": 71, "pProfPlusB": 47, "NTestedCoo": 496, "Begin_CntC": 138, "Develop__8": 160, "Prof_CntCo": 173, "Dist_CntCo": 25, "pBeginCoor": 28, "pDevelopCo": 32, "pProfCoord": 35, "pDistCoord": 5, "DevPlus__8": 358, "ProfPlus_8": 198, "pDevPlusCo": 72, "pProfPlusC": 40, "NTestedEco": 427, "Begin_Cn_5": 90, "Develop__9": 95, "Prof_CntEc": 172, "Dist_CntEc": 70, "pBeginEcon": 21, "pDevelopEc": 22, "pProfEcon": 40, "pDistEcon": 16, "DevPlus__9": 337, "ProfPlus_9": 242, "pDevPlusEc": 79, "pProfPlu_7": 57, "NTestedGeo": 2, "Begin_CntG": 0, "Develop_10": 0, "Prof_CntGe": 0, "Dist_CntGe": 0, "pBeginGeom": 0, "pDevelopGe": 0, "pProfGeome": 0, "pDistGeome": 0, "DevPlus_10": 0, "ProfPlus10": 0, "pDevPlusGe": 0, "pProfPlusG": 0, "NTestedLit": 574, "Begin_CntL": 94, "Develop_11": 157, "Prof_CntLi": 238, "Dist_CntLi": 85, "pBeginLit9": 16, "pDevelopLi": 27, "pProfLit9": 42, "pDistLit9": 15, "DevPlus_11": 480, "ProfPlus11": 323, "pDevPlusLi": 84, "pProfPlusL": 56, "NTestedPhy": 248, "Begin_CntP": 161, "Develop_12": 56, "Prof_CntPh": 30, "Dist_CntPh": 1, "pBeginPhys": 65, "pDevelopPh": 23, "pProfPhysS": 12, "pDistPhysS": 0, "DevPlus_12": 87, "ProfPlus12": 31, "pDevPlusPh": 35, "pProfPlusP": 13, "NTestedUSH": 464, "Begin_CntU": 72, "Develop_13": 129, "Prof_CntUS": 175, "Dist_CntUS": 88, "pBeginUSHi": 16, "pDevelopUS": 28, "pProfUSHis": 38, "pDistUSHis": 19, "DevPlus_13": 392, "ProfPlus13": 263, "pDevPlusUS": 85, "pProfPlusU": 57, "NDropout71": 91, "pNDropout7": 4, "Graduation": 85, "NUMBER_OF_": 449, "pHopeEligi": 62, "chENROLLME": -14, "pchENROLLM": -0.65, "chCCRPI": -2, "chpProfPlu": 0, "chpProfP_1": 0, "chpProfP_2": 0, "chpProfP_3": 0, "chpELA8": 0, "chpProfP_4": 0, "chpProfP_5": 0, "chpProfP_6": 1, "chpProfP_7": -5, "chpProfP_8": 0, "chpProfP_9": 7, "chpProfP10": 6, "chpProfP11": 0, "chpProfP12": 9, "chpProfP13": 0, "chpProfP14": 1, "GlobalID": "{1EB38E95-768B-4D01-AAF8-8640C929FB7E}", "created_us": "opendata@arc", "created_da": "2020-03-25T00:00:00Z", "last_edite": "opendata@arc", "last_edi_1": "2020-03-25T00:00:00Z" }, "geometry": { "type": "Point", "coordinates": [ -84.284451177771032, 33.845284459353948 ] } },
{ "type": "Feature", "properties": { "OBJECTID": 738, "SysSchool": 6443063, "GradeRange": "PK-05", "SchoolAddr": "1857 Oak Grove Rd NE", "SchoolCity": "Atlanta", "STATE": "GA", "SchoolZipC": "30345-3838", "MailAddres": "1857 Oak Grove Rd NE", "MailCity": "Atlanta", "MailZipCod": "30345-3838", "PrincipalN": "Mauborgne, Lynda B.", "PrincipalE": "lynda_b_mauborgne@dekalbschoolsga.org", "SchoolPhon": "678.874.7402", "SchoolFax": "678.874.7410", "longitude": -84.288563, "latitude": 33.836528, "Year": 2019, "SchoolYear": "2018-19", "SystemID": 644, "SystemName": "DeKalb County", "SchoolID": 3063, "SchoolName": "Oak Grove Elementary School", "Type": "Elementary School", "ENROLLMENT": 476, "ENROLL_PER": 14, "ENROLL_P_1": 0, "ENROLL_P_2": 9, "ENROLL_P_3": 8, "ENROLL_P_4": 7, "ENROLL_P_5": 62, "ENROLL_P_6": 0, "ENROLL_P_7": 8, "ENROLL_P_8": 16, "ENROLL_P_9": 5, "ENROLL_PCT": 2, "ENROLL_P10": 29, "direct_cer": 4, "pAbsent0_5": 67, "pAbsent6_1": 29, "pAbsent16P": 3, "Churn": 3, "TeacherCou": 44, "AvgExp": 16, "pYrsLt1": 5, "pYears1_10": 36, "pYears11_2": 27, "pYears21_3": 25, "pYearsGt30": 7, "Debt": 0, "GenAdmin": 0, "Instructio": 7525, "Support": 0, "Ops": 211, "Media": 324, "PServices": 345, "Capital": 0, "SchoolAdmi": 725, "Food": 0, "Transport": 0, "TotalSpend": 9131, "CCRPI": 92, "ClimateSta": 4, "NTestedELA": 89, "Begin_CntE": 2, "Develop_Cn": 10, "Prof_CntEL": 25, "Dist_CntEL": 52, "pBeginELA3": 2, "pDevelopEL": 11, "pProfELA3": 28, "pDistELA3": 58, "DevPlus_Cn": 87, "ProfPlus_C": 77, "pDevPlusEL": 98, "pProfPlusE": 87, "NTestedE_1": 72, "Begin_Cn_1": 6, "Develop__1": 17, "Prof_Cnt_1": 32, "Dist_Cnt_1": 17, "pBeginELA5": 8, "pDevelop_1": 24, "pProfELA5": 44, "pDistELA5": 24, "DevPlus__1": 66, "ProfPlus_1": 49, "pDevPlus_1": 92, "pProfPlu_1": 68, "NTestedMat": 89, "Begin_CntM": 1, "Develop__2": 9, "Prof_CntMa": 39, "Dist_CntMa": 40, "pBeginMath": 1, "pDevelopMa": 10, "pProfMath3": 44, "pDistMath3": 45, "DevPlus__2": 88, "ProfPlus_2": 79, "pDevPlusMa": 99, "pProfPlusM": 89, "NTestedM_1": 72, "Begin_Cn_2": 6, "Develop__3": 23, "Prof_Cnt_2": 32, "Dist_Cnt_2": 11, "pBeginMa_1": 8, "pDevelop_2": 32, "pProfMath5": 44, "pDistMath5": 15, "DevPlus__3": 66, "ProfPlus_3": 43, "pDevPlus_2": 92, "pProfPlu_2": 60, "NTestedE_2": 0, "BeginELA8_": 0, "DevelopELA": 0, "ProfELA8_C": 0, "DistELA8_C": 0, "NTestedM_2": 0, "BeginMath8": 0, "DevelopMat": 0, "ProfMath8_": 0, "DistMath8_": 0, "pBeginELA8": 0, "pDevelop_3": 0, "pProfELA8": 0, "pDistELA8": 0, "pBeginMa_2": 0, "pDevelop_4": 0, "pProfMath8": 0, "pDistMath8": 0, "DevPlusELA": 0, "ProfPlusEL": 0, "pDevPlus_3": 0, "pProfPlu_3": 0, "DevPlusMat": 0, "ProfPlusMa": 0, "pDevPlus_4": 0, "pProfPlu_4": 0, "NTestedAlg": 0, "Begin_CntA": 0, "Develop__4": 0, "Prof_CntAl": 0, "Dist_CntAl": 0, "pBeginAlge": 0, "pDevelopAl": 0, "pProfAlgeb": 0, "pDistAlgeb": 0, "DevPlus__4": 0, "ProfPlus_4": 0, "pDevPlusAl": 0, "pProfPlusA": 0, "NTestedAmL": 0, "Begin_Cn_3": 0, "Develop__5": 0, "Prof_CntAm": 0, "Dist_CntAm": 0, "pBeginAmLi": 0, "pDevelopAm": 0, "pProfAmLit": 0, "pDistAmLit": 0, "DevPlus__5": 0, "ProfPlus_5": 0, "pDevPlusAm": 0, "pProfPlu_5": 0, "NTestedAna": 0, "Begin_Cn_4": 0, "Develop__6": 0, "Prof_CntAn": 0, "Dist_CntAn": 0, "pBeginAnal": 0, "pDevelopAn": 0, "pProfAnalG": 0, "pDistAnalG": 0, "DevPlus__6": 0, "ProfPlus_6": 0, "pDevPlusAn": 0, "pProfPlu_6": 0, "NTestedBio": 0, "Begin_CntB": 0, "Develop__7": 0, "Prof_CntBi": 0, "Dist_CntBi": 0, "pBeginBiol": 0, "pDevelopBi": 0, "pProfBiolo": 0, "pDistBiolo": 0, "DevPlus__7": 0, "ProfPlus_7": 0, "pDevPlusBi": 0, "pProfPlusB": 0, "NTestedCoo": 0, "Begin_CntC": 0, "Develop__8": 0, "Prof_CntCo": 0, "Dist_CntCo": 0, "pBeginCoor": 0, "pDevelopCo": 0, "pProfCoord": 0, "pDistCoord": 0, "DevPlus__8": 0, "ProfPlus_8": 0, "pDevPlusCo": 0, "pProfPlusC": 0, "NTestedEco": 0, "Begin_Cn_5": 0, "Develop__9": 0, "Prof_CntEc": 0, "Dist_CntEc": 0, "pBeginEcon": 0, "pDevelopEc": 0, "pProfEcon": 0, "pDistEcon": 0, "DevPlus__9": 0, "ProfPlus_9": 0, "pDevPlusEc": 0, "pProfPlu_7": 0, "NTestedGeo": 0, "Begin_CntG": 0, "Develop_10": 0, "Prof_CntGe": 0, "Dist_CntGe": 0, "pBeginGeom": 0, "pDevelopGe": 0, "pProfGeome": 0, "pDistGeome": 0, "DevPlus_10": 0, "ProfPlus10": 0, "pDevPlusGe": 0, "pProfPlusG": 0, "NTestedLit": 0, "Begin_CntL": 0, "Develop_11": 0, "Prof_CntLi": 0, "Dist_CntLi": 0, "pBeginLit9": 0, "pDevelopLi": 0, "pProfLit9": 0, "pDistLit9": 0, "DevPlus_11": 0, "ProfPlus11": 0, "pDevPlusLi": 0, "pProfPlusL": 0, "NTestedPhy": 0, "Begin_CntP": 0, "Develop_12": 0, "Prof_CntPh": 0, "Dist_CntPh": 0, "pBeginPhys": 0, "pDevelopPh": 0, "pProfPhysS": 0, "pDistPhysS": 0, "DevPlus_12": 0, "ProfPlus12": 0, "pDevPlusPh": 0, "pProfPlusP": 0, "NTestedUSH": 0, "Begin_CntU": 0, "Develop_13": 0, "Prof_CntUS": 0, "Dist_CntUS": 0, "pBeginUSHi": 0, "pDevelopUS": 0, "pProfUSHis": 0, "pDistUSHis": 0, "DevPlus_13": 0, "ProfPlus13": 0, "pDevPlusUS": 0, "pProfPlusU": 0, "NDropout71": 0, "pNDropout7": 0, "Graduation": 0, "NUMBER_OF_": 0, "pHopeEligi": 0, "chENROLLME": -82, "pchENROLLM": -14.69, "chCCRPI": 2, "chpProfPlu": 18, "chpProfP_1": 13, "chpProfP_2": -7, "chpProfP_3": -3, "chpELA8": 0, "chpProfP_4": 0, "chpProfP_5": 0, "chpProfP_6": 0, "chpProfP_7": 0, "chpProfP_8": 0, "chpProfP_9": 0, "chpProfP10": 0, "chpProfP11": 0, "chpProfP12": 0, "chpProfP13": 0, "chpProfP14": 0, "GlobalID": "{40D6DFA2-AC3A-4173-8509-812A4C171B83}", "created_us": "opendata@arc", "created_da": "2020-03-25T00:00:00Z", "last_edite": "opendata@arc", "last_edi_1": "2020-03-25T00:00:00Z" }, "geometry": { "type": "Point", "coordinates": [ -84.288567179351148, 33.836534457006351 ] } },
{ "type": "Feature", "properties": { "OBJECTID": 743, "SysSchool": 6443070, "GradeRange": "09-12", "SchoolAddr": "1804 Bouldercrest Rd SE", "SchoolCity": "Atlanta", "STATE": "GA", "SchoolZipC": "30316-3902", "MailAddres": "1804 Bouldercrest Rd SE", "MailCity": "Atlanta", "MailZipCod": "30316-3902", "PrincipalN": "Walker, Loukisha", "PrincipalE": "loukisha_t_walker@dekalbschoolsga.org", "SchoolPhon": "678.874.4902", "SchoolFax": "678.874.4910", "longitude": -84.326174, "latitude": 33.705069, "Year": 2019, "SchoolYear": "2018-19", "SystemID": 644, "SystemName": "DeKalb County", "SchoolID": 3070, "SchoolName": "McNair High School", "Type": "High School", "ENROLLMENT": 661, "ENROLL_PER": 0, "ENROLL_P_1": 1, "ENROLL_P_2": 93, "ENROLL_P_3": 3, "ENROLL_P_4": 2, "ENROLL_P_5": 1, "ENROLL_P_6": 0, "ENROLL_P_7": 100, "ENROLL_P_8": 16, "ENROLL_P_9": 3, "ENROLL_PCT": 0, "ENROLL_P10": 4, "direct_cer": 54, "pAbsent0_5": 31, "pAbsent6_1": 30, "pAbsent16P": 39, "Churn": 34, "TeacherCou": 49, "AvgExp": 11, "pYrsLt1": 6, "pYears1_10": 53, "pYears11_2": 25, "pYears21_3": 14, "pYearsGt30": 2, "Debt": 0, "GenAdmin": 0, "Instructio": 6669, "Support": 164, "Ops": 1091, "Media": 151, "PServices": 795, "Capital": 0, "SchoolAdmi": 1063, "Food": 0, "Transport": 0, "TotalSpend": 9933, "CCRPI": 61, "ClimateSta": 2, "NTestedELA": 0, "Begin_CntE": 0, "Develop_Cn": 0, "Prof_CntEL": 0, "Dist_CntEL": 0, "pBeginELA3": 0, "pDevelopEL": 0, "pProfELA3": 0, "pDistELA3": 0, "DevPlus_Cn": 0, "ProfPlus_C": 0, "pDevPlusEL": 0, "pProfPlusE": 0, "NTestedE_1": 0, "Begin_Cn_1": 0, "Develop__1": 0, "Prof_Cnt_1": 0, "Dist_Cnt_1": 0, "pBeginELA5": 0, "pDevelop_1": 0, "pProfELA5": 0, "pDistELA5": 0, "DevPlus__1": 0, "ProfPlus_1": 0, "pDevPlus_1": 0, "pProfPlu_1": 0, "NTestedMat": 0, "Begin_CntM": 0, "Develop__2": 0, "Prof_CntMa": 0, "Dist_CntMa": 0, "pBeginMath": 0, "pDevelopMa": 0, "pProfMath3": 0, "pDistMath3": 0, "DevPlus__2": 0, "ProfPlus_2": 0, "pDevPlusMa": 0, "pProfPlusM": 0, "NTestedM_1": 0, "Begin_Cn_2": 0, "Develop__3": 0, "Prof_Cnt_2": 0, "Dist_Cnt_2": 0, "pBeginMa_1": 0, "pDevelop_2": 0, "pProfMath5": 0, "pDistMath5": 0, "DevPlus__3": 0, "ProfPlus_3": 0, "pDevPlus_2": 0, "pProfPlu_2": 0, "NTestedE_2": 0, "BeginELA8_": 0, "DevelopELA": 0, "ProfELA8_C": 0, "DistELA8_C": 0, "NTestedM_2": 0, "BeginMath8": 0, "DevelopMat": 0, "ProfMath8_": 0, "DistMath8_": 0, "pBeginELA8": 0, "pDevelop_3": 0, "pProfELA8": 0, "pDistELA8": 0, "pBeginMa_2": 0, "pDevelop_4": 0, "pProfMath8": 0, "pDistMath8": 0, "DevPlusELA": 0, "ProfPlusEL": 0, "pDevPlus_3": 0, "pProfPlu_3": 0, "DevPlusMat": 0, "ProfPlusMa": 0, "pDevPlus_4": 0, "pProfPlu_4": 0, "NTestedAlg": 0, "Begin_CntA": 0, "Develop__4": 0, "Prof_CntAl": 0, "Dist_CntAl": 0, "pBeginAlge": 0, "pDevelopAl": 0, "pProfAlgeb": 0, "pDistAlgeb": 0, "DevPlus__4": 0, "ProfPlus_4": 0, "pDevPlusAl": 0, "pProfPlusA": 0, "NTestedAmL": 145, "Begin_Cn_3": 51, "Develop__5": 56, "Prof_CntAm": 34, "Dist_CntAm": 4, "pBeginAmLi": 35, "pDevelopAm": 39, "pProfAmLit": 23, "pDistAmLit": 3, "DevPlus__5": 94, "ProfPlus_5": 38, "pDevPlusAm": 65, "pProfPlu_5": 26, "NTestedAna": 172, "Begin_Cn_4": 111, "Develop__6": 46, "Prof_CntAn": 15, "Dist_CntAn": 0, "pBeginAnal": 65, "pDevelopAn": 27, "pProfAnalG": 9, "pDistAnalG": 0, "DevPlus__6": 61, "ProfPlus_6": 15, "pDevPlusAn": 35, "pProfPlu_6": 9, "NTestedBio": 151, "Begin_CntB": 86, "Develop__7": 45, "Prof_CntBi": 19, "Dist_CntBi": 1, "pBeginBiol": 57, "pDevelopBi": 30, "pProfBiolo": 13, "pDistBiolo": 1, "DevPlus__7": 65, "ProfPlus_7": 20, "pDevPlusBi": 43, "pProfPlusB": 13, "NTestedCoo": 187, "Begin_CntC": 111, "Develop__8": 70, "Prof_CntCo": 6, "Dist_CntCo": 0, "pBeginCoor": 59, "pDevelopCo": 37, "pProfCoord": 3, "pDistCoord": 0, "DevPlus__8": 76, "ProfPlus_8": 6, "pDevPlusCo": 41, "pProfPlusC": 3, "NTestedEco": 119, "Begin_Cn_5": 52, "Develop__9": 46, "Prof_CntEc": 19, "Dist_CntEc": 2, "pBeginEcon": 44, "pDevelopEc": 39, "pProfEcon": 16, "pDistEcon": 2, "DevPlus__9": 67, "ProfPlus_9": 21, "pDevPlusEc": 56, "pProfPlu_7": 18, "NTestedGeo": 0, "Begin_CntG": 0, "Develop_10": 0, "Prof_CntGe": 0, "Dist_CntGe": 0, "pBeginGeom": 0, "pDevelopGe": 0, "pProfGeome": 0, "pDistGeome": 0, "DevPlus_10": 0, "ProfPlus10": 0, "pDevPlusGe": 0, "pProfPlusG": 0, "NTestedLit": 198, "Begin_CntL": 85, "Develop_11": 62, "Prof_CntLi": 49, "Dist_CntLi": 2, "pBeginLit9": 43, "pDevelopLi": 31, "pProfLit9": 25, "pDistLit9": 1, "DevPlus_11": 113, "ProfPlus11": 51, "pDevPlusLi": 57, "pProfPlusL": 26, "NTestedPhy": 0, "Begin_CntP": 0, "Develop_12": 0, "Prof_CntPh": 0, "Dist_CntPh": 0, "pBeginPhys": 0, "pDevelopPh": 0, "pProfPhysS": 0, "pDistPhysS": 0, "DevPlus_12": 0, "ProfPlus12": 0, "pDevPlusPh": 0, "pProfPlusP": 0, "NTestedUSH": 118, "Begin_CntU": 50, "Develop_13": 34, "Prof_CntUS": 26, "Dist_CntUS": 8, "pBeginUSHi": 42, "pDevelopUS": 29, "pProfUSHis": 22, "pDistUSHis": 7, "DevPlus_13": 68, "ProfPlus13": 34, "pDevPlusUS": 58, "pProfPlusU": 29, "NDropout71": 74, "pNDropout7": 9, "Graduation": 71, "NUMBER_OF_": 114, "pHopeEligi": 20, "chENROLLME": -134, "pchENROLLM": -16.85, "chCCRPI": 3, "chpProfPlu": 0, "chpProfP_1": 0, "chpProfP_2": 0, "chpProfP_3": 0, "chpELA8": 0, "chpProfP_4": 0, "chpProfP_5": 0, "chpProfP_6": 15, "chpProfP_7": 2, "chpProfP_8": 0, "chpProfP_9": -1, "chpProfP10": -16, "chpProfP11": 0, "chpProfP12": 15, "chpProfP13": 0, "chpProfP14": 15, "GlobalID": "{9F20FF5D-475A-4427-A043-7C8C87C23DED}", "created_us": "opendata@arc", "created_da": "2020-03-25T00:00:00Z", "last_edite": "opendata@arc", "last_edi_1": "2020-03-25T00:00:00Z" }, "geometry": { "type": "Point", "coordinates": [ -84.326178183229828, 33.705075427039809 ] } },
{ "type": "Feature", "properties": { "OBJECTID": 744, "SysSchool": 6444051, "GradeRange": "PK-05", "SchoolAddr": "1131 Briar Vista Ter NE", "SchoolCity": "Atlanta", "STATE": "GA", "SchoolZipC": "30324-4603", "MailAddres": "1131 Briar Vista Ter NE", "MailCity": "Atlanta", "MailZipCod": "30324-4603", "PrincipalN": "Neill, Cammie", "PrincipalE": "cammie_a_neill@dekalbschoolsga.org", "SchoolPhon": "678.874.5902", "SchoolFax": "678.874.5910", "longitude": -84.338143, "latitude": 33.810112, "Year": 2019, "SchoolYear": "2018-19", "SystemID": 644, "SystemName": "DeKalb County", "SchoolID": 4051, "SchoolName": "Briar Vista Elementary School", "Type": "Elementary School", "ENROLLMENT": 431, "ENROLL_PER": 9, "ENROLL_P_1": 0, "ENROLL_P_2": 35, "ENROLL_P_3": 36, "ENROLL_P_4": 2, "ENROLL_P_5": 18, "ENROLL_P_6": 0, "ENROLL_P_7": 45, "ENROLL_P_8": 10, "ENROLL_P_9": 33, "ENROLL_PCT": 27, "ENROLL_P10": 5, "direct_cer": 23, "pAbsent0_5": 56, "pAbsent6_1": 37, "pAbsent16P": 8, "Churn": 20, "TeacherCou": 44, "AvgExp": 11, "pYrsLt1": 11, "pYears1_10": 48, "pYears11_2": 18, "pYears21_3": 16, "pYearsGt30": 7, "Debt": 0, "GenAdmin": 0, "Instructio": 8354, "Support": 0, "Ops": 324, "Media": 251, "PServices": 572, "Capital": 0, "SchoolAdmi": 801, "Food": 0, "Transport": 0, "TotalSpend": 10301, "CCRPI": 86, "ClimateSta": 5, "NTestedELA": 62, "Begin_CntE": 17, "Develop_Cn": 20, "Prof_CntEL": 21, "Dist_CntEL": 4, "pBeginELA3": 27, "pDevelopEL": 32, "pProfELA3": 34, "pDistELA3": 7, "DevPlus_Cn": 45, "ProfPlus_C": 25, "pDevPlusEL": 73, "pProfPlusE": 40, "NTestedE_1": 54, "Begin_Cn_1": 7, "Develop__1": 17, "Prof_Cnt_1": 24, "Dist_Cnt_1": 6, "pBeginELA5": 13, "pDevelop_1": 32, "pProfELA5": 44, "pDistELA5": 11, "DevPlus__1": 47, "ProfPlus_1": 30, "pDevPlus_1": 87, "pProfPlu_1": 56, "NTestedMat": 62, "Begin_CntM": 14, "Develop__2": 24, "Prof_CntMa": 21, "Dist_CntMa": 3, "pBeginMath": 23, "pDevelopMa": 39, "pProfMath3": 34, "pDistMath3": 5, "DevPlus__2": 48, "ProfPlus_2": 24, "pDevPlusMa": 77, "pProfPlusM": 39, "NTestedM_1": 55, "Begin_Cn_2": 6, "Develop__3": 20, "Prof_Cnt_2": 23, "Dist_Cnt_2": 6, "pBeginMa_1": 11, "pDevelop_2": 36, "pProfMath5": 42, "pDistMath5": 11, "DevPlus__3": 49, "ProfPlus_3": 29, "pDevPlus_2": 89, "pProfPlu_2": 53, "NTestedE_2": 0, "BeginELA8_": 0, "DevelopELA": 0, "ProfELA8_C": 0, "DistELA8_C": 0, "NTestedM_2": 0, "BeginMath8": 0, "DevelopMat": 0, "ProfMath8_": 0, "DistMath8_": 0, "pBeginELA8": 0, "pDevelop_3": 0, "pProfELA8": 0, "pDistELA8": 0, "pBeginMa_2": 0, "pDevelop_4": 0, "pProfMath8": 0, "pDistMath8": 0, "DevPlusELA": 0, "ProfPlusEL": 0, "pDevPlus_3": 0, "pProfPlu_3": 0, "DevPlusMat": 0, "ProfPlusMa": 0, "pDevPlus_4": 0, "pProfPlu_4": 0, "NTestedAlg": 0, "Begin_CntA": 0, "Develop__4": 0, "Prof_CntAl": 0, "Dist_CntAl": 0, "pBeginAlge": 0, "pDevelopAl": 0, "pProfAlgeb": 0, "pDistAlgeb": 0, "DevPlus__4": 0, "ProfPlus_4": 0, "pDevPlusAl": 0, "pProfPlusA": 0, "NTestedAmL": 0, "Begin_Cn_3": 0, "Develop__5": 0, "Prof_CntAm": 0, "Dist_CntAm": 0, "pBeginAmLi": 0, "pDevelopAm": 0, "pProfAmLit": 0, "pDistAmLit": 0, "DevPlus__5": 0, "ProfPlus_5": 0, "pDevPlusAm": 0, "pProfPlu_5": 0, "NTestedAna": 0, "Begin_Cn_4": 0, "Develop__6": 0, "Prof_CntAn": 0, "Dist_CntAn": 0, "pBeginAnal": 0, "pDevelopAn": 0, "pProfAnalG": 0, "pDistAnalG": 0, "DevPlus__6": 0, "ProfPlus_6": 0, "pDevPlusAn": 0, "pProfPlu_6": 0, "NTestedBio": 0, "Begin_CntB": 0, "Develop__7": 0, "Prof_CntBi": 0, "Dist_CntBi": 0, "pBeginBiol": 0, "pDevelopBi": 0, "pProfBiolo": 0, "pDistBiolo": 0, "DevPlus__7": 0, "ProfPlus_7": 0, "pDevPlusBi": 0, "pProfPlusB": 0, "NTestedCoo": 0, "Begin_CntC": 0, "Develop__8": 0, "Prof_CntCo": 0, "Dist_CntCo": 0, "pBeginCoor": 0, "pDevelopCo": 0, "pProfCoord": 0, "pDistCoord": 0, "DevPlus__8": 0, "ProfPlus_8": 0, "pDevPlusCo": 0, "pProfPlusC": 0, "NTestedEco": 0, "Begin_Cn_5": 0, "Develop__9": 0, "Prof_CntEc": 0, "Dist_CntEc": 0, "pBeginEcon": 0, "pDevelopEc": 0, "pProfEcon": 0, "pDistEcon": 0, "DevPlus__9": 0, "ProfPlus_9": 0, "pDevPlusEc": 0, "pProfPlu_7": 0, "NTestedGeo": 0, "Begin_CntG": 0, "Develop_10": 0, "Prof_CntGe": 0, "Dist_CntGe": 0, "pBeginGeom": 0, "pDevelopGe": 0, "pProfGeome": 0, "pDistGeome": 0, "DevPlus_10": 0, "ProfPlus10": 0, "pDevPlusGe": 0, "pProfPlusG": 0, "NTestedLit": 0, "Begin_CntL": 0, "Develop_11": 0, "Prof_CntLi": 0, "Dist_CntLi": 0, "pBeginLit9": 0, "pDevelopLi": 0, "pProfLit9": 0, "pDistLit9": 0, "DevPlus_11": 0, "ProfPlus11": 0, "pDevPlusLi": 0, "pProfPlusL": 0, "NTestedPhy": 0, "Begin_CntP": 0, "Develop_12": 0, "Prof_CntPh": 0, "Dist_CntPh": 0, "pBeginPhys": 0, "pDevelopPh": 0, "pProfPhysS": 0, "pDistPhysS": 0, "DevPlus_12": 0, "ProfPlus12": 0, "pDevPlusPh": 0, "pProfPlusP": 0, "NTestedUSH": 0, "Begin_CntU": 0, "Develop_13": 0, "Prof_CntUS": 0, "Dist_CntUS": 0, "pBeginUSHi": 0, "pDevelopUS": 0, "pProfUSHis": 0, "pDistUSHis": 0, "DevPlus_13": 0, "ProfPlus13": 0, "pDevPlusUS": 0, "pProfPlusU": 0, "NDropout71": 0, "pNDropout7": 0, "Graduation": 0, "NUMBER_OF_": 0, "pHopeEligi": 0, "chENROLLME": -15, "pchENROLLM": -3.36, "chCCRPI": 11, "chpProfPlu": 5, "chpProfP_1": -4, "chpProfP_2": 32, "chpProfP_3": 42, "chpELA8": 0, "chpProfP_4": 0, "chpProfP_5": 0, "chpProfP_6": 0, "chpProfP_7": 0, "chpProfP_8": 0, "chpProfP_9": 0, "chpProfP10": 0, "chpProfP11": 0, "chpProfP12": 0, "chpProfP13": 0, "chpProfP14": 0, "GlobalID": "{1DEDCDA4-4023-4F6D-8B81-8A74ABE36594}", "created_us": "opendata@arc", "created_da": "2020-03-25T00:00:00Z", "last_edite": "opendata@arc", "last_edi_1": "2020-03-25T00:00:00Z" }, "geometry": { "type": "Point", "coordinates": [ -84.338147192344991, 33.810118448988405 ] } },
{ "type": "Feature", "properties": { "OBJECTID": 762, "SysSchool": 6445057, "GradeRange": "PK-05", "SchoolAddr": "2535 Caladium Dr NE", "SchoolCity": "Atlanta", "STATE": "GA", "SchoolZipC": "30345-2009", "MailAddres": "2535 Caladium Dr NE", "MailCity": "Atlanta", "MailZipCod": "30345-2009", "PrincipalN": "Limoncelli, Lisa", "PrincipalE": "lisa_m_limoncelli@dekalbschoolsga.org", "SchoolPhon": "678.874.2802", "SchoolFax": "678.874.2810", "longitude": -84.273091, "latitude": 33.860122, "Year": 2019, "SchoolYear": "2018-19", "SystemID": 644, "SystemName": "DeKalb County", "SchoolID": 5057, "SchoolName": "Hawthorne Elementary School", "Type": "Elementary School", "ENROLLMENT": 358, "ENROLL_PER": 1, "ENROLL_P_1": 0, "ENROLL_P_2": 30, "ENROLL_P_3": 41, "ENROLL_P_4": 4, "ENROLL_P_5": 24, "ENROLL_P_6": 0, "ENROLL_P_7": 59, "ENROLL_P_8": 18, "ENROLL_P_9": 30, "ENROLL_PCT": 23, "ENROLL_P10": 7, "direct_cer": 29, "pAbsent0_5": 55, "pAbsent6_1": 34, "pAbsent16P": 12, "Churn": 14, "TeacherCou": 41, "AvgExp": 12, "pYrsLt1": 7, "pYears1_10": 54, "pYears11_2": 20, "pYears21_3": 12, "pYearsGt30": 7, "Debt": 0, "GenAdmin": 0, "Instructio": 10061, "Support": 0, "Ops": 328, "Media": 281, "PServices": 793, "Capital": 0, "SchoolAdmi": 1036, "Food": 0, "Transport": 0, "TotalSpend": 12498, "CCRPI": 74, "ClimateSta": 4, "NTestedELA": 57, "Begin_CntE": 14, "Develop_Cn": 24, "Prof_CntEL": 14, "Dist_CntEL": 5, "pBeginELA3": 25, "pDevelopEL": 42, "pProfELA3": 25, "pDistELA3": 9, "DevPlus_Cn": 43, "ProfPlus_C": 19, "pDevPlusEL": 76, "pProfPlusE": 33, "NTestedE_1": 61, "Begin_Cn_1": 21, "Develop__1": 16, "Prof_Cnt_1": 20, "Dist_Cnt_1": 4, "pBeginELA5": 34, "pDevelop_1": 26, "pProfELA5": 33, "pDistELA5": 7, "DevPlus__1": 40, "ProfPlus_1": 24, "pDevPlus_1": 66, "pProfPlu_1": 39, "NTestedMat": 57, "Begin_CntM": 11, "Develop__2": 15, "Prof_CntMa": 27, "Dist_CntMa": 4, "pBeginMath": 19, "pDevelopMa": 26, "pProfMath3": 47, "pDistMath3": 7, "DevPlus__2": 46, "ProfPlus_2": 31, "pDevPlusMa": 81, "pProfPlusM": 54, "NTestedM_1": 61, "Begin_Cn_2": 23, "Develop__3": 22, "Prof_Cnt_2": 12, "Dist_Cnt_2": 4, "pBeginMa_1": 38, "pDevelop_2": 36, "pProfMath5": 20, "pDistMath5": 7, "DevPlus__3": 38, "ProfPlus_3": 16, "pDevPlus_2": 62, "pProfPlu_2": 26, "NTestedE_2": 0, "BeginELA8_": 0, "DevelopELA": 0, "ProfELA8_C": 0, "DistELA8_C": 0, "NTestedM_2": 0, "BeginMath8": 0, "DevelopMat": 0, "ProfMath8_": 0, "DistMath8_": 0, "pBeginELA8": 0, "pDevelop_3": 0, "pProfELA8": 0, "pDistELA8": 0, "pBeginMa_2": 0, "pDevelop_4": 0, "pProfMath8": 0, "pDistMath8": 0, "DevPlusELA": 0, "ProfPlusEL": 0, "pDevPlus_3": 0, "pProfPlu_3": 0, "DevPlusMat": 0, "ProfPlusMa": 0, "pDevPlus_4": 0, "pProfPlu_4": 0, "NTestedAlg": 0, "Begin_CntA": 0, "Develop__4": 0, "Prof_CntAl": 0, "Dist_CntAl": 0, "pBeginAlge": 0, "pDevelopAl": 0, "pProfAlgeb": 0, "pDistAlgeb": 0, "DevPlus__4": 0, "ProfPlus_4": 0, "pDevPlusAl": 0, "pProfPlusA": 0, "NTestedAmL": 0, "Begin_Cn_3": 0, "Develop__5": 0, "Prof_CntAm": 0, "Dist_CntAm": 0, "pBeginAmLi": 0, "pDevelopAm": 0, "pProfAmLit": 0, "pDistAmLit": 0, "DevPlus__5": 0, "ProfPlus_5": 0, "pDevPlusAm": 0, "pProfPlu_5": 0, "NTestedAna": 0, "Begin_Cn_4": 0, "Develop__6": 0, "Prof_CntAn": 0, "Dist_CntAn": 0, "pBeginAnal": 0, "pDevelopAn": 0, "pProfAnalG": 0, "pDistAnalG": 0, "DevPlus__6": 0, "ProfPlus_6": 0, "pDevPlusAn": 0, "pProfPlu_6": 0, "NTestedBio": 0, "Begin_CntB": 0, "Develop__7": 0, "Prof_CntBi": 0, "Dist_CntBi": 0, "pBeginBiol": 0, "pDevelopBi": 0, "pProfBiolo": 0, "pDistBiolo": 0, "DevPlus__7": 0, "ProfPlus_7": 0, "pDevPlusBi": 0, "pProfPlusB": 0, "NTestedCoo": 0, "Begin_CntC": 0, "Develop__8": 0, "Prof_CntCo": 0, "Dist_CntCo": 0, "pBeginCoor": 0, "pDevelopCo": 0, "pProfCoord": 0, "pDistCoord": 0, "DevPlus__8": 0, "ProfPlus_8": 0, "pDevPlusCo": 0, "pProfPlusC": 0, "NTestedEco": 0, "Begin_Cn_5": 0, "Develop__9": 0, "Prof_CntEc": 0, "Dist_CntEc": 0, "pBeginEcon": 0, "pDevelopEc": 0, "pProfEcon": 0, "pDistEcon": 0, "DevPlus__9": 0, "ProfPlus_9": 0, "pDevPlusEc": 0, "pProfPlu_7": 0, "NTestedGeo": 0, "Begin_CntG": 0, "Develop_10": 0, "Prof_CntGe": 0, "Dist_CntGe": 0, "pBeginGeom": 0, "pDevelopGe": 0, "pProfGeome": 0, "pDistGeome": 0, "DevPlus_10": 0, "ProfPlus10": 0, "pDevPlusGe": 0, "pProfPlusG": 0, "NTestedLit": 0, "Begin_CntL": 0, "Develop_11": 0, "Prof_CntLi": 0, "Dist_CntLi": 0, "pBeginLit9": 0, "pDevelopLi": 0, "pProfLit9": 0, "pDistLit9": 0, "DevPlus_11": 0, "ProfPlus11": 0, "pDevPlusLi": 0, "pProfPlusL": 0, "NTestedPhy": 0, "Begin_CntP": 0, "Develop_12": 0, "Prof_CntPh": 0, "Dist_CntPh": 0, "pBeginPhys": 0, "pDevelopPh": 0, "pProfPhysS": 0, "pDistPhysS": 0, "DevPlus_12": 0, "ProfPlus12": 0, "pDevPlusPh": 0, "pProfPlusP": 0, "NTestedUSH": 0, "Begin_CntU": 0, "Develop_13": 0, "Prof_CntUS": 0, "Dist_CntUS": 0, "pBeginUSHi": 0, "pDevelopUS": 0, "pProfUSHis": 0, "pDistUSHis": 0, "DevPlus_13": 0, "ProfPlus13": 0, "pDevPlusUS": 0, "pProfPlusU": 0, "NDropout71": 0, "pNDropout7": 0, "Graduation": 0, "NUMBER_OF_": 0, "pHopeEligi": 0, "chENROLLME": -74, "pchENROLLM": -17.12, "chCCRPI": 5, "chpProfPlu": -3, "chpProfP_1": 22, "chpProfP_2": -9, "chpProfP_3": -2, "chpELA8": 0, "chpProfP_4": 0, "chpProfP_5": 0, "chpProfP_6": 0, "chpProfP_7": 0, "chpProfP_8": 0, "chpProfP_9": 0, "chpProfP10": 0, "chpProfP11": 0, "chpProfP12": 0, "chpProfP13": 0, "chpProfP14": 0, "GlobalID": "{A15A2AD1-535C-4DE2-9781-D29FD2ACB4AA}", "created_us": "opendata@arc", "created_da": "2020-03-25T00:00:00Z", "last_edite": "opendata@arc", "last_edi_1": "2020-03-25T00:00:00Z" }, "geometry": { "type": "Point", "coordinates": [ -84.273095176310818, 33.860128462275448 ] } },
{ "type": "Feature", "properties": { "OBJECTID": 767, "SysSchool": 6445065, "GradeRange": "PK-05", "SchoolAddr": "1865 Alderbrook Rd NE", "SchoolCity": "Atlanta", "STATE": "GA", "SchoolZipC": "30345-4105", "MailAddres": "1865 Alderbrook Rd NE", "MailCity": "Atlanta", "MailZipCod": "30345-4105", "PrincipalN": "Taylor, Julie", "PrincipalE": "julie_m_taylor@dekalbschoolsga.org", "SchoolPhon": "678.874.7502", "SchoolFax": "678.874.7510", "longitude": -84.304423, "latitude": 33.833049, "Year": 2019, "SchoolYear": "2018-19", "SystemID": 644, "SystemName": "DeKalb County", "SchoolID": 5065, "SchoolName": "Sagamore Hills Elementary School", "Type": "Elementary School", "ENROLLMENT": 404, "ENROLL_PER": 4, "ENROLL_P_1": 0, "ENROLL_P_2": 18, "ENROLL_P_3": 20, "ENROLL_P_4": 6, "ENROLL_P_5": 51, "ENROLL_P_6": 0, "ENROLL_P_7": 26, "ENROLL_P_8": 15, "ENROLL_P_9": 11, "ENROLL_PCT": 9, "ENROLL_P10": 19, "direct_cer": 15, "pAbsent0_5": 51, "pAbsent6_1": 41, "pAbsent16P": 8, "Churn": 6, "TeacherCou": 38, "AvgExp": 12, "pYrsLt1": 5, "pYears1_10": 53, "pYears11_2": 18, "pYears21_3": 21, "pYearsGt30": 3, "Debt": 0, "GenAdmin": 0, "Instructio": 7080, "Support": 2, "Ops": 253, "Media": 258, "PServices": 380, "Capital": 0, "SchoolAdmi": 946, "Food": 0, "Transport": 0, "TotalSpend": 8920, "CCRPI": 84, "ClimateSta": 3, "NTestedELA": 68, "Begin_CntE": 12, "Develop_Cn": 15, "Prof_CntEL": 22, "Dist_CntEL": 19, "pBeginELA3": 18, "pDevelopEL": 22, "pProfELA3": 32, "pDistELA3": 28, "DevPlus_Cn": 56, "ProfPlus_C": 41, "pDevPlusEL": 82, "pProfPlusE": 60, "NTestedE_1": 60, "Begin_Cn_1": 10, "Develop__1": 18, "Prof_Cnt_1": 20, "Dist_Cnt_1": 12, "pBeginELA5": 17, "pDevelop_1": 30, "pProfELA5": 33, "pDistELA5": 20, "DevPlus__1": 50, "ProfPlus_1": 32, "pDevPlus_1": 83, "pProfPlu_1": 53, "NTestedMat": 68, "Begin_CntM": 11, "Develop__2": 12, "Prof_CntMa": 23, "Dist_CntMa": 22, "pBeginMath": 16, "pDevelopMa": 18, "pProfMath3": 34, "pDistMath3": 32, "DevPlus__2": 57, "ProfPlus_2": 45, "pDevPlusMa": 84, "pProfPlusM": 66, "NTestedM_1": 60, "Begin_Cn_2": 14, "Develop__3": 16, "Prof_Cnt_2": 20, "Dist_Cnt_2": 10, "pBeginMa_1": 23, "pDevelop_2": 27, "pProfMath5": 33, "pDistMath5": 17, "DevPlus__3": 46, "ProfPlus_3": 30, "pDevPlus_2": 77, "pProfPlu_2": 50, "NTestedE_2": 0, "BeginELA8_": 0, "DevelopELA": 0, "ProfELA8_C": 0, "DistELA8_C": 0, "NTestedM_2": 0, "BeginMath8": 0, "DevelopMat": 0, "ProfMath8_": 0, "DistMath8_": 0, "pBeginELA8": 0, "pDevelop_3": 0, "pProfELA8": 0, "pDistELA8": 0, "pBeginMa_2": 0, "pDevelop_4": 0, "pProfMath8": 0, "pDistMath8": 0, "DevPlusELA": 0, "ProfPlusEL": 0, "pDevPlus_3": 0, "pProfPlu_3": 0, "DevPlusMat": 0, "ProfPlusMa": 0, "pDevPlus_4": 0, "pProfPlu_4": 0, "NTestedAlg": 0, "Begin_CntA": 0, "Develop__4": 0, "Prof_CntAl": 0, "Dist_CntAl": 0, "pBeginAlge": 0, "pDevelopAl": 0, "pProfAlgeb": 0, "pDistAlgeb": 0, "DevPlus__4": 0, "ProfPlus_4": 0, "pDevPlusAl": 0, "pProfPlusA": 0, "NTestedAmL": 0, "Begin_Cn_3": 0, "Develop__5": 0, "Prof_CntAm": 0, "Dist_CntAm": 0, "pBeginAmLi": 0, "pDevelopAm": 0, "pProfAmLit": 0, "pDistAmLit": 0, "DevPlus__5": 0, "ProfPlus_5": 0, "pDevPlusAm": 0, "pProfPlu_5": 0, "NTestedAna": 0, "Begin_Cn_4": 0, "Develop__6": 0, "Prof_CntAn": 0, "Dist_CntAn": 0, "pBeginAnal": 0, "pDevelopAn": 0, "pProfAnalG": 0, "pDistAnalG": 0, "DevPlus__6": 0, "ProfPlus_6": 0, "pDevPlusAn": 0, "pProfPlu_6": 0, "NTestedBio": 0, "Begin_CntB": 0, "Develop__7": 0, "Prof_CntBi": 0, "Dist_CntBi": 0, "pBeginBiol": 0, "pDevelopBi": 0, "pProfBiolo": 0, "pDistBiolo": 0, "DevPlus__7": 0, "ProfPlus_7": 0, "pDevPlusBi": 0, "pProfPlusB": 0, "NTestedCoo": 0, "Begin_CntC": 0, "Develop__8": 0, "Prof_CntCo": 0, "Dist_CntCo": 0, "pBeginCoor": 0, "pDevelopCo": 0, "pProfCoord": 0, "pDistCoord": 0, "DevPlus__8": 0, "ProfPlus_8": 0, "pDevPlusCo": 0, "pProfPlusC": 0, "NTestedEco": 0, "Begin_Cn_5": 0, "Develop__9": 0, "Prof_CntEc": 0, "Dist_CntEc": 0, "pBeginEcon": 0, "pDevelopEc": 0, "pProfEcon": 0, "pDistEcon": 0, "DevPlus__9": 0, "ProfPlus_9": 0, "pDevPlusEc": 0, "pProfPlu_7": 0, "NTestedGeo": 0, "Begin_CntG": 0, "Develop_10": 0, "Prof_CntGe": 0, "Dist_CntGe": 0, "pBeginGeom": 0, "pDevelopGe": 0, "pProfGeome": 0, "pDistGeome": 0, "DevPlus_10": 0, "ProfPlus10": 0, "pDevPlusGe": 0, "pProfPlusG": 0, "NTestedLit": 0, "Begin_CntL": 0, "Develop_11": 0, "Prof_CntLi": 0, "Dist_CntLi": 0, "pBeginLit9": 0, "pDevelopLi": 0, "pProfLit9": 0, "pDistLit9": 0, "DevPlus_11": 0, "ProfPlus11": 0, "pDevPlusLi": 0, "pProfPlusL": 0, "NTestedPhy": 0, "Begin_CntP": 0, "Develop_12": 0, "Prof_CntPh": 0, "Dist_CntPh": 0, "pBeginPhys": 0, "pDevelopPh": 0, "pProfPhysS": 0, "pDistPhysS": 0, "DevPlus_12": 0, "ProfPlus12": 0, "pDevPlusPh": 0, "pProfPlusP": 0, "NTestedUSH": 0, "Begin_CntU": 0, "Develop_13": 0, "Prof_CntUS": 0, "Dist_CntUS": 0, "pBeginUSHi": 0, "pDevelopUS": 0, "pProfUSHis": 0, "pDistUSHis": 0, "DevPlus_13": 0, "ProfPlus13": 0, "pDevPlusUS": 0, "pProfPlusU": 0, "NDropout71": 0, "pNDropout7": 0, "Graduation": 0, "NUMBER_OF_": 0, "pHopeEligi": 0, "chENROLLME": 62, "pchENROLLM": 18.12, "chCCRPI": 7, "chpProfPlu": 0, "chpProfP_1": 5, "chpProfP_2": 0, "chpProfP_3": 4, "chpELA8": 0, "chpProfP_4": 0, "chpProfP_5": 0, "chpProfP_6": 0, "chpProfP_7": 0, "chpProfP_8": 0, "chpProfP_9": 0, "chpProfP10": 0, "chpProfP11": 0, "chpProfP12": 0, "chpProfP13": 0, "chpProfP14": 0, "GlobalID": "{BDD097F8-375F-41A5-86DF-81AEA272F6E8}", "created_us": "opendata@arc", "created_da": "2020-03-25T00:00:00Z", "last_edite": "opendata@arc", "last_edi_1": "2020-03-25T00:00:00Z" }, "geometry": { "type": "Point", "coordinates": [ -84.304427182728972, 33.833055455283798 ] } },
{ "type": "Feature", "properties": { "OBJECTID": 961, "SysSchool": 6600104, "GradeRange": "PK-05", "SchoolAddr": "130 W Spalding Dr", "SchoolCity": "Atlanta", "STATE": "GA", "SchoolZipC": "30328-1913", "MailAddres": "130 W Spalding Dr", "MailCity": "Atlanta", "MailZipCod": "30328-1913", "PrincipalN": "Johnson, Lynn", "PrincipalE": " ", "SchoolPhon": "470.254.5880", "SchoolFax": "770.673.4070", "longitude": -84.382451, "latitude": 33.950731, "Year": 2019, "SchoolYear": "2018-19", "SystemID": 660, "SystemName": "Fulton County", "SchoolID": 104, "SchoolName": "Spalding Drive Elementary", "Type": "Elementary School", "ENROLLMENT": 376, "ENROLL_PER": 10, "ENROLL_P_1": 0, "ENROLL_P_2": 19, "ENROLL_P_3": 18, "ENROLL_P_4": 6, "ENROLL_P_5": 46, "ENROLL_P_6": 0, "ENROLL_P_7": 23, "ENROLL_P_8": 11, "ENROLL_P_9": 13, "ENROLL_PCT": 9, "ENROLL_P10": 6, "direct_cer": 14, "pAbsent0_5": 62, "pAbsent6_1": 33, "pAbsent16P": 5, "Churn": 17, "TeacherCou": 36, "AvgExp": 8, "pYrsLt1": 11, "pYears1_10": 56, "pYears11_2": 22, "pYears21_3": 11, "pYearsGt30": 0, "Debt": 0, "GenAdmin": 0, "Instructio": 7728, "Support": 275, "Ops": 677, "Media": 426, "PServices": 641, "Capital": 0, "SchoolAdmi": 1097, "Food": 0, "Transport": 17, "TotalSpend": 10859, "CCRPI": 90, "ClimateSta": 4, "NTestedELA": 69, "Begin_CntE": 8, "Develop_Cn": 15, "Prof_CntEL": 20, "Dist_CntEL": 26, "pBeginELA3": 12, "pDevelopEL": 22, "pProfELA3": 29, "pDistELA3": 38, "DevPlus_Cn": 61, "ProfPlus_C": 46, "pDevPlusEL": 88, "pProfPlusE": 67, "NTestedE_1": 53, "Begin_Cn_1": 3, "Develop__1": 14, "Prof_Cnt_1": 22, "Dist_Cnt_1": 14, "pBeginELA5": 6, "pDevelop_1": 26, "pProfELA5": 42, "pDistELA5": 26, "DevPlus__1": 50, "ProfPlus_1": 36, "pDevPlus_1": 94, "pProfPlu_1": 68, "NTestedMat": 69, "Begin_CntM": 8, "Develop__2": 5, "Prof_CntMa": 21, "Dist_CntMa": 35, "pBeginMath": 12, "pDevelopMa": 7, "pProfMath3": 30, "pDistMath3": 51, "DevPlus__2": 61, "ProfPlus_2": 56, "pDevPlusMa": 88, "pProfPlusM": 81, "NTestedM_1": 53, "Begin_Cn_2": 4, "Develop__3": 14, "Prof_Cnt_2": 19, "Dist_Cnt_2": 16, "pBeginMa_1": 8, "pDevelop_2": 26, "pProfMath5": 36, "pDistMath5": 30, "DevPlus__3": 49, "ProfPlus_3": 35, "pDevPlus_2": 92, "pProfPlu_2": 66, "NTestedE_2": 0, "BeginELA8_": 0, "DevelopELA": 0, "ProfELA8_C": 0, "DistELA8_C": 0, "NTestedM_2": 0, "BeginMath8": 0, "DevelopMat": 0, "ProfMath8_": 0, "DistMath8_": 0, "pBeginELA8": 0, "pDevelop_3": 0, "pProfELA8": 0, "pDistELA8": 0, "pBeginMa_2": 0, "pDevelop_4": 0, "pProfMath8": 0, "pDistMath8": 0, "DevPlusELA": 0, "ProfPlusEL": 0, "pDevPlus_3": 0, "pProfPlu_3": 0, "DevPlusMat": 0, "ProfPlusMa": 0, "pDevPlus_4": 0, "pProfPlu_4": 0, "NTestedAlg": 0, "Begin_CntA": 0, "Develop__4": 0, "Prof_CntAl": 0, "Dist_CntAl": 0, "pBeginAlge": 0, "pDevelopAl": 0, "pProfAlgeb": 0, "pDistAlgeb": 0, "DevPlus__4": 0, "ProfPlus_4": 0, "pDevPlusAl": 0, "pProfPlusA": 0, "NTestedAmL": 0, "Begin_Cn_3": 0, "Develop__5": 0, "Prof_CntAm": 0, "Dist_CntAm": 0, "pBeginAmLi": 0, "pDevelopAm": 0, "pProfAmLit": 0, "pDistAmLit": 0, "DevPlus__5": 0, "ProfPlus_5": 0, "pDevPlusAm": 0, "pProfPlu_5": 0, "NTestedAna": 0, "Begin_Cn_4": 0, "Develop__6": 0, "Prof_CntAn": 0, "Dist_CntAn": 0, "pBeginAnal": 0, "pDevelopAn": 0, "pProfAnalG": 0, "pDistAnalG": 0, "DevPlus__6": 0, "ProfPlus_6": 0, "pDevPlusAn": 0, "pProfPlu_6": 0, "NTestedBio": 0, "Begin_CntB": 0, "Develop__7": 0, "Prof_CntBi": 0, "Dist_CntBi": 0, "pBeginBiol": 0, "pDevelopBi": 0, "pProfBiolo": 0, "pDistBiolo": 0, "DevPlus__7": 0, "ProfPlus_7": 0, "pDevPlusBi": 0, "pProfPlusB": 0, "NTestedCoo": 0, "Begin_CntC": 0, "Develop__8": 0, "Prof_CntCo": 0, "Dist_CntCo": 0, "pBeginCoor": 0, "pDevelopCo": 0, "pProfCoord": 0, "pDistCoord": 0, "DevPlus__8": 0, "ProfPlus_8": 0, "pDevPlusCo": 0, "pProfPlusC": 0, "NTestedEco": 0, "Begin_Cn_5": 0, "Develop__9": 0, "Prof_CntEc": 0, "Dist_CntEc": 0, "pBeginEcon": 0, "pDevelopEc": 0, "pProfEcon": 0, "pDistEcon": 0, "DevPlus__9": 0, "ProfPlus_9": 0, "pDevPlusEc": 0, "pProfPlu_7": 0, "NTestedGeo": 0, "Begin_CntG": 0, "Develop_10": 0, "Prof_CntGe": 0, "Dist_CntGe": 0, "pBeginGeom": 0, "pDevelopGe": 0, "pProfGeome": 0, "pDistGeome": 0, "DevPlus_10": 0, "ProfPlus10": 0, "pDevPlusGe": 0, "pProfPlusG": 0, "NTestedLit": 0, "Begin_CntL": 0, "Develop_11": 0, "Prof_CntLi": 0, "Dist_CntLi": 0, "pBeginLit9": 0, "pDevelopLi": 0, "pProfLit9": 0, "pDistLit9": 0, "DevPlus_11": 0, "ProfPlus11": 0, "pDevPlusLi": 0, "pProfPlusL": 0, "NTestedPhy": 0, "Begin_CntP": 0, "Develop_12": 0, "Prof_CntPh": 0, "Dist_CntPh": 0, "pBeginPhys": 0, "pDevelopPh": 0, "pProfPhysS": 0, "pDistPhysS": 0, "DevPlus_12": 0, "ProfPlus12": 0, "pDevPlusPh": 0, "pProfPlusP": 0, "NTestedUSH": 0, "Begin_CntU": 0, "Develop_13": 0, "Prof_CntUS": 0, "Dist_CntUS": 0, "pBeginUSHi": 0, "pDevelopUS": 0, "pProfUSHis": 0, "pDistUSHis": 0, "DevPlus_13": 0, "ProfPlus13": 0, "pDevPlusUS": 0, "pProfPlusU": 0, "NDropout71": 0, "pNDropout7": 0, "Graduation": 0, "NUMBER_OF_": 0, "pHopeEligi": 0, "chENROLLME": -7, "pchENROLLM": -1.82, "chCCRPI": 3, "chpProfPlu": 5, "chpProfP_1": 21, "chpProfP_2": 1, "chpProfP_3": -1, "chpELA8": 0, "chpProfP_4": 0, "chpProfP_5": 0, "chpProfP_6": 0, "chpProfP_7": 0, "chpProfP_8": 0, "chpProfP_9": 0, "chpProfP10": 0, "chpProfP11": 0, "chpProfP12": 0, "chpProfP13": 0, "chpProfP14": 0, "GlobalID": "{0AD2310A-7746-4A71-9872-454E93B47F54}", "created_us": "opendata@arc", "created_da": "2020-03-25T00:00:00Z", "last_edite": "opendata@arc", "last_edi_1": "2020-03-25T00:00:00Z" }, "geometry": { "type": "Point", "coordinates": [ -84.382455212125279, 33.950737477715926 ] } },
{ "type": "Feature", "properties": { "OBJECTID": 968, "SysSchool": 6600118, "GradeRange": "09-12", "SchoolAddr": "6045 Buffington Rd", "SchoolCity": "Atlanta", "STATE": "GA", "SchoolZipC": "30349-3602", "MailAddres": "6045 Buffington Rd", "MailCity": "Atlanta", "MailZipCod": "30349-3602", "PrincipalN": "Bethea, Candace", "PrincipalE": " ", "SchoolPhon": "404.766.0101", "SchoolFax": " ", "longitude": -84.498942, "latitude": 33.591957, "Year": 2019, "SchoolYear": "2018-19", "SystemID": 660, "SystemName": "Fulton County", "SchoolID": 118, "SchoolName": "Hapeville Charter Career Academy", "Type": "High School", "ENROLLMENT": 564, "ENROLL_PER": 0, "ENROLL_P_1": 0, "ENROLL_P_2": 87, "ENROLL_P_3": 10, "ENROLL_P_4": 1, "ENROLL_P_5": 1, "ENROLL_P_6": 0, "ENROLL_P_7": 75, "ENROLL_P_8": 13, "ENROLL_P_9": 3, "ENROLL_PCT": 1, "ENROLL_P10": 0, "direct_cer": 34, "pAbsent0_5": 48, "pAbsent6_1": 34, "pAbsent16P": 18, "Churn": 6, "TeacherCou": 33, "AvgExp": 2, "pYrsLt1": 18, "pYears1_10": 82, "pYears11_2": 0, "pYears21_3": 0, "pYearsGt30": 0, "Debt": 0, "GenAdmin": 0, "Instructio": 9840, "Support": 0, "Ops": 0, "Media": 0, "PServices": 0, "Capital": 0, "SchoolAdmi": 0, "Food": 0, "Transport": 0, "TotalSpend": 9840, "CCRPI": 74, "ClimateSta": 4, "NTestedELA": 0, "Begin_CntE": 0, "Develop_Cn": 0, "Prof_CntEL": 0, "Dist_CntEL": 0, "pBeginELA3": 0, "pDevelopEL": 0, "pProfELA3": 0, "pDistELA3": 0, "DevPlus_Cn": 0, "ProfPlus_C": 0, "pDevPlusEL": 0, "pProfPlusE": 0, "NTestedE_1": 0, "Begin_Cn_1": 0, "Develop__1": 0, "Prof_Cnt_1": 0, "Dist_Cnt_1": 0, "pBeginELA5": 0, "pDevelop_1": 0, "pProfELA5": 0, "pDistELA5": 0, "DevPlus__1": 0, "ProfPlus_1": 0, "pDevPlus_1": 0, "pProfPlu_1": 0, "NTestedMat": 0, "Begin_CntM": 0, "Develop__2": 0, "Prof_CntMa": 0, "Dist_CntMa": 0, "pBeginMath": 0, "pDevelopMa": 0, "pProfMath3": 0, "pDistMath3": 0, "DevPlus__2": 0, "ProfPlus_2": 0, "pDevPlusMa": 0, "pProfPlusM": 0, "NTestedM_1": 0, "Begin_Cn_2": 0, "Develop__3": 0, "Prof_Cnt_2": 0, "Dist_Cnt_2": 0, "pBeginMa_1": 0, "pDevelop_2": 0, "pProfMath5": 0, "pDistMath5": 0, "DevPlus__3": 0, "ProfPlus_3": 0, "pDevPlus_2": 0, "pProfPlu_2": 0, "NTestedE_2": 0, "BeginELA8_": 0, "DevelopELA": 0, "ProfELA8_C": 0, "DistELA8_C": 0, "NTestedM_2": 0, "BeginMath8": 0, "DevelopMat": 0, "ProfMath8_": 0, "DistMath8_": 0, "pBeginELA8": 0, "pDevelop_3": 0, "pProfELA8": 0, "pDistELA8": 0, "pBeginMa_2": 0, "pDevelop_4": 0, "pProfMath8": 0, "pDistMath8": 0, "DevPlusELA": 0, "ProfPlusEL": 0, "pDevPlus_3": 0, "pProfPlu_3": 0, "DevPlusMat": 0, "ProfPlusMa": 0, "pDevPlus_4": 0, "pProfPlu_4": 0, "NTestedAlg": 124, "Begin_CntA": 69, "Develop__4": 41, "Prof_CntAl": 13, "Dist_CntAl": 1, "pBeginAlge": 56, "pDevelopAl": 33, "pProfAlgeb": 11, "pDistAlgeb": 1, "DevPlus__4": 55, "ProfPlus_4": 14, "pDevPlusAl": 44, "pProfPlusA": 11, "NTestedAmL": 125, "Begin_Cn_3": 42, "Develop__5": 64, "Prof_CntAm": 18, "Dist_CntAm": 1, "pBeginAmLi": 34, "pDevelopAm": 51, "pProfAmLit": 14, "pDistAmLit": 1, "DevPlus__5": 83, "ProfPlus_5": 19, "pDevPlusAm": 66, "pProfPlu_5": 15, "NTestedAna": 0, "Begin_Cn_4": 0, "Develop__6": 0, "Prof_CntAn": 0, "Dist_CntAn": 0, "pBeginAnal": 0, "pDevelopAn": 0, "pProfAnalG": 0, "pDistAnalG": 0, "DevPlus__6": 0, "ProfPlus_6": 0, "pDevPlusAn": 0, "pProfPlu_6": 0, "NTestedBio": 161, "Begin_CntB": 59, "Develop__7": 40, "Prof_CntBi": 55, "Dist_CntBi": 7, "pBeginBiol": 37, "pDevelopBi": 25, "pProfBiolo": 34, "pDistBiolo": 4, "DevPlus__7": 102, "ProfPlus_7": 62, "pDevPlusBi": 63, "pProfPlusB": 39, "NTestedCoo": 0, "Begin_CntC": 0, "Develop__8": 0, "Prof_CntCo": 0, "Dist_CntCo": 0, "pBeginCoor": 0, "pDevelopCo": 0, "pProfCoord": 0, "pDistCoord": 0, "DevPlus__8": 0, "ProfPlus_8": 0, "pDevPlusCo": 0, "pProfPlusC": 0, "NTestedEco": 129, "Begin_Cn_5": 86, "Develop__9": 36, "Prof_CntEc": 7, "Dist_CntEc": 0, "pBeginEcon": 67, "pDevelopEc": 28, "pProfEcon": 5, "pDistEcon": 0, "DevPlus__9": 43, "ProfPlus_9": 7, "pDevPlusEc": 33, "pProfPlu_7": 5, "NTestedGeo": 168, "Begin_CntG": 64, "Develop_10": 47, "Prof_CntGe": 52, "Dist_CntGe": 5, "pBeginGeom": 38, "pDevelopGe": 28, "pProfGeome": 31, "pDistGeome": 3, "DevPlus_10": 104, "ProfPlus10": 57, "pDevPlusGe": 62, "pProfPlusG": 34, "NTestedLit": 123, "Begin_CntL": 27, "Develop_11": 41, "Prof_CntLi": 43, "Dist_CntLi": 12, "pBeginLit9": 22, "pDevelopLi": 33, "pProfLit9": 35, "pDistLit9": 10, "DevPlus_11": 96, "ProfPlus11": 55, "pDevPlusLi": 78, "pProfPlusL": 45, "NTestedPhy": 13, "Begin_CntP": 11, "Develop_12": 2, "Prof_CntPh": 0, "Dist_CntPh": 0, "pBeginPhys": 85, "pDevelopPh": 15, "pProfPhysS": 0, "pDistPhysS": 0, "DevPlus_12": 2, "ProfPlus12": 0, "pDevPlusPh": 15, "pProfPlusP": 0, "NTestedUSH": 119, "Begin_CntU": 56, "Develop_13": 44, "Prof_CntUS": 15, "Dist_CntUS": 4, "pBeginUSHi": 47, "pDevelopUS": 37, "pProfUSHis": 13, "pDistUSHis": 3, "DevPlus_13": 63, "ProfPlus13": 19, "pDevPlusUS": 53, "pProfPlusU": 16, "NDropout71": 0, "pNDropout7": 0, "Graduation": 92, "NUMBER_OF_": 130, "pHopeEligi": 25, "chENROLLME": -114, "pchENROLLM": -16.81, "chCCRPI": 18, "chpProfPlu": 0, "chpProfP_1": 0, "chpProfP_2": 0, "chpProfP_3": 0, "chpELA8": 0, "chpProfP_4": 0, "chpProfP_5": 5, "chpProfP_6": 4, "chpProfP_7": 0, "chpProfP_8": 0, "chpProfP_9": 0, "chpProfP10": 0, "chpProfP11": 24, "chpProfP12": 37, "chpProfP13": -6, "chpProfP14": 11, "GlobalID": "{54896DA4-5A2C-4E41-A093-9FE040165C87}", "created_us": "opendata@arc", "created_da": "2020-03-25T00:00:00Z", "last_edite": "opendata@arc", "last_edi_1": "2020-03-25T00:00:00Z" }, "geometry": { "type": "Point", "coordinates": [ -84.498946227378681, 33.591963397078175 ] } },
{ "type": "Feature", "properties": { "OBJECTID": 974, "SysSchool": 6600186, "GradeRange": "06-08", "SchoolAddr": "4345 Welcome All Rd SW", "SchoolCity": "Atlanta", "STATE": "GA", "SchoolZipC": "30349-1828", "MailAddres": "4345 Welcome All Rd SW", "MailCity": "Atlanta", "MailZipCod": "30349-1828", "PrincipalN": "Campbell, Keynun", "PrincipalE": " ", "SchoolPhon": "470.254.8030", "SchoolFax": "404.669.8228", "longitude": -84.527585, "latitude": 33.637502, "Year": 2019, "SchoolYear": "2018-19", "SystemID": 660, "SystemName": "Fulton County", "SchoolID": 186, "SchoolName": "Camp Creek Middle School", "Type": "Middle School", "ENROLLMENT": 590, "ENROLL_PER": 0, "ENROLL_P_1": 0, "ENROLL_P_2": 87, "ENROLL_P_3": 9, "ENROLL_P_4": 2, "ENROLL_P_5": 1, "ENROLL_P_6": 0, "ENROLL_P_7": 100, "ENROLL_P_8": 17, "ENROLL_P_9": 4, "ENROLL_PCT": 0, "ENROLL_P10": 8, "direct_cer": 52, "pAbsent0_5": 47, "pAbsent6_1": 36, "pAbsent16P": 17, "Churn": 37, "TeacherCou": 51, "AvgExp": 12, "pYrsLt1": 4, "pYears1_10": 39, "pYears11_2": 41, "pYears21_3": 16, "pYearsGt30": 0, "Debt": 0, "GenAdmin": 0, "Instructio": 7792, "Support": 765, "Ops": 1506, "Media": 121, "PServices": 896, "Capital": 0, "SchoolAdmi": 1112, "Food": 0, "Transport": 42, "TotalSpend": 12234, "CCRPI": 79, "ClimateSta": 4, "NTestedELA": 0, "Begin_CntE": 0, "Develop_Cn": 0, "Prof_CntEL": 0, "Dist_CntEL": 0, "pBeginELA3": 0, "pDevelopEL": 0, "pProfELA3": 0, "pDistELA3": 0, "DevPlus_Cn": 0, "ProfPlus_C": 0, "pDevPlusEL": 0, "pProfPlusE": 0, "NTestedE_1": 0, "Begin_Cn_1": 0, "Develop__1": 0, "Prof_Cnt_1": 0, "Dist_Cnt_1": 0, "pBeginELA5": 0, "pDevelop_1": 0, "pProfELA5": 0, "pDistELA5": 0, "DevPlus__1": 0, "ProfPlus_1": 0, "pDevPlus_1": 0, "pProfPlu_1": 0, "NTestedMat": 0, "Begin_CntM": 0, "Develop__2": 0, "Prof_CntMa": 0, "Dist_CntMa": 0, "pBeginMath": 0, "pDevelopMa": 0, "pProfMath3": 0, "pDistMath3": 0, "DevPlus__2": 0, "ProfPlus_2": 0, "pDevPlusMa": 0, "pProfPlusM": 0, "NTestedM_1": 0, "Begin_Cn_2": 0, "Develop__3": 0, "Prof_Cnt_2": 0, "Dist_Cnt_2": 0, "pBeginMa_1": 0, "pDevelop_2": 0, "pProfMath5": 0, "pDistMath5": 0, "DevPlus__3": 0, "ProfPlus_3": 0, "pDevPlus_2": 0, "pProfPlu_2": 0, "NTestedE_2": 125, "BeginELA8_": 31, "DevelopELA": 71, "ProfELA8_C": 21, "DistELA8_C": 2, "NTestedM_2": 142, "BeginMath8": 36, "DevelopMat": 67, "ProfMath8_": 36, "DistMath8_": 3, "pBeginELA8": 25, "pDevelop_3": 57, "pProfELA8": 17, "pDistELA8": 2, "pBeginMa_2": 25, "pDevelop_4": 47, "pProfMath8": 25, "pDistMath8": 2, "DevPlusELA": 94, "ProfPlusEL": 23, "pDevPlus_3": 75, "pProfPlu_3": 18, "DevPlusMat": 106, "ProfPlusMa": 39, "pDevPlus_4": 75, "pProfPlu_4": 28, "NTestedAlg": 0, "Begin_CntA": 0, "Develop__4": 0, "Prof_CntAl": 0, "Dist_CntAl": 0, "pBeginAlge": 0, "pDevelopAl": 0, "pProfAlgeb": 0, "pDistAlgeb": 0, "DevPlus__4": 0, "ProfPlus_4": 0, "pDevPlusAl": 0, "pProfPlusA": 0, "NTestedAmL": 0, "Begin_Cn_3": 0, "Develop__5": 0, "Prof_CntAm": 0, "Dist_CntAm": 0, "pBeginAmLi": 0, "pDevelopAm": 0, "pProfAmLit": 0, "pDistAmLit": 0, "DevPlus__5": 0, "ProfPlus_5": 0, "pDevPlusAm": 0, "pProfPlu_5": 0, "NTestedAna": 0, "Begin_Cn_4": 0, "Develop__6": 0, "Prof_CntAn": 0, "Dist_CntAn": 0, "pBeginAnal": 0, "pDevelopAn": 0, "pProfAnalG": 0, "pDistAnalG": 0, "DevPlus__6": 0, "ProfPlus_6": 0, "pDevPlusAn": 0, "pProfPlu_6": 0, "NTestedBio": 0, "Begin_CntB": 0, "Develop__7": 0, "Prof_CntBi": 0, "Dist_CntBi": 0, "pBeginBiol": 0, "pDevelopBi": 0, "pProfBiolo": 0, "pDistBiolo": 0, "DevPlus__7": 0, "ProfPlus_7": 0, "pDevPlusBi": 0, "pProfPlusB": 0, "NTestedCoo": 0, "Begin_CntC": 0, "Develop__8": 0, "Prof_CntCo": 0, "Dist_CntCo": 0, "pBeginCoor": 0, "pDevelopCo": 0, "pProfCoord": 0, "pDistCoord": 0, "DevPlus__8": 0, "ProfPlus_8": 0, "pDevPlusCo": 0, "pProfPlusC": 0, "NTestedEco": 0, "Begin_Cn_5": 0, "Develop__9": 0, "Prof_CntEc": 0, "Dist_CntEc": 0, "pBeginEcon": 0, "pDevelopEc": 0, "pProfEcon": 0, "pDistEcon": 0, "DevPlus__9": 0, "ProfPlus_9": 0, "pDevPlusEc": 0, "pProfPlu_7": 0, "NTestedGeo": 0, "Begin_CntG": 0, "Develop_10": 0, "Prof_CntGe": 0, "Dist_CntGe": 0, "pBeginGeom": 0, "pDevelopGe": 0, "pProfGeome": 0, "pDistGeome": 0, "DevPlus_10": 0, "ProfPlus10": 0, "pDevPlusGe": 0, "pProfPlusG": 0, "NTestedLit": 18, "Begin_CntL": 0, "Develop_11": 4, "Prof_CntLi": 12, "Dist_CntLi": 2, "pBeginLit9": 0, "pDevelopLi": 22, "pProfLit9": 67, "pDistLit9": 11, "DevPlus_11": 18, "ProfPlus11": 14, "pDevPlusLi": 100, "pProfPlusL": 78, "NTestedPhy": 0, "Begin_CntP": 0, "Develop_12": 0, "Prof_CntPh": 0, "Dist_CntPh": 0, "pBeginPhys": 0, "pDevelopPh": 0, "pProfPhysS": 0, "pDistPhysS": 0, "DevPlus_12": 0, "ProfPlus12": 0, "pDevPlusPh": 0, "pProfPlusP": 0, "NTestedUSH": 0, "Begin_CntU": 0, "Develop_13": 0, "Prof_CntUS": 0, "Dist_CntUS": 0, "pBeginUSHi": 0, "pDevelopUS": 0, "pProfUSHis": 0, "pDistUSHis": 0, "DevPlus_13": 0, "ProfPlus13": 0, "pDevPlusUS": 0, "pProfPlusU": 0, "NDropout71": 27, "pNDropout7": 6, "Graduation": 0, "NUMBER_OF_": 0, "pHopeEligi": 0, "chENROLLME": 10, "pchENROLLM": 1.72, "chCCRPI": 19, "chpProfPlu": 0, "chpProfP_1": 0, "chpProfP_2": 0, "chpProfP_3": 0, "chpELA8": -1, "chpProfP_4": 20, "chpProfP_5": 0, "chpProfP_6": 0, "chpProfP_7": 0, "chpProfP_8": 0, "chpProfP_9": 0, "chpProfP10": 0, "chpProfP11": 0, "chpProfP12": 0, "chpProfP13": 0, "chpProfP14": 0, "GlobalID": "{2DF9BF4B-DC06-4B51-9E3F-BC8BC2D14E9A}", "created_us": "opendata@arc", "created_da": "2020-03-25T00:00:00Z", "last_edite": "opendata@arc", "last_edi_1": "2020-03-25T00:00:00Z" }, "geometry": { "type": "Point", "coordinates": [ -84.527589236588284, 33.63750840463473 ] } },
{ "type": "Feature", "properties": { "OBJECTID": 987, "SysSchool": 6600204, "GradeRange": "05-08", "SchoolAddr": "1286 Washington Rd", "SchoolCity": "Atlanta", "STATE": "GA", "SchoolZipC": "30344-3537", "MailAddres": "1286 Washington Rd", "MailCity": "Atlanta", "MailZipCod": "30344-3537", "PrincipalN": "Gardner, Siobhan", "PrincipalE": " ", "SchoolPhon": "678.278.0160", "SchoolFax": "678.278.0160", "longitude": -84.430902, "latitude": 33.675605, "Year": 2019, "SchoolYear": "2018-19", "SystemID": 660, "SystemName": "Fulton County", "SchoolID": 204, "SchoolName": "KIPP South Fulton Academy School", "Type": "Middle School", "ENROLLMENT": 329, "ENROLL_PER": 1, "ENROLL_P_1": 0, "ENROLL_P_2": 86, "ENROLL_P_3": 10, "ENROLL_P_4": 2, "ENROLL_P_5": 2, "ENROLL_P_6": 0, "ENROLL_P_7": 71, "ENROLL_P_8": 5, "ENROLL_P_9": 7, "ENROLL_PCT": 2, "ENROLL_P10": 0, "direct_cer": 33, "pAbsent0_5": 90, "pAbsent6_1": 8, "pAbsent16P": 2, "Churn": 4, "TeacherCou": 23, "AvgExp": 7, "pYrsLt1": 4, "pYears1_10": 78, "pYears11_2": 9, "pYears21_3": 9, "pYearsGt30": 0, "Debt": 0, "GenAdmin": 0, "Instructio": 11578, "Support": 0, "Ops": 0, "Media": 0, "PServices": 0, "Capital": 0, "SchoolAdmi": 0, "Food": 0, "Transport": 0, "TotalSpend": 11578, "CCRPI": 92, "ClimateSta": 4, "NTestedELA": 0, "Begin_CntE": 0, "Develop_Cn": 0, "Prof_CntEL": 0, "Dist_CntEL": 0, "pBeginELA3": 0, "pDevelopEL": 0, "pProfELA3": 0, "pDistELA3": 0, "DevPlus_Cn": 0, "ProfPlus_C": 0, "pDevPlusEL": 0, "pProfPlusE": 0, "NTestedE_1": 85, "Begin_Cn_1": 15, "Develop__1": 27, "Prof_Cnt_1": 36, "Dist_Cnt_1": 7, "pBeginELA5": 18, "pDevelop_1": 32, "pProfELA5": 42, "pDistELA5": 8, "DevPlus__1": 70, "ProfPlus_1": 43, "pDevPlus_1": 82, "pProfPlu_1": 51, "NTestedMat": 0, "Begin_CntM": 0, "Develop__2": 0, "Prof_CntMa": 0, "Dist_CntMa": 0, "pBeginMath": 0, "pDevelopMa": 0, "pProfMath3": 0, "pDistMath3": 0, "DevPlus__2": 0, "ProfPlus_2": 0, "pDevPlusMa": 0, "pProfPlusM": 0, "NTestedM_1": 85, "Begin_Cn_2": 12, "Develop__3": 32, "Prof_Cnt_2": 24, "Dist_Cnt_2": 17, "pBeginMa_1": 14, "pDevelop_2": 38, "pProfMath5": 28, "pDistMath5": 20, "DevPlus__3": 73, "ProfPlus_3": 41, "pDevPlus_2": 86, "pProfPlu_2": 48, "NTestedE_2": 68, "BeginELA8_": 3, "DevelopELA": 22, "ProfELA8_C": 34, "DistELA8_C": 9, "NTestedM_2": 68, "BeginMath8": 8, "DevelopMat": 13, "ProfMath8_": 26, "DistMath8_": 20, "pBeginELA8": 4, "pDevelop_3": 32, "pProfELA8": 50, "pDistELA8": 13, "pBeginMa_2": 12, "pDevelop_4": 19, "pProfMath8": 38, "pDistMath8": 29, "DevPlusELA": 65, "ProfPlusEL": 43, "pDevPlus_3": 96, "pProfPlu_3": 63, "DevPlusMat": 59, "ProfPlusMa": 46, "pDevPlus_4": 87, "pProfPlu_4": 68, "NTestedAlg": 1, "Begin_CntA": 0, "Develop__4": 0, "Prof_CntAl": 0, "Dist_CntAl": 0, "pBeginAlge": 0, "pDevelopAl": 0, "pProfAlgeb": 0, "pDistAlgeb": 0, "DevPlus__4": 0, "ProfPlus_4": 0, "pDevPlusAl": 0, "pProfPlusA": 0, "NTestedAmL": 0, "Begin_Cn_3": 0, "Develop__5": 0, "Prof_CntAm": 0, "Dist_CntAm": 0, "pBeginAmLi": 0, "pDevelopAm": 0, "pProfAmLit": 0, "pDistAmLit": 0, "DevPlus__5": 0, "ProfPlus_5": 0, "pDevPlusAm": 0, "pProfPlu_5": 0, "NTestedAna": 0, "Begin_Cn_4": 0, "Develop__6": 0, "Prof_CntAn": 0, "Dist_CntAn": 0, "pBeginAnal": 0, "pDevelopAn": 0, "pProfAnalG": 0, "pDistAnalG": 0, "DevPlus__6": 0, "ProfPlus_6": 0, "pDevPlusAn": 0, "pProfPlu_6": 0, "NTestedBio": 0, "Begin_CntB": 0, "Develop__7": 0, "Prof_CntBi": 0, "Dist_CntBi": 0, "pBeginBiol": 0, "pDevelopBi": 0, "pProfBiolo": 0, "pDistBiolo": 0, "DevPlus__7": 0, "ProfPlus_7": 0, "pDevPlusBi": 0, "pProfPlusB": 0, "NTestedCoo": 0, "Begin_CntC": 0, "Develop__8": 0, "Prof_CntCo": 0, "Dist_CntCo": 0, "pBeginCoor": 0, "pDevelopCo": 0, "pProfCoord": 0, "pDistCoord": 0, "DevPlus__8": 0, "ProfPlus_8": 0, "pDevPlusCo": 0, "pProfPlusC": 0, "NTestedEco": 0, "Begin_Cn_5": 0, "Develop__9": 0, "Prof_CntEc": 0, "Dist_CntEc": 0, "pBeginEcon": 0, "pDevelopEc": 0, "pProfEcon": 0, "pDistEcon": 0, "DevPlus__9": 0, "ProfPlus_9": 0, "pDevPlusEc": 0, "pProfPlu_7": 0, "NTestedGeo": 0, "Begin_CntG": 0, "Develop_10": 0, "Prof_CntGe": 0, "Dist_CntGe": 0, "pBeginGeom": 0, "pDevelopGe": 0, "pProfGeome": 0, "pDistGeome": 0, "DevPlus_10": 0, "ProfPlus10": 0, "pDevPlusGe": 0, "pProfPlusG": 0, "NTestedLit": 0, "Begin_CntL": 0, "Develop_11": 0, "Prof_CntLi": 0, "Dist_CntLi": 0, "pBeginLit9": 0, "pDevelopLi": 0, "pProfLit9": 0, "pDistLit9": 0, "DevPlus_11": 0, "ProfPlus11": 0, "pDevPlusLi": 0, "pProfPlusL": 0, "NTestedPhy": 0, "Begin_CntP": 0, "Develop_12": 0, "Prof_CntPh": 0, "Dist_CntPh": 0, "pBeginPhys": 0, "pDevelopPh": 0, "pProfPhysS": 0, "pDistPhysS": 0, "DevPlus_12": 0, "ProfPlus12": 0, "pDevPlusPh": 0, "pProfPlusP": 0, "NTestedUSH": 0, "Begin_CntU": 0, "Develop_13": 0, "Prof_CntUS": 0, "Dist_CntUS": 0, "pBeginUSHi": 0, "pDevelopUS": 0, "pProfUSHis": 0, "pDistUSHis": 0, "DevPlus_13": 0, "ProfPlus13": 0, "pDevPlusUS": 0, "pProfPlusU": 0, "NDropout71": 0, "pNDropout7": 0, "Graduation": 0, "NUMBER_OF_": 0, "pHopeEligi": 0, "chENROLLME": -10, "pchENROLLM": -2.94, "chCCRPI": 12, "chpProfPlu": 0, "chpProfP_1": 0, "chpProfP_2": 17, "chpProfP_3": 17, "chpELA8": 14, "chpProfP_4": 12, "chpProfP_5": 0, "chpProfP_6": 0, "chpProfP_7": 0, "chpProfP_8": 0, "chpProfP_9": 0, "chpProfP10": 0, "chpProfP11": 0, "chpProfP12": 0, "chpProfP13": 0, "chpProfP14": 0, "GlobalID": "{F9EA7C76-E3D1-4505-8E8B-914C4F7B16E3}", "created_us": "opendata@arc", "created_da": "2020-03-25T00:00:00Z", "last_edite": "opendata@arc", "last_edi_1": "2020-03-25T00:00:00Z" }, "geometry": { "type": "Point", "coordinates": [ -84.43090621079196, 33.675611416953217 ] } },
{ "type": "Feature", "properties": { "OBJECTID": 990, "SysSchool": 6600207, "GradeRange": "PK-05", "SchoolAddr": "8100 Roberts Dr", "SchoolCity": "Atlanta", "STATE": "GA", "SchoolZipC": "30350-4120", "MailAddres": "8100 Roberts Dr", "MailCity": "Atlanta", "MailZipCod": "30350-4120", "PrincipalN": "Goggins, Ivy", "PrincipalE": "gainey@fultonschool.org", "SchoolPhon": "470.254.4060", "SchoolFax": "770.673.4064", "longitude": -84.342924, "latitude": 33.97677, "Year": 2019, "SchoolYear": "2018-19", "SystemID": 660, "SystemName": "Fulton County", "SchoolID": 207, "SchoolName": "Dunwoody Springs Elementary School", "Type": "Elementary School", "ENROLLMENT": 530, "ENROLL_PER": 1, "ENROLL_P_1": 0, "ENROLL_P_2": 50, "ENROLL_P_3": 27, "ENROLL_P_4": 8, "ENROLL_P_5": 13, "ENROLL_P_6": 0, "ENROLL_P_7": 64, "ENROLL_P_8": 11, "ENROLL_P_9": 25, "ENROLL_PCT": 21, "ENROLL_P10": 8, "direct_cer": 30, "pAbsent0_5": 49, "pAbsent6_1": 42, "pAbsent16P": 9, "Churn": 29, "TeacherCou": 49, "AvgExp": 9, "pYrsLt1": 0, "pYears1_10": 65, "pYears11_2": 20, "pYears21_3": 14, "pYearsGt30": 0, "Debt": 0, "GenAdmin": 0, "Instructio": 7530, "Support": 194, "Ops": 518, "Media": 215, "PServices": 728, "Capital": 0, "SchoolAdmi": 811, "Food": 0, "Transport": 19, "TotalSpend": 10014, "CCRPI": 79, "ClimateSta": 4, "NTestedELA": 87, "Begin_CntE": 19, "Develop_Cn": 34, "Prof_CntEL": 21, "Dist_CntEL": 13, "pBeginELA3": 22, "pDevelopEL": 39, "pProfELA3": 24, "pDistELA3": 15, "DevPlus_Cn": 68, "ProfPlus_C": 34, "pDevPlusEL": 78, "pProfPlusE": 39, "NTestedE_1": 93, "Begin_Cn_1": 10, "Develop__1": 30, "Prof_Cnt_1": 46, "Dist_Cnt_1": 7, "pBeginELA5": 11, "pDevelop_1": 32, "pProfELA5": 50, "pDistELA5": 8, "DevPlus__1": 83, "ProfPlus_1": 53, "pDevPlus_1": 89, "pProfPlu_1": 57, "NTestedMat": 87, "Begin_CntM": 21, "Develop__2": 34, "Prof_CntMa": 24, "Dist_CntMa": 8, "pBeginMath": 24, "pDevelopMa": 39, "pProfMath3": 28, "pDistMath3": 9, "DevPlus__2": 66, "ProfPlus_2": 32, "pDevPlusMa": 76, "pProfPlusM": 37, "NTestedM_1": 92, "Begin_Cn_2": 13, "Develop__3": 35, "Prof_Cnt_2": 36, "Dist_Cnt_2": 8, "pBeginMa_1": 14, "pDevelop_2": 38, "pProfMath5": 39, "pDistMath5": 9, "DevPlus__3": 79, "ProfPlus_3": 44, "pDevPlus_2": 86, "pProfPlu_2": 48, "NTestedE_2": 0, "BeginELA8_": 0, "DevelopELA": 0, "ProfELA8_C": 0, "DistELA8_C": 0, "NTestedM_2": 0, "BeginMath8": 0, "DevelopMat": 0, "ProfMath8_": 0, "DistMath8_": 0, "pBeginELA8": 0, "pDevelop_3": 0, "pProfELA8": 0, "pDistELA8": 0, "pBeginMa_2": 0, "pDevelop_4": 0, "pProfMath8": 0, "pDistMath8": 0, "DevPlusELA": 0, "ProfPlusEL": 0, "pDevPlus_3": 0, "pProfPlu_3": 0, "DevPlusMat": 0, "ProfPlusMa": 0, "pDevPlus_4": 0, "pProfPlu_4": 0, "NTestedAlg": 0, "Begin_CntA": 0, "Develop__4": 0, "Prof_CntAl": 0, "Dist_CntAl": 0, "pBeginAlge": 0, "pDevelopAl": 0, "pProfAlgeb": 0, "pDistAlgeb": 0, "DevPlus__4": 0, "ProfPlus_4": 0, "pDevPlusAl": 0, "pProfPlusA": 0, "NTestedAmL": 0, "Begin_Cn_3": 0, "Develop__5": 0, "Prof_CntAm": 0, "Dist_CntAm": 0, "pBeginAmLi": 0, "pDevelopAm": 0, "pProfAmLit": 0, "pDistAmLit": 0, "DevPlus__5": 0, "ProfPlus_5": 0, "pDevPlusAm": 0, "pProfPlu_5": 0, "NTestedAna": 0, "Begin_Cn_4": 0, "Develop__6": 0, "Prof_CntAn": 0, "Dist_CntAn": 0, "pBeginAnal": 0, "pDevelopAn": 0, "pProfAnalG": 0, "pDistAnalG": 0, "DevPlus__6": 0, "ProfPlus_6": 0, "pDevPlusAn": 0, "pProfPlu_6": 0, "NTestedBio": 0, "Begin_CntB": 0, "Develop__7": 0, "Prof_CntBi": 0, "Dist_CntBi": 0, "pBeginBiol": 0, "pDevelopBi": 0, "pProfBiolo": 0, "pDistBiolo": 0, "DevPlus__7": 0, "ProfPlus_7": 0, "pDevPlusBi": 0, "pProfPlusB": 0, "NTestedCoo": 0, "Begin_CntC": 0, "Develop__8": 0, "Prof_CntCo": 0, "Dist_CntCo": 0, "pBeginCoor": 0, "pDevelopCo": 0, "pProfCoord": 0, "pDistCoord": 0, "DevPlus__8": 0, "ProfPlus_8": 0, "pDevPlusCo": 0, "pProfPlusC": 0, "NTestedEco": 0, "Begin_Cn_5": 0, "Develop__9": 0, "Prof_CntEc": 0, "Dist_CntEc": 0, "pBeginEcon": 0, "pDevelopEc": 0, "pProfEcon": 0, "pDistEcon": 0, "DevPlus__9": 0, "ProfPlus_9": 0, "pDevPlusEc": 0, "pProfPlu_7": 0, "NTestedGeo": 0, "Begin_CntG": 0, "Develop_10": 0, "Prof_CntGe": 0, "Dist_CntGe": 0, "pBeginGeom": 0, "pDevelopGe": 0, "pProfGeome": 0, "pDistGeome": 0, "DevPlus_10": 0, "ProfPlus10": 0, "pDevPlusGe": 0, "pProfPlusG": 0, "NTestedLit": 0, "Begin_CntL": 0, "Develop_11": 0, "Prof_CntLi": 0, "Dist_CntLi": 0, "pBeginLit9": 0, "pDevelopLi": 0, "pProfLit9": 0, "pDistLit9": 0, "DevPlus_11": 0, "ProfPlus11": 0, "pDevPlusLi": 0, "pProfPlusL": 0, "NTestedPhy": 0, "Begin_CntP": 0, "Develop_12": 0, "Prof_CntPh": 0, "Dist_CntPh": 0, "pBeginPhys": 0, "pDevelopPh": 0, "pProfPhysS": 0, "pDistPhysS": 0, "DevPlus_12": 0, "ProfPlus12": 0, "pDevPlusPh": 0, "pProfPlusP": 0, "NTestedUSH": 0, "Begin_CntU": 0, "Develop_13": 0, "Prof_CntUS": 0, "Dist_CntUS": 0, "pBeginUSHi": 0, "pDevelopUS": 0, "pProfUSHis": 0, "pDistUSHis": 0, "DevPlus_13": 0, "ProfPlus13": 0, "pDevPlusUS": 0, "pProfPlusU": 0, "NDropout71": 0, "pNDropout7": 0, "Graduation": 0, "NUMBER_OF_": 0, "pHopeEligi": 0, "chENROLLME": -70, "pchENROLLM": -11.66, "chCCRPI": -4, "chpProfPlu": -2, "chpProfP_1": 0, "chpProfP_2": 14, "chpProfP_3": 10, "chpELA8": 0, "chpProfP_4": 0, "chpProfP_5": 0, "chpProfP_6": 0, "chpProfP_7": 0, "chpProfP_8": 0, "chpProfP_9": 0, "chpProfP10": 0, "chpProfP11": 0, "chpProfP12": 0, "chpProfP13": 0, "chpProfP14": 0, "GlobalID": "{4434CF26-D89B-4804-B632-D76AAFF1F398}", "created_us": "opendata@arc", "created_da": "2020-03-25T00:00:00Z", "last_edite": "opendata@arc", "last_edi_1": "2020-03-25T00:00:00Z" }, "geometry": { "type": "Point", "coordinates": [ -84.342928202356859, 33.976776485141379 ] } },
{ "type": "Feature", "properties": { "OBJECTID": 996, "SysSchool": 6600286, "GradeRange": "06-08", "SchoolAddr": "5340 S Trimble Rd", "SchoolCity": "Atlanta", "STATE": "GA", "SchoolZipC": "30342-1413", "MailAddres": "5340 S Trimble Rd", "MailCity": "Atlanta", "MailZipCod": "30342-1413", "PrincipalN": "Blackwell, Oliver (Opie)", "PrincipalE": " ", "SchoolPhon": "470.254.7710", "SchoolFax": "404.943.0675", "longitude": -84.359398, "latitude": 33.898138, "Year": 2019, "SchoolYear": "2018-19", "SystemID": 660, "SystemName": "Fulton County", "SchoolID": 286, "SchoolName": "Ridgeview Charter School", "Type": "Middle School", "ENROLLMENT": 1095, "ENROLL_PER": 3, "ENROLL_P_1": 0, "ENROLL_P_2": 17, "ENROLL_P_3": 48, "ENROLL_P_4": 2, "ENROLL_P_5": 30, "ENROLL_P_6": 0, "ENROLL_P_7": 49, "ENROLL_P_8": 12, "ENROLL_P_9": 32, "ENROLL_PCT": 10, "ENROLL_P10": 22, "direct_cer": 26, "pAbsent0_5": 55, "pAbsent6_1": 36, "pAbsent16P": 9, "Churn": 8, "TeacherCou": 87, "AvgExp": 11, "pYrsLt1": 3, "pYears1_10": 54, "pYears11_2": 25, "pYears21_3": 13, "pYearsGt30": 5, "Debt": 0, "GenAdmin": 0, "Instructio": 7041, "Support": 249, "Ops": 427, "Media": 129, "PServices": 333, "Capital": 0, "SchoolAdmi": 685, "Food": 0, "Transport": 8, "TotalSpend": 8872, "CCRPI": 72, "ClimateSta": 4, "NTestedELA": 0, "Begin_CntE": 0, "Develop_Cn": 0, "Prof_CntEL": 0, "Dist_CntEL": 0, "pBeginELA3": 0, "pDevelopEL": 0, "pProfELA3": 0, "pDistELA3": 0, "DevPlus_Cn": 0, "ProfPlus_C": 0, "pDevPlusEL": 0, "pProfPlusE": 0, "NTestedE_1": 0, "Begin_Cn_1": 0, "Develop__1": 0, "Prof_Cnt_1": 0, "Dist_Cnt_1": 0, "pBeginELA5": 0, "pDevelop_1": 0, "pProfELA5": 0, "pDistELA5": 0, "DevPlus__1": 0, "ProfPlus_1": 0, "pDevPlus_1": 0, "pProfPlu_1": 0, "NTestedMat": 0, "Begin_CntM": 0, "Develop__2": 0, "Prof_CntMa": 0, "Dist_CntMa": 0, "pBeginMath": 0, "pDevelopMa": 0, "pProfMath3": 0, "pDistMath3": 0, "DevPlus__2": 0, "ProfPlus_2": 0, "pDevPlusMa": 0, "pProfPlusM": 0, "NTestedM_1": 0, "Begin_Cn_2": 0, "Develop__3": 0, "Prof_Cnt_2": 0, "Dist_Cnt_2": 0, "pBeginMa_1": 0, "pDevelop_2": 0, "pProfMath5": 0, "pDistMath5": 0, "DevPlus__3": 0, "ProfPlus_3": 0, "pDevPlus_2": 0, "pProfPlu_2": 0, "NTestedE_2": 307, "BeginELA8_": 51, "DevelopELA": 124, "ProfELA8_C": 116, "DistELA8_C": 16, "NTestedM_2": 370, "BeginMath8": 86, "DevelopMat": 150, "ProfMath8_": 95, "DistMath8_": 39, "pBeginELA8": 17, "pDevelop_3": 40, "pProfELA8": 38, "pDistELA8": 5, "pBeginMa_2": 23, "pDevelop_4": 41, "pProfMath8": 26, "pDistMath8": 11, "DevPlusELA": 256, "ProfPlusEL": 132, "pDevPlus_3": 83, "pProfPlu_3": 43, "DevPlusMat": 284, "ProfPlusMa": 134, "pDevPlus_4": 77, "pProfPlu_4": 36, "NTestedAlg": 84, "Begin_CntA": 0, "Develop__4": 6, "Prof_CntAl": 46, "Dist_CntAl": 32, "pBeginAlge": 0, "pDevelopAl": 7, "pProfAlgeb": 55, "pDistAlgeb": 38, "DevPlus__4": 84, "ProfPlus_4": 78, "pDevPlusAl": 100, "pProfPlusA": 93, "NTestedAmL": 0, "Begin_Cn_3": 0, "Develop__5": 0, "Prof_CntAm": 0, "Dist_CntAm": 0, "pBeginAmLi": 0, "pDevelopAm": 0, "pProfAmLit": 0, "pDistAmLit": 0, "DevPlus__5": 0, "ProfPlus_5": 0, "pDevPlusAm": 0, "pProfPlu_5": 0, "NTestedAna": 0, "Begin_Cn_4": 0, "Develop__6": 0, "Prof_CntAn": 0, "Dist_CntAn": 0, "pBeginAnal": 0, "pDevelopAn": 0, "pProfAnalG": 0, "pDistAnalG": 0, "DevPlus__6": 0, "ProfPlus_6": 0, "pDevPlusAn": 0, "pProfPlu_6": 0, "NTestedBio": 0, "Begin_CntB": 0, "Develop__7": 0, "Prof_CntBi": 0, "Dist_CntBi": 0, "pBeginBiol": 0, "pDevelopBi": 0, "pProfBiolo": 0, "pDistBiolo": 0, "DevPlus__7": 0, "ProfPlus_7": 0, "pDevPlusBi": 0, "pProfPlusB": 0, "NTestedCoo": 0, "Begin_CntC": 0, "Develop__8": 0, "Prof_CntCo": 0, "Dist_CntCo": 0, "pBeginCoor": 0, "pDevelopCo": 0, "pProfCoord": 0, "pDistCoord": 0, "DevPlus__8": 0, "ProfPlus_8": 0, "pDevPlusCo": 0, "pProfPlusC": 0, "NTestedEco": 0, "Begin_Cn_5": 0, "Develop__9": 0, "Prof_CntEc": 0, "Dist_CntEc": 0, "pBeginEcon": 0, "pDevelopEc": 0, "pProfEcon": 0, "pDistEcon": 0, "DevPlus__9": 0, "ProfPlus_9": 0, "pDevPlusEc": 0, "pProfPlu_7": 0, "NTestedGeo": 0, "Begin_CntG": 0, "Develop_10": 0, "Prof_CntGe": 0, "Dist_CntGe": 0, "pBeginGeom": 0, "pDevelopGe": 0, "pProfGeome": 0, "pDistGeome": 0, "DevPlus_10": 0, "ProfPlus10": 0, "pDevPlusGe": 0, "pProfPlusG": 0, "NTestedLit": 63, "Begin_CntL": 0, "Develop_11": 0, "Prof_CntLi": 17, "Dist_CntLi": 46, "pBeginLit9": 0, "pDevelopLi": 0, "pProfLit9": 27, "pDistLit9": 73, "DevPlus_11": 63, "ProfPlus11": 63, "pDevPlusLi": 100, "pProfPlusL": 100, "NTestedPhy": 70, "Begin_CntP": 1, "Develop_12": 15, "Prof_CntPh": 43, "Dist_CntPh": 11, "pBeginPhys": 1, "pDevelopPh": 21, "pProfPhysS": 61, "pDistPhysS": 16, "DevPlus_12": 69, "ProfPlus12": 54, "pDevPlusPh": 99, "pProfPlusP": 77, "NTestedUSH": 0, "Begin_CntU": 0, "Develop_13": 0, "Prof_CntUS": 0, "Dist_CntUS": 0, "pBeginUSHi": 0, "pDevelopUS": 0, "pProfUSHis": 0, "pDistUSHis": 0, "DevPlus_13": 0, "ProfPlus13": 0, "pDevPlusUS": 0, "pProfPlusU": 0, "NDropout71": 13, "pNDropout7": 2, "Graduation": 0, "NUMBER_OF_": 0, "pHopeEligi": 0, "chENROLLME": -33, "pchENROLLM": -2.92, "chCCRPI": 0, "chpProfPlu": 0, "chpProfP_1": 0, "chpProfP_2": 0, "chpProfP_3": 0, "chpELA8": -4, "chpProfP_4": -7, "chpProfP_5": -7, "chpProfP_6": 0, "chpProfP_7": 0, "chpProfP_8": 0, "chpProfP_9": 0, "chpProfP10": 0, "chpProfP11": 0, "chpProfP12": 0, "chpProfP13": -7, "chpProfP14": 0, "GlobalID": "{C038C69F-3E23-4F4B-811F-2BA9301426D3}", "created_us": "opendata@arc", "created_da": "2020-03-25T00:00:00Z", "last_edite": "opendata@arc", "last_edi_1": "2020-03-25T00:00:00Z" }, "geometry": { "type": "Point", "coordinates": [ -84.35940220333309, 33.898144466831823 ] } },
{ "type": "Feature", "properties": { "OBJECTID": 1004, "SysSchool": 6600301, "GradeRange": "PK-05", "SchoolAddr": "2600 Jolly Rd", "SchoolCity": "Atlanta", "STATE": "GA", "SchoolZipC": "30349-3184", "MailAddres": "2600 Jolly Rd", "MailCity": "Atlanta", "MailZipCod": "30349-3184", "PrincipalN": "Turner, Cheree", "PrincipalE": " ", "SchoolPhon": "470.254.8144", "SchoolFax": "404.669.8148", "longitude": -84.474573, "latitude": 33.611147, "Year": 2019, "SchoolYear": "2018-19", "SystemID": 660, "SystemName": "Fulton County", "SchoolID": 301, "SchoolName": "Heritage Elementary School", "Type": "Elementary School", "ENROLLMENT": 445, "ENROLL_PER": 0, "ENROLL_P_1": 0, "ENROLL_P_2": 93, "ENROLL_P_3": 6, "ENROLL_P_4": 1, "ENROLL_P_5": 0, "ENROLL_P_6": 0, "ENROLL_P_7": 100, "ENROLL_P_8": 13, "ENROLL_P_9": 6, "ENROLL_PCT": 5, "ENROLL_P10": 3, "direct_cer": 69, "pAbsent0_5": 39, "pAbsent6_1": 39, "pAbsent16P": 21, "Churn": 49, "TeacherCou": 40, "AvgExp": 12, "pYrsLt1": 8, "pYears1_10": 40, "pYears11_2": 38, "pYears21_3": 13, "pYearsGt30": 3, "Debt": 0, "GenAdmin": 0, "Instructio": 9147, "Support": 183, "Ops": 667, "Media": 358, "PServices": 778, "Capital": 0, "SchoolAdmi": 1022, "Food": 0, "Transport": 15, "TotalSpend": 12170, "CCRPI": 62, "ClimateSta": 3, "NTestedELA": 62, "Begin_CntE": 30, "Develop_Cn": 15, "Prof_CntEL": 13, "Dist_CntEL": 4, "pBeginELA3": 48, "pDevelopEL": 24, "pProfELA3": 21, "pDistELA3": 7, "DevPlus_Cn": 32, "ProfPlus_C": 17, "pDevPlusEL": 52, "pProfPlusE": 28, "NTestedE_1": 57, "Begin_Cn_1": 20, "Develop__1": 25, "Prof_Cnt_1": 11, "Dist_Cnt_1": 1, "pBeginELA5": 35, "pDevelop_1": 44, "pProfELA5": 19, "pDistELA5": 2, "DevPlus__1": 37, "ProfPlus_1": 12, "pDevPlus_1": 65, "pProfPlu_1": 21, "NTestedMat": 62, "Begin_CntM": 18, "Develop__2": 26, "Prof_CntMa": 17, "Dist_CntMa": 1, "pBeginMath": 29, "pDevelopMa": 42, "pProfMath3": 27, "pDistMath3": 2, "DevPlus__2": 44, "ProfPlus_2": 18, "pDevPlusMa": 71, "pProfPlusM": 29, "NTestedM_1": 57, "Begin_Cn_2": 14, "Develop__3": 31, "Prof_Cnt_2": 10, "Dist_Cnt_2": 2, "pBeginMa_1": 25, "pDevelop_2": 54, "pProfMath5": 18, "pDistMath5": 4, "DevPlus__3": 43, "ProfPlus_3": 12, "pDevPlus_2": 75, "pProfPlu_2": 21, "NTestedE_2": 0, "BeginELA8_": 0, "DevelopELA": 0, "ProfELA8_C": 0, "DistELA8_C": 0, "NTestedM_2": 0, "BeginMath8": 0, "DevelopMat": 0, "ProfMath8_": 0, "DistMath8_": 0, "pBeginELA8": 0, "pDevelop_3": 0, "pProfELA8": 0, "pDistELA8": 0, "pBeginMa_2": 0, "pDevelop_4": 0, "pProfMath8": 0, "pDistMath8": 0, "DevPlusELA": 0, "ProfPlusEL": 0, "pDevPlus_3": 0, "pProfPlu_3": 0, "DevPlusMat": 0, "ProfPlusMa": 0, "pDevPlus_4": 0, "pProfPlu_4": 0, "NTestedAlg": 0, "Begin_CntA": 0, "Develop__4": 0, "Prof_CntAl": 0, "Dist_CntAl": 0, "pBeginAlge": 0, "pDevelopAl": 0, "pProfAlgeb": 0, "pDistAlgeb": 0, "DevPlus__4": 0, "ProfPlus_4": 0, "pDevPlusAl": 0, "pProfPlusA": 0, "NTestedAmL": 0, "Begin_Cn_3": 0, "Develop__5": 0, "Prof_CntAm": 0, "Dist_CntAm": 0, "pBeginAmLi": 0, "pDevelopAm": 0, "pProfAmLit": 0, "pDistAmLit": 0, "DevPlus__5": 0, "ProfPlus_5": 0, "pDevPlusAm": 0, "pProfPlu_5": 0, "NTestedAna": 0, "Begin_Cn_4": 0, "Develop__6": 0, "Prof_CntAn": 0, "Dist_CntAn": 0, "pBeginAnal": 0, "pDevelopAn": 0, "pProfAnalG": 0, "pDistAnalG": 0, "DevPlus__6": 0, "ProfPlus_6": 0, "pDevPlusAn": 0, "pProfPlu_6": 0, "NTestedBio": 0, "Begin_CntB": 0, "Develop__7": 0, "Prof_CntBi": 0, "Dist_CntBi": 0, "pBeginBiol": 0, "pDevelopBi": 0, "pProfBiolo": 0, "pDistBiolo": 0, "DevPlus__7": 0, "ProfPlus_7": 0, "pDevPlusBi": 0, "pProfPlusB": 0, "NTestedCoo": 0, "Begin_CntC": 0, "Develop__8": 0, "Prof_CntCo": 0, "Dist_CntCo": 0, "pBeginCoor": 0, "pDevelopCo": 0, "pProfCoord": 0, "pDistCoord": 0, "DevPlus__8": 0, "ProfPlus_8": 0, "pDevPlusCo": 0, "pProfPlusC": 0, "NTestedEco": 0, "Begin_Cn_5": 0, "Develop__9": 0, "Prof_CntEc": 0, "Dist_CntEc": 0, "pBeginEcon": 0, "pDevelopEc": 0, "pProfEcon": 0, "pDistEcon": 0, "DevPlus__9": 0, "ProfPlus_9": 0, "pDevPlusEc": 0, "pProfPlu_7": 0, "NTestedGeo": 0, "Begin_CntG": 0, "Develop_10": 0, "Prof_CntGe": 0, "Dist_CntGe": 0, "pBeginGeom": 0, "pDevelopGe": 0, "pProfGeome": 0, "pDistGeome": 0, "DevPlus_10": 0, "ProfPlus10": 0, "pDevPlusGe": 0, "pProfPlusG": 0, "NTestedLit": 0, "Begin_CntL": 0, "Develop_11": 0, "Prof_CntLi": 0, "Dist_CntLi": 0, "pBeginLit9": 0, "pDevelopLi": 0, "pProfLit9": 0, "pDistLit9": 0, "DevPlus_11": 0, "ProfPlus11": 0, "pDevPlusLi": 0, "pProfPlusL": 0, "NTestedPhy": 0, "Begin_CntP": 0, "Develop_12": 0, "Prof_CntPh": 0, "Dist_CntPh": 0, "pBeginPhys": 0, "pDevelopPh": 0, "pProfPhysS": 0, "pDistPhysS": 0, "DevPlus_12": 0, "ProfPlus12": 0, "pDevPlusPh": 0, "pProfPlusP": 0, "NTestedUSH": 0, "Begin_CntU": 0, "Develop_13": 0, "Prof_CntUS": 0, "Dist_CntUS": 0, "pBeginUSHi": 0, "pDevelopUS": 0, "pProfUSHis": 0, "pDistUSHis": 0, "DevPlus_13": 0, "ProfPlus13": 0, "pDevPlusUS": 0, "pProfPlusU": 0, "NDropout71": 0, "pNDropout7": 0, "Graduation": 0, "NUMBER_OF_": 0, "pHopeEligi": 0, "chENROLLME": -341, "pchENROLLM": -43.38, "chCCRPI": 9, "chpProfPlu": 14, "chpProfP_1": 14, "chpProfP_2": 7, "chpProfP_3": 4, "chpELA8": 0, "chpProfP_4": 0, "chpProfP_5": 0, "chpProfP_6": 0, "chpProfP_7": 0, "chpProfP_8": 0, "chpProfP_9": 0, "chpProfP10": 0, "chpProfP11": 0, "chpProfP12": 0, "chpProfP13": 0, "chpProfP14": 0, "GlobalID": "{FC72CC9C-D903-4726-AD27-C3B33A239F7D}", "created_us": "opendata@arc", "created_da": "2020-03-25T00:00:00Z", "last_edite": "opendata@arc", "last_edi_1": "2020-03-25T00:00:00Z" }, "geometry": { "type": "Point", "coordinates": [ -84.474577220831222, 33.611153402351214 ] } },
{ "type": "Feature", "properties": { "OBJECTID": 1013, "SysSchool": 6600390, "GradeRange": "PK-05", "SchoolAddr": "5320 Campbellton Rd SW", "SchoolCity": "Atlanta", "STATE": "GA", "SchoolZipC": "30331-7714", "MailAddres": "5320 Campbellton Rd SW", "MailCity": "Atlanta", "MailZipCod": "30331-7714", "PrincipalN": "Miley, LaToya", "PrincipalE": " ", "SchoolPhon": "404.346.6520", "SchoolFax": "404.346.6526", "longitude": -84.560888, "latitude": 33.70479, "Year": 2019, "SchoolYear": "2018-19", "SystemID": 660, "SystemName": "Fulton County", "SchoolID": 390, "SchoolName": "Randolph Elementary School", "Type": "Elementary School", "ENROLLMENT": 523, "ENROLL_PER": 0, "ENROLL_P_1": 0, "ENROLL_P_2": 96, "ENROLL_P_3": 1, "ENROLL_P_4": 2, "ENROLL_P_5": 0, "ENROLL_P_6": 0, "ENROLL_P_7": 69, "ENROLL_P_8": 8, "ENROLL_P_9": 0, "ENROLL_PCT": 0, "ENROLL_P10": 6, "direct_cer": 44, "pAbsent0_5": 56, "pAbsent6_1": 36, "pAbsent16P": 8, "Churn": 34, "TeacherCou": 34, "AvgExp": 14, "pYrsLt1": 6, "pYears1_10": 29, "pYears11_2": 41, "pYears21_3": 24, "pYearsGt30": 0, "Debt": 0, "GenAdmin": 0, "Instructio": 6905, "Support": 460, "Ops": 544, "Media": 287, "PServices": 177, "Capital": 0, "SchoolAdmi": 857, "Food": 0, "Transport": 10, "TotalSpend": 9239, "CCRPI": 66, "ClimateSta": 4, "NTestedELA": 98, "Begin_CntE": 23, "Develop_Cn": 39, "Prof_CntEL": 24, "Dist_CntEL": 12, "pBeginELA3": 24, "pDevelopEL": 40, "pProfELA3": 25, "pDistELA3": 12, "DevPlus_Cn": 75, "ProfPlus_C": 36, "pDevPlusEL": 77, "pProfPlusE": 37, "NTestedE_1": 105, "Begin_Cn_1": 22, "Develop__1": 38, "Prof_Cnt_1": 36, "Dist_Cnt_1": 9, "pBeginELA5": 21, "pDevelop_1": 36, "pProfELA5": 34, "pDistELA5": 9, "DevPlus__1": 83, "ProfPlus_1": 45, "pDevPlus_1": 79, "pProfPlu_1": 43, "NTestedMat": 97, "Begin_CntM": 14, "Develop__2": 44, "Prof_CntMa": 30, "Dist_CntMa": 9, "pBeginMath": 14, "pDevelopMa": 45, "pProfMath3": 31, "pDistMath3": 9, "DevPlus__2": 83, "ProfPlus_2": 39, "pDevPlusMa": 86, "pProfPlusM": 40, "NTestedM_1": 105, "Begin_Cn_2": 15, "Develop__3": 64, "Prof_Cnt_2": 20, "Dist_Cnt_2": 6, "pBeginMa_1": 14, "pDevelop_2": 61, "pProfMath5": 19, "pDistMath5": 6, "DevPlus__3": 90, "ProfPlus_3": 26, "pDevPlus_2": 86, "pProfPlu_2": 25, "NTestedE_2": 0, "BeginELA8_": 0, "DevelopELA": 0, "ProfELA8_C": 0, "DistELA8_C": 0, "NTestedM_2": 0, "BeginMath8": 0, "DevelopMat": 0, "ProfMath8_": 0, "DistMath8_": 0, "pBeginELA8": 0, "pDevelop_3": 0, "pProfELA8": 0, "pDistELA8": 0, "pBeginMa_2": 0, "pDevelop_4": 0, "pProfMath8": 0, "pDistMath8": 0, "DevPlusELA": 0, "ProfPlusEL": 0, "pDevPlus_3": 0, "pProfPlu_3": 0, "DevPlusMat": 0, "ProfPlusMa": 0, "pDevPlus_4": 0, "pProfPlu_4": 0, "NTestedAlg": 0, "Begin_CntA": 0, "Develop__4": 0, "Prof_CntAl": 0, "Dist_CntAl": 0, "pBeginAlge": 0, "pDevelopAl": 0, "pProfAlgeb": 0, "pDistAlgeb": 0, "DevPlus__4": 0, "ProfPlus_4": 0, "pDevPlusAl": 0, "pProfPlusA": 0, "NTestedAmL": 0, "Begin_Cn_3": 0, "Develop__5": 0, "Prof_CntAm": 0, "Dist_CntAm": 0, "pBeginAmLi": 0, "pDevelopAm": 0, "pProfAmLit": 0, "pDistAmLit": 0, "DevPlus__5": 0, "ProfPlus_5": 0, "pDevPlusAm": 0, "pProfPlu_5": 0, "NTestedAna": 0, "Begin_Cn_4": 0, "Develop__6": 0, "Prof_CntAn": 0, "Dist_CntAn": 0, "pBeginAnal": 0, "pDevelopAn": 0, "pProfAnalG": 0, "pDistAnalG": 0, "DevPlus__6": 0, "ProfPlus_6": 0, "pDevPlusAn": 0, "pProfPlu_6": 0, "NTestedBio": 0, "Begin_CntB": 0, "Develop__7": 0, "Prof_CntBi": 0, "Dist_CntBi": 0, "pBeginBiol": 0, "pDevelopBi": 0, "pProfBiolo": 0, "pDistBiolo": 0, "DevPlus__7": 0, "ProfPlus_7": 0, "pDevPlusBi": 0, "pProfPlusB": 0, "NTestedCoo": 0, "Begin_CntC": 0, "Develop__8": 0, "Prof_CntCo": 0, "Dist_CntCo": 0, "pBeginCoor": 0, "pDevelopCo": 0, "pProfCoord": 0, "pDistCoord": 0, "DevPlus__8": 0, "ProfPlus_8": 0, "pDevPlusCo": 0, "pProfPlusC": 0, "NTestedEco": 0, "Begin_Cn_5": 0, "Develop__9": 0, "Prof_CntEc": 0, "Dist_CntEc": 0, "pBeginEcon": 0, "pDevelopEc": 0, "pProfEcon": 0, "pDistEcon": 0, "DevPlus__9": 0, "ProfPlus_9": 0, "pDevPlusEc": 0, "pProfPlu_7": 0, "NTestedGeo": 0, "Begin_CntG": 0, "Develop_10": 0, "Prof_CntGe": 0, "Dist_CntGe": 0, "pBeginGeom": 0, "pDevelopGe": 0, "pProfGeome": 0, "pDistGeome": 0, "DevPlus_10": 0, "ProfPlus10": 0, "pDevPlusGe": 0, "pProfPlusG": 0, "NTestedLit": 0, "Begin_CntL": 0, "Develop_11": 0, "Prof_CntLi": 0, "Dist_CntLi": 0, "pBeginLit9": 0, "pDevelopLi": 0, "pProfLit9": 0, "pDistLit9": 0, "DevPlus_11": 0, "ProfPlus11": 0, "pDevPlusLi": 0, "pProfPlusL": 0, "NTestedPhy": 0, "Begin_CntP": 0, "Develop_12": 0, "Prof_CntPh": 0, "Dist_CntPh": 0, "pBeginPhys": 0, "pDevelopPh": 0, "pProfPhysS": 0, "pDistPhysS": 0, "DevPlus_12": 0, "ProfPlus12": 0, "pDevPlusPh": 0, "pProfPlusP": 0, "NTestedUSH": 0, "Begin_CntU": 0, "Develop_13": 0, "Prof_CntUS": 0, "Dist_CntUS": 0, "pBeginUSHi": 0, "pDevelopUS": 0, "pProfUSHis": 0, "pDistUSHis": 0, "DevPlus_13": 0, "ProfPlus13": 0, "pDevPlusUS": 0, "pProfPlusU": 0, "NDropout71": 0, "pNDropout7": 0, "Graduation": 0, "NUMBER_OF_": 0, "pHopeEligi": 0, "chENROLLME": -77, "pchENROLLM": -12.83, "chCCRPI": 13, "chpProfPlu": 4, "chpProfP_1": 9, "chpProfP_2": 7, "chpProfP_3": 10, "chpELA8": 0, "chpProfP_4": 0, "chpProfP_5": 0, "chpProfP_6": 0, "chpProfP_7": 0, "chpProfP_8": 0, "chpProfP_9": 0, "chpProfP10": 0, "chpProfP11": 0, "chpProfP12": 0, "chpProfP13": 0, "chpProfP14": 0, "GlobalID": "{DB615316-C1EF-4CB1-916B-5F0BEF5AAB6C}", "created_us": "opendata@arc", "created_da": "2020-03-25T00:00:00Z", "last_edite": "opendata@arc", "last_edi_1": "2020-03-25T00:00:00Z" }, "geometry": { "type": "Point", "coordinates": [ -84.560892250046052, 33.704796418044587 ] } },
{ "type": "Feature", "properties": { "OBJECTID": 1025, "SysSchool": 6600505, "GradeRange": "06-08", "SchoolAddr": "5400 Campbellton Rd SW", "SchoolCity": "Atlanta", "STATE": "GA", "SchoolZipC": "30331-7716", "MailAddres": "5400 Campbellton Rd SW", "MailCity": "Atlanta", "MailZipCod": "30331-7716", "PrincipalN": "Cook, Estella", "PrincipalE": " ", "SchoolPhon": "470.254.6500", "SchoolFax": "404.346.6510", "longitude": -84.561119, "latitude": 33.699206, "Year": 2019, "SchoolYear": "2018-19", "SystemID": 660, "SystemName": "Fulton County", "SchoolID": 505, "SchoolName": "Sandtown Middle School", "Type": "Middle School", "ENROLLMENT": 894, "ENROLL_PER": 0, "ENROLL_P_1": 0, "ENROLL_P_2": 95, "ENROLL_P_3": 3, "ENROLL_P_4": 2, "ENROLL_P_5": 0, "ENROLL_P_6": 0, "ENROLL_P_7": 58, "ENROLL_P_8": 11, "ENROLL_P_9": 1, "ENROLL_PCT": 0, "ENROLL_P10": 15, "direct_cer": 29, "pAbsent0_5": 60, "pAbsent6_1": 32, "pAbsent16P": 8, "Churn": 21, "TeacherCou": 62, "AvgExp": 12, "pYrsLt1": 5, "pYears1_10": 42, "pYears11_2": 39, "pYears21_3": 13, "pYearsGt30": 2, "Debt": 0, "GenAdmin": 0, "Instructio": 6277, "Support": 635, "Ops": 524, "Media": 173, "PServices": 370, "Capital": 0, "SchoolAdmi": 770, "Food": 0, "Transport": 20, "TotalSpend": 8769, "CCRPI": 81, "ClimateSta": 4, "NTestedELA": 0, "Begin_CntE": 0, "Develop_Cn": 0, "Prof_CntEL": 0, "Dist_CntEL": 0, "pBeginELA3": 0, "pDevelopEL": 0, "pProfELA3": 0, "pDistELA3": 0, "DevPlus_Cn": 0, "ProfPlus_C": 0, "pDevPlusEL": 0, "pProfPlusE": 0, "NTestedE_1": 0, "Begin_Cn_1": 0, "Develop__1": 0, "Prof_Cnt_1": 0, "Dist_Cnt_1": 0, "pBeginELA5": 0, "pDevelop_1": 0, "pProfELA5": 0, "pDistELA5": 0, "DevPlus__1": 0, "ProfPlus_1": 0, "pDevPlus_1": 0, "pProfPlu_1": 0, "NTestedMat": 0, "Begin_CntM": 0, "Develop__2": 0, "Prof_CntMa": 0, "Dist_CntMa": 0, "pBeginMath": 0, "pDevelopMa": 0, "pProfMath3": 0, "pDistMath3": 0, "DevPlus__2": 0, "ProfPlus_2": 0, "pDevPlusMa": 0, "pProfPlusM": 0, "NTestedM_1": 0, "Begin_Cn_2": 0, "Develop__3": 0, "Prof_Cnt_2": 0, "Dist_Cnt_2": 0, "pBeginMa_1": 0, "pDevelop_2": 0, "pProfMath5": 0, "pDistMath5": 0, "DevPlus__3": 0, "ProfPlus_3": 0, "pDevPlus_2": 0, "pProfPlu_2": 0, "NTestedE_2": 257, "BeginELA8_": 42, "DevelopELA": 118, "ProfELA8_C": 85, "DistELA8_C": 12, "NTestedM_2": 291, "BeginMath8": 67, "DevelopMat": 130, "ProfMath8_": 74, "DistMath8_": 20, "pBeginELA8": 16, "pDevelop_3": 46, "pProfELA8": 33, "pDistELA8": 5, "pBeginMa_2": 23, "pDevelop_4": 45, "pProfMath8": 25, "pDistMath8": 7, "DevPlusELA": 215, "ProfPlusEL": 97, "pDevPlus_3": 84, "pProfPlu_3": 38, "DevPlusMat": 224, "ProfPlusMa": 94, "pDevPlus_4": 77, "pProfPlu_4": 32, "NTestedAlg": 31, "Begin_CntA": 2, "Develop__4": 10, "Prof_CntAl": 10, "Dist_CntAl": 9, "pBeginAlge": 7, "pDevelopAl": 32, "pProfAlgeb": 32, "pDistAlgeb": 29, "DevPlus__4": 29, "ProfPlus_4": 19, "pDevPlusAl": 94, "pProfPlusA": 61, "NTestedAmL": 0, "Begin_Cn_3": 0, "Develop__5": 0, "Prof_CntAm": 0, "Dist_CntAm": 0, "pBeginAmLi": 0, "pDevelopAm": 0, "pProfAmLit": 0, "pDistAmLit": 0, "DevPlus__5": 0, "ProfPlus_5": 0, "pDevPlusAm": 0, "pProfPlu_5": 0, "NTestedAna": 0, "Begin_Cn_4": 0, "Develop__6": 0, "Prof_CntAn": 0, "Dist_CntAn": 0, "pBeginAnal": 0, "pDevelopAn": 0, "pProfAnalG": 0, "pDistAnalG": 0, "DevPlus__6": 0, "ProfPlus_6": 0, "pDevPlusAn": 0, "pProfPlu_6": 0, "NTestedBio": 0, "Begin_CntB": 0, "Develop__7": 0, "Prof_CntBi": 0, "Dist_CntBi": 0, "pBeginBiol": 0, "pDevelopBi": 0, "pProfBiolo": 0, "pDistBiolo": 0, "DevPlus__7": 0, "ProfPlus_7": 0, "pDevPlusBi": 0, "pProfPlusB": 0, "NTestedCoo": 0, "Begin_CntC": 0, "Develop__8": 0, "Prof_CntCo": 0, "Dist_CntCo": 0, "pBeginCoor": 0, "pDevelopCo": 0, "pProfCoord": 0, "pDistCoord": 0, "DevPlus__8": 0, "ProfPlus_8": 0, "pDevPlusCo": 0, "pProfPlusC": 0, "NTestedEco": 0, "Begin_Cn_5": 0, "Develop__9": 0, "Prof_CntEc": 0, "Dist_CntEc": 0, "pBeginEcon": 0, "pDevelopEc": 0, "pProfEcon": 0, "pDistEcon": 0, "DevPlus__9": 0, "ProfPlus_9": 0, "pDevPlusEc": 0, "pProfPlu_7": 0, "NTestedGeo": 0, "Begin_CntG": 0, "Develop_10": 0, "Prof_CntGe": 0, "Dist_CntGe": 0, "pBeginGeom": 0, "pDevelopGe": 0, "pProfGeome": 0, "pDistGeome": 0, "DevPlus_10": 0, "ProfPlus10": 0, "pDevPlusGe": 0, "pProfPlusG": 0, "NTestedLit": 34, "Begin_CntL": 0, "Develop_11": 2, "Prof_CntLi": 20, "Dist_CntLi": 12, "pBeginLit9": 0, "pDevelopLi": 6, "pProfLit9": 59, "pDistLit9": 35, "DevPlus_11": 34, "ProfPlus11": 32, "pDevPlusLi": 100, "pProfPlusL": 94, "NTestedPhy": 30, "Begin_CntP": 7, "Develop_12": 8, "Prof_CntPh": 15, "Dist_CntPh": 0, "pBeginPhys": 23, "pDevelopPh": 27, "pProfPhysS": 50, "pDistPhysS": 0, "DevPlus_12": 23, "ProfPlus12": 15, "pDevPlusPh": 77, "pProfPlusP": 50, "NTestedUSH": 0, "Begin_CntU": 0, "Develop_13": 0, "Prof_CntUS": 0, "Dist_CntUS": 0, "pBeginUSHi": 0, "pDevelopUS": 0, "pProfUSHis": 0, "pDistUSHis": 0, "DevPlus_13": 0, "ProfPlus13": 0, "pDevPlusUS": 0, "pProfPlusU": 0, "NDropout71": 0, "pNDropout7": 0, "Graduation": 0, "NUMBER_OF_": 0, "pHopeEligi": 0, "chENROLLME": -42, "pchENROLLM": -4.48, "chCCRPI": 16, "chpProfPlu": 0, "chpProfP_1": 0, "chpProfP_2": 0, "chpProfP_3": 0, "chpELA8": -7, "chpProfP_4": 12, "chpProfP_5": 13, "chpProfP_6": 0, "chpProfP_7": 0, "chpProfP_8": 0, "chpProfP_9": 0, "chpProfP10": 0, "chpProfP11": 0, "chpProfP12": 4, "chpProfP13": 0, "chpProfP14": 0, "GlobalID": "{8E9EA92F-9650-470C-8B71-FED75718E9B4}", "created_us": "opendata@arc", "created_da": "2020-03-25T00:00:00Z", "last_edite": "opendata@arc", "last_edi_1": "2020-03-25T00:00:00Z" }, "geometry": { "type": "Point", "coordinates": [ -84.561123250024721, 33.699212417130575 ] } },
{ "type": "Feature", "properties": { "OBJECTID": 1028, "SysSchool": 6600603, "GradeRange": "06-08", "SchoolAddr": "8750 Pride Pl", "SchoolCity": "Atlanta", "STATE": "GA", "SchoolZipC": "30350-2510", "MailAddres": "8750 Pride Pl", "MailCity": "Atlanta", "MailZipCod": "30350-2510", "PrincipalN": "Campbell, Keynun", "PrincipalE": " ", "SchoolPhon": "470.254.4970", "SchoolFax": "404.763.5529", "longitude": -84.33948, "latitude": 33.996967, "Year": 2019, "SchoolYear": "2018-19", "SystemID": 660, "SystemName": "Fulton County", "SchoolID": 603, "SchoolName": "Sandy Springs Middle School", "Type": "Middle School", "ENROLLMENT": 953, "ENROLL_PER": 3, "ENROLL_P_1": 0, "ENROLL_P_2": 48, "ENROLL_P_3": 27, "ENROLL_P_4": 3, "ENROLL_P_5": 19, "ENROLL_P_6": 0, "ENROLL_P_7": 60, "ENROLL_P_8": 13, "ENROLL_P_9": 20, "ENROLL_PCT": 7, "ENROLL_P10": 17, "direct_cer": 24, "pAbsent0_5": 56, "pAbsent6_1": 36, "pAbsent16P": 8, "Churn": 18, "TeacherCou": 69, "AvgExp": 8, "pYrsLt1": 10, "pYears1_10": 59, "pYears11_2": 15, "pYears21_3": 13, "pYearsGt30": 3, "Debt": 0, "GenAdmin": 0, "Instructio": 6720, "Support": 190, "Ops": 460, "Media": 128, "PServices": 287, "Capital": 0, "SchoolAdmi": 661, "Food": 0, "Transport": 16, "TotalSpend": 8461, "CCRPI": 83, "ClimateSta": 4, "NTestedELA": 0, "Begin_CntE": 0, "Develop_Cn": 0, "Prof_CntEL": 0, "Dist_CntEL": 0, "pBeginELA3": 0, "pDevelopEL": 0, "pProfELA3": 0, "pDistELA3": 0, "DevPlus_Cn": 0, "ProfPlus_C": 0, "pDevPlusEL": 0, "pProfPlusE": 0, "NTestedE_1": 0, "Begin_Cn_1": 0, "Develop__1": 0, "Prof_Cnt_1": 0, "Dist_Cnt_1": 0, "pBeginELA5": 0, "pDevelop_1": 0, "pProfELA5": 0, "pDistELA5": 0, "DevPlus__1": 0, "ProfPlus_1": 0, "pDevPlus_1": 0, "pProfPlu_1": 0, "NTestedMat": 0, "Begin_CntM": 0, "Develop__2": 0, "Prof_CntMa": 0, "Dist_CntMa": 0, "pBeginMath": 0, "pDevelopMa": 0, "pProfMath3": 0, "pDistMath3": 0, "DevPlus__2": 0, "ProfPlus_2": 0, "pDevPlusMa": 0, "pProfPlusM": 0, "NTestedM_1": 0, "Begin_Cn_2": 0, "Develop__3": 0, "Prof_Cnt_2": 0, "Dist_Cnt_2": 0, "pBeginMa_1": 0, "pDevelop_2": 0, "pProfMath5": 0, "pDistMath5": 0, "DevPlus__3": 0, "ProfPlus_3": 0, "pDevPlus_2": 0, "pProfPlu_2": 0, "NTestedE_2": 273, "BeginELA8_": 39, "DevelopELA": 118, "ProfELA8_C": 90, "DistELA8_C": 26, "NTestedM_2": 300, "BeginMath8": 59, "DevelopMat": 134, "ProfMath8_": 76, "DistMath8_": 31, "pBeginELA8": 14, "pDevelop_3": 43, "pProfELA8": 33, "pDistELA8": 10, "pBeginMa_2": 20, "pDevelop_4": 45, "pProfMath8": 25, "pDistMath8": 10, "DevPlusELA": 234, "ProfPlusEL": 116, "pDevPlus_3": 86, "pProfPlu_3": 43, "DevPlusMat": 241, "ProfPlusMa": 107, "pDevPlus_4": 80, "pProfPlu_4": 36, "NTestedAlg": 39, "Begin_CntA": 1, "Develop__4": 5, "Prof_CntAl": 13, "Dist_CntAl": 20, "pBeginAlge": 3, "pDevelopAl": 13, "pProfAlgeb": 33, "pDistAlgeb": 51, "DevPlus__4": 38, "ProfPlus_4": 33, "pDevPlusAl": 97, "pProfPlusA": 85, "NTestedAmL": 0, "Begin_Cn_3": 0, "Develop__5": 0, "Prof_CntAm": 0, "Dist_CntAm": 0, "pBeginAmLi": 0, "pDevelopAm": 0, "pProfAmLit": 0, "pDistAmLit": 0, "DevPlus__5": 0, "ProfPlus_5": 0, "pDevPlusAm": 0, "pProfPlu_5": 0, "NTestedAna": 0, "Begin_Cn_4": 0, "Develop__6": 0, "Prof_CntAn": 0, "Dist_CntAn": 0, "pBeginAnal": 0, "pDevelopAn": 0, "pProfAnalG": 0, "pDistAnalG": 0, "DevPlus__6": 0, "ProfPlus_6": 0, "pDevPlusAn": 0, "pProfPlu_6": 0, "NTestedBio": 0, "Begin_CntB": 0, "Develop__7": 0, "Prof_CntBi": 0, "Dist_CntBi": 0, "pBeginBiol": 0, "pDevelopBi": 0, "pProfBiolo": 0, "pDistBiolo": 0, "DevPlus__7": 0, "ProfPlus_7": 0, "pDevPlusBi": 0, "pProfPlusB": 0, "NTestedCoo": 0, "Begin_CntC": 0, "Develop__8": 0, "Prof_CntCo": 0, "Dist_CntCo": 0, "pBeginCoor": 0, "pDevelopCo": 0, "pProfCoord": 0, "pDistCoord": 0, "DevPlus__8": 0, "ProfPlus_8": 0, "pDevPlusCo": 0, "pProfPlusC": 0, "NTestedEco": 0, "Begin_Cn_5": 0, "Develop__9": 0, "Prof_CntEc": 0, "Dist_CntEc": 0, "pBeginEcon": 0, "pDevelopEc": 0, "pProfEcon": 0, "pDistEcon": 0, "DevPlus__9": 0, "ProfPlus_9": 0, "pDevPlusEc": 0, "pProfPlu_7": 0, "NTestedGeo": 0, "Begin_CntG": 0, "Develop_10": 0, "Prof_CntGe": 0, "Dist_CntGe": 0, "pBeginGeom": 0, "pDevelopGe": 0, "pProfGeome": 0, "pDistGeome": 0, "DevPlus_10": 0, "ProfPlus10": 0, "pDevPlusGe": 0, "pProfPlusG": 0, "NTestedLit": 27, "Begin_CntL": 0, "Develop_11": 0, "Prof_CntLi": 10, "Dist_CntLi": 17, "pBeginLit9": 0, "pDevelopLi": 0, "pProfLit9": 37, "pDistLit9": 63, "DevPlus_11": 27, "ProfPlus11": 27, "pDevPlusLi": 100, "pProfPlusL": 100, "NTestedPhy": 37, "Begin_CntP": 0, "Develop_12": 1, "Prof_CntPh": 8, "Dist_CntPh": 28, "pBeginPhys": 0, "pDevelopPh": 3, "pProfPhysS": 22, "pDistPhysS": 76, "DevPlus_12": 37, "ProfPlus12": 36, "pDevPlusPh": 100, "pProfPlusP": 97, "NTestedUSH": 0, "Begin_CntU": 0, "Develop_13": 0, "Prof_CntUS": 0, "Dist_CntUS": 0, "pBeginUSHi": 0, "pDevelopUS": 0, "pProfUSHis": 0, "pDistUSHis": 0, "DevPlus_13": 0, "ProfPlus13": 0, "pDevPlusUS": 0, "pProfPlusU": 0, "NDropout71": 0, "pNDropout7": 0, "Graduation": 0, "NUMBER_OF_": 0, "pHopeEligi": 0, "chENROLLME": 93, "pchENROLLM": 10.81, "chCCRPI": 15, "chpProfPlu": 0, "chpProfP_1": 0, "chpProfP_2": 0, "chpProfP_3": 0, "chpELA8": 2, "chpProfP_4": 18, "chpProfP_5": -7, "chpProfP_6": 0, "chpProfP_7": 0, "chpProfP_8": 0, "chpProfP_9": 0, "chpProfP10": 0, "chpProfP11": 0, "chpProfP12": 0, "chpProfP13": 35, "chpProfP14": 0, "GlobalID": "{2E773520-3C74-4373-AD4A-61136EA90DF5}", "created_us": "opendata@arc", "created_da": "2020-03-25T00:00:00Z", "last_edite": "opendata@arc", "last_edi_1": "2020-03-25T00:00:00Z" }, "geometry": { "type": "Point", "coordinates": [ -84.339484201694745, 33.996973489069561 ] } },
{ "type": "Feature", "properties": { "OBJECTID": 1032, "SysSchool": 6600702, "GradeRange": "PK-05", "SchoolAddr": "1130 Spalding Dr", "SchoolCity": "Atlanta", "STATE": "GA", "SchoolZipC": "30350-5013", "MailAddres": "1130 Spalding Dr", "MailCity": "Atlanta", "MailZipCod": "30350-5013", "PrincipalN": "McGee, Tara", "PrincipalE": " ", "SchoolPhon": "470.254.5890", "SchoolFax": "770.673.4091", "longitude": -84.351576, "latitude": 33.961421, "Year": 2019, "SchoolYear": "2018-19", "SystemID": 660, "SystemName": "Fulton County", "SchoolID": 702, "SchoolName": "Woodland Elementary School", "Type": "Elementary School", "ENROLLMENT": 1010, "ENROLL_PER": 35, "ENROLL_P_1": 0, "ENROLL_P_2": 34, "ENROLL_P_3": 14, "ENROLL_P_4": 4, "ENROLL_P_5": 13, "ENROLL_P_6": 0, "ENROLL_P_7": 39, "ENROLL_P_8": 7, "ENROLL_P_9": 32, "ENROLL_PCT": 22, "ENROLL_P10": 4, "direct_cer": 17, "pAbsent0_5": 53, "pAbsent6_1": 41, "pAbsent16P": 6, "Churn": 34, "TeacherCou": 84, "AvgExp": 7, "pYrsLt1": 12, "pYears1_10": 63, "pYears11_2": 14, "pYears21_3": 8, "pYearsGt30": 2, "Debt": 0, "GenAdmin": 0, "Instructio": 6285, "Support": 225, "Ops": 379, "Media": 126, "PServices": 559, "Capital": 0, "SchoolAdmi": 606, "Food": 0, "Transport": 1, "TotalSpend": 8181, "CCRPI": 86, "ClimateSta": 5, "NTestedELA": 123, "Begin_CntE": 22, "Develop_Cn": 30, "Prof_CntEL": 42, "Dist_CntEL": 29, "pBeginELA3": 18, "pDevelopEL": 24, "pProfELA3": 34, "pDistELA3": 24, "DevPlus_Cn": 101, "ProfPlus_C": 71, "pDevPlusEL": 82, "pProfPlusE": 58, "NTestedE_1": 117, "Begin_Cn_1": 9, "Develop__1": 27, "Prof_Cnt_1": 52, "Dist_Cnt_1": 29, "pBeginELA5": 8, "pDevelop_1": 23, "pProfELA5": 44, "pDistELA5": 25, "DevPlus__1": 108, "ProfPlus_1": 81, "pDevPlus_1": 92, "pProfPlu_1": 69, "NTestedMat": 123, "Begin_CntM": 5, "Develop__2": 22, "Prof_CntMa": 55, "Dist_CntMa": 41, "pBeginMath": 4, "pDevelopMa": 18, "pProfMath3": 45, "pDistMath3": 33, "DevPlus__2": 118, "ProfPlus_2": 96, "pDevPlusMa": 96, "pProfPlusM": 78, "NTestedM_1": 118, "Begin_Cn_2": 7, "Develop__3": 46, "Prof_Cnt_2": 36, "Dist_Cnt_2": 29, "pBeginMa_1": 6, "pDevelop_2": 39, "pProfMath5": 31, "pDistMath5": 25, "DevPlus__3": 111, "ProfPlus_3": 65, "pDevPlus_2": 94, "pProfPlu_2": 55, "NTestedE_2": 0, "BeginELA8_": 0, "DevelopELA": 0, "ProfELA8_C": 0, "DistELA8_C": 0, "NTestedM_2": 0, "BeginMath8": 0, "DevelopMat": 0, "ProfMath8_": 0, "DistMath8_": 0, "pBeginELA8": 0, "pDevelop_3": 0, "pProfELA8": 0, "pDistELA8": 0, "pBeginMa_2": 0, "pDevelop_4": 0, "pProfMath8": 0, "pDistMath8": 0, "DevPlusELA": 0, "ProfPlusEL": 0, "pDevPlus_3": 0, "pProfPlu_3": 0, "DevPlusMat": 0, "ProfPlusMa": 0, "pDevPlus_4": 0, "pProfPlu_4": 0, "NTestedAlg": 0, "Begin_CntA": 0, "Develop__4": 0, "Prof_CntAl": 0, "Dist_CntAl": 0, "pBeginAlge": 0, "pDevelopAl": 0, "pProfAlgeb": 0, "pDistAlgeb": 0, "DevPlus__4": 0, "ProfPlus_4": 0, "pDevPlusAl": 0, "pProfPlusA": 0, "NTestedAmL": 0, "Begin_Cn_3": 0, "Develop__5": 0, "Prof_CntAm": 0, "Dist_CntAm": 0, "pBeginAmLi": 0, "pDevelopAm": 0, "pProfAmLit": 0, "pDistAmLit": 0, "DevPlus__5": 0, "ProfPlus_5": 0, "pDevPlusAm": 0, "pProfPlu_5": 0, "NTestedAna": 0, "Begin_Cn_4": 0, "Develop__6": 0, "Prof_CntAn": 0, "Dist_CntAn": 0, "pBeginAnal": 0, "pDevelopAn": 0, "pProfAnalG": 0, "pDistAnalG": 0, "DevPlus__6": 0, "ProfPlus_6": 0, "pDevPlusAn": 0, "pProfPlu_6": 0, "NTestedBio": 0, "Begin_CntB": 0, "Develop__7": 0, "Prof_CntBi": 0, "Dist_CntBi": 0, "pBeginBiol": 0, "pDevelopBi": 0, "pProfBiolo": 0, "pDistBiolo": 0, "DevPlus__7": 0, "ProfPlus_7": 0, "pDevPlusBi": 0, "pProfPlusB": 0, "NTestedCoo": 0, "Begin_CntC": 0, "Develop__8": 0, "Prof_CntCo": 0, "Dist_CntCo": 0, "pBeginCoor": 0, "pDevelopCo": 0, "pProfCoord": 0, "pDistCoord": 0, "DevPlus__8": 0, "ProfPlus_8": 0, "pDevPlusCo": 0, "pProfPlusC": 0, "NTestedEco": 0, "Begin_Cn_5": 0, "Develop__9": 0, "Prof_CntEc": 0, "Dist_CntEc": 0, "pBeginEcon": 0, "pDevelopEc": 0, "pProfEcon": 0, "pDistEcon": 0, "DevPlus__9": 0, "ProfPlus_9": 0, "pDevPlusEc": 0, "pProfPlu_7": 0, "NTestedGeo": 0, "Begin_CntG": 0, "Develop_10": 0, "Prof_CntGe": 0, "Dist_CntGe": 0, "pBeginGeom": 0, "pDevelopGe": 0, "pProfGeome": 0, "pDistGeome": 0, "DevPlus_10": 0, "ProfPlus10": 0, "pDevPlusGe": 0, "pProfPlusG": 0, "NTestedLit": 0, "Begin_CntL": 0, "Develop_11": 0, "Prof_CntLi": 0, "Dist_CntLi": 0, "pBeginLit9": 0, "pDevelopLi": 0, "pProfLit9": 0, "pDistLit9": 0, "DevPlus_11": 0, "ProfPlus11": 0, "pDevPlusLi": 0, "pProfPlusL": 0, "NTestedPhy": 0, "Begin_CntP": 0, "Develop_12": 0, "Prof_CntPh": 0, "Dist_CntPh": 0, "pBeginPhys": 0, "pDevelopPh": 0, "pProfPhysS": 0, "pDistPhysS": 0, "DevPlus_12": 0, "ProfPlus12": 0, "pDevPlusPh": 0, "pProfPlusP": 0, "NTestedUSH": 0, "Begin_CntU": 0, "Develop_13": 0, "Prof_CntUS": 0, "Dist_CntUS": 0, "pBeginUSHi": 0, "pDevelopUS": 0, "pProfUSHis": 0, "pDistUSHis": 0, "DevPlus_13": 0, "ProfPlus13": 0, "pDevPlusUS": 0, "pProfPlusU": 0, "NDropout71": 0, "pNDropout7": 0, "Graduation": 0, "NUMBER_OF_": 0, "pHopeEligi": 0, "chENROLLME": 113, "pchENROLLM": 12.59, "chCCRPI": 3, "chpProfPlu": 13, "chpProfP_1": 37, "chpProfP_2": 25, "chpProfP_3": 21, "chpELA8": 0, "chpProfP_4": 0, "chpProfP_5": 0, "chpProfP_6": 0, "chpProfP_7": 0, "chpProfP_8": 0, "chpProfP_9": 0, "chpProfP10": 0, "chpProfP11": 0, "chpProfP12": 0, "chpProfP13": 0, "chpProfP14": 0, "GlobalID": "{4B665C0F-F210-4298-AC04-FBCE3AADBF58}", "created_us": "opendata@arc", "created_da": "2020-03-25T00:00:00Z", "last_edite": "opendata@arc", "last_edi_1": "2020-03-25T00:00:00Z" }, "geometry": { "type": "Point", "coordinates": [ -84.351580203844989, 33.961427480672278 ] } },
{ "type": "Feature", "properties": { "OBJECTID": 1034, "SysSchool": 6600909, "GradeRange": "PK-05", "SchoolAddr": "5920 Sandy Springs Cir", "SchoolCity": "Atlanta", "STATE": "GA", "SchoolZipC": "30328-5937", "MailAddres": "5920 Sandy Springs Cir", "MailCity": "Atlanta", "MailZipCod": "30328-5937", "PrincipalN": "Barton, Taylor H", "PrincipalE": " ", "SchoolPhon": "470.254.8740", "SchoolFax": " ", "longitude": -84.38518, "latitude": 33.916828, "Year": 2019, "SchoolYear": "2018-19", "SystemID": 660, "SystemName": "Fulton County", "SchoolID": 909, "SchoolName": "Lake Forest Elementary", "Type": "Elementary School", "ENROLLMENT": 733, "ENROLL_PER": 1, "ENROLL_P_1": 0, "ENROLL_P_2": 4, "ENROLL_P_3": 91, "ENROLL_P_4": 0, "ENROLL_P_5": 3, "ENROLL_P_6": 0, "ENROLL_P_7": 100, "ENROLL_P_8": 12, "ENROLL_P_9": 85, "ENROLL_PCT": 68, "ENROLL_P10": 5, "direct_cer": 51, "pAbsent0_5": 65, "pAbsent6_1": 30, "pAbsent16P": 5, "Churn": 12, "TeacherCou": 75, "AvgExp": 9, "pYrsLt1": 8, "pYears1_10": 60, "pYears11_2": 13, "pYears21_3": 19, "pYearsGt30": 0, "Debt": 0, "GenAdmin": 0, "Instructio": 7333, "Support": 405, "Ops": 414, "Media": 171, "PServices": 592, "Capital": 0, "SchoolAdmi": 592, "Food": 0, "Transport": 1, "TotalSpend": 9508, "CCRPI": 79, "ClimateSta": 5, "NTestedELA": 125, "Begin_CntE": 43, "Develop_Cn": 45, "Prof_CntEL": 31, "Dist_CntEL": 6, "pBeginELA3": 34, "pDevelopEL": 36, "pProfELA3": 25, "pDistELA3": 5, "DevPlus_Cn": 82, "ProfPlus_C": 37, "pDevPlusEL": 66, "pProfPlusE": 30, "NTestedE_1": 122, "Begin_Cn_1": 24, "Develop__1": 63, "Prof_Cnt_1": 29, "Dist_Cnt_1": 6, "pBeginELA5": 20, "pDevelop_1": 52, "pProfELA5": 24, "pDistELA5": 5, "DevPlus__1": 98, "ProfPlus_1": 35, "pDevPlus_1": 80, "pProfPlu_1": 29, "NTestedMat": 124, "Begin_CntM": 30, "Develop__2": 48, "Prof_CntMa": 40, "Dist_CntMa": 6, "pBeginMath": 24, "pDevelopMa": 39, "pProfMath3": 32, "pDistMath3": 5, "DevPlus__2": 94, "ProfPlus_2": 46, "pDevPlusMa": 76, "pProfPlusM": 37, "NTestedM_1": 122, "Begin_Cn_2": 25, "Develop__3": 64, "Prof_Cnt_2": 27, "Dist_Cnt_2": 6, "pBeginMa_1": 21, "pDevelop_2": 53, "pProfMath5": 22, "pDistMath5": 5, "DevPlus__3": 97, "ProfPlus_3": 33, "pDevPlus_2": 80, "pProfPlu_2": 27, "NTestedE_2": 0, "BeginELA8_": 0, "DevelopELA": 0, "ProfELA8_C": 0, "DistELA8_C": 0, "NTestedM_2": 0, "BeginMath8": 0, "DevelopMat": 0, "ProfMath8_": 0, "DistMath8_": 0, "pBeginELA8": 0, "pDevelop_3": 0, "pProfELA8": 0, "pDistELA8": 0, "pBeginMa_2": 0, "pDevelop_4": 0, "pProfMath8": 0, "pDistMath8": 0, "DevPlusELA": 0, "ProfPlusEL": 0, "pDevPlus_3": 0, "pProfPlu_3": 0, "DevPlusMat": 0, "ProfPlusMa": 0, "pDevPlus_4": 0, "pProfPlu_4": 0, "NTestedAlg": 0, "Begin_CntA": 0, "Develop__4": 0, "Prof_CntAl": 0, "Dist_CntAl": 0, "pBeginAlge": 0, "pDevelopAl": 0, "pProfAlgeb": 0, "pDistAlgeb": 0, "DevPlus__4": 0, "ProfPlus_4": 0, "pDevPlusAl": 0, "pProfPlusA": 0, "NTestedAmL": 0, "Begin_Cn_3": 0, "Develop__5": 0, "Prof_CntAm": 0, "Dist_CntAm": 0, "pBeginAmLi": 0, "pDevelopAm": 0, "pProfAmLit": 0, "pDistAmLit": 0, "DevPlus__5": 0, "ProfPlus_5": 0, "pDevPlusAm": 0, "pProfPlu_5": 0, "NTestedAna": 0, "Begin_Cn_4": 0, "Develop__6": 0, "Prof_CntAn": 0, "Dist_CntAn": 0, "pBeginAnal": 0, "pDevelopAn": 0, "pProfAnalG": 0, "pDistAnalG": 0, "DevPlus__6": 0, "ProfPlus_6": 0, "pDevPlusAn": 0, "pProfPlu_6": 0, "NTestedBio": 0, "Begin_CntB": 0, "Develop__7": 0, "Prof_CntBi": 0, "Dist_CntBi": 0, "pBeginBiol": 0, "pDevelopBi": 0, "pProfBiolo": 0, "pDistBiolo": 0, "DevPlus__7": 0, "ProfPlus_7": 0, "pDevPlusBi": 0, "pProfPlusB": 0, "NTestedCoo": 0, "Begin_CntC": 0, "Develop__8": 0, "Prof_CntCo": 0, "Dist_CntCo": 0, "pBeginCoor": 0, "pDevelopCo": 0, "pProfCoord": 0, "pDistCoord": 0, "DevPlus__8": 0, "ProfPlus_8": 0, "pDevPlusCo": 0, "pProfPlusC": 0, "NTestedEco": 0, "Begin_Cn_5": 0, "Develop__9": 0, "Prof_CntEc": 0, "Dist_CntEc": 0, "pBeginEcon": 0, "pDevelopEc": 0, "pProfEcon": 0, "pDistEcon": 0, "DevPlus__9": 0, "ProfPlus_9": 0, "pDevPlusEc": 0, "pProfPlu_7": 0, "NTestedGeo": 0, "Begin_CntG": 0, "Develop_10": 0, "Prof_CntGe": 0, "Dist_CntGe": 0, "pBeginGeom": 0, "pDevelopGe": 0, "pProfGeome": 0, "pDistGeome": 0, "DevPlus_10": 0, "ProfPlus10": 0, "pDevPlusGe": 0, "pProfPlusG": 0, "NTestedLit": 0, "Begin_CntL": 0, "Develop_11": 0, "Prof_CntLi": 0, "Dist_CntLi": 0, "pBeginLit9": 0, "pDevelopLi": 0, "pProfLit9": 0, "pDistLit9": 0, "DevPlus_11": 0, "ProfPlus11": 0, "pDevPlusLi": 0, "pProfPlusL": 0, "NTestedPhy": 0, "Begin_CntP": 0, "Develop_12": 0, "Prof_CntPh": 0, "Dist_CntPh": 0, "pBeginPhys": 0, "pDevelopPh": 0, "pProfPhysS": 0, "pDistPhysS": 0, "DevPlus_12": 0, "ProfPlus12": 0, "pDevPlusPh": 0, "pProfPlusP": 0, "NTestedUSH": 0, "Begin_CntU": 0, "Develop_13": 0, "Prof_CntUS": 0, "Dist_CntUS": 0, "pBeginUSHi": 0, "pDevelopUS": 0, "pProfUSHis": 0, "pDistUSHis": 0, "DevPlus_13": 0, "ProfPlus13": 0, "pDevPlusUS": 0, "pProfPlusU": 0, "NDropout71": 0, "pNDropout7": 0, "Graduation": 0, "NUMBER_OF_": 0, "pHopeEligi": 0, "chENROLLME": -159, "pchENROLLM": -17.82, "chCCRPI": 24, "chpProfPlu": 18, "chpProfP_1": 17, "chpProfP_2": 11, "chpProfP_3": 10, "chpELA8": 0, "chpProfP_4": 0, "chpProfP_5": 0, "chpProfP_6": 0, "chpProfP_7": 0, "chpProfP_8": 0, "chpProfP_9": 0, "chpProfP10": 0, "chpProfP11": 0, "chpProfP12": 0, "chpProfP13": 0, "chpProfP14": 0, "GlobalID": "{B8DEE655-C5E9-4A96-BA2B-B9C2C2306098}", "created_us": "opendata@arc", "created_da": "2020-03-25T00:00:00Z", "last_edite": "opendata@arc", "last_edi_1": "2020-03-25T00:00:00Z" }, "geometry": { "type": "Point", "coordinates": [ -84.38518421131343, 33.91683446996521 ] } },
{ "type": "Feature", "properties": { "OBJECTID": 1049, "SysSchool": 6601321, "GradeRange": "08-10", "SchoolAddr": "3965 Roosevelt Hwy", "SchoolCity": "Atlanta", "STATE": "GA", "SchoolZipC": "30349-2607", "MailAddres": "100 Edgewood Ave Suite 750", "MailCity": "Atlanta", "MailZipCod": "30303", "PrincipalN": "Bartl, Jennifer", "PrincipalE": " ", "SchoolPhon": "678.246.9998", "SchoolFax": " ", "longitude": -84.518351, "latitude": 33.615076, "Year": 2019, "SchoolYear": "2018-19", "SystemID": 660, "SystemName": "Fulton County", "SchoolID": 1321, "SchoolName": "Wellspring Living", "Type": "High School", "ENROLLMENT": 4, "ENROLL_PER": 0, "ENROLL_P_1": 0, "ENROLL_P_2": 25, "ENROLL_P_3": 0, "ENROLL_P_4": 0, "ENROLL_P_5": 75, "ENROLL_P_6": 0, "ENROLL_P_7": 100, "ENROLL_P_8": 25, "ENROLL_P_9": 0, "ENROLL_PCT": 0, "ENROLL_P10": 0, "direct_cer": 75, "pAbsent0_5": 100, "pAbsent6_1": 0, "pAbsent16P": 0, "Churn": 625, "TeacherCou": 0, "AvgExp": 0, "pYrsLt1": 0, "pYears1_10": 0, "pYears11_2": 0, "pYears21_3": 0, "pYearsGt30": 0, "Debt": 0, "GenAdmin": 0, "Instructio": 62253, "Support": 0, "Ops": 0, "Media": 0, "PServices": 0, "Capital": 0, "SchoolAdmi": 0, "Food": 0, "Transport": 0, "TotalSpend": 62253, "CCRPI": 0, "ClimateSta": 0, "NTestedELA": 0, "Begin_CntE": 0, "Develop_Cn": 0, "Prof_CntEL": 0, "Dist_CntEL": 0, "pBeginELA3": 0, "pDevelopEL": 0, "pProfELA3": 0, "pDistELA3": 0, "DevPlus_Cn": 0, "ProfPlus_C": 0, "pDevPlusEL": 0, "pProfPlusE": 0, "NTestedE_1": 0, "Begin_Cn_1": 0, "Develop__1": 0, "Prof_Cnt_1": 0, "Dist_Cnt_1": 0, "pBeginELA5": 0, "pDevelop_1": 0, "pProfELA5": 0, "pDistELA5": 0, "DevPlus__1": 0, "ProfPlus_1": 0, "pDevPlus_1": 0, "pProfPlu_1": 0, "NTestedMat": 0, "Begin_CntM": 0, "Develop__2": 0, "Prof_CntMa": 0, "Dist_CntMa": 0, "pBeginMath": 0, "pDevelopMa": 0, "pProfMath3": 0, "pDistMath3": 0, "DevPlus__2": 0, "ProfPlus_2": 0, "pDevPlusMa": 0, "pProfPlusM": 0, "NTestedM_1": 0, "Begin_Cn_2": 0, "Develop__3": 0, "Prof_Cnt_2": 0, "Dist_Cnt_2": 0, "pBeginMa_1": 0, "pDevelop_2": 0, "pProfMath5": 0, "pDistMath5": 0, "DevPlus__3": 0, "ProfPlus_3": 0, "pDevPlus_2": 0, "pProfPlu_2": 0, "NTestedE_2": 0, "BeginELA8_": 0, "DevelopELA": 0, "ProfELA8_C": 0, "DistELA8_C": 0, "NTestedM_2": 0, "BeginMath8": 0, "DevelopMat": 0, "ProfMath8_": 0, "DistMath8_": 0, "pBeginELA8": 0, "pDevelop_3": 0, "pProfELA8": 0, "pDistELA8": 0, "pBeginMa_2": 0, "pDevelop_4": 0, "pProfMath8": 0, "pDistMath8": 0, "DevPlusELA": 0, "ProfPlusEL": 0, "pDevPlus_3": 0, "pProfPlu_3": 0, "DevPlusMat": 0, "ProfPlusMa": 0, "pDevPlus_4": 0, "pProfPlu_4": 0, "NTestedAlg": 0, "Begin_CntA": 0, "Develop__4": 0, "Prof_CntAl": 0, "Dist_CntAl": 0, "pBeginAlge": 0, "pDevelopAl": 0, "pProfAlgeb": 0, "pDistAlgeb": 0, "DevPlus__4": 0, "ProfPlus_4": 0, "pDevPlusAl": 0, "pProfPlusA": 0, "NTestedAmL": 0, "Begin_Cn_3": 0, "Develop__5": 0, "Prof_CntAm": 0, "Dist_CntAm": 0, "pBeginAmLi": 0, "pDevelopAm": 0, "pProfAmLit": 0, "pDistAmLit": 0, "DevPlus__5": 0, "ProfPlus_5": 0, "pDevPlusAm": 0, "pProfPlu_5": 0, "NTestedAna": 0, "Begin_Cn_4": 0, "Develop__6": 0, "Prof_CntAn": 0, "Dist_CntAn": 0, "pBeginAnal": 0, "pDevelopAn": 0, "pProfAnalG": 0, "pDistAnalG": 0, "DevPlus__6": 0, "ProfPlus_6": 0, "pDevPlusAn": 0, "pProfPlu_6": 0, "NTestedBio": 0, "Begin_CntB": 0, "Develop__7": 0, "Prof_CntBi": 0, "Dist_CntBi": 0, "pBeginBiol": 0, "pDevelopBi": 0, "pProfBiolo": 0, "pDistBiolo": 0, "DevPlus__7": 0, "ProfPlus_7": 0, "pDevPlusBi": 0, "pProfPlusB": 0, "NTestedCoo": 0, "Begin_CntC": 0, "Develop__8": 0, "Prof_CntCo": 0, "Dist_CntCo": 0, "pBeginCoor": 0, "pDevelopCo": 0, "pProfCoord": 0, "pDistCoord": 0, "DevPlus__8": 0, "ProfPlus_8": 0, "pDevPlusCo": 0, "pProfPlusC": 0, "NTestedEco": 0, "Begin_Cn_5": 0, "Develop__9": 0, "Prof_CntEc": 0, "Dist_CntEc": 0, "pBeginEcon": 0, "pDevelopEc": 0, "pProfEcon": 0, "pDistEcon": 0, "DevPlus__9": 0, "ProfPlus_9": 0, "pDevPlusEc": 0, "pProfPlu_7": 0, "NTestedGeo": 0, "Begin_CntG": 0, "Develop_10": 0, "Prof_CntGe": 0, "Dist_CntGe": 0, "pBeginGeom": 0, "pDevelopGe": 0, "pProfGeome": 0, "pDistGeome": 0, "DevPlus_10": 0, "ProfPlus10": 0, "pDevPlusGe": 0, "pProfPlusG": 0, "NTestedLit": 0, "Begin_CntL": 0, "Develop_11": 0, "Prof_CntLi": 0, "Dist_CntLi": 0, "pBeginLit9": 0, "pDevelopLi": 0, "pProfLit9": 0, "pDistLit9": 0, "DevPlus_11": 0, "ProfPlus11": 0, "pDevPlusLi": 0, "pProfPlusL": 0, "NTestedPhy": 0, "Begin_CntP": 0, "Develop_12": 0, "Prof_CntPh": 0, "Dist_CntPh": 0, "pBeginPhys": 0, "pDevelopPh": 0, "pProfPhysS": 0, "pDistPhysS": 0, "DevPlus_12": 0, "ProfPlus12": 0, "pDevPlusPh": 0, "pProfPlusP": 0, "NTestedUSH": 0, "Begin_CntU": 0, "Develop_13": 0, "Prof_CntUS": 0, "Dist_CntUS": 0, "pBeginUSHi": 0, "pDevelopUS": 0, "pProfUSHis": 0, "pDistUSHis": 0, "DevPlus_13": 0, "ProfPlus13": 0, "pDevPlusUS": 0, "pProfPlusU": 0, "NDropout71": 0, "pNDropout7": 0, "Graduation": 0, "NUMBER_OF_": 0, "pHopeEligi": 0, "chENROLLME": 0, "pchENROLLM": 0.0, "chCCRPI": 0, "chpProfPlu": 0, "chpProfP_1": 0, "chpProfP_2": 0, "chpProfP_3": 0, "chpELA8": 0, "chpProfP_4": 0, "chpProfP_5": 0, "chpProfP_6": 0, "chpProfP_7": 0, "chpProfP_8": 0, "chpProfP_9": 0, "chpProfP10": 0, "chpProfP11": 0, "chpProfP12": 0, "chpProfP13": 0, "chpProfP14": 0, "GlobalID": "{137840E1-ED9E-4329-844A-3CEF9DCF437E}", "created_us": "opendata@arc", "created_da": "2020-03-25T00:00:00Z", "last_edite": "opendata@arc", "last_edi_1": "2020-03-25T00:00:00Z" }, "geometry": { "type": "Point", "coordinates": [ -84.518355232797262, 33.615082400779649 ] } },
{ "type": "Feature", "properties": { "OBJECTID": 1053, "SysSchool": 6603056, "GradeRange": "PK-05", "SchoolAddr": "6151 Powers Ferry Rd", "SchoolCity": "Atlanta", "STATE": "GA", "SchoolZipC": "30339-2924", "MailAddres": "6151 Powers Ferry Rd", "MailCity": "Atlanta", "MailZipCod": "30339-2924", "PrincipalN": "Nash, Lisa", "PrincipalE": "nashl@fultonschools.org", "SchoolPhon": "470.254.6190", "SchoolFax": "770.933.6195", "longitude": -84.426407, "latitude": 33.910012, "Year": 2019, "SchoolYear": "2018-19", "SystemID": 660, "SystemName": "Fulton County", "SchoolID": 3056, "SchoolName": "Heards Ferry Elementary School", "Type": "Elementary School", "ENROLLMENT": 748, "ENROLL_PER": 4, "ENROLL_P_1": 0, "ENROLL_P_2": 6, "ENROLL_P_3": 5, "ENROLL_P_4": 5, "ENROLL_P_5": 80, "ENROLL_P_6": 0, "ENROLL_P_7": 3, "ENROLL_P_8": 12, "ENROLL_P_9": 1, "ENROLL_PCT": 0, "ENROLL_P10": 13, "direct_cer": 2, "pAbsent0_5": 54, "pAbsent6_1": 43, "pAbsent16P": 4, "Churn": 6, "TeacherCou": 58, "AvgExp": 11, "pYrsLt1": 7, "pYears1_10": 48, "pYears11_2": 29, "pYears21_3": 14, "pYearsGt30": 2, "Debt": 0, "GenAdmin": 0, "Instructio": 6915, "Support": 222, "Ops": 488, "Media": 171, "PServices": 726, "Capital": 0, "SchoolAdmi": 672, "Food": 0, "Transport": 11, "TotalSpend": 9204, "CCRPI": 94, "ClimateSta": 5, "NTestedELA": 119, "Begin_CntE": 5, "Develop_Cn": 20, "Prof_CntEL": 53, "Dist_CntEL": 41, "pBeginELA3": 4, "pDevelopEL": 17, "pProfELA3": 45, "pDistELA3": 35, "DevPlus_Cn": 114, "ProfPlus_C": 94, "pDevPlusEL": 96, "pProfPlusE": 79, "NTestedE_1": 108, "Begin_Cn_1": 3, "Develop__1": 13, "Prof_Cnt_1": 56, "Dist_Cnt_1": 36, "pBeginELA5": 3, "pDevelop_1": 12, "pProfELA5": 52, "pDistELA5": 33, "DevPlus__1": 105, "ProfPlus_1": 92, "pDevPlus_1": 97, "pProfPlu_1": 85, "NTestedMat": 119, "Begin_CntM": 1, "Develop__2": 23, "Prof_CntMa": 55, "Dist_CntMa": 40, "pBeginMath": 1, "pDevelopMa": 19, "pProfMath3": 46, "pDistMath3": 34, "DevPlus__2": 118, "ProfPlus_2": 95, "pDevPlusMa": 99, "pProfPlusM": 80, "NTestedM_1": 108, "Begin_Cn_2": 3, "Develop__3": 18, "Prof_Cnt_2": 48, "Dist_Cnt_2": 39, "pBeginMa_1": 3, "pDevelop_2": 17, "pProfMath5": 44, "pDistMath5": 36, "DevPlus__3": 105, "ProfPlus_3": 87, "pDevPlus_2": 97, "pProfPlu_2": 81, "NTestedE_2": 0, "BeginELA8_": 0, "DevelopELA": 0, "ProfELA8_C": 0, "DistELA8_C": 0, "NTestedM_2": 0, "BeginMath8": 0, "DevelopMat": 0, "ProfMath8_": 0, "DistMath8_": 0, "pBeginELA8": 0, "pDevelop_3": 0, "pProfELA8": 0, "pDistELA8": 0, "pBeginMa_2": 0, "pDevelop_4": 0, "pProfMath8": 0, "pDistMath8": 0, "DevPlusELA": 0, "ProfPlusEL": 0, "pDevPlus_3": 0, "pProfPlu_3": 0, "DevPlusMat": 0, "ProfPlusMa": 0, "pDevPlus_4": 0, "pProfPlu_4": 0, "NTestedAlg": 0, "Begin_CntA": 0, "Develop__4": 0, "Prof_CntAl": 0, "Dist_CntAl": 0, "pBeginAlge": 0, "pDevelopAl": 0, "pProfAlgeb": 0, "pDistAlgeb": 0, "DevPlus__4": 0, "ProfPlus_4": 0, "pDevPlusAl": 0, "pProfPlusA": 0, "NTestedAmL": 0, "Begin_Cn_3": 0, "Develop__5": 0, "Prof_CntAm": 0, "Dist_CntAm": 0, "pBeginAmLi": 0, "pDevelopAm": 0, "pProfAmLit": 0, "pDistAmLit": 0, "DevPlus__5": 0, "ProfPlus_5": 0, "pDevPlusAm": 0, "pProfPlu_5": 0, "NTestedAna": 0, "Begin_Cn_4": 0, "Develop__6": 0, "Prof_CntAn": 0, "Dist_CntAn": 0, "pBeginAnal": 0, "pDevelopAn": 0, "pProfAnalG": 0, "pDistAnalG": 0, "DevPlus__6": 0, "ProfPlus_6": 0, "pDevPlusAn": 0, "pProfPlu_6": 0, "NTestedBio": 0, "Begin_CntB": 0, "Develop__7": 0, "Prof_CntBi": 0, "Dist_CntBi": 0, "pBeginBiol": 0, "pDevelopBi": 0, "pProfBiolo": 0, "pDistBiolo": 0, "DevPlus__7": 0, "ProfPlus_7": 0, "pDevPlusBi": 0, "pProfPlusB": 0, "NTestedCoo": 0, "Begin_CntC": 0, "Develop__8": 0, "Prof_CntCo": 0, "Dist_CntCo": 0, "pBeginCoor": 0, "pDevelopCo": 0, "pProfCoord": 0, "pDistCoord": 0, "DevPlus__8": 0, "ProfPlus_8": 0, "pDevPlusCo": 0, "pProfPlusC": 0, "NTestedEco": 0, "Begin_Cn_5": 0, "Develop__9": 0, "Prof_CntEc": 0, "Dist_CntEc": 0, "pBeginEcon": 0, "pDevelopEc": 0, "pProfEcon": 0, "pDistEcon": 0, "DevPlus__9": 0, "ProfPlus_9": 0, "pDevPlusEc": 0, "pProfPlu_7": 0, "NTestedGeo": 0, "Begin_CntG": 0, "Develop_10": 0, "Prof_CntGe": 0, "Dist_CntGe": 0, "pBeginGeom": 0, "pDevelopGe": 0, "pProfGeome": 0, "pDistGeome": 0, "DevPlus_10": 0, "ProfPlus10": 0, "pDevPlusGe": 0, "pProfPlusG": 0, "NTestedLit": 0, "Begin_CntL": 0, "Develop_11": 0, "Prof_CntLi": 0, "Dist_CntLi": 0, "pBeginLit9": 0, "pDevelopLi": 0, "pProfLit9": 0, "pDistLit9": 0, "DevPlus_11": 0, "ProfPlus11": 0, "pDevPlusLi": 0, "pProfPlusL": 0, "NTestedPhy": 0, "Begin_CntP": 0, "Develop_12": 0, "Prof_CntPh": 0, "Dist_CntPh": 0, "pBeginPhys": 0, "pDevelopPh": 0, "pProfPhysS": 0, "pDistPhysS": 0, "DevPlus_12": 0, "ProfPlus12": 0, "pDevPlusPh": 0, "pProfPlusP": 0, "NTestedUSH": 0, "Begin_CntU": 0, "Develop_13": 0, "Prof_CntUS": 0, "Dist_CntUS": 0, "pBeginUSHi": 0, "pDevelopUS": 0, "pProfUSHis": 0, "pDistUSHis": 0, "DevPlus_13": 0, "ProfPlus13": 0, "pDevPlusUS": 0, "pProfPlusU": 0, "NDropout71": 0, "pNDropout7": 0, "Graduation": 0, "NUMBER_OF_": 0, "pHopeEligi": 0, "chENROLLME": 89, "pchENROLLM": 13.5, "chCCRPI": 0, "chpProfPlu": -6, "chpProfP_1": -5, "chpProfP_2": 5, "chpProfP_3": 1, "chpELA8": 0, "chpProfP_4": 0, "chpProfP_5": 0, "chpProfP_6": 0, "chpProfP_7": 0, "chpProfP_8": 0, "chpProfP_9": 0, "chpProfP10": 0, "chpProfP11": 0, "chpProfP12": 0, "chpProfP13": 0, "chpProfP14": 0, "GlobalID": "{699D7BA1-02F0-4307-B6C7-DAF01E2A6F69}", "created_us": "opendata@arc", "created_da": "2020-03-25T00:00:00Z", "last_edite": "opendata@arc", "last_edi_1": "2020-03-25T00:00:00Z" }, "geometry": { "type": "Point", "coordinates": [ -84.426411222569911, 33.910018466906813 ] } },
{ "type": "Feature", "properties": { "OBJECTID": 1056, "SysSchool": 6603066, "GradeRange": "09-12", "SchoolAddr": "5900 Raider Dr", "SchoolCity": "Atlanta", "STATE": "GA", "SchoolZipC": "30328-4706", "MailAddres": "5900 Raider Dr", "MailCity": "Atlanta", "MailZipCod": "30328-4706", "PrincipalN": "GARDNER, CHARLES", "PrincipalE": " ", "SchoolPhon": "470.254.1980", "SchoolFax": "404.255.8709", "longitude": -84.417093, "latitude": 33.917543, "Year": 2019, "SchoolYear": "2018-19", "SystemID": 660, "SystemName": "Fulton County", "SchoolID": 3066, "SchoolName": "Riverwood International Charter School", "Type": "High School", "ENROLLMENT": 1738, "ENROLL_PER": 3, "ENROLL_P_1": 0, "ENROLL_P_2": 25, "ENROLL_P_3": 36, "ENROLL_P_4": 2, "ENROLL_P_5": 34, "ENROLL_P_6": 0, "ENROLL_P_7": 35, "ENROLL_P_8": 9, "ENROLL_P_9": 10, "ENROLL_PCT": 6, "ENROLL_P10": 27, "direct_cer": 15, "pAbsent0_5": 54, "pAbsent6_1": 33, "pAbsent16P": 13, "Churn": 9, "TeacherCou": 106, "AvgExp": 11, "pYrsLt1": 5, "pYears1_10": 51, "pYears11_2": 26, "pYears21_3": 16, "pYearsGt30": 2, "Debt": 0, "GenAdmin": 0, "Instructio": 5719, "Support": 265, "Ops": 705, "Media": 94, "PServices": 681, "Capital": 0, "SchoolAdmi": 525, "Food": 0, "Transport": 11, "TotalSpend": 7999, "CCRPI": 80, "ClimateSta": 4, "NTestedELA": 0, "Begin_CntE": 0, "Develop_Cn": 0, "Prof_CntEL": 0, "Dist_CntEL": 0, "pBeginELA3": 0, "pDevelopEL": 0, "pProfELA3": 0, "pDistELA3": 0, "DevPlus_Cn": 0, "ProfPlus_C": 0, "pDevPlusEL": 0, "pProfPlusE": 0, "NTestedE_1": 0, "Begin_Cn_1": 0, "Develop__1": 0, "Prof_Cnt_1": 0, "Dist_Cnt_1": 0, "pBeginELA5": 0, "pDevelop_1": 0, "pProfELA5": 0, "pDistELA5": 0, "DevPlus__1": 0, "ProfPlus_1": 0, "pDevPlus_1": 0, "pProfPlu_1": 0, "NTestedMat": 0, "Begin_CntM": 0, "Develop__2": 0, "Prof_CntMa": 0, "Dist_CntMa": 0, "pBeginMath": 0, "pDevelopMa": 0, "pProfMath3": 0, "pDistMath3": 0, "DevPlus__2": 0, "ProfPlus_2": 0, "pDevPlusMa": 0, "pProfPlusM": 0, "NTestedM_1": 0, "Begin_Cn_2": 0, "Develop__3": 0, "Prof_Cnt_2": 0, "Dist_Cnt_2": 0, "pBeginMa_1": 0, "pDevelop_2": 0, "pProfMath5": 0, "pDistMath5": 0, "DevPlus__3": 0, "ProfPlus_3": 0, "pDevPlus_2": 0, "pProfPlu_2": 0, "NTestedE_2": 0, "BeginELA8_": 0, "DevelopELA": 0, "ProfELA8_C": 0, "DistELA8_C": 0, "NTestedM_2": 0, "BeginMath8": 0, "DevelopMat": 0, "ProfMath8_": 0, "DistMath8_": 0, "pBeginELA8": 0, "pDevelop_3": 0, "pProfELA8": 0, "pDistELA8": 0, "pBeginMa_2": 0, "pDevelop_4": 0, "pProfMath8": 0, "pDistMath8": 0, "DevPlusELA": 0, "ProfPlusEL": 0, "pDevPlus_3": 0, "pProfPlu_3": 0, "DevPlusMat": 0, "ProfPlusMa": 0, "pDevPlus_4": 0, "pProfPlu_4": 0, "NTestedAlg": 389, "Begin_CntA": 111, "Develop__4": 149, "Prof_CntAl": 118, "Dist_CntAl": 11, "pBeginAlge": 29, "pDevelopAl": 38, "pProfAlgeb": 30, "pDistAlgeb": 3, "DevPlus__4": 278, "ProfPlus_4": 129, "pDevPlusAl": 71, "pProfPlusA": 33, "NTestedAmL": 461, "Begin_Cn_3": 75, "Develop__5": 145, "Prof_CntAm": 182, "Dist_CntAm": 59, "pBeginAmLi": 16, "pDevelopAm": 32, "pProfAmLit": 40, "pDistAmLit": 13, "DevPlus__5": 386, "ProfPlus_5": 241, "pDevPlusAm": 84, "pProfPlu_5": 52, "NTestedAna": 0, "Begin_Cn_4": 0, "Develop__6": 0, "Prof_CntAn": 0, "Dist_CntAn": 0, "pBeginAnal": 0, "pDevelopAn": 0, "pProfAnalG": 0, "pDistAnalG": 0, "DevPlus__6": 0, "ProfPlus_6": 0, "pDevPlusAn": 0, "pProfPlu_6": 0, "NTestedBio": 510, "Begin_CntB": 134, "Develop__7": 107, "Prof_CntBi": 205, "Dist_CntBi": 64, "pBeginBiol": 26, "pDevelopBi": 21, "pProfBiolo": 40, "pDistBiolo": 13, "DevPlus__7": 376, "ProfPlus_7": 269, "pDevPlusBi": 74, "pProfPlusB": 53, "NTestedCoo": 0, "Begin_CntC": 0, "Develop__8": 0, "Prof_CntCo": 0, "Dist_CntCo": 0, "pBeginCoor": 0, "pDevelopCo": 0, "pProfCoord": 0, "pDistCoord": 0, "DevPlus__8": 0, "ProfPlus_8": 0, "pDevPlusCo": 0, "pProfPlusC": 0, "NTestedEco": 338, "Begin_Cn_5": 66, "Develop__9": 70, "Prof_CntEc": 136, "Dist_CntEc": 66, "pBeginEcon": 20, "pDevelopEc": 21, "pProfEcon": 40, "pDistEcon": 20, "DevPlus__9": 272, "ProfPlus_9": 202, "pDevPlusEc": 80, "pProfPlu_7": 60, "NTestedGeo": 498, "Begin_CntG": 120, "Develop_10": 118, "Prof_CntGe": 161, "Dist_CntGe": 99, "pBeginGeom": 24, "pDevelopGe": 24, "pProfGeome": 32, "pDistGeome": 20, "DevPlus_10": 378, "ProfPlus10": 260, "pDevPlusGe": 76, "pProfPlusG": 52, "NTestedLit": 387, "Begin_CntL": 54, "Develop_11": 99, "Prof_CntLi": 168, "Dist_CntLi": 66, "pBeginLit9": 14, "pDevelopLi": 26, "pProfLit9": 43, "pDistLit9": 17, "DevPlus_11": 333, "ProfPlus11": 234, "pDevPlusLi": 86, "pProfPlusL": 61, "NTestedPhy": 4, "Begin_CntP": 0, "Develop_12": 0, "Prof_CntPh": 0, "Dist_CntPh": 0, "pBeginPhys": 0, "pDevelopPh": 0, "pProfPhysS": 0, "pDistPhysS": 0, "DevPlus_12": 0, "ProfPlus12": 0, "pDevPlusPh": 0, "pProfPlusP": 0, "NTestedUSH": 410, "Begin_CntU": 72, "Develop_13": 113, "Prof_CntUS": 163, "Dist_CntUS": 62, "pBeginUSHi": 18, "pDevelopUS": 28, "pProfUSHis": 40, "pDistUSHis": 15, "DevPlus_13": 338, "ProfPlus13": 225, "pDevPlusUS": 83, "pProfPlusU": 55, "NDropout71": 32, "pNDropout7": 2, "Graduation": 92, "NUMBER_OF_": 338, "pHopeEligi": 52, "chENROLLME": 196, "pchENROLLM": 12.71, "chCCRPI": -2, "chpProfPlu": 0, "chpProfP_1": 0, "chpProfP_2": 0, "chpProfP_3": 0, "chpELA8": 0, "chpProfP_4": 0, "chpProfP_5": 4, "chpProfP_6": 0, "chpProfP_7": 0, "chpProfP_8": 0, "chpProfP_9": 0, "chpProfP10": 11, "chpProfP11": 7, "chpProfP12": 12, "chpProfP13": 0, "chpProfP14": 13, "GlobalID": "{78997517-4167-4299-B730-31E6E077BC6E}", "created_us": "opendata@arc", "created_da": "2020-03-25T00:00:00Z", "last_edite": "opendata@arc", "last_edi_1": "2020-03-25T00:00:00Z" }, "geometry": { "type": "Point", "coordinates": [ -84.41709722020957, 33.917549468996789 ] } },
{ "type": "Feature", "properties": { "OBJECTID": 1057, "SysSchool": 6604056, "GradeRange": "PK-05", "SchoolAddr": "520 Greenland Rd", "SchoolCity": "Atlanta", "STATE": "GA", "SchoolZipC": "30342-2046", "MailAddres": "520 Greenland Rd", "MailCity": "Atlanta", "MailZipCod": "30342-2046", "PrincipalN": "Pitchford, Carrie", "PrincipalE": " ", "SchoolPhon": "470.254.7716", "SchoolFax": "404.847.3294", "longitude": -84.370107, "latitude": 33.899264, "Year": 2019, "SchoolYear": "2018-19", "SystemID": 660, "SystemName": "Fulton County", "SchoolID": 4056, "SchoolName": "High Point Elementary School", "Type": "Elementary School", "ENROLLMENT": 677, "ENROLL_PER": 4, "ENROLL_P_1": 0, "ENROLL_P_2": 22, "ENROLL_P_3": 34, "ENROLL_P_4": 5, "ENROLL_P_5": 35, "ENROLL_P_6": 0, "ENROLL_P_7": 43, "ENROLL_P_8": 8, "ENROLL_P_9": 27, "ENROLL_PCT": 20, "ENROLL_P10": 4, "direct_cer": 21, "pAbsent0_5": 52, "pAbsent6_1": 40, "pAbsent16P": 8, "Churn": 16, "TeacherCou": 61, "AvgExp": 10, "pYrsLt1": 3, "pYears1_10": 59, "pYears11_2": 26, "pYears21_3": 12, "pYearsGt30": 0, "Debt": 0, "GenAdmin": 0, "Instructio": 6737, "Support": 316, "Ops": 454, "Media": 200, "PServices": 507, "Capital": 0, "SchoolAdmi": 589, "Food": 0, "Transport": 3, "TotalSpend": 8805, "CCRPI": 89, "ClimateSta": 5, "NTestedELA": 98, "Begin_CntE": 22, "Develop_Cn": 32, "Prof_CntEL": 29, "Dist_CntEL": 15, "pBeginELA3": 22, "pDevelopEL": 33, "pProfELA3": 30, "pDistELA3": 15, "DevPlus_Cn": 76, "ProfPlus_C": 44, "pDevPlusEL": 78, "pProfPlusE": 45, "NTestedE_1": 100, "Begin_Cn_1": 13, "Develop__1": 35, "Prof_Cnt_1": 37, "Dist_Cnt_1": 15, "pBeginELA5": 13, "pDevelop_1": 35, "pProfELA5": 37, "pDistELA5": 15, "DevPlus__1": 87, "ProfPlus_1": 52, "pDevPlus_1": 87, "pProfPlu_1": 52, "NTestedMat": 98, "Begin_CntM": 17, "Develop__2": 33, "Prof_CntMa": 30, "Dist_CntMa": 18, "pBeginMath": 17, "pDevelopMa": 34, "pProfMath3": 31, "pDistMath3": 18, "DevPlus__2": 81, "ProfPlus_2": 48, "pDevPlusMa": 83, "pProfPlusM": 49, "NTestedM_1": 100, "Begin_Cn_2": 15, "Develop__3": 32, "Prof_Cnt_2": 28, "Dist_Cnt_2": 25, "pBeginMa_1": 15, "pDevelop_2": 32, "pProfMath5": 28, "pDistMath5": 25, "DevPlus__3": 85, "ProfPlus_3": 53, "pDevPlus_2": 85, "pProfPlu_2": 53, "NTestedE_2": 0, "BeginELA8_": 0, "DevelopELA": 0, "ProfELA8_C": 0, "DistELA8_C": 0, "NTestedM_2": 0, "BeginMath8": 0, "DevelopMat": 0, "ProfMath8_": 0, "DistMath8_": 0, "pBeginELA8": 0, "pDevelop_3": 0, "pProfELA8": 0, "pDistELA8": 0, "pBeginMa_2": 0, "pDevelop_4": 0, "pProfMath8": 0, "pDistMath8": 0, "DevPlusELA": 0, "ProfPlusEL": 0, "pDevPlus_3": 0, "pProfPlu_3": 0, "DevPlusMat": 0, "ProfPlusMa": 0, "pDevPlus_4": 0, "pProfPlu_4": 0, "NTestedAlg": 0, "Begin_CntA": 0, "Develop__4": 0, "Prof_CntAl": 0, "Dist_CntAl": 0, "pBeginAlge": 0, "pDevelopAl": 0, "pProfAlgeb": 0, "pDistAlgeb": 0, "DevPlus__4": 0, "ProfPlus_4": 0, "pDevPlusAl": 0, "pProfPlusA": 0, "NTestedAmL": 0, "Begin_Cn_3": 0, "Develop__5": 0, "Prof_CntAm": 0, "Dist_CntAm": 0, "pBeginAmLi": 0, "pDevelopAm": 0, "pProfAmLit": 0, "pDistAmLit": 0, "DevPlus__5": 0, "ProfPlus_5": 0, "pDevPlusAm": 0, "pProfPlu_5": 0, "NTestedAna": 0, "Begin_Cn_4": 0, "Develop__6": 0, "Prof_CntAn": 0, "Dist_CntAn": 0, "pBeginAnal": 0, "pDevelopAn": 0, "pProfAnalG": 0, "pDistAnalG": 0, "DevPlus__6": 0, "ProfPlus_6": 0, "pDevPlusAn": 0, "pProfPlu_6": 0, "NTestedBio": 0, "Begin_CntB": 0, "Develop__7": 0, "Prof_CntBi": 0, "Dist_CntBi": 0, "pBeginBiol": 0, "pDevelopBi": 0, "pProfBiolo": 0, "pDistBiolo": 0, "DevPlus__7": 0, "ProfPlus_7": 0, "pDevPlusBi": 0, "pProfPlusB": 0, "NTestedCoo": 0, "Begin_CntC": 0, "Develop__8": 0, "Prof_CntCo": 0, "Dist_CntCo": 0, "pBeginCoor": 0, "pDevelopCo": 0, "pProfCoord": 0, "pDistCoord": 0, "DevPlus__8": 0, "ProfPlus_8": 0, "pDevPlusCo": 0, "pProfPlusC": 0, "NTestedEco": 0, "Begin_Cn_5": 0, "Develop__9": 0, "Prof_CntEc": 0, "Dist_CntEc": 0, "pBeginEcon": 0, "pDevelopEc": 0, "pProfEcon": 0, "pDistEcon": 0, "DevPlus__9": 0, "ProfPlus_9": 0, "pDevPlusEc": 0, "pProfPlu_7": 0, "NTestedGeo": 0, "Begin_CntG": 0, "Develop_10": 0, "Prof_CntGe": 0, "Dist_CntGe": 0, "pBeginGeom": 0, "pDevelopGe": 0, "pProfGeome": 0, "pDistGeome": 0, "DevPlus_10": 0, "ProfPlus10": 0, "pDevPlusGe": 0, "pProfPlusG": 0, "NTestedLit": 0, "Begin_CntL": 0, "Develop_11": 0, "Prof_CntLi": 0, "Dist_CntLi": 0, "pBeginLit9": 0, "pDevelopLi": 0, "pProfLit9": 0, "pDistLit9": 0, "DevPlus_11": 0, "ProfPlus11": 0, "pDevPlusLi": 0, "pProfPlusL": 0, "NTestedPhy": 0, "Begin_CntP": 0, "Develop_12": 0, "Prof_CntPh": 0, "Dist_CntPh": 0, "pBeginPhys": 0, "pDevelopPh": 0, "pProfPhysS": 0, "pDistPhysS": 0, "DevPlus_12": 0, "ProfPlus12": 0, "pDevPlusPh": 0, "pProfPlusP": 0, "NTestedUSH": 0, "Begin_CntU": 0, "Develop_13": 0, "Prof_CntUS": 0, "Dist_CntUS": 0, "pBeginUSHi": 0, "pDevelopUS": 0, "pProfUSHis": 0, "pDistUSHis": 0, "DevPlus_13": 0, "ProfPlus13": 0, "pDevPlusUS": 0, "pProfPlusU": 0, "NDropout71": 0, "pNDropout7": 0, "Graduation": 0, "NUMBER_OF_": 0, "pHopeEligi": 0, "chENROLLME": -22, "pchENROLLM": -3.14, "chCCRPI": 12, "chpProfPlu": 0, "chpProfP_1": 1, "chpProfP_2": 6, "chpProfP_3": 8, "chpELA8": 0, "chpProfP_4": 0, "chpProfP_5": 0, "chpProfP_6": 0, "chpProfP_7": 0, "chpProfP_8": 0, "chpProfP_9": 0, "chpProfP10": 0, "chpProfP11": 0, "chpProfP12": 0, "chpProfP13": 0, "chpProfP14": 0, "GlobalID": "{96E0E2B7-5D1C-4307-A3CB-9C9BB678BF3E}", "created_us": "opendata@arc", "created_da": "2020-03-25T00:00:00Z", "last_edite": "opendata@arc", "last_edi_1": "2020-03-25T00:00:00Z" }, "geometry": { "type": "Point", "coordinates": [ -84.370111205786344, 33.899270467223886 ] } },
{ "type": "Feature", "properties": { "OBJECTID": 1059, "SysSchool": 6604062, "GradeRange": "09-12", "SchoolAddr": "7447 Roswell Rd", "SchoolCity": "Atlanta", "STATE": "GA", "SchoolZipC": "30328-1026", "MailAddres": "7447 Roswell Rd", "MailCity": "Atlanta", "MailZipCod": "30328-1026", "PrincipalN": "Hanson, Scott", "PrincipalE": " ", "SchoolPhon": "470.254.2490", "SchoolFax": "770.551.2498", "longitude": -84.363298, "latitude": 33.957494, "Year": 2019, "SchoolYear": "2018-19", "SystemID": 660, "SystemName": "Fulton County", "SchoolID": 4062, "SchoolName": "North Springs High School", "Type": "High School", "ENROLLMENT": 1532, "ENROLL_PER": 2, "ENROLL_P_1": 0, "ENROLL_P_2": 50, "ENROLL_P_3": 20, "ENROLL_P_4": 4, "ENROLL_P_5": 25, "ENROLL_P_6": 0, "ENROLL_P_7": 47, "ENROLL_P_8": 9, "ENROLL_P_9": 8, "ENROLL_PCT": 5, "ENROLL_P10": 15, "direct_cer": 15, "pAbsent0_5": 52, "pAbsent6_1": 37, "pAbsent16P": 11, "Churn": 13, "TeacherCou": 99, "AvgExp": 11, "pYrsLt1": 6, "pYears1_10": 53, "pYears11_2": 26, "pYears21_3": 14, "pYearsGt30": 1, "Debt": 0, "GenAdmin": 0, "Instructio": 6014, "Support": 309, "Ops": 905, "Media": 48, "PServices": 721, "Capital": 0, "SchoolAdmi": 466, "Food": 0, "Transport": 11, "TotalSpend": 8474, "CCRPI": 86, "ClimateSta": 5, "NTestedELA": 0, "Begin_CntE": 0, "Develop_Cn": 0, "Prof_CntEL": 0, "Dist_CntEL": 0, "pBeginELA3": 0, "pDevelopEL": 0, "pProfELA3": 0, "pDistELA3": 0, "DevPlus_Cn": 0, "ProfPlus_C": 0, "pDevPlusEL": 0, "pProfPlusE": 0, "NTestedE_1": 0, "Begin_Cn_1": 0, "Develop__1": 0, "Prof_Cnt_1": 0, "Dist_Cnt_1": 0, "pBeginELA5": 0, "pDevelop_1": 0, "pProfELA5": 0, "pDistELA5": 0, "DevPlus__1": 0, "ProfPlus_1": 0, "pDevPlus_1": 0, "pProfPlu_1": 0, "NTestedMat": 0, "Begin_CntM": 0, "Develop__2": 0, "Prof_CntMa": 0, "Dist_CntMa": 0, "pBeginMath": 0, "pDevelopMa": 0, "pProfMath3": 0, "pDistMath3": 0, "DevPlus__2": 0, "ProfPlus_2": 0, "pDevPlusMa": 0, "pProfPlusM": 0, "NTestedM_1": 0, "Begin_Cn_2": 0, "Develop__3": 0, "Prof_Cnt_2": 0, "Dist_Cnt_2": 0, "pBeginMa_1": 0, "pDevelop_2": 0, "pProfMath5": 0, "pDistMath5": 0, "DevPlus__3": 0, "ProfPlus_3": 0, "pDevPlus_2": 0, "pProfPlu_2": 0, "NTestedE_2": 0, "BeginELA8_": 0, "DevelopELA": 0, "ProfELA8_C": 0, "DistELA8_C": 0, "NTestedM_2": 0, "BeginMath8": 0, "DevelopMat": 0, "ProfMath8_": 0, "DistMath8_": 0, "pBeginELA8": 0, "pDevelop_3": 0, "pProfELA8": 0, "pDistELA8": 0, "pBeginMa_2": 0, "pDevelop_4": 0, "pProfMath8": 0, "pDistMath8": 0, "DevPlusELA": 0, "ProfPlusEL": 0, "pDevPlus_3": 0, "pProfPlu_3": 0, "DevPlusMat": 0, "ProfPlusMa": 0, "pDevPlus_4": 0, "pProfPlu_4": 0, "NTestedAlg": 351, "Begin_CntA": 87, "Develop__4": 111, "Prof_CntAl": 101, "Dist_CntAl": 52, "pBeginAlge": 25, "pDevelopAl": 32, "pProfAlgeb": 29, "pDistAlgeb": 15, "DevPlus__4": 264, "ProfPlus_4": 153, "pDevPlusAl": 75, "pProfPlusA": 44, "NTestedAmL": 359, "Begin_Cn_3": 52, "Develop__5": 126, "Prof_CntAm": 149, "Dist_CntAm": 32, "pBeginAmLi": 15, "pDevelopAm": 35, "pProfAmLit": 42, "pDistAmLit": 9, "DevPlus__5": 307, "ProfPlus_5": 181, "pDevPlusAm": 86, "pProfPlu_5": 50, "NTestedAna": 0, "Begin_Cn_4": 0, "Develop__6": 0, "Prof_CntAn": 0, "Dist_CntAn": 0, "pBeginAnal": 0, "pDevelopAn": 0, "pProfAnalG": 0, "pDistAnalG": 0, "DevPlus__6": 0, "ProfPlus_6": 0, "pDevPlusAn": 0, "pProfPlu_6": 0, "NTestedBio": 433, "Begin_CntB": 102, "Develop__7": 97, "Prof_CntBi": 171, "Dist_CntBi": 63, "pBeginBiol": 24, "pDevelopBi": 22, "pProfBiolo": 40, "pDistBiolo": 15, "DevPlus__7": 331, "ProfPlus_7": 234, "pDevPlusBi": 76, "pProfPlusB": 54, "NTestedCoo": 0, "Begin_CntC": 0, "Develop__8": 0, "Prof_CntCo": 0, "Dist_CntCo": 0, "pBeginCoor": 0, "pDevelopCo": 0, "pProfCoord": 0, "pDistCoord": 0, "DevPlus__8": 0, "ProfPlus_8": 0, "pDevPlusCo": 0, "pProfPlusC": 0, "NTestedEco": 330, "Begin_Cn_5": 57, "Develop__9": 86, "Prof_CntEc": 142, "Dist_CntEc": 45, "pBeginEcon": 17, "pDevelopEc": 26, "pProfEcon": 43, "pDistEcon": 14, "DevPlus__9": 273, "ProfPlus_9": 187, "pDevPlusEc": 83, "pProfPlu_7": 57, "NTestedGeo": 423, "Begin_CntG": 100, "Develop_10": 106, "Prof_CntGe": 138, "Dist_CntGe": 79, "pBeginGeom": 24, "pDevelopGe": 25, "pProfGeome": 33, "pDistGeome": 19, "DevPlus_10": 323, "ProfPlus10": 217, "pDevPlusGe": 76, "pProfPlusG": 51, "NTestedLit": 350, "Begin_CntL": 37, "Develop_11": 91, "Prof_CntLi": 155, "Dist_CntLi": 67, "pBeginLit9": 11, "pDevelopLi": 26, "pProfLit9": 44, "pDistLit9": 19, "DevPlus_11": 313, "ProfPlus11": 222, "pDevPlusLi": 89, "pProfPlusL": 63, "NTestedPhy": 6, "Begin_CntP": 0, "Develop_12": 0, "Prof_CntPh": 0, "Dist_CntPh": 0, "pBeginPhys": 0, "pDevelopPh": 0, "pProfPhysS": 0, "pDistPhysS": 0, "DevPlus_12": 0, "ProfPlus12": 0, "pDevPlusPh": 0, "pProfPlusP": 0, "NTestedUSH": 354, "Begin_CntU": 56, "Develop_13": 104, "Prof_CntUS": 122, "Dist_CntUS": 72, "pBeginUSHi": 16, "pDevelopUS": 29, "pProfUSHis": 35, "pDistUSHis": 20, "DevPlus_13": 298, "ProfPlus13": 194, "pDevPlusUS": 84, "pProfPlusU": 55, "NDropout71": 68, "pNDropout7": 4, "Graduation": 93, "NUMBER_OF_": 332, "pHopeEligi": 45, "chENROLLME": -98, "pchENROLLM": -6.01, "chCCRPI": 2, "chpProfPlu": 0, "chpProfP_1": 0, "chpProfP_2": 0, "chpProfP_3": 0, "chpELA8": 0, "chpProfP_4": 0, "chpProfP_5": 19, "chpProfP_6": -1, "chpProfP_7": 0, "chpProfP_8": 0, "chpProfP_9": 0, "chpProfP10": -5, "chpProfP11": 12, "chpProfP12": 14, "chpProfP13": 0, "chpProfP14": 7, "GlobalID": "{3EA06D59-9045-4CA6-A05F-D857EB9E71B3}", "created_us": "opendata@arc", "created_da": "2020-03-25T00:00:00Z", "last_edite": "opendata@arc", "last_edi_1": "2020-03-25T00:00:00Z" }, "geometry": { "type": "Point", "coordinates": [ -84.363302206799744, 33.957500479748937 ] } },
{ "type": "Feature", "properties": { "OBJECTID": 1063, "SysSchool": 6605069, "GradeRange": "09-12", "SchoolAddr": "2400 Union Rd SW", "SchoolCity": "Atlanta", "STATE": "GA", "SchoolZipC": "30331-8023", "MailAddres": "2400 Union Rd SW", "MailCity": "Atlanta", "MailZipCod": "30331-8023", "PrincipalN": "Robinson, Jamar", "PrincipalE": " ", "SchoolPhon": "470.254.6400", "SchoolFax": "404.346.6410", "longitude": -84.576064, "latitude": 33.689101, "Year": 2019, "SchoolYear": "2018-19", "SystemID": 660, "SystemName": "Fulton County", "SchoolID": 5069, "SchoolName": "Westlake High School", "Type": "High School", "ENROLLMENT": 2073, "ENROLL_PER": 0, "ENROLL_P_1": 0, "ENROLL_P_2": 97, "ENROLL_P_3": 2, "ENROLL_P_4": 1, "ENROLL_P_5": 0, "ENROLL_P_6": 0, "ENROLL_P_7": 48, "ENROLL_P_8": 8, "ENROLL_P_9": 0, "ENROLL_PCT": 0, "ENROLL_P10": 14, "direct_cer": 25, "pAbsent0_5": 57, "pAbsent6_1": 31, "pAbsent16P": 12, "Churn": 16, "TeacherCou": 121, "AvgExp": 11, "pYrsLt1": 6, "pYears1_10": 48, "pYears11_2": 32, "pYears21_3": 11, "pYearsGt30": 3, "Debt": 0, "GenAdmin": 0, "Instructio": 6458, "Support": 312, "Ops": 391, "Media": 63, "PServices": 520, "Capital": 0, "SchoolAdmi": 541, "Food": 0, "Transport": 10, "TotalSpend": 8295, "CCRPI": 85, "ClimateSta": 5, "NTestedELA": 0, "Begin_CntE": 0, "Develop_Cn": 0, "Prof_CntEL": 0, "Dist_CntEL": 0, "pBeginELA3": 0, "pDevelopEL": 0, "pProfELA3": 0, "pDistELA3": 0, "DevPlus_Cn": 0, "ProfPlus_C": 0, "pDevPlusEL": 0, "pProfPlusE": 0, "NTestedE_1": 0, "Begin_Cn_1": 0, "Develop__1": 0, "Prof_Cnt_1": 0, "Dist_Cnt_1": 0, "pBeginELA5": 0, "pDevelop_1": 0, "pProfELA5": 0, "pDistELA5": 0, "DevPlus__1": 0, "ProfPlus_1": 0, "pDevPlus_1": 0, "pProfPlu_1": 0, "NTestedMat": 0, "Begin_CntM": 0, "Develop__2": 0, "Prof_CntMa": 0, "Dist_CntMa": 0, "pBeginMath": 0, "pDevelopMa": 0, "pProfMath3": 0, "pDistMath3": 0, "DevPlus__2": 0, "ProfPlus_2": 0, "pDevPlusMa": 0, "pProfPlusM": 0, "NTestedM_1": 0, "Begin_Cn_2": 0, "Develop__3": 0, "Prof_Cnt_2": 0, "Dist_Cnt_2": 0, "pBeginMa_1": 0, "pDevelop_2": 0, "pProfMath5": 0, "pDistMath5": 0, "DevPlus__3": 0, "ProfPlus_3": 0, "pDevPlus_2": 0, "pProfPlu_2": 0, "NTestedE_2": 0, "BeginELA8_": 0, "DevelopELA": 0, "ProfELA8_C": 0, "DistELA8_C": 0, "NTestedM_2": 0, "BeginMath8": 0, "DevelopMat": 0, "ProfMath8_": 0, "DistMath8_": 0, "pBeginELA8": 0, "pDevelop_3": 0, "pProfELA8": 0, "pDistELA8": 0, "pBeginMa_2": 0, "pDevelop_4": 0, "pProfMath8": 0, "pDistMath8": 0, "DevPlusELA": 0, "ProfPlusEL": 0, "pDevPlus_3": 0, "pProfPlu_3": 0, "DevPlusMat": 0, "ProfPlusMa": 0, "pDevPlus_4": 0, "pProfPlu_4": 0, "NTestedAlg": 439, "Begin_CntA": 150, "Develop__4": 173, "Prof_CntAl": 100, "Dist_CntAl": 16, "pBeginAlge": 34, "pDevelopAl": 39, "pProfAlgeb": 23, "pDistAlgeb": 4, "DevPlus__4": 289, "ProfPlus_4": 116, "pDevPlusAl": 66, "pProfPlusA": 26, "NTestedAmL": 535, "Begin_Cn_3": 86, "Develop__5": 195, "Prof_CntAm": 224, "Dist_CntAm": 30, "pBeginAmLi": 16, "pDevelopAm": 36, "pProfAmLit": 42, "pDistAmLit": 6, "DevPlus__5": 449, "ProfPlus_5": 254, "pDevPlusAm": 84, "pProfPlu_5": 48, "NTestedAna": 0, "Begin_Cn_4": 0, "Develop__6": 0, "Prof_CntAn": 0, "Dist_CntAn": 0, "pBeginAnal": 0, "pDevelopAn": 0, "pProfAnalG": 0, "pDistAnalG": 0, "DevPlus__6": 0, "ProfPlus_6": 0, "pDevPlusAn": 0, "pProfPlu_6": 0, "NTestedBio": 412, "Begin_CntB": 80, "Develop__7": 106, "Prof_CntBi": 184, "Dist_CntBi": 42, "pBeginBiol": 19, "pDevelopBi": 26, "pProfBiolo": 45, "pDistBiolo": 10, "DevPlus__7": 332, "ProfPlus_7": 226, "pDevPlusBi": 81, "pProfPlusB": 55, "NTestedCoo": 0, "Begin_CntC": 0, "Develop__8": 0, "Prof_CntCo": 0, "Dist_CntCo": 0, "pBeginCoor": 0, "pDevelopCo": 0, "pProfCoord": 0, "pDistCoord": 0, "DevPlus__8": 0, "ProfPlus_8": 0, "pDevPlusCo": 0, "pProfPlusC": 0, "NTestedEco": 541, "Begin_Cn_5": 53, "Develop__9": 182, "Prof_CntEc": 252, "Dist_CntEc": 54, "pBeginEcon": 10, "pDevelopEc": 34, "pProfEcon": 47, "pDistEcon": 10, "DevPlus__9": 488, "ProfPlus_9": 306, "pDevPlusEc": 90, "pProfPlu_7": 57, "NTestedGeo": 544, "Begin_CntG": 115, "Develop_10": 180, "Prof_CntGe": 209, "Dist_CntGe": 40, "pBeginGeom": 21, "pDevelopGe": 33, "pProfGeome": 38, "pDistGeome": 7, "DevPlus_10": 429, "ProfPlus10": 249, "pDevPlusGe": 79, "pProfPlusG": 46, "NTestedLit": 413, "Begin_CntL": 52, "Develop_11": 146, "Prof_CntLi": 189, "Dist_CntLi": 26, "pBeginLit9": 13, "pDevelopLi": 35, "pProfLit9": 46, "pDistLit9": 6, "DevPlus_11": 361, "ProfPlus11": 215, "pDevPlusLi": 88, "pProfPlusL": 52, "NTestedPhy": 31, "Begin_CntP": 6, "Develop_12": 9, "Prof_CntPh": 13, "Dist_CntPh": 3, "pBeginPhys": 19, "pDevelopPh": 29, "pProfPhysS": 42, "pDistPhysS": 10, "DevPlus_12": 25, "ProfPlus12": 16, "pDevPlusPh": 81, "pProfPlusP": 52, "NTestedUSH": 468, "Begin_CntU": 70, "Develop_13": 173, "Prof_CntUS": 196, "Dist_CntUS": 29, "pBeginUSHi": 15, "pDevelopUS": 37, "pProfUSHis": 42, "pDistUSHis": 6, "DevPlus_13": 398, "ProfPlus13": 225, "pDevPlusUS": 85, "pProfPlusU": 48, "NDropout71": 85, "pNDropout7": 4, "Graduation": 92, "NUMBER_OF_": 496, "pHopeEligi": 32, "chENROLLME": -19, "pchENROLLM": -0.9, "chCCRPI": 8, "chpProfPlu": 0, "chpProfP_1": 0, "chpProfP_2": 0, "chpProfP_3": 0, "chpELA8": 0, "chpProfP_4": 0, "chpProfP_5": 12, "chpProfP_6": 9, "chpProfP_7": 0, "chpProfP_8": 0, "chpProfP_9": 0, "chpProfP10": 2, "chpProfP11": 21, "chpProfP12": 23, "chpProfP13": 40, "chpProfP14": 9, "GlobalID": "{C81A2DB2-A485-4C2F-9B27-CA7B39099661}", "created_us": "opendata@arc", "created_da": "2020-03-25T00:00:00Z", "last_edite": "opendata@arc", "last_edi_1": "2020-03-25T00:00:00Z" }, "geometry": { "type": "Point", "coordinates": [ -84.576068253708669, 33.689107415212661 ] } },
{ "type": "Feature", "properties": { "OBJECTID": 2042, "SysSchool": 7610100, "GradeRange": "06-08", "SchoolAddr": "765 Peeples St SW", "SchoolCity": "Atlanta", "STATE": "GA", "SchoolZipC": "30310-2603", "MailAddres": "765 Peeples St SW", "MailCity": "Atlanta", "MailZipCod": "30310-2603", "PrincipalN": "Crooms, Tiauna", "PrincipalE": "tcrooms@atlanta.k12.ga.us", "SchoolPhon": "404.802.6800", "SchoolFax": "404.752.0041", "longitude": -84.421015, "latitude": 33.734026, "Year": 2019, "SchoolYear": "2018-19", "SystemID": 761, "SystemName": "Atlanta Public Schools", "SchoolID": 100, "SchoolName": "Brown Middle School", "Type": "Middle School", "ENROLLMENT": 480, "ENROLL_PER": 0, "ENROLL_P_1": 0, "ENROLL_P_2": 98, "ENROLL_P_3": 1, "ENROLL_P_4": 1, "ENROLL_P_5": 0, "ENROLL_P_6": 0, "ENROLL_P_7": 100, "ENROLL_P_8": 18, "ENROLL_P_9": 0, "ENROLL_PCT": 0, "ENROLL_P10": 5, "direct_cer": 74, "pAbsent0_5": 35, "pAbsent6_1": 40, "pAbsent16P": 25, "Churn": 49, "TeacherCou": 38, "AvgExp": 10, "pYrsLt1": 13, "pYears1_10": 45, "pYears11_2": 32, "pYears21_3": 11, "pYearsGt30": 0, "Debt": 0, "GenAdmin": 0, "Instructio": 7835, "Support": 405, "Ops": 1103, "Media": 230, "PServices": 822, "Capital": 0, "SchoolAdmi": 1428, "Food": 0, "Transport": 0, "TotalSpend": 11822, "CCRPI": 66, "ClimateSta": 3, "NTestedELA": 0, "Begin_CntE": 0, "Develop_Cn": 0, "Prof_CntEL": 0, "Dist_CntEL": 0, "pBeginELA3": 0, "pDevelopEL": 0, "pProfELA3": 0, "pDistELA3": 0, "DevPlus_Cn": 0, "ProfPlus_C": 0, "pDevPlusEL": 0, "pProfPlusE": 0, "NTestedE_1": 0, "Begin_Cn_1": 0, "Develop__1": 0, "Prof_Cnt_1": 0, "Dist_Cnt_1": 0, "pBeginELA5": 0, "pDevelop_1": 0, "pProfELA5": 0, "pDistELA5": 0, "DevPlus__1": 0, "ProfPlus_1": 0, "pDevPlus_1": 0, "pProfPlu_1": 0, "NTestedMat": 0, "Begin_CntM": 0, "Develop__2": 0, "Prof_CntMa": 0, "Dist_CntMa": 0, "pBeginMath": 0, "pDevelopMa": 0, "pProfMath3": 0, "pDistMath3": 0, "DevPlus__2": 0, "ProfPlus_2": 0, "pDevPlusMa": 0, "pProfPlusM": 0, "NTestedM_1": 0, "Begin_Cn_2": 0, "Develop__3": 0, "Prof_Cnt_2": 0, "Dist_Cnt_2": 0, "pBeginMa_1": 0, "pDevelop_2": 0, "pProfMath5": 0, "pDistMath5": 0, "DevPlus__3": 0, "ProfPlus_3": 0, "pDevPlus_2": 0, "pProfPlu_2": 0, "NTestedE_2": 175, "BeginELA8_": 63, "DevelopELA": 70, "ProfELA8_C": 39, "DistELA8_C": 3, "NTestedM_2": 176, "BeginMath8": 77, "DevelopMat": 70, "ProfMath8_": 26, "DistMath8_": 3, "pBeginELA8": 36, "pDevelop_3": 40, "pProfELA8": 22, "pDistELA8": 2, "pBeginMa_2": 44, "pDevelop_4": 40, "pProfMath8": 15, "pDistMath8": 2, "DevPlusELA": 112, "ProfPlusEL": 42, "pDevPlus_3": 64, "pProfPlu_3": 24, "DevPlusMat": 99, "ProfPlusMa": 29, "pDevPlus_4": 56, "pProfPlu_4": 17, "NTestedAlg": 0, "Begin_CntA": 0, "Develop__4": 0, "Prof_CntAl": 0, "Dist_CntAl": 0, "pBeginAlge": 0, "pDevelopAl": 0, "pProfAlgeb": 0, "pDistAlgeb": 0, "DevPlus__4": 0, "ProfPlus_4": 0, "pDevPlusAl": 0, "pProfPlusA": 0, "NTestedAmL": 0, "Begin_Cn_3": 0, "Develop__5": 0, "Prof_CntAm": 0, "Dist_CntAm": 0, "pBeginAmLi": 0, "pDevelopAm": 0, "pProfAmLit": 0, "pDistAmLit": 0, "DevPlus__5": 0, "ProfPlus_5": 0, "pDevPlusAm": 0, "pProfPlu_5": 0, "NTestedAna": 0, "Begin_Cn_4": 0, "Develop__6": 0, "Prof_CntAn": 0, "Dist_CntAn": 0, "pBeginAnal": 0, "pDevelopAn": 0, "pProfAnalG": 0, "pDistAnalG": 0, "DevPlus__6": 0, "ProfPlus_6": 0, "pDevPlusAn": 0, "pProfPlu_6": 0, "NTestedBio": 0, "Begin_CntB": 0, "Develop__7": 0, "Prof_CntBi": 0, "Dist_CntBi": 0, "pBeginBiol": 0, "pDevelopBi": 0, "pProfBiolo": 0, "pDistBiolo": 0, "DevPlus__7": 0, "ProfPlus_7": 0, "pDevPlusBi": 0, "pProfPlusB": 0, "NTestedCoo": 0, "Begin_CntC": 0, "Develop__8": 0, "Prof_CntCo": 0, "Dist_CntCo": 0, "pBeginCoor": 0, "pDevelopCo": 0, "pProfCoord": 0, "pDistCoord": 0, "DevPlus__8": 0, "ProfPlus_8": 0, "pDevPlusCo": 0, "pProfPlusC": 0, "NTestedEco": 0, "Begin_Cn_5": 0, "Develop__9": 0, "Prof_CntEc": 0, "Dist_CntEc": 0, "pBeginEcon": 0, "pDevelopEc": 0, "pProfEcon": 0, "pDistEcon": 0, "DevPlus__9": 0, "ProfPlus_9": 0, "pDevPlusEc": 0, "pProfPlu_7": 0, "NTestedGeo": 0, "Begin_CntG": 0, "Develop_10": 0, "Prof_CntGe": 0, "Dist_CntGe": 0, "pBeginGeom": 0, "pDevelopGe": 0, "pProfGeome": 0, "pDistGeome": 0, "DevPlus_10": 0, "ProfPlus10": 0, "pDevPlusGe": 0, "pProfPlusG": 0, "NTestedLit": 0, "Begin_CntL": 0, "Develop_11": 0, "Prof_CntLi": 0, "Dist_CntLi": 0, "pBeginLit9": 0, "pDevelopLi": 0, "pProfLit9": 0, "pDistLit9": 0, "DevPlus_11": 0, "ProfPlus11": 0, "pDevPlusLi": 0, "pProfPlusL": 0, "NTestedPhy": 0, "Begin_CntP": 0, "Develop_12": 0, "Prof_CntPh": 0, "Dist_CntPh": 0, "pBeginPhys": 0, "pDevelopPh": 0, "pProfPhysS": 0, "pDistPhysS": 0, "DevPlus_12": 0, "ProfPlus12": 0, "pDevPlusPh": 0, "pProfPlusP": 0, "NTestedUSH": 0, "Begin_CntU": 0, "Develop_13": 0, "Prof_CntUS": 0, "Dist_CntUS": 0, "pBeginUSHi": 0, "pDevelopUS": 0, "pProfUSHis": 0, "pDistUSHis": 0, "DevPlus_13": 0, "ProfPlus13": 0, "pDevPlusUS": 0, "pProfPlusU": 0, "NDropout71": 33, "pNDropout7": 8, "Graduation": 0, "NUMBER_OF_": 0, "pHopeEligi": 0, "chENROLLME": -70, "pchENROLLM": -12.72, "chCCRPI": 7, "chpProfPlu": 0, "chpProfP_1": 0, "chpProfP_2": 0, "chpProfP_3": 0, "chpELA8": 13, "chpProfP_4": 6, "chpProfP_5": 0, "chpProfP_6": 0, "chpProfP_7": 0, "chpProfP_8": 0, "chpProfP_9": 0, "chpProfP10": 0, "chpProfP11": 0, "chpProfP12": 0, "chpProfP13": 0, "chpProfP14": 0, "GlobalID": "{1EEBDD03-D0E0-4536-A738-EC7309E5D139}", "created_us": "opendata@arc", "created_da": "2020-03-25T00:00:00Z", "last_edite": "opendata@arc", "last_edi_1": "2020-03-25T00:00:00Z" }, "geometry": { "type": "Point", "coordinates": [ -84.421019211739434, 33.734032429842323 ] } },
{ "type": "Feature", "properties": { "OBJECTID": 2043, "SysSchool": 7610101, "GradeRange": "PK-05", "SchoolAddr": "685 Mercer St SE", "SchoolCity": "Atlanta", "STATE": "GA", "SchoolZipC": "30312-3519", "MailAddres": "685 Mercer St SE", "MailCity": "Atlanta", "MailZipCod": "30312-3519", "PrincipalN": "Foster, Timmy", "PrincipalE": "tlfoster@atlanta.k12.ga.us", "SchoolPhon": "404.802.4100", "SchoolFax": "404.624.9855", "longitude": -84.364739, "latitude": 33.734982, "Year": 2019, "SchoolYear": "2018-19", "SystemID": 761, "SystemName": "Atlanta Public Schools", "SchoolID": 101, "SchoolName": "Parkside Elementary School", "Type": "Elementary School", "ENROLLMENT": 524, "ENROLL_PER": 1, "ENROLL_P_1": 0, "ENROLL_P_2": 63, "ENROLL_P_3": 7, "ENROLL_P_4": 5, "ENROLL_P_5": 23, "ENROLL_P_6": 0, "ENROLL_P_7": 100, "ENROLL_P_8": 11, "ENROLL_P_9": 3, "ENROLL_PCT": 3, "ENROLL_P10": 12, "direct_cer": 50, "pAbsent0_5": 47, "pAbsent6_1": 41, "pAbsent16P": 12, "Churn": 22, "TeacherCou": 46, "AvgExp": 12, "pYrsLt1": 7, "pYears1_10": 39, "pYears11_2": 41, "pYears21_3": 13, "pYearsGt30": 0, "Debt": 0, "GenAdmin": 0, "Instructio": 8738, "Support": 425, "Ops": 486, "Media": 210, "PServices": 439, "Capital": 0, "SchoolAdmi": 1010, "Food": 0, "Transport": 13, "TotalSpend": 11322, "CCRPI": 71, "ClimateSta": 2, "NTestedELA": 87, "Begin_CntE": 37, "Develop_Cn": 19, "Prof_CntEL": 20, "Dist_CntEL": 11, "pBeginELA3": 43, "pDevelopEL": 22, "pProfELA3": 23, "pDistELA3": 13, "DevPlus_Cn": 50, "ProfPlus_C": 31, "pDevPlusEL": 57, "pProfPlusE": 36, "NTestedE_1": 81, "Begin_Cn_1": 30, "Develop__1": 28, "Prof_Cnt_1": 13, "Dist_Cnt_1": 10, "pBeginELA5": 37, "pDevelop_1": 35, "pProfELA5": 16, "pDistELA5": 12, "DevPlus__1": 51, "ProfPlus_1": 23, "pDevPlus_1": 63, "pProfPlu_1": 28, "NTestedMat": 87, "Begin_CntM": 37, "Develop__2": 28, "Prof_CntMa": 22, "Dist_CntMa": 0, "pBeginMath": 43, "pDevelopMa": 32, "pProfMath3": 25, "pDistMath3": 0, "DevPlus__2": 50, "ProfPlus_2": 22, "pDevPlusMa": 58, "pProfPlusM": 25, "NTestedM_1": 81, "Begin_Cn_2": 30, "Develop__3": 32, "Prof_Cnt_2": 12, "Dist_Cnt_2": 7, "pBeginMa_1": 37, "pDevelop_2": 40, "pProfMath5": 15, "pDistMath5": 9, "DevPlus__3": 51, "ProfPlus_3": 19, "pDevPlus_2": 63, "pProfPlu_2": 23, "NTestedE_2": 0, "BeginELA8_": 0, "DevelopELA": 0, "ProfELA8_C": 0, "DistELA8_C": 0, "NTestedM_2": 0, "BeginMath8": 0, "DevelopMat": 0, "ProfMath8_": 0, "DistMath8_": 0, "pBeginELA8": 0, "pDevelop_3": 0, "pProfELA8": 0, "pDistELA8": 0, "pBeginMa_2": 0, "pDevelop_4": 0, "pProfMath8": 0, "pDistMath8": 0, "DevPlusELA": 0, "ProfPlusEL": 0, "pDevPlus_3": 0, "pProfPlu_3": 0, "DevPlusMat": 0, "ProfPlusMa": 0, "pDevPlus_4": 0, "pProfPlu_4": 0, "NTestedAlg": 0, "Begin_CntA": 0, "Develop__4": 0, "Prof_CntAl": 0, "Dist_CntAl": 0, "pBeginAlge": 0, "pDevelopAl": 0, "pProfAlgeb": 0, "pDistAlgeb": 0, "DevPlus__4": 0, "ProfPlus_4": 0, "pDevPlusAl": 0, "pProfPlusA": 0, "NTestedAmL": 0, "Begin_Cn_3": 0, "Develop__5": 0, "Prof_CntAm": 0, "Dist_CntAm": 0, "pBeginAmLi": 0, "pDevelopAm": 0, "pProfAmLit": 0, "pDistAmLit": 0, "DevPlus__5": 0, "ProfPlus_5": 0, "pDevPlusAm": 0, "pProfPlu_5": 0, "NTestedAna": 0, "Begin_Cn_4": 0, "Develop__6": 0, "Prof_CntAn": 0, "Dist_CntAn": 0, "pBeginAnal": 0, "pDevelopAn": 0, "pProfAnalG": 0, "pDistAnalG": 0, "DevPlus__6": 0, "ProfPlus_6": 0, "pDevPlusAn": 0, "pProfPlu_6": 0, "NTestedBio": 0, "Begin_CntB": 0, "Develop__7": 0, "Prof_CntBi": 0, "Dist_CntBi": 0, "pBeginBiol": 0, "pDevelopBi": 0, "pProfBiolo": 0, "pDistBiolo": 0, "DevPlus__7": 0, "ProfPlus_7": 0, "pDevPlusBi": 0, "pProfPlusB": 0, "NTestedCoo": 0, "Begin_CntC": 0, "Develop__8": 0, "Prof_CntCo": 0, "Dist_CntCo": 0, "pBeginCoor": 0, "pDevelopCo": 0, "pProfCoord": 0, "pDistCoord": 0, "DevPlus__8": 0, "ProfPlus_8": 0, "pDevPlusCo": 0, "pProfPlusC": 0, "NTestedEco": 0, "Begin_Cn_5": 0, "Develop__9": 0, "Prof_CntEc": 0, "Dist_CntEc": 0, "pBeginEcon": 0, "pDevelopEc": 0, "pProfEcon": 0, "pDistEcon": 0, "DevPlus__9": 0, "ProfPlus_9": 0, "pDevPlusEc": 0, "pProfPlu_7": 0, "NTestedGeo": 0, "Begin_CntG": 0, "Develop_10": 0, "Prof_CntGe": 0, "Dist_CntGe": 0, "pBeginGeom": 0, "pDevelopGe": 0, "pProfGeome": 0, "pDistGeome": 0, "DevPlus_10": 0, "ProfPlus10": 0, "pDevPlusGe": 0, "pProfPlusG": 0, "NTestedLit": 0, "Begin_CntL": 0, "Develop_11": 0, "Prof_CntLi": 0, "Dist_CntLi": 0, "pBeginLit9": 0, "pDevelopLi": 0, "pProfLit9": 0, "pDistLit9": 0, "DevPlus_11": 0, "ProfPlus11": 0, "pDevPlusLi": 0, "pProfPlusL": 0, "NTestedPhy": 0, "Begin_CntP": 0, "Develop_12": 0, "Prof_CntPh": 0, "Dist_CntPh": 0, "pBeginPhys": 0, "pDevelopPh": 0, "pProfPhysS": 0, "pDistPhysS": 0, "DevPlus_12": 0, "ProfPlus12": 0, "pDevPlusPh": 0, "pProfPlusP": 0, "NTestedUSH": 0, "Begin_CntU": 0, "Develop_13": 0, "Prof_CntUS": 0, "Dist_CntUS": 0, "pBeginUSHi": 0, "pDevelopUS": 0, "pProfUSHis": 0, "pDistUSHis": 0, "DevPlus_13": 0, "ProfPlus13": 0, "pDevPlusUS": 0, "pProfPlusU": 0, "NDropout71": 0, "pNDropout7": 0, "Graduation": 0, "NUMBER_OF_": 0, "pHopeEligi": 0, "chENROLLME": -8, "pchENROLLM": -1.5, "chCCRPI": 2, "chpProfPlu": 15, "chpProfP_1": 5, "chpProfP_2": 4, "chpProfP_3": 10, "chpELA8": 0, "chpProfP_4": 0, "chpProfP_5": 0, "chpProfP_6": 0, "chpProfP_7": 0, "chpProfP_8": 0, "chpProfP_9": 0, "chpProfP10": 0, "chpProfP11": 0, "chpProfP12": 0, "chpProfP13": 0, "chpProfP14": 0, "GlobalID": "{46CDF24C-5F02-455E-87DB-6B74279CFEEE}", "created_us": "opendata@arc", "created_da": "2020-03-25T00:00:00Z", "last_edite": "opendata@arc", "last_edi_1": "2020-03-25T00:00:00Z" }, "geometry": { "type": "Point", "coordinates": [ -84.36474319524531, 33.734988431649796 ] } },
{ "type": "Feature", "properties": { "OBJECTID": 2044, "SysSchool": 7610103, "GradeRange": "PK-05", "SchoolAddr": "3500 Villa Cir SE", "SchoolCity": "Atlanta", "STATE": "GA", "SchoolZipC": "30354-2848", "MailAddres": "3500 Villa Cir SE", "MailCity": "Atlanta", "MailZipCod": "30354-2848", "PrincipalN": "Harvey, Trennis", "PrincipalE": "tharvey@atlanta.k12.ga.us", "SchoolPhon": "404.802.8650", "SchoolFax": "404.608.8321", "longitude": -84.37816, "latitude": 33.658974, "Year": 2019, "SchoolYear": "2018-19", "SystemID": 761, "SystemName": "Atlanta Public Schools", "SchoolID": 103, "SchoolName": "Heritage Academy Elementary", "Type": "Elementary School", "ENROLLMENT": 441, "ENROLL_PER": 0, "ENROLL_P_1": 0, "ENROLL_P_2": 97, "ENROLL_P_3": 3, "ENROLL_P_4": 0, "ENROLL_P_5": 0, "ENROLL_P_6": 0, "ENROLL_P_7": 100, "ENROLL_P_8": 11, "ENROLL_P_9": 1, "ENROLL_PCT": 1, "ENROLL_P10": 5, "direct_cer": 76, "pAbsent0_5": 46, "pAbsent6_1": 40, "pAbsent16P": 14, "Churn": 35, "TeacherCou": 35, "AvgExp": 13, "pYrsLt1": 6, "pYears1_10": 37, "pYears11_2": 29, "pYears21_3": 29, "pYearsGt30": 0, "Debt": 0, "GenAdmin": 0, "Instructio": 8223, "Support": 756, "Ops": 583, "Media": 212, "PServices": 462, "Capital": 0, "SchoolAdmi": 881, "Food": 0, "Transport": 55, "TotalSpend": 11172, "CCRPI": 58, "ClimateSta": 3, "NTestedELA": 69, "Begin_CntE": 23, "Develop_Cn": 31, "Prof_CntEL": 14, "Dist_CntEL": 1, "pBeginELA3": 33, "pDevelopEL": 45, "pProfELA3": 20, "pDistELA3": 1, "DevPlus_Cn": 46, "ProfPlus_C": 15, "pDevPlusEL": 67, "pProfPlusE": 22, "NTestedE_1": 94, "Begin_Cn_1": 30, "Develop__1": 44, "Prof_Cnt_1": 17, "Dist_Cnt_1": 3, "pBeginELA5": 32, "pDevelop_1": 47, "pProfELA5": 18, "pDistELA5": 3, "DevPlus__1": 64, "ProfPlus_1": 20, "pDevPlus_1": 68, "pProfPlu_1": 21, "NTestedMat": 69, "Begin_CntM": 20, "Develop__2": 27, "Prof_CntMa": 21, "Dist_CntMa": 1, "pBeginMath": 29, "pDevelopMa": 39, "pProfMath3": 30, "pDistMath3": 1, "DevPlus__2": 49, "ProfPlus_2": 22, "pDevPlusMa": 71, "pProfPlusM": 32, "NTestedM_1": 94, "Begin_Cn_2": 40, "Develop__3": 48, "Prof_Cnt_2": 6, "Dist_Cnt_2": 0, "pBeginMa_1": 43, "pDevelop_2": 51, "pProfMath5": 6, "pDistMath5": 0, "DevPlus__3": 54, "ProfPlus_3": 6, "pDevPlus_2": 58, "pProfPlu_2": 6, "NTestedE_2": 0, "BeginELA8_": 0, "DevelopELA": 0, "ProfELA8_C": 0, "DistELA8_C": 0, "NTestedM_2": 0, "BeginMath8": 0, "DevelopMat": 0, "ProfMath8_": 0, "DistMath8_": 0, "pBeginELA8": 0, "pDevelop_3": 0, "pProfELA8": 0, "pDistELA8": 0, "pBeginMa_2": 0, "pDevelop_4": 0, "pProfMath8": 0, "pDistMath8": 0, "DevPlusELA": 0, "ProfPlusEL": 0, "pDevPlus_3": 0, "pProfPlu_3": 0, "DevPlusMat": 0, "ProfPlusMa": 0, "pDevPlus_4": 0, "pProfPlu_4": 0, "NTestedAlg": 0, "Begin_CntA": 0, "Develop__4": 0, "Prof_CntAl": 0, "Dist_CntAl": 0, "pBeginAlge": 0, "pDevelopAl": 0, "pProfAlgeb": 0, "pDistAlgeb": 0, "DevPlus__4": 0, "ProfPlus_4": 0, "pDevPlusAl": 0, "pProfPlusA": 0, "NTestedAmL": 0, "Begin_Cn_3": 0, "Develop__5": 0, "Prof_CntAm": 0, "Dist_CntAm": 0, "pBeginAmLi": 0, "pDevelopAm": 0, "pProfAmLit": 0, "pDistAmLit": 0, "DevPlus__5": 0, "ProfPlus_5": 0, "pDevPlusAm": 0, "pProfPlu_5": 0, "NTestedAna": 0, "Begin_Cn_4": 0, "Develop__6": 0, "Prof_CntAn": 0, "Dist_CntAn": 0, "pBeginAnal": 0, "pDevelopAn": 0, "pProfAnalG": 0, "pDistAnalG": 0, "DevPlus__6": 0, "ProfPlus_6": 0, "pDevPlusAn": 0, "pProfPlu_6": 0, "NTestedBio": 0, "Begin_CntB": 0, "Develop__7": 0, "Prof_CntBi": 0, "Dist_CntBi": 0, "pBeginBiol": 0, "pDevelopBi": 0, "pProfBiolo": 0, "pDistBiolo": 0, "DevPlus__7": 0, "ProfPlus_7": 0, "pDevPlusBi": 0, "pProfPlusB": 0, "NTestedCoo": 0, "Begin_CntC": 0, "Develop__8": 0, "Prof_CntCo": 0, "Dist_CntCo": 0, "pBeginCoor": 0, "pDevelopCo": 0, "pProfCoord": 0, "pDistCoord": 0, "DevPlus__8": 0, "ProfPlus_8": 0, "pDevPlusCo": 0, "pProfPlusC": 0, "NTestedEco": 0, "Begin_Cn_5": 0, "Develop__9": 0, "Prof_CntEc": 0, "Dist_CntEc": 0, "pBeginEcon": 0, "pDevelopEc": 0, "pProfEcon": 0, "pDistEcon": 0, "DevPlus__9": 0, "ProfPlus_9": 0, "pDevPlusEc": 0, "pProfPlu_7": 0, "NTestedGeo": 0, "Begin_CntG": 0, "Develop_10": 0, "Prof_CntGe": 0, "Dist_CntGe": 0, "pBeginGeom": 0, "pDevelopGe": 0, "pProfGeome": 0, "pDistGeome": 0, "DevPlus_10": 0, "ProfPlus10": 0, "pDevPlusGe": 0, "pProfPlusG": 0, "NTestedLit": 0, "Begin_CntL": 0, "Develop_11": 0, "Prof_CntLi": 0, "Dist_CntLi": 0, "pBeginLit9": 0, "pDevelopLi": 0, "pProfLit9": 0, "pDistLit9": 0, "DevPlus_11": 0, "ProfPlus11": 0, "pDevPlusLi": 0, "pProfPlusL": 0, "NTestedPhy": 0, "Begin_CntP": 0, "Develop_12": 0, "Prof_CntPh": 0, "Dist_CntPh": 0, "pBeginPhys": 0, "pDevelopPh": 0, "pProfPhysS": 0, "pDistPhysS": 0, "DevPlus_12": 0, "ProfPlus12": 0, "pDevPlusPh": 0, "pProfPlusP": 0, "NTestedUSH": 0, "Begin_CntU": 0, "Develop_13": 0, "Prof_CntUS": 0, "Dist_CntUS": 0, "pBeginUSHi": 0, "pDevelopUS": 0, "pProfUSHis": 0, "pDistUSHis": 0, "DevPlus_13": 0, "ProfPlus13": 0, "pDevPlusUS": 0, "pProfPlusU": 0, "NDropout71": 0, "pNDropout7": 0, "Graduation": 0, "NUMBER_OF_": 0, "pHopeEligi": 0, "chENROLLME": -27, "pchENROLLM": -5.76, "chCCRPI": -3, "chpProfPlu": 10, "chpProfP_1": 14, "chpProfP_2": 6, "chpProfP_3": -13, "chpELA8": 0, "chpProfP_4": 0, "chpProfP_5": 0, "chpProfP_6": 0, "chpProfP_7": 0, "chpProfP_8": 0, "chpProfP_9": 0, "chpProfP10": 0, "chpProfP11": 0, "chpProfP12": 0, "chpProfP13": 0, "chpProfP14": 0, "GlobalID": "{F3573273-3F85-406F-815C-0117039068DB}", "created_us": "opendata@arc", "created_da": "2020-03-25T00:00:00Z", "last_edite": "opendata@arc", "last_edi_1": "2020-03-25T00:00:00Z" }, "geometry": { "type": "Point", "coordinates": [ -84.378164195371639, 33.658980414950683 ] } },
{ "type": "Feature", "properties": { "OBJECTID": 2045, "SysSchool": 7610104, "GradeRange": "PK-05", "SchoolAddr": "2025 Jonesboro Rd SE", "SchoolCity": "Atlanta", "STATE": "GA", "SchoolZipC": "30315-6726", "MailAddres": "2025 Jonesboro Rd SE", "MailCity": "Atlanta", "MailZipCod": "30315-6726", "PrincipalN": "Ragin, Tiffany", "PrincipalE": "tragin@atlanta.k12.ga.us", "SchoolPhon": "404.802.8050", "SchoolFax": "404.624.2024", "longitude": -84.372382, "latitude": 33.698284, "Year": 2019, "SchoolYear": "2018-19", "SystemID": 761, "SystemName": "Atlanta Public Schools", "SchoolID": 104, "SchoolName": "Dobbs Elementary School", "Type": "Elementary School", "ENROLLMENT": 438, "ENROLL_PER": 0, "ENROLL_P_1": 0, "ENROLL_P_2": 95, "ENROLL_P_3": 4, "ENROLL_P_4": 0, "ENROLL_P_5": 1, "ENROLL_P_6": 1, "ENROLL_P_7": 100, "ENROLL_P_8": 15, "ENROLL_P_9": 3, "ENROLL_PCT": 3, "ENROLL_P10": 1, "direct_cer": 79, "pAbsent0_5": 45, "pAbsent6_1": 36, "pAbsent16P": 19, "Churn": 30, "TeacherCou": 34, "AvgExp": 15, "pYrsLt1": 6, "pYears1_10": 27, "pYears11_2": 47, "pYears21_3": 21, "pYearsGt30": 0, "Debt": 0, "GenAdmin": 0, "Instructio": 8520, "Support": 753, "Ops": 540, "Media": 255, "PServices": 680, "Capital": 0, "SchoolAdmi": 986, "Food": 0, "Transport": 2, "TotalSpend": 11736, "CCRPI": 58, "ClimateSta": 2, "NTestedELA": 75, "Begin_CntE": 40, "Develop_Cn": 20, "Prof_CntEL": 14, "Dist_CntEL": 1, "pBeginELA3": 53, "pDevelopEL": 27, "pProfELA3": 19, "pDistELA3": 1, "DevPlus_Cn": 35, "ProfPlus_C": 15, "pDevPlusEL": 47, "pProfPlusE": 20, "NTestedE_1": 87, "Begin_Cn_1": 35, "Develop__1": 37, "Prof_Cnt_1": 14, "Dist_Cnt_1": 1, "pBeginELA5": 40, "pDevelop_1": 43, "pProfELA5": 16, "pDistELA5": 1, "DevPlus__1": 52, "ProfPlus_1": 15, "pDevPlus_1": 60, "pProfPlu_1": 17, "NTestedMat": 75, "Begin_CntM": 33, "Develop__2": 28, "Prof_CntMa": 14, "Dist_CntMa": 0, "pBeginMath": 44, "pDevelopMa": 37, "pProfMath3": 19, "pDistMath3": 0, "DevPlus__2": 42, "ProfPlus_2": 14, "pDevPlusMa": 56, "pProfPlusM": 19, "NTestedM_1": 87, "Begin_Cn_2": 33, "Develop__3": 44, "Prof_Cnt_2": 9, "Dist_Cnt_2": 1, "pBeginMa_1": 38, "pDevelop_2": 51, "pProfMath5": 10, "pDistMath5": 1, "DevPlus__3": 54, "ProfPlus_3": 10, "pDevPlus_2": 62, "pProfPlu_2": 11, "NTestedE_2": 0, "BeginELA8_": 0, "DevelopELA": 0, "ProfELA8_C": 0, "DistELA8_C": 0, "NTestedM_2": 0, "BeginMath8": 0, "DevelopMat": 0, "ProfMath8_": 0, "DistMath8_": 0, "pBeginELA8": 0, "pDevelop_3": 0, "pProfELA8": 0, "pDistELA8": 0, "pBeginMa_2": 0, "pDevelop_4": 0, "pProfMath8": 0, "pDistMath8": 0, "DevPlusELA": 0, "ProfPlusEL": 0, "pDevPlus_3": 0, "pProfPlu_3": 0, "DevPlusMat": 0, "ProfPlusMa": 0, "pDevPlus_4": 0, "pProfPlu_4": 0, "NTestedAlg": 0, "Begin_CntA": 0, "Develop__4": 0, "Prof_CntAl": 0, "Dist_CntAl": 0, "pBeginAlge": 0, "pDevelopAl": 0, "pProfAlgeb": 0, "pDistAlgeb": 0, "DevPlus__4": 0, "ProfPlus_4": 0, "pDevPlusAl": 0, "pProfPlusA": 0, "NTestedAmL": 0, "Begin_Cn_3": 0, "Develop__5": 0, "Prof_CntAm": 0, "Dist_CntAm": 0, "pBeginAmLi": 0, "pDevelopAm": 0, "pProfAmLit": 0, "pDistAmLit": 0, "DevPlus__5": 0, "ProfPlus_5": 0, "pDevPlusAm": 0, "pProfPlu_5": 0, "NTestedAna": 0, "Begin_Cn_4": 0, "Develop__6": 0, "Prof_CntAn": 0, "Dist_CntAn": 0, "pBeginAnal": 0, "pDevelopAn": 0, "pProfAnalG": 0, "pDistAnalG": 0, "DevPlus__6": 0, "ProfPlus_6": 0, "pDevPlusAn": 0, "pProfPlu_6": 0, "NTestedBio": 0, "Begin_CntB": 0, "Develop__7": 0, "Prof_CntBi": 0, "Dist_CntBi": 0, "pBeginBiol": 0, "pDevelopBi": 0, "pProfBiolo": 0, "pDistBiolo": 0, "DevPlus__7": 0, "ProfPlus_7": 0, "pDevPlusBi": 0, "pProfPlusB": 0, "NTestedCoo": 0, "Begin_CntC": 0, "Develop__8": 0, "Prof_CntCo": 0, "Dist_CntCo": 0, "pBeginCoor": 0, "pDevelopCo": 0, "pProfCoord": 0, "pDistCoord": 0, "DevPlus__8": 0, "ProfPlus_8": 0, "pDevPlusCo": 0, "pProfPlusC": 0, "NTestedEco": 0, "Begin_Cn_5": 0, "Develop__9": 0, "Prof_CntEc": 0, "Dist_CntEc": 0, "pBeginEcon": 0, "pDevelopEc": 0, "pProfEcon": 0, "pDistEcon": 0, "DevPlus__9": 0, "ProfPlus_9": 0, "pDevPlusEc": 0, "pProfPlu_7": 0, "NTestedGeo": 0, "Begin_CntG": 0, "Develop_10": 0, "Prof_CntGe": 0, "Dist_CntGe": 0, "pBeginGeom": 0, "pDevelopGe": 0, "pProfGeome": 0, "pDistGeome": 0, "DevPlus_10": 0, "ProfPlus10": 0, "pDevPlusGe": 0, "pProfPlusG": 0, "NTestedLit": 0, "Begin_CntL": 0, "Develop_11": 0, "Prof_CntLi": 0, "Dist_CntLi": 0, "pBeginLit9": 0, "pDevelopLi": 0, "pProfLit9": 0, "pDistLit9": 0, "DevPlus_11": 0, "ProfPlus11": 0, "pDevPlusLi": 0, "pProfPlusL": 0, "NTestedPhy": 0, "Begin_CntP": 0, "Develop_12": 0, "Prof_CntPh": 0, "Dist_CntPh": 0, "pBeginPhys": 0, "pDevelopPh": 0, "pProfPhysS": 0, "pDistPhysS": 0, "DevPlus_12": 0, "ProfPlus12": 0, "pDevPlusPh": 0, "pProfPlusP": 0, "NTestedUSH": 0, "Begin_CntU": 0, "Develop_13": 0, "Prof_CntUS": 0, "Dist_CntUS": 0, "pBeginUSHi": 0, "pDevelopUS": 0, "pProfUSHis": 0, "pDistUSHis": 0, "DevPlus_13": 0, "ProfPlus13": 0, "pDevPlusUS": 0, "pProfPlusU": 0, "NDropout71": 0, "pNDropout7": 0, "Graduation": 0, "NUMBER_OF_": 0, "pHopeEligi": 0, "chENROLLME": -11, "pchENROLLM": -2.44, "chCCRPI": -6, "chpProfPlu": 10, "chpProfP_1": 10, "chpProfP_2": 3, "chpProfP_3": 8, "chpELA8": 0, "chpProfP_4": 0, "chpProfP_5": 0, "chpProfP_6": 0, "chpProfP_7": 0, "chpProfP_8": 0, "chpProfP_9": 0, "chpProfP10": 0, "chpProfP11": 0, "chpProfP12": 0, "chpProfP13": 0, "chpProfP14": 0, "GlobalID": "{5EEAE24A-3ED3-4871-AD73-1FA198647AFB}", "created_us": "opendata@arc", "created_da": "2020-03-25T00:00:00Z", "last_edite": "opendata@arc", "last_edi_1": "2020-03-25T00:00:00Z" }, "geometry": { "type": "Point", "coordinates": [ -84.372386196429886, 33.698290423651066 ] } },
{ "type": "Feature", "properties": { "OBJECTID": 2046, "SysSchool": 7610105, "GradeRange": "PK-05", "SchoolAddr": "1114 Avon Ave SW", "SchoolCity": "Atlanta", "STATE": "GA", "SchoolZipC": "30310-3904", "MailAddres": "111 Avon Avenue, S.W.", "MailCity": "Atlanta", "MailZipCod": "30310", "PrincipalN": "Taylor, Forrestella", "PrincipalE": "Forrest.Taylor@atlanta.k12.ga.us", "SchoolPhon": "404.802.4000", "SchoolFax": "404.752.5563", "longitude": -84.424637, "latitude": 33.721953, "Year": 2019, "SchoolYear": "2018-19", "SystemID": 761, "SystemName": "Atlanta Public Schools", "SchoolID": 105, "SchoolName": "Finch Elementary", "Type": "Elementary School", "ENROLLMENT": 410, "ENROLL_PER": 0, "ENROLL_P_1": 0, "ENROLL_P_2": 98, "ENROLL_P_3": 1, "ENROLL_P_4": 1, "ENROLL_P_5": 0, "ENROLL_P_6": 0, "ENROLL_P_7": 100, "ENROLL_P_8": 11, "ENROLL_P_9": 1, "ENROLL_PCT": 1, "ENROLL_P10": 0, "direct_cer": 82, "pAbsent0_5": 39, "pAbsent6_1": 40, "pAbsent16P": 20, "Churn": 32, "TeacherCou": 41, "AvgExp": 11, "pYrsLt1": 17, "pYears1_10": 29, "pYears11_2": 42, "pYears21_3": 12, "pYearsGt30": 0, "Debt": 0, "GenAdmin": 0, "Instructio": 9985, "Support": 1651, "Ops": 739, "Media": 284, "PServices": 644, "Capital": 0, "SchoolAdmi": 1287, "Food": 0, "Transport": 31, "TotalSpend": 14622, "CCRPI": 61, "ClimateSta": 2, "NTestedELA": 62, "Begin_CntE": 34, "Develop_Cn": 21, "Prof_CntEL": 4, "Dist_CntEL": 3, "pBeginELA3": 55, "pDevelopEL": 34, "pProfELA3": 7, "pDistELA3": 5, "DevPlus_Cn": 28, "ProfPlus_C": 7, "pDevPlusEL": 45, "pProfPlusE": 11, "NTestedE_1": 84, "Begin_Cn_1": 45, "Develop__1": 20, "Prof_Cnt_1": 17, "Dist_Cnt_1": 2, "pBeginELA5": 54, "pDevelop_1": 24, "pProfELA5": 20, "pDistELA5": 2, "DevPlus__1": 39, "ProfPlus_1": 19, "pDevPlus_1": 46, "pProfPlu_1": 23, "NTestedMat": 62, "Begin_CntM": 30, "Develop__2": 23, "Prof_CntMa": 8, "Dist_CntMa": 1, "pBeginMath": 48, "pDevelopMa": 37, "pProfMath3": 13, "pDistMath3": 2, "DevPlus__2": 32, "ProfPlus_2": 9, "pDevPlusMa": 52, "pProfPlusM": 15, "NTestedM_1": 84, "Begin_Cn_2": 52, "Develop__3": 25, "Prof_Cnt_2": 6, "Dist_Cnt_2": 1, "pBeginMa_1": 62, "pDevelop_2": 30, "pProfMath5": 7, "pDistMath5": 1, "DevPlus__3": 32, "ProfPlus_3": 7, "pDevPlus_2": 38, "pProfPlu_2": 8, "NTestedE_2": 0, "BeginELA8_": 0, "DevelopELA": 0, "ProfELA8_C": 0, "DistELA8_C": 0, "NTestedM_2": 0, "BeginMath8": 0, "DevelopMat": 0, "ProfMath8_": 0, "DistMath8_": 0, "pBeginELA8": 0, "pDevelop_3": 0, "pProfELA8": 0, "pDistELA8": 0, "pBeginMa_2": 0, "pDevelop_4": 0, "pProfMath8": 0, "pDistMath8": 0, "DevPlusELA": 0, "ProfPlusEL": 0, "pDevPlus_3": 0, "pProfPlu_3": 0, "DevPlusMat": 0, "ProfPlusMa": 0, "pDevPlus_4": 0, "pProfPlu_4": 0, "NTestedAlg": 0, "Begin_CntA": 0, "Develop__4": 0, "Prof_CntAl": 0, "Dist_CntAl": 0, "pBeginAlge": 0, "pDevelopAl": 0, "pProfAlgeb": 0, "pDistAlgeb": 0, "DevPlus__4": 0, "ProfPlus_4": 0, "pDevPlusAl": 0, "pProfPlusA": 0, "NTestedAmL": 0, "Begin_Cn_3": 0, "Develop__5": 0, "Prof_CntAm": 0, "Dist_CntAm": 0, "pBeginAmLi": 0, "pDevelopAm": 0, "pProfAmLit": 0, "pDistAmLit": 0, "DevPlus__5": 0, "ProfPlus_5": 0, "pDevPlusAm": 0, "pProfPlu_5": 0, "NTestedAna": 0, "Begin_Cn_4": 0, "Develop__6": 0, "Prof_CntAn": 0, "Dist_CntAn": 0, "pBeginAnal": 0, "pDevelopAn": 0, "pProfAnalG": 0, "pDistAnalG": 0, "DevPlus__6": 0, "ProfPlus_6": 0, "pDevPlusAn": 0, "pProfPlu_6": 0, "NTestedBio": 0, "Begin_CntB": 0, "Develop__7": 0, "Prof_CntBi": 0, "Dist_CntBi": 0, "pBeginBiol": 0, "pDevelopBi": 0, "pProfBiolo": 0, "pDistBiolo": 0, "DevPlus__7": 0, "ProfPlus_7": 0, "pDevPlusBi": 0, "pProfPlusB": 0, "NTestedCoo": 0, "Begin_CntC": 0, "Develop__8": 0, "Prof_CntCo": 0, "Dist_CntCo": 0, "pBeginCoor": 0, "pDevelopCo": 0, "pProfCoord": 0, "pDistCoord": 0, "DevPlus__8": 0, "ProfPlus_8": 0, "pDevPlusCo": 0, "pProfPlusC": 0, "NTestedEco": 0, "Begin_Cn_5": 0, "Develop__9": 0, "Prof_CntEc": 0, "Dist_CntEc": 0, "pBeginEcon": 0, "pDevelopEc": 0, "pProfEcon": 0, "pDistEcon": 0, "DevPlus__9": 0, "ProfPlus_9": 0, "pDevPlusEc": 0, "pProfPlu_7": 0, "NTestedGeo": 0, "Begin_CntG": 0, "Develop_10": 0, "Prof_CntGe": 0, "Dist_CntGe": 0, "pBeginGeom": 0, "pDevelopGe": 0, "pProfGeome": 0, "pDistGeome": 0, "DevPlus_10": 0, "ProfPlus10": 0, "pDevPlusGe": 0, "pProfPlusG": 0, "NTestedLit": 0, "Begin_CntL": 0, "Develop_11": 0, "Prof_CntLi": 0, "Dist_CntLi": 0, "pBeginLit9": 0, "pDevelopLi": 0, "pProfLit9": 0, "pDistLit9": 0, "DevPlus_11": 0, "ProfPlus11": 0, "pDevPlusLi": 0, "pProfPlusL": 0, "NTestedPhy": 0, "Begin_CntP": 0, "Develop_12": 0, "Prof_CntPh": 0, "Dist_CntPh": 0, "pBeginPhys": 0, "pDevelopPh": 0, "pProfPhysS": 0, "pDistPhysS": 0, "DevPlus_12": 0, "ProfPlus12": 0, "pDevPlusPh": 0, "pProfPlusP": 0, "NTestedUSH": 0, "Begin_CntU": 0, "Develop_13": 0, "Prof_CntUS": 0, "Dist_CntUS": 0, "pBeginUSHi": 0, "pDevelopUS": 0, "pProfUSHis": 0, "pDistUSHis": 0, "DevPlus_13": 0, "ProfPlus13": 0, "pDevPlusUS": 0, "pProfPlusU": 0, "NDropout71": 0, "pNDropout7": 0, "Graduation": 0, "NUMBER_OF_": 0, "pHopeEligi": 0, "chENROLLME": -110, "pchENROLLM": -21.15, "chCCRPI": 17, "chpProfPlu": -3, "chpProfP_1": 5, "chpProfP_2": 9, "chpProfP_3": 5, "chpELA8": 0, "chpProfP_4": 0, "chpProfP_5": 0, "chpProfP_6": 0, "chpProfP_7": 0, "chpProfP_8": 0, "chpProfP_9": 0, "chpProfP10": 0, "chpProfP11": 0, "chpProfP12": 0, "chpProfP13": 0, "chpProfP14": 0, "GlobalID": "{0DB63C52-2814-4696-B680-62AB5D50846F}", "created_us": "opendata@arc", "created_da": "2020-03-25T00:00:00Z", "last_edite": "opendata@arc", "last_edi_1": "2020-03-25T00:00:00Z" }, "geometry": { "type": "Point", "coordinates": [ -84.424641211778493, 33.721959427299574 ] } },
{ "type": "Feature", "properties": { "OBJECTID": 2047, "SysSchool": 7610106, "GradeRange": "09-12", "SchoolAddr": "55 McDonough Blvd SE", "SchoolCity": "Atlanta", "STATE": "GA", "SchoolZipC": "30315-2316", "MailAddres": "55 McDonough Blvd SE", "MailCity": "Atlanta", "MailZipCod": "30315-2316", "PrincipalN": "Thornton, Marcene", "PrincipalE": "mthornton@atlanta.k12.ga.us", "SchoolPhon": "404.802.4405", "SchoolFax": "404.XXX.XXXX", "longitude": -84.388788, "latitude": 33.718452, "Year": 2019, "SchoolYear": "2018-19", "SystemID": 761, "SystemName": "Atlanta Public Schools", "SchoolID": 106, "SchoolName": "Early College High School at Carver", "Type": "High School", "ENROLLMENT": 468, "ENROLL_PER": 0, "ENROLL_P_1": 0, "ENROLL_P_2": 95, "ENROLL_P_3": 4, "ENROLL_P_4": 1, "ENROLL_P_5": 0, "ENROLL_P_6": 0, "ENROLL_P_7": 100, "ENROLL_P_8": 11, "ENROLL_P_9": 1, "ENROLL_PCT": 0, "ENROLL_P10": 13, "direct_cer": 60, "pAbsent0_5": 40, "pAbsent6_1": 32, "pAbsent16P": 29, "Churn": 15, "TeacherCou": 37, "AvgExp": 13, "pYrsLt1": 11, "pYears1_10": 24, "pYears11_2": 51, "pYears21_3": 14, "pYearsGt30": 0, "Debt": 0, "GenAdmin": 0, "Instructio": 8239, "Support": 286, "Ops": 1089, "Media": 171, "PServices": 833, "Capital": 0, "SchoolAdmi": 1374, "Food": 0, "Transport": 4, "TotalSpend": 11996, "CCRPI": 75, "ClimateSta": 4, "NTestedELA": 0, "Begin_CntE": 0, "Develop_Cn": 0, "Prof_CntEL": 0, "Dist_CntEL": 0, "pBeginELA3": 0, "pDevelopEL": 0, "pProfELA3": 0, "pDistELA3": 0, "DevPlus_Cn": 0, "ProfPlus_C": 0, "pDevPlusEL": 0, "pProfPlusE": 0, "NTestedE_1": 0, "Begin_Cn_1": 0, "Develop__1": 0, "Prof_Cnt_1": 0, "Dist_Cnt_1": 0, "pBeginELA5": 0, "pDevelop_1": 0, "pProfELA5": 0, "pDistELA5": 0, "DevPlus__1": 0, "ProfPlus_1": 0, "pDevPlus_1": 0, "pProfPlu_1": 0, "NTestedMat": 0, "Begin_CntM": 0, "Develop__2": 0, "Prof_CntMa": 0, "Dist_CntMa": 0, "pBeginMath": 0, "pDevelopMa": 0, "pProfMath3": 0, "pDistMath3": 0, "DevPlus__2": 0, "ProfPlus_2": 0, "pDevPlusMa": 0, "pProfPlusM": 0, "NTestedM_1": 0, "Begin_Cn_2": 0, "Develop__3": 0, "Prof_Cnt_2": 0, "Dist_Cnt_2": 0, "pBeginMa_1": 0, "pDevelop_2": 0, "pProfMath5": 0, "pDistMath5": 0, "DevPlus__3": 0, "ProfPlus_3": 0, "pDevPlus_2": 0, "pProfPlu_2": 0, "NTestedE_2": 0, "BeginELA8_": 0, "DevelopELA": 0, "ProfELA8_C": 0, "DistELA8_C": 0, "NTestedM_2": 0, "BeginMath8": 0, "DevelopMat": 0, "ProfMath8_": 0, "DistMath8_": 0, "pBeginELA8": 0, "pDevelop_3": 0, "pProfELA8": 0, "pDistELA8": 0, "pBeginMa_2": 0, "pDevelop_4": 0, "pProfMath8": 0, "pDistMath8": 0, "DevPlusELA": 0, "ProfPlusEL": 0, "pDevPlus_3": 0, "pProfPlu_3": 0, "DevPlusMat": 0, "ProfPlusMa": 0, "pDevPlus_4": 0, "pProfPlu_4": 0, "NTestedAlg": 109, "Begin_CntA": 11, "Develop__4": 42, "Prof_CntAl": 47, "Dist_CntAl": 9, "pBeginAlge": 10, "pDevelopAl": 39, "pProfAlgeb": 43, "pDistAlgeb": 8, "DevPlus__4": 98, "ProfPlus_4": 56, "pDevPlusAl": 90, "pProfPlusA": 51, "NTestedAmL": 118, "Begin_Cn_3": 43, "Develop__5": 52, "Prof_CntAm": 22, "Dist_CntAm": 1, "pBeginAmLi": 36, "pDevelopAm": 44, "pProfAmLit": 19, "pDistAmLit": 1, "DevPlus__5": 75, "ProfPlus_5": 23, "pDevPlusAm": 64, "pProfPlu_5": 19, "NTestedAna": 0, "Begin_Cn_4": 0, "Develop__6": 0, "Prof_CntAn": 0, "Dist_CntAn": 0, "pBeginAnal": 0, "pDevelopAn": 0, "pProfAnalG": 0, "pDistAnalG": 0, "DevPlus__6": 0, "ProfPlus_6": 0, "pDevPlusAn": 0, "pProfPlu_6": 0, "NTestedBio": 167, "Begin_CntB": 86, "Develop__7": 37, "Prof_CntBi": 41, "Dist_CntBi": 3, "pBeginBiol": 52, "pDevelopBi": 22, "pProfBiolo": 25, "pDistBiolo": 2, "DevPlus__7": 81, "ProfPlus_7": 44, "pDevPlusBi": 49, "pProfPlusB": 26, "NTestedCoo": 0, "Begin_CntC": 0, "Develop__8": 0, "Prof_CntCo": 0, "Dist_CntCo": 0, "pBeginCoor": 0, "pDevelopCo": 0, "pProfCoord": 0, "pDistCoord": 0, "DevPlus__8": 0, "ProfPlus_8": 0, "pDevPlusCo": 0, "pProfPlusC": 0, "NTestedEco": 86, "Begin_Cn_5": 11, "Develop__9": 25, "Prof_CntEc": 43, "Dist_CntEc": 7, "pBeginEcon": 13, "pDevelopEc": 29, "pProfEcon": 50, "pDistEcon": 8, "DevPlus__9": 75, "ProfPlus_9": 50, "pDevPlusEc": 87, "pProfPlu_7": 58, "NTestedGeo": 107, "Begin_CntG": 35, "Develop_10": 33, "Prof_CntGe": 31, "Dist_CntGe": 8, "pBeginGeom": 33, "pDevelopGe": 31, "pProfGeome": 29, "pDistGeome": 8, "DevPlus_10": 72, "ProfPlus10": 39, "pDevPlusGe": 67, "pProfPlusG": 37, "NTestedLit": 147, "Begin_CntL": 29, "Develop_11": 57, "Prof_CntLi": 51, "Dist_CntLi": 10, "pBeginLit9": 20, "pDevelopLi": 39, "pProfLit9": 35, "pDistLit9": 7, "DevPlus_11": 118, "ProfPlus11": 61, "pDevPlusLi": 80, "pProfPlusL": 42, "NTestedPhy": 3, "Begin_CntP": 0, "Develop_12": 0, "Prof_CntPh": 0, "Dist_CntPh": 0, "pBeginPhys": 0, "pDevelopPh": 0, "pProfPhysS": 0, "pDistPhysS": 0, "DevPlus_12": 0, "ProfPlus12": 0, "pDevPlusPh": 0, "pProfPlusP": 0, "NTestedUSH": 121, "Begin_CntU": 54, "Develop_13": 47, "Prof_CntUS": 20, "Dist_CntUS": 0, "pBeginUSHi": 45, "pDevelopUS": 39, "pProfUSHis": 17, "pDistUSHis": 0, "DevPlus_13": 67, "ProfPlus13": 20, "pDevPlusUS": 55, "pProfPlusU": 17, "NDropout71": 10, "pNDropout7": 2, "Graduation": 93, "NUMBER_OF_": 90, "pHopeEligi": 40, "chENROLLME": 165, "pchENROLLM": 54.45, "chCCRPI": -22, "chpProfPlu": 0, "chpProfP_1": 0, "chpProfP_2": 0, "chpProfP_3": 0, "chpELA8": 0, "chpProfP_4": 0, "chpProfP_5": -8, "chpProfP_6": -34, "chpProfP_7": 0, "chpProfP_8": 0, "chpProfP_9": 0, "chpProfP10": 10, "chpProfP11": 0, "chpProfP12": -4, "chpProfP13": 0, "chpProfP14": -49, "GlobalID": "{FAEE6487-77D7-438A-975E-53AF289489C6}", "created_us": "opendata@arc", "created_da": "2020-03-25T00:00:00Z", "last_edite": "opendata@arc", "last_edi_1": "2020-03-25T00:00:00Z" }, "geometry": { "type": "Point", "coordinates": [ -84.38879220122729, 33.718458428081014 ] } },
{ "type": "Feature", "properties": { "OBJECTID": 2048, "SysSchool": 7610115, "GradeRange": "05-08", "SchoolAddr": "1444 Lucile Ave SW", "SchoolCity": "Atlanta", "STATE": "GA", "SchoolZipC": "30310-1217", "MailAddres": "1444 Lucile Ave SW", "MailCity": "Atlanta", "MailZipCod": "30310-1217", "PrincipalN": "Bray, Michael", "PrincipalE": "mbray@kippstrive.org", "SchoolPhon": "404.753.1530", "SchoolFax": " ", "longitude": -84.434656, "latitude": 33.742016, "Year": 2019, "SchoolYear": "2018-19", "SystemID": 761, "SystemName": "Atlanta Public Schools", "SchoolID": 115, "SchoolName": "Kipp Strive Academy", "Type": "Middle School", "ENROLLMENT": 388, "ENROLL_PER": 0, "ENROLL_P_1": 1, "ENROLL_P_2": 96, "ENROLL_P_3": 3, "ENROLL_P_4": 0, "ENROLL_P_5": 0, "ENROLL_P_6": 0, "ENROLL_P_7": 74, "ENROLL_P_8": 10, "ENROLL_P_9": 0, "ENROLL_PCT": 0, "ENROLL_P10": 7, "direct_cer": 45, "pAbsent0_5": 51, "pAbsent6_1": 38, "pAbsent16P": 12, "Churn": 9, "TeacherCou": 29, "AvgExp": 6, "pYrsLt1": 10, "pYears1_10": 66, "pYears11_2": 21, "pYears21_3": 3, "pYearsGt30": 0, "Debt": 0, "GenAdmin": 0, "Instructio": 11490, "Support": 0, "Ops": 212, "Media": 0, "PServices": 0, "Capital": 0, "SchoolAdmi": 0, "Food": 0, "Transport": 0, "TotalSpend": 11702, "CCRPI": 82, "ClimateSta": 4, "NTestedELA": 0, "Begin_CntE": 0, "Develop_Cn": 0, "Prof_CntEL": 0, "Dist_CntEL": 0, "pBeginELA3": 0, "pDevelopEL": 0, "pProfELA3": 0, "pDistELA3": 0, "DevPlus_Cn": 0, "ProfPlus_C": 0, "pDevPlusEL": 0, "pProfPlusE": 0, "NTestedE_1": 100, "Begin_Cn_1": 20, "Develop__1": 31, "Prof_Cnt_1": 42, "Dist_Cnt_1": 7, "pBeginELA5": 20, "pDevelop_1": 31, "pProfELA5": 42, "pDistELA5": 7, "DevPlus__1": 80, "ProfPlus_1": 49, "pDevPlus_1": 80, "pProfPlu_1": 49, "NTestedMat": 0, "Begin_CntM": 0, "Develop__2": 0, "Prof_CntMa": 0, "Dist_CntMa": 0, "pBeginMath": 0, "pDevelopMa": 0, "pProfMath3": 0, "pDistMath3": 0, "DevPlus__2": 0, "ProfPlus_2": 0, "pDevPlusMa": 0, "pProfPlusM": 0, "NTestedM_1": 100, "Begin_Cn_2": 27, "Develop__3": 46, "Prof_Cnt_2": 22, "Dist_Cnt_2": 5, "pBeginMa_1": 27, "pDevelop_2": 46, "pProfMath5": 22, "pDistMath5": 5, "DevPlus__3": 73, "ProfPlus_3": 27, "pDevPlus_2": 73, "pProfPlu_2": 27, "NTestedE_2": 94, "BeginELA8_": 11, "DevelopELA": 30, "ProfELA8_C": 40, "DistELA8_C": 13, "NTestedM_2": 102, "BeginMath8": 13, "DevelopMat": 23, "ProfMath8_": 32, "DistMath8_": 26, "pBeginELA8": 12, "pDevelop_3": 32, "pProfELA8": 43, "pDistELA8": 14, "pBeginMa_2": 13, "pDevelop_4": 23, "pProfMath8": 31, "pDistMath8": 26, "DevPlusELA": 83, "ProfPlusEL": 53, "pDevPlus_3": 88, "pProfPlu_3": 56, "DevPlusMat": 81, "ProfPlusMa": 58, "pDevPlus_4": 79, "pProfPlu_4": 57, "NTestedAlg": 8, "Begin_CntA": 0, "Develop__4": 0, "Prof_CntAl": 0, "Dist_CntAl": 0, "pBeginAlge": 0, "pDevelopAl": 0, "pProfAlgeb": 0, "pDistAlgeb": 0, "DevPlus__4": 0, "ProfPlus_4": 0, "pDevPlusAl": 0, "pProfPlusA": 0, "NTestedAmL": 0, "Begin_Cn_3": 0, "Develop__5": 0, "Prof_CntAm": 0, "Dist_CntAm": 0, "pBeginAmLi": 0, "pDevelopAm": 0, "pProfAmLit": 0, "pDistAmLit": 0, "DevPlus__5": 0, "ProfPlus_5": 0, "pDevPlusAm": 0, "pProfPlu_5": 0, "NTestedAna": 0, "Begin_Cn_4": 0, "Develop__6": 0, "Prof_CntAn": 0, "Dist_CntAn": 0, "pBeginAnal": 0, "pDevelopAn": 0, "pProfAnalG": 0, "pDistAnalG": 0, "DevPlus__6": 0, "ProfPlus_6": 0, "pDevPlusAn": 0, "pProfPlu_6": 0, "NTestedBio": 0, "Begin_CntB": 0, "Develop__7": 0, "Prof_CntBi": 0, "Dist_CntBi": 0, "pBeginBiol": 0, "pDevelopBi": 0, "pProfBiolo": 0, "pDistBiolo": 0, "DevPlus__7": 0, "ProfPlus_7": 0, "pDevPlusBi": 0, "pProfPlusB": 0, "NTestedCoo": 0, "Begin_CntC": 0, "Develop__8": 0, "Prof_CntCo": 0, "Dist_CntCo": 0, "pBeginCoor": 0, "pDevelopCo": 0, "pProfCoord": 0, "pDistCoord": 0, "DevPlus__8": 0, "ProfPlus_8": 0, "pDevPlusCo": 0, "pProfPlusC": 0, "NTestedEco": 0, "Begin_Cn_5": 0, "Develop__9": 0, "Prof_CntEc": 0, "Dist_CntEc": 0, "pBeginEcon": 0, "pDevelopEc": 0, "pProfEcon": 0, "pDistEcon": 0, "DevPlus__9": 0, "ProfPlus_9": 0, "pDevPlusEc": 0, "pProfPlu_7": 0, "NTestedGeo": 0, "Begin_CntG": 0, "Develop_10": 0, "Prof_CntGe": 0, "Dist_CntGe": 0, "pBeginGeom": 0, "pDevelopGe": 0, "pProfGeome": 0, "pDistGeome": 0, "DevPlus_10": 0, "ProfPlus10": 0, "pDevPlusGe": 0, "pProfPlusG": 0, "NTestedLit": 0, "Begin_CntL": 0, "Develop_11": 0, "Prof_CntLi": 0, "Dist_CntLi": 0, "pBeginLit9": 0, "pDevelopLi": 0, "pProfLit9": 0, "pDistLit9": 0, "DevPlus_11": 0, "ProfPlus11": 0, "pDevPlusLi": 0, "pProfPlusL": 0, "NTestedPhy": 0, "Begin_CntP": 0, "Develop_12": 0, "Prof_CntPh": 0, "Dist_CntPh": 0, "pBeginPhys": 0, "pDevelopPh": 0, "pProfPhysS": 0, "pDistPhysS": 0, "DevPlus_12": 0, "ProfPlus12": 0, "pDevPlusPh": 0, "pProfPlusP": 0, "NTestedUSH": 0, "Begin_CntU": 0, "Develop_13": 0, "Prof_CntUS": 0, "Dist_CntUS": 0, "pBeginUSHi": 0, "pDevelopUS": 0, "pProfUSHis": 0, "pDistUSHis": 0, "DevPlus_13": 0, "ProfPlus13": 0, "pDevPlusUS": 0, "pProfPlusU": 0, "NDropout71": 0, "pNDropout7": 0, "Graduation": 0, "NUMBER_OF_": 0, "pHopeEligi": 0, "chENROLLME": 52, "pchENROLLM": 15.47, "chCCRPI": 2, "chpProfPlu": 0, "chpProfP_1": 0, "chpProfP_2": -5, "chpProfP_3": -5, "chpELA8": -5, "chpProfP_4": 13, "chpProfP_5": 0, "chpProfP_6": 0, "chpProfP_7": 0, "chpProfP_8": 0, "chpProfP_9": 0, "chpProfP10": 0, "chpProfP11": 0, "chpProfP12": 0, "chpProfP13": 0, "chpProfP14": 0, "GlobalID": "{2449327F-0E37-401D-B077-C989B5CB8CFE}", "created_us": "opendata@arc", "created_da": "2020-03-25T00:00:00Z", "last_edite": "opendata@arc", "last_edi_1": "2020-03-25T00:00:00Z" }, "geometry": { "type": "Point", "coordinates": [ -84.434660215567064, 33.742022430849097 ] } },
{ "type": "Feature", "properties": { "OBJECTID": 2049, "SysSchool": 7610116, "GradeRange": "KK-05", "SchoolAddr": "1246 Ponce de Leon Ave NE", "SchoolCity": "Atlanta", "STATE": "GA", "SchoolZipC": "30306-4602", "MailAddres": "1246 Ponce de Leon Ave NE", "MailCity": "Atlanta", "MailZipCod": "30306-4602", "PrincipalN": "Harness, Terry", "PrincipalE": "Terry.Harness@atlanta.k12.ga.us", "SchoolPhon": "404.802.7150", "SchoolFax": " ", "longitude": -84.346979, "latitude": 33.775562, "Year": 2019, "SchoolYear": "2018-19", "SystemID": 761, "SystemName": "Atlanta Public Schools", "SchoolID": 116, "SchoolName": "Springdale Park Elementary School", "Type": "Elementary School", "ENROLLMENT": 739, "ENROLL_PER": 5, "ENROLL_P_1": 0, "ENROLL_P_2": 12, "ENROLL_P_3": 10, "ENROLL_P_4": 11, "ENROLL_P_5": 61, "ENROLL_P_6": 0, "ENROLL_P_7": 10, "ENROLL_P_8": 5, "ENROLL_P_9": 8, "ENROLL_PCT": 6, "ENROLL_P10": 21, "direct_cer": 8, "pAbsent0_5": 58, "pAbsent6_1": 36, "pAbsent16P": 6, "Churn": 12, "TeacherCou": 51, "AvgExp": 11, "pYrsLt1": 8, "pYears1_10": 43, "pYears11_2": 37, "pYears21_3": 12, "pYearsGt30": 0, "Debt": 0, "GenAdmin": 0, "Instructio": 6188, "Support": 163, "Ops": 487, "Media": 10, "PServices": 403, "Capital": 0, "SchoolAdmi": 526, "Food": 0, "Transport": 0, "TotalSpend": 7778, "CCRPI": 97, "ClimateSta": 5, "NTestedELA": 107, "Begin_CntE": 8, "Develop_Cn": 12, "Prof_CntEL": 24, "Dist_CntEL": 63, "pBeginELA3": 8, "pDevelopEL": 11, "pProfELA3": 22, "pDistELA3": 59, "DevPlus_Cn": 99, "ProfPlus_C": 87, "pDevPlusEL": 93, "pProfPlusE": 81, "NTestedE_1": 108, "Begin_Cn_1": 3, "Develop__1": 16, "Prof_Cnt_1": 40, "Dist_Cnt_1": 49, "pBeginELA5": 3, "pDevelop_1": 15, "pProfELA5": 37, "pDistELA5": 45, "DevPlus__1": 105, "ProfPlus_1": 89, "pDevPlus_1": 97, "pProfPlu_1": 82, "NTestedMat": 107, "Begin_CntM": 8, "Develop__2": 13, "Prof_CntMa": 44, "Dist_CntMa": 42, "pBeginMath": 8, "pDevelopMa": 12, "pProfMath3": 41, "pDistMath3": 39, "DevPlus__2": 99, "ProfPlus_2": 86, "pDevPlusMa": 93, "pProfPlusM": 80, "NTestedM_1": 108, "Begin_Cn_2": 6, "Develop__3": 21, "Prof_Cnt_2": 39, "Dist_Cnt_2": 42, "pBeginMa_1": 6, "pDevelop_2": 19, "pProfMath5": 36, "pDistMath5": 39, "DevPlus__3": 102, "ProfPlus_3": 81, "pDevPlus_2": 94, "pProfPlu_2": 75, "NTestedE_2": 0, "BeginELA8_": 0, "DevelopELA": 0, "ProfELA8_C": 0, "DistELA8_C": 0, "NTestedM_2": 0, "BeginMath8": 0, "DevelopMat": 0, "ProfMath8_": 0, "DistMath8_": 0, "pBeginELA8": 0, "pDevelop_3": 0, "pProfELA8": 0, "pDistELA8": 0, "pBeginMa_2": 0, "pDevelop_4": 0, "pProfMath8": 0, "pDistMath8": 0, "DevPlusELA": 0, "ProfPlusEL": 0, "pDevPlus_3": 0, "pProfPlu_3": 0, "DevPlusMat": 0, "ProfPlusMa": 0, "pDevPlus_4": 0, "pProfPlu_4": 0, "NTestedAlg": 0, "Begin_CntA": 0, "Develop__4": 0, "Prof_CntAl": 0, "Dist_CntAl": 0, "pBeginAlge": 0, "pDevelopAl": 0, "pProfAlgeb": 0, "pDistAlgeb": 0, "DevPlus__4": 0, "ProfPlus_4": 0, "pDevPlusAl": 0, "pProfPlusA": 0, "NTestedAmL": 0, "Begin_Cn_3": 0, "Develop__5": 0, "Prof_CntAm": 0, "Dist_CntAm": 0, "pBeginAmLi": 0, "pDevelopAm": 0, "pProfAmLit": 0, "pDistAmLit": 0, "DevPlus__5": 0, "ProfPlus_5": 0, "pDevPlusAm": 0, "pProfPlu_5": 0, "NTestedAna": 0, "Begin_Cn_4": 0, "Develop__6": 0, "Prof_CntAn": 0, "Dist_CntAn": 0, "pBeginAnal": 0, "pDevelopAn": 0, "pProfAnalG": 0, "pDistAnalG": 0, "DevPlus__6": 0, "ProfPlus_6": 0, "pDevPlusAn": 0, "pProfPlu_6": 0, "NTestedBio": 0, "Begin_CntB": 0, "Develop__7": 0, "Prof_CntBi": 0, "Dist_CntBi": 0, "pBeginBiol": 0, "pDevelopBi": 0, "pProfBiolo": 0, "pDistBiolo": 0, "DevPlus__7": 0, "ProfPlus_7": 0, "pDevPlusBi": 0, "pProfPlusB": 0, "NTestedCoo": 0, "Begin_CntC": 0, "Develop__8": 0, "Prof_CntCo": 0, "Dist_CntCo": 0, "pBeginCoor": 0, "pDevelopCo": 0, "pProfCoord": 0, "pDistCoord": 0, "DevPlus__8": 0, "ProfPlus_8": 0, "pDevPlusCo": 0, "pProfPlusC": 0, "NTestedEco": 0, "Begin_Cn_5": 0, "Develop__9": 0, "Prof_CntEc": 0, "Dist_CntEc": 0, "pBeginEcon": 0, "pDevelopEc": 0, "pProfEcon": 0, "pDistEcon": 0, "DevPlus__9": 0, "ProfPlus_9": 0, "pDevPlusEc": 0, "pProfPlu_7": 0, "NTestedGeo": 0, "Begin_CntG": 0, "Develop_10": 0, "Prof_CntGe": 0, "Dist_CntGe": 0, "pBeginGeom": 0, "pDevelopGe": 0, "pProfGeome": 0, "pDistGeome": 0, "DevPlus_10": 0, "ProfPlus10": 0, "pDevPlusGe": 0, "pProfPlusG": 0, "NTestedLit": 0, "Begin_CntL": 0, "Develop_11": 0, "Prof_CntLi": 0, "Dist_CntLi": 0, "pBeginLit9": 0, "pDevelopLi": 0, "pProfLit9": 0, "pDistLit9": 0, "DevPlus_11": 0, "ProfPlus11": 0, "pDevPlusLi": 0, "pProfPlusL": 0, "NTestedPhy": 0, "Begin_CntP": 0, "Develop_12": 0, "Prof_CntPh": 0, "Dist_CntPh": 0, "pBeginPhys": 0, "pDevelopPh": 0, "pProfPhysS": 0, "pDistPhysS": 0, "DevPlus_12": 0, "ProfPlus12": 0, "pDevPlusPh": 0, "pProfPlusP": 0, "NTestedUSH": 0, "Begin_CntU": 0, "Develop_13": 0, "Prof_CntUS": 0, "Dist_CntUS": 0, "pBeginUSHi": 0, "pDevelopUS": 0, "pProfUSHis": 0, "pDistUSHis": 0, "DevPlus_13": 0, "ProfPlus13": 0, "pDevPlusUS": 0, "pProfPlusU": 0, "NDropout71": 0, "pNDropout7": 0, "Graduation": 0, "NUMBER_OF_": 0, "pHopeEligi": 0, "chENROLLME": 78, "pchENROLLM": 11.8, "chCCRPI": 1, "chpProfPlu": 4, "chpProfP_1": 1, "chpProfP_2": 5, "chpProfP_3": 8, "chpELA8": 0, "chpProfP_4": 0, "chpProfP_5": 0, "chpProfP_6": 0, "chpProfP_7": 0, "chpProfP_8": 0, "chpProfP_9": 0, "chpProfP10": 0, "chpProfP11": 0, "chpProfP12": 0, "chpProfP13": 0, "chpProfP14": 0, "GlobalID": "{4C341FB4-EBAB-4922-930E-EAD4C0890C9A}", "created_us": "opendata@arc", "created_da": "2020-03-25T00:00:00Z", "last_edite": "opendata@arc", "last_edi_1": "2020-03-25T00:00:00Z" }, "geometry": { "type": "Point", "coordinates": [ -84.346983192159499, 33.775568441702639 ] } },
{ "type": "Feature", "properties": { "OBJECTID": 2050, "SysSchool": 7610122, "GradeRange": "05-08", "SchoolAddr": "660 McWilliams Rd SE", "SchoolCity": "Atlanta", "STATE": "GA", "SchoolZipC": "30315-7544", "MailAddres": "660 McWilliams Rd SE", "MailCity": "Atlanta", "MailZipCod": "30315-7544", "PrincipalN": "Irons, Alison Elizabeth", "PrincipalE": " ", "SchoolPhon": "404.537.5252", "SchoolFax": " ", "longitude": -84.36702, "latitude": 33.689626, "Year": 2019, "SchoolYear": "2018-19", "SystemID": 761, "SystemName": "Atlanta Public Schools", "SchoolID": 122, "SchoolName": "KIPP VISION", "Type": "Middle School", "ENROLLMENT": 365, "ENROLL_PER": 0, "ENROLL_P_1": 0, "ENROLL_P_2": 95, "ENROLL_P_3": 5, "ENROLL_P_4": 0, "ENROLL_P_5": 0, "ENROLL_P_6": 0, "ENROLL_P_7": 100, "ENROLL_P_8": 9, "ENROLL_P_9": 3, "ENROLL_PCT": 0, "ENROLL_P10": 0, "direct_cer": 59, "pAbsent0_5": 95, "pAbsent6_1": 4, "pAbsent16P": 1, "Churn": 5, "TeacherCou": 24, "AvgExp": 6, "pYrsLt1": 0, "pYears1_10": 92, "pYears11_2": 4, "pYears21_3": 4, "pYearsGt30": 0, "Debt": 0, "GenAdmin": 0, "Instructio": 10467, "Support": 0, "Ops": 112, "Media": 0, "PServices": 0, "Capital": 0, "SchoolAdmi": 0, "Food": 0, "Transport": 0, "TotalSpend": 10579, "CCRPI": 86, "ClimateSta": 3, "NTestedELA": 0, "Begin_CntE": 0, "Develop_Cn": 0, "Prof_CntEL": 0, "Dist_CntEL": 0, "pBeginELA3": 0, "pDevelopEL": 0, "pProfELA3": 0, "pDistELA3": 0, "DevPlus_Cn": 0, "ProfPlus_C": 0, "pDevPlusEL": 0, "pProfPlusE": 0, "NTestedE_1": 87, "Begin_Cn_1": 23, "Develop__1": 39, "Prof_Cnt_1": 22, "Dist_Cnt_1": 3, "pBeginELA5": 26, "pDevelop_1": 45, "pProfELA5": 25, "pDistELA5": 3, "DevPlus__1": 64, "ProfPlus_1": 25, "pDevPlus_1": 74, "pProfPlu_1": 29, "NTestedMat": 0, "Begin_CntM": 0, "Develop__2": 0, "Prof_CntMa": 0, "Dist_CntMa": 0, "pBeginMath": 0, "pDevelopMa": 0, "pProfMath3": 0, "pDistMath3": 0, "DevPlus__2": 0, "ProfPlus_2": 0, "pDevPlusMa": 0, "pProfPlusM": 0, "NTestedM_1": 87, "Begin_Cn_2": 22, "Develop__3": 40, "Prof_Cnt_2": 21, "Dist_Cnt_2": 4, "pBeginMa_1": 25, "pDevelop_2": 46, "pProfMath5": 24, "pDistMath5": 5, "DevPlus__3": 65, "ProfPlus_3": 25, "pDevPlus_2": 75, "pProfPlu_2": 29, "NTestedE_2": 86, "BeginELA8_": 12, "DevelopELA": 43, "ProfELA8_C": 23, "DistELA8_C": 8, "NTestedM_2": 86, "BeginMath8": 11, "DevelopMat": 25, "ProfMath8_": 34, "DistMath8_": 16, "pBeginELA8": 14, "pDevelop_3": 50, "pProfELA8": 27, "pDistELA8": 9, "pBeginMa_2": 13, "pDevelop_4": 29, "pProfMath8": 40, "pDistMath8": 19, "DevPlusELA": 74, "ProfPlusEL": 31, "pDevPlus_3": 86, "pProfPlu_3": 36, "DevPlusMat": 75, "ProfPlusMa": 50, "pDevPlus_4": 87, "pProfPlu_4": 58, "NTestedAlg": 0, "Begin_CntA": 0, "Develop__4": 0, "Prof_CntAl": 0, "Dist_CntAl": 0, "pBeginAlge": 0, "pDevelopAl": 0, "pProfAlgeb": 0, "pDistAlgeb": 0, "DevPlus__4": 0, "ProfPlus_4": 0, "pDevPlusAl": 0, "pProfPlusA": 0, "NTestedAmL": 0, "Begin_Cn_3": 0, "Develop__5": 0, "Prof_CntAm": 0, "Dist_CntAm": 0, "pBeginAmLi": 0, "pDevelopAm": 0, "pProfAmLit": 0, "pDistAmLit": 0, "DevPlus__5": 0, "ProfPlus_5": 0, "pDevPlusAm": 0, "pProfPlu_5": 0, "NTestedAna": 0, "Begin_Cn_4": 0, "Develop__6": 0, "Prof_CntAn": 0, "Dist_CntAn": 0, "pBeginAnal": 0, "pDevelopAn": 0, "pProfAnalG": 0, "pDistAnalG": 0, "DevPlus__6": 0, "ProfPlus_6": 0, "pDevPlusAn": 0, "pProfPlu_6": 0, "NTestedBio": 0, "Begin_CntB": 0, "Develop__7": 0, "Prof_CntBi": 0, "Dist_CntBi": 0, "pBeginBiol": 0, "pDevelopBi": 0, "pProfBiolo": 0, "pDistBiolo": 0, "DevPlus__7": 0, "ProfPlus_7": 0, "pDevPlusBi": 0, "pProfPlusB": 0, "NTestedCoo": 0, "Begin_CntC": 0, "Develop__8": 0, "Prof_CntCo": 0, "Dist_CntCo": 0, "pBeginCoor": 0, "pDevelopCo": 0, "pProfCoord": 0, "pDistCoord": 0, "DevPlus__8": 0, "ProfPlus_8": 0, "pDevPlusCo": 0, "pProfPlusC": 0, "NTestedEco": 0, "Begin_Cn_5": 0, "Develop__9": 0, "Prof_CntEc": 0, "Dist_CntEc": 0, "pBeginEcon": 0, "pDevelopEc": 0, "pProfEcon": 0, "pDistEcon": 0, "DevPlus__9": 0, "ProfPlus_9": 0, "pDevPlusEc": 0, "pProfPlu_7": 0, "NTestedGeo": 0, "Begin_CntG": 0, "Develop_10": 0, "Prof_CntGe": 0, "Dist_CntGe": 0, "pBeginGeom": 0, "pDevelopGe": 0, "pProfGeome": 0, "pDistGeome": 0, "DevPlus_10": 0, "ProfPlus10": 0, "pDevPlusGe": 0, "pProfPlusG": 0, "NTestedLit": 0, "Begin_CntL": 0, "Develop_11": 0, "Prof_CntLi": 0, "Dist_CntLi": 0, "pBeginLit9": 0, "pDevelopLi": 0, "pProfLit9": 0, "pDistLit9": 0, "DevPlus_11": 0, "ProfPlus11": 0, "pDevPlusLi": 0, "pProfPlusL": 0, "NTestedPhy": 0, "Begin_CntP": 0, "Develop_12": 0, "Prof_CntPh": 0, "Dist_CntPh": 0, "pBeginPhys": 0, "pDevelopPh": 0, "pProfPhysS": 0, "pDistPhysS": 0, "DevPlus_12": 0, "ProfPlus12": 0, "pDevPlusPh": 0, "pProfPlusP": 0, "NTestedUSH": 0, "Begin_CntU": 0, "Develop_13": 0, "Prof_CntUS": 0, "Dist_CntUS": 0, "pBeginUSHi": 0, "pDevelopUS": 0, "pProfUSHis": 0, "pDistUSHis": 0, "DevPlus_13": 0, "ProfPlus13": 0, "pDevPlusUS": 0, "pProfPlusU": 0, "NDropout71": 0, "pNDropout7": 0, "Graduation": 0, "NUMBER_OF_": 0, "pHopeEligi": 0, "chENROLLME": 21, "pchENROLLM": 6.1, "chCCRPI": 32, "chpProfPlu": 0, "chpProfP_1": 0, "chpProfP_2": 8, "chpProfP_3": 4, "chpELA8": 9, "chpProfP_4": 33, "chpProfP_5": 0, "chpProfP_6": 0, "chpProfP_7": 0, "chpProfP_8": 0, "chpProfP_9": 0, "chpProfP10": 0, "chpProfP11": 0, "chpProfP12": 0, "chpProfP13": 0, "chpProfP14": 0, "GlobalID": "{0A688180-D1B7-45C6-9B5E-52C9643BBB42}", "created_us": "opendata@arc", "created_da": "2020-03-25T00:00:00Z", "last_edite": "opendata@arc", "last_edi_1": "2020-03-25T00:00:00Z" }, "geometry": { "type": "Point", "coordinates": [ -84.367024193821493, 33.689632422291176 ] } },
{ "type": "Feature", "properties": { "OBJECTID": 2051, "SysSchool": 7610123, "GradeRange": "KK-08", "SchoolAddr": "286 Wilson Mill Rd SW", "SchoolCity": "Atlanta", "STATE": "GA", "SchoolZipC": "30331-4122", "MailAddres": "286 Wilson Mill Rd SW", "MailCity": "Atlanta", "MailZipCod": "30331-4122", "PrincipalN": "Hardrick, Hyla", "PrincipalE": "hhardick@kindezi.org", "SchoolPhon": "404.671.4920", "SchoolFax": " ", "longitude": -84.513546, "latitude": 33.754786, "Year": 2019, "SchoolYear": "2018-19", "SystemID": 761, "SystemName": "Atlanta Public Schools", "SchoolID": 123, "SchoolName": "Kindezi", "Type": "Elementary School", "ENROLLMENT": 414, "ENROLL_PER": 0, "ENROLL_P_1": 0, "ENROLL_P_2": 92, "ENROLL_P_3": 2, "ENROLL_P_4": 2, "ENROLL_P_5": 3, "ENROLL_P_6": 0, "ENROLL_P_7": 100, "ENROLL_P_8": 11, "ENROLL_P_9": 0, "ENROLL_PCT": 0, "ENROLL_P10": 6, "direct_cer": 44, "pAbsent0_5": 56, "pAbsent6_1": 31, "pAbsent16P": 13, "Churn": 6, "TeacherCou": 62, "AvgExp": 5, "pYrsLt1": 18, "pYears1_10": 76, "pYears11_2": 5, "pYears21_3": 2, "pYearsGt30": 0, "Debt": 0, "GenAdmin": 0, "Instructio": 17762, "Support": 0, "Ops": 0, "Media": 0, "PServices": 0, "Capital": 0, "SchoolAdmi": 0, "Food": 0, "Transport": 0, "TotalSpend": 17762, "CCRPI": 62, "ClimateSta": 2, "NTestedELA": 59, "Begin_CntE": 22, "Develop_Cn": 20, "Prof_CntEL": 11, "Dist_CntEL": 6, "pBeginELA3": 37, "pDevelopEL": 34, "pProfELA3": 19, "pDistELA3": 10, "DevPlus_Cn": 37, "ProfPlus_C": 17, "pDevPlusEL": 63, "pProfPlusE": 29, "NTestedE_1": 45, "Begin_Cn_1": 17, "Develop__1": 17, "Prof_Cnt_1": 10, "Dist_Cnt_1": 1, "pBeginELA5": 38, "pDevelop_1": 38, "pProfELA5": 22, "pDistELA5": 2, "DevPlus__1": 28, "ProfPlus_1": 11, "pDevPlus_1": 62, "pProfPlu_1": 24, "NTestedMat": 59, "Begin_CntM": 11, "Develop__2": 19, "Prof_CntMa": 22, "Dist_CntMa": 7, "pBeginMath": 19, "pDevelopMa": 32, "pProfMath3": 37, "pDistMath3": 12, "DevPlus__2": 48, "ProfPlus_2": 29, "pDevPlusMa": 81, "pProfPlusM": 49, "NTestedM_1": 45, "Begin_Cn_2": 9, "Develop__3": 18, "Prof_Cnt_2": 16, "Dist_Cnt_2": 2, "pBeginMa_1": 20, "pDevelop_2": 40, "pProfMath5": 36, "pDistMath5": 4, "DevPlus__3": 36, "ProfPlus_3": 18, "pDevPlus_2": 80, "pProfPlu_2": 40, "NTestedE_2": 25, "BeginELA8_": 6, "DevelopELA": 11, "ProfELA8_C": 5, "DistELA8_C": 3, "NTestedM_2": 25, "BeginMath8": 2, "DevelopMat": 11, "ProfMath8_": 8, "DistMath8_": 4, "pBeginELA8": 24, "pDevelop_3": 44, "pProfELA8": 20, "pDistELA8": 12, "pBeginMa_2": 8, "pDevelop_4": 44, "pProfMath8": 32, "pDistMath8": 16, "DevPlusELA": 19, "ProfPlusEL": 8, "pDevPlus_3": 76, "pProfPlu_3": 32, "DevPlusMat": 23, "ProfPlusMa": 12, "pDevPlus_4": 92, "pProfPlu_4": 48, "NTestedAlg": 0, "Begin_CntA": 0, "Develop__4": 0, "Prof_CntAl": 0, "Dist_CntAl": 0, "pBeginAlge": 0, "pDevelopAl": 0, "pProfAlgeb": 0, "pDistAlgeb": 0, "DevPlus__4": 0, "ProfPlus_4": 0, "pDevPlusAl": 0, "pProfPlusA": 0, "NTestedAmL": 0, "Begin_Cn_3": 0, "Develop__5": 0, "Prof_CntAm": 0, "Dist_CntAm": 0, "pBeginAmLi": 0, "pDevelopAm": 0, "pProfAmLit": 0, "pDistAmLit": 0, "DevPlus__5": 0, "ProfPlus_5": 0, "pDevPlusAm": 0, "pProfPlu_5": 0, "NTestedAna": 0, "Begin_Cn_4": 0, "Develop__6": 0, "Prof_CntAn": 0, "Dist_CntAn": 0, "pBeginAnal": 0, "pDevelopAn": 0, "pProfAnalG": 0, "pDistAnalG": 0, "DevPlus__6": 0, "ProfPlus_6": 0, "pDevPlusAn": 0, "pProfPlu_6": 0, "NTestedBio": 0, "Begin_CntB": 0, "Develop__7": 0, "Prof_CntBi": 0, "Dist_CntBi": 0, "pBeginBiol": 0, "pDevelopBi": 0, "pProfBiolo": 0, "pDistBiolo": 0, "DevPlus__7": 0, "ProfPlus_7": 0, "pDevPlusBi": 0, "pProfPlusB": 0, "NTestedCoo": 0, "Begin_CntC": 0, "Develop__8": 0, "Prof_CntCo": 0, "Dist_CntCo": 0, "pBeginCoor": 0, "pDevelopCo": 0, "pProfCoord": 0, "pDistCoord": 0, "DevPlus__8": 0, "ProfPlus_8": 0, "pDevPlusCo": 0, "pProfPlusC": 0, "NTestedEco": 0, "Begin_Cn_5": 0, "Develop__9": 0, "Prof_CntEc": 0, "Dist_CntEc": 0, "pBeginEcon": 0, "pDevelopEc": 0, "pProfEcon": 0, "pDistEcon": 0, "DevPlus__9": 0, "ProfPlus_9": 0, "pDevPlusEc": 0, "pProfPlu_7": 0, "NTestedGeo": 0, "Begin_CntG": 0, "Develop_10": 0, "Prof_CntGe": 0, "Dist_CntGe": 0, "pBeginGeom": 0, "pDevelopGe": 0, "pProfGeome": 0, "pDistGeome": 0, "DevPlus_10": 0, "ProfPlus10": 0, "pDevPlusGe": 0, "pProfPlusG": 0, "NTestedLit": 0, "Begin_CntL": 0, "Develop_11": 0, "Prof_CntLi": 0, "Dist_CntLi": 0, "pBeginLit9": 0, "pDevelopLi": 0, "pProfLit9": 0, "pDistLit9": 0, "DevPlus_11": 0, "ProfPlus11": 0, "pDevPlusLi": 0, "pProfPlusL": 0, "NTestedPhy": 0, "Begin_CntP": 0, "Develop_12": 0, "Prof_CntPh": 0, "Dist_CntPh": 0, "pBeginPhys": 0, "pDevelopPh": 0, "pProfPhysS": 0, "pDistPhysS": 0, "DevPlus_12": 0, "ProfPlus12": 0, "pDevPlusPh": 0, "pProfPlusP": 0, "NTestedUSH": 0, "Begin_CntU": 0, "Develop_13": 0, "Prof_CntUS": 0, "Dist_CntUS": 0, "pBeginUSHi": 0, "pDevelopUS": 0, "pProfUSHis": 0, "pDistUSHis": 0, "DevPlus_13": 0, "ProfPlus13": 0, "pDevPlusUS": 0, "pProfPlusU": 0, "NDropout71": 0, "pNDropout7": 0, "Graduation": 0, "NUMBER_OF_": 0, "pHopeEligi": 0, "chENROLLME": -248, "pchENROLLM": -37.46, "chCCRPI": -15, "chpProfPlu": -13, "chpProfP_1": 9, "chpProfP_2": -12, "chpProfP_3": 13, "chpELA8": -43, "chpProfP_4": 6, "chpProfP_5": 0, "chpProfP_6": 0, "chpProfP_7": 0, "chpProfP_8": 0, "chpProfP_9": 0, "chpProfP10": 0, "chpProfP11": 0, "chpProfP12": 0, "chpProfP13": 0, "chpProfP14": 0, "GlobalID": "{EFB69D55-4AE4-401A-84D7-0F1DB0CADD95}", "created_us": "opendata@arc", "created_da": "2020-03-25T00:00:00Z", "last_edite": "opendata@arc", "last_edi_1": "2020-03-25T00:00:00Z" }, "geometry": { "type": "Point", "coordinates": [ -84.513550238665601, 33.754792431000787 ] } },
{ "type": "Feature", "properties": { "OBJECTID": 2052, "SysSchool": 7610173, "GradeRange": "06-08", "SchoolAddr": "3200 Latona Dr SW", "SchoolCity": "Atlanta", "STATE": "GA", "SchoolZipC": "30354-2316", "MailAddres": "3200 Latona Dr SW", "MailCity": "Atlanta", "MailZipCod": "30354-2316", "PrincipalN": "Hill, Lisa", "PrincipalE": "llhill@atlanta.k12.ga.us", "SchoolPhon": "404.802.4800", "SchoolFax": "404.669.2266", "longitude": -84.395222, "latitude": 33.66668, "Year": 2019, "SchoolYear": "2018-19", "SystemID": 761, "SystemName": "Atlanta Public Schools", "SchoolID": 173, "SchoolName": "Long Middle School", "Type": "Middle School", "ENROLLMENT": 740, "ENROLL_PER": 0, "ENROLL_P_1": 0, "ENROLL_P_2": 91, "ENROLL_P_3": 8, "ENROLL_P_4": 0, "ENROLL_P_5": 0, "ENROLL_P_6": 0, "ENROLL_P_7": 100, "ENROLL_P_8": 17, "ENROLL_P_9": 6, "ENROLL_PCT": 3, "ENROLL_P10": 5, "direct_cer": 70, "pAbsent0_5": 44, "pAbsent6_1": 39, "pAbsent16P": 18, "Churn": 44, "TeacherCou": 47, "AvgExp": 14, "pYrsLt1": 4, "pYears1_10": 30, "pYears11_2": 40, "pYears21_3": 26, "pYearsGt30": 0, "Debt": 0, "GenAdmin": 0, "Instructio": 7009, "Support": 780, "Ops": 658, "Media": 168, "PServices": 743, "Capital": 0, "SchoolAdmi": 1023, "Food": 0, "Transport": 86, "TotalSpend": 10467, "CCRPI": 56, "ClimateSta": 2, "NTestedELA": 0, "Begin_CntE": 0, "Develop_Cn": 0, "Prof_CntEL": 0, "Dist_CntEL": 0, "pBeginELA3": 0, "pDevelopEL": 0, "pProfELA3": 0, "pDistELA3": 0, "DevPlus_Cn": 0, "ProfPlus_C": 0, "pDevPlusEL": 0, "pProfPlusE": 0, "NTestedE_1": 0, "Begin_Cn_1": 0, "Develop__1": 0, "Prof_Cnt_1": 0, "Dist_Cnt_1": 0, "pBeginELA5": 0, "pDevelop_1": 0, "pProfELA5": 0, "pDistELA5": 0, "DevPlus__1": 0, "ProfPlus_1": 0, "pDevPlus_1": 0, "pProfPlu_1": 0, "NTestedMat": 0, "Begin_CntM": 0, "Develop__2": 0, "Prof_CntMa": 0, "Dist_CntMa": 0, "pBeginMath": 0, "pDevelopMa": 0, "pProfMath3": 0, "pDistMath3": 0, "DevPlus__2": 0, "ProfPlus_2": 0, "pDevPlusMa": 0, "pProfPlusM": 0, "NTestedM_1": 0, "Begin_Cn_2": 0, "Develop__3": 0, "Prof_Cnt_2": 0, "Dist_Cnt_2": 0, "pBeginMa_1": 0, "pDevelop_2": 0, "pProfMath5": 0, "pDistMath5": 0, "DevPlus__3": 0, "ProfPlus_3": 0, "pDevPlus_2": 0, "pProfPlu_2": 0, "NTestedE_2": 226, "BeginELA8_": 87, "DevelopELA": 101, "ProfELA8_C": 34, "DistELA8_C": 4, "NTestedM_2": 226, "BeginMath8": 97, "DevelopMat": 105, "ProfMath8_": 20, "DistMath8_": 4, "pBeginELA8": 39, "pDevelop_3": 45, "pProfELA8": 15, "pDistELA8": 2, "pBeginMa_2": 43, "pDevelop_4": 47, "pProfMath8": 9, "pDistMath8": 2, "DevPlusELA": 139, "ProfPlusEL": 38, "pDevPlus_3": 62, "pProfPlu_3": 17, "DevPlusMat": 129, "ProfPlusMa": 24, "pDevPlus_4": 57, "pProfPlu_4": 11, "NTestedAlg": 0, "Begin_CntA": 0, "Develop__4": 0, "Prof_CntAl": 0, "Dist_CntAl": 0, "pBeginAlge": 0, "pDevelopAl": 0, "pProfAlgeb": 0, "pDistAlgeb": 0, "DevPlus__4": 0, "ProfPlus_4": 0, "pDevPlusAl": 0, "pProfPlusA": 0, "NTestedAmL": 0, "Begin_Cn_3": 0, "Develop__5": 0, "Prof_CntAm": 0, "Dist_CntAm": 0, "pBeginAmLi": 0, "pDevelopAm": 0, "pProfAmLit": 0, "pDistAmLit": 0, "DevPlus__5": 0, "ProfPlus_5": 0, "pDevPlusAm": 0, "pProfPlu_5": 0, "NTestedAna": 0, "Begin_Cn_4": 0, "Develop__6": 0, "Prof_CntAn": 0, "Dist_CntAn": 0, "pBeginAnal": 0, "pDevelopAn": 0, "pProfAnalG": 0, "pDistAnalG": 0, "DevPlus__6": 0, "ProfPlus_6": 0, "pDevPlusAn": 0, "pProfPlu_6": 0, "NTestedBio": 0, "Begin_CntB": 0, "Develop__7": 0, "Prof_CntBi": 0, "Dist_CntBi": 0, "pBeginBiol": 0, "pDevelopBi": 0, "pProfBiolo": 0, "pDistBiolo": 0, "DevPlus__7": 0, "ProfPlus_7": 0, "pDevPlusBi": 0, "pProfPlusB": 0, "NTestedCoo": 0, "Begin_CntC": 0, "Develop__8": 0, "Prof_CntCo": 0, "Dist_CntCo": 0, "pBeginCoor": 0, "pDevelopCo": 0, "pProfCoord": 0, "pDistCoord": 0, "DevPlus__8": 0, "ProfPlus_8": 0, "pDevPlusCo": 0, "pProfPlusC": 0, "NTestedEco": 0, "Begin_Cn_5": 0, "Develop__9": 0, "Prof_CntEc": 0, "Dist_CntEc": 0, "pBeginEcon": 0, "pDevelopEc": 0, "pProfEcon": 0, "pDistEcon": 0, "DevPlus__9": 0, "ProfPlus_9": 0, "pDevPlusEc": 0, "pProfPlu_7": 0, "NTestedGeo": 0, "Begin_CntG": 0, "Develop_10": 0, "Prof_CntGe": 0, "Dist_CntGe": 0, "pBeginGeom": 0, "pDevelopGe": 0, "pProfGeome": 0, "pDistGeome": 0, "DevPlus_10": 0, "ProfPlus10": 0, "pDevPlusGe": 0, "pProfPlusG": 0, "NTestedLit": 0, "Begin_CntL": 0, "Develop_11": 0, "Prof_CntLi": 0, "Dist_CntLi": 0, "pBeginLit9": 0, "pDevelopLi": 0, "pProfLit9": 0, "pDistLit9": 0, "DevPlus_11": 0, "ProfPlus11": 0, "pDevPlusLi": 0, "pProfPlusL": 0, "NTestedPhy": 0, "Begin_CntP": 0, "Develop_12": 0, "Prof_CntPh": 0, "Dist_CntPh": 0, "pBeginPhys": 0, "pDevelopPh": 0, "pProfPhysS": 0, "pDistPhysS": 0, "DevPlus_12": 0, "ProfPlus12": 0, "pDevPlusPh": 0, "pProfPlusP": 0, "NTestedUSH": 0, "Begin_CntU": 0, "Develop_13": 0, "Prof_CntUS": 0, "Dist_CntUS": 0, "pBeginUSHi": 0, "pDevelopUS": 0, "pProfUSHis": 0, "pDistUSHis": 0, "DevPlus_13": 0, "ProfPlus13": 0, "pDevPlusUS": 0, "pProfPlusU": 0, "NDropout71": 18, "pNDropout7": 3, "Graduation": 0, "NUMBER_OF_": 0, "pHopeEligi": 0, "chENROLLME": 82, "pchENROLLM": 12.46, "chCCRPI": 5, "chpProfPlu": 0, "chpProfP_1": 0, "chpProfP_2": 0, "chpProfP_3": 0, "chpELA8": 6, "chpProfP_4": 2, "chpProfP_5": 0, "chpProfP_6": 0, "chpProfP_7": 0, "chpProfP_8": 0, "chpProfP_9": 0, "chpProfP10": 0, "chpProfP11": 0, "chpProfP12": 0, "chpProfP13": 0, "chpProfP14": 0, "GlobalID": "{A711F1A8-C028-4ACF-B59F-750A729B3329}", "created_us": "opendata@arc", "created_da": "2020-03-25T00:00:00Z", "last_edite": "opendata@arc", "last_edi_1": "2020-03-25T00:00:00Z" }, "geometry": { "type": "Point", "coordinates": [ -84.395226201193495, 33.666686415978582 ] } },
{ "type": "Feature", "properties": { "OBJECTID": 2053, "SysSchool": 7610180, "GradeRange": "06-08", "SchoolAddr": "1925 Niskey Lake Rd SW", "SchoolCity": "Atlanta", "STATE": "GA", "SchoolZipC": "30331-6413", "MailAddres": "1925 Niskey Lake Rd SW", "MailCity": "Atlanta", "MailZipCod": "30331-6413", "PrincipalN": "Harris, Octavius", "PrincipalE": "orharris@atlanta.k12.ga.us", "SchoolPhon": "404.802.6700", "SchoolFax": "404.346.2537", "longitude": -84.530557, "latitude": 33.701283, "Year": 2019, "SchoolYear": "2018-19", "SystemID": 761, "SystemName": "Atlanta Public Schools", "SchoolID": 180, "SchoolName": "Bunche Middle School", "Type": "Middle School", "ENROLLMENT": 930, "ENROLL_PER": 0, "ENROLL_P_1": 0, "ENROLL_P_2": 97, "ENROLL_P_3": 3, "ENROLL_P_4": 0, "ENROLL_P_5": 0, "ENROLL_P_6": 0, "ENROLL_P_7": 100, "ENROLL_P_8": 13, "ENROLL_P_9": 3, "ENROLL_PCT": 2, "ENROLL_P10": 8, "direct_cer": 65, "pAbsent0_5": 40, "pAbsent6_1": 39, "pAbsent16P": 21, "Churn": 32, "TeacherCou": 57, "AvgExp": 12, "pYrsLt1": 18, "pYears1_10": 23, "pYears11_2": 37, "pYears21_3": 23, "pYearsGt30": 0, "Debt": 0, "GenAdmin": 0, "Instructio": 5887, "Support": 474, "Ops": 485, "Media": 46, "PServices": 601, "Capital": 0, "SchoolAdmi": 849, "Food": 0, "Transport": 0, "TotalSpend": 8342, "CCRPI": 73, "ClimateSta": 3, "NTestedELA": 0, "Begin_CntE": 0, "Develop_Cn": 0, "Prof_CntEL": 0, "Dist_CntEL": 0, "pBeginELA3": 0, "pDevelopEL": 0, "pProfELA3": 0, "pDistELA3": 0, "DevPlus_Cn": 0, "ProfPlus_C": 0, "pDevPlusEL": 0, "pProfPlusE": 0, "NTestedE_1": 0, "Begin_Cn_1": 0, "Develop__1": 0, "Prof_Cnt_1": 0, "Dist_Cnt_1": 0, "pBeginELA5": 0, "pDevelop_1": 0, "pProfELA5": 0, "pDistELA5": 0, "DevPlus__1": 0, "ProfPlus_1": 0, "pDevPlus_1": 0, "pProfPlu_1": 0, "NTestedMat": 0, "Begin_CntM": 0, "Develop__2": 0, "Prof_CntMa": 0, "Dist_CntMa": 0, "pBeginMath": 0, "pDevelopMa": 0, "pProfMath3": 0, "pDistMath3": 0, "DevPlus__2": 0, "ProfPlus_2": 0, "pDevPlusMa": 0, "pProfPlusM": 0, "NTestedM_1": 0, "Begin_Cn_2": 0, "Develop__3": 0, "Prof_Cnt_2": 0, "Dist_Cnt_2": 0, "pBeginMa_1": 0, "pDevelop_2": 0, "pProfMath5": 0, "pDistMath5": 0, "DevPlus__3": 0, "ProfPlus_3": 0, "pDevPlus_2": 0, "pProfPlu_2": 0, "NTestedE_2": 283, "BeginELA8_": 77, "DevelopELA": 130, "ProfELA8_C": 61, "DistELA8_C": 15, "NTestedM_2": 282, "BeginMath8": 104, "DevelopMat": 120, "ProfMath8_": 43, "DistMath8_": 9, "pBeginELA8": 27, "pDevelop_3": 46, "pProfELA8": 22, "pDistELA8": 5, "pBeginMa_2": 37, "pDevelop_4": 43, "pProfMath8": 15, "pDistMath8": 3, "DevPlusELA": 206, "ProfPlusEL": 76, "pDevPlus_3": 73, "pProfPlu_3": 27, "DevPlusMat": 172, "ProfPlusMa": 52, "pDevPlus_4": 61, "pProfPlu_4": 18, "NTestedAlg": 5, "Begin_CntA": 0, "Develop__4": 0, "Prof_CntAl": 0, "Dist_CntAl": 0, "pBeginAlge": 0, "pDevelopAl": 0, "pProfAlgeb": 0, "pDistAlgeb": 0, "DevPlus__4": 0, "ProfPlus_4": 0, "pDevPlusAl": 0, "pProfPlusA": 0, "NTestedAmL": 0, "Begin_Cn_3": 0, "Develop__5": 0, "Prof_CntAm": 0, "Dist_CntAm": 0, "pBeginAmLi": 0, "pDevelopAm": 0, "pProfAmLit": 0, "pDistAmLit": 0, "DevPlus__5": 0, "ProfPlus_5": 0, "pDevPlusAm": 0, "pProfPlu_5": 0, "NTestedAna": 0, "Begin_Cn_4": 0, "Develop__6": 0, "Prof_CntAn": 0, "Dist_CntAn": 0, "pBeginAnal": 0, "pDevelopAn": 0, "pProfAnalG": 0, "pDistAnalG": 0, "DevPlus__6": 0, "ProfPlus_6": 0, "pDevPlusAn": 0, "pProfPlu_6": 0, "NTestedBio": 0, "Begin_CntB": 0, "Develop__7": 0, "Prof_CntBi": 0, "Dist_CntBi": 0, "pBeginBiol": 0, "pDevelopBi": 0, "pProfBiolo": 0, "pDistBiolo": 0, "DevPlus__7": 0, "ProfPlus_7": 0, "pDevPlusBi": 0, "pProfPlusB": 0, "NTestedCoo": 0, "Begin_CntC": 0, "Develop__8": 0, "Prof_CntCo": 0, "Dist_CntCo": 0, "pBeginCoor": 0, "pDevelopCo": 0, "pProfCoord": 0, "pDistCoord": 0, "DevPlus__8": 0, "ProfPlus_8": 0, "pDevPlusCo": 0, "pProfPlusC": 0, "NTestedEco": 0, "Begin_Cn_5": 0, "Develop__9": 0, "Prof_CntEc": 0, "Dist_CntEc": 0, "pBeginEcon": 0, "pDevelopEc": 0, "pProfEcon": 0, "pDistEcon": 0, "DevPlus__9": 0, "ProfPlus_9": 0, "pDevPlusEc": 0, "pProfPlu_7": 0, "NTestedGeo": 1, "Begin_CntG": 0, "Develop_10": 0, "Prof_CntGe": 0, "Dist_CntGe": 0, "pBeginGeom": 0, "pDevelopGe": 0, "pProfGeome": 0, "pDistGeome": 0, "DevPlus_10": 0, "ProfPlus10": 0, "pDevPlusGe": 0, "pProfPlusG": 0, "NTestedLit": 0, "Begin_CntL": 0, "Develop_11": 0, "Prof_CntLi": 0, "Dist_CntLi": 0, "pBeginLit9": 0, "pDevelopLi": 0, "pProfLit9": 0, "pDistLit9": 0, "DevPlus_11": 0, "ProfPlus11": 0, "pDevPlusLi": 0, "pProfPlusL": 0, "NTestedPhy": 0, "Begin_CntP": 0, "Develop_12": 0, "Prof_CntPh": 0, "Dist_CntPh": 0, "pBeginPhys": 0, "pDevelopPh": 0, "pProfPhysS": 0, "pDistPhysS": 0, "DevPlus_12": 0, "ProfPlus12": 0, "pDevPlusPh": 0, "pProfPlusP": 0, "NTestedUSH": 0, "Begin_CntU": 0, "Develop_13": 0, "Prof_CntUS": 0, "Dist_CntUS": 0, "pBeginUSHi": 0, "pDevelopUS": 0, "pProfUSHis": 0, "pDistUSHis": 0, "DevPlus_13": 0, "ProfPlus13": 0, "pDevPlusUS": 0, "pProfPlusU": 0, "NDropout71": 10, "pNDropout7": 1, "Graduation": 0, "NUMBER_OF_": 0, "pHopeEligi": 0, "chENROLLME": 168, "pchENROLLM": 22.04, "chCCRPI": 16, "chpProfPlu": 0, "chpProfP_1": 0, "chpProfP_2": 0, "chpProfP_3": 0, "chpELA8": 3, "chpProfP_4": 11, "chpProfP_5": 0, "chpProfP_6": 0, "chpProfP_7": 0, "chpProfP_8": 0, "chpProfP_9": 0, "chpProfP10": 0, "chpProfP11": 0, "chpProfP12": 0, "chpProfP13": 0, "chpProfP14": 0, "GlobalID": "{7D0DD4F6-03D7-4DAB-9E71-1C318DECB653}", "created_us": "opendata@arc", "created_da": "2020-03-25T00:00:00Z", "last_edite": "opendata@arc", "last_edi_1": "2020-03-25T00:00:00Z" }, "geometry": { "type": "Point", "coordinates": [ -84.530561240840569, 33.701289418842912 ] } },
{ "type": "Feature", "properties": { "OBJECTID": 2054, "SysSchool": 7610182, "GradeRange": "09-12", "SchoolAddr": "3450 Benjamin E Mays Dr SW", "SchoolCity": "Atlanta", "STATE": "GA", "SchoolZipC": "30331-1906", "MailAddres": "3450 Benjamin E Mays Dr SW", "MailCity": "Atlanta", "MailZipCod": "30331-1906", "PrincipalN": "Wilkins, Mulanta", "PrincipalE": "Mulanta.Wilkins@atlanta.k12.ga.us", "SchoolPhon": "404.802.5100", "SchoolFax": "404.699.6781", "longitude": -84.503841, "latitude": 33.73413, "Year": 2019, "SchoolYear": "2018-19", "SystemID": 761, "SystemName": "Atlanta Public Schools", "SchoolID": 182, "SchoolName": "Mays High School", "Type": "High School", "ENROLLMENT": 1333, "ENROLL_PER": 0, "ENROLL_P_1": 0, "ENROLL_P_2": 94, "ENROLL_P_3": 5, "ENROLL_P_4": 1, "ENROLL_P_5": 0, "ENROLL_P_6": 0, "ENROLL_P_7": 100, "ENROLL_P_8": 13, "ENROLL_P_9": 3, "ENROLL_PCT": 3, "ENROLL_P10": 8, "direct_cer": 54, "pAbsent0_5": 24, "pAbsent6_1": 30, "pAbsent16P": 46, "Churn": 19, "TeacherCou": 94, "AvgExp": 12, "pYrsLt1": 6, "pYears1_10": 38, "pYears11_2": 42, "pYears21_3": 14, "pYearsGt30": 0, "Debt": 0, "GenAdmin": 0, "Instructio": 7376, "Support": 400, "Ops": 694, "Media": 88, "PServices": 530, "Capital": 0, "SchoolAdmi": 1095, "Food": 0, "Transport": 4, "TotalSpend": 10187, "CCRPI": 56, "ClimateSta": 3, "NTestedELA": 0, "Begin_CntE": 0, "Develop_Cn": 0, "Prof_CntEL": 0, "Dist_CntEL": 0, "pBeginELA3": 0, "pDevelopEL": 0, "pProfELA3": 0, "pDistELA3": 0, "DevPlus_Cn": 0, "ProfPlus_C": 0, "pDevPlusEL": 0, "pProfPlusE": 0, "NTestedE_1": 0, "Begin_Cn_1": 0, "Develop__1": 0, "Prof_Cnt_1": 0, "Dist_Cnt_1": 0, "pBeginELA5": 0, "pDevelop_1": 0, "pProfELA5": 0, "pDistELA5": 0, "DevPlus__1": 0, "ProfPlus_1": 0, "pDevPlus_1": 0, "pProfPlu_1": 0, "NTestedMat": 0, "Begin_CntM": 0, "Develop__2": 0, "Prof_CntMa": 0, "Dist_CntMa": 0, "pBeginMath": 0, "pDevelopMa": 0, "pProfMath3": 0, "pDistMath3": 0, "DevPlus__2": 0, "ProfPlus_2": 0, "pDevPlusMa": 0, "pProfPlusM": 0, "NTestedM_1": 0, "Begin_Cn_2": 0, "Develop__3": 0, "Prof_Cnt_2": 0, "Dist_Cnt_2": 0, "pBeginMa_1": 0, "pDevelop_2": 0, "pProfMath5": 0, "pDistMath5": 0, "DevPlus__3": 0, "ProfPlus_3": 0, "pDevPlus_2": 0, "pProfPlu_2": 0, "NTestedE_2": 0, "BeginELA8_": 0, "DevelopELA": 0, "ProfELA8_C": 0, "DistELA8_C": 0, "NTestedM_2": 0, "BeginMath8": 0, "DevelopMat": 0, "ProfMath8_": 0, "DistMath8_": 0, "pBeginELA8": 0, "pDevelop_3": 0, "pProfELA8": 0, "pDistELA8": 0, "pBeginMa_2": 0, "pDevelop_4": 0, "pProfMath8": 0, "pDistMath8": 0, "DevPlusELA": 0, "ProfPlusEL": 0, "pDevPlus_3": 0, "pProfPlu_3": 0, "DevPlusMat": 0, "ProfPlusMa": 0, "pDevPlus_4": 0, "pProfPlu_4": 0, "NTestedAlg": 338, "Begin_CntA": 224, "Develop__4": 88, "Prof_CntAl": 20, "Dist_CntAl": 6, "pBeginAlge": 66, "pDevelopAl": 26, "pProfAlgeb": 6, "pDistAlgeb": 2, "DevPlus__4": 114, "ProfPlus_4": 26, "pDevPlusAl": 34, "pProfPlusA": 8, "NTestedAmL": 358, "Begin_Cn_3": 133, "Develop__5": 153, "Prof_CntAm": 70, "Dist_CntAm": 2, "pBeginAmLi": 37, "pDevelopAm": 43, "pProfAmLit": 20, "pDistAmLit": 1, "DevPlus__5": 225, "ProfPlus_5": 72, "pDevPlusAm": 63, "pProfPlu_5": 20, "NTestedAna": 1, "Begin_Cn_4": 0, "Develop__6": 0, "Prof_CntAn": 0, "Dist_CntAn": 0, "pBeginAnal": 0, "pDevelopAn": 0, "pProfAnalG": 0, "pDistAnalG": 0, "DevPlus__6": 0, "ProfPlus_6": 0, "pDevPlusAn": 0, "pProfPlu_6": 0, "NTestedBio": 338, "Begin_CntB": 228, "Develop__7": 71, "Prof_CntBi": 33, "Dist_CntBi": 6, "pBeginBiol": 68, "pDevelopBi": 21, "pProfBiolo": 10, "pDistBiolo": 2, "DevPlus__7": 110, "ProfPlus_7": 39, "pDevPlusBi": 33, "pProfPlusB": 12, "NTestedCoo": 0, "Begin_CntC": 0, "Develop__8": 0, "Prof_CntCo": 0, "Dist_CntCo": 0, "pBeginCoor": 0, "pDevelopCo": 0, "pProfCoord": 0, "pDistCoord": 0, "DevPlus__8": 0, "ProfPlus_8": 0, "pDevPlusCo": 0, "pProfPlusC": 0, "NTestedEco": 306, "Begin_Cn_5": 150, "Develop__9": 113, "Prof_CntEc": 42, "Dist_CntEc": 1, "pBeginEcon": 49, "pDevelopEc": 37, "pProfEcon": 14, "pDistEcon": 0, "DevPlus__9": 156, "ProfPlus_9": 43, "pDevPlusEc": 51, "pProfPlu_7": 14, "NTestedGeo": 296, "Begin_CntG": 196, "Develop_10": 78, "Prof_CntGe": 22, "Dist_CntGe": 0, "pBeginGeom": 66, "pDevelopGe": 26, "pProfGeome": 7, "pDistGeome": 0, "DevPlus_10": 100, "ProfPlus10": 22, "pDevPlusGe": 34, "pProfPlusG": 7, "NTestedLit": 362, "Begin_CntL": 107, "Develop_11": 147, "Prof_CntLi": 100, "Dist_CntLi": 8, "pBeginLit9": 30, "pDevelopLi": 41, "pProfLit9": 28, "pDistLit9": 2, "DevPlus_11": 255, "ProfPlus11": 108, "pDevPlusLi": 70, "pProfPlusL": 30, "NTestedPhy": 289, "Begin_CntP": 178, "Develop_12": 74, "Prof_CntPh": 35, "Dist_CntPh": 2, "pBeginPhys": 62, "pDevelopPh": 26, "pProfPhysS": 12, "pDistPhysS": 1, "DevPlus_12": 111, "ProfPlus12": 37, "pDevPlusPh": 38, "pProfPlusP": 13, "NTestedUSH": 316, "Begin_CntU": 132, "Develop_13": 132, "Prof_CntUS": 45, "Dist_CntUS": 7, "pBeginUSHi": 42, "pDevelopUS": 42, "pProfUSHis": 14, "pDistUSHis": 2, "DevPlus_13": 184, "ProfPlus13": 52, "pDevPlusUS": 58, "pProfPlusU": 16, "NDropout71": 70, "pNDropout7": 5, "Graduation": 72, "NUMBER_OF_": 285, "pHopeEligi": 27, "chENROLLME": -409, "pchENROLLM": -23.47, "chCCRPI": -6, "chpProfPlu": 0, "chpProfP_1": 0, "chpProfP_2": 0, "chpProfP_3": 0, "chpELA8": 0, "chpProfP_4": 0, "chpProfP_5": 3, "chpProfP_6": -3, "chpProfP_7": 0, "chpProfP_8": 0, "chpProfP_9": 0, "chpProfP10": -7, "chpProfP11": -25, "chpProfP12": 17, "chpProfP13": 8, "chpProfP14": -7, "GlobalID": "{345599B8-8BAC-475C-BB68-DFE56E12DE3C}", "created_us": "opendata@arc", "created_da": "2020-03-25T00:00:00Z", "last_edite": "opendata@arc", "last_edi_1": "2020-03-25T00:00:00Z" }, "geometry": { "type": "Point", "coordinates": [ -84.503845234696399, 33.734136426635601 ] } },
{ "type": "Feature", "properties": { "OBJECTID": 2055, "SysSchool": 7610186, "GradeRange": "09-12", "SchoolAddr": "801 Glenwood Ave SE", "SchoolCity": "Atlanta", "STATE": "GA", "SchoolZipC": "30316-1813", "MailAddres": "801 Glenwood Ave SE", "MailCity": "Atlanta", "MailZipCod": "30316-1813", "PrincipalN": "Danser, Adam J", "PrincipalE": "adanser@atlanta.k12.ga.us", "SchoolPhon": "404.802.5200", "SchoolFax": "404.624.2111", "longitude": -84.362029, "latitude": 33.739829, "Year": 2019, "SchoolYear": "2018-19", "SystemID": 761, "SystemName": "Atlanta Public Schools", "SchoolID": 186, "SchoolName": "Maynard H. Jackson, Jr. High School", "Type": "High School", "ENROLLMENT": 1297, "ENROLL_PER": 1, "ENROLL_P_1": 0, "ENROLL_P_2": 78, "ENROLL_P_3": 6, "ENROLL_P_4": 3, "ENROLL_P_5": 12, "ENROLL_P_6": 0, "ENROLL_P_7": 100, "ENROLL_P_8": 13, "ENROLL_P_9": 2, "ENROLL_PCT": 1, "ENROLL_P10": 12, "direct_cer": 45, "pAbsent0_5": 35, "pAbsent6_1": 38, "pAbsent16P": 27, "Churn": 16, "TeacherCou": 77, "AvgExp": 11, "pYrsLt1": 4, "pYears1_10": 44, "pYears11_2": 42, "pYears21_3": 10, "pYearsGt30": 0, "Debt": 0, "GenAdmin": 0, "Instructio": 6130, "Support": 561, "Ops": 525, "Media": 85, "PServices": 469, "Capital": 0, "SchoolAdmi": 943, "Food": 0, "Transport": 28, "TotalSpend": 8742, "CCRPI": 79, "ClimateSta": 4, "NTestedELA": 0, "Begin_CntE": 0, "Develop_Cn": 0, "Prof_CntEL": 0, "Dist_CntEL": 0, "pBeginELA3": 0, "pDevelopEL": 0, "pProfELA3": 0, "pDistELA3": 0, "DevPlus_Cn": 0, "ProfPlus_C": 0, "pDevPlusEL": 0, "pProfPlusE": 0, "NTestedE_1": 0, "Begin_Cn_1": 0, "Develop__1": 0, "Prof_Cnt_1": 0, "Dist_Cnt_1": 0, "pBeginELA5": 0, "pDevelop_1": 0, "pProfELA5": 0, "pDistELA5": 0, "DevPlus__1": 0, "ProfPlus_1": 0, "pDevPlus_1": 0, "pProfPlu_1": 0, "NTestedMat": 0, "Begin_CntM": 0, "Develop__2": 0, "Prof_CntMa": 0, "Dist_CntMa": 0, "pBeginMath": 0, "pDevelopMa": 0, "pProfMath3": 0, "pDistMath3": 0, "DevPlus__2": 0, "ProfPlus_2": 0, "pDevPlusMa": 0, "pProfPlusM": 0, "NTestedM_1": 0, "Begin_Cn_2": 0, "Develop__3": 0, "Prof_Cnt_2": 0, "Dist_Cnt_2": 0, "pBeginMa_1": 0, "pDevelop_2": 0, "pProfMath5": 0, "pDistMath5": 0, "DevPlus__3": 0, "ProfPlus_3": 0, "pDevPlus_2": 0, "pProfPlu_2": 0, "NTestedE_2": 0, "BeginELA8_": 0, "DevelopELA": 0, "ProfELA8_C": 0, "DistELA8_C": 0, "NTestedM_2": 0, "BeginMath8": 0, "DevelopMat": 0, "ProfMath8_": 0, "DistMath8_": 0, "pBeginELA8": 0, "pDevelop_3": 0, "pProfELA8": 0, "pDistELA8": 0, "pBeginMa_2": 0, "pDevelop_4": 0, "pProfMath8": 0, "pDistMath8": 0, "DevPlusELA": 0, "ProfPlusEL": 0, "pDevPlus_3": 0, "pProfPlu_3": 0, "DevPlusMat": 0, "ProfPlusMa": 0, "pDevPlus_4": 0, "pProfPlu_4": 0, "NTestedAlg": 393, "Begin_CntA": 152, "Develop__4": 130, "Prof_CntAl": 94, "Dist_CntAl": 17, "pBeginAlge": 39, "pDevelopAl": 33, "pProfAlgeb": 24, "pDistAlgeb": 4, "DevPlus__4": 241, "ProfPlus_4": 111, "pDevPlusAl": 61, "pProfPlusA": 28, "NTestedAmL": 316, "Begin_Cn_3": 85, "Develop__5": 107, "Prof_CntAm": 91, "Dist_CntAm": 33, "pBeginAmLi": 27, "pDevelopAm": 34, "pProfAmLit": 29, "pDistAmLit": 10, "DevPlus__5": 231, "ProfPlus_5": 124, "pDevPlusAm": 73, "pProfPlu_5": 39, "NTestedAna": 0, "Begin_Cn_4": 0, "Develop__6": 0, "Prof_CntAn": 0, "Dist_CntAn": 0, "pBeginAnal": 0, "pDevelopAn": 0, "pProfAnalG": 0, "pDistAnalG": 0, "DevPlus__6": 0, "ProfPlus_6": 0, "pDevPlusAn": 0, "pProfPlu_6": 0, "NTestedBio": 387, "Begin_CntB": 151, "Develop__7": 90, "Prof_CntBi": 107, "Dist_CntBi": 39, "pBeginBiol": 39, "pDevelopBi": 23, "pProfBiolo": 28, "pDistBiolo": 10, "DevPlus__7": 236, "ProfPlus_7": 146, "pDevPlusBi": 61, "pProfPlusB": 38, "NTestedCoo": 1, "Begin_CntC": 0, "Develop__8": 0, "Prof_CntCo": 0, "Dist_CntCo": 0, "pBeginCoor": 0, "pDevelopCo": 0, "pProfCoord": 0, "pDistCoord": 0, "DevPlus__8": 0, "ProfPlus_8": 0, "pDevPlusCo": 0, "pProfPlusC": 0, "NTestedEco": 268, "Begin_Cn_5": 108, "Develop__9": 81, "Prof_CntEc": 65, "Dist_CntEc": 14, "pBeginEcon": 40, "pDevelopEc": 30, "pProfEcon": 24, "pDistEcon": 5, "DevPlus__9": 160, "ProfPlus_9": 79, "pDevPlusEc": 60, "pProfPlu_7": 30, "NTestedGeo": 343, "Begin_CntG": 131, "Develop_10": 112, "Prof_CntGe": 75, "Dist_CntGe": 25, "pBeginGeom": 38, "pDevelopGe": 33, "pProfGeome": 22, "pDistGeome": 7, "DevPlus_10": 212, "ProfPlus10": 100, "pDevPlusGe": 62, "pProfPlusG": 29, "NTestedLit": 380, "Begin_CntL": 63, "Develop_11": 119, "Prof_CntLi": 139, "Dist_CntLi": 59, "pBeginLit9": 17, "pDevelopLi": 31, "pProfLit9": 37, "pDistLit9": 16, "DevPlus_11": 317, "ProfPlus11": 198, "pDevPlusLi": 83, "pProfPlusL": 52, "NTestedPhy": 13, "Begin_CntP": 12, "Develop_12": 0, "Prof_CntPh": 1, "Dist_CntPh": 0, "pBeginPhys": 92, "pDevelopPh": 0, "pProfPhysS": 8, "pDistPhysS": 0, "DevPlus_12": 1, "ProfPlus12": 1, "pDevPlusPh": 8, "pProfPlusP": 8, "NTestedUSH": 281, "Begin_CntU": 75, "Develop_13": 93, "Prof_CntUS": 78, "Dist_CntUS": 35, "pBeginUSHi": 27, "pDevelopUS": 33, "pProfUSHis": 28, "pDistUSHis": 13, "DevPlus_13": 206, "ProfPlus13": 113, "pDevPlusUS": 73, "pProfPlusU": 40, "NDropout71": 41, "pNDropout7": 3, "Graduation": 84, "NUMBER_OF_": 261, "pHopeEligi": 30, "chENROLLME": 201, "pchENROLLM": 18.33, "chCCRPI": 3, "chpProfPlu": 0, "chpProfP_1": 0, "chpProfP_2": 0, "chpProfP_3": 0, "chpELA8": 0, "chpProfP_4": 0, "chpProfP_5": -12, "chpProfP_6": 15, "chpProfP_7": 0, "chpProfP_8": 0, "chpProfP_9": 0, "chpProfP10": 5, "chpProfP11": 0, "chpProfP12": 23, "chpProfP13": 0, "chpProfP14": -3, "GlobalID": "{DF5E1F55-C75B-4E85-814B-FAD77321B170}", "created_us": "opendata@arc", "created_da": "2020-03-25T00:00:00Z", "last_edite": "opendata@arc", "last_edi_1": "2020-03-25T00:00:00Z" }, "geometry": { "type": "Point", "coordinates": [ -84.362033195425425, 33.739835432680273 ] } },
{ "type": "Feature", "properties": { "OBJECTID": 2056, "SysSchool": 7610188, "GradeRange": "06-08", "SchoolAddr": "1461 Sylvan Rd SW", "SchoolCity": "Atlanta", "STATE": "GA", "SchoolZipC": "30310-4124", "MailAddres": "1461 Sylvan Rd SW", "MailCity": "Atlanta", "MailZipCod": "30310-4124", "PrincipalN": "Portee, Artesza", "PrincipalE": "aportee@atlanta.k12.ga.us", "SchoolPhon": "404.802.6200", "SchoolFax": "404.756.2290", "longitude": -84.418973, "latitude": 33.715131, "Year": 2019, "SchoolYear": "2018-19", "SystemID": 761, "SystemName": "Atlanta Public Schools", "SchoolID": 188, "SchoolName": "Sylvan Hills Middle School", "Type": "Middle School", "ENROLLMENT": 550, "ENROLL_PER": 0, "ENROLL_P_1": 0, "ENROLL_P_2": 97, "ENROLL_P_3": 2, "ENROLL_P_4": 1, "ENROLL_P_5": 0, "ENROLL_P_6": 0, "ENROLL_P_7": 100, "ENROLL_P_8": 17, "ENROLL_P_9": 1, "ENROLL_PCT": 0, "ENROLL_P10": 4, "direct_cer": 73, "pAbsent0_5": 46, "pAbsent6_1": 49, "pAbsent16P": 5, "Churn": 41, "TeacherCou": 42, "AvgExp": 8, "pYrsLt1": 14, "pYears1_10": 48, "pYears11_2": 26, "pYears21_3": 12, "pYearsGt30": 0, "Debt": 0, "GenAdmin": 0, "Instructio": 7361, "Support": 330, "Ops": 835, "Media": 212, "PServices": 472, "Capital": 0, "SchoolAdmi": 1357, "Food": 0, "Transport": 30, "TotalSpend": 10597, "CCRPI": 70, "ClimateSta": 4, "NTestedELA": 0, "Begin_CntE": 0, "Develop_Cn": 0, "Prof_CntEL": 0, "Dist_CntEL": 0, "pBeginELA3": 0, "pDevelopEL": 0, "pProfELA3": 0, "pDistELA3": 0, "DevPlus_Cn": 0, "ProfPlus_C": 0, "pDevPlusEL": 0, "pProfPlusE": 0, "NTestedE_1": 0, "Begin_Cn_1": 0, "Develop__1": 0, "Prof_Cnt_1": 0, "Dist_Cnt_1": 0, "pBeginELA5": 0, "pDevelop_1": 0, "pProfELA5": 0, "pDistELA5": 0, "DevPlus__1": 0, "ProfPlus_1": 0, "pDevPlus_1": 0, "pProfPlu_1": 0, "NTestedMat": 0, "Begin_CntM": 0, "Develop__2": 0, "Prof_CntMa": 0, "Dist_CntMa": 0, "pBeginMath": 0, "pDevelopMa": 0, "pProfMath3": 0, "pDistMath3": 0, "DevPlus__2": 0, "ProfPlus_2": 0, "pDevPlusMa": 0, "pProfPlusM": 0, "NTestedM_1": 0, "Begin_Cn_2": 0, "Develop__3": 0, "Prof_Cnt_2": 0, "Dist_Cnt_2": 0, "pBeginMa_1": 0, "pDevelop_2": 0, "pProfMath5": 0, "pDistMath5": 0, "DevPlus__3": 0, "ProfPlus_3": 0, "pDevPlus_2": 0, "pProfPlu_2": 0, "NTestedE_2": 169, "BeginELA8_": 58, "DevelopELA": 72, "ProfELA8_C": 38, "DistELA8_C": 1, "NTestedM_2": 168, "BeginMath8": 49, "DevelopMat": 74, "ProfMath8_": 36, "DistMath8_": 9, "pBeginELA8": 34, "pDevelop_3": 43, "pProfELA8": 23, "pDistELA8": 1, "pBeginMa_2": 29, "pDevelop_4": 44, "pProfMath8": 21, "pDistMath8": 5, "DevPlusELA": 111, "ProfPlusEL": 39, "pDevPlus_3": 66, "pProfPlu_3": 23, "DevPlusMat": 119, "ProfPlusMa": 45, "pDevPlus_4": 71, "pProfPlu_4": 27, "NTestedAlg": 0, "Begin_CntA": 0, "Develop__4": 0, "Prof_CntAl": 0, "Dist_CntAl": 0, "pBeginAlge": 0, "pDevelopAl": 0, "pProfAlgeb": 0, "pDistAlgeb": 0, "DevPlus__4": 0, "ProfPlus_4": 0, "pDevPlusAl": 0, "pProfPlusA": 0, "NTestedAmL": 0, "Begin_Cn_3": 0, "Develop__5": 0, "Prof_CntAm": 0, "Dist_CntAm": 0, "pBeginAmLi": 0, "pDevelopAm": 0, "pProfAmLit": 0, "pDistAmLit": 0, "DevPlus__5": 0, "ProfPlus_5": 0, "pDevPlusAm": 0, "pProfPlu_5": 0, "NTestedAna": 0, "Begin_Cn_4": 0, "Develop__6": 0, "Prof_CntAn": 0, "Dist_CntAn": 0, "pBeginAnal": 0, "pDevelopAn": 0, "pProfAnalG": 0, "pDistAnalG": 0, "DevPlus__6": 0, "ProfPlus_6": 0, "pDevPlusAn": 0, "pProfPlu_6": 0, "NTestedBio": 0, "Begin_CntB": 0, "Develop__7": 0, "Prof_CntBi": 0, "Dist_CntBi": 0, "pBeginBiol": 0, "pDevelopBi": 0, "pProfBiolo": 0, "pDistBiolo": 0, "DevPlus__7": 0, "ProfPlus_7": 0, "pDevPlusBi": 0, "pProfPlusB": 0, "NTestedCoo": 0, "Begin_CntC": 0, "Develop__8": 0, "Prof_CntCo": 0, "Dist_CntCo": 0, "pBeginCoor": 0, "pDevelopCo": 0, "pProfCoord": 0, "pDistCoord": 0, "DevPlus__8": 0, "ProfPlus_8": 0, "pDevPlusCo": 0, "pProfPlusC": 0, "NTestedEco": 0, "Begin_Cn_5": 0, "Develop__9": 0, "Prof_CntEc": 0, "Dist_CntEc": 0, "pBeginEcon": 0, "pDevelopEc": 0, "pProfEcon": 0, "pDistEcon": 0, "DevPlus__9": 0, "ProfPlus_9": 0, "pDevPlusEc": 0, "pProfPlu_7": 0, "NTestedGeo": 0, "Begin_CntG": 0, "Develop_10": 0, "Prof_CntGe": 0, "Dist_CntGe": 0, "pBeginGeom": 0, "pDevelopGe": 0, "pProfGeome": 0, "pDistGeome": 0, "DevPlus_10": 0, "ProfPlus10": 0, "pDevPlusGe": 0, "pProfPlusG": 0, "NTestedLit": 0, "Begin_CntL": 0, "Develop_11": 0, "Prof_CntLi": 0, "Dist_CntLi": 0, "pBeginLit9": 0, "pDevelopLi": 0, "pProfLit9": 0, "pDistLit9": 0, "DevPlus_11": 0, "ProfPlus11": 0, "pDevPlusLi": 0, "pProfPlusL": 0, "NTestedPhy": 0, "Begin_CntP": 0, "Develop_12": 0, "Prof_CntPh": 0, "Dist_CntPh": 0, "pBeginPhys": 0, "pDevelopPh": 0, "pProfPhysS": 0, "pDistPhysS": 0, "DevPlus_12": 0, "ProfPlus12": 0, "pDevPlusPh": 0, "pProfPlusP": 0, "NTestedUSH": 0, "Begin_CntU": 0, "Develop_13": 0, "Prof_CntUS": 0, "Dist_CntUS": 0, "pBeginUSHi": 0, "pDevelopUS": 0, "pProfUSHis": 0, "pDistUSHis": 0, "DevPlus_13": 0, "ProfPlus13": 0, "pDevPlusUS": 0, "pProfPlusU": 0, "NDropout71": 19, "pNDropout7": 4, "Graduation": 0, "NUMBER_OF_": 0, "pHopeEligi": 0, "chENROLLME": -20, "pchENROLLM": -3.5, "chCCRPI": 12, "chpProfPlu": 0, "chpProfP_1": 0, "chpProfP_2": 0, "chpProfP_3": 0, "chpELA8": 10, "chpProfP_4": 21, "chpProfP_5": 0, "chpProfP_6": 0, "chpProfP_7": 0, "chpProfP_8": 0, "chpProfP_9": 0, "chpProfP10": 0, "chpProfP11": 0, "chpProfP12": 0, "chpProfP13": 0, "chpProfP14": 0, "GlobalID": "{3FBA6A81-36CB-413D-8161-BF7693C13B7B}", "created_us": "opendata@arc", "created_da": "2020-03-25T00:00:00Z", "last_edite": "opendata@arc", "last_edi_1": "2020-03-25T00:00:00Z" }, "geometry": { "type": "Point", "coordinates": [ -84.4189772099446, 33.71513742587949 ] } },
{ "type": "Feature", "properties": { "OBJECTID": 2057, "SysSchool": 7610192, "GradeRange": "09-12", "SchoolAddr": "4111 Northside Pkwy NW", "SchoolCity": "Atlanta", "STATE": "GA", "SchoolZipC": "30327-3015", "MailAddres": "4111 Northside Pkwy NW", "MailCity": "Atlanta", "MailZipCod": "30327-3015", "PrincipalN": "Douglass, Curtis", "PrincipalE": "cwdouglass@atlanta.k12.ga.us", "SchoolPhon": "404.802.4700", "SchoolFax": "404.351.8763", "longitude": -84.445455, "latitude": 33.866748, "Year": 2019, "SchoolYear": "2018-19", "SystemID": 761, "SystemName": "Atlanta Public Schools", "SchoolID": 192, "SchoolName": "North Atlanta High School", "Type": "High School", "ENROLLMENT": 1978, "ENROLL_PER": 2, "ENROLL_P_1": 0, "ENROLL_P_2": 38, "ENROLL_P_3": 24, "ENROLL_P_4": 3, "ENROLL_P_5": 33, "ENROLL_P_6": 0, "ENROLL_P_7": 26, "ENROLL_P_8": 8, "ENROLL_P_9": 7, "ENROLL_PCT": 5, "ENROLL_P10": 29, "direct_cer": 16, "pAbsent0_5": 45, "pAbsent6_1": 38, "pAbsent16P": 17, "Churn": 13, "TeacherCou": 119, "AvgExp": 13, "pYrsLt1": 3, "pYears1_10": 37, "pYears11_2": 37, "pYears21_3": 23, "pYearsGt30": 0, "Debt": 0, "GenAdmin": 0, "Instructio": 6194, "Support": 329, "Ops": 700, "Media": 60, "PServices": 283, "Capital": 0, "SchoolAdmi": 712, "Food": 0, "Transport": 0, "TotalSpend": 8278, "CCRPI": 86, "ClimateSta": 4, "NTestedELA": 0, "Begin_CntE": 0, "Develop_Cn": 0, "Prof_CntEL": 0, "Dist_CntEL": 0, "pBeginELA3": 0, "pDevelopEL": 0, "pProfELA3": 0, "pDistELA3": 0, "DevPlus_Cn": 0, "ProfPlus_C": 0, "pDevPlusEL": 0, "pProfPlusE": 0, "NTestedE_1": 0, "Begin_Cn_1": 0, "Develop__1": 0, "Prof_Cnt_1": 0, "Dist_Cnt_1": 0, "pBeginELA5": 0, "pDevelop_1": 0, "pProfELA5": 0, "pDistELA5": 0, "DevPlus__1": 0, "ProfPlus_1": 0, "pDevPlus_1": 0, "pProfPlu_1": 0, "NTestedMat": 0, "Begin_CntM": 0, "Develop__2": 0, "Prof_CntMa": 0, "Dist_CntMa": 0, "pBeginMath": 0, "pDevelopMa": 0, "pProfMath3": 0, "pDistMath3": 0, "DevPlus__2": 0, "ProfPlus_2": 0, "pDevPlusMa": 0, "pProfPlusM": 0, "NTestedM_1": 0, "Begin_Cn_2": 0, "Develop__3": 0, "Prof_Cnt_2": 0, "Dist_Cnt_2": 0, "pBeginMa_1": 0, "pDevelop_2": 0, "pProfMath5": 0, "pDistMath5": 0, "DevPlus__3": 0, "ProfPlus_3": 0, "pDevPlus_2": 0, "pProfPlu_2": 0, "NTestedE_2": 0, "BeginELA8_": 0, "DevelopELA": 0, "ProfELA8_C": 0, "DistELA8_C": 0, "NTestedM_2": 0, "BeginMath8": 0, "DevelopMat": 0, "ProfMath8_": 0, "DistMath8_": 0, "pBeginELA8": 0, "pDevelop_3": 0, "pProfELA8": 0, "pDistELA8": 0, "pBeginMa_2": 0, "pDevelop_4": 0, "pProfMath8": 0, "pDistMath8": 0, "DevPlusELA": 0, "ProfPlusEL": 0, "pDevPlus_3": 0, "pProfPlu_3": 0, "DevPlusMat": 0, "ProfPlusMa": 0, "pDevPlus_4": 0, "pProfPlu_4": 0, "NTestedAlg": 456, "Begin_CntA": 121, "Develop__4": 135, "Prof_CntAl": 139, "Dist_CntAl": 61, "pBeginAlge": 27, "pDevelopAl": 30, "pProfAlgeb": 31, "pDistAlgeb": 13, "DevPlus__4": 335, "ProfPlus_4": 200, "pDevPlusAl": 74, "pProfPlusA": 44, "NTestedAmL": 533, "Begin_Cn_3": 69, "Develop__5": 134, "Prof_CntAm": 244, "Dist_CntAm": 86, "pBeginAmLi": 13, "pDevelopAm": 25, "pProfAmLit": 46, "pDistAmLit": 16, "DevPlus__5": 464, "ProfPlus_5": 330, "pDevPlusAm": 87, "pProfPlu_5": 62, "NTestedAna": 0, "Begin_Cn_4": 0, "Develop__6": 0, "Prof_CntAn": 0, "Dist_CntAn": 0, "pBeginAnal": 0, "pDevelopAn": 0, "pProfAnalG": 0, "pDistAnalG": 0, "DevPlus__6": 0, "ProfPlus_6": 0, "pDevPlusAn": 0, "pProfPlu_6": 0, "NTestedBio": 542, "Begin_CntB": 142, "Develop__7": 91, "Prof_CntBi": 172, "Dist_CntBi": 137, "pBeginBiol": 26, "pDevelopBi": 17, "pProfBiolo": 32, "pDistBiolo": 25, "DevPlus__7": 400, "ProfPlus_7": 309, "pDevPlusBi": 74, "pProfPlusB": 57, "NTestedCoo": 0, "Begin_CntC": 0, "Develop__8": 0, "Prof_CntCo": 0, "Dist_CntCo": 0, "pBeginCoor": 0, "pDevelopCo": 0, "pProfCoord": 0, "pDistCoord": 0, "DevPlus__8": 0, "ProfPlus_8": 0, "pDevPlusCo": 0, "pProfPlusC": 0, "NTestedEco": 540, "Begin_Cn_5": 126, "Develop__9": 151, "Prof_CntEc": 205, "Dist_CntEc": 58, "pBeginEcon": 23, "pDevelopEc": 28, "pProfEcon": 38, "pDistEcon": 11, "DevPlus__9": 414, "ProfPlus_9": 263, "pDevPlusEc": 77, "pProfPlu_7": 49, "NTestedGeo": 479, "Begin_CntG": 134, "Develop_10": 121, "Prof_CntGe": 130, "Dist_CntGe": 94, "pBeginGeom": 28, "pDevelopGe": 25, "pProfGeome": 27, "pDistGeome": 20, "DevPlus_10": 345, "ProfPlus10": 224, "pDevPlusGe": 72, "pProfPlusG": 47, "NTestedLit": 542, "Begin_CntL": 58, "Develop_11": 95, "Prof_CntLi": 228, "Dist_CntLi": 161, "pBeginLit9": 11, "pDevelopLi": 18, "pProfLit9": 42, "pDistLit9": 30, "DevPlus_11": 484, "ProfPlus11": 389, "pDevPlusLi": 89, "pProfPlusL": 72, "NTestedPhy": 27, "Begin_CntP": 12, "Develop_12": 8, "Prof_CntPh": 5, "Dist_CntPh": 2, "pBeginPhys": 44, "pDevelopPh": 30, "pProfPhysS": 19, "pDistPhysS": 7, "DevPlus_12": 15, "ProfPlus12": 7, "pDevPlusPh": 56, "pProfPlusP": 26, "NTestedUSH": 486, "Begin_CntU": 85, "Develop_13": 126, "Prof_CntUS": 183, "Dist_CntUS": 92, "pBeginUSHi": 18, "pDevelopUS": 26, "pProfUSHis": 38, "pDistUSHis": 19, "DevPlus_13": 401, "ProfPlus13": 275, "pDevPlusUS": 83, "pProfPlusU": 57, "NDropout71": 38, "pNDropout7": 2, "Graduation": 91, "NUMBER_OF_": 433, "pHopeEligi": 51, "chENROLLME": 244, "pchENROLLM": 14.07, "chCCRPI": 7, "chpProfPlu": 0, "chpProfP_1": 0, "chpProfP_2": 0, "chpProfP_3": 0, "chpELA8": 0, "chpProfP_4": 0, "chpProfP_5": 10, "chpProfP_6": 1, "chpProfP_7": 0, "chpProfP_8": 0, "chpProfP_9": 0, "chpProfP10": -5, "chpProfP11": 0, "chpProfP12": 16, "chpProfP13": 8, "chpProfP14": 7, "GlobalID": "{3555362F-8941-426D-8514-D3885E17DC43}", "created_us": "opendata@arc", "created_da": "2020-03-25T00:00:00Z", "last_edite": "opendata@arc", "last_edi_1": "2020-03-25T00:00:00Z" }, "geometry": { "type": "Point", "coordinates": [ -84.445459225618521, 33.866754456957459 ] } },
{ "type": "Feature", "properties": { "OBJECTID": 2058, "SysSchool": 7610196, "GradeRange": "PK-05", "SchoolAddr": "2326 Venetian Dr SW", "SchoolCity": "Atlanta", "STATE": "GA", "SchoolZipC": "30311-3336", "MailAddres": "2326 Venetian Dr SW", "MailCity": "Atlanta", "MailZipCod": "30311-3336", "PrincipalN": "Momon, Tiffany", "PrincipalE": "tmomon@atlanta.k12.ga.us", "SchoolPhon": "404.802.8100", "SchoolFax": "404.752.0798", "longitude": -84.465626, "latitude": 33.717244, "Year": 2019, "SchoolYear": "2018-19", "SystemID": 761, "SystemName": "Atlanta Public Schools", "SchoolID": 196, "SchoolName": "Cascade Elementary School", "Type": "Elementary School", "ENROLLMENT": 405, "ENROLL_PER": 0, "ENROLL_P_1": 0, "ENROLL_P_2": 99, "ENROLL_P_3": 1, "ENROLL_P_4": 0, "ENROLL_P_5": 0, "ENROLL_P_6": 0, "ENROLL_P_7": 100, "ENROLL_P_8": 14, "ENROLL_P_9": 7, "ENROLL_PCT": 7, "ENROLL_P10": 1, "direct_cer": 76, "pAbsent0_5": 41, "pAbsent6_1": 41, "pAbsent16P": 18, "Churn": 40, "TeacherCou": 35, "AvgExp": 12, "pYrsLt1": 11, "pYears1_10": 31, "pYears11_2": 40, "pYears21_3": 17, "pYearsGt30": 0, "Debt": 0, "GenAdmin": 0, "Instructio": 9036, "Support": 649, "Ops": 701, "Media": 206, "PServices": 652, "Capital": 0, "SchoolAdmi": 960, "Food": 0, "Transport": 102, "TotalSpend": 12305, "CCRPI": 45, "ClimateSta": 2, "NTestedELA": 72, "Begin_CntE": 50, "Develop_Cn": 17, "Prof_CntEL": 3, "Dist_CntEL": 2, "pBeginELA3": 69, "pDevelopEL": 24, "pProfELA3": 4, "pDistELA3": 3, "DevPlus_Cn": 22, "ProfPlus_C": 5, "pDevPlusEL": 31, "pProfPlusE": 7, "NTestedE_1": 61, "Begin_Cn_1": 31, "Develop__1": 19, "Prof_Cnt_1": 11, "Dist_Cnt_1": 0, "pBeginELA5": 51, "pDevelop_1": 31, "pProfELA5": 18, "pDistELA5": 0, "DevPlus__1": 30, "ProfPlus_1": 11, "pDevPlus_1": 49, "pProfPlu_1": 18, "NTestedMat": 74, "Begin_CntM": 37, "Develop__2": 25, "Prof_CntMa": 12, "Dist_CntMa": 0, "pBeginMath": 50, "pDevelopMa": 34, "pProfMath3": 16, "pDistMath3": 0, "DevPlus__2": 37, "ProfPlus_2": 12, "pDevPlusMa": 50, "pProfPlusM": 16, "NTestedM_1": 61, "Begin_Cn_2": 32, "Develop__3": 24, "Prof_Cnt_2": 5, "Dist_Cnt_2": 0, "pBeginMa_1": 53, "pDevelop_2": 39, "pProfMath5": 8, "pDistMath5": 0, "DevPlus__3": 29, "ProfPlus_3": 5, "pDevPlus_2": 48, "pProfPlu_2": 8, "NTestedE_2": 0, "BeginELA8_": 0, "DevelopELA": 0, "ProfELA8_C": 0, "DistELA8_C": 0, "NTestedM_2": 0, "BeginMath8": 0, "DevelopMat": 0, "ProfMath8_": 0, "DistMath8_": 0, "pBeginELA8": 0, "pDevelop_3": 0, "pProfELA8": 0, "pDistELA8": 0, "pBeginMa_2": 0, "pDevelop_4": 0, "pProfMath8": 0, "pDistMath8": 0, "DevPlusELA": 0, "ProfPlusEL": 0, "pDevPlus_3": 0, "pProfPlu_3": 0, "DevPlusMat": 0, "ProfPlusMa": 0, "pDevPlus_4": 0, "pProfPlu_4": 0, "NTestedAlg": 0, "Begin_CntA": 0, "Develop__4": 0, "Prof_CntAl": 0, "Dist_CntAl": 0, "pBeginAlge": 0, "pDevelopAl": 0, "pProfAlgeb": 0, "pDistAlgeb": 0, "DevPlus__4": 0, "ProfPlus_4": 0, "pDevPlusAl": 0, "pProfPlusA": 0, "NTestedAmL": 0, "Begin_Cn_3": 0, "Develop__5": 0, "Prof_CntAm": 0, "Dist_CntAm": 0, "pBeginAmLi": 0, "pDevelopAm": 0, "pProfAmLit": 0, "pDistAmLit": 0, "DevPlus__5": 0, "ProfPlus_5": 0, "pDevPlusAm": 0, "pProfPlu_5": 0, "NTestedAna": 0, "Begin_Cn_4": 0, "Develop__6": 0, "Prof_CntAn": 0, "Dist_CntAn": 0, "pBeginAnal": 0, "pDevelopAn": 0, "pProfAnalG": 0, "pDistAnalG": 0, "DevPlus__6": 0, "ProfPlus_6": 0, "pDevPlusAn": 0, "pProfPlu_6": 0, "NTestedBio": 0, "Begin_CntB": 0, "Develop__7": 0, "Prof_CntBi": 0, "Dist_CntBi": 0, "pBeginBiol": 0, "pDevelopBi": 0, "pProfBiolo": 0, "pDistBiolo": 0, "DevPlus__7": 0, "ProfPlus_7": 0, "pDevPlusBi": 0, "pProfPlusB": 0, "NTestedCoo": 0, "Begin_CntC": 0, "Develop__8": 0, "Prof_CntCo": 0, "Dist_CntCo": 0, "pBeginCoor": 0, "pDevelopCo": 0, "pProfCoord": 0, "pDistCoord": 0, "DevPlus__8": 0, "ProfPlus_8": 0, "pDevPlusCo": 0, "pProfPlusC": 0, "NTestedEco": 0, "Begin_Cn_5": 0, "Develop__9": 0, "Prof_CntEc": 0, "Dist_CntEc": 0, "pBeginEcon": 0, "pDevelopEc": 0, "pProfEcon": 0, "pDistEcon": 0, "DevPlus__9": 0, "ProfPlus_9": 0, "pDevPlusEc": 0, "pProfPlu_7": 0, "NTestedGeo": 0, "Begin_CntG": 0, "Develop_10": 0, "Prof_CntGe": 0, "Dist_CntGe": 0, "pBeginGeom": 0, "pDevelopGe": 0, "pProfGeome": 0, "pDistGeome": 0, "DevPlus_10": 0, "ProfPlus10": 0, "pDevPlusGe": 0, "pProfPlusG": 0, "NTestedLit": 0, "Begin_CntL": 0, "Develop_11": 0, "Prof_CntLi": 0, "Dist_CntLi": 0, "pBeginLit9": 0, "pDevelopLi": 0, "pProfLit9": 0, "pDistLit9": 0, "DevPlus_11": 0, "ProfPlus11": 0, "pDevPlusLi": 0, "pProfPlusL": 0, "NTestedPhy": 0, "Begin_CntP": 0, "Develop_12": 0, "Prof_CntPh": 0, "Dist_CntPh": 0, "pBeginPhys": 0, "pDevelopPh": 0, "pProfPhysS": 0, "pDistPhysS": 0, "DevPlus_12": 0, "ProfPlus12": 0, "pDevPlusPh": 0, "pProfPlusP": 0, "NTestedUSH": 0, "Begin_CntU": 0, "Develop_13": 0, "Prof_CntUS": 0, "Dist_CntUS": 0, "pBeginUSHi": 0, "pDevelopUS": 0, "pProfUSHis": 0, "pDistUSHis": 0, "DevPlus_13": 0, "ProfPlus13": 0, "pDevPlusUS": 0, "pProfPlusU": 0, "NDropout71": 0, "pNDropout7": 0, "Graduation": 0, "NUMBER_OF_": 0, "pHopeEligi": 0, "chENROLLME": -31, "pchENROLLM": -7.11, "chCCRPI": -13, "chpProfPlu": -6, "chpProfP_1": -3, "chpProfP_2": -7, "chpProfP_3": -19, "chpELA8": 0, "chpProfP_4": 0, "chpProfP_5": 0, "chpProfP_6": 0, "chpProfP_7": 0, "chpProfP_8": 0, "chpProfP_9": 0, "chpProfP10": 0, "chpProfP11": 0, "chpProfP12": 0, "chpProfP13": 0, "chpProfP14": 0, "GlobalID": "{C23A70E0-2C78-4EB0-8416-C5DF97075255}", "created_us": "opendata@arc", "created_da": "2020-03-25T00:00:00Z", "last_edite": "opendata@arc", "last_edi_1": "2020-03-25T00:00:00Z" }, "geometry": { "type": "Point", "coordinates": [ -84.465630224281909, 33.717250424772203 ] } },
{ "type": "Feature", "properties": { "OBJECTID": 2059, "SysSchool": 7610199, "GradeRange": "KK-08", "SchoolAddr": "531 Luckie St NW", "SchoolCity": "Atlanta", "STATE": "GA", "SchoolZipC": "30313-2401", "MailAddres": "531 Luckie St NW", "MailCity": "Atlanta", "MailZipCod": "30313-2401", "PrincipalN": "Lamar, Tequila", "PrincipalE": "tlamar@centennialacademycharter.org", "SchoolPhon": "404.802.8550", "SchoolFax": "404.853.4089", "longitude": -84.39511, "latitude": 33.769777, "Year": 2019, "SchoolYear": "2018-19", "SystemID": 761, "SystemName": "Atlanta Public Schools", "SchoolID": 199, "SchoolName": "Centennial Academy", "Type": "Elementary School", "ENROLLMENT": 812, "ENROLL_PER": 1, "ENROLL_P_1": 0, "ENROLL_P_2": 87, "ENROLL_P_3": 4, "ENROLL_P_4": 4, "ENROLL_P_5": 3, "ENROLL_P_6": 0, "ENROLL_P_7": 100, "ENROLL_P_8": 7, "ENROLL_P_9": 5, "ENROLL_PCT": 3, "ENROLL_P10": 9, "direct_cer": 48, "pAbsent0_5": 51, "pAbsent6_1": 38, "pAbsent16P": 11, "Churn": 26, "TeacherCou": 68, "AvgExp": 6, "pYrsLt1": 27, "pYears1_10": 53, "pYears11_2": 19, "pYears21_3": 2, "pYearsGt30": 0, "Debt": 0, "GenAdmin": 0, "Instructio": 12782, "Support": 0, "Ops": 0, "Media": 0, "PServices": 0, "Capital": 0, "SchoolAdmi": 0, "Food": 0, "Transport": 2, "TotalSpend": 12784, "CCRPI": 81, "ClimateSta": 2, "NTestedELA": 102, "Begin_CntE": 23, "Develop_Cn": 41, "Prof_CntEL": 27, "Dist_CntEL": 11, "pBeginELA3": 23, "pDevelopEL": 40, "pProfELA3": 27, "pDistELA3": 11, "DevPlus_Cn": 79, "ProfPlus_C": 38, "pDevPlusEL": 78, "pProfPlusE": 37, "NTestedE_1": 89, "Begin_Cn_1": 19, "Develop__1": 28, "Prof_Cnt_1": 38, "Dist_Cnt_1": 4, "pBeginELA5": 21, "pDevelop_1": 32, "pProfELA5": 43, "pDistELA5": 5, "DevPlus__1": 70, "ProfPlus_1": 42, "pDevPlus_1": 79, "pProfPlu_1": 47, "NTestedMat": 102, "Begin_CntM": 13, "Develop__2": 35, "Prof_CntMa": 43, "Dist_CntMa": 11, "pBeginMath": 13, "pDevelopMa": 34, "pProfMath3": 42, "pDistMath3": 11, "DevPlus__2": 89, "ProfPlus_2": 54, "pDevPlusMa": 87, "pProfPlusM": 53, "NTestedM_1": 89, "Begin_Cn_2": 18, "Develop__3": 47, "Prof_Cnt_2": 13, "Dist_Cnt_2": 11, "pBeginMa_1": 20, "pDevelop_2": 53, "pProfMath5": 15, "pDistMath5": 12, "DevPlus__3": 71, "ProfPlus_3": 24, "pDevPlus_2": 80, "pProfPlu_2": 27, "NTestedE_2": 63, "BeginELA8_": 11, "DevelopELA": 29, "ProfELA8_C": 21, "DistELA8_C": 2, "NTestedM_2": 63, "BeginMath8": 17, "DevelopMat": 37, "ProfMath8_": 9, "DistMath8_": 0, "pBeginELA8": 18, "pDevelop_3": 46, "pProfELA8": 33, "pDistELA8": 3, "pBeginMa_2": 27, "pDevelop_4": 59, "pProfMath8": 14, "pDistMath8": 0, "DevPlusELA": 52, "ProfPlusEL": 23, "pDevPlus_3": 83, "pProfPlu_3": 37, "DevPlusMat": 46, "ProfPlusMa": 9, "pDevPlus_4": 73, "pProfPlu_4": 14, "NTestedAlg": 0, "Begin_CntA": 0, "Develop__4": 0, "Prof_CntAl": 0, "Dist_CntAl": 0, "pBeginAlge": 0, "pDevelopAl": 0, "pProfAlgeb": 0, "pDistAlgeb": 0, "DevPlus__4": 0, "ProfPlus_4": 0, "pDevPlusAl": 0, "pProfPlusA": 0, "NTestedAmL": 0, "Begin_Cn_3": 0, "Develop__5": 0, "Prof_CntAm": 0, "Dist_CntAm": 0, "pBeginAmLi": 0, "pDevelopAm": 0, "pProfAmLit": 0, "pDistAmLit": 0, "DevPlus__5": 0, "ProfPlus_5": 0, "pDevPlusAm": 0, "pProfPlu_5": 0, "NTestedAna": 0, "Begin_Cn_4": 0, "Develop__6": 0, "Prof_CntAn": 0, "Dist_CntAn": 0, "pBeginAnal": 0, "pDevelopAn": 0, "pProfAnalG": 0, "pDistAnalG": 0, "DevPlus__6": 0, "ProfPlus_6": 0, "pDevPlusAn": 0, "pProfPlu_6": 0, "NTestedBio": 0, "Begin_CntB": 0, "Develop__7": 0, "Prof_CntBi": 0, "Dist_CntBi": 0, "pBeginBiol": 0, "pDevelopBi": 0, "pProfBiolo": 0, "pDistBiolo": 0, "DevPlus__7": 0, "ProfPlus_7": 0, "pDevPlusBi": 0, "pProfPlusB": 0, "NTestedCoo": 0, "Begin_CntC": 0, "Develop__8": 0, "Prof_CntCo": 0, "Dist_CntCo": 0, "pBeginCoor": 0, "pDevelopCo": 0, "pProfCoord": 0, "pDistCoord": 0, "DevPlus__8": 0, "ProfPlus_8": 0, "pDevPlusCo": 0, "pProfPlusC": 0, "NTestedEco": 0, "Begin_Cn_5": 0, "Develop__9": 0, "Prof_CntEc": 0, "Dist_CntEc": 0, "pBeginEcon": 0, "pDevelopEc": 0, "pProfEcon": 0, "pDistEcon": 0, "DevPlus__9": 0, "ProfPlus_9": 0, "pDevPlusEc": 0, "pProfPlu_7": 0, "NTestedGeo": 0, "Begin_CntG": 0, "Develop_10": 0, "Prof_CntGe": 0, "Dist_CntGe": 0, "pBeginGeom": 0, "pDevelopGe": 0, "pProfGeome": 0, "pDistGeome": 0, "DevPlus_10": 0, "ProfPlus10": 0, "pDevPlusGe": 0, "pProfPlusG": 0, "NTestedLit": 0, "Begin_CntL": 0, "Develop_11": 0, "Prof_CntLi": 0, "Dist_CntLi": 0, "pBeginLit9": 0, "pDevelopLi": 0, "pProfLit9": 0, "pDistLit9": 0, "DevPlus_11": 0, "ProfPlus11": 0, "pDevPlusLi": 0, "pProfPlusL": 0, "NTestedPhy": 0, "Begin_CntP": 0, "Develop_12": 0, "Prof_CntPh": 0, "Dist_CntPh": 0, "pBeginPhys": 0, "pDevelopPh": 0, "pProfPhysS": 0, "pDistPhysS": 0, "DevPlus_12": 0, "ProfPlus12": 0, "pDevPlusPh": 0, "pProfPlusP": 0, "NTestedUSH": 0, "Begin_CntU": 0, "Develop_13": 0, "Prof_CntUS": 0, "Dist_CntUS": 0, "pBeginUSHi": 0, "pDevelopUS": 0, "pProfUSHis": 0, "pDistUSHis": 0, "DevPlus_13": 0, "ProfPlus13": 0, "pDevPlusUS": 0, "pProfPlusU": 0, "NDropout71": 0, "pNDropout7": 0, "Graduation": 0, "NUMBER_OF_": 0, "pHopeEligi": 0, "chENROLLME": 62, "pchENROLLM": 8.26, "chCCRPI": 25, "chpProfPlu": 22, "chpProfP_1": 38, "chpProfP_2": 10, "chpProfP_3": -6, "chpELA8": 0, "chpProfP_4": 0, "chpProfP_5": 0, "chpProfP_6": 0, "chpProfP_7": 0, "chpProfP_8": 0, "chpProfP_9": 0, "chpProfP10": 0, "chpProfP11": 0, "chpProfP12": 0, "chpProfP13": 0, "chpProfP14": 0, "GlobalID": "{849D1C1E-EBDE-4DEF-A07B-42924C3F083E}", "created_us": "opendata@arc", "created_da": "2020-03-25T00:00:00Z", "last_edite": "opendata@arc", "last_edi_1": "2020-03-25T00:00:00Z" }, "geometry": { "type": "Point", "coordinates": [ -84.395114206430407, 33.769783438758303 ] } },
{ "type": "Feature", "properties": { "OBJECTID": 2060, "SysSchool": 7610201, "GradeRange": "PK-05", "SchoolAddr": "301 E Lake Blvd SE", "SchoolCity": "Atlanta", "STATE": "GA", "SchoolZipC": "30317-3152", "MailAddres": "301 E Lake Blvd SE", "MailCity": "Atlanta", "MailZipCod": "30317-3152", "PrincipalN": "Oneill, Monishae", "PrincipalE": "monisahe.oneill@drewcharterschool.org", "SchoolPhon": "404.687.0001", "SchoolFax": "404.687.0480", "longitude": -84.314935, "latitude": 33.744978, "Year": 2019, "SchoolYear": "2018-19", "SystemID": 761, "SystemName": "Atlanta Public Schools", "SchoolID": 201, "SchoolName": "Charles R. Drew Charter School", "Type": "Elementary School", "ENROLLMENT": 906, "ENROLL_PER": 1, "ENROLL_P_1": 0, "ENROLL_P_2": 65, "ENROLL_P_3": 3, "ENROLL_P_4": 5, "ENROLL_P_5": 27, "ENROLL_P_6": 0, "ENROLL_P_7": 38, "ENROLL_P_8": 5, "ENROLL_P_9": 0, "ENROLL_PCT": 0, "ENROLL_P10": 16, "direct_cer": 20, "pAbsent0_5": 63, "pAbsent6_1": 34, "pAbsent16P": 4, "Churn": 1, "TeacherCou": 80, "AvgExp": 11, "pYrsLt1": 4, "pYears1_10": 50, "pYears11_2": 33, "pYears21_3": 14, "pYearsGt30": 0, "Debt": 0, "GenAdmin": 0, "Instructio": 14641, "Support": 0, "Ops": 0, "Media": 0, "PServices": 0, "Capital": 0, "SchoolAdmi": 0, "Food": 0, "Transport": 0, "TotalSpend": 14641, "CCRPI": 97, "ClimateSta": 4, "NTestedELA": 144, "Begin_CntE": 9, "Develop_Cn": 37, "Prof_CntEL": 46, "Dist_CntEL": 52, "pBeginELA3": 6, "pDevelopEL": 26, "pProfELA3": 32, "pDistELA3": 36, "DevPlus_Cn": 135, "ProfPlus_C": 98, "pDevPlusEL": 94, "pProfPlusE": 68, "NTestedE_1": 140, "Begin_Cn_1": 7, "Develop__1": 31, "Prof_Cnt_1": 66, "Dist_Cnt_1": 36, "pBeginELA5": 5, "pDevelop_1": 22, "pProfELA5": 47, "pDistELA5": 26, "DevPlus__1": 133, "ProfPlus_1": 102, "pDevPlus_1": 95, "pProfPlu_1": 73, "NTestedMat": 144, "Begin_CntM": 4, "Develop__2": 20, "Prof_CntMa": 71, "Dist_CntMa": 49, "pBeginMath": 3, "pDevelopMa": 14, "pProfMath3": 49, "pDistMath3": 34, "DevPlus__2": 140, "ProfPlus_2": 120, "pDevPlusMa": 97, "pProfPlusM": 83, "NTestedM_1": 140, "Begin_Cn_2": 4, "Develop__3": 29, "Prof_Cnt_2": 59, "Dist_Cnt_2": 48, "pBeginMa_1": 3, "pDevelop_2": 21, "pProfMath5": 42, "pDistMath5": 34, "DevPlus__3": 136, "ProfPlus_3": 107, "pDevPlus_2": 97, "pProfPlu_2": 76, "NTestedE_2": 0, "BeginELA8_": 0, "DevelopELA": 0, "ProfELA8_C": 0, "DistELA8_C": 0, "NTestedM_2": 0, "BeginMath8": 0, "DevelopMat": 0, "ProfMath8_": 0, "DistMath8_": 0, "pBeginELA8": 0, "pDevelop_3": 0, "pProfELA8": 0, "pDistELA8": 0, "pBeginMa_2": 0, "pDevelop_4": 0, "pProfMath8": 0, "pDistMath8": 0, "DevPlusELA": 0, "ProfPlusEL": 0, "pDevPlus_3": 0, "pProfPlu_3": 0, "DevPlusMat": 0, "ProfPlusMa": 0, "pDevPlus_4": 0, "pProfPlu_4": 0, "NTestedAlg": 0, "Begin_CntA": 0, "Develop__4": 0, "Prof_CntAl": 0, "Dist_CntAl": 0, "pBeginAlge": 0, "pDevelopAl": 0, "pProfAlgeb": 0, "pDistAlgeb": 0, "DevPlus__4": 0, "ProfPlus_4": 0, "pDevPlusAl": 0, "pProfPlusA": 0, "NTestedAmL": 0, "Begin_Cn_3": 0, "Develop__5": 0, "Prof_CntAm": 0, "Dist_CntAm": 0, "pBeginAmLi": 0, "pDevelopAm": 0, "pProfAmLit": 0, "pDistAmLit": 0, "DevPlus__5": 0, "ProfPlus_5": 0, "pDevPlusAm": 0, "pProfPlu_5": 0, "NTestedAna": 0, "Begin_Cn_4": 0, "Develop__6": 0, "Prof_CntAn": 0, "Dist_CntAn": 0, "pBeginAnal": 0, "pDevelopAn": 0, "pProfAnalG": 0, "pDistAnalG": 0, "DevPlus__6": 0, "ProfPlus_6": 0, "pDevPlusAn": 0, "pProfPlu_6": 0, "NTestedBio": 0, "Begin_CntB": 0, "Develop__7": 0, "Prof_CntBi": 0, "Dist_CntBi": 0, "pBeginBiol": 0, "pDevelopBi": 0, "pProfBiolo": 0, "pDistBiolo": 0, "DevPlus__7": 0, "ProfPlus_7": 0, "pDevPlusBi": 0, "pProfPlusB": 0, "NTestedCoo": 0, "Begin_CntC": 0, "Develop__8": 0, "Prof_CntCo": 0, "Dist_CntCo": 0, "pBeginCoor": 0, "pDevelopCo": 0, "pProfCoord": 0, "pDistCoord": 0, "DevPlus__8": 0, "ProfPlus_8": 0, "pDevPlusCo": 0, "pProfPlusC": 0, "NTestedEco": 0, "Begin_Cn_5": 0, "Develop__9": 0, "Prof_CntEc": 0, "Dist_CntEc": 0, "pBeginEcon": 0, "pDevelopEc": 0, "pProfEcon": 0, "pDistEcon": 0, "DevPlus__9": 0, "ProfPlus_9": 0, "pDevPlusEc": 0, "pProfPlu_7": 0, "NTestedGeo": 0, "Begin_CntG": 0, "Develop_10": 0, "Prof_CntGe": 0, "Dist_CntGe": 0, "pBeginGeom": 0, "pDevelopGe": 0, "pProfGeome": 0, "pDistGeome": 0, "DevPlus_10": 0, "ProfPlus10": 0, "pDevPlusGe": 0, "pProfPlusG": 0, "NTestedLit": 0, "Begin_CntL": 0, "Develop_11": 0, "Prof_CntLi": 0, "Dist_CntLi": 0, "pBeginLit9": 0, "pDevelopLi": 0, "pProfLit9": 0, "pDistLit9": 0, "DevPlus_11": 0, "ProfPlus11": 0, "pDevPlusLi": 0, "pProfPlusL": 0, "NTestedPhy": 0, "Begin_CntP": 0, "Develop_12": 0, "Prof_CntPh": 0, "Dist_CntPh": 0, "pBeginPhys": 0, "pDevelopPh": 0, "pProfPhysS": 0, "pDistPhysS": 0, "DevPlus_12": 0, "ProfPlus12": 0, "pDevPlusPh": 0, "pProfPlusP": 0, "NTestedUSH": 0, "Begin_CntU": 0, "Develop_13": 0, "Prof_CntUS": 0, "Dist_CntUS": 0, "pBeginUSHi": 0, "pDevelopUS": 0, "pProfUSHis": 0, "pDistUSHis": 0, "DevPlus_13": 0, "ProfPlus13": 0, "pDevPlusUS": 0, "pProfPlusU": 0, "NDropout71": 0, "pNDropout7": 0, "Graduation": 0, "NUMBER_OF_": 0, "pHopeEligi": 0, "chENROLLME": -26, "pchENROLLM": -2.78, "chCCRPI": 13, "chpProfPlu": 13, "chpProfP_1": 26, "chpProfP_2": 18, "chpProfP_3": 31, "chpELA8": 0, "chpProfP_4": 0, "chpProfP_5": 0, "chpProfP_6": 0, "chpProfP_7": 0, "chpProfP_8": 0, "chpProfP_9": 0, "chpProfP10": 0, "chpProfP11": 0, "chpProfP12": 0, "chpProfP13": 0, "chpProfP14": 0, "GlobalID": "{261F0D92-9ADA-493A-B5B4-502A893677CC}", "created_us": "opendata@arc", "created_da": "2020-03-25T00:00:00Z", "last_edite": "opendata@arc", "last_edi_1": "2020-03-25T00:00:00Z" }, "geometry": { "type": "Point", "coordinates": [ -84.314939181945476, 33.744984435680443 ] } },
{ "type": "Feature", "properties": { "OBJECTID": 2061, "SysSchool": 7610206, "GradeRange": "06-08", "SchoolAddr": "820 Essie Ave SE", "SchoolCity": "Atlanta", "STATE": "GA", "SchoolZipC": "30316-2425", "MailAddres": "820 Essie Ave SE", "MailCity": "Atlanta", "MailZipCod": "30316-2425", "PrincipalN": "Goodgame, Cathey", "PrincipalE": "cgoodgame@atlncs.org", "SchoolPhon": "678.904.0051", "SchoolFax": "404.624.9907", "longitude": -84.355163, "latitude": 33.732385, "Year": 2019, "SchoolYear": "2018-19", "SystemID": 761, "SystemName": "Atlanta Public Schools", "SchoolID": 206, "SchoolName": "Atlanta Neighborhood Charter - Middle", "Type": "Middle School", "ENROLLMENT": 232, "ENROLL_PER": 1, "ENROLL_P_1": 0, "ENROLL_P_2": 25, "ENROLL_P_3": 6, "ENROLL_P_4": 7, "ENROLL_P_5": 62, "ENROLL_P_6": 0, "ENROLL_P_7": 17, "ENROLL_P_8": 16, "ENROLL_P_9": 2, "ENROLL_PCT": 1, "ENROLL_P10": 0, "direct_cer": 10, "pAbsent0_5": 72, "pAbsent6_1": 26, "pAbsent16P": 2, "Churn": 3, "TeacherCou": 24, "AvgExp": 11, "pYrsLt1": 0, "pYears1_10": 50, "pYears11_2": 46, "pYears21_3": 0, "pYearsGt30": 4, "Debt": 0, "GenAdmin": 0, "Instructio": 16701, "Support": 0, "Ops": 308, "Media": 0, "PServices": 0, "Capital": 0, "SchoolAdmi": 0, "Food": 0, "Transport": 0, "TotalSpend": 17009, "CCRPI": 78, "ClimateSta": 4, "NTestedELA": 0, "Begin_CntE": 0, "Develop_Cn": 0, "Prof_CntEL": 0, "Dist_CntEL": 0, "pBeginELA3": 0, "pDevelopEL": 0, "pProfELA3": 0, "pDistELA3": 0, "DevPlus_Cn": 0, "ProfPlus_C": 0, "pDevPlusEL": 0, "pProfPlusE": 0, "NTestedE_1": 0, "Begin_Cn_1": 0, "Develop__1": 0, "Prof_Cnt_1": 0, "Dist_Cnt_1": 0, "pBeginELA5": 0, "pDevelop_1": 0, "pProfELA5": 0, "pDistELA5": 0, "DevPlus__1": 0, "ProfPlus_1": 0, "pDevPlus_1": 0, "pProfPlu_1": 0, "NTestedMat": 0, "Begin_CntM": 0, "Develop__2": 0, "Prof_CntMa": 0, "Dist_CntMa": 0, "pBeginMath": 0, "pDevelopMa": 0, "pProfMath3": 0, "pDistMath3": 0, "DevPlus__2": 0, "ProfPlus_2": 0, "pDevPlusMa": 0, "pProfPlusM": 0, "NTestedM_1": 0, "Begin_Cn_2": 0, "Develop__3": 0, "Prof_Cnt_2": 0, "Dist_Cnt_2": 0, "pBeginMa_1": 0, "pDevelop_2": 0, "pProfMath5": 0, "pDistMath5": 0, "DevPlus__3": 0, "ProfPlus_3": 0, "pDevPlus_2": 0, "pProfPlu_2": 0, "NTestedE_2": 74, "BeginELA8_": 5, "DevelopELA": 18, "ProfELA8_C": 31, "DistELA8_C": 20, "NTestedM_2": 74, "BeginMath8": 12, "DevelopMat": 32, "ProfMath8_": 17, "DistMath8_": 13, "pBeginELA8": 7, "pDevelop_3": 24, "pProfELA8": 42, "pDistELA8": 27, "pBeginMa_2": 16, "pDevelop_4": 43, "pProfMath8": 23, "pDistMath8": 18, "DevPlusELA": 69, "ProfPlusEL": 51, "pDevPlus_3": 93, "pProfPlu_3": 69, "DevPlusMat": 62, "ProfPlusMa": 30, "pDevPlus_4": 84, "pProfPlu_4": 41, "NTestedAlg": 18, "Begin_CntA": 0, "Develop__4": 0, "Prof_CntAl": 8, "Dist_CntAl": 10, "pBeginAlge": 0, "pDevelopAl": 0, "pProfAlgeb": 44, "pDistAlgeb": 56, "DevPlus__4": 18, "ProfPlus_4": 18, "pDevPlusAl": 100, "pProfPlusA": 100, "NTestedAmL": 0, "Begin_Cn_3": 0, "Develop__5": 0, "Prof_CntAm": 0, "Dist_CntAm": 0, "pBeginAmLi": 0, "pDevelopAm": 0, "pProfAmLit": 0, "pDistAmLit": 0, "DevPlus__5": 0, "ProfPlus_5": 0, "pDevPlusAm": 0, "pProfPlu_5": 0, "NTestedAna": 0, "Begin_Cn_4": 0, "Develop__6": 0, "Prof_CntAn": 0, "Dist_CntAn": 0, "pBeginAnal": 0, "pDevelopAn": 0, "pProfAnalG": 0, "pDistAnalG": 0, "DevPlus__6": 0, "ProfPlus_6": 0, "pDevPlusAn": 0, "pProfPlu_6": 0, "NTestedBio": 0, "Begin_CntB": 0, "Develop__7": 0, "Prof_CntBi": 0, "Dist_CntBi": 0, "pBeginBiol": 0, "pDevelopBi": 0, "pProfBiolo": 0, "pDistBiolo": 0, "DevPlus__7": 0, "ProfPlus_7": 0, "pDevPlusBi": 0, "pProfPlusB": 0, "NTestedCoo": 0, "Begin_CntC": 0, "Develop__8": 0, "Prof_CntCo": 0, "Dist_CntCo": 0, "pBeginCoor": 0, "pDevelopCo": 0, "pProfCoord": 0, "pDistCoord": 0, "DevPlus__8": 0, "ProfPlus_8": 0, "pDevPlusCo": 0, "pProfPlusC": 0, "NTestedEco": 0, "Begin_Cn_5": 0, "Develop__9": 0, "Prof_CntEc": 0, "Dist_CntEc": 0, "pBeginEcon": 0, "pDevelopEc": 0, "pProfEcon": 0, "pDistEcon": 0, "DevPlus__9": 0, "ProfPlus_9": 0, "pDevPlusEc": 0, "pProfPlu_7": 0, "NTestedGeo": 0, "Begin_CntG": 0, "Develop_10": 0, "Prof_CntGe": 0, "Dist_CntGe": 0, "pBeginGeom": 0, "pDevelopGe": 0, "pProfGeome": 0, "pDistGeome": 0, "DevPlus_10": 0, "ProfPlus10": 0, "pDevPlusGe": 0, "pProfPlusG": 0, "NTestedLit": 0, "Begin_CntL": 0, "Develop_11": 0, "Prof_CntLi": 0, "Dist_CntLi": 0, "pBeginLit9": 0, "pDevelopLi": 0, "pProfLit9": 0, "pDistLit9": 0, "DevPlus_11": 0, "ProfPlus11": 0, "pDevPlusLi": 0, "pProfPlusL": 0, "NTestedPhy": 0, "Begin_CntP": 0, "Develop_12": 0, "Prof_CntPh": 0, "Dist_CntPh": 0, "pBeginPhys": 0, "pDevelopPh": 0, "pProfPhysS": 0, "pDistPhysS": 0, "DevPlus_12": 0, "ProfPlus12": 0, "pDevPlusPh": 0, "pProfPlusP": 0, "NTestedUSH": 0, "Begin_CntU": 0, "Develop_13": 0, "Prof_CntUS": 0, "Dist_CntUS": 0, "pBeginUSHi": 0, "pDevelopUS": 0, "pProfUSHis": 0, "pDistUSHis": 0, "DevPlus_13": 0, "ProfPlus13": 0, "pDevPlusUS": 0, "pProfPlusU": 0, "NDropout71": 0, "pNDropout7": 0, "Graduation": 0, "NUMBER_OF_": 0, "pHopeEligi": 0, "chENROLLME": -5, "pchENROLLM": -2.1, "chCCRPI": 6, "chpProfPlu": 0, "chpProfP_1": 0, "chpProfP_2": 0, "chpProfP_3": 0, "chpELA8": 24, "chpProfP_4": 0, "chpProfP_5": 0, "chpProfP_6": 0, "chpProfP_7": 0, "chpProfP_8": 0, "chpProfP_9": 0, "chpProfP10": 0, "chpProfP11": 0, "chpProfP12": 0, "chpProfP13": 0, "chpProfP14": 0, "GlobalID": "{722459E2-AAE0-4D14-9D9A-03A544BF576D}", "created_us": "opendata@arc", "created_da": "2020-03-25T00:00:00Z", "last_edite": "opendata@arc", "last_edi_1": "2020-03-25T00:00:00Z" }, "geometry": { "type": "Point", "coordinates": [ -84.35516719204584, 33.732391432090296 ] } },
{ "type": "Feature", "properties": { "OBJECTID": 2062, "SysSchool": 7610207, "GradeRange": "02-12", "SchoolAddr": "690 Courtenay Dr NE", "SchoolCity": "Atlanta", "STATE": "GA", "SchoolZipC": "30306-3421", "MailAddres": "690 Courtenay Dr NE", "MailCity": "Atlanta", "MailZipCod": "30306-3421", "PrincipalN": "Kennedy, Christina Nicole", "PrincipalE": "ckennedy@hside.org", "SchoolPhon": "404.875.4551", "SchoolFax": " ", "longitude": -84.364327, "latitude": 33.789958, "Year": 2019, "SchoolYear": "2018-19", "SystemID": 761, "SystemName": "Atlanta Public Schools", "SchoolID": 207, "SchoolName": "Hillside Conant School", "Type": "K12", "ENROLLMENT": 59, "ENROLL_PER": 0, "ENROLL_P_1": 0, "ENROLL_P_2": 41, "ENROLL_P_3": 8, "ENROLL_P_4": 5, "ENROLL_P_5": 46, "ENROLL_P_6": 0, "ENROLL_P_7": 100, "ENROLL_P_8": 66, "ENROLL_P_9": 0, "ENROLL_PCT": 0, "ENROLL_P10": 0, "direct_cer": 95, "pAbsent0_5": 100, "pAbsent6_1": 0, "pAbsent16P": 0, "Churn": 481, "TeacherCou": 12, "AvgExp": 10, "pYrsLt1": 8, "pYears1_10": 42, "pYears11_2": 42, "pYears21_3": 8, "pYearsGt30": 0, "Debt": 0, "GenAdmin": 0, "Instructio": 13608, "Support": 9939, "Ops": 0, "Media": 0, "PServices": 0, "Capital": 0, "SchoolAdmi": 0, "Food": 0, "Transport": 0, "TotalSpend": 23547, "CCRPI": 0, "ClimateSta": 0, "NTestedELA": 3, "Begin_CntE": 0, "Develop_Cn": 0, "Prof_CntEL": 0, "Dist_CntEL": 0, "pBeginELA3": 0, "pDevelopEL": 0, "pProfELA3": 0, "pDistELA3": 0, "DevPlus_Cn": 0, "ProfPlus_C": 0, "pDevPlusEL": 0, "pProfPlusE": 0, "NTestedE_1": 3, "Begin_Cn_1": 0, "Develop__1": 0, "Prof_Cnt_1": 0, "Dist_Cnt_1": 0, "pBeginELA5": 0, "pDevelop_1": 0, "pProfELA5": 0, "pDistELA5": 0, "DevPlus__1": 0, "ProfPlus_1": 0, "pDevPlus_1": 0, "pProfPlu_1": 0, "NTestedMat": 3, "Begin_CntM": 0, "Develop__2": 0, "Prof_CntMa": 0, "Dist_CntMa": 0, "pBeginMath": 0, "pDevelopMa": 0, "pProfMath3": 0, "pDistMath3": 0, "DevPlus__2": 0, "ProfPlus_2": 0, "pDevPlusMa": 0, "pProfPlusM": 0, "NTestedM_1": 4, "Begin_Cn_2": 0, "Develop__3": 0, "Prof_Cnt_2": 0, "Dist_Cnt_2": 0, "pBeginMa_1": 0, "pDevelop_2": 0, "pProfMath5": 0, "pDistMath5": 0, "DevPlus__3": 0, "ProfPlus_3": 0, "pDevPlus_2": 0, "pProfPlu_2": 0, "NTestedE_2": 11, "BeginELA8_": 5, "DevelopELA": 3, "ProfELA8_C": 3, "DistELA8_C": 0, "NTestedM_2": 11, "BeginMath8": 6, "DevelopMat": 4, "ProfMath8_": 1, "DistMath8_": 0, "pBeginELA8": 46, "pDevelop_3": 27, "pProfELA8": 27, "pDistELA8": 0, "pBeginMa_2": 55, "pDevelop_4": 36, "pProfMath8": 9, "pDistMath8": 0, "DevPlusELA": 6, "ProfPlusEL": 3, "pDevPlus_3": 55, "pProfPlu_3": 27, "DevPlusMat": 5, "ProfPlusMa": 1, "pDevPlus_4": 46, "pProfPlu_4": 9, "NTestedAlg": 7, "Begin_CntA": 0, "Develop__4": 0, "Prof_CntAl": 0, "Dist_CntAl": 0, "pBeginAlge": 0, "pDevelopAl": 0, "pProfAlgeb": 0, "pDistAlgeb": 0, "DevPlus__4": 0, "ProfPlus_4": 0, "pDevPlusAl": 0, "pProfPlusA": 0, "NTestedAmL": 2, "Begin_Cn_3": 0, "Develop__5": 0, "Prof_CntAm": 0, "Dist_CntAm": 0, "pBeginAmLi": 0, "pDevelopAm": 0, "pProfAmLit": 0, "pDistAmLit": 0, "DevPlus__5": 0, "ProfPlus_5": 0, "pDevPlusAm": 0, "pProfPlu_5": 0, "NTestedAna": 0, "Begin_Cn_4": 0, "Develop__6": 0, "Prof_CntAn": 0, "Dist_CntAn": 0, "pBeginAnal": 0, "pDevelopAn": 0, "pProfAnalG": 0, "pDistAnalG": 0, "DevPlus__6": 0, "ProfPlus_6": 0, "pDevPlusAn": 0, "pProfPlu_6": 0, "NTestedBio": 7, "Begin_CntB": 0, "Develop__7": 0, "Prof_CntBi": 0, "Dist_CntBi": 0, "pBeginBiol": 0, "pDevelopBi": 0, "pProfBiolo": 0, "pDistBiolo": 0, "DevPlus__7": 0, "ProfPlus_7": 0, "pDevPlusBi": 0, "pProfPlusB": 0, "NTestedCoo": 0, "Begin_CntC": 0, "Develop__8": 0, "Prof_CntCo": 0, "Dist_CntCo": 0, "pBeginCoor": 0, "pDevelopCo": 0, "pProfCoord": 0, "pDistCoord": 0, "DevPlus__8": 0, "ProfPlus_8": 0, "pDevPlusCo": 0, "pProfPlusC": 0, "NTestedEco": 5, "Begin_Cn_5": 0, "Develop__9": 0, "Prof_CntEc": 0, "Dist_CntEc": 0, "pBeginEcon": 0, "pDevelopEc": 0, "pProfEcon": 0, "pDistEcon": 0, "DevPlus__9": 0, "ProfPlus_9": 0, "pDevPlusEc": 0, "pProfPlu_7": 0, "NTestedGeo": 5, "Begin_CntG": 0, "Develop_10": 0, "Prof_CntGe": 0, "Dist_CntGe": 0, "pBeginGeom": 0, "pDevelopGe": 0, "pProfGeome": 0, "pDistGeome": 0, "DevPlus_10": 0, "ProfPlus10": 0, "pDevPlusGe": 0, "pProfPlusG": 0, "NTestedLit": 8, "Begin_CntL": 0, "Develop_11": 0, "Prof_CntLi": 0, "Dist_CntLi": 0, "pBeginLit9": 0, "pDevelopLi": 0, "pProfLit9": 0, "pDistLit9": 0, "DevPlus_11": 0, "ProfPlus11": 0, "pDevPlusLi": 0, "pProfPlusL": 0, "NTestedPhy": 2, "Begin_CntP": 0, "Develop_12": 0, "Prof_CntPh": 0, "Dist_CntPh": 0, "pBeginPhys": 0, "pDevelopPh": 0, "pProfPhysS": 0, "pDistPhysS": 0, "DevPlus_12": 0, "ProfPlus12": 0, "pDevPlusPh": 0, "pProfPlusP": 0, "NTestedUSH": 0, "Begin_CntU": 0, "Develop_13": 0, "Prof_CntUS": 0, "Dist_CntUS": 0, "pBeginUSHi": 0, "pDevelopUS": 0, "pProfUSHis": 0, "pDistUSHis": 0, "DevPlus_13": 0, "ProfPlus13": 0, "pDevPlusUS": 0, "pProfPlusU": 0, "NDropout71": 13, "pNDropout7": 8, "Graduation": 0, "NUMBER_OF_": 0, "pHopeEligi": 0, "chENROLLME": -7, "pchENROLLM": -10.6, "chCCRPI": 0, "chpProfPlu": 0, "chpProfP_1": 0, "chpProfP_2": 0, "chpProfP_3": 0, "chpELA8": 18, "chpProfP_4": 0, "chpProfP_5": 0, "chpProfP_6": 0, "chpProfP_7": 0, "chpProfP_8": 0, "chpProfP_9": 0, "chpProfP10": 0, "chpProfP11": 0, "chpProfP12": 0, "chpProfP13": 0, "chpProfP14": 0, "GlobalID": "{90F48557-530C-40A3-8C73-36F38C1AC171}", "created_us": "opendata@arc", "created_da": "2020-03-25T00:00:00Z", "last_edite": "opendata@arc", "last_edi_1": "2020-03-25T00:00:00Z" }, "geometry": { "type": "Point", "coordinates": [ -84.364331198211616, 33.789964444137425 ] } },
{ "type": "Feature", "properties": { "OBJECTID": 2063, "SysSchool": 7610212, "GradeRange": "09-12", "SchoolAddr": "98 Anderson Ave NW", "SchoolCity": "Atlanta", "STATE": "GA", "SchoolZipC": "30314-1820", "MailAddres": "98 Anderson Ave NW", "MailCity": "Atlanta", "MailZipCod": "30314-1820", "PrincipalN": "Perry, Chanika", "PrincipalE": "cperry@kippatlantacollegiate.org", "SchoolPhon": "404.326.4858", "SchoolFax": " ", "longitude": -84.450997, "latitude": 33.756108, "Year": 2019, "SchoolYear": "2018-19", "SystemID": 761, "SystemName": "Atlanta Public Schools", "SchoolID": 212, "SchoolName": "KIPP Atlanta Collegiate Academy", "Type": "High School", "ENROLLMENT": 775, "ENROLL_PER": 0, "ENROLL_P_1": 0, "ENROLL_P_2": 97, "ENROLL_P_3": 2, "ENROLL_P_4": 1, "ENROLL_P_5": 0, "ENROLL_P_6": 0, "ENROLL_P_7": 100, "ENROLL_P_8": 14, "ENROLL_P_9": 0, "ENROLL_PCT": 0, "ENROLL_P10": 0, "direct_cer": 51, "pAbsent0_5": 34, "pAbsent6_1": 43, "pAbsent16P": 23, "Churn": 14, "TeacherCou": 62, "AvgExp": 8, "pYrsLt1": 3, "pYears1_10": 71, "pYears11_2": 19, "pYears21_3": 5, "pYearsGt30": 2, "Debt": 0, "GenAdmin": 0, "Instructio": 11336, "Support": 0, "Ops": 0, "Media": 0, "PServices": 0, "Capital": 0, "SchoolAdmi": 0, "Food": 0, "Transport": 0, "TotalSpend": 11336, "CCRPI": 67, "ClimateSta": 3, "NTestedELA": 0, "Begin_CntE": 0, "Develop_Cn": 0, "Prof_CntEL": 0, "Dist_CntEL": 0, "pBeginELA3": 0, "pDevelopEL": 0, "pProfELA3": 0, "pDistELA3": 0, "DevPlus_Cn": 0, "ProfPlus_C": 0, "pDevPlusEL": 0, "pProfPlusE": 0, "NTestedE_1": 0, "Begin_Cn_1": 0, "Develop__1": 0, "Prof_Cnt_1": 0, "Dist_Cnt_1": 0, "pBeginELA5": 0, "pDevelop_1": 0, "pProfELA5": 0, "pDistELA5": 0, "DevPlus__1": 0, "ProfPlus_1": 0, "pDevPlus_1": 0, "pProfPlu_1": 0, "NTestedMat": 0, "Begin_CntM": 0, "Develop__2": 0, "Prof_CntMa": 0, "Dist_CntMa": 0, "pBeginMath": 0, "pDevelopMa": 0, "pProfMath3": 0, "pDistMath3": 0, "DevPlus__2": 0, "ProfPlus_2": 0, "pDevPlusMa": 0, "pProfPlusM": 0, "NTestedM_1": 0, "Begin_Cn_2": 0, "Develop__3": 0, "Prof_Cnt_2": 0, "Dist_Cnt_2": 0, "pBeginMa_1": 0, "pDevelop_2": 0, "pProfMath5": 0, "pDistMath5": 0, "DevPlus__3": 0, "ProfPlus_3": 0, "pDevPlus_2": 0, "pProfPlu_2": 0, "NTestedE_2": 0, "BeginELA8_": 0, "DevelopELA": 0, "ProfELA8_C": 0, "DistELA8_C": 0, "NTestedM_2": 0, "BeginMath8": 0, "DevelopMat": 0, "ProfMath8_": 0, "DistMath8_": 0, "pBeginELA8": 0, "pDevelop_3": 0, "pProfELA8": 0, "pDistELA8": 0, "pBeginMa_2": 0, "pDevelop_4": 0, "pProfMath8": 0, "pDistMath8": 0, "DevPlusELA": 0, "ProfPlusEL": 0, "pDevPlus_3": 0, "pProfPlu_3": 0, "DevPlusMat": 0, "ProfPlusMa": 0, "pDevPlus_4": 0, "pProfPlu_4": 0, "NTestedAlg": 256, "Begin_CntA": 136, "Develop__4": 94, "Prof_CntAl": 24, "Dist_CntAl": 2, "pBeginAlge": 53, "pDevelopAl": 37, "pProfAlgeb": 9, "pDistAlgeb": 1, "DevPlus__4": 120, "ProfPlus_4": 26, "pDevPlusAl": 47, "pProfPlusA": 10, "NTestedAmL": 166, "Begin_Cn_3": 32, "Develop__5": 69, "Prof_CntAm": 63, "Dist_CntAm": 2, "pBeginAmLi": 19, "pDevelopAm": 42, "pProfAmLit": 38, "pDistAmLit": 1, "DevPlus__5": 134, "ProfPlus_5": 65, "pDevPlusAm": 81, "pProfPlu_5": 39, "NTestedAna": 0, "Begin_Cn_4": 0, "Develop__6": 0, "Prof_CntAn": 0, "Dist_CntAn": 0, "pBeginAnal": 0, "pDevelopAn": 0, "pProfAnalG": 0, "pDistAnalG": 0, "DevPlus__6": 0, "ProfPlus_6": 0, "pDevPlusAn": 0, "pProfPlu_6": 0, "NTestedBio": 244, "Begin_CntB": 128, "Develop__7": 66, "Prof_CntBi": 48, "Dist_CntBi": 2, "pBeginBiol": 53, "pDevelopBi": 27, "pProfBiolo": 20, "pDistBiolo": 1, "DevPlus__7": 116, "ProfPlus_7": 50, "pDevPlusBi": 48, "pProfPlusB": 21, "NTestedCoo": 0, "Begin_CntC": 0, "Develop__8": 0, "Prof_CntCo": 0, "Dist_CntCo": 0, "pBeginCoor": 0, "pDevelopCo": 0, "pProfCoord": 0, "pDistCoord": 0, "DevPlus__8": 0, "ProfPlus_8": 0, "pDevPlusCo": 0, "pProfPlusC": 0, "NTestedEco": 129, "Begin_Cn_5": 15, "Develop__9": 46, "Prof_CntEc": 60, "Dist_CntEc": 8, "pBeginEcon": 12, "pDevelopEc": 36, "pProfEcon": 47, "pDistEcon": 6, "DevPlus__9": 114, "ProfPlus_9": 68, "pDevPlusEc": 88, "pProfPlu_7": 53, "NTestedGeo": 178, "Begin_CntG": 64, "Develop_10": 76, "Prof_CntGe": 33, "Dist_CntGe": 5, "pBeginGeom": 36, "pDevelopGe": 43, "pProfGeome": 19, "pDistGeome": 3, "DevPlus_10": 114, "ProfPlus10": 38, "pDevPlusGe": 64, "pProfPlusG": 21, "NTestedLit": 256, "Begin_CntL": 61, "Develop_11": 84, "Prof_CntLi": 101, "Dist_CntLi": 10, "pBeginLit9": 24, "pDevelopLi": 33, "pProfLit9": 40, "pDistLit9": 4, "DevPlus_11": 195, "ProfPlus11": 111, "pDevPlusLi": 76, "pProfPlusL": 43, "NTestedPhy": 5, "Begin_CntP": 0, "Develop_12": 0, "Prof_CntPh": 0, "Dist_CntPh": 0, "pBeginPhys": 0, "pDevelopPh": 0, "pProfPhysS": 0, "pDistPhysS": 0, "DevPlus_12": 0, "ProfPlus12": 0, "pDevPlusPh": 0, "pProfPlusP": 0, "NTestedUSH": 162, "Begin_CntU": 31, "Develop_13": 72, "Prof_CntUS": 53, "Dist_CntUS": 6, "pBeginUSHi": 19, "pDevelopUS": 44, "pProfUSHis": 33, "pDistUSHis": 4, "DevPlus_13": 131, "ProfPlus13": 59, "pDevPlusUS": 81, "pProfPlusU": 36, "NDropout71": 32, "pNDropout7": 4, "Graduation": 86, "NUMBER_OF_": 141, "pHopeEligi": 36, "chENROLLME": 137, "pchENROLLM": 21.47, "chCCRPI": -9, "chpProfPlu": 0, "chpProfP_1": 0, "chpProfP_2": 0, "chpProfP_3": 0, "chpELA8": 0, "chpProfP_4": 0, "chpProfP_5": 0, "chpProfP_6": 12, "chpProfP_7": 0, "chpProfP_8": 0, "chpProfP_9": 0, "chpProfP10": 13, "chpProfP11": 0, "chpProfP12": 15, "chpProfP13": 0, "chpProfP14": -12, "GlobalID": "{893CC013-DF8E-4D6E-B674-BDDBEAAF19E2}", "created_us": "opendata@arc", "created_da": "2020-03-25T00:00:00Z", "last_edite": "opendata@arc", "last_edi_1": "2020-03-25T00:00:00Z" }, "geometry": { "type": "Point", "coordinates": [ -84.451001220965466, 33.756114433712717 ] } },
{ "type": "Feature", "properties": { "OBJECTID": 2064, "SysSchool": 7610213, "GradeRange": "KK-04", "SchoolAddr": "1448 Lucile Ave SW", "SchoolCity": "Atlanta", "STATE": "GA", "SchoolZipC": "30310-1217", "MailAddres": "1448 Lucile Ave SW", "MailCity": "Atlanta", "MailZipCod": "30310-1217", "PrincipalN": "Ramdhanie, Lakeesha", "PrincipalE": "lramdhanie@kippstriveprimary.org", "SchoolPhon": "404.924.6310", "SchoolFax": " ", "longitude": -84.434716, "latitude": 33.741996, "Year": 2019, "SchoolYear": "2018-19", "SystemID": 761, "SystemName": "Atlanta Public Schools", "SchoolID": 213, "SchoolName": "KIPP Strive Primary", "Type": "Elementary School", "ENROLLMENT": 506, "ENROLL_PER": 0, "ENROLL_P_1": 0, "ENROLL_P_2": 96, "ENROLL_P_3": 2, "ENROLL_P_4": 1, "ENROLL_P_5": 1, "ENROLL_P_6": 0, "ENROLL_P_7": 100, "ENROLL_P_8": 3, "ENROLL_P_9": 0, "ENROLL_PCT": 0, "ENROLL_P10": 0, "direct_cer": 51, "pAbsent0_5": 46, "pAbsent6_1": 43, "pAbsent16P": 12, "Churn": 5, "TeacherCou": 29, "AvgExp": 3, "pYrsLt1": 3, "pYears1_10": 97, "pYears11_2": 0, "pYears21_3": 0, "pYearsGt30": 0, "Debt": 0, "GenAdmin": 0, "Instructio": 11173, "Support": 0, "Ops": 0, "Media": 0, "PServices": 0, "Capital": 0, "SchoolAdmi": 0, "Food": 0, "Transport": 0, "TotalSpend": 11173, "CCRPI": 74, "ClimateSta": 3, "NTestedELA": 99, "Begin_CntE": 25, "Develop_Cn": 34, "Prof_CntEL": 28, "Dist_CntEL": 12, "pBeginELA3": 25, "pDevelopEL": 34, "pProfELA3": 28, "pDistELA3": 12, "DevPlus_Cn": 74, "ProfPlus_C": 40, "pDevPlusEL": 75, "pProfPlusE": 40, "NTestedE_1": 0, "Begin_Cn_1": 0, "Develop__1": 0, "Prof_Cnt_1": 0, "Dist_Cnt_1": 0, "pBeginELA5": 0, "pDevelop_1": 0, "pProfELA5": 0, "pDistELA5": 0, "DevPlus__1": 0, "ProfPlus_1": 0, "pDevPlus_1": 0, "pProfPlu_1": 0, "NTestedMat": 99, "Begin_CntM": 23, "Develop__2": 32, "Prof_CntMa": 37, "Dist_CntMa": 7, "pBeginMath": 23, "pDevelopMa": 32, "pProfMath3": 37, "pDistMath3": 7, "DevPlus__2": 76, "ProfPlus_2": 44, "pDevPlusMa": 77, "pProfPlusM": 45, "NTestedM_1": 0, "Begin_Cn_2": 0, "Develop__3": 0, "Prof_Cnt_2": 0, "Dist_Cnt_2": 0, "pBeginMa_1": 0, "pDevelop_2": 0, "pProfMath5": 0, "pDistMath5": 0, "DevPlus__3": 0, "ProfPlus_3": 0, "pDevPlus_2": 0, "pProfPlu_2": 0, "NTestedE_2": 0, "BeginELA8_": 0, "DevelopELA": 0, "ProfELA8_C": 0, "DistELA8_C": 0, "NTestedM_2": 0, "BeginMath8": 0, "DevelopMat": 0, "ProfMath8_": 0, "DistMath8_": 0, "pBeginELA8": 0, "pDevelop_3": 0, "pProfELA8": 0, "pDistELA8": 0, "pBeginMa_2": 0, "pDevelop_4": 0, "pProfMath8": 0, "pDistMath8": 0, "DevPlusELA": 0, "ProfPlusEL": 0, "pDevPlus_3": 0, "pProfPlu_3": 0, "DevPlusMat": 0, "ProfPlusMa": 0, "pDevPlus_4": 0, "pProfPlu_4": 0, "NTestedAlg": 0, "Begin_CntA": 0, "Develop__4": 0, "Prof_CntAl": 0, "Dist_CntAl": 0, "pBeginAlge": 0, "pDevelopAl": 0, "pProfAlgeb": 0, "pDistAlgeb": 0, "DevPlus__4": 0, "ProfPlus_4": 0, "pDevPlusAl": 0, "pProfPlusA": 0, "NTestedAmL": 0, "Begin_Cn_3": 0, "Develop__5": 0, "Prof_CntAm": 0, "Dist_CntAm": 0, "pBeginAmLi": 0, "pDevelopAm": 0, "pProfAmLit": 0, "pDistAmLit": 0, "DevPlus__5": 0, "ProfPlus_5": 0, "pDevPlusAm": 0, "pProfPlu_5": 0, "NTestedAna": 0, "Begin_Cn_4": 0, "Develop__6": 0, "Prof_CntAn": 0, "Dist_CntAn": 0, "pBeginAnal": 0, "pDevelopAn": 0, "pProfAnalG": 0, "pDistAnalG": 0, "DevPlus__6": 0, "ProfPlus_6": 0, "pDevPlusAn": 0, "pProfPlu_6": 0, "NTestedBio": 0, "Begin_CntB": 0, "Develop__7": 0, "Prof_CntBi": 0, "Dist_CntBi": 0, "pBeginBiol": 0, "pDevelopBi": 0, "pProfBiolo": 0, "pDistBiolo": 0, "DevPlus__7": 0, "ProfPlus_7": 0, "pDevPlusBi": 0, "pProfPlusB": 0, "NTestedCoo": 0, "Begin_CntC": 0, "Develop__8": 0, "Prof_CntCo": 0, "Dist_CntCo": 0, "pBeginCoor": 0, "pDevelopCo": 0, "pProfCoord": 0, "pDistCoord": 0, "DevPlus__8": 0, "ProfPlus_8": 0, "pDevPlusCo": 0, "pProfPlusC": 0, "NTestedEco": 0, "Begin_Cn_5": 0, "Develop__9": 0, "Prof_CntEc": 0, "Dist_CntEc": 0, "pBeginEcon": 0, "pDevelopEc": 0, "pProfEcon": 0, "pDistEcon": 0, "DevPlus__9": 0, "ProfPlus_9": 0, "pDevPlusEc": 0, "pProfPlu_7": 0, "NTestedGeo": 0, "Begin_CntG": 0, "Develop_10": 0, "Prof_CntGe": 0, "Dist_CntGe": 0, "pBeginGeom": 0, "pDevelopGe": 0, "pProfGeome": 0, "pDistGeome": 0, "DevPlus_10": 0, "ProfPlus10": 0, "pDevPlusGe": 0, "pProfPlusG": 0, "NTestedLit": 0, "Begin_CntL": 0, "Develop_11": 0, "Prof_CntLi": 0, "Dist_CntLi": 0, "pBeginLit9": 0, "pDevelopLi": 0, "pProfLit9": 0, "pDistLit9": 0, "DevPlus_11": 0, "ProfPlus11": 0, "pDevPlusLi": 0, "pProfPlusL": 0, "NTestedPhy": 0, "Begin_CntP": 0, "Develop_12": 0, "Prof_CntPh": 0, "Dist_CntPh": 0, "pBeginPhys": 0, "pDevelopPh": 0, "pProfPhysS": 0, "pDistPhysS": 0, "DevPlus_12": 0, "ProfPlus12": 0, "pDevPlusPh": 0, "pProfPlusP": 0, "NTestedUSH": 0, "Begin_CntU": 0, "Develop_13": 0, "Prof_CntUS": 0, "Dist_CntUS": 0, "pBeginUSHi": 0, "pDevelopUS": 0, "pProfUSHis": 0, "pDistUSHis": 0, "DevPlus_13": 0, "ProfPlus13": 0, "pDevPlusUS": 0, "pProfPlusU": 0, "NDropout71": 0, "pNDropout7": 0, "Graduation": 0, "NUMBER_OF_": 0, "pHopeEligi": 0, "chENROLLME": 73, "pchENROLLM": 16.85, "chCCRPI": 0, "chpProfPlu": -4, "chpProfP_1": 4, "chpProfP_2": 0, "chpProfP_3": 0, "chpELA8": 0, "chpProfP_4": 0, "chpProfP_5": 0, "chpProfP_6": 0, "chpProfP_7": 0, "chpProfP_8": 0, "chpProfP_9": 0, "chpProfP10": 0, "chpProfP11": 0, "chpProfP12": 0, "chpProfP13": 0, "chpProfP14": 0, "GlobalID": "{B0FE1B59-22EB-404C-AF83-469B95A99267}", "created_us": "opendata@arc", "created_da": "2020-03-25T00:00:00Z", "last_edite": "opendata@arc", "last_edi_1": "2020-03-25T00:00:00Z" }, "geometry": { "type": "Point", "coordinates": [ -84.434720215841509, 33.742002430900563 ] } },
{ "type": "Feature", "properties": { "OBJECTID": 2065, "SysSchool": 7610214, "GradeRange": "KK-04", "SchoolAddr": "660 McWilliams Rd SE", "SchoolCity": "Atlanta", "STATE": "GA", "SchoolZipC": "30315-7544", "MailAddres": "660 McWilliams Rd SE", "MailCity": "Atlanta", "MailZipCod": "30315-7544", "PrincipalN": "Walker, Terra", "PrincipalE": " ", "SchoolPhon": "404.537.5252", "SchoolFax": " ", "longitude": -84.36702, "latitude": 33.689626, "Year": 2019, "SchoolYear": "2018-19", "SystemID": 761, "SystemName": "Atlanta Public Schools", "SchoolID": 214, "SchoolName": "KIPP Vision Primary", "Type": "Elementary School", "ENROLLMENT": 498, "ENROLL_PER": 0, "ENROLL_P_1": 0, "ENROLL_P_2": 96, "ENROLL_P_3": 4, "ENROLL_P_4": 0, "ENROLL_P_5": 0, "ENROLL_P_6": 0, "ENROLL_P_7": 100, "ENROLL_P_8": 7, "ENROLL_P_9": 2, "ENROLL_PCT": 2, "ENROLL_P10": 0, "direct_cer": 65, "pAbsent0_5": 37, "pAbsent6_1": 44, "pAbsent16P": 20, "Churn": 3, "TeacherCou": 28, "AvgExp": 5, "pYrsLt1": 7, "pYears1_10": 79, "pYears11_2": 14, "pYears21_3": 0, "pYearsGt30": 0, "Debt": 0, "GenAdmin": 0, "Instructio": 11804, "Support": 0, "Ops": 0, "Media": 0, "PServices": 0, "Capital": 0, "SchoolAdmi": 0, "Food": 0, "Transport": 0, "TotalSpend": 11804, "CCRPI": 77, "ClimateSta": 3, "NTestedELA": 92, "Begin_CntE": 32, "Develop_Cn": 33, "Prof_CntEL": 23, "Dist_CntEL": 4, "pBeginELA3": 35, "pDevelopEL": 36, "pProfELA3": 25, "pDistELA3": 4, "DevPlus_Cn": 60, "ProfPlus_C": 27, "pDevPlusEL": 65, "pProfPlusE": 29, "NTestedE_1": 0, "Begin_Cn_1": 0, "Develop__1": 0, "Prof_Cnt_1": 0, "Dist_Cnt_1": 0, "pBeginELA5": 0, "pDevelop_1": 0, "pProfELA5": 0, "pDistELA5": 0, "DevPlus__1": 0, "ProfPlus_1": 0, "pDevPlus_1": 0, "pProfPlu_1": 0, "NTestedMat": 92, "Begin_CntM": 18, "Develop__2": 43, "Prof_CntMa": 25, "Dist_CntMa": 6, "pBeginMath": 20, "pDevelopMa": 47, "pProfMath3": 27, "pDistMath3": 7, "DevPlus__2": 74, "ProfPlus_2": 31, "pDevPlusMa": 80, "pProfPlusM": 34, "NTestedM_1": 0, "Begin_Cn_2": 0, "Develop__3": 0, "Prof_Cnt_2": 0, "Dist_Cnt_2": 0, "pBeginMa_1": 0, "pDevelop_2": 0, "pProfMath5": 0, "pDistMath5": 0, "DevPlus__3": 0, "ProfPlus_3": 0, "pDevPlus_2": 0, "pProfPlu_2": 0, "NTestedE_2": 0, "BeginELA8_": 0, "DevelopELA": 0, "ProfELA8_C": 0, "DistELA8_C": 0, "NTestedM_2": 0, "BeginMath8": 0, "DevelopMat": 0, "ProfMath8_": 0, "DistMath8_": 0, "pBeginELA8": 0, "pDevelop_3": 0, "pProfELA8": 0, "pDistELA8": 0, "pBeginMa_2": 0, "pDevelop_4": 0, "pProfMath8": 0, "pDistMath8": 0, "DevPlusELA": 0, "ProfPlusEL": 0, "pDevPlus_3": 0, "pProfPlu_3": 0, "DevPlusMat": 0, "ProfPlusMa": 0, "pDevPlus_4": 0, "pProfPlu_4": 0, "NTestedAlg": 0, "Begin_CntA": 0, "Develop__4": 0, "Prof_CntAl": 0, "Dist_CntAl": 0, "pBeginAlge": 0, "pDevelopAl": 0, "pProfAlgeb": 0, "pDistAlgeb": 0, "DevPlus__4": 0, "ProfPlus_4": 0, "pDevPlusAl": 0, "pProfPlusA": 0, "NTestedAmL": 0, "Begin_Cn_3": 0, "Develop__5": 0, "Prof_CntAm": 0, "Dist_CntAm": 0, "pBeginAmLi": 0, "pDevelopAm": 0, "pProfAmLit": 0, "pDistAmLit": 0, "DevPlus__5": 0, "ProfPlus_5": 0, "pDevPlusAm": 0, "pProfPlu_5": 0, "NTestedAna": 0, "Begin_Cn_4": 0, "Develop__6": 0, "Prof_CntAn": 0, "Dist_CntAn": 0, "pBeginAnal": 0, "pDevelopAn": 0, "pProfAnalG": 0, "pDistAnalG": 0, "DevPlus__6": 0, "ProfPlus_6": 0, "pDevPlusAn": 0, "pProfPlu_6": 0, "NTestedBio": 0, "Begin_CntB": 0, "Develop__7": 0, "Prof_CntBi": 0, "Dist_CntBi": 0, "pBeginBiol": 0, "pDevelopBi": 0, "pProfBiolo": 0, "pDistBiolo": 0, "DevPlus__7": 0, "ProfPlus_7": 0, "pDevPlusBi": 0, "pProfPlusB": 0, "NTestedCoo": 0, "Begin_CntC": 0, "Develop__8": 0, "Prof_CntCo": 0, "Dist_CntCo": 0, "pBeginCoor": 0, "pDevelopCo": 0, "pProfCoord": 0, "pDistCoord": 0, "DevPlus__8": 0, "ProfPlus_8": 0, "pDevPlusCo": 0, "pProfPlusC": 0, "NTestedEco": 0, "Begin_Cn_5": 0, "Develop__9": 0, "Prof_CntEc": 0, "Dist_CntEc": 0, "pBeginEcon": 0, "pDevelopEc": 0, "pProfEcon": 0, "pDistEcon": 0, "DevPlus__9": 0, "ProfPlus_9": 0, "pDevPlusEc": 0, "pProfPlu_7": 0, "NTestedGeo": 0, "Begin_CntG": 0, "Develop_10": 0, "Prof_CntGe": 0, "Dist_CntGe": 0, "pBeginGeom": 0, "pDevelopGe": 0, "pProfGeome": 0, "pDistGeome": 0, "DevPlus_10": 0, "ProfPlus10": 0, "pDevPlusGe": 0, "pProfPlusG": 0, "NTestedLit": 0, "Begin_CntL": 0, "Develop_11": 0, "Prof_CntLi": 0, "Dist_CntLi": 0, "pBeginLit9": 0, "pDevelopLi": 0, "pProfLit9": 0, "pDistLit9": 0, "DevPlus_11": 0, "ProfPlus11": 0, "pDevPlusLi": 0, "pProfPlusL": 0, "NTestedPhy": 0, "Begin_CntP": 0, "Develop_12": 0, "Prof_CntPh": 0, "Dist_CntPh": 0, "pBeginPhys": 0, "pDevelopPh": 0, "pProfPhysS": 0, "pDistPhysS": 0, "DevPlus_12": 0, "ProfPlus12": 0, "pDevPlusPh": 0, "pProfPlusP": 0, "NTestedUSH": 0, "Begin_CntU": 0, "Develop_13": 0, "Prof_CntUS": 0, "Dist_CntUS": 0, "pBeginUSHi": 0, "pDevelopUS": 0, "pProfUSHis": 0, "pDistUSHis": 0, "DevPlus_13": 0, "ProfPlus13": 0, "pDevPlusUS": 0, "pProfPlusU": 0, "NDropout71": 0, "pNDropout7": 0, "Graduation": 0, "NUMBER_OF_": 0, "pHopeEligi": 0, "chENROLLME": 188, "pchENROLLM": 60.64, "chCCRPI": 0, "chpProfPlu": 0, "chpProfP_1": 0, "chpProfP_2": 0, "chpProfP_3": 0, "chpELA8": 0, "chpProfP_4": 0, "chpProfP_5": 0, "chpProfP_6": 0, "chpProfP_7": 0, "chpProfP_8": 0, "chpProfP_9": 0, "chpProfP10": 0, "chpProfP11": 0, "chpProfP12": 0, "chpProfP13": 0, "chpProfP14": 0, "GlobalID": "{8154B823-FA4C-4EC8-98D8-F8684D47A42A}", "created_us": "opendata@arc", "created_da": "2020-03-25T00:00:00Z", "last_edite": "opendata@arc", "last_edi_1": "2020-03-25T00:00:00Z" }, "geometry": { "type": "Point", "coordinates": [ -84.367024193821493, 33.689632422291176 ] } },
{ "type": "Feature", "properties": { "OBJECTID": 2066, "SysSchool": 7610215, "GradeRange": "KK-04", "SchoolAddr": "350 Temple St NW", "SchoolCity": "Atlanta", "STATE": "GA", "SchoolZipC": "30314-2721", "MailAddres": "350 Temple St NW", "MailCity": "Atlanta", "MailZipCod": "30314-2721", "PrincipalN": "Archibald, Audrianna", "PrincipalE": " ", "SchoolPhon": "404.924.6310", "SchoolFax": " ", "longitude": -84.422724, "latitude": 33.764531, "Year": 2019, "SchoolYear": "2018-19", "SystemID": 761, "SystemName": "Atlanta Public Schools", "SchoolID": 215, "SchoolName": "Kipp WAYS Primary School", "Type": "Elementary School", "ENROLLMENT": 505, "ENROLL_PER": 0, "ENROLL_P_1": 1, "ENROLL_P_2": 98, "ENROLL_P_3": 1, "ENROLL_P_4": 1, "ENROLL_P_5": 0, "ENROLL_P_6": 0, "ENROLL_P_7": 100, "ENROLL_P_8": 6, "ENROLL_P_9": 1, "ENROLL_PCT": 1, "ENROLL_P10": 0, "direct_cer": 61, "pAbsent0_5": 36, "pAbsent6_1": 44, "pAbsent16P": 21, "Churn": 10, "TeacherCou": 28, "AvgExp": 4, "pYrsLt1": 4, "pYears1_10": 93, "pYears11_2": 4, "pYears21_3": 0, "pYearsGt30": 0, "Debt": 0, "GenAdmin": 0, "Instructio": 11698, "Support": 0, "Ops": 0, "Media": 0, "PServices": 0, "Capital": 0, "SchoolAdmi": 0, "Food": 0, "Transport": 0, "TotalSpend": 11698, "CCRPI": 79, "ClimateSta": 2, "NTestedELA": 92, "Begin_CntE": 37, "Develop_Cn": 27, "Prof_CntEL": 21, "Dist_CntEL": 7, "pBeginELA3": 40, "pDevelopEL": 29, "pProfELA3": 23, "pDistELA3": 8, "DevPlus_Cn": 55, "ProfPlus_C": 28, "pDevPlusEL": 60, "pProfPlusE": 30, "NTestedE_1": 0, "Begin_Cn_1": 0, "Develop__1": 0, "Prof_Cnt_1": 0, "Dist_Cnt_1": 0, "pBeginELA5": 0, "pDevelop_1": 0, "pProfELA5": 0, "pDistELA5": 0, "DevPlus__1": 0, "ProfPlus_1": 0, "pDevPlus_1": 0, "pProfPlu_1": 0, "NTestedMat": 92, "Begin_CntM": 19, "Develop__2": 23, "Prof_CntMa": 42, "Dist_CntMa": 8, "pBeginMath": 21, "pDevelopMa": 25, "pProfMath3": 46, "pDistMath3": 9, "DevPlus__2": 73, "ProfPlus_2": 50, "pDevPlusMa": 79, "pProfPlusM": 54, "NTestedM_1": 0, "Begin_Cn_2": 0, "Develop__3": 0, "Prof_Cnt_2": 0, "Dist_Cnt_2": 0, "pBeginMa_1": 0, "pDevelop_2": 0, "pProfMath5": 0, "pDistMath5": 0, "DevPlus__3": 0, "ProfPlus_3": 0, "pDevPlus_2": 0, "pProfPlu_2": 0, "NTestedE_2": 0, "BeginELA8_": 0, "DevelopELA": 0, "ProfELA8_C": 0, "DistELA8_C": 0, "NTestedM_2": 0, "BeginMath8": 0, "DevelopMat": 0, "ProfMath8_": 0, "DistMath8_": 0, "pBeginELA8": 0, "pDevelop_3": 0, "pProfELA8": 0, "pDistELA8": 0, "pBeginMa_2": 0, "pDevelop_4": 0, "pProfMath8": 0, "pDistMath8": 0, "DevPlusELA": 0, "ProfPlusEL": 0, "pDevPlus_3": 0, "pProfPlu_3": 0, "DevPlusMat": 0, "ProfPlusMa": 0, "pDevPlus_4": 0, "pProfPlu_4": 0, "NTestedAlg": 0, "Begin_CntA": 0, "Develop__4": 0, "Prof_CntAl": 0, "Dist_CntAl": 0, "pBeginAlge": 0, "pDevelopAl": 0, "pProfAlgeb": 0, "pDistAlgeb": 0, "DevPlus__4": 0, "ProfPlus_4": 0, "pDevPlusAl": 0, "pProfPlusA": 0, "NTestedAmL": 0, "Begin_Cn_3": 0, "Develop__5": 0, "Prof_CntAm": 0, "Dist_CntAm": 0, "pBeginAmLi": 0, "pDevelopAm": 0, "pProfAmLit": 0, "pDistAmLit": 0, "DevPlus__5": 0, "ProfPlus_5": 0, "pDevPlusAm": 0, "pProfPlu_5": 0, "NTestedAna": 0, "Begin_Cn_4": 0, "Develop__6": 0, "Prof_CntAn": 0, "Dist_CntAn": 0, "pBeginAnal": 0, "pDevelopAn": 0, "pProfAnalG": 0, "pDistAnalG": 0, "DevPlus__6": 0, "ProfPlus_6": 0, "pDevPlusAn": 0, "pProfPlu_6": 0, "NTestedBio": 0, "Begin_CntB": 0, "Develop__7": 0, "Prof_CntBi": 0, "Dist_CntBi": 0, "pBeginBiol": 0, "pDevelopBi": 0, "pProfBiolo": 0, "pDistBiolo": 0, "DevPlus__7": 0, "ProfPlus_7": 0, "pDevPlusBi": 0, "pProfPlusB": 0, "NTestedCoo": 0, "Begin_CntC": 0, "Develop__8": 0, "Prof_CntCo": 0, "Dist_CntCo": 0, "pBeginCoor": 0, "pDevelopCo": 0, "pProfCoord": 0, "pDistCoord": 0, "DevPlus__8": 0, "ProfPlus_8": 0, "pDevPlusCo": 0, "pProfPlusC": 0, "NTestedEco": 0, "Begin_Cn_5": 0, "Develop__9": 0, "Prof_CntEc": 0, "Dist_CntEc": 0, "pBeginEcon": 0, "pDevelopEc": 0, "pProfEcon": 0, "pDistEcon": 0, "DevPlus__9": 0, "ProfPlus_9": 0, "pDevPlusEc": 0, "pProfPlu_7": 0, "NTestedGeo": 0, "Begin_CntG": 0, "Develop_10": 0, "Prof_CntGe": 0, "Dist_CntGe": 0, "pBeginGeom": 0, "pDevelopGe": 0, "pProfGeome": 0, "pDistGeome": 0, "DevPlus_10": 0, "ProfPlus10": 0, "pDevPlusGe": 0, "pProfPlusG": 0, "NTestedLit": 0, "Begin_CntL": 0, "Develop_11": 0, "Prof_CntLi": 0, "Dist_CntLi": 0, "pBeginLit9": 0, "pDevelopLi": 0, "pProfLit9": 0, "pDistLit9": 0, "DevPlus_11": 0, "ProfPlus11": 0, "pDevPlusLi": 0, "pProfPlusL": 0, "NTestedPhy": 0, "Begin_CntP": 0, "Develop_12": 0, "Prof_CntPh": 0, "Dist_CntPh": 0, "pBeginPhys": 0, "pDevelopPh": 0, "pProfPhysS": 0, "pDistPhysS": 0, "DevPlus_12": 0, "ProfPlus12": 0, "pDevPlusPh": 0, "pProfPlusP": 0, "NTestedUSH": 0, "Begin_CntU": 0, "Develop_13": 0, "Prof_CntUS": 0, "Dist_CntUS": 0, "pBeginUSHi": 0, "pDevelopUS": 0, "pProfUSHis": 0, "pDistUSHis": 0, "DevPlus_13": 0, "ProfPlus13": 0, "pDevPlusUS": 0, "pProfPlusU": 0, "NDropout71": 0, "pNDropout7": 0, "Graduation": 0, "NUMBER_OF_": 0, "pHopeEligi": 0, "chENROLLME": 302, "pchENROLLM": 148.76, "chCCRPI": 0, "chpProfPlu": 0, "chpProfP_1": 0, "chpProfP_2": 0, "chpProfP_3": 0, "chpELA8": 0, "chpProfP_4": 0, "chpProfP_5": 0, "chpProfP_6": 0, "chpProfP_7": 0, "chpProfP_8": 0, "chpProfP_9": 0, "chpProfP10": 0, "chpProfP11": 0, "chpProfP12": 0, "chpProfP13": 0, "chpProfP14": 0, "GlobalID": "{21BB9004-3C68-469C-9DC0-28EF13F609CE}", "created_us": "opendata@arc", "created_da": "2020-03-25T00:00:00Z", "last_edite": "opendata@arc", "last_edi_1": "2020-03-25T00:00:00Z" }, "geometry": { "type": "Point", "coordinates": [ -84.422728214346648, 33.764537436180902 ] } },
{ "type": "Feature", "properties": { "OBJECTID": 2067, "SysSchool": 7610282, "GradeRange": "06-08", "SchoolAddr": "3116 Benjamin E Mays Dr SW", "SchoolCity": "Atlanta", "STATE": "GA", "SchoolZipC": "30311-2234", "MailAddres": "3116 Benjamin E Mays Dr SW", "MailCity": "Atlanta", "MailZipCod": "30311-2234", "PrincipalN": "Stimpson, Kara", "PrincipalE": "kmstimpson@atlanta.k12.ga.us", "SchoolPhon": "404.802.5900", "SchoolFax": "404.699.6794", "longitude": -84.489391, "latitude": 33.732776, "Year": 2019, "SchoolYear": "2018-19", "SystemID": 761, "SystemName": "Atlanta Public Schools", "SchoolID": 282, "SchoolName": "Young Middle School", "Type": "Middle School", "ENROLLMENT": 798, "ENROLL_PER": 0, "ENROLL_P_1": 0, "ENROLL_P_2": 91, "ENROLL_P_3": 8, "ENROLL_P_4": 1, "ENROLL_P_5": 0, "ENROLL_P_6": 0, "ENROLL_P_7": 100, "ENROLL_P_8": 17, "ENROLL_P_9": 7, "ENROLL_PCT": 5, "ENROLL_P10": 6, "direct_cer": 69, "pAbsent0_5": 41, "pAbsent6_1": 39, "pAbsent16P": 20, "Churn": 35, "TeacherCou": 62, "AvgExp": 12, "pYrsLt1": 8, "pYears1_10": 34, "pYears11_2": 39, "pYears21_3": 19, "pYearsGt30": 0, "Debt": 0, "GenAdmin": 0, "Instructio": 7180, "Support": 780, "Ops": 715, "Media": 143, "PServices": 779, "Capital": 0, "SchoolAdmi": 1015, "Food": 0, "Transport": 8, "TotalSpend": 10619, "CCRPI": 54, "ClimateSta": 3, "NTestedELA": 0, "Begin_CntE": 0, "Develop_Cn": 0, "Prof_CntEL": 0, "Dist_CntEL": 0, "pBeginELA3": 0, "pDevelopEL": 0, "pProfELA3": 0, "pDistELA3": 0, "DevPlus_Cn": 0, "ProfPlus_C": 0, "pDevPlusEL": 0, "pProfPlusE": 0, "NTestedE_1": 0, "Begin_Cn_1": 0, "Develop__1": 0, "Prof_Cnt_1": 0, "Dist_Cnt_1": 0, "pBeginELA5": 0, "pDevelop_1": 0, "pProfELA5": 0, "pDistELA5": 0, "DevPlus__1": 0, "ProfPlus_1": 0, "pDevPlus_1": 0, "pProfPlu_1": 0, "NTestedMat": 0, "Begin_CntM": 0, "Develop__2": 0, "Prof_CntMa": 0, "Dist_CntMa": 0, "pBeginMath": 0, "pDevelopMa": 0, "pProfMath3": 0, "pDistMath3": 0, "DevPlus__2": 0, "ProfPlus_2": 0, "pDevPlusMa": 0, "pProfPlusM": 0, "NTestedM_1": 0, "Begin_Cn_2": 0, "Develop__3": 0, "Prof_Cnt_2": 0, "Dist_Cnt_2": 0, "pBeginMa_1": 0, "pDevelop_2": 0, "pProfMath5": 0, "pDistMath5": 0, "DevPlus__3": 0, "ProfPlus_3": 0, "pDevPlus_2": 0, "pProfPlu_2": 0, "NTestedE_2": 255, "BeginELA8_": 106, "DevelopELA": 92, "ProfELA8_C": 54, "DistELA8_C": 3, "NTestedM_2": 255, "BeginMath8": 140, "DevelopMat": 87, "ProfMath8_": 22, "DistMath8_": 6, "pBeginELA8": 42, "pDevelop_3": 36, "pProfELA8": 21, "pDistELA8": 1, "pBeginMa_2": 55, "pDevelop_4": 34, "pProfMath8": 9, "pDistMath8": 2, "DevPlusELA": 149, "ProfPlusEL": 57, "pDevPlus_3": 59, "pProfPlu_3": 22, "DevPlusMat": 115, "ProfPlusMa": 28, "pDevPlus_4": 45, "pProfPlu_4": 11, "NTestedAlg": 0, "Begin_CntA": 0, "Develop__4": 0, "Prof_CntAl": 0, "Dist_CntAl": 0, "pBeginAlge": 0, "pDevelopAl": 0, "pProfAlgeb": 0, "pDistAlgeb": 0, "DevPlus__4": 0, "ProfPlus_4": 0, "pDevPlusAl": 0, "pProfPlusA": 0, "NTestedAmL": 0, "Begin_Cn_3": 0, "Develop__5": 0, "Prof_CntAm": 0, "Dist_CntAm": 0, "pBeginAmLi": 0, "pDevelopAm": 0, "pProfAmLit": 0, "pDistAmLit": 0, "DevPlus__5": 0, "ProfPlus_5": 0, "pDevPlusAm": 0, "pProfPlu_5": 0, "NTestedAna": 0, "Begin_Cn_4": 0, "Develop__6": 0, "Prof_CntAn": 0, "Dist_CntAn": 0, "pBeginAnal": 0, "pDevelopAn": 0, "pProfAnalG": 0, "pDistAnalG": 0, "DevPlus__6": 0, "ProfPlus_6": 0, "pDevPlusAn": 0, "pProfPlu_6": 0, "NTestedBio": 0, "Begin_CntB": 0, "Develop__7": 0, "Prof_CntBi": 0, "Dist_CntBi": 0, "pBeginBiol": 0, "pDevelopBi": 0, "pProfBiolo": 0, "pDistBiolo": 0, "DevPlus__7": 0, "ProfPlus_7": 0, "pDevPlusBi": 0, "pProfPlusB": 0, "NTestedCoo": 0, "Begin_CntC": 0, "Develop__8": 0, "Prof_CntCo": 0, "Dist_CntCo": 0, "pBeginCoor": 0, "pDevelopCo": 0, "pProfCoord": 0, "pDistCoord": 0, "DevPlus__8": 0, "ProfPlus_8": 0, "pDevPlusCo": 0, "pProfPlusC": 0, "NTestedEco": 0, "Begin_Cn_5": 0, "Develop__9": 0, "Prof_CntEc": 0, "Dist_CntEc": 0, "pBeginEcon": 0, "pDevelopEc": 0, "pProfEcon": 0, "pDistEcon": 0, "DevPlus__9": 0, "ProfPlus_9": 0, "pDevPlusEc": 0, "pProfPlu_7": 0, "NTestedGeo": 0, "Begin_CntG": 0, "Develop_10": 0, "Prof_CntGe": 0, "Dist_CntGe": 0, "pBeginGeom": 0, "pDevelopGe": 0, "pProfGeome": 0, "pDistGeome": 0, "DevPlus_10": 0, "ProfPlus10": 0, "pDevPlusGe": 0, "pProfPlusG": 0, "NTestedLit": 0, "Begin_CntL": 0, "Develop_11": 0, "Prof_CntLi": 0, "Dist_CntLi": 0, "pBeginLit9": 0, "pDevelopLi": 0, "pProfLit9": 0, "pDistLit9": 0, "DevPlus_11": 0, "ProfPlus11": 0, "pDevPlusLi": 0, "pProfPlusL": 0, "NTestedPhy": 0, "Begin_CntP": 0, "Develop_12": 0, "Prof_CntPh": 0, "Dist_CntPh": 0, "pBeginPhys": 0, "pDevelopPh": 0, "pProfPhysS": 0, "pDistPhysS": 0, "DevPlus_12": 0, "ProfPlus12": 0, "pDevPlusPh": 0, "pProfPlusP": 0, "NTestedUSH": 0, "Begin_CntU": 0, "Develop_13": 0, "Prof_CntUS": 0, "Dist_CntUS": 0, "pBeginUSHi": 0, "pDevelopUS": 0, "pProfUSHis": 0, "pDistUSHis": 0, "DevPlus_13": 0, "ProfPlus13": 0, "pDevPlusUS": 0, "pProfPlusU": 0, "NDropout71": 34, "pNDropout7": 5, "Graduation": 0, "NUMBER_OF_": 0, "pHopeEligi": 0, "chENROLLME": -118, "pchENROLLM": -12.88, "chCCRPI": 4, "chpProfPlu": 0, "chpProfP_1": 0, "chpProfP_2": 0, "chpProfP_3": 0, "chpELA8": 1, "chpProfP_4": 3, "chpProfP_5": 0, "chpProfP_6": 0, "chpProfP_7": 0, "chpProfP_8": 0, "chpProfP_9": 0, "chpProfP10": 0, "chpProfP11": 0, "chpProfP12": 0, "chpProfP13": 0, "chpProfP14": 0, "GlobalID": "{AA343FA8-E620-4B98-BB22-27CFED541B57}", "created_us": "opendata@arc", "created_da": "2020-03-25T00:00:00Z", "last_edite": "opendata@arc", "last_edi_1": "2020-03-25T00:00:00Z" }, "geometry": { "type": "Point", "coordinates": [ -84.489395230581778, 33.732782427202913 ] } },
{ "type": "Feature", "properties": { "OBJECTID": 2068, "SysSchool": 7610288, "GradeRange": "06-08", "SchoolAddr": "1670 Benjamin Weldon Bickers Dr SE", "SchoolCity": "Atlanta", "STATE": "GA", "SchoolZipC": "30315-5102", "MailAddres": "1670 Benjamin Weldon Bickers Dr SE", "MailCity": "Atlanta", "MailZipCod": "30315-5102", "PrincipalN": "Abdur-Rahman, Luqman", "PrincipalE": "Luqman.Abdurrahma@atlanta.k12.ga.us", "SchoolPhon": "404.802.6300", "SchoolFax": "404.624.2118", "longitude": -84.387846, "latitude": 33.709033, "Year": 2019, "SchoolYear": "2018-19", "SystemID": 761, "SystemName": "Atlanta Public Schools", "SchoolID": 288, "SchoolName": "Price Middle School", "Type": "Middle School", "ENROLLMENT": 381, "ENROLL_PER": 0, "ENROLL_P_1": 0, "ENROLL_P_2": 97, "ENROLL_P_3": 3, "ENROLL_P_4": 0, "ENROLL_P_5": 0, "ENROLL_P_6": 0, "ENROLL_P_7": 100, "ENROLL_P_8": 12, "ENROLL_P_9": 1, "ENROLL_PCT": 0, "ENROLL_P10": 3, "direct_cer": 80, "pAbsent0_5": 46, "pAbsent6_1": 37, "pAbsent16P": 17, "Churn": 31, "TeacherCou": 30, "AvgExp": 9, "pYrsLt1": 0, "pYears1_10": 63, "pYears11_2": 30, "pYears21_3": 7, "pYearsGt30": 0, "Debt": 0, "GenAdmin": 0, "Instructio": 13959, "Support": 0, "Ops": 336, "Media": 0, "PServices": 0, "Capital": 0, "SchoolAdmi": 0, "Food": 0, "Transport": 0, "TotalSpend": 14295, "CCRPI": 57, "ClimateSta": 1, "NTestedELA": 0, "Begin_CntE": 0, "Develop_Cn": 0, "Prof_CntEL": 0, "Dist_CntEL": 0, "pBeginELA3": 0, "pDevelopEL": 0, "pProfELA3": 0, "pDistELA3": 0, "DevPlus_Cn": 0, "ProfPlus_C": 0, "pDevPlusEL": 0, "pProfPlusE": 0, "NTestedE_1": 0, "Begin_Cn_1": 0, "Develop__1": 0, "Prof_Cnt_1": 0, "Dist_Cnt_1": 0, "pBeginELA5": 0, "pDevelop_1": 0, "pProfELA5": 0, "pDistELA5": 0, "DevPlus__1": 0, "ProfPlus_1": 0, "pDevPlus_1": 0, "pProfPlu_1": 0, "NTestedMat": 0, "Begin_CntM": 0, "Develop__2": 0, "Prof_CntMa": 0, "Dist_CntMa": 0, "pBeginMath": 0, "pDevelopMa": 0, "pProfMath3": 0, "pDistMath3": 0, "DevPlus__2": 0, "ProfPlus_2": 0, "pDevPlusMa": 0, "pProfPlusM": 0, "NTestedM_1": 0, "Begin_Cn_2": 0, "Develop__3": 0, "Prof_Cnt_2": 0, "Dist_Cnt_2": 0, "pBeginMa_1": 0, "pDevelop_2": 0, "pProfMath5": 0, "pDistMath5": 0, "DevPlus__3": 0, "ProfPlus_3": 0, "pDevPlus_2": 0, "pProfPlu_2": 0, "NTestedE_2": 93, "BeginELA8_": 50, "DevelopELA": 34, "ProfELA8_C": 8, "DistELA8_C": 1, "NTestedM_2": 93, "BeginMath8": 59, "DevelopMat": 29, "ProfMath8_": 4, "DistMath8_": 1, "pBeginELA8": 54, "pDevelop_3": 37, "pProfELA8": 9, "pDistELA8": 1, "pBeginMa_2": 63, "pDevelop_4": 31, "pProfMath8": 4, "pDistMath8": 1, "DevPlusELA": 43, "ProfPlusEL": 9, "pDevPlus_3": 46, "pProfPlu_3": 10, "DevPlusMat": 34, "ProfPlusMa": 5, "pDevPlus_4": 37, "pProfPlu_4": 5, "NTestedAlg": 0, "Begin_CntA": 0, "Develop__4": 0, "Prof_CntAl": 0, "Dist_CntAl": 0, "pBeginAlge": 0, "pDevelopAl": 0, "pProfAlgeb": 0, "pDistAlgeb": 0, "DevPlus__4": 0, "ProfPlus_4": 0, "pDevPlusAl": 0, "pProfPlusA": 0, "NTestedAmL": 0, "Begin_Cn_3": 0, "Develop__5": 0, "Prof_CntAm": 0, "Dist_CntAm": 0, "pBeginAmLi": 0, "pDevelopAm": 0, "pProfAmLit": 0, "pDistAmLit": 0, "DevPlus__5": 0, "ProfPlus_5": 0, "pDevPlusAm": 0, "pProfPlu_5": 0, "NTestedAna": 0, "Begin_Cn_4": 0, "Develop__6": 0, "Prof_CntAn": 0, "Dist_CntAn": 0, "pBeginAnal": 0, "pDevelopAn": 0, "pProfAnalG": 0, "pDistAnalG": 0, "DevPlus__6": 0, "ProfPlus_6": 0, "pDevPlusAn": 0, "pProfPlu_6": 0, "NTestedBio": 0, "Begin_CntB": 0, "Develop__7": 0, "Prof_CntBi": 0, "Dist_CntBi": 0, "pBeginBiol": 0, "pDevelopBi": 0, "pProfBiolo": 0, "pDistBiolo": 0, "DevPlus__7": 0, "ProfPlus_7": 0, "pDevPlusBi": 0, "pProfPlusB": 0, "NTestedCoo": 0, "Begin_CntC": 0, "Develop__8": 0, "Prof_CntCo": 0, "Dist_CntCo": 0, "pBeginCoor": 0, "pDevelopCo": 0, "pProfCoord": 0, "pDistCoord": 0, "DevPlus__8": 0, "ProfPlus_8": 0, "pDevPlusCo": 0, "pProfPlusC": 0, "NTestedEco": 0, "Begin_Cn_5": 0, "Develop__9": 0, "Prof_CntEc": 0, "Dist_CntEc": 0, "pBeginEcon": 0, "pDevelopEc": 0, "pProfEcon": 0, "pDistEcon": 0, "DevPlus__9": 0, "ProfPlus_9": 0, "pDevPlusEc": 0, "pProfPlu_7": 0, "NTestedGeo": 0, "Begin_CntG": 0, "Develop_10": 0, "Prof_CntGe": 0, "Dist_CntGe": 0, "pBeginGeom": 0, "pDevelopGe": 0, "pProfGeome": 0, "pDistGeome": 0, "DevPlus_10": 0, "ProfPlus10": 0, "pDevPlusGe": 0, "pProfPlusG": 0, "NTestedLit": 0, "Begin_CntL": 0, "Develop_11": 0, "Prof_CntLi": 0, "Dist_CntLi": 0, "pBeginLit9": 0, "pDevelopLi": 0, "pProfLit9": 0, "pDistLit9": 0, "DevPlus_11": 0, "ProfPlus11": 0, "pDevPlusLi": 0, "pProfPlusL": 0, "NTestedPhy": 0, "Begin_CntP": 0, "Develop_12": 0, "Prof_CntPh": 0, "Dist_CntPh": 0, "pBeginPhys": 0, "pDevelopPh": 0, "pProfPhysS": 0, "pDistPhysS": 0, "DevPlus_12": 0, "ProfPlus12": 0, "pDevPlusPh": 0, "pProfPlusP": 0, "NTestedUSH": 0, "Begin_CntU": 0, "Develop_13": 0, "Prof_CntUS": 0, "Dist_CntUS": 0, "pBeginUSHi": 0, "pDevelopUS": 0, "pProfUSHis": 0, "pDistUSHis": 0, "DevPlus_13": 0, "ProfPlus13": 0, "pDevPlusUS": 0, "pProfPlusU": 0, "NDropout71": 0, "pNDropout7": 0, "Graduation": 0, "NUMBER_OF_": 0, "pHopeEligi": 0, "chENROLLME": 72, "pchENROLLM": 23.3, "chCCRPI": 5, "chpProfPlu": 0, "chpProfP_1": 0, "chpProfP_2": 0, "chpProfP_3": 0, "chpELA8": -2, "chpProfP_4": -1, "chpProfP_5": 0, "chpProfP_6": 0, "chpProfP_7": 0, "chpProfP_8": 0, "chpProfP_9": 0, "chpProfP10": 0, "chpProfP11": 0, "chpProfP12": 0, "chpProfP13": 0, "chpProfP14": 0, "GlobalID": "{376A7BF5-9B6D-469A-B52E-01F5B0F1E8E9}", "created_us": "opendata@arc", "created_da": "2020-03-25T00:00:00Z", "last_edite": "opendata@arc", "last_edi_1": "2020-03-25T00:00:00Z" }, "geometry": { "type": "Point", "coordinates": [ -84.387850200870915, 33.709039425715069 ] } },
{ "type": "Feature", "properties": { "OBJECTID": 2069, "SysSchool": 7610296, "GradeRange": "PK-05", "SchoolAddr": "2040 Brewer Blvd SW", "SchoolCity": "Atlanta", "STATE": "GA", "SchoolZipC": "30310-5055", "MailAddres": "2040 Brewer Blvd SW", "MailCity": "Atlanta", "MailZipCod": "30310-5055", "PrincipalN": "Ford, Tony", "PrincipalE": "tony.ford@atlanta.k12.ga.us", "SchoolPhon": "404.802.3950", "SchoolFax": "404.756.3996", "longitude": -84.413401, "latitude": 33.698096, "Year": 2019, "SchoolYear": "2018-19", "SystemID": 761, "SystemName": "Atlanta Public Schools", "SchoolID": 296, "SchoolName": "Perkerson Elementary School", "Type": "Elementary School", "ENROLLMENT": 383, "ENROLL_PER": 0, "ENROLL_P_1": 0, "ENROLL_P_2": 95, "ENROLL_P_3": 4, "ENROLL_P_4": 1, "ENROLL_P_5": 0, "ENROLL_P_6": 0, "ENROLL_P_7": 100, "ENROLL_P_8": 9, "ENROLL_P_9": 2, "ENROLL_PCT": 2, "ENROLL_P10": 4, "direct_cer": 79, "pAbsent0_5": 41, "pAbsent6_1": 41, "pAbsent16P": 18, "Churn": 35, "TeacherCou": 37, "AvgExp": 8, "pYrsLt1": 16, "pYears1_10": 46, "pYears11_2": 27, "pYears21_3": 11, "pYearsGt30": 0, "Debt": 0, "GenAdmin": 0, "Instructio": 8282, "Support": 1302, "Ops": 476, "Media": 243, "PServices": 825, "Capital": 0, "SchoolAdmi": 1030, "Food": 0, "Transport": 14, "TotalSpend": 12173, "CCRPI": 48, "ClimateSta": 2, "NTestedELA": 52, "Begin_CntE": 32, "Develop_Cn": 12, "Prof_CntEL": 7, "Dist_CntEL": 1, "pBeginELA3": 62, "pDevelopEL": 23, "pProfELA3": 14, "pDistELA3": 2, "DevPlus_Cn": 20, "ProfPlus_C": 8, "pDevPlusEL": 39, "pProfPlusE": 15, "NTestedE_1": 57, "Begin_Cn_1": 28, "Develop__1": 20, "Prof_Cnt_1": 9, "Dist_Cnt_1": 0, "pBeginELA5": 49, "pDevelop_1": 35, "pProfELA5": 16, "pDistELA5": 0, "DevPlus__1": 29, "ProfPlus_1": 9, "pDevPlus_1": 51, "pProfPlu_1": 16, "NTestedMat": 52, "Begin_CntM": 15, "Develop__2": 23, "Prof_CntMa": 11, "Dist_CntMa": 3, "pBeginMath": 29, "pDevelopMa": 44, "pProfMath3": 21, "pDistMath3": 6, "DevPlus__2": 37, "ProfPlus_2": 14, "pDevPlusMa": 71, "pProfPlusM": 27, "NTestedM_1": 57, "Begin_Cn_2": 28, "Develop__3": 27, "Prof_Cnt_2": 2, "Dist_Cnt_2": 0, "pBeginMa_1": 49, "pDevelop_2": 47, "pProfMath5": 4, "pDistMath5": 0, "DevPlus__3": 29, "ProfPlus_3": 2, "pDevPlus_2": 51, "pProfPlu_2": 4, "NTestedE_2": 0, "BeginELA8_": 0, "DevelopELA": 0, "ProfELA8_C": 0, "DistELA8_C": 0, "NTestedM_2": 0, "BeginMath8": 0, "DevelopMat": 0, "ProfMath8_": 0, "DistMath8_": 0, "pBeginELA8": 0, "pDevelop_3": 0, "pProfELA8": 0, "pDistELA8": 0, "pBeginMa_2": 0, "pDevelop_4": 0, "pProfMath8": 0, "pDistMath8": 0, "DevPlusELA": 0, "ProfPlusEL": 0, "pDevPlus_3": 0, "pProfPlu_3": 0, "DevPlusMat": 0, "ProfPlusMa": 0, "pDevPlus_4": 0, "pProfPlu_4": 0, "NTestedAlg": 0, "Begin_CntA": 0, "Develop__4": 0, "Prof_CntAl": 0, "Dist_CntAl": 0, "pBeginAlge": 0, "pDevelopAl": 0, "pProfAlgeb": 0, "pDistAlgeb": 0, "DevPlus__4": 0, "ProfPlus_4": 0, "pDevPlusAl": 0, "pProfPlusA": 0, "NTestedAmL": 0, "Begin_Cn_3": 0, "Develop__5": 0, "Prof_CntAm": 0, "Dist_CntAm": 0, "pBeginAmLi": 0, "pDevelopAm": 0, "pProfAmLit": 0, "pDistAmLit": 0, "DevPlus__5": 0, "ProfPlus_5": 0, "pDevPlusAm": 0, "pProfPlu_5": 0, "NTestedAna": 0, "Begin_Cn_4": 0, "Develop__6": 0, "Prof_CntAn": 0, "Dist_CntAn": 0, "pBeginAnal": 0, "pDevelopAn": 0, "pProfAnalG": 0, "pDistAnalG": 0, "DevPlus__6": 0, "ProfPlus_6": 0, "pDevPlusAn": 0, "pProfPlu_6": 0, "NTestedBio": 0, "Begin_CntB": 0, "Develop__7": 0, "Prof_CntBi": 0, "Dist_CntBi": 0, "pBeginBiol": 0, "pDevelopBi": 0, "pProfBiolo": 0, "pDistBiolo": 0, "DevPlus__7": 0, "ProfPlus_7": 0, "pDevPlusBi": 0, "pProfPlusB": 0, "NTestedCoo": 0, "Begin_CntC": 0, "Develop__8": 0, "Prof_CntCo": 0, "Dist_CntCo": 0, "pBeginCoor": 0, "pDevelopCo": 0, "pProfCoord": 0, "pDistCoord": 0, "DevPlus__8": 0, "ProfPlus_8": 0, "pDevPlusCo": 0, "pProfPlusC": 0, "NTestedEco": 0, "Begin_Cn_5": 0, "Develop__9": 0, "Prof_CntEc": 0, "Dist_CntEc": 0, "pBeginEcon": 0, "pDevelopEc": 0, "pProfEcon": 0, "pDistEcon": 0, "DevPlus__9": 0, "ProfPlus_9": 0, "pDevPlusEc": 0, "pProfPlu_7": 0, "NTestedGeo": 0, "Begin_CntG": 0, "Develop_10": 0, "Prof_CntGe": 0, "Dist_CntGe": 0, "pBeginGeom": 0, "pDevelopGe": 0, "pProfGeome": 0, "pDistGeome": 0, "DevPlus_10": 0, "ProfPlus10": 0, "pDevPlusGe": 0, "pProfPlusG": 0, "NTestedLit": 0, "Begin_CntL": 0, "Develop_11": 0, "Prof_CntLi": 0, "Dist_CntLi": 0, "pBeginLit9": 0, "pDevelopLi": 0, "pProfLit9": 0, "pDistLit9": 0, "DevPlus_11": 0, "ProfPlus11": 0, "pDevPlusLi": 0, "pProfPlusL": 0, "NTestedPhy": 0, "Begin_CntP": 0, "Develop_12": 0, "Prof_CntPh": 0, "Dist_CntPh": 0, "pBeginPhys": 0, "pDevelopPh": 0, "pProfPhysS": 0, "pDistPhysS": 0, "DevPlus_12": 0, "ProfPlus12": 0, "pDevPlusPh": 0, "pProfPlusP": 0, "NTestedUSH": 0, "Begin_CntU": 0, "Develop_13": 0, "Prof_CntUS": 0, "Dist_CntUS": 0, "pBeginUSHi": 0, "pDevelopUS": 0, "pProfUSHis": 0, "pDistUSHis": 0, "DevPlus_13": 0, "ProfPlus13": 0, "pDevPlusUS": 0, "pProfPlusU": 0, "NDropout71": 0, "pNDropout7": 0, "Graduation": 0, "NUMBER_OF_": 0, "pHopeEligi": 0, "chENROLLME": -122, "pchENROLLM": -24.15, "chCCRPI": -10, "chpProfPlu": 7, "chpProfP_1": 17, "chpProfP_2": 3, "chpProfP_3": -7, "chpELA8": 0, "chpProfP_4": 0, "chpProfP_5": 0, "chpProfP_6": 0, "chpProfP_7": 0, "chpProfP_8": 0, "chpProfP_9": 0, "chpProfP10": 0, "chpProfP11": 0, "chpProfP12": 0, "chpProfP13": 0, "chpProfP14": 0, "GlobalID": "{DEEEB6AE-0735-4940-8F3A-FDC6ACEFCE96}", "created_us": "opendata@arc", "created_da": "2020-03-25T00:00:00Z", "last_edite": "opendata@arc", "last_edi_1": "2020-03-25T00:00:00Z" }, "geometry": { "type": "Point", "coordinates": [ -84.413405207273925, 33.698102422025016 ] } },
{ "type": "Feature", "properties": { "OBJECTID": 2070, "SysSchool": 7610303, "GradeRange": "PK-05", "SchoolAddr": "2268 Adams Dr NW", "SchoolCity": "Atlanta", "STATE": "GA", "SchoolZipC": "30318-1918", "MailAddres": "2268 Adams Dr NW", "MailCity": "Atlanta", "MailZipCod": "30318-1918", "PrincipalN": "Lawrence, Anita", "PrincipalE": "ANITA.LAWERNCE@atlanta.k12.ga.us", "SchoolPhon": "404.802.8350", "SchoolFax": "***.***.****", "longitude": -84.455579, "latitude": 33.817302, "Year": 2019, "SchoolYear": "2018-19", "SystemID": 761, "SystemName": "Atlanta Public Schools", "SchoolID": 303, "SchoolName": "Bolton Academy", "Type": "Elementary School", "ENROLLMENT": 540, "ENROLL_PER": 1, "ENROLL_P_1": 1, "ENROLL_P_2": 38, "ENROLL_P_3": 32, "ENROLL_P_4": 4, "ENROLL_P_5": 24, "ENROLL_P_6": 0, "ENROLL_P_7": 51, "ENROLL_P_8": 8, "ENROLL_P_9": 25, "ENROLL_PCT": 23, "ENROLL_P10": 11, "direct_cer": 34, "pAbsent0_5": 58, "pAbsent6_1": 34, "pAbsent16P": 8, "Churn": 13, "TeacherCou": 44, "AvgExp": 13, "pYrsLt1": 7, "pYears1_10": 36, "pYears11_2": 41, "pYears21_3": 16, "pYearsGt30": 0, "Debt": 0, "GenAdmin": 0, "Instructio": 8211, "Support": 611, "Ops": 555, "Media": 3, "PServices": 459, "Capital": 0, "SchoolAdmi": 655, "Food": 0, "Transport": 22, "TotalSpend": 10515, "CCRPI": 85, "ClimateSta": 3, "NTestedELA": 105, "Begin_CntE": 34, "Develop_Cn": 24, "Prof_CntEL": 29, "Dist_CntEL": 18, "pBeginELA3": 32, "pDevelopEL": 23, "pProfELA3": 28, "pDistELA3": 17, "DevPlus_Cn": 71, "ProfPlus_C": 47, "pDevPlusEL": 68, "pProfPlusE": 45, "NTestedE_1": 81, "Begin_Cn_1": 17, "Develop__1": 20, "Prof_Cnt_1": 32, "Dist_Cnt_1": 12, "pBeginELA5": 21, "pDevelop_1": 25, "pProfELA5": 40, "pDistELA5": 15, "DevPlus__1": 64, "ProfPlus_1": 44, "pDevPlus_1": 79, "pProfPlu_1": 54, "NTestedMat": 105, "Begin_CntM": 34, "Develop__2": 25, "Prof_CntMa": 31, "Dist_CntMa": 15, "pBeginMath": 32, "pDevelopMa": 24, "pProfMath3": 30, "pDistMath3": 14, "DevPlus__2": 71, "ProfPlus_2": 46, "pDevPlusMa": 68, "pProfPlusM": 44, "NTestedM_1": 81, "Begin_Cn_2": 20, "Develop__3": 24, "Prof_Cnt_2": 24, "Dist_Cnt_2": 13, "pBeginMa_1": 25, "pDevelop_2": 30, "pProfMath5": 30, "pDistMath5": 16, "DevPlus__3": 61, "ProfPlus_3": 37, "pDevPlus_2": 75, "pProfPlu_2": 46, "NTestedE_2": 0, "BeginELA8_": 0, "DevelopELA": 0, "ProfELA8_C": 0, "DistELA8_C": 0, "NTestedM_2": 0, "BeginMath8": 0, "DevelopMat": 0, "ProfMath8_": 0, "DistMath8_": 0, "pBeginELA8": 0, "pDevelop_3": 0, "pProfELA8": 0, "pDistELA8": 0, "pBeginMa_2": 0, "pDevelop_4": 0, "pProfMath8": 0, "pDistMath8": 0, "DevPlusELA": 0, "ProfPlusEL": 0, "pDevPlus_3": 0, "pProfPlu_3": 0, "DevPlusMat": 0, "ProfPlusMa": 0, "pDevPlus_4": 0, "pProfPlu_4": 0, "NTestedAlg": 0, "Begin_CntA": 0, "Develop__4": 0, "Prof_CntAl": 0, "Dist_CntAl": 0, "pBeginAlge": 0, "pDevelopAl": 0, "pProfAlgeb": 0, "pDistAlgeb": 0, "DevPlus__4": 0, "ProfPlus_4": 0, "pDevPlusAl": 0, "pProfPlusA": 0, "NTestedAmL": 0, "Begin_Cn_3": 0, "Develop__5": 0, "Prof_CntAm": 0, "Dist_CntAm": 0, "pBeginAmLi": 0, "pDevelopAm": 0, "pProfAmLit": 0, "pDistAmLit": 0, "DevPlus__5": 0, "ProfPlus_5": 0, "pDevPlusAm": 0, "pProfPlu_5": 0, "NTestedAna": 0, "Begin_Cn_4": 0, "Develop__6": 0, "Prof_CntAn": 0, "Dist_CntAn": 0, "pBeginAnal": 0, "pDevelopAn": 0, "pProfAnalG": 0, "pDistAnalG": 0, "DevPlus__6": 0, "ProfPlus_6": 0, "pDevPlusAn": 0, "pProfPlu_6": 0, "NTestedBio": 0, "Begin_CntB": 0, "Develop__7": 0, "Prof_CntBi": 0, "Dist_CntBi": 0, "pBeginBiol": 0, "pDevelopBi": 0, "pProfBiolo": 0, "pDistBiolo": 0, "DevPlus__7": 0, "ProfPlus_7": 0, "pDevPlusBi": 0, "pProfPlusB": 0, "NTestedCoo": 0, "Begin_CntC": 0, "Develop__8": 0, "Prof_CntCo": 0, "Dist_CntCo": 0, "pBeginCoor": 0, "pDevelopCo": 0, "pProfCoord": 0, "pDistCoord": 0, "DevPlus__8": 0, "ProfPlus_8": 0, "pDevPlusCo": 0, "pProfPlusC": 0, "NTestedEco": 0, "Begin_Cn_5": 0, "Develop__9": 0, "Prof_CntEc": 0, "Dist_CntEc": 0, "pBeginEcon": 0, "pDevelopEc": 0, "pProfEcon": 0, "pDistEcon": 0, "DevPlus__9": 0, "ProfPlus_9": 0, "pDevPlusEc": 0, "pProfPlu_7": 0, "NTestedGeo": 0, "Begin_CntG": 0, "Develop_10": 0, "Prof_CntGe": 0, "Dist_CntGe": 0, "pBeginGeom": 0, "pDevelopGe": 0, "pProfGeome": 0, "pDistGeome": 0, "DevPlus_10": 0, "ProfPlus10": 0, "pDevPlusGe": 0, "pProfPlusG": 0, "NTestedLit": 0, "Begin_CntL": 0, "Develop_11": 0, "Prof_CntLi": 0, "Dist_CntLi": 0, "pBeginLit9": 0, "pDevelopLi": 0, "pProfLit9": 0, "pDistLit9": 0, "DevPlus_11": 0, "ProfPlus11": 0, "pDevPlusLi": 0, "pProfPlusL": 0, "NTestedPhy": 0, "Begin_CntP": 0, "Develop_12": 0, "Prof_CntPh": 0, "Dist_CntPh": 0, "pBeginPhys": 0, "pDevelopPh": 0, "pProfPhysS": 0, "pDistPhysS": 0, "DevPlus_12": 0, "ProfPlus12": 0, "pDevPlusPh": 0, "pProfPlusP": 0, "NTestedUSH": 0, "Begin_CntU": 0, "Develop_13": 0, "Prof_CntUS": 0, "Dist_CntUS": 0, "pBeginUSHi": 0, "pDevelopUS": 0, "pProfUSHis": 0, "pDistUSHis": 0, "DevPlus_13": 0, "ProfPlus13": 0, "pDevPlusUS": 0, "pProfPlusU": 0, "NDropout71": 0, "pNDropout7": 0, "Graduation": 0, "NUMBER_OF_": 0, "pHopeEligi": 0, "chENROLLME": 28, "pchENROLLM": 5.46, "chCCRPI": 20, "chpProfPlu": 7, "chpProfP_1": 7, "chpProfP_2": 23, "chpProfP_3": 18, "chpELA8": 0, "chpProfP_4": 0, "chpProfP_5": 0, "chpProfP_6": 0, "chpProfP_7": 0, "chpProfP_8": 0, "chpProfP_9": 0, "chpProfP10": 0, "chpProfP11": 0, "chpProfP12": 0, "chpProfP13": 0, "chpProfP14": 0, "GlobalID": "{6F530AFB-62F1-4D3D-8646-0C4331DBBF57}", "created_us": "opendata@arc", "created_da": "2020-03-25T00:00:00Z", "last_edite": "opendata@arc", "last_edi_1": "2020-03-25T00:00:00Z" }, "geometry": { "type": "Point", "coordinates": [ -84.455583226294138, 33.81730844599673 ] } },
{ "type": "Feature", "properties": { "OBJECTID": 2071, "SysSchool": 7610304, "GradeRange": "PK-05", "SchoolAddr": "3070 Fairburn Rd SW", "SchoolCity": "Atlanta", "STATE": "GA", "SchoolZipC": "30331-5503", "MailAddres": "3070 Fairburn Rd SW", "MailCity": "Atlanta", "MailZipCod": "30331-5503", "PrincipalN": "Perry, Camisha", "PrincipalE": "caperry@atlanta.k12.ga.us", "SchoolPhon": "404.802.3300", "SchoolFax": "404.349.6736", "longitude": -84.513662, "latitude": 33.67112, "Year": 2019, "SchoolYear": "2018-19", "SystemID": 761, "SystemName": "Atlanta Public Schools", "SchoolID": 304, "SchoolName": "Deerwood Academy School", "Type": "Elementary School", "ENROLLMENT": 634, "ENROLL_PER": 0, "ENROLL_P_1": 0, "ENROLL_P_2": 97, "ENROLL_P_3": 2, "ENROLL_P_4": 1, "ENROLL_P_5": 0, "ENROLL_P_6": 0, "ENROLL_P_7": 100, "ENROLL_P_8": 7, "ENROLL_P_9": 1, "ENROLL_PCT": 1, "ENROLL_P10": 7, "direct_cer": 55, "pAbsent0_5": 41, "pAbsent6_1": 41, "pAbsent16P": 18, "Churn": 29, "TeacherCou": 48, "AvgExp": 14, "pYrsLt1": 0, "pYears1_10": 33, "pYears11_2": 46, "pYears21_3": 21, "pYearsGt30": 0, "Debt": 0, "GenAdmin": 0, "Instructio": 7292, "Support": 321, "Ops": 388, "Media": 167, "PServices": 528, "Capital": 0, "SchoolAdmi": 816, "Food": 0, "Transport": 11, "TotalSpend": 9523, "CCRPI": 64, "ClimateSta": 4, "NTestedELA": 102, "Begin_CntE": 48, "Develop_Cn": 34, "Prof_CntEL": 15, "Dist_CntEL": 5, "pBeginELA3": 47, "pDevelopEL": 33, "pProfELA3": 15, "pDistELA3": 5, "DevPlus_Cn": 54, "ProfPlus_C": 20, "pDevPlusEL": 53, "pProfPlusE": 20, "NTestedE_1": 88, "Begin_Cn_1": 26, "Develop__1": 35, "Prof_Cnt_1": 25, "Dist_Cnt_1": 2, "pBeginELA5": 30, "pDevelop_1": 40, "pProfELA5": 28, "pDistELA5": 2, "DevPlus__1": 62, "ProfPlus_1": 27, "pDevPlus_1": 71, "pProfPlu_1": 31, "NTestedMat": 102, "Begin_CntM": 28, "Develop__2": 43, "Prof_CntMa": 29, "Dist_CntMa": 2, "pBeginMath": 28, "pDevelopMa": 42, "pProfMath3": 28, "pDistMath3": 2, "DevPlus__2": 74, "ProfPlus_2": 31, "pDevPlusMa": 73, "pProfPlusM": 30, "NTestedM_1": 88, "Begin_Cn_2": 34, "Develop__3": 32, "Prof_Cnt_2": 21, "Dist_Cnt_2": 1, "pBeginMa_1": 39, "pDevelop_2": 36, "pProfMath5": 24, "pDistMath5": 1, "DevPlus__3": 54, "ProfPlus_3": 22, "pDevPlus_2": 61, "pProfPlu_2": 25, "NTestedE_2": 0, "BeginELA8_": 0, "DevelopELA": 0, "ProfELA8_C": 0, "DistELA8_C": 0, "NTestedM_2": 0, "BeginMath8": 0, "DevelopMat": 0, "ProfMath8_": 0, "DistMath8_": 0, "pBeginELA8": 0, "pDevelop_3": 0, "pProfELA8": 0, "pDistELA8": 0, "pBeginMa_2": 0, "pDevelop_4": 0, "pProfMath8": 0, "pDistMath8": 0, "DevPlusELA": 0, "ProfPlusEL": 0, "pDevPlus_3": 0, "pProfPlu_3": 0, "DevPlusMat": 0, "ProfPlusMa": 0, "pDevPlus_4": 0, "pProfPlu_4": 0, "NTestedAlg": 0, "Begin_CntA": 0, "Develop__4": 0, "Prof_CntAl": 0, "Dist_CntAl": 0, "pBeginAlge": 0, "pDevelopAl": 0, "pProfAlgeb": 0, "pDistAlgeb": 0, "DevPlus__4": 0, "ProfPlus_4": 0, "pDevPlusAl": 0, "pProfPlusA": 0, "NTestedAmL": 0, "Begin_Cn_3": 0, "Develop__5": 0, "Prof_CntAm": 0, "Dist_CntAm": 0, "pBeginAmLi": 0, "pDevelopAm": 0, "pProfAmLit": 0, "pDistAmLit": 0, "DevPlus__5": 0, "ProfPlus_5": 0, "pDevPlusAm": 0, "pProfPlu_5": 0, "NTestedAna": 0, "Begin_Cn_4": 0, "Develop__6": 0, "Prof_CntAn": 0, "Dist_CntAn": 0, "pBeginAnal": 0, "pDevelopAn": 0, "pProfAnalG": 0, "pDistAnalG": 0, "DevPlus__6": 0, "ProfPlus_6": 0, "pDevPlusAn": 0, "pProfPlu_6": 0, "NTestedBio": 0, "Begin_CntB": 0, "Develop__7": 0, "Prof_CntBi": 0, "Dist_CntBi": 0, "pBeginBiol": 0, "pDevelopBi": 0, "pProfBiolo": 0, "pDistBiolo": 0, "DevPlus__7": 0, "ProfPlus_7": 0, "pDevPlusBi": 0, "pProfPlusB": 0, "NTestedCoo": 0, "Begin_CntC": 0, "Develop__8": 0, "Prof_CntCo": 0, "Dist_CntCo": 0, "pBeginCoor": 0, "pDevelopCo": 0, "pProfCoord": 0, "pDistCoord": 0, "DevPlus__8": 0, "ProfPlus_8": 0, "pDevPlusCo": 0, "pProfPlusC": 0, "NTestedEco": 0, "Begin_Cn_5": 0, "Develop__9": 0, "Prof_CntEc": 0, "Dist_CntEc": 0, "pBeginEcon": 0, "pDevelopEc": 0, "pProfEcon": 0, "pDistEcon": 0, "DevPlus__9": 0, "ProfPlus_9": 0, "pDevPlusEc": 0, "pProfPlu_7": 0, "NTestedGeo": 0, "Begin_CntG": 0, "Develop_10": 0, "Prof_CntGe": 0, "Dist_CntGe": 0, "pBeginGeom": 0, "pDevelopGe": 0, "pProfGeome": 0, "pDistGeome": 0, "DevPlus_10": 0, "ProfPlus10": 0, "pDevPlusGe": 0, "pProfPlusG": 0, "NTestedLit": 0, "Begin_CntL": 0, "Develop_11": 0, "Prof_CntLi": 0, "Dist_CntLi": 0, "pBeginLit9": 0, "pDevelopLi": 0, "pProfLit9": 0, "pDistLit9": 0, "DevPlus_11": 0, "ProfPlus11": 0, "pDevPlusLi": 0, "pProfPlusL": 0, "NTestedPhy": 0, "Begin_CntP": 0, "Develop_12": 0, "Prof_CntPh": 0, "Dist_CntPh": 0, "pBeginPhys": 0, "pDevelopPh": 0, "pProfPhysS": 0, "pDistPhysS": 0, "DevPlus_12": 0, "ProfPlus12": 0, "pDevPlusPh": 0, "pProfPlusP": 0, "NTestedUSH": 0, "Begin_CntU": 0, "Develop_13": 0, "Prof_CntUS": 0, "Dist_CntUS": 0, "pBeginUSHi": 0, "pDevelopUS": 0, "pProfUSHis": 0, "pDistUSHis": 0, "DevPlus_13": 0, "ProfPlus13": 0, "pDevPlusUS": 0, "pProfPlusU": 0, "NDropout71": 0, "pNDropout7": 0, "Graduation": 0, "NUMBER_OF_": 0, "pHopeEligi": 0, "chENROLLME": -17, "pchENROLLM": -2.61, "chCCRPI": 3, "chpProfPlu": 4, "chpProfP_1": 10, "chpProfP_2": 6, "chpProfP_3": 1, "chpELA8": 0, "chpProfP_4": 0, "chpProfP_5": 0, "chpProfP_6": 0, "chpProfP_7": 0, "chpProfP_8": 0, "chpProfP_9": 0, "chpProfP10": 0, "chpProfP11": 0, "chpProfP12": 0, "chpProfP13": 0, "chpProfP14": 0, "GlobalID": "{D3C24F30-0B86-4694-86FA-26AC7C306B52}", "created_us": "opendata@arc", "created_da": "2020-03-25T00:00:00Z", "last_edite": "opendata@arc", "last_edi_1": "2020-03-25T00:00:00Z" }, "geometry": { "type": "Point", "coordinates": [ -84.513666235423301, 33.671126413354791 ] } },
{ "type": "Feature", "properties": { "OBJECTID": 2072, "SysSchool": 7610305, "GradeRange": "PK-05", "SchoolAddr": "480 Clifton St SE", "SchoolCity": "Atlanta", "STATE": "GA", "SchoolZipC": "30316-1736", "MailAddres": "480 Clifton St SE", "MailCity": "Atlanta", "MailZipCod": "30316-1736", "PrincipalN": "White, David", "PrincipalE": "dwhite@atlanta.k12.ga.us", "SchoolPhon": "404.802.3400", "SchoolFax": "xxx.xxx.xxxx", "longitude": -84.331578, "latitude": 33.740575, "Year": 2019, "SchoolYear": "2018-19", "SystemID": 761, "SystemName": "Atlanta Public Schools", "SchoolID": 305, "SchoolName": "Burgess-Peterson Elementary School", "Type": "Elementary School", "ENROLLMENT": 462, "ENROLL_PER": 0, "ENROLL_P_1": 0, "ENROLL_P_2": 70, "ENROLL_P_3": 3, "ENROLL_P_4": 6, "ENROLL_P_5": 21, "ENROLL_P_6": 0, "ENROLL_P_7": 100, "ENROLL_P_8": 16, "ENROLL_P_9": 0, "ENROLL_PCT": 0, "ENROLL_P10": 3, "direct_cer": 42, "pAbsent0_5": 61, "pAbsent6_1": 32, "pAbsent16P": 7, "Churn": 12, "TeacherCou": 41, "AvgExp": 15, "pYrsLt1": 0, "pYears1_10": 34, "pYears11_2": 37, "pYears21_3": 29, "pYearsGt30": 0, "Debt": 0, "GenAdmin": 0, "Instructio": 9157, "Support": 525, "Ops": 327, "Media": 234, "PServices": 557, "Capital": 0, "SchoolAdmi": 879, "Food": 0, "Transport": 24, "TotalSpend": 11702, "CCRPI": 79, "ClimateSta": 4, "NTestedELA": 69, "Begin_CntE": 14, "Develop_Cn": 13, "Prof_CntEL": 26, "Dist_CntEL": 16, "pBeginELA3": 20, "pDevelopEL": 19, "pProfELA3": 38, "pDistELA3": 23, "DevPlus_Cn": 55, "ProfPlus_C": 42, "pDevPlusEL": 80, "pProfPlusE": 61, "NTestedE_1": 55, "Begin_Cn_1": 7, "Develop__1": 22, "Prof_Cnt_1": 18, "Dist_Cnt_1": 8, "pBeginELA5": 13, "pDevelop_1": 40, "pProfELA5": 33, "pDistELA5": 15, "DevPlus__1": 48, "ProfPlus_1": 26, "pDevPlus_1": 87, "pProfPlu_1": 47, "NTestedMat": 69, "Begin_CntM": 7, "Develop__2": 19, "Prof_CntMa": 30, "Dist_CntMa": 13, "pBeginMath": 10, "pDevelopMa": 28, "pProfMath3": 44, "pDistMath3": 19, "DevPlus__2": 62, "ProfPlus_2": 43, "pDevPlusMa": 90, "pProfPlusM": 62, "NTestedM_1": 55, "Begin_Cn_2": 16, "Develop__3": 18, "Prof_Cnt_2": 13, "Dist_Cnt_2": 8, "pBeginMa_1": 29, "pDevelop_2": 33, "pProfMath5": 24, "pDistMath5": 15, "DevPlus__3": 39, "ProfPlus_3": 21, "pDevPlus_2": 71, "pProfPlu_2": 38, "NTestedE_2": 0, "BeginELA8_": 0, "DevelopELA": 0, "ProfELA8_C": 0, "DistELA8_C": 0, "NTestedM_2": 0, "BeginMath8": 0, "DevelopMat": 0, "ProfMath8_": 0, "DistMath8_": 0, "pBeginELA8": 0, "pDevelop_3": 0, "pProfELA8": 0, "pDistELA8": 0, "pBeginMa_2": 0, "pDevelop_4": 0, "pProfMath8": 0, "pDistMath8": 0, "DevPlusELA": 0, "ProfPlusEL": 0, "pDevPlus_3": 0, "pProfPlu_3": 0, "DevPlusMat": 0, "ProfPlusMa": 0, "pDevPlus_4": 0, "pProfPlu_4": 0, "NTestedAlg": 0, "Begin_CntA": 0, "Develop__4": 0, "Prof_CntAl": 0, "Dist_CntAl": 0, "pBeginAlge": 0, "pDevelopAl": 0, "pProfAlgeb": 0, "pDistAlgeb": 0, "DevPlus__4": 0, "ProfPlus_4": 0, "pDevPlusAl": 0, "pProfPlusA": 0, "NTestedAmL": 0, "Begin_Cn_3": 0, "Develop__5": 0, "Prof_CntAm": 0, "Dist_CntAm": 0, "pBeginAmLi": 0, "pDevelopAm": 0, "pProfAmLit": 0, "pDistAmLit": 0, "DevPlus__5": 0, "ProfPlus_5": 0, "pDevPlusAm": 0, "pProfPlu_5": 0, "NTestedAna": 0, "Begin_Cn_4": 0, "Develop__6": 0, "Prof_CntAn": 0, "Dist_CntAn": 0, "pBeginAnal": 0, "pDevelopAn": 0, "pProfAnalG": 0, "pDistAnalG": 0, "DevPlus__6": 0, "ProfPlus_6": 0, "pDevPlusAn": 0, "pProfPlu_6": 0, "NTestedBio": 0, "Begin_CntB": 0, "Develop__7": 0, "Prof_CntBi": 0, "Dist_CntBi": 0, "pBeginBiol": 0, "pDevelopBi": 0, "pProfBiolo": 0, "pDistBiolo": 0, "DevPlus__7": 0, "ProfPlus_7": 0, "pDevPlusBi": 0, "pProfPlusB": 0, "NTestedCoo": 0, "Begin_CntC": 0, "Develop__8": 0, "Prof_CntCo": 0, "Dist_CntCo": 0, "pBeginCoor": 0, "pDevelopCo": 0, "pProfCoord": 0, "pDistCoord": 0, "DevPlus__8": 0, "ProfPlus_8": 0, "pDevPlusCo": 0, "pProfPlusC": 0, "NTestedEco": 0, "Begin_Cn_5": 0, "Develop__9": 0, "Prof_CntEc": 0, "Dist_CntEc": 0, "pBeginEcon": 0, "pDevelopEc": 0, "pProfEcon": 0, "pDistEcon": 0, "DevPlus__9": 0, "ProfPlus_9": 0, "pDevPlusEc": 0, "pProfPlu_7": 0, "NTestedGeo": 0, "Begin_CntG": 0, "Develop_10": 0, "Prof_CntGe": 0, "Dist_CntGe": 0, "pBeginGeom": 0, "pDevelopGe": 0, "pProfGeome": 0, "pDistGeome": 0, "DevPlus_10": 0, "ProfPlus10": 0, "pDevPlusGe": 0, "pProfPlusG": 0, "NTestedLit": 0, "Begin_CntL": 0, "Develop_11": 0, "Prof_CntLi": 0, "Dist_CntLi": 0, "pBeginLit9": 0, "pDevelopLi": 0, "pProfLit9": 0, "pDistLit9": 0, "DevPlus_11": 0, "ProfPlus11": 0, "pDevPlusLi": 0, "pProfPlusL": 0, "NTestedPhy": 0, "Begin_CntP": 0, "Develop_12": 0, "Prof_CntPh": 0, "Dist_CntPh": 0, "pBeginPhys": 0, "pDevelopPh": 0, "pProfPhysS": 0, "pDistPhysS": 0, "DevPlus_12": 0, "ProfPlus12": 0, "pDevPlusPh": 0, "pProfPlusP": 0, "NTestedUSH": 0, "Begin_CntU": 0, "Develop_13": 0, "Prof_CntUS": 0, "Dist_CntUS": 0, "pBeginUSHi": 0, "pDevelopUS": 0, "pProfUSHis": 0, "pDistUSHis": 0, "DevPlus_13": 0, "ProfPlus13": 0, "pDevPlusUS": 0, "pProfPlusU": 0, "NDropout71": 0, "pNDropout7": 0, "Graduation": 0, "NUMBER_OF_": 0, "pHopeEligi": 0, "chENROLLME": 159, "pchENROLLM": 52.47, "chCCRPI": -2, "chpProfPlu": 12, "chpProfP_1": 17, "chpProfP_2": 33, "chpProfP_3": 1, "chpELA8": 0, "chpProfP_4": 0, "chpProfP_5": 0, "chpProfP_6": 0, "chpProfP_7": 0, "chpProfP_8": 0, "chpProfP_9": 0, "chpProfP10": 0, "chpProfP11": 0, "chpProfP12": 0, "chpProfP13": 0, "chpProfP14": 0, "GlobalID": "{9B9BD2E8-8372-4B63-9129-D0E4613D00BA}", "created_us": "opendata@arc", "created_da": "2020-03-25T00:00:00Z", "last_edite": "opendata@arc", "last_edi_1": "2020-03-25T00:00:00Z" }, "geometry": { "type": "Point", "coordinates": [ -84.33158218567101, 33.740581435095571 ] } },
{ "type": "Feature", "properties": { "OBJECTID": 2073, "SysSchool": 7610314, "GradeRange": "KK-08", "SchoolAddr": "1903 Drew Dr NW", "SchoolCity": "Atlanta", "STATE": "GA", "SchoolZipC": "30318-3508", "MailAddres": "1903 Drew Dr NW", "MailCity": "Atlanta", "MailZipCod": "30318-3508", "PrincipalN": "Reeves, Delana", "PrincipalE": "delana@wacs.us", "SchoolPhon": "404.931.4827", "SchoolFax": " ", "longitude": -84.450688, "latitude": 33.793668, "Year": 2019, "SchoolYear": "2018-19", "SystemID": 761, "SystemName": "Atlanta Public Schools", "SchoolID": 314, "SchoolName": "Westside Atlanta Charter School", "Type": "Elementary School", "ENROLLMENT": 311, "ENROLL_PER": 2, "ENROLL_P_1": 0, "ENROLL_P_2": 62, "ENROLL_P_3": 5, "ENROLL_P_4": 4, "ENROLL_P_5": 27, "ENROLL_P_6": 0, "ENROLL_P_7": 33, "ENROLL_P_8": 7, "ENROLL_P_9": 2, "ENROLL_PCT": 0, "ENROLL_P10": 14, "direct_cer": 32, "pAbsent0_5": 65, "pAbsent6_1": 30, "pAbsent16P": 5, "Churn": 7, "TeacherCou": 26, "AvgExp": 6, "pYrsLt1": 4, "pYears1_10": 81, "pYears11_2": 15, "pYears21_3": 0, "pYearsGt30": 0, "Debt": 0, "GenAdmin": 0, "Instructio": 13344, "Support": 0, "Ops": 0, "Media": 0, "PServices": 0, "Capital": 0, "SchoolAdmi": 0, "Food": 0, "Transport": 0, "TotalSpend": 13344, "CCRPI": 79, "ClimateSta": 3, "NTestedELA": 39, "Begin_CntE": 4, "Develop_Cn": 14, "Prof_CntEL": 11, "Dist_CntEL": 10, "pBeginELA3": 10, "pDevelopEL": 36, "pProfELA3": 28, "pDistELA3": 26, "DevPlus_Cn": 35, "ProfPlus_C": 21, "pDevPlusEL": 90, "pProfPlusE": 54, "NTestedE_1": 35, "Begin_Cn_1": 6, "Develop__1": 13, "Prof_Cnt_1": 12, "Dist_Cnt_1": 4, "pBeginELA5": 17, "pDevelop_1": 37, "pProfELA5": 34, "pDistELA5": 11, "DevPlus__1": 29, "ProfPlus_1": 16, "pDevPlus_1": 83, "pProfPlu_1": 46, "NTestedMat": 39, "Begin_CntM": 4, "Develop__2": 9, "Prof_CntMa": 13, "Dist_CntMa": 13, "pBeginMath": 10, "pDevelopMa": 23, "pProfMath3": 33, "pDistMath3": 33, "DevPlus__2": 35, "ProfPlus_2": 26, "pDevPlusMa": 90, "pProfPlusM": 67, "NTestedM_1": 35, "Begin_Cn_2": 7, "Develop__3": 17, "Prof_Cnt_2": 11, "Dist_Cnt_2": 0, "pBeginMa_1": 20, "pDevelop_2": 49, "pProfMath5": 31, "pDistMath5": 0, "DevPlus__3": 28, "ProfPlus_3": 11, "pDevPlus_2": 80, "pProfPlu_2": 31, "NTestedE_2": 0, "BeginELA8_": 0, "DevelopELA": 0, "ProfELA8_C": 0, "DistELA8_C": 0, "NTestedM_2": 0, "BeginMath8": 0, "DevelopMat": 0, "ProfMath8_": 0, "DistMath8_": 0, "pBeginELA8": 0, "pDevelop_3": 0, "pProfELA8": 0, "pDistELA8": 0, "pBeginMa_2": 0, "pDevelop_4": 0, "pProfMath8": 0, "pDistMath8": 0, "DevPlusELA": 0, "ProfPlusEL": 0, "pDevPlus_3": 0, "pProfPlu_3": 0, "DevPlusMat": 0, "ProfPlusMa": 0, "pDevPlus_4": 0, "pProfPlu_4": 0, "NTestedAlg": 0, "Begin_CntA": 0, "Develop__4": 0, "Prof_CntAl": 0, "Dist_CntAl": 0, "pBeginAlge": 0, "pDevelopAl": 0, "pProfAlgeb": 0, "pDistAlgeb": 0, "DevPlus__4": 0, "ProfPlus_4": 0, "pDevPlusAl": 0, "pProfPlusA": 0, "NTestedAmL": 0, "Begin_Cn_3": 0, "Develop__5": 0, "Prof_CntAm": 0, "Dist_CntAm": 0, "pBeginAmLi": 0, "pDevelopAm": 0, "pProfAmLit": 0, "pDistAmLit": 0, "DevPlus__5": 0, "ProfPlus_5": 0, "pDevPlusAm": 0, "pProfPlu_5": 0, "NTestedAna": 0, "Begin_Cn_4": 0, "Develop__6": 0, "Prof_CntAn": 0, "Dist_CntAn": 0, "pBeginAnal": 0, "pDevelopAn": 0, "pProfAnalG": 0, "pDistAnalG": 0, "DevPlus__6": 0, "ProfPlus_6": 0, "pDevPlusAn": 0, "pProfPlu_6": 0, "NTestedBio": 0, "Begin_CntB": 0, "Develop__7": 0, "Prof_CntBi": 0, "Dist_CntBi": 0, "pBeginBiol": 0, "pDevelopBi": 0, "pProfBiolo": 0, "pDistBiolo": 0, "DevPlus__7": 0, "ProfPlus_7": 0, "pDevPlusBi": 0, "pProfPlusB": 0, "NTestedCoo": 0, "Begin_CntC": 0, "Develop__8": 0, "Prof_CntCo": 0, "Dist_CntCo": 0, "pBeginCoor": 0, "pDevelopCo": 0, "pProfCoord": 0, "pDistCoord": 0, "DevPlus__8": 0, "ProfPlus_8": 0, "pDevPlusCo": 0, "pProfPlusC": 0, "NTestedEco": 0, "Begin_Cn_5": 0, "Develop__9": 0, "Prof_CntEc": 0, "Dist_CntEc": 0, "pBeginEcon": 0, "pDevelopEc": 0, "pProfEcon": 0, "pDistEcon": 0, "DevPlus__9": 0, "ProfPlus_9": 0, "pDevPlusEc": 0, "pProfPlu_7": 0, "NTestedGeo": 0, "Begin_CntG": 0, "Develop_10": 0, "Prof_CntGe": 0, "Dist_CntGe": 0, "pBeginGeom": 0, "pDevelopGe": 0, "pProfGeome": 0, "pDistGeome": 0, "DevPlus_10": 0, "ProfPlus10": 0, "pDevPlusGe": 0, "pProfPlusG": 0, "NTestedLit": 0, "Begin_CntL": 0, "Develop_11": 0, "Prof_CntLi": 0, "Dist_CntLi": 0, "pBeginLit9": 0, "pDevelopLi": 0, "pProfLit9": 0, "pDistLit9": 0, "DevPlus_11": 0, "ProfPlus11": 0, "pDevPlusLi": 0, "pProfPlusL": 0, "NTestedPhy": 0, "Begin_CntP": 0, "Develop_12": 0, "Prof_CntPh": 0, "Dist_CntPh": 0, "pBeginPhys": 0, "pDevelopPh": 0, "pProfPhysS": 0, "pDistPhysS": 0, "DevPlus_12": 0, "ProfPlus12": 0, "pDevPlusPh": 0, "pProfPlusP": 0, "NTestedUSH": 0, "Begin_CntU": 0, "Develop_13": 0, "Prof_CntUS": 0, "Dist_CntUS": 0, "pBeginUSHi": 0, "pDevelopUS": 0, "pProfUSHis": 0, "pDistUSHis": 0, "DevPlus_13": 0, "ProfPlus13": 0, "pDevPlusUS": 0, "pProfPlusU": 0, "NDropout71": 0, "pNDropout7": 0, "Graduation": 0, "NUMBER_OF_": 0, "pHopeEligi": 0, "chENROLLME": 106, "pchENROLLM": 51.7, "chCCRPI": 18, "chpProfPlu": 5, "chpProfP_1": 16, "chpProfP_2": 0, "chpProfP_3": 0, "chpELA8": 0, "chpProfP_4": 0, "chpProfP_5": 0, "chpProfP_6": 0, "chpProfP_7": 0, "chpProfP_8": 0, "chpProfP_9": 0, "chpProfP10": 0, "chpProfP11": 0, "chpProfP12": 0, "chpProfP13": 0, "chpProfP14": 0, "GlobalID": "{47487E2C-AD32-4630-BFC3-362CB28987FA}", "created_us": "opendata@arc", "created_da": "2020-03-25T00:00:00Z", "last_edite": "opendata@arc", "last_edi_1": "2020-03-25T00:00:00Z" }, "geometry": { "type": "Point", "coordinates": [ -84.450692222965614, 33.793674441685816 ] } },
{ "type": "Feature", "properties": { "OBJECTID": 2074, "SysSchool": 7610315, "GradeRange": "09-12", "SchoolAddr": "45 Whitehouse Dr SW", "SchoolCity": "Atlanta", "STATE": "GA", "SchoolZipC": "30314-2934", "MailAddres": "45 Whitehouse Dr SW", "MailCity": "Atlanta", "MailZipCod": "30314-2934", "PrincipalN": "Coaxum, Angela", "PrincipalE": "Angela.coaxumyoung@atlanta.k12.ga.us", "SchoolPhon": "404.802.4600", "SchoolFax": " ", "longitude": -84.420805, "latitude": 33.753488, "Year": 2019, "SchoolYear": "2018-19", "SystemID": 761, "SystemName": "Atlanta Public Schools", "SchoolID": 315, "SchoolName": "Booker T. Washington High School", "Type": "High School", "ENROLLMENT": 679, "ENROLL_PER": 0, "ENROLL_P_1": 0, "ENROLL_P_2": 97, "ENROLL_P_3": 3, "ENROLL_P_4": 0, "ENROLL_P_5": 0, "ENROLL_P_6": 0, "ENROLL_P_7": 100, "ENROLL_P_8": 14, "ENROLL_P_9": 2, "ENROLL_PCT": 1, "ENROLL_P10": 5, "direct_cer": 66, "pAbsent0_5": 23, "pAbsent6_1": 30, "pAbsent16P": 47, "Churn": 26, "TeacherCou": 52, "AvgExp": 13, "pYrsLt1": 8, "pYears1_10": 25, "pYears11_2": 48, "pYears21_3": 19, "pYearsGt30": 0, "Debt": 0, "GenAdmin": 0, "Instructio": 8773, "Support": 568, "Ops": 465, "Media": 166, "PServices": 629, "Capital": 0, "SchoolAdmi": 1516, "Food": 0, "Transport": 6, "TotalSpend": 12123, "CCRPI": 54, "ClimateSta": 3, "NTestedELA": 0, "Begin_CntE": 0, "Develop_Cn": 0, "Prof_CntEL": 0, "Dist_CntEL": 0, "pBeginELA3": 0, "pDevelopEL": 0, "pProfELA3": 0, "pDistELA3": 0, "DevPlus_Cn": 0, "ProfPlus_C": 0, "pDevPlusEL": 0, "pProfPlusE": 0, "NTestedE_1": 0, "Begin_Cn_1": 0, "Develop__1": 0, "Prof_Cnt_1": 0, "Dist_Cnt_1": 0, "pBeginELA5": 0, "pDevelop_1": 0, "pProfELA5": 0, "pDistELA5": 0, "DevPlus__1": 0, "ProfPlus_1": 0, "pDevPlus_1": 0, "pProfPlu_1": 0, "NTestedMat": 0, "Begin_CntM": 0, "Develop__2": 0, "Prof_CntMa": 0, "Dist_CntMa": 0, "pBeginMath": 0, "pDevelopMa": 0, "pProfMath3": 0, "pDistMath3": 0, "DevPlus__2": 0, "ProfPlus_2": 0, "pDevPlusMa": 0, "pProfPlusM": 0, "NTestedM_1": 0, "Begin_Cn_2": 0, "Develop__3": 0, "Prof_Cnt_2": 0, "Dist_Cnt_2": 0, "pBeginMa_1": 0, "pDevelop_2": 0, "pProfMath5": 0, "pDistMath5": 0, "DevPlus__3": 0, "ProfPlus_3": 0, "pDevPlus_2": 0, "pProfPlu_2": 0, "NTestedE_2": 0, "BeginELA8_": 0, "DevelopELA": 0, "ProfELA8_C": 0, "DistELA8_C": 0, "NTestedM_2": 0, "BeginMath8": 0, "DevelopMat": 0, "ProfMath8_": 0, "DistMath8_": 0, "pBeginELA8": 0, "pDevelop_3": 0, "pProfELA8": 0, "pDistELA8": 0, "pBeginMa_2": 0, "pDevelop_4": 0, "pProfMath8": 0, "pDistMath8": 0, "DevPlusELA": 0, "ProfPlusEL": 0, "pDevPlus_3": 0, "pProfPlu_3": 0, "DevPlusMat": 0, "ProfPlusMa": 0, "pDevPlus_4": 0, "pProfPlu_4": 0, "NTestedAlg": 221, "Begin_CntA": 136, "Develop__4": 71, "Prof_CntAl": 14, "Dist_CntAl": 0, "pBeginAlge": 62, "pDevelopAl": 32, "pProfAlgeb": 6, "pDistAlgeb": 0, "DevPlus__4": 85, "ProfPlus_4": 14, "pDevPlusAl": 38, "pProfPlusA": 6, "NTestedAmL": 190, "Begin_Cn_3": 85, "Develop__5": 71, "Prof_CntAm": 34, "Dist_CntAm": 0, "pBeginAmLi": 45, "pDevelopAm": 37, "pProfAmLit": 18, "pDistAmLit": 0, "DevPlus__5": 105, "ProfPlus_5": 34, "pDevPlusAm": 55, "pProfPlu_5": 18, "NTestedAna": 0, "Begin_Cn_4": 0, "Develop__6": 0, "Prof_CntAn": 0, "Dist_CntAn": 0, "pBeginAnal": 0, "pDevelopAn": 0, "pProfAnalG": 0, "pDistAnalG": 0, "DevPlus__6": 0, "ProfPlus_6": 0, "pDevPlusAn": 0, "pProfPlu_6": 0, "NTestedBio": 221, "Begin_CntB": 151, "Develop__7": 41, "Prof_CntBi": 29, "Dist_CntBi": 0, "pBeginBiol": 68, "pDevelopBi": 19, "pProfBiolo": 13, "pDistBiolo": 0, "DevPlus__7": 70, "ProfPlus_7": 29, "pDevPlusBi": 32, "pProfPlusB": 13, "NTestedCoo": 0, "Begin_CntC": 0, "Develop__8": 0, "Prof_CntCo": 0, "Dist_CntCo": 0, "pBeginCoor": 0, "pDevelopCo": 0, "pProfCoord": 0, "pDistCoord": 0, "DevPlus__8": 0, "ProfPlus_8": 0, "pDevPlusCo": 0, "pProfPlusC": 0, "NTestedEco": 149, "Begin_Cn_5": 65, "Develop__9": 56, "Prof_CntEc": 27, "Dist_CntEc": 1, "pBeginEcon": 44, "pDevelopEc": 38, "pProfEcon": 18, "pDistEcon": 1, "DevPlus__9": 84, "ProfPlus_9": 28, "pDevPlusEc": 56, "pProfPlu_7": 19, "NTestedGeo": 164, "Begin_CntG": 111, "Develop_10": 41, "Prof_CntGe": 12, "Dist_CntGe": 0, "pBeginGeom": 68, "pDevelopGe": 25, "pProfGeome": 7, "pDistGeome": 0, "DevPlus_10": 53, "ProfPlus10": 12, "pDevPlusGe": 32, "pProfPlusG": 7, "NTestedLit": 222, "Begin_CntL": 77, "Develop_11": 96, "Prof_CntLi": 48, "Dist_CntLi": 1, "pBeginLit9": 35, "pDevelopLi": 43, "pProfLit9": 22, "pDistLit9": 1, "DevPlus_11": 145, "ProfPlus11": 49, "pDevPlusLi": 65, "pProfPlusL": 22, "NTestedPhy": 118, "Begin_CntP": 93, "Develop_12": 22, "Prof_CntPh": 3, "Dist_CntPh": 0, "pBeginPhys": 79, "pDevelopPh": 19, "pProfPhysS": 3, "pDistPhysS": 0, "DevPlus_12": 25, "ProfPlus12": 3, "pDevPlusPh": 21, "pProfPlusP": 3, "NTestedUSH": 191, "Begin_CntU": 96, "Develop_13": 72, "Prof_CntUS": 22, "Dist_CntUS": 1, "pBeginUSHi": 50, "pDevelopUS": 38, "pProfUSHis": 12, "pDistUSHis": 1, "DevPlus_13": 95, "ProfPlus13": 23, "pDevPlusUS": 50, "pProfPlusU": 12, "NDropout71": 44, "pNDropout7": 6, "Graduation": 72, "NUMBER_OF_": 132, "pHopeEligi": 34, "chENROLLME": -164, "pchENROLLM": -19.45, "chCCRPI": 0, "chpProfPlu": 0, "chpProfP_1": 0, "chpProfP_2": 0, "chpProfP_3": 0, "chpELA8": 0, "chpProfP_4": 0, "chpProfP_5": -1, "chpProfP_6": 11, "chpProfP_7": 0, "chpProfP_8": 0, "chpProfP_9": 0, "chpProfP10": 1, "chpProfP11": -14, "chpProfP12": 9, "chpProfP13": 1, "chpProfP14": 10, "GlobalID": "{CD22A527-24E2-4553-9AAD-3E8AC7EB1975}", "created_us": "opendata@arc", "created_da": "2020-03-25T00:00:00Z", "last_edite": "opendata@arc", "last_edi_1": "2020-03-25T00:00:00Z" }, "geometry": { "type": "Point", "coordinates": [ -84.420809212575463, 33.753494433910056 ] } },
{ "type": "Feature", "properties": { "OBJECTID": 2075, "SysSchool": 7610373, "GradeRange": "06-08", "SchoolAddr": "545 Hill St SE", "SchoolCity": "Atlanta", "STATE": "GA", "SchoolZipC": "30312-3003", "MailAddres": "545 Hill St SE", "MailCity": "Atlanta", "MailZipCod": "30312-3003", "PrincipalN": "Brown, Paul", "PrincipalE": "pwbrown@atlanta.k12.g.us", "SchoolPhon": "404.802.5400", "SchoolFax": "404.330.4196", "longitude": -84.379902, "latitude": 33.738571, "Year": 2019, "SchoolYear": "2018-19", "SystemID": 761, "SystemName": "Atlanta Public Schools", "SchoolID": 373, "SchoolName": "King Middle School", "Type": "Middle School", "ENROLLMENT": 790, "ENROLL_PER": 0, "ENROLL_P_1": 0, "ENROLL_P_2": 88, "ENROLL_P_3": 8, "ENROLL_P_4": 1, "ENROLL_P_5": 2, "ENROLL_P_6": 0, "ENROLL_P_7": 100, "ENROLL_P_8": 22, "ENROLL_P_9": 5, "ENROLL_PCT": 3, "ENROLL_P10": 7, "direct_cer": 66, "pAbsent0_5": 46, "pAbsent6_1": 35, "pAbsent16P": 19, "Churn": 28, "TeacherCou": 56, "AvgExp": 12, "pYrsLt1": 9, "pYears1_10": 32, "pYears11_2": 39, "pYears21_3": 20, "pYearsGt30": 0, "Debt": 0, "GenAdmin": 0, "Instructio": 6997, "Support": 444, "Ops": 831, "Media": 135, "PServices": 566, "Capital": 0, "SchoolAdmi": 959, "Food": 0, "Transport": 32, "TotalSpend": 9965, "CCRPI": 71, "ClimateSta": 3, "NTestedELA": 0, "Begin_CntE": 0, "Develop_Cn": 0, "Prof_CntEL": 0, "Dist_CntEL": 0, "pBeginELA3": 0, "pDevelopEL": 0, "pProfELA3": 0, "pDistELA3": 0, "DevPlus_Cn": 0, "ProfPlus_C": 0, "pDevPlusEL": 0, "pProfPlusE": 0, "NTestedE_1": 0, "Begin_Cn_1": 0, "Develop__1": 0, "Prof_Cnt_1": 0, "Dist_Cnt_1": 0, "pBeginELA5": 0, "pDevelop_1": 0, "pProfELA5": 0, "pDistELA5": 0, "DevPlus__1": 0, "ProfPlus_1": 0, "pDevPlus_1": 0, "pProfPlu_1": 0, "NTestedMat": 0, "Begin_CntM": 0, "Develop__2": 0, "Prof_CntMa": 0, "Dist_CntMa": 0, "pBeginMath": 0, "pDevelopMa": 0, "pProfMath3": 0, "pDistMath3": 0, "DevPlus__2": 0, "ProfPlus_2": 0, "pDevPlusMa": 0, "pProfPlusM": 0, "NTestedM_1": 0, "Begin_Cn_2": 0, "Develop__3": 0, "Prof_Cnt_2": 0, "Dist_Cnt_2": 0, "pBeginMa_1": 0, "pDevelop_2": 0, "pProfMath5": 0, "pDistMath5": 0, "DevPlus__3": 0, "ProfPlus_3": 0, "pDevPlus_2": 0, "pProfPlu_2": 0, "NTestedE_2": 207, "BeginELA8_": 70, "DevelopELA": 81, "ProfELA8_C": 51, "DistELA8_C": 5, "NTestedM_2": 207, "BeginMath8": 80, "DevelopMat": 84, "ProfMath8_": 35, "DistMath8_": 8, "pBeginELA8": 34, "pDevelop_3": 39, "pProfELA8": 25, "pDistELA8": 2, "pBeginMa_2": 39, "pDevelop_4": 41, "pProfMath8": 17, "pDistMath8": 4, "DevPlusELA": 137, "ProfPlusEL": 56, "pDevPlus_3": 66, "pProfPlu_3": 27, "DevPlusMat": 127, "ProfPlusMa": 43, "pDevPlus_4": 61, "pProfPlu_4": 21, "NTestedAlg": 0, "Begin_CntA": 0, "Develop__4": 0, "Prof_CntAl": 0, "Dist_CntAl": 0, "pBeginAlge": 0, "pDevelopAl": 0, "pProfAlgeb": 0, "pDistAlgeb": 0, "DevPlus__4": 0, "ProfPlus_4": 0, "pDevPlusAl": 0, "pProfPlusA": 0, "NTestedAmL": 0, "Begin_Cn_3": 0, "Develop__5": 0, "Prof_CntAm": 0, "Dist_CntAm": 0, "pBeginAmLi": 0, "pDevelopAm": 0, "pProfAmLit": 0, "pDistAmLit": 0, "DevPlus__5": 0, "ProfPlus_5": 0, "pDevPlusAm": 0, "pProfPlu_5": 0, "NTestedAna": 0, "Begin_Cn_4": 0, "Develop__6": 0, "Prof_CntAn": 0, "Dist_CntAn": 0, "pBeginAnal": 0, "pDevelopAn": 0, "pProfAnalG": 0, "pDistAnalG": 0, "DevPlus__6": 0, "ProfPlus_6": 0, "pDevPlusAn": 0, "pProfPlu_6": 0, "NTestedBio": 0, "Begin_CntB": 0, "Develop__7": 0, "Prof_CntBi": 0, "Dist_CntBi": 0, "pBeginBiol": 0, "pDevelopBi": 0, "pProfBiolo": 0, "pDistBiolo": 0, "DevPlus__7": 0, "ProfPlus_7": 0, "pDevPlusBi": 0, "pProfPlusB": 0, "NTestedCoo": 0, "Begin_CntC": 0, "Develop__8": 0, "Prof_CntCo": 0, "Dist_CntCo": 0, "pBeginCoor": 0, "pDevelopCo": 0, "pProfCoord": 0, "pDistCoord": 0, "DevPlus__8": 0, "ProfPlus_8": 0, "pDevPlusCo": 0, "pProfPlusC": 0, "NTestedEco": 0, "Begin_Cn_5": 0, "Develop__9": 0, "Prof_CntEc": 0, "Dist_CntEc": 0, "pBeginEcon": 0, "pDevelopEc": 0, "pProfEcon": 0, "pDistEcon": 0, "DevPlus__9": 0, "ProfPlus_9": 0, "pDevPlusEc": 0, "pProfPlu_7": 0, "NTestedGeo": 0, "Begin_CntG": 0, "Develop_10": 0, "Prof_CntGe": 0, "Dist_CntGe": 0, "pBeginGeom": 0, "pDevelopGe": 0, "pProfGeome": 0, "pDistGeome": 0, "DevPlus_10": 0, "ProfPlus10": 0, "pDevPlusGe": 0, "pProfPlusG": 0, "NTestedLit": 0, "Begin_CntL": 0, "Develop_11": 0, "Prof_CntLi": 0, "Dist_CntLi": 0, "pBeginLit9": 0, "pDevelopLi": 0, "pProfLit9": 0, "pDistLit9": 0, "DevPlus_11": 0, "ProfPlus11": 0, "pDevPlusLi": 0, "pProfPlusL": 0, "NTestedPhy": 0, "Begin_CntP": 0, "Develop_12": 0, "Prof_CntPh": 0, "Dist_CntPh": 0, "pBeginPhys": 0, "pDevelopPh": 0, "pProfPhysS": 0, "pDistPhysS": 0, "DevPlus_12": 0, "ProfPlus12": 0, "pDevPlusPh": 0, "pProfPlusP": 0, "NTestedUSH": 0, "Begin_CntU": 0, "Develop_13": 0, "Prof_CntUS": 0, "Dist_CntUS": 0, "pBeginUSHi": 0, "pDevelopUS": 0, "pProfUSHis": 0, "pDistUSHis": 0, "DevPlus_13": 0, "ProfPlus13": 0, "pDevPlusUS": 0, "pProfPlusU": 0, "NDropout71": 18, "pNDropout7": 3, "Graduation": 0, "NUMBER_OF_": 0, "pHopeEligi": 0, "chENROLLME": 155, "pchENROLLM": 24.4, "chCCRPI": 14, "chpProfPlu": 0, "chpProfP_1": 0, "chpProfP_2": 0, "chpProfP_3": 0, "chpELA8": 5, "chpProfP_4": 4, "chpProfP_5": 0, "chpProfP_6": 0, "chpProfP_7": 0, "chpProfP_8": 0, "chpProfP_9": 0, "chpProfP10": 0, "chpProfP11": 0, "chpProfP12": 0, "chpProfP13": 0, "chpProfP14": 0, "GlobalID": "{08EDBF96-3A51-4667-AD23-B6164CE9B486}", "created_us": "opendata@arc", "created_da": "2020-03-25T00:00:00Z", "last_edite": "opendata@arc", "last_edi_1": "2020-03-25T00:00:00Z" }, "geometry": { "type": "Point", "coordinates": [ -84.379906200285774, 33.738577431817149 ] } },
{ "type": "Feature", "properties": { "OBJECTID": 2076, "SysSchool": 7610403, "GradeRange": "06-12", "SchoolAddr": "2930 Forrest Hills Dr SW", "SchoolCity": "Atlanta", "STATE": "GA", "SchoolZipC": "30315-9027", "MailAddres": "2930 Forrest Hills Dr SW", "MailCity": "Atlanta", "MailZipCod": "30315-9027", "PrincipalN": "Robinson, Zawadaski", "PrincipalE": "zrobinson@atlanta.k12.ga.us", "SchoolPhon": "404.591.7275", "SchoolFax": "404.792.5998", "longitude": -84.398465, "latitude": 33.675042, "Year": 2019, "SchoolYear": "2018-19", "SystemID": 761, "SystemName": "Atlanta Public Schools", "SchoolID": 403, "SchoolName": "APS-Forrest Hills Academy", "Type": "High School", "ENROLLMENT": 129, "ENROLL_PER": 0, "ENROLL_P_1": 0, "ENROLL_P_2": 95, "ENROLL_P_3": 4, "ENROLL_P_4": 1, "ENROLL_P_5": 1, "ENROLL_P_6": 0, "ENROLL_P_7": 100, "ENROLL_P_8": 16, "ENROLL_P_9": 2, "ENROLL_PCT": 1, "ENROLL_P10": 0, "direct_cer": 76, "pAbsent0_5": 35, "pAbsent6_1": 26, "pAbsent16P": 39, "Churn": 448, "TeacherCou": 26, "AvgExp": 11, "pYrsLt1": 12, "pYears1_10": 31, "pYears11_2": 50, "pYears21_3": 8, "pYearsGt30": 0, "Debt": 0, "GenAdmin": 0, "Instructio": 18497, "Support": 131, "Ops": 3496, "Media": 743, "PServices": 8462, "Capital": 0, "SchoolAdmi": 6568, "Food": 0, "Transport": 23, "TotalSpend": 37920, "CCRPI": 29, "ClimateSta": 3, "NTestedELA": 0, "Begin_CntE": 0, "Develop_Cn": 0, "Prof_CntEL": 0, "Dist_CntEL": 0, "pBeginELA3": 0, "pDevelopEL": 0, "pProfELA3": 0, "pDistELA3": 0, "DevPlus_Cn": 0, "ProfPlus_C": 0, "pDevPlusEL": 0, "pProfPlusE": 0, "NTestedE_1": 0, "Begin_Cn_1": 0, "Develop__1": 0, "Prof_Cnt_1": 0, "Dist_Cnt_1": 0, "pBeginELA5": 0, "pDevelop_1": 0, "pProfELA5": 0, "pDistELA5": 0, "DevPlus__1": 0, "ProfPlus_1": 0, "pDevPlus_1": 0, "pProfPlu_1": 0, "NTestedMat": 0, "Begin_CntM": 0, "Develop__2": 0, "Prof_CntMa": 0, "Dist_CntMa": 0, "pBeginMath": 0, "pDevelopMa": 0, "pProfMath3": 0, "pDistMath3": 0, "DevPlus__2": 0, "ProfPlus_2": 0, "pDevPlusMa": 0, "pProfPlusM": 0, "NTestedM_1": 0, "Begin_Cn_2": 0, "Develop__3": 0, "Prof_Cnt_2": 0, "Dist_Cnt_2": 0, "pBeginMa_1": 0, "pDevelop_2": 0, "pProfMath5": 0, "pDistMath5": 0, "DevPlus__3": 0, "ProfPlus_3": 0, "pDevPlus_2": 0, "pProfPlu_2": 0, "NTestedE_2": 64, "BeginELA8_": 42, "DevelopELA": 16, "ProfELA8_C": 6, "DistELA8_C": 0, "NTestedM_2": 67, "BeginMath8": 55, "DevelopMat": 9, "ProfMath8_": 2, "DistMath8_": 0, "pBeginELA8": 66, "pDevelop_3": 25, "pProfELA8": 9, "pDistELA8": 0, "pBeginMa_2": 82, "pDevelop_4": 13, "pProfMath8": 3, "pDistMath8": 0, "DevPlusELA": 22, "ProfPlusEL": 6, "pDevPlus_3": 34, "pProfPlu_3": 9, "DevPlusMat": 11, "ProfPlusMa": 2, "pDevPlus_4": 16, "pProfPlu_4": 3, "NTestedAlg": 43, "Begin_CntA": 37, "Develop__4": 6, "Prof_CntAl": 0, "Dist_CntAl": 0, "pBeginAlge": 86, "pDevelopAl": 14, "pProfAlgeb": 0, "pDistAlgeb": 0, "DevPlus__4": 6, "ProfPlus_4": 0, "pDevPlusAl": 14, "pProfPlusA": 0, "NTestedAmL": 15, "Begin_Cn_3": 12, "Develop__5": 3, "Prof_CntAm": 0, "Dist_CntAm": 0, "pBeginAmLi": 80, "pDevelopAm": 20, "pProfAmLit": 0, "pDistAmLit": 0, "DevPlus__5": 3, "ProfPlus_5": 0, "pDevPlusAm": 20, "pProfPlu_5": 0, "NTestedAna": 0, "Begin_Cn_4": 0, "Develop__6": 0, "Prof_CntAn": 0, "Dist_CntAn": 0, "pBeginAnal": 0, "pDevelopAn": 0, "pProfAnalG": 0, "pDistAnalG": 0, "DevPlus__6": 0, "ProfPlus_6": 0, "pDevPlusAn": 0, "pProfPlu_6": 0, "NTestedBio": 33, "Begin_CntB": 29, "Develop__7": 3, "Prof_CntBi": 1, "Dist_CntBi": 0, "pBeginBiol": 88, "pDevelopBi": 9, "pProfBiolo": 3, "pDistBiolo": 0, "DevPlus__7": 4, "ProfPlus_7": 1, "pDevPlusBi": 12, "pProfPlusB": 3, "NTestedCoo": 0, "Begin_CntC": 0, "Develop__8": 0, "Prof_CntCo": 0, "Dist_CntCo": 0, "pBeginCoor": 0, "pDevelopCo": 0, "pProfCoord": 0, "pDistCoord": 0, "DevPlus__8": 0, "ProfPlus_8": 0, "pDevPlusCo": 0, "pProfPlusC": 0, "NTestedEco": 61, "Begin_Cn_5": 60, "Develop__9": 1, "Prof_CntEc": 0, "Dist_CntEc": 0, "pBeginEcon": 98, "pDevelopEc": 2, "pProfEcon": 0, "pDistEcon": 0, "DevPlus__9": 1, "ProfPlus_9": 0, "pDevPlusEc": 2, "pProfPlu_7": 0, "NTestedGeo": 30, "Begin_CntG": 25, "Develop_10": 5, "Prof_CntGe": 0, "Dist_CntGe": 0, "pBeginGeom": 83, "pDevelopGe": 17, "pProfGeome": 0, "pDistGeome": 0, "DevPlus_10": 5, "ProfPlus10": 0, "pDevPlusGe": 17, "pProfPlusG": 0, "NTestedLit": 55, "Begin_CntL": 33, "Develop_11": 17, "Prof_CntLi": 5, "Dist_CntLi": 0, "pBeginLit9": 60, "pDevelopLi": 31, "pProfLit9": 9, "pDistLit9": 0, "DevPlus_11": 22, "ProfPlus11": 5, "pDevPlusLi": 40, "pProfPlusL": 9, "NTestedPhy": 14, "Begin_CntP": 11, "Develop_12": 3, "Prof_CntPh": 0, "Dist_CntPh": 0, "pBeginPhys": 79, "pDevelopPh": 21, "pProfPhysS": 0, "pDistPhysS": 0, "DevPlus_12": 3, "ProfPlus12": 0, "pDevPlusPh": 21, "pProfPlusP": 0, "NTestedUSH": 15, "Begin_CntU": 11, "Develop_13": 4, "Prof_CntUS": 0, "Dist_CntUS": 0, "pBeginUSHi": 73, "pDevelopUS": 27, "pProfUSHis": 0, "pDistUSHis": 0, "DevPlus_13": 4, "ProfPlus13": 0, "pDevPlusUS": 27, "pProfPlusU": 0, "NDropout71": 49, "pNDropout7": 12, "Graduation": 0, "NUMBER_OF_": 0, "pHopeEligi": 0, "chENROLLME": -55, "pchENROLLM": -29.89, "chCCRPI": 4, "chpProfPlu": 0, "chpProfP_1": 0, "chpProfP_2": 0, "chpProfP_3": 0, "chpELA8": 9, "chpProfP_4": 3, "chpProfP_5": 0, "chpProfP_6": 0, "chpProfP_7": 0, "chpProfP_8": 0, "chpProfP_9": 0, "chpProfP10": 0, "chpProfP11": 0, "chpProfP12": 7, "chpProfP13": 0, "chpProfP14": -8, "GlobalID": "{252B7E52-90A0-4788-A4BB-0CC6E8047D89}", "created_us": "opendata@arc", "created_da": "2020-03-25T00:00:00Z", "last_edite": "opendata@arc", "last_edi_1": "2020-03-25T00:00:00Z" }, "geometry": { "type": "Point", "coordinates": [ -84.398469202014169, 33.675048417758326 ] } },
{ "type": "Feature", "properties": { "OBJECTID": 2077, "SysSchool": 7610415, "GradeRange": "KK-12", "SchoolAddr": "3260 Northside Dr NW", "SchoolCity": "Atlanta", "STATE": "GA", "SchoolZipC": "30305-1910", "MailAddres": "3260 Northside Dr NW", "MailCity": "Atlanta", "MailZipCod": "30305-1910", "PrincipalN": "Knowles, Christopher", "PrincipalE": "cknowles@atlantaclassical.org", "SchoolPhon": "404.369.3500", "SchoolFax": " ", "longitude": -84.407871, "latitude": 33.843503, "Year": 2019, "SchoolYear": "2018-19", "SystemID": 761, "SystemName": "Atlanta Public Schools", "SchoolID": 415, "SchoolName": "Atlanta Classical Academy", "Type": "K12", "ENROLLMENT": 667, "ENROLL_PER": 2, "ENROLL_P_1": 0, "ENROLL_P_2": 13, "ENROLL_P_3": 10, "ENROLL_P_4": 3, "ENROLL_P_5": 71, "ENROLL_P_6": 0, "ENROLL_P_7": 3, "ENROLL_P_8": 6, "ENROLL_P_9": 5, "ENROLL_PCT": 3, "ENROLL_P10": 0, "direct_cer": 7, "pAbsent0_5": 72, "pAbsent6_1": 27, "pAbsent16P": 1, "Churn": 3, "TeacherCou": 53, "AvgExp": 8, "pYrsLt1": 8, "pYears1_10": 70, "pYears11_2": 19, "pYears21_3": 2, "pYearsGt30": 2, "Debt": 0, "GenAdmin": 0, "Instructio": 11431, "Support": 0, "Ops": 0, "Media": 0, "PServices": 0, "Capital": 0, "SchoolAdmi": 0, "Food": 0, "Transport": 0, "TotalSpend": 11431, "CCRPI": 0, "ClimateSta": 0, "NTestedELA": 54, "Begin_CntE": 9, "Develop_Cn": 10, "Prof_CntEL": 23, "Dist_CntEL": 12, "pBeginELA3": 17, "pDevelopEL": 19, "pProfELA3": 43, "pDistELA3": 22, "DevPlus_Cn": 45, "ProfPlus_C": 35, "pDevPlusEL": 83, "pProfPlusE": 65, "NTestedE_1": 54, "Begin_Cn_1": 2, "Develop__1": 12, "Prof_Cnt_1": 32, "Dist_Cnt_1": 8, "pBeginELA5": 4, "pDevelop_1": 22, "pProfELA5": 59, "pDistELA5": 15, "DevPlus__1": 52, "ProfPlus_1": 40, "pDevPlus_1": 96, "pProfPlu_1": 74, "NTestedMat": 54, "Begin_CntM": 0, "Develop__2": 12, "Prof_CntMa": 31, "Dist_CntMa": 11, "pBeginMath": 0, "pDevelopMa": 22, "pProfMath3": 57, "pDistMath3": 20, "DevPlus__2": 54, "ProfPlus_2": 42, "pDevPlusMa": 100, "pProfPlusM": 78, "NTestedM_1": 54, "Begin_Cn_2": 0, "Develop__3": 13, "Prof_Cnt_2": 26, "Dist_Cnt_2": 15, "pBeginMa_1": 0, "pDevelop_2": 24, "pProfMath5": 48, "pDistMath5": 28, "DevPlus__3": 54, "ProfPlus_3": 41, "pDevPlus_2": 100, "pProfPlu_2": 76, "NTestedE_2": 54, "BeginELA8_": 3, "DevelopELA": 14, "ProfELA8_C": 27, "DistELA8_C": 10, "NTestedM_2": 53, "BeginMath8": 9, "DevelopMat": 21, "ProfMath8_": 20, "DistMath8_": 0, "pBeginELA8": 6, "pDevelop_3": 26, "pProfELA8": 50, "pDistELA8": 19, "pBeginMa_2": 17, "pDevelop_4": 40, "pProfMath8": 38, "pDistMath8": 0, "DevPlusELA": 51, "ProfPlusEL": 37, "pDevPlus_3": 94, "pProfPlu_3": 69, "DevPlusMat": 41, "ProfPlusMa": 20, "pDevPlus_4": 77, "pProfPlu_4": 38, "NTestedAlg": 58, "Begin_CntA": 12, "Develop__4": 20, "Prof_CntAl": 26, "Dist_CntAl": 0, "pBeginAlge": 21, "pDevelopAl": 35, "pProfAlgeb": 45, "pDistAlgeb": 0, "DevPlus__4": 46, "ProfPlus_4": 26, "pDevPlusAl": 79, "pProfPlusA": 45, "NTestedAmL": 46, "Begin_Cn_3": 1, "Develop__5": 8, "Prof_CntAm": 26, "Dist_CntAm": 11, "pBeginAmLi": 2, "pDevelopAm": 17, "pProfAmLit": 57, "pDistAmLit": 24, "DevPlus__5": 45, "ProfPlus_5": 37, "pDevPlusAm": 98, "pProfPlu_5": 80, "NTestedAna": 0, "Begin_Cn_4": 0, "Develop__6": 0, "Prof_CntAn": 0, "Dist_CntAn": 0, "pBeginAnal": 0, "pDevelopAn": 0, "pProfAnalG": 0, "pDistAnalG": 0, "DevPlus__6": 0, "ProfPlus_6": 0, "pDevPlusAn": 0, "pProfPlu_6": 0, "NTestedBio": 49, "Begin_CntB": 9, "Develop__7": 7, "Prof_CntBi": 25, "Dist_CntBi": 8, "pBeginBiol": 18, "pDevelopBi": 14, "pProfBiolo": 51, "pDistBiolo": 16, "DevPlus__7": 40, "ProfPlus_7": 33, "pDevPlusBi": 82, "pProfPlusB": 67, "NTestedCoo": 0, "Begin_CntC": 0, "Develop__8": 0, "Prof_CntCo": 0, "Dist_CntCo": 0, "pBeginCoor": 0, "pDevelopCo": 0, "pProfCoord": 0, "pDistCoord": 0, "DevPlus__8": 0, "ProfPlus_8": 0, "pDevPlusCo": 0, "pProfPlusC": 0, "NTestedEco": 34, "Begin_Cn_5": 3, "Develop__9": 4, "Prof_CntEc": 24, "Dist_CntEc": 3, "pBeginEcon": 9, "pDevelopEc": 12, "pProfEcon": 71, "pDistEcon": 9, "DevPlus__9": 31, "ProfPlus_9": 27, "pDevPlusEc": 91, "pProfPlu_7": 79, "NTestedGeo": 62, "Begin_CntG": 11, "Develop_10": 23, "Prof_CntGe": 24, "Dist_CntGe": 4, "pBeginGeom": 18, "pDevelopGe": 37, "pProfGeome": 39, "pDistGeome": 7, "DevPlus_10": 51, "ProfPlus10": 28, "pDevPlusGe": 82, "pProfPlusG": 45, "NTestedLit": 48, "Begin_CntL": 1, "Develop_11": 6, "Prof_CntLi": 20, "Dist_CntLi": 21, "pBeginLit9": 2, "pDevelopLi": 13, "pProfLit9": 42, "pDistLit9": 44, "DevPlus_11": 47, "ProfPlus11": 41, "pDevPlusLi": 98, "pProfPlusL": 86, "NTestedPhy": 0, "Begin_CntP": 0, "Develop_12": 0, "Prof_CntPh": 0, "Dist_CntPh": 0, "pBeginPhys": 0, "pDevelopPh": 0, "pProfPhysS": 0, "pDistPhysS": 0, "DevPlus_12": 0, "ProfPlus12": 0, "pDevPlusPh": 0, "pProfPlusP": 0, "NTestedUSH": 33, "Begin_CntU": 0, "Develop_13": 10, "Prof_CntUS": 15, "Dist_CntUS": 8, "pBeginUSHi": 0, "pDevelopUS": 30, "pProfUSHis": 46, "pDistUSHis": 24, "DevPlus_13": 33, "ProfPlus13": 23, "pDevPlusUS": 100, "pProfPlusU": 70, "NDropout71": 0, "pNDropout7": 0, "Graduation": 89, "NUMBER_OF_": 33, "pHopeEligi": 88, "chENROLLME": 130, "pchENROLLM": 24.2, "chCCRPI": 0, "chpProfPlu": 7, "chpProfP_1": 32, "chpProfP_2": 4, "chpProfP_3": 33, "chpELA8": -11, "chpProfP_4": -2, "chpProfP_5": 0, "chpProfP_6": 0, "chpProfP_7": 0, "chpProfP_8": 0, "chpProfP_9": 0, "chpProfP10": 0, "chpProfP11": -40, "chpProfP12": 2, "chpProfP13": 0, "chpProfP14": 0, "GlobalID": "{49E5E49E-EEEA-4011-A30B-2EF7391B2E31}", "created_us": "opendata@arc", "created_da": "2020-03-25T00:00:00Z", "last_edite": "opendata@arc", "last_edi_1": "2020-03-25T00:00:00Z" }, "geometry": { "type": "Point", "coordinates": [ -84.407875214317471, 33.843509454227963 ] } },
{ "type": "Feature", "properties": { "OBJECTID": 2078, "SysSchool": 7610505, "GradeRange": "KK-05", "SchoolAddr": "688 Grant St SE", "SchoolCity": "Atlanta", "STATE": "GA", "SchoolZipC": "30315-1420", "MailAddres": "688 Grant St SE", "MailCity": "Atlanta", "MailZipCod": "30315-1420", "PrincipalN": "Zelski, Lara", "PrincipalE": "lzelski@neighborhoodcharter.com", "SchoolPhon": "404.624.6226", "SchoolFax": "404.624.9093", "longitude": -84.376071, "latitude": 33.735716, "Year": 2019, "SchoolYear": "2018-19", "SystemID": 761, "SystemName": "Atlanta Public Schools", "SchoolID": 505, "SchoolName": "Atlanta Neighborhood Charter - Elementary", "Type": "Elementary School", "ENROLLMENT": 396, "ENROLL_PER": 1, "ENROLL_P_1": 0, "ENROLL_P_2": 14, "ENROLL_P_3": 4, "ENROLL_P_4": 10, "ENROLL_P_5": 71, "ENROLL_P_6": 0, "ENROLL_P_7": 9, "ENROLL_P_8": 9, "ENROLL_P_9": 2, "ENROLL_PCT": 1, "ENROLL_P10": 0, "direct_cer": 5, "pAbsent0_5": 63, "pAbsent6_1": 33, "pAbsent16P": 4, "Churn": 2, "TeacherCou": 37, "AvgExp": 11, "pYrsLt1": 0, "pYears1_10": 51, "pYears11_2": 41, "pYears21_3": 8, "pYearsGt30": 0, "Debt": 0, "GenAdmin": 0, "Instructio": 15811, "Support": 0, "Ops": 89, "Media": 0, "PServices": 0, "Capital": 0, "SchoolAdmi": 0, "Food": 0, "Transport": 0, "TotalSpend": 15899, "CCRPI": 84, "ClimateSta": 3, "NTestedELA": 65, "Begin_CntE": 4, "Develop_Cn": 17, "Prof_CntEL": 32, "Dist_CntEL": 12, "pBeginELA3": 6, "pDevelopEL": 26, "pProfELA3": 49, "pDistELA3": 19, "DevPlus_Cn": 61, "ProfPlus_C": 44, "pDevPlusEL": 94, "pProfPlusE": 68, "NTestedE_1": 67, "Begin_Cn_1": 6, "Develop__1": 9, "Prof_Cnt_1": 38, "Dist_Cnt_1": 14, "pBeginELA5": 9, "pDevelop_1": 13, "pProfELA5": 57, "pDistELA5": 21, "DevPlus__1": 61, "ProfPlus_1": 52, "pDevPlus_1": 91, "pProfPlu_1": 78, "NTestedMat": 65, "Begin_CntM": 7, "Develop__2": 19, "Prof_CntMa": 28, "Dist_CntMa": 11, "pBeginMath": 11, "pDevelopMa": 29, "pProfMath3": 43, "pDistMath3": 17, "DevPlus__2": 58, "ProfPlus_2": 39, "pDevPlusMa": 89, "pProfPlusM": 60, "NTestedM_1": 67, "Begin_Cn_2": 5, "Develop__3": 14, "Prof_Cnt_2": 27, "Dist_Cnt_2": 21, "pBeginMa_1": 8, "pDevelop_2": 21, "pProfMath5": 40, "pDistMath5": 31, "DevPlus__3": 62, "ProfPlus_3": 48, "pDevPlus_2": 93, "pProfPlu_2": 72, "NTestedE_2": 0, "BeginELA8_": 0, "DevelopELA": 0, "ProfELA8_C": 0, "DistELA8_C": 0, "NTestedM_2": 0, "BeginMath8": 0, "DevelopMat": 0, "ProfMath8_": 0, "DistMath8_": 0, "pBeginELA8": 0, "pDevelop_3": 0, "pProfELA8": 0, "pDistELA8": 0, "pBeginMa_2": 0, "pDevelop_4": 0, "pProfMath8": 0, "pDistMath8": 0, "DevPlusELA": 0, "ProfPlusEL": 0, "pDevPlus_3": 0, "pProfPlu_3": 0, "DevPlusMat": 0, "ProfPlusMa": 0, "pDevPlus_4": 0, "pProfPlu_4": 0, "NTestedAlg": 0, "Begin_CntA": 0, "Develop__4": 0, "Prof_CntAl": 0, "Dist_CntAl": 0, "pBeginAlge": 0, "pDevelopAl": 0, "pProfAlgeb": 0, "pDistAlgeb": 0, "DevPlus__4": 0, "ProfPlus_4": 0, "pDevPlusAl": 0, "pProfPlusA": 0, "NTestedAmL": 0, "Begin_Cn_3": 0, "Develop__5": 0, "Prof_CntAm": 0, "Dist_CntAm": 0, "pBeginAmLi": 0, "pDevelopAm": 0, "pProfAmLit": 0, "pDistAmLit": 0, "DevPlus__5": 0, "ProfPlus_5": 0, "pDevPlusAm": 0, "pProfPlu_5": 0, "NTestedAna": 0, "Begin_Cn_4": 0, "Develop__6": 0, "Prof_CntAn": 0, "Dist_CntAn": 0, "pBeginAnal": 0, "pDevelopAn": 0, "pProfAnalG": 0, "pDistAnalG": 0, "DevPlus__6": 0, "ProfPlus_6": 0, "pDevPlusAn": 0, "pProfPlu_6": 0, "NTestedBio": 0, "Begin_CntB": 0, "Develop__7": 0, "Prof_CntBi": 0, "Dist_CntBi": 0, "pBeginBiol": 0, "pDevelopBi": 0, "pProfBiolo": 0, "pDistBiolo": 0, "DevPlus__7": 0, "ProfPlus_7": 0, "pDevPlusBi": 0, "pProfPlusB": 0, "NTestedCoo": 0, "Begin_CntC": 0, "Develop__8": 0, "Prof_CntCo": 0, "Dist_CntCo": 0, "pBeginCoor": 0, "pDevelopCo": 0, "pProfCoord": 0, "pDistCoord": 0, "DevPlus__8": 0, "ProfPlus_8": 0, "pDevPlusCo": 0, "pProfPlusC": 0, "NTestedEco": 0, "Begin_Cn_5": 0, "Develop__9": 0, "Prof_CntEc": 0, "Dist_CntEc": 0, "pBeginEcon": 0, "pDevelopEc": 0, "pProfEcon": 0, "pDistEcon": 0, "DevPlus__9": 0, "ProfPlus_9": 0, "pDevPlusEc": 0, "pProfPlu_7": 0, "NTestedGeo": 0, "Begin_CntG": 0, "Develop_10": 0, "Prof_CntGe": 0, "Dist_CntGe": 0, "pBeginGeom": 0, "pDevelopGe": 0, "pProfGeome": 0, "pDistGeome": 0, "DevPlus_10": 0, "ProfPlus10": 0, "pDevPlusGe": 0, "pProfPlusG": 0, "NTestedLit": 0, "Begin_CntL": 0, "Develop_11": 0, "Prof_CntLi": 0, "Dist_CntLi": 0, "pBeginLit9": 0, "pDevelopLi": 0, "pProfLit9": 0, "pDistLit9": 0, "DevPlus_11": 0, "ProfPlus11": 0, "pDevPlusLi": 0, "pProfPlusL": 0, "NTestedPhy": 0, "Begin_CntP": 0, "Develop_12": 0, "Prof_CntPh": 0, "Dist_CntPh": 0, "pBeginPhys": 0, "pDevelopPh": 0, "pProfPhysS": 0, "pDistPhysS": 0, "DevPlus_12": 0, "ProfPlus12": 0, "pDevPlusPh": 0, "pProfPlusP": 0, "NTestedUSH": 0, "Begin_CntU": 0, "Develop_13": 0, "Prof_CntUS": 0, "Dist_CntUS": 0, "pBeginUSHi": 0, "pDevelopUS": 0, "pProfUSHis": 0, "pDistUSHis": 0, "DevPlus_13": 0, "ProfPlus13": 0, "pDevPlusUS": 0, "pProfPlusU": 0, "NDropout71": 0, "pNDropout7": 0, "Graduation": 0, "NUMBER_OF_": 0, "pHopeEligi": 0, "chENROLLME": -26, "pchENROLLM": -6.16, "chCCRPI": -1, "chpProfPlu": 12, "chpProfP_1": 13, "chpProfP_2": 20, "chpProfP_3": 29, "chpELA8": 0, "chpProfP_4": 0, "chpProfP_5": 0, "chpProfP_6": 0, "chpProfP_7": 0, "chpProfP_8": 0, "chpProfP_9": 0, "chpProfP10": 0, "chpProfP11": 0, "chpProfP12": 0, "chpProfP13": 0, "chpProfP14": 0, "GlobalID": "{985B89D9-3D24-472D-8214-BC2D2CF52ECF}", "created_us": "opendata@arc", "created_da": "2020-03-25T00:00:00Z", "last_edite": "opendata@arc", "last_edi_1": "2020-03-25T00:00:00Z" }, "geometry": { "type": "Point", "coordinates": [ -84.376075199111028, 33.735722432336637 ] } },
{ "type": "Feature", "properties": { "OBJECTID": 2079, "SysSchool": 7610513, "GradeRange": "PK-05", "SchoolAddr": "4215 Bakers Ferry Rd SW", "SchoolCity": "Atlanta", "STATE": "GA", "SchoolZipC": "30331-4401", "MailAddres": "4215 Bakers Ferry Rd SW", "MailCity": "Atlanta", "MailZipCod": "30331-4401", "PrincipalN": "Perry, Thalise", "PrincipalE": "perryt@atlanta.k12.ga.us", "SchoolPhon": "404.802.8900", "SchoolFax": " ", "longitude": -84.525932, "latitude": 33.755622, "Year": 2019, "SchoolYear": "2018-19", "SystemID": 761, "SystemName": "Atlanta Public Schools", "SchoolID": 513, "SchoolName": "Miles Elementary School", "Type": "Elementary School", "ENROLLMENT": 564, "ENROLL_PER": 0, "ENROLL_P_1": 0, "ENROLL_P_2": 93, "ENROLL_P_3": 5, "ENROLL_P_4": 1, "ENROLL_P_5": 0, "ENROLL_P_6": 0, "ENROLL_P_7": 100, "ENROLL_P_8": 11, "ENROLL_P_9": 4, "ENROLL_PCT": 4, "ENROLL_P10": 4, "direct_cer": 77, "pAbsent0_5": 46, "pAbsent6_1": 39, "pAbsent16P": 16, "Churn": 36, "TeacherCou": 45, "AvgExp": 11, "pYrsLt1": 2, "pYears1_10": 44, "pYears11_2": 38, "pYears21_3": 16, "pYearsGt30": 0, "Debt": 0, "GenAdmin": 0, "Instructio": 8061, "Support": 256, "Ops": 255, "Media": 91, "PServices": 603, "Capital": 0, "SchoolAdmi": 951, "Food": 0, "Transport": 0, "TotalSpend": 10217, "CCRPI": 55, "ClimateSta": 2, "NTestedELA": 84, "Begin_CntE": 49, "Develop_Cn": 18, "Prof_CntEL": 16, "Dist_CntEL": 1, "pBeginELA3": 58, "pDevelopEL": 21, "pProfELA3": 19, "pDistELA3": 1, "DevPlus_Cn": 35, "ProfPlus_C": 17, "pDevPlusEL": 42, "pProfPlusE": 20, "NTestedE_1": 108, "Begin_Cn_1": 59, "Develop__1": 41, "Prof_Cnt_1": 7, "Dist_Cnt_1": 1, "pBeginELA5": 55, "pDevelop_1": 38, "pProfELA5": 7, "pDistELA5": 1, "DevPlus__1": 49, "ProfPlus_1": 8, "pDevPlus_1": 45, "pProfPlu_1": 7, "NTestedMat": 84, "Begin_CntM": 28, "Develop__2": 25, "Prof_CntMa": 27, "Dist_CntMa": 4, "pBeginMath": 33, "pDevelopMa": 30, "pProfMath3": 32, "pDistMath3": 5, "DevPlus__2": 56, "ProfPlus_2": 31, "pDevPlusMa": 67, "pProfPlusM": 37, "NTestedM_1": 108, "Begin_Cn_2": 49, "Develop__3": 40, "Prof_Cnt_2": 13, "Dist_Cnt_2": 6, "pBeginMa_1": 45, "pDevelop_2": 37, "pProfMath5": 12, "pDistMath5": 6, "DevPlus__3": 59, "ProfPlus_3": 19, "pDevPlus_2": 55, "pProfPlu_2": 18, "NTestedE_2": 0, "BeginELA8_": 0, "DevelopELA": 0, "ProfELA8_C": 0, "DistELA8_C": 0, "NTestedM_2": 0, "BeginMath8": 0, "DevelopMat": 0, "ProfMath8_": 0, "DistMath8_": 0, "pBeginELA8": 0, "pDevelop_3": 0, "pProfELA8": 0, "pDistELA8": 0, "pBeginMa_2": 0, "pDevelop_4": 0, "pProfMath8": 0, "pDistMath8": 0, "DevPlusELA": 0, "ProfPlusEL": 0, "pDevPlus_3": 0, "pProfPlu_3": 0, "DevPlusMat": 0, "ProfPlusMa": 0, "pDevPlus_4": 0, "pProfPlu_4": 0, "NTestedAlg": 0, "Begin_CntA": 0, "Develop__4": 0, "Prof_CntAl": 0, "Dist_CntAl": 0, "pBeginAlge": 0, "pDevelopAl": 0, "pProfAlgeb": 0, "pDistAlgeb": 0, "DevPlus__4": 0, "ProfPlus_4": 0, "pDevPlusAl": 0, "pProfPlusA": 0, "NTestedAmL": 0, "Begin_Cn_3": 0, "Develop__5": 0, "Prof_CntAm": 0, "Dist_CntAm": 0, "pBeginAmLi": 0, "pDevelopAm": 0, "pProfAmLit": 0, "pDistAmLit": 0, "DevPlus__5": 0, "ProfPlus_5": 0, "pDevPlusAm": 0, "pProfPlu_5": 0, "NTestedAna": 0, "Begin_Cn_4": 0, "Develop__6": 0, "Prof_CntAn": 0, "Dist_CntAn": 0, "pBeginAnal": 0, "pDevelopAn": 0, "pProfAnalG": 0, "pDistAnalG": 0, "DevPlus__6": 0, "ProfPlus_6": 0, "pDevPlusAn": 0, "pProfPlu_6": 0, "NTestedBio": 0, "Begin_CntB": 0, "Develop__7": 0, "Prof_CntBi": 0, "Dist_CntBi": 0, "pBeginBiol": 0, "pDevelopBi": 0, "pProfBiolo": 0, "pDistBiolo": 0, "DevPlus__7": 0, "ProfPlus_7": 0, "pDevPlusBi": 0, "pProfPlusB": 0, "NTestedCoo": 0, "Begin_CntC": 0, "Develop__8": 0, "Prof_CntCo": 0, "Dist_CntCo": 0, "pBeginCoor": 0, "pDevelopCo": 0, "pProfCoord": 0, "pDistCoord": 0, "DevPlus__8": 0, "ProfPlus_8": 0, "pDevPlusCo": 0, "pProfPlusC": 0, "NTestedEco": 0, "Begin_Cn_5": 0, "Develop__9": 0, "Prof_CntEc": 0, "Dist_CntEc": 0, "pBeginEcon": 0, "pDevelopEc": 0, "pProfEcon": 0, "pDistEcon": 0, "DevPlus__9": 0, "ProfPlus_9": 0, "pDevPlusEc": 0, "pProfPlu_7": 0, "NTestedGeo": 0, "Begin_CntG": 0, "Develop_10": 0, "Prof_CntGe": 0, "Dist_CntGe": 0, "pBeginGeom": 0, "pDevelopGe": 0, "pProfGeome": 0, "pDistGeome": 0, "DevPlus_10": 0, "ProfPlus10": 0, "pDevPlusGe": 0, "pProfPlusG": 0, "NTestedLit": 0, "Begin_CntL": 0, "Develop_11": 0, "Prof_CntLi": 0, "Dist_CntLi": 0, "pBeginLit9": 0, "pDevelopLi": 0, "pProfLit9": 0, "pDistLit9": 0, "DevPlus_11": 0, "ProfPlus11": 0, "pDevPlusLi": 0, "pProfPlusL": 0, "NTestedPhy": 0, "Begin_CntP": 0, "Develop_12": 0, "Prof_CntPh": 0, "Dist_CntPh": 0, "pBeginPhys": 0, "pDevelopPh": 0, "pProfPhysS": 0, "pDistPhysS": 0, "DevPlus_12": 0, "ProfPlus12": 0, "pDevPlusPh": 0, "pProfPlusP": 0, "NTestedUSH": 0, "Begin_CntU": 0, "Develop_13": 0, "Prof_CntUS": 0, "Dist_CntUS": 0, "pBeginUSHi": 0, "pDevelopUS": 0, "pProfUSHis": 0, "pDistUSHis": 0, "DevPlus_13": 0, "ProfPlus13": 0, "pDevPlusUS": 0, "pProfPlusU": 0, "NDropout71": 0, "pNDropout7": 0, "Graduation": 0, "NUMBER_OF_": 0, "pHopeEligi": 0, "chENROLLME": 204, "pchENROLLM": 56.66, "chCCRPI": -8, "chpProfPlu": 8, "chpProfP_1": 22, "chpProfP_2": -15, "chpProfP_3": -1, "chpELA8": 0, "chpProfP_4": 0, "chpProfP_5": 0, "chpProfP_6": 0, "chpProfP_7": 0, "chpProfP_8": 0, "chpProfP_9": 0, "chpProfP10": 0, "chpProfP11": 0, "chpProfP12": 0, "chpProfP13": 0, "chpProfP14": 0, "GlobalID": "{CA3DC3A0-B1BC-42AE-8707-331EE4A821B9}", "created_us": "opendata@arc", "created_da": "2020-03-25T00:00:00Z", "last_edite": "opendata@arc", "last_edi_1": "2020-03-25T00:00:00Z" }, "geometry": { "type": "Point", "coordinates": [ -84.525936243040704, 33.755628430748722 ] } },
{ "type": "Feature", "properties": { "OBJECTID": 2080, "SysSchool": 7610515, "GradeRange": "06-12", "SchoolAddr": "300 E Lake Blvd SE", "SchoolCity": "Atlanta", "STATE": "GA", "SchoolZipC": "30317-3100", "MailAddres": "300 E Lake Blvd SE", "MailCity": "Atlanta", "MailZipCod": "30317-3100", "PrincipalN": "McKnight, Peter", "PrincipalE": "peter.mcknight@drewcharterschool.org", "SchoolPhon": "404.687.0001", "SchoolFax": " ", "longitude": -84.310976, "latitude": 33.746401, "Year": 2019, "SchoolYear": "2018-19", "SystemID": 761, "SystemName": "Atlanta Public Schools", "SchoolID": 515, "SchoolName": "Charles Drew Charter School JA/SA", "Type": "High School", "ENROLLMENT": 833, "ENROLL_PER": 1, "ENROLL_P_1": 0, "ENROLL_P_2": 84, "ENROLL_P_3": 3, "ENROLL_P_4": 4, "ENROLL_P_5": 9, "ENROLL_P_6": 0, "ENROLL_P_7": 53, "ENROLL_P_8": 11, "ENROLL_P_9": 0, "ENROLL_PCT": 0, "ENROLL_P10": 21, "direct_cer": 26, "pAbsent0_5": 62, "pAbsent6_1": 30, "pAbsent16P": 8, "Churn": 3, "TeacherCou": 75, "AvgExp": 11, "pYrsLt1": 5, "pYears1_10": 53, "pYears11_2": 31, "pYears21_3": 11, "pYearsGt30": 0, "Debt": 0, "GenAdmin": 0, "Instructio": 14026, "Support": 0, "Ops": 264, "Media": 0, "PServices": 0, "Capital": 0, "SchoolAdmi": 0, "Food": 0, "Transport": 0, "TotalSpend": 14289, "CCRPI": 78, "ClimateSta": 4, "NTestedELA": 0, "Begin_CntE": 0, "Develop_Cn": 0, "Prof_CntEL": 0, "Dist_CntEL": 0, "pBeginELA3": 0, "pDevelopEL": 0, "pProfELA3": 0, "pDistELA3": 0, "DevPlus_Cn": 0, "ProfPlus_C": 0, "pDevPlusEL": 0, "pProfPlusE": 0, "NTestedE_1": 0, "Begin_Cn_1": 0, "Develop__1": 0, "Prof_Cnt_1": 0, "Dist_Cnt_1": 0, "pBeginELA5": 0, "pDevelop_1": 0, "pProfELA5": 0, "pDistELA5": 0, "DevPlus__1": 0, "ProfPlus_1": 0, "pDevPlus_1": 0, "pProfPlu_1": 0, "NTestedMat": 0, "Begin_CntM": 0, "Develop__2": 0, "Prof_CntMa": 0, "Dist_CntMa": 0, "pBeginMath": 0, "pDevelopMa": 0, "pProfMath3": 0, "pDistMath3": 0, "DevPlus__2": 0, "ProfPlus_2": 0, "pDevPlusMa": 0, "pProfPlusM": 0, "NTestedM_1": 0, "Begin_Cn_2": 0, "Develop__3": 0, "Prof_Cnt_2": 0, "Dist_Cnt_2": 0, "pBeginMa_1": 0, "pDevelop_2": 0, "pProfMath5": 0, "pDistMath5": 0, "DevPlus__3": 0, "ProfPlus_3": 0, "pDevPlus_2": 0, "pProfPlu_2": 0, "NTestedE_2": 134, "BeginELA8_": 8, "DevelopELA": 40, "ProfELA8_C": 58, "DistELA8_C": 28, "NTestedM_2": 134, "BeginMath8": 8, "DevelopMat": 57, "ProfMath8_": 51, "DistMath8_": 18, "pBeginELA8": 6, "pDevelop_3": 30, "pProfELA8": 43, "pDistELA8": 21, "pBeginMa_2": 6, "pDevelop_4": 43, "pProfMath8": 38, "pDistMath8": 13, "DevPlusELA": 126, "ProfPlusEL": 86, "pDevPlus_3": 94, "pProfPlu_3": 64, "DevPlusMat": 126, "ProfPlusMa": 69, "pDevPlus_4": 94, "pProfPlu_4": 52, "NTestedAlg": 132, "Begin_CntA": 24, "Develop__4": 45, "Prof_CntAl": 53, "Dist_CntAl": 10, "pBeginAlge": 18, "pDevelopAl": 34, "pProfAlgeb": 40, "pDistAlgeb": 8, "DevPlus__4": 108, "ProfPlus_4": 63, "pDevPlusAl": 82, "pProfPlusA": 48, "NTestedAmL": 109, "Begin_Cn_3": 14, "Develop__5": 40, "Prof_CntAm": 44, "Dist_CntAm": 11, "pBeginAmLi": 13, "pDevelopAm": 37, "pProfAmLit": 40, "pDistAmLit": 10, "DevPlus__5": 95, "ProfPlus_5": 55, "pDevPlusAm": 87, "pProfPlu_5": 51, "NTestedAna": 0, "Begin_Cn_4": 0, "Develop__6": 0, "Prof_CntAn": 0, "Dist_CntAn": 0, "pBeginAnal": 0, "pDevelopAn": 0, "pProfAnalG": 0, "pDistAnalG": 0, "DevPlus__6": 0, "ProfPlus_6": 0, "pDevPlusAn": 0, "pProfPlu_6": 0, "NTestedBio": 96, "Begin_CntB": 13, "Develop__7": 28, "Prof_CntBi": 45, "Dist_CntBi": 10, "pBeginBiol": 14, "pDevelopBi": 29, "pProfBiolo": 47, "pDistBiolo": 10, "DevPlus__7": 83, "ProfPlus_7": 55, "pDevPlusBi": 87, "pProfPlusB": 57, "NTestedCoo": 0, "Begin_CntC": 0, "Develop__8": 0, "Prof_CntCo": 0, "Dist_CntCo": 0, "pBeginCoor": 0, "pDevelopCo": 0, "pProfCoord": 0, "pDistCoord": 0, "DevPlus__8": 0, "ProfPlus_8": 0, "pDevPlusCo": 0, "pProfPlusC": 0, "NTestedEco": 75, "Begin_Cn_5": 11, "Develop__9": 20, "Prof_CntEc": 33, "Dist_CntEc": 11, "pBeginEcon": 15, "pDevelopEc": 27, "pProfEcon": 44, "pDistEcon": 15, "DevPlus__9": 64, "ProfPlus_9": 44, "pDevPlusEc": 85, "pProfPlu_7": 59, "NTestedGeo": 102, "Begin_CntG": 14, "Develop_10": 35, "Prof_CntGe": 43, "Dist_CntGe": 10, "pBeginGeom": 14, "pDevelopGe": 34, "pProfGeome": 42, "pDistGeome": 10, "DevPlus_10": 88, "ProfPlus10": 53, "pDevPlusGe": 86, "pProfPlusG": 52, "NTestedLit": 125, "Begin_CntL": 12, "Develop_11": 26, "Prof_CntLi": 58, "Dist_CntLi": 29, "pBeginLit9": 10, "pDevelopLi": 21, "pProfLit9": 46, "pDistLit9": 23, "DevPlus_11": 113, "ProfPlus11": 87, "pDevPlusLi": 90, "pProfPlusL": 70, "NTestedPhy": 41, "Begin_CntP": 0, "Develop_12": 8, "Prof_CntPh": 28, "Dist_CntPh": 5, "pBeginPhys": 0, "pDevelopPh": 20, "pProfPhysS": 68, "pDistPhysS": 12, "DevPlus_12": 41, "ProfPlus12": 33, "pDevPlusPh": 100, "pProfPlusP": 81, "NTestedUSH": 110, "Begin_CntU": 16, "Develop_13": 22, "Prof_CntUS": 44, "Dist_CntUS": 28, "pBeginUSHi": 15, "pDevelopUS": 20, "pProfUSHis": 40, "pDistUSHis": 26, "DevPlus_13": 94, "ProfPlus13": 72, "pDevPlusUS": 86, "pProfPlusU": 66, "NDropout71": 0, "pNDropout7": 0, "Graduation": 97, "NUMBER_OF_": 83, "pHopeEligi": 49, "chENROLLME": 142, "pchENROLLM": 20.54, "chCCRPI": -2, "chpProfPlu": 0, "chpProfP_1": 0, "chpProfP_2": 0, "chpProfP_3": 0, "chpELA8": 13, "chpProfP_4": 18, "chpProfP_5": 21, "chpProfP_6": -4, "chpProfP_7": 0, "chpProfP_8": 0, "chpProfP_9": 0, "chpProfP10": 0, "chpProfP11": 0, "chpProfP12": 21, "chpProfP13": 0, "chpProfP14": 35, "GlobalID": "{F24ACA65-D5AF-4570-9906-8D1D69B635F4}", "created_us": "opendata@arc", "created_da": "2020-03-25T00:00:00Z", "last_edite": "opendata@arc", "last_edi_1": "2020-03-25T00:00:00Z" }, "geometry": { "type": "Point", "coordinates": [ -84.31098017982589, 33.74640743731198 ] } },
{ "type": "Feature", "properties": { "OBJECTID": 2081, "SysSchool": 7610604, "GradeRange": "PK-05", "SchoolAddr": "631 Harwell Rd NW", "SchoolCity": "Atlanta", "STATE": "GA", "SchoolZipC": "30318-5905", "MailAddres": "631 Harwell Rd NW", "MailCity": "Atlanta", "MailZipCod": "30318-5905", "PrincipalN": "Parker, Jerry", "PrincipalE": "jparker@atlanta.k12.ga.us", "SchoolPhon": "404.802.5700", "SchoolFax": "404.699.4569", "longitude": -84.493977, "latitude": 33.772625, "Year": 2019, "SchoolYear": "2018-19", "SystemID": 761, "SystemName": "Atlanta Public Schools", "SchoolID": 604, "SchoolName": "Bazoline E. Usher/Collier Heights Elmentary School", "Type": "Elementary School", "ENROLLMENT": 397, "ENROLL_PER": 1, "ENROLL_P_1": 0, "ENROLL_P_2": 95, "ENROLL_P_3": 4, "ENROLL_P_4": 1, "ENROLL_P_5": 0, "ENROLL_P_6": 0, "ENROLL_P_7": 100, "ENROLL_P_8": 18, "ENROLL_P_9": 2, "ENROLL_PCT": 2, "ENROLL_P10": 2, "direct_cer": 79, "pAbsent0_5": 38, "pAbsent6_1": 44, "pAbsent16P": 18, "Churn": 29, "TeacherCou": 36, "AvgExp": 13, "pYrsLt1": 3, "pYears1_10": 42, "pYears11_2": 33, "pYears21_3": 22, "pYearsGt30": 0, "Debt": 0, "GenAdmin": 0, "Instructio": 9002, "Support": 2123, "Ops": 683, "Media": 259, "PServices": 966, "Capital": 0, "SchoolAdmi": 1354, "Food": 0, "Transport": 13, "TotalSpend": 14401, "CCRPI": 66, "ClimateSta": 2, "NTestedELA": 52, "Begin_CntE": 16, "Develop_Cn": 26, "Prof_CntEL": 9, "Dist_CntEL": 1, "pBeginELA3": 31, "pDevelopEL": 50, "pProfELA3": 17, "pDistELA3": 2, "DevPlus_Cn": 36, "ProfPlus_C": 10, "pDevPlusEL": 69, "pProfPlusE": 19, "NTestedE_1": 59, "Begin_Cn_1": 30, "Develop__1": 20, "Prof_Cnt_1": 8, "Dist_Cnt_1": 1, "pBeginELA5": 51, "pDevelop_1": 34, "pProfELA5": 14, "pDistELA5": 2, "DevPlus__1": 29, "ProfPlus_1": 9, "pDevPlus_1": 49, "pProfPlu_1": 15, "NTestedMat": 52, "Begin_CntM": 19, "Develop__2": 24, "Prof_CntMa": 9, "Dist_CntMa": 0, "pBeginMath": 37, "pDevelopMa": 46, "pProfMath3": 17, "pDistMath3": 0, "DevPlus__2": 33, "ProfPlus_2": 9, "pDevPlusMa": 64, "pProfPlusM": 17, "NTestedM_1": 59, "Begin_Cn_2": 29, "Develop__3": 26, "Prof_Cnt_2": 3, "Dist_Cnt_2": 1, "pBeginMa_1": 49, "pDevelop_2": 44, "pProfMath5": 5, "pDistMath5": 2, "DevPlus__3": 30, "ProfPlus_3": 4, "pDevPlus_2": 51, "pProfPlu_2": 7, "NTestedE_2": 0, "BeginELA8_": 0, "DevelopELA": 0, "ProfELA8_C": 0, "DistELA8_C": 0, "NTestedM_2": 0, "BeginMath8": 0, "DevelopMat": 0, "ProfMath8_": 0, "DistMath8_": 0, "pBeginELA8": 0, "pDevelop_3": 0, "pProfELA8": 0, "pDistELA8": 0, "pBeginMa_2": 0, "pDevelop_4": 0, "pProfMath8": 0, "pDistMath8": 0, "DevPlusELA": 0, "ProfPlusEL": 0, "pDevPlus_3": 0, "pProfPlu_3": 0, "DevPlusMat": 0, "ProfPlusMa": 0, "pDevPlus_4": 0, "pProfPlu_4": 0, "NTestedAlg": 0, "Begin_CntA": 0, "Develop__4": 0, "Prof_CntAl": 0, "Dist_CntAl": 0, "pBeginAlge": 0, "pDevelopAl": 0, "pProfAlgeb": 0, "pDistAlgeb": 0, "DevPlus__4": 0, "ProfPlus_4": 0, "pDevPlusAl": 0, "pProfPlusA": 0, "NTestedAmL": 0, "Begin_Cn_3": 0, "Develop__5": 0, "Prof_CntAm": 0, "Dist_CntAm": 0, "pBeginAmLi": 0, "pDevelopAm": 0, "pProfAmLit": 0, "pDistAmLit": 0, "DevPlus__5": 0, "ProfPlus_5": 0, "pDevPlusAm": 0, "pProfPlu_5": 0, "NTestedAna": 0, "Begin_Cn_4": 0, "Develop__6": 0, "Prof_CntAn": 0, "Dist_CntAn": 0, "pBeginAnal": 0, "pDevelopAn": 0, "pProfAnalG": 0, "pDistAnalG": 0, "DevPlus__6": 0, "ProfPlus_6": 0, "pDevPlusAn": 0, "pProfPlu_6": 0, "NTestedBio": 0, "Begin_CntB": 0, "Develop__7": 0, "Prof_CntBi": 0, "Dist_CntBi": 0, "pBeginBiol": 0, "pDevelopBi": 0, "pProfBiolo": 0, "pDistBiolo": 0, "DevPlus__7": 0, "ProfPlus_7": 0, "pDevPlusBi": 0, "pProfPlusB": 0, "NTestedCoo": 0, "Begin_CntC": 0, "Develop__8": 0, "Prof_CntCo": 0, "Dist_CntCo": 0, "pBeginCoor": 0, "pDevelopCo": 0, "pProfCoord": 0, "pDistCoord": 0, "DevPlus__8": 0, "ProfPlus_8": 0, "pDevPlusCo": 0, "pProfPlusC": 0, "NTestedEco": 0, "Begin_Cn_5": 0, "Develop__9": 0, "Prof_CntEc": 0, "Dist_CntEc": 0, "pBeginEcon": 0, "pDevelopEc": 0, "pProfEcon": 0, "pDistEcon": 0, "DevPlus__9": 0, "ProfPlus_9": 0, "pDevPlusEc": 0, "pProfPlu_7": 0, "NTestedGeo": 0, "Begin_CntG": 0, "Develop_10": 0, "Prof_CntGe": 0, "Dist_CntGe": 0, "pBeginGeom": 0, "pDevelopGe": 0, "pProfGeome": 0, "pDistGeome": 0, "DevPlus_10": 0, "ProfPlus10": 0, "pDevPlusGe": 0, "pProfPlusG": 0, "NTestedLit": 0, "Begin_CntL": 0, "Develop_11": 0, "Prof_CntLi": 0, "Dist_CntLi": 0, "pBeginLit9": 0, "pDevelopLi": 0, "pProfLit9": 0, "pDistLit9": 0, "DevPlus_11": 0, "ProfPlus11": 0, "pDevPlusLi": 0, "pProfPlusL": 0, "NTestedPhy": 0, "Begin_CntP": 0, "Develop_12": 0, "Prof_CntPh": 0, "Dist_CntPh": 0, "pBeginPhys": 0, "pDevelopPh": 0, "pProfPhysS": 0, "pDistPhysS": 0, "DevPlus_12": 0, "ProfPlus12": 0, "pDevPlusPh": 0, "pProfPlusP": 0, "NTestedUSH": 0, "Begin_CntU": 0, "Develop_13": 0, "Prof_CntUS": 0, "Dist_CntUS": 0, "pBeginUSHi": 0, "pDevelopUS": 0, "pProfUSHis": 0, "pDistUSHis": 0, "DevPlus_13": 0, "ProfPlus13": 0, "pDevPlusUS": 0, "pProfPlusU": 0, "NDropout71": 0, "pNDropout7": 0, "Graduation": 0, "NUMBER_OF_": 0, "pHopeEligi": 0, "chENROLLME": 5, "pchENROLLM": 1.27, "chCCRPI": 4, "chpProfPlu": 13, "chpProfP_1": 8, "chpProfP_2": -1, "chpProfP_3": -7, "chpELA8": 0, "chpProfP_4": 0, "chpProfP_5": 0, "chpProfP_6": 0, "chpProfP_7": 0, "chpProfP_8": 0, "chpProfP_9": 0, "chpProfP10": 0, "chpProfP11": 0, "chpProfP12": 0, "chpProfP13": 0, "chpProfP14": 0, "GlobalID": "{8777F56B-2C25-46FF-BD24-3F5800DAF300}", "created_us": "opendata@arc", "created_da": "2020-03-25T00:00:00Z", "last_edite": "opendata@arc", "last_edi_1": "2020-03-25T00:00:00Z" }, "geometry": { "type": "Point", "coordinates": [ -84.493981235210086, 33.772631434994743 ] } },
{ "type": "Feature", "properties": { "OBJECTID": 2082, "SysSchool": 7610605, "GradeRange": "05-08", "SchoolAddr": "350 Temple St NW", "SchoolCity": "Atlanta", "STATE": "GA", "SchoolZipC": "30314-2721", "MailAddres": "350 Temple St NW", "MailCity": "Atlanta", "MailZipCod": "30314-2721", "PrincipalN": "Snyder, Nathaniel", "PrincipalE": " ", "SchoolPhon": "404.475.1941", "SchoolFax": "404.475.1946", "longitude": -84.422724, "latitude": 33.764531, "Year": 2019, "SchoolYear": "2018-19", "SystemID": 761, "SystemName": "Atlanta Public Schools", "SchoolID": 605, "SchoolName": "KIPP West Atlanta Young Scholars Academy", "Type": "Middle School", "ENROLLMENT": 361, "ENROLL_PER": 0, "ENROLL_P_1": 0, "ENROLL_P_2": 97, "ENROLL_P_3": 1, "ENROLL_P_4": 1, "ENROLL_P_5": 0, "ENROLL_P_6": 0, "ENROLL_P_7": 100, "ENROLL_P_8": 6, "ENROLL_P_9": 1, "ENROLL_PCT": 1, "ENROLL_P10": 7, "direct_cer": 60, "pAbsent0_5": 72, "pAbsent6_1": 21, "pAbsent16P": 8, "Churn": 15, "TeacherCou": 25, "AvgExp": 6, "pYrsLt1": 4, "pYears1_10": 76, "pYears11_2": 20, "pYears21_3": 0, "pYearsGt30": 0, "Debt": 0, "GenAdmin": 0, "Instructio": 11934, "Support": 0, "Ops": 0, "Media": 0, "PServices": 0, "Capital": 0, "SchoolAdmi": 0, "Food": 0, "Transport": 0, "TotalSpend": 11934, "CCRPI": 69, "ClimateSta": 3, "NTestedELA": 0, "Begin_CntE": 0, "Develop_Cn": 0, "Prof_CntEL": 0, "Dist_CntEL": 0, "pBeginELA3": 0, "pDevelopEL": 0, "pProfELA3": 0, "pDistELA3": 0, "DevPlus_Cn": 0, "ProfPlus_C": 0, "pDevPlusEL": 0, "pProfPlusE": 0, "NTestedE_1": 86, "Begin_Cn_1": 25, "Develop__1": 31, "Prof_Cnt_1": 30, "Dist_Cnt_1": 0, "pBeginELA5": 29, "pDevelop_1": 36, "pProfELA5": 35, "pDistELA5": 0, "DevPlus__1": 61, "ProfPlus_1": 30, "pDevPlus_1": 71, "pProfPlu_1": 35, "NTestedMat": 0, "Begin_CntM": 0, "Develop__2": 0, "Prof_CntMa": 0, "Dist_CntMa": 0, "pBeginMath": 0, "pDevelopMa": 0, "pProfMath3": 0, "pDistMath3": 0, "DevPlus__2": 0, "ProfPlus_2": 0, "pDevPlusMa": 0, "pProfPlusM": 0, "NTestedM_1": 86, "Begin_Cn_2": 23, "Develop__3": 40, "Prof_Cnt_2": 21, "Dist_Cnt_2": 2, "pBeginMa_1": 27, "pDevelop_2": 47, "pProfMath5": 24, "pDistMath5": 2, "DevPlus__3": 63, "ProfPlus_3": 23, "pDevPlus_2": 73, "pProfPlu_2": 27, "NTestedE_2": 74, "BeginELA8_": 11, "DevelopELA": 35, "ProfELA8_C": 21, "DistELA8_C": 7, "NTestedM_2": 74, "BeginMath8": 17, "DevelopMat": 36, "ProfMath8_": 17, "DistMath8_": 4, "pBeginELA8": 15, "pDevelop_3": 47, "pProfELA8": 28, "pDistELA8": 10, "pBeginMa_2": 23, "pDevelop_4": 49, "pProfMath8": 23, "pDistMath8": 5, "DevPlusELA": 63, "ProfPlusEL": 28, "pDevPlus_3": 85, "pProfPlu_3": 38, "DevPlusMat": 57, "ProfPlusMa": 21, "pDevPlus_4": 77, "pProfPlu_4": 28, "NTestedAlg": 0, "Begin_CntA": 0, "Develop__4": 0, "Prof_CntAl": 0, "Dist_CntAl": 0, "pBeginAlge": 0, "pDevelopAl": 0, "pProfAlgeb": 0, "pDistAlgeb": 0, "DevPlus__4": 0, "ProfPlus_4": 0, "pDevPlusAl": 0, "pProfPlusA": 0, "NTestedAmL": 0, "Begin_Cn_3": 0, "Develop__5": 0, "Prof_CntAm": 0, "Dist_CntAm": 0, "pBeginAmLi": 0, "pDevelopAm": 0, "pProfAmLit": 0, "pDistAmLit": 0, "DevPlus__5": 0, "ProfPlus_5": 0, "pDevPlusAm": 0, "pProfPlu_5": 0, "NTestedAna": 0, "Begin_Cn_4": 0, "Develop__6": 0, "Prof_CntAn": 0, "Dist_CntAn": 0, "pBeginAnal": 0, "pDevelopAn": 0, "pProfAnalG": 0, "pDistAnalG": 0, "DevPlus__6": 0, "ProfPlus_6": 0, "pDevPlusAn": 0, "pProfPlu_6": 0, "NTestedBio": 0, "Begin_CntB": 0, "Develop__7": 0, "Prof_CntBi": 0, "Dist_CntBi": 0, "pBeginBiol": 0, "pDevelopBi": 0, "pProfBiolo": 0, "pDistBiolo": 0, "DevPlus__7": 0, "ProfPlus_7": 0, "pDevPlusBi": 0, "pProfPlusB": 0, "NTestedCoo": 0, "Begin_CntC": 0, "Develop__8": 0, "Prof_CntCo": 0, "Dist_CntCo": 0, "pBeginCoor": 0, "pDevelopCo": 0, "pProfCoord": 0, "pDistCoord": 0, "DevPlus__8": 0, "ProfPlus_8": 0, "pDevPlusCo": 0, "pProfPlusC": 0, "NTestedEco": 0, "Begin_Cn_5": 0, "Develop__9": 0, "Prof_CntEc": 0, "Dist_CntEc": 0, "pBeginEcon": 0, "pDevelopEc": 0, "pProfEcon": 0, "pDistEcon": 0, "DevPlus__9": 0, "ProfPlus_9": 0, "pDevPlusEc": 0, "pProfPlu_7": 0, "NTestedGeo": 0, "Begin_CntG": 0, "Develop_10": 0, "Prof_CntGe": 0, "Dist_CntGe": 0, "pBeginGeom": 0, "pDevelopGe": 0, "pProfGeome": 0, "pDistGeome": 0, "DevPlus_10": 0, "ProfPlus10": 0, "pDevPlusGe": 0, "pProfPlusG": 0, "NTestedLit": 0, "Begin_CntL": 0, "Develop_11": 0, "Prof_CntLi": 0, "Dist_CntLi": 0, "pBeginLit9": 0, "pDevelopLi": 0, "pProfLit9": 0, "pDistLit9": 0, "DevPlus_11": 0, "ProfPlus11": 0, "pDevPlusLi": 0, "pProfPlusL": 0, "NTestedPhy": 0, "Begin_CntP": 0, "Develop_12": 0, "Prof_CntPh": 0, "Dist_CntPh": 0, "pBeginPhys": 0, "pDevelopPh": 0, "pProfPhysS": 0, "pDistPhysS": 0, "DevPlus_12": 0, "ProfPlus12": 0, "pDevPlusPh": 0, "pProfPlusP": 0, "NTestedUSH": 0, "Begin_CntU": 0, "Develop_13": 0, "Prof_CntUS": 0, "Dist_CntUS": 0, "pBeginUSHi": 0, "pDevelopUS": 0, "pProfUSHis": 0, "pDistUSHis": 0, "DevPlus_13": 0, "ProfPlus13": 0, "pDevPlusUS": 0, "pProfPlusU": 0, "NDropout71": 0, "pNDropout7": 0, "Graduation": 0, "NUMBER_OF_": 0, "pHopeEligi": 0, "chENROLLME": 35, "pchENROLLM": 10.73, "chCCRPI": -12, "chpProfPlu": 0, "chpProfP_1": 0, "chpProfP_2": 4, "chpProfP_3": 17, "chpELA8": -5, "chpProfP_4": -12, "chpProfP_5": 0, "chpProfP_6": 0, "chpProfP_7": 0, "chpProfP_8": 0, "chpProfP_9": 0, "chpProfP10": 0, "chpProfP11": 0, "chpProfP12": 0, "chpProfP13": 0, "chpProfP14": 0, "GlobalID": "{3FF53A7D-D62D-4603-9E76-E5AA41A58C39}", "created_us": "opendata@arc", "created_da": "2020-03-25T00:00:00Z", "last_edite": "opendata@arc", "last_edi_1": "2020-03-25T00:00:00Z" }, "geometry": { "type": "Point", "coordinates": [ -84.422728214346648, 33.764537436180902 ] } },
{ "type": "Feature", "properties": { "OBJECTID": 2083, "SysSchool": 7611053, "GradeRange": "PK-05", "SchoolAddr": "1891 Johnson Rd NW", "SchoolCity": "Atlanta", "STATE": "GA", "SchoolZipC": "30318-4015", "MailAddres": "1891 Johnson Rd NW", "MailCity": "Atlanta", "MailZipCod": "30318-4015", "PrincipalN": "Kilpatrick, Joi", "PrincipalE": "joi.kilpatrick@atlanta.k12.ga.us", "SchoolPhon": "404.802.8150", "SchoolFax": "404.792.5763", "longitude": -84.449495, "latitude": 33.786252, "Year": 2019, "SchoolYear": "2018-19", "SystemID": 761, "SystemName": "Atlanta Public Schools", "SchoolID": 1053, "SchoolName": "Boyd Elementary School", "Type": "Elementary School", "ENROLLMENT": 436, "ENROLL_PER": 0, "ENROLL_P_1": 0, "ENROLL_P_2": 96, "ENROLL_P_3": 3, "ENROLL_P_4": 1, "ENROLL_P_5": 0, "ENROLL_P_6": 0, "ENROLL_P_7": 100, "ENROLL_P_8": 12, "ENROLL_P_9": 2, "ENROLL_PCT": 2, "ENROLL_P10": 1, "direct_cer": 87, "pAbsent0_5": 30, "pAbsent6_1": 37, "pAbsent16P": 34, "Churn": 32, "TeacherCou": 35, "AvgExp": 14, "pYrsLt1": 0, "pYears1_10": 34, "pYears11_2": 40, "pYears21_3": 26, "pYearsGt30": 0, "Debt": 0, "GenAdmin": 0, "Instructio": 8598, "Support": 1790, "Ops": 531, "Media": 284, "PServices": 897, "Capital": 0, "SchoolAdmi": 1011, "Food": 0, "Transport": 65, "TotalSpend": 13176, "CCRPI": 44, "ClimateSta": 1, "NTestedELA": 69, "Begin_CntE": 46, "Develop_Cn": 15, "Prof_CntEL": 8, "Dist_CntEL": 0, "pBeginELA3": 67, "pDevelopEL": 22, "pProfELA3": 12, "pDistELA3": 0, "DevPlus_Cn": 23, "ProfPlus_C": 8, "pDevPlusEL": 33, "pProfPlusE": 12, "NTestedE_1": 69, "Begin_Cn_1": 45, "Develop__1": 20, "Prof_Cnt_1": 4, "Dist_Cnt_1": 0, "pBeginELA5": 65, "pDevelop_1": 29, "pProfELA5": 6, "pDistELA5": 0, "DevPlus__1": 24, "ProfPlus_1": 4, "pDevPlus_1": 35, "pProfPlu_1": 6, "NTestedMat": 69, "Begin_CntM": 33, "Develop__2": 22, "Prof_CntMa": 14, "Dist_CntMa": 0, "pBeginMath": 48, "pDevelopMa": 32, "pProfMath3": 20, "pDistMath3": 0, "DevPlus__2": 36, "ProfPlus_2": 14, "pDevPlusMa": 52, "pProfPlusM": 20, "NTestedM_1": 69, "Begin_Cn_2": 45, "Develop__3": 23, "Prof_Cnt_2": 1, "Dist_Cnt_2": 0, "pBeginMa_1": 65, "pDevelop_2": 33, "pProfMath5": 1, "pDistMath5": 0, "DevPlus__3": 24, "ProfPlus_3": 1, "pDevPlus_2": 35, "pProfPlu_2": 1, "NTestedE_2": 0, "BeginELA8_": 0, "DevelopELA": 0, "ProfELA8_C": 0, "DistELA8_C": 0, "NTestedM_2": 0, "BeginMath8": 0, "DevelopMat": 0, "ProfMath8_": 0, "DistMath8_": 0, "pBeginELA8": 0, "pDevelop_3": 0, "pProfELA8": 0, "pDistELA8": 0, "pBeginMa_2": 0, "pDevelop_4": 0, "pProfMath8": 0, "pDistMath8": 0, "DevPlusELA": 0, "ProfPlusEL": 0, "pDevPlus_3": 0, "pProfPlu_3": 0, "DevPlusMat": 0, "ProfPlusMa": 0, "pDevPlus_4": 0, "pProfPlu_4": 0, "NTestedAlg": 0, "Begin_CntA": 0, "Develop__4": 0, "Prof_CntAl": 0, "Dist_CntAl": 0, "pBeginAlge": 0, "pDevelopAl": 0, "pProfAlgeb": 0, "pDistAlgeb": 0, "DevPlus__4": 0, "ProfPlus_4": 0, "pDevPlusAl": 0, "pProfPlusA": 0, "NTestedAmL": 0, "Begin_Cn_3": 0, "Develop__5": 0, "Prof_CntAm": 0, "Dist_CntAm": 0, "pBeginAmLi": 0, "pDevelopAm": 0, "pProfAmLit": 0, "pDistAmLit": 0, "DevPlus__5": 0, "ProfPlus_5": 0, "pDevPlusAm": 0, "pProfPlu_5": 0, "NTestedAna": 0, "Begin_Cn_4": 0, "Develop__6": 0, "Prof_CntAn": 0, "Dist_CntAn": 0, "pBeginAnal": 0, "pDevelopAn": 0, "pProfAnalG": 0, "pDistAnalG": 0, "DevPlus__6": 0, "ProfPlus_6": 0, "pDevPlusAn": 0, "pProfPlu_6": 0, "NTestedBio": 0, "Begin_CntB": 0, "Develop__7": 0, "Prof_CntBi": 0, "Dist_CntBi": 0, "pBeginBiol": 0, "pDevelopBi": 0, "pProfBiolo": 0, "pDistBiolo": 0, "DevPlus__7": 0, "ProfPlus_7": 0, "pDevPlusBi": 0, "pProfPlusB": 0, "NTestedCoo": 0, "Begin_CntC": 0, "Develop__8": 0, "Prof_CntCo": 0, "Dist_CntCo": 0, "pBeginCoor": 0, "pDevelopCo": 0, "pProfCoord": 0, "pDistCoord": 0, "DevPlus__8": 0, "ProfPlus_8": 0, "pDevPlusCo": 0, "pProfPlusC": 0, "NTestedEco": 0, "Begin_Cn_5": 0, "Develop__9": 0, "Prof_CntEc": 0, "Dist_CntEc": 0, "pBeginEcon": 0, "pDevelopEc": 0, "pProfEcon": 0, "pDistEcon": 0, "DevPlus__9": 0, "ProfPlus_9": 0, "pDevPlusEc": 0, "pProfPlu_7": 0, "NTestedGeo": 0, "Begin_CntG": 0, "Develop_10": 0, "Prof_CntGe": 0, "Dist_CntGe": 0, "pBeginGeom": 0, "pDevelopGe": 0, "pProfGeome": 0, "pDistGeome": 0, "DevPlus_10": 0, "ProfPlus10": 0, "pDevPlusGe": 0, "pProfPlusG": 0, "NTestedLit": 0, "Begin_CntL": 0, "Develop_11": 0, "Prof_CntLi": 0, "Dist_CntLi": 0, "pBeginLit9": 0, "pDevelopLi": 0, "pProfLit9": 0, "pDistLit9": 0, "DevPlus_11": 0, "ProfPlus11": 0, "pDevPlusLi": 0, "pProfPlusL": 0, "NTestedPhy": 0, "Begin_CntP": 0, "Develop_12": 0, "Prof_CntPh": 0, "Dist_CntPh": 0, "pBeginPhys": 0, "pDevelopPh": 0, "pProfPhysS": 0, "pDistPhysS": 0, "DevPlus_12": 0, "ProfPlus12": 0, "pDevPlusPh": 0, "pProfPlusP": 0, "NTestedUSH": 0, "Begin_CntU": 0, "Develop_13": 0, "Prof_CntUS": 0, "Dist_CntUS": 0, "pBeginUSHi": 0, "pDevelopUS": 0, "pProfUSHis": 0, "pDistUSHis": 0, "DevPlus_13": 0, "ProfPlus13": 0, "pDevPlusUS": 0, "pProfPlusU": 0, "NDropout71": 0, "pNDropout7": 0, "Graduation": 0, "NUMBER_OF_": 0, "pHopeEligi": 0, "chENROLLME": -47, "pchENROLLM": -9.73, "chCCRPI": -1, "chpProfPlu": 2, "chpProfP_1": 13, "chpProfP_2": 0, "chpProfP_3": -1, "chpELA8": 0, "chpProfP_4": 0, "chpProfP_5": 0, "chpProfP_6": 0, "chpProfP_7": 0, "chpProfP_8": 0, "chpProfP_9": 0, "chpProfP10": 0, "chpProfP11": 0, "chpProfP12": 0, "chpProfP13": 0, "chpProfP14": 0, "GlobalID": "{264C11D6-6D0C-4639-8B34-642428C3459B}", "created_us": "opendata@arc", "created_da": "2020-03-25T00:00:00Z", "last_edite": "opendata@arc", "last_edi_1": "2020-03-25T00:00:00Z" }, "geometry": { "type": "Point", "coordinates": [ -84.449499223437371, 33.786258439939175 ] } },
{ "type": "Feature", "properties": { "OBJECTID": 2084, "SysSchool": 7611063, "GradeRange": "PK-05", "SchoolAddr": "650 Cleveland Ave SW", "SchoolCity": "Atlanta", "STATE": "GA", "SchoolZipC": "30315-7904", "MailAddres": "650 Cleveland Ave SW", "MailCity": "Atlanta", "MailZipCod": "30315-7904", "PrincipalN": "Broadway, Shuanta", "PrincipalE": "sbroadway@atlanta.k12.ga.us", "SchoolPhon": "404.802.7650", "SchoolFax": "404.768.5690", "longitude": -84.409696, "latitude": 33.680697, "Year": 2019, "SchoolYear": "2018-19", "SystemID": 761, "SystemName": "Atlanta Public Schools", "SchoolID": 1063, "SchoolName": "Hutchinson Elementary School", "Type": "Elementary School", "ENROLLMENT": 426, "ENROLL_PER": 0, "ENROLL_P_1": 0, "ENROLL_P_2": 86, "ENROLL_P_3": 13, "ENROLL_P_4": 1, "ENROLL_P_5": 0, "ENROLL_P_6": 0, "ENROLL_P_7": 100, "ENROLL_P_8": 9, "ENROLL_P_9": 12, "ENROLL_PCT": 12, "ENROLL_P10": 5, "direct_cer": 74, "pAbsent0_5": 43, "pAbsent6_1": 41, "pAbsent16P": 16, "Churn": 56, "TeacherCou": 35, "AvgExp": 15, "pYrsLt1": 0, "pYears1_10": 37, "pYears11_2": 29, "pYears21_3": 34, "pYearsGt30": 0, "Debt": 0, "GenAdmin": 0, "Instructio": 7809, "Support": 576, "Ops": 561, "Media": 0, "PServices": 625, "Capital": 0, "SchoolAdmi": 844, "Food": 0, "Transport": 0, "TotalSpend": 10414, "CCRPI": 76, "ClimateSta": 3, "NTestedELA": 84, "Begin_CntE": 40, "Develop_Cn": 22, "Prof_CntEL": 22, "Dist_CntEL": 0, "pBeginELA3": 48, "pDevelopEL": 26, "pProfELA3": 26, "pDistELA3": 0, "DevPlus_Cn": 44, "ProfPlus_C": 22, "pDevPlusEL": 52, "pProfPlusE": 26, "NTestedE_1": 65, "Begin_Cn_1": 28, "Develop__1": 19, "Prof_Cnt_1": 17, "Dist_Cnt_1": 1, "pBeginELA5": 43, "pDevelop_1": 29, "pProfELA5": 26, "pDistELA5": 2, "DevPlus__1": 37, "ProfPlus_1": 18, "pDevPlus_1": 57, "pProfPlu_1": 28, "NTestedMat": 84, "Begin_CntM": 31, "Develop__2": 35, "Prof_CntMa": 18, "Dist_CntMa": 0, "pBeginMath": 37, "pDevelopMa": 42, "pProfMath3": 21, "pDistMath3": 0, "DevPlus__2": 53, "ProfPlus_2": 18, "pDevPlusMa": 63, "pProfPlusM": 21, "NTestedM_1": 65, "Begin_Cn_2": 31, "Develop__3": 21, "Prof_Cnt_2": 12, "Dist_Cnt_2": 1, "pBeginMa_1": 48, "pDevelop_2": 32, "pProfMath5": 19, "pDistMath5": 2, "DevPlus__3": 34, "ProfPlus_3": 13, "pDevPlus_2": 52, "pProfPlu_2": 20, "NTestedE_2": 0, "BeginELA8_": 0, "DevelopELA": 0, "ProfELA8_C": 0, "DistELA8_C": 0, "NTestedM_2": 0, "BeginMath8": 0, "DevelopMat": 0, "ProfMath8_": 0, "DistMath8_": 0, "pBeginELA8": 0, "pDevelop_3": 0, "pProfELA8": 0, "pDistELA8": 0, "pBeginMa_2": 0, "pDevelop_4": 0, "pProfMath8": 0, "pDistMath8": 0, "DevPlusELA": 0, "ProfPlusEL": 0, "pDevPlus_3": 0, "pProfPlu_3": 0, "DevPlusMat": 0, "ProfPlusMa": 0, "pDevPlus_4": 0, "pProfPlu_4": 0, "NTestedAlg": 0, "Begin_CntA": 0, "Develop__4": 0, "Prof_CntAl": 0, "Dist_CntAl": 0, "pBeginAlge": 0, "pDevelopAl": 0, "pProfAlgeb": 0, "pDistAlgeb": 0, "DevPlus__4": 0, "ProfPlus_4": 0, "pDevPlusAl": 0, "pProfPlusA": 0, "NTestedAmL": 0, "Begin_Cn_3": 0, "Develop__5": 0, "Prof_CntAm": 0, "Dist_CntAm": 0, "pBeginAmLi": 0, "pDevelopAm": 0, "pProfAmLit": 0, "pDistAmLit": 0, "DevPlus__5": 0, "ProfPlus_5": 0, "pDevPlusAm": 0, "pProfPlu_5": 0, "NTestedAna": 0, "Begin_Cn_4": 0, "Develop__6": 0, "Prof_CntAn": 0, "Dist_CntAn": 0, "pBeginAnal": 0, "pDevelopAn": 0, "pProfAnalG": 0, "pDistAnalG": 0, "DevPlus__6": 0, "ProfPlus_6": 0, "pDevPlusAn": 0, "pProfPlu_6": 0, "NTestedBio": 0, "Begin_CntB": 0, "Develop__7": 0, "Prof_CntBi": 0, "Dist_CntBi": 0, "pBeginBiol": 0, "pDevelopBi": 0, "pProfBiolo": 0, "pDistBiolo": 0, "DevPlus__7": 0, "ProfPlus_7": 0, "pDevPlusBi": 0, "pProfPlusB": 0, "NTestedCoo": 0, "Begin_CntC": 0, "Develop__8": 0, "Prof_CntCo": 0, "Dist_CntCo": 0, "pBeginCoor": 0, "pDevelopCo": 0, "pProfCoord": 0, "pDistCoord": 0, "DevPlus__8": 0, "ProfPlus_8": 0, "pDevPlusCo": 0, "pProfPlusC": 0, "NTestedEco": 0, "Begin_Cn_5": 0, "Develop__9": 0, "Prof_CntEc": 0, "Dist_CntEc": 0, "pBeginEcon": 0, "pDevelopEc": 0, "pProfEcon": 0, "pDistEcon": 0, "DevPlus__9": 0, "ProfPlus_9": 0, "pDevPlusEc": 0, "pProfPlu_7": 0, "NTestedGeo": 0, "Begin_CntG": 0, "Develop_10": 0, "Prof_CntGe": 0, "Dist_CntGe": 0, "pBeginGeom": 0, "pDevelopGe": 0, "pProfGeome": 0, "pDistGeome": 0, "DevPlus_10": 0, "ProfPlus10": 0, "pDevPlusGe": 0, "pProfPlusG": 0, "NTestedLit": 0, "Begin_CntL": 0, "Develop_11": 0, "Prof_CntLi": 0, "Dist_CntLi": 0, "pBeginLit9": 0, "pDevelopLi": 0, "pProfLit9": 0, "pDistLit9": 0, "DevPlus_11": 0, "ProfPlus11": 0, "pDevPlusLi": 0, "pProfPlusL": 0, "NTestedPhy": 0, "Begin_CntP": 0, "Develop_12": 0, "Prof_CntPh": 0, "Dist_CntPh": 0, "pBeginPhys": 0, "pDevelopPh": 0, "pProfPhysS": 0, "pDistPhysS": 0, "DevPlus_12": 0, "ProfPlus12": 0, "pDevPlusPh": 0, "pProfPlusP": 0, "NTestedUSH": 0, "Begin_CntU": 0, "Develop_13": 0, "Prof_CntUS": 0, "Dist_CntUS": 0, "pBeginUSHi": 0, "pDevelopUS": 0, "pProfUSHis": 0, "pDistUSHis": 0, "DevPlus_13": 0, "ProfPlus13": 0, "pDevPlusUS": 0, "pProfPlusU": 0, "NDropout71": 0, "pNDropout7": 0, "Graduation": 0, "NUMBER_OF_": 0, "pHopeEligi": 0, "chENROLLME": -25, "pchENROLLM": -5.54, "chCCRPI": 30, "chpProfPlu": 12, "chpProfP_1": 11, "chpProfP_2": 19, "chpProfP_3": 14, "chpELA8": 0, "chpProfP_4": 0, "chpProfP_5": 0, "chpProfP_6": 0, "chpProfP_7": 0, "chpProfP_8": 0, "chpProfP_9": 0, "chpProfP10": 0, "chpProfP11": 0, "chpProfP12": 0, "chpProfP13": 0, "chpProfP14": 0, "GlobalID": "{4D1CA213-3649-4584-94EC-70F249396DB0}", "created_us": "opendata@arc", "created_da": "2020-03-25T00:00:00Z", "last_edite": "opendata@arc", "last_edi_1": "2020-03-25T00:00:00Z" }, "geometry": { "type": "Point", "coordinates": [ -84.409700204699234, 33.680703418979327 ] } },
{ "type": "Feature", "properties": { "OBJECTID": 2085, "SysSchool": 7611064, "GradeRange": "PK-05", "SchoolAddr": "3090 McMurray Dr SW", "SchoolCity": "Atlanta", "STATE": "GA", "SchoolZipC": "30311-4208", "MailAddres": "3090 McMurray Dr SW", "MailCity": "Atlanta", "MailZipCod": "30311-4208", "PrincipalN": "Salley, Joseph L", "PrincipalE": "jlsalley@atlanta.k12.ga.us", "SchoolPhon": "404.802.7600", "SchoolFax": "404.346.2546", "longitude": -84.489453, "latitude": 33.701917, "Year": 2019, "SchoolYear": "2018-19", "SystemID": 761, "SystemName": "Atlanta Public Schools", "SchoolID": 1064, "SchoolName": "Kimberly Elementary School", "Type": "Elementary School", "ENROLLMENT": 453, "ENROLL_PER": 0, "ENROLL_P_1": 0, "ENROLL_P_2": 95, "ENROLL_P_3": 5, "ENROLL_P_4": 1, "ENROLL_P_5": 0, "ENROLL_P_6": 0, "ENROLL_P_7": 100, "ENROLL_P_8": 10, "ENROLL_P_9": 4, "ENROLL_PCT": 4, "ENROLL_P10": 1, "direct_cer": 75, "pAbsent0_5": 47, "pAbsent6_1": 42, "pAbsent16P": 12, "Churn": 57, "TeacherCou": 37, "AvgExp": 11, "pYrsLt1": 11, "pYears1_10": 38, "pYears11_2": 35, "pYears21_3": 16, "pYearsGt30": 0, "Debt": 0, "GenAdmin": 0, "Instructio": 7841, "Support": 1356, "Ops": 519, "Media": 204, "PServices": 668, "Capital": 0, "SchoolAdmi": 1136, "Food": 0, "Transport": 29, "TotalSpend": 11752, "CCRPI": 61, "ClimateSta": 2, "NTestedELA": 81, "Begin_CntE": 50, "Develop_Cn": 23, "Prof_CntEL": 8, "Dist_CntEL": 0, "pBeginELA3": 62, "pDevelopEL": 28, "pProfELA3": 10, "pDistELA3": 0, "DevPlus_Cn": 31, "ProfPlus_C": 8, "pDevPlusEL": 38, "pProfPlusE": 10, "NTestedE_1": 81, "Begin_Cn_1": 31, "Develop__1": 33, "Prof_Cnt_1": 15, "Dist_Cnt_1": 2, "pBeginELA5": 38, "pDevelop_1": 41, "pProfELA5": 19, "pDistELA5": 3, "DevPlus__1": 50, "ProfPlus_1": 17, "pDevPlus_1": 62, "pProfPlu_1": 21, "NTestedMat": 81, "Begin_CntM": 29, "Develop__2": 32, "Prof_CntMa": 20, "Dist_CntMa": 0, "pBeginMath": 36, "pDevelopMa": 40, "pProfMath3": 25, "pDistMath3": 0, "DevPlus__2": 52, "ProfPlus_2": 20, "pDevPlusMa": 64, "pProfPlusM": 25, "NTestedM_1": 81, "Begin_Cn_2": 40, "Develop__3": 27, "Prof_Cnt_2": 14, "Dist_Cnt_2": 0, "pBeginMa_1": 49, "pDevelop_2": 33, "pProfMath5": 17, "pDistMath5": 0, "DevPlus__3": 41, "ProfPlus_3": 14, "pDevPlus_2": 51, "pProfPlu_2": 17, "NTestedE_2": 0, "BeginELA8_": 0, "DevelopELA": 0, "ProfELA8_C": 0, "DistELA8_C": 0, "NTestedM_2": 0, "BeginMath8": 0, "DevelopMat": 0, "ProfMath8_": 0, "DistMath8_": 0, "pBeginELA8": 0, "pDevelop_3": 0, "pProfELA8": 0, "pDistELA8": 0, "pBeginMa_2": 0, "pDevelop_4": 0, "pProfMath8": 0, "pDistMath8": 0, "DevPlusELA": 0, "ProfPlusEL": 0, "pDevPlus_3": 0, "pProfPlu_3": 0, "DevPlusMat": 0, "ProfPlusMa": 0, "pDevPlus_4": 0, "pProfPlu_4": 0, "NTestedAlg": 0, "Begin_CntA": 0, "Develop__4": 0, "Prof_CntAl": 0, "Dist_CntAl": 0, "pBeginAlge": 0, "pDevelopAl": 0, "pProfAlgeb": 0, "pDistAlgeb": 0, "DevPlus__4": 0, "ProfPlus_4": 0, "pDevPlusAl": 0, "pProfPlusA": 0, "NTestedAmL": 0, "Begin_Cn_3": 0, "Develop__5": 0, "Prof_CntAm": 0, "Dist_CntAm": 0, "pBeginAmLi": 0, "pDevelopAm": 0, "pProfAmLit": 0, "pDistAmLit": 0, "DevPlus__5": 0, "ProfPlus_5": 0, "pDevPlusAm": 0, "pProfPlu_5": 0, "NTestedAna": 0, "Begin_Cn_4": 0, "Develop__6": 0, "Prof_CntAn": 0, "Dist_CntAn": 0, "pBeginAnal": 0, "pDevelopAn": 0, "pProfAnalG": 0, "pDistAnalG": 0, "DevPlus__6": 0, "ProfPlus_6": 0, "pDevPlusAn": 0, "pProfPlu_6": 0, "NTestedBio": 0, "Begin_CntB": 0, "Develop__7": 0, "Prof_CntBi": 0, "Dist_CntBi": 0, "pBeginBiol": 0, "pDevelopBi": 0, "pProfBiolo": 0, "pDistBiolo": 0, "DevPlus__7": 0, "ProfPlus_7": 0, "pDevPlusBi": 0, "pProfPlusB": 0, "NTestedCoo": 0, "Begin_CntC": 0, "Develop__8": 0, "Prof_CntCo": 0, "Dist_CntCo": 0, "pBeginCoor": 0, "pDevelopCo": 0, "pProfCoord": 0, "pDistCoord": 0, "DevPlus__8": 0, "ProfPlus_8": 0, "pDevPlusCo": 0, "pProfPlusC": 0, "NTestedEco": 0, "Begin_Cn_5": 0, "Develop__9": 0, "Prof_CntEc": 0, "Dist_CntEc": 0, "pBeginEcon": 0, "pDevelopEc": 0, "pProfEcon": 0, "pDistEcon": 0, "DevPlus__9": 0, "ProfPlus_9": 0, "pDevPlusEc": 0, "pProfPlu_7": 0, "NTestedGeo": 0, "Begin_CntG": 0, "Develop_10": 0, "Prof_CntGe": 0, "Dist_CntGe": 0, "pBeginGeom": 0, "pDevelopGe": 0, "pProfGeome": 0, "pDistGeome": 0, "DevPlus_10": 0, "ProfPlus10": 0, "pDevPlusGe": 0, "pProfPlusG": 0, "NTestedLit": 0, "Begin_CntL": 0, "Develop_11": 0, "Prof_CntLi": 0, "Dist_CntLi": 0, "pBeginLit9": 0, "pDevelopLi": 0, "pProfLit9": 0, "pDistLit9": 0, "DevPlus_11": 0, "ProfPlus11": 0, "pDevPlusLi": 0, "pProfPlusL": 0, "NTestedPhy": 0, "Begin_CntP": 0, "Develop_12": 0, "Prof_CntPh": 0, "Dist_CntPh": 0, "pBeginPhys": 0, "pDevelopPh": 0, "pProfPhysS": 0, "pDistPhysS": 0, "DevPlus_12": 0, "ProfPlus12": 0, "pDevPlusPh": 0, "pProfPlusP": 0, "NTestedUSH": 0, "Begin_CntU": 0, "Develop_13": 0, "Prof_CntUS": 0, "Dist_CntUS": 0, "pBeginUSHi": 0, "pDevelopUS": 0, "pProfUSHis": 0, "pDistUSHis": 0, "DevPlus_13": 0, "ProfPlus13": 0, "pDevPlusUS": 0, "pProfPlusU": 0, "NDropout71": 0, "pNDropout7": 0, "Graduation": 0, "NUMBER_OF_": 0, "pHopeEligi": 0, "chENROLLME": 23, "pchENROLLM": 5.34, "chCCRPI": 15, "chpProfPlu": 3, "chpProfP_1": 21, "chpProfP_2": 9, "chpProfP_3": 5, "chpELA8": 0, "chpProfP_4": 0, "chpProfP_5": 0, "chpProfP_6": 0, "chpProfP_7": 0, "chpProfP_8": 0, "chpProfP_9": 0, "chpProfP10": 0, "chpProfP11": 0, "chpProfP12": 0, "chpProfP13": 0, "chpProfP14": 0, "GlobalID": "{D498F254-6794-47B9-81C4-714FF306C9C7}", "created_us": "opendata@arc", "created_da": "2020-03-25T00:00:00Z", "last_edite": "opendata@arc", "last_edi_1": "2020-03-25T00:00:00Z" }, "geometry": { "type": "Point", "coordinates": [ -84.489457229607737, 33.701923419912788 ] } },
{ "type": "Feature", "properties": { "OBJECTID": 2086, "SysSchool": 7611066, "GradeRange": "PK-05", "SchoolAddr": "8 Peachtree Battle Ave NW", "SchoolCity": "Atlanta", "STATE": "GA", "SchoolZipC": "30305-4110", "MailAddres": "8 Peachtree Battle Ave NW", "MailCity": "Atlanta", "MailZipCod": "30305-4110", "PrincipalN": "Waller, John", "PrincipalE": "John.Waller@atlanta.k12.ga.us", "SchoolPhon": "404.802.7050", "SchoolFax": "404.350.2831", "longitude": -84.390021, "latitude": 33.819436, "Year": 2019, "SchoolYear": "2018-19", "SystemID": 761, "SystemName": "Atlanta Public Schools", "SchoolID": 1066, "SchoolName": "Rivers Elementary School", "Type": "Elementary School", "ENROLLMENT": 760, "ENROLL_PER": 4, "ENROLL_P_1": 1, "ENROLL_P_2": 30, "ENROLL_P_3": 19, "ENROLL_P_4": 4, "ENROLL_P_5": 41, "ENROLL_P_6": 0, "ENROLL_P_7": 28, "ENROLL_P_8": 10, "ENROLL_P_9": 18, "ENROLL_PCT": 17, "ENROLL_P10": 10, "direct_cer": 20, "pAbsent0_5": 56, "pAbsent6_1": 38, "pAbsent16P": 6, "Churn": 15, "TeacherCou": 53, "AvgExp": 15, "pYrsLt1": 0, "pYears1_10": 34, "pYears11_2": 38, "pYears21_3": 28, "pYearsGt30": 0, "Debt": 0, "GenAdmin": 0, "Instructio": 7160, "Support": 146, "Ops": 350, "Media": 171, "PServices": 291, "Capital": 0, "SchoolAdmi": 655, "Food": 0, "Transport": 8, "TotalSpend": 8781, "CCRPI": 90, "ClimateSta": 4, "NTestedELA": 129, "Begin_CntE": 28, "Develop_Cn": 41, "Prof_CntEL": 42, "Dist_CntEL": 18, "pBeginELA3": 22, "pDevelopEL": 32, "pProfELA3": 33, "pDistELA3": 14, "DevPlus_Cn": 101, "ProfPlus_C": 60, "pDevPlusEL": 78, "pProfPlusE": 47, "NTestedE_1": 102, "Begin_Cn_1": 16, "Develop__1": 19, "Prof_Cnt_1": 40, "Dist_Cnt_1": 27, "pBeginELA5": 16, "pDevelop_1": 19, "pProfELA5": 39, "pDistELA5": 27, "DevPlus__1": 86, "ProfPlus_1": 67, "pDevPlus_1": 84, "pProfPlu_1": 66, "NTestedMat": 129, "Begin_CntM": 14, "Develop__2": 48, "Prof_CntMa": 48, "Dist_CntMa": 19, "pBeginMath": 11, "pDevelopMa": 37, "pProfMath3": 37, "pDistMath3": 15, "DevPlus__2": 115, "ProfPlus_2": 67, "pDevPlusMa": 89, "pProfPlusM": 52, "NTestedM_1": 102, "Begin_Cn_2": 20, "Develop__3": 31, "Prof_Cnt_2": 28, "Dist_Cnt_2": 23, "pBeginMa_1": 20, "pDevelop_2": 30, "pProfMath5": 28, "pDistMath5": 23, "DevPlus__3": 82, "ProfPlus_3": 51, "pDevPlus_2": 80, "pProfPlu_2": 50, "NTestedE_2": 0, "BeginELA8_": 0, "DevelopELA": 0, "ProfELA8_C": 0, "DistELA8_C": 0, "NTestedM_2": 0, "BeginMath8": 0, "DevelopMat": 0, "ProfMath8_": 0, "DistMath8_": 0, "pBeginELA8": 0, "pDevelop_3": 0, "pProfELA8": 0, "pDistELA8": 0, "pBeginMa_2": 0, "pDevelop_4": 0, "pProfMath8": 0, "pDistMath8": 0, "DevPlusELA": 0, "ProfPlusEL": 0, "pDevPlus_3": 0, "pProfPlu_3": 0, "DevPlusMat": 0, "ProfPlusMa": 0, "pDevPlus_4": 0, "pProfPlu_4": 0, "NTestedAlg": 0, "Begin_CntA": 0, "Develop__4": 0, "Prof_CntAl": 0, "Dist_CntAl": 0, "pBeginAlge": 0, "pDevelopAl": 0, "pProfAlgeb": 0, "pDistAlgeb": 0, "DevPlus__4": 0, "ProfPlus_4": 0, "pDevPlusAl": 0, "pProfPlusA": 0, "NTestedAmL": 0, "Begin_Cn_3": 0, "Develop__5": 0, "Prof_CntAm": 0, "Dist_CntAm": 0, "pBeginAmLi": 0, "pDevelopAm": 0, "pProfAmLit": 0, "pDistAmLit": 0, "DevPlus__5": 0, "ProfPlus_5": 0, "pDevPlusAm": 0, "pProfPlu_5": 0, "NTestedAna": 0, "Begin_Cn_4": 0, "Develop__6": 0, "Prof_CntAn": 0, "Dist_CntAn": 0, "pBeginAnal": 0, "pDevelopAn": 0, "pProfAnalG": 0, "pDistAnalG": 0, "DevPlus__6": 0, "ProfPlus_6": 0, "pDevPlusAn": 0, "pProfPlu_6": 0, "NTestedBio": 0, "Begin_CntB": 0, "Develop__7": 0, "Prof_CntBi": 0, "Dist_CntBi": 0, "pBeginBiol": 0, "pDevelopBi": 0, "pProfBiolo": 0, "pDistBiolo": 0, "DevPlus__7": 0, "ProfPlus_7": 0, "pDevPlusBi": 0, "pProfPlusB": 0, "NTestedCoo": 0, "Begin_CntC": 0, "Develop__8": 0, "Prof_CntCo": 0, "Dist_CntCo": 0, "pBeginCoor": 0, "pDevelopCo": 0, "pProfCoord": 0, "pDistCoord": 0, "DevPlus__8": 0, "ProfPlus_8": 0, "pDevPlusCo": 0, "pProfPlusC": 0, "NTestedEco": 0, "Begin_Cn_5": 0, "Develop__9": 0, "Prof_CntEc": 0, "Dist_CntEc": 0, "pBeginEcon": 0, "pDevelopEc": 0, "pProfEcon": 0, "pDistEcon": 0, "DevPlus__9": 0, "ProfPlus_9": 0, "pDevPlusEc": 0, "pProfPlu_7": 0, "NTestedGeo": 0, "Begin_CntG": 0, "Develop_10": 0, "Prof_CntGe": 0, "Dist_CntGe": 0, "pBeginGeom": 0, "pDevelopGe": 0, "pProfGeome": 0, "pDistGeome": 0, "DevPlus_10": 0, "ProfPlus10": 0, "pDevPlusGe": 0, "pProfPlusG": 0, "NTestedLit": 0, "Begin_CntL": 0, "Develop_11": 0, "Prof_CntLi": 0, "Dist_CntLi": 0, "pBeginLit9": 0, "pDevelopLi": 0, "pProfLit9": 0, "pDistLit9": 0, "DevPlus_11": 0, "ProfPlus11": 0, "pDevPlusLi": 0, "pProfPlusL": 0, "NTestedPhy": 0, "Begin_CntP": 0, "Develop_12": 0, "Prof_CntPh": 0, "Dist_CntPh": 0, "pBeginPhys": 0, "pDevelopPh": 0, "pProfPhysS": 0, "pDistPhysS": 0, "DevPlus_12": 0, "ProfPlus12": 0, "pDevPlusPh": 0, "pProfPlusP": 0, "NTestedUSH": 0, "Begin_CntU": 0, "Develop_13": 0, "Prof_CntUS": 0, "Dist_CntUS": 0, "pBeginUSHi": 0, "pDevelopUS": 0, "pProfUSHis": 0, "pDistUSHis": 0, "DevPlus_13": 0, "ProfPlus13": 0, "pDevPlusUS": 0, "pProfPlusU": 0, "NDropout71": 0, "pNDropout7": 0, "Graduation": 0, "NUMBER_OF_": 0, "pHopeEligi": 0, "chENROLLME": 44, "pchENROLLM": 6.14, "chCCRPI": 13, "chpProfPlu": 7, "chpProfP_1": 9, "chpProfP_2": -6, "chpProfP_3": -17, "chpELA8": 0, "chpProfP_4": 0, "chpProfP_5": 0, "chpProfP_6": 0, "chpProfP_7": 0, "chpProfP_8": 0, "chpProfP_9": 0, "chpProfP10": 0, "chpProfP11": 0, "chpProfP12": 0, "chpProfP13": 0, "chpProfP14": 0, "GlobalID": "{FEDB3F94-3857-4379-AC3A-0AE7B6CCF262}", "created_us": "opendata@arc", "created_da": "2020-03-25T00:00:00Z", "last_edite": "opendata@arc", "last_edi_1": "2020-03-25T00:00:00Z" }, "geometry": { "type": "Point", "coordinates": [ -84.390025207226714, 33.819442448775661 ] } },
{ "type": "Feature", "properties": { "OBJECTID": 2087, "SysSchool": 7611208, "GradeRange": "KK-08", "SchoolAddr": "211 Memorial Dr SE", "SchoolCity": "Atlanta", "STATE": "GA", "SchoolZipC": "30312-2021", "MailAddres": "211 Memorial Dr SE", "MailCity": "Atlanta", "MailZipCod": "30312-2021", "PrincipalN": "Marshall, Jason", "PrincipalE": "jason.marshall@wesleyacademy.org", "SchoolPhon": "678.904.9137", "SchoolFax": " ", "longitude": -84.38096, "latitude": 33.746622, "Year": 2019, "SchoolYear": "2018-19", "SystemID": 761, "SystemName": "Atlanta Public Schools", "SchoolID": 1208, "SchoolName": "Wesley International Academy Charter Facility", "Type": "Elementary School", "ENROLLMENT": 799, "ENROLL_PER": 1, "ENROLL_P_1": 0, "ENROLL_P_2": 76, "ENROLL_P_3": 5, "ENROLL_P_4": 6, "ENROLL_P_5": 13, "ENROLL_P_6": 0, "ENROLL_P_7": 47, "ENROLL_P_8": 9, "ENROLL_P_9": 1, "ENROLL_PCT": 1, "ENROLL_P10": 10, "direct_cer": 33, "pAbsent0_5": 50, "pAbsent6_1": 38, "pAbsent16P": 12, "Churn": 6, "TeacherCou": 72, "AvgExp": 7, "pYrsLt1": 4, "pYears1_10": 71, "pYears11_2": 24, "pYears21_3": 0, "pYearsGt30": 1, "Debt": 0, "GenAdmin": 0, "Instructio": 13476, "Support": 0, "Ops": 81, "Media": 0, "PServices": 0, "Capital": 0, "SchoolAdmi": 0, "Food": 0, "Transport": 0, "TotalSpend": 13556, "CCRPI": 67, "ClimateSta": 2, "NTestedELA": 92, "Begin_CntE": 11, "Develop_Cn": 30, "Prof_CntEL": 33, "Dist_CntEL": 18, "pBeginELA3": 12, "pDevelopEL": 33, "pProfELA3": 36, "pDistELA3": 20, "DevPlus_Cn": 81, "ProfPlus_C": 51, "pDevPlusEL": 88, "pProfPlusE": 56, "NTestedE_1": 90, "Begin_Cn_1": 18, "Develop__1": 29, "Prof_Cnt_1": 33, "Dist_Cnt_1": 10, "pBeginELA5": 20, "pDevelop_1": 32, "pProfELA5": 37, "pDistELA5": 11, "DevPlus__1": 72, "ProfPlus_1": 43, "pDevPlus_1": 80, "pProfPlu_1": 48, "NTestedMat": 92, "Begin_CntM": 12, "Develop__2": 29, "Prof_CntMa": 39, "Dist_CntMa": 12, "pBeginMath": 13, "pDevelopMa": 32, "pProfMath3": 42, "pDistMath3": 13, "DevPlus__2": 80, "ProfPlus_2": 51, "pDevPlusMa": 87, "pProfPlusM": 55, "NTestedM_1": 90, "Begin_Cn_2": 16, "Develop__3": 36, "Prof_Cnt_2": 22, "Dist_Cnt_2": 16, "pBeginMa_1": 18, "pDevelop_2": 40, "pProfMath5": 24, "pDistMath5": 18, "DevPlus__3": 74, "ProfPlus_3": 38, "pDevPlus_2": 82, "pProfPlu_2": 42, "NTestedE_2": 72, "BeginELA8_": 6, "DevelopELA": 20, "ProfELA8_C": 41, "DistELA8_C": 5, "NTestedM_2": 72, "BeginMath8": 9, "DevelopMat": 32, "ProfMath8_": 25, "DistMath8_": 6, "pBeginELA8": 8, "pDevelop_3": 28, "pProfELA8": 57, "pDistELA8": 7, "pBeginMa_2": 13, "pDevelop_4": 44, "pProfMath8": 35, "pDistMath8": 8, "DevPlusELA": 66, "ProfPlusEL": 46, "pDevPlus_3": 92, "pProfPlu_3": 64, "DevPlusMat": 63, "ProfPlusMa": 31, "pDevPlus_4": 87, "pProfPlu_4": 43, "NTestedAlg": 18, "Begin_CntA": 0, "Develop__4": 4, "Prof_CntAl": 10, "Dist_CntAl": 4, "pBeginAlge": 0, "pDevelopAl": 22, "pProfAlgeb": 56, "pDistAlgeb": 22, "DevPlus__4": 18, "ProfPlus_4": 14, "pDevPlusAl": 100, "pProfPlusA": 78, "NTestedAmL": 0, "Begin_Cn_3": 0, "Develop__5": 0, "Prof_CntAm": 0, "Dist_CntAm": 0, "pBeginAmLi": 0, "pDevelopAm": 0, "pProfAmLit": 0, "pDistAmLit": 0, "DevPlus__5": 0, "ProfPlus_5": 0, "pDevPlusAm": 0, "pProfPlu_5": 0, "NTestedAna": 0, "Begin_Cn_4": 0, "Develop__6": 0, "Prof_CntAn": 0, "Dist_CntAn": 0, "pBeginAnal": 0, "pDevelopAn": 0, "pProfAnalG": 0, "pDistAnalG": 0, "DevPlus__6": 0, "ProfPlus_6": 0, "pDevPlusAn": 0, "pProfPlu_6": 0, "NTestedBio": 0, "Begin_CntB": 0, "Develop__7": 0, "Prof_CntBi": 0, "Dist_CntBi": 0, "pBeginBiol": 0, "pDevelopBi": 0, "pProfBiolo": 0, "pDistBiolo": 0, "DevPlus__7": 0, "ProfPlus_7": 0, "pDevPlusBi": 0, "pProfPlusB": 0, "NTestedCoo": 0, "Begin_CntC": 0, "Develop__8": 0, "Prof_CntCo": 0, "Dist_CntCo": 0, "pBeginCoor": 0, "pDevelopCo": 0, "pProfCoord": 0, "pDistCoord": 0, "DevPlus__8": 0, "ProfPlus_8": 0, "pDevPlusCo": 0, "pProfPlusC": 0, "NTestedEco": 0, "Begin_Cn_5": 0, "Develop__9": 0, "Prof_CntEc": 0, "Dist_CntEc": 0, "pBeginEcon": 0, "pDevelopEc": 0, "pProfEcon": 0, "pDistEcon": 0, "DevPlus__9": 0, "ProfPlus_9": 0, "pDevPlusEc": 0, "pProfPlu_7": 0, "NTestedGeo": 0, "Begin_CntG": 0, "Develop_10": 0, "Prof_CntGe": 0, "Dist_CntGe": 0, "pBeginGeom": 0, "pDevelopGe": 0, "pProfGeome": 0, "pDistGeome": 0, "DevPlus_10": 0, "ProfPlus10": 0, "pDevPlusGe": 0, "pProfPlusG": 0, "NTestedLit": 0, "Begin_CntL": 0, "Develop_11": 0, "Prof_CntLi": 0, "Dist_CntLi": 0, "pBeginLit9": 0, "pDevelopLi": 0, "pProfLit9": 0, "pDistLit9": 0, "DevPlus_11": 0, "ProfPlus11": 0, "pDevPlusLi": 0, "pProfPlusL": 0, "NTestedPhy": 0, "Begin_CntP": 0, "Develop_12": 0, "Prof_CntPh": 0, "Dist_CntPh": 0, "pBeginPhys": 0, "pDevelopPh": 0, "pProfPhysS": 0, "pDistPhysS": 0, "DevPlus_12": 0, "ProfPlus12": 0, "pDevPlusPh": 0, "pProfPlusP": 0, "NTestedUSH": 0, "Begin_CntU": 0, "Develop_13": 0, "Prof_CntUS": 0, "Dist_CntUS": 0, "pBeginUSHi": 0, "pDevelopUS": 0, "pProfUSHis": 0, "pDistUSHis": 0, "DevPlus_13": 0, "ProfPlus13": 0, "pDevPlusUS": 0, "pProfPlusU": 0, "NDropout71": 0, "pNDropout7": 0, "Graduation": 0, "NUMBER_OF_": 0, "pHopeEligi": 0, "chENROLLME": 18, "pchENROLLM": 2.3, "chCCRPI": -3, "chpProfPlu": 2, "chpProfP_1": 7, "chpProfP_2": 2, "chpProfP_3": 10, "chpELA8": 12, "chpProfP_4": -2, "chpProfP_5": 0, "chpProfP_6": 0, "chpProfP_7": 0, "chpProfP_8": 0, "chpProfP_9": 0, "chpProfP10": 0, "chpProfP11": 0, "chpProfP12": 0, "chpProfP13": 0, "chpProfP14": 0, "GlobalID": "{716F985D-5C5B-44AF-A08C-7481B6EA2223}", "created_us": "opendata@arc", "created_da": "2020-03-25T00:00:00Z", "last_edite": "opendata@arc", "last_edi_1": "2020-03-25T00:00:00Z" }, "geometry": { "type": "Point", "coordinates": [ -84.380964200993105, 33.746628434321792 ] } },
{ "type": "Feature", "properties": { "OBJECTID": 2088, "SysSchool": 7611409, "GradeRange": "09-12", "SchoolAddr": "3099 Panther Trl SW", "SchoolCity": "Atlanta", "STATE": "GA", "SchoolZipC": "30311-5423", "MailAddres": "3099 Panther Trl SW", "MailCity": "Atlanta", "MailZipCod": "30311-5423", "PrincipalN": "Powell, Shelly", "PrincipalE": "spowell@atlanta.k12.ga.us", "SchoolPhon": "404.802.5300", "SchoolFax": " ", "longitude": -84.489874, "latitude": 33.698898, "Year": 2019, "SchoolYear": "2018-19", "SystemID": 761, "SystemName": "Atlanta Public Schools", "SchoolID": 1409, "SchoolName": "Therrell High School", "Type": "High School", "ENROLLMENT": 851, "ENROLL_PER": 0, "ENROLL_P_1": 0, "ENROLL_P_2": 98, "ENROLL_P_3": 2, "ENROLL_P_4": 0, "ENROLL_P_5": 0, "ENROLL_P_6": 0, "ENROLL_P_7": 100, "ENROLL_P_8": 15, "ENROLL_P_9": 2, "ENROLL_PCT": 2, "ENROLL_P10": 5, "direct_cer": 55, "pAbsent0_5": 35, "pAbsent6_1": 35, "pAbsent16P": 31, "Churn": 21, "TeacherCou": 61, "AvgExp": 11, "pYrsLt1": 12, "pYears1_10": 44, "pYears11_2": 28, "pYears21_3": 16, "pYearsGt30": 0, "Debt": 0, "GenAdmin": 0, "Instructio": 7467, "Support": 885, "Ops": 853, "Media": 57, "PServices": 416, "Capital": 0, "SchoolAdmi": 1272, "Food": 0, "Transport": 31, "TotalSpend": 10982, "CCRPI": 64, "ClimateSta": 3, "NTestedELA": 0, "Begin_CntE": 0, "Develop_Cn": 0, "Prof_CntEL": 0, "Dist_CntEL": 0, "pBeginELA3": 0, "pDevelopEL": 0, "pProfELA3": 0, "pDistELA3": 0, "DevPlus_Cn": 0, "ProfPlus_C": 0, "pDevPlusEL": 0, "pProfPlusE": 0, "NTestedE_1": 0, "Begin_Cn_1": 0, "Develop__1": 0, "Prof_Cnt_1": 0, "Dist_Cnt_1": 0, "pBeginELA5": 0, "pDevelop_1": 0, "pProfELA5": 0, "pDistELA5": 0, "DevPlus__1": 0, "ProfPlus_1": 0, "pDevPlus_1": 0, "pProfPlu_1": 0, "NTestedMat": 0, "Begin_CntM": 0, "Develop__2": 0, "Prof_CntMa": 0, "Dist_CntMa": 0, "pBeginMath": 0, "pDevelopMa": 0, "pProfMath3": 0, "pDistMath3": 0, "DevPlus__2": 0, "ProfPlus_2": 0, "pDevPlusMa": 0, "pProfPlusM": 0, "NTestedM_1": 0, "Begin_Cn_2": 0, "Develop__3": 0, "Prof_Cnt_2": 0, "Dist_Cnt_2": 0, "pBeginMa_1": 0, "pDevelop_2": 0, "pProfMath5": 0, "pDistMath5": 0, "DevPlus__3": 0, "ProfPlus_3": 0, "pDevPlus_2": 0, "pProfPlu_2": 0, "NTestedE_2": 0, "BeginELA8_": 0, "DevelopELA": 0, "ProfELA8_C": 0, "DistELA8_C": 0, "NTestedM_2": 0, "BeginMath8": 0, "DevelopMat": 0, "ProfMath8_": 0, "DistMath8_": 0, "pBeginELA8": 0, "pDevelop_3": 0, "pProfELA8": 0, "pDistELA8": 0, "pBeginMa_2": 0, "pDevelop_4": 0, "pProfMath8": 0, "pDistMath8": 0, "DevPlusELA": 0, "ProfPlusEL": 0, "pDevPlus_3": 0, "pProfPlu_3": 0, "DevPlusMat": 0, "ProfPlusMa": 0, "pDevPlus_4": 0, "pProfPlu_4": 0, "NTestedAlg": 278, "Begin_CntA": 196, "Develop__4": 59, "Prof_CntAl": 23, "Dist_CntAl": 0, "pBeginAlge": 71, "pDevelopAl": 21, "pProfAlgeb": 8, "pDistAlgeb": 0, "DevPlus__4": 82, "ProfPlus_4": 23, "pDevPlusAl": 30, "pProfPlusA": 8, "NTestedAmL": 247, "Begin_Cn_3": 101, "Develop__5": 90, "Prof_CntAm": 52, "Dist_CntAm": 4, "pBeginAmLi": 41, "pDevelopAm": 36, "pProfAmLit": 21, "pDistAmLit": 2, "DevPlus__5": 146, "ProfPlus_5": 56, "pDevPlusAm": 59, "pProfPlu_5": 23, "NTestedAna": 3, "Begin_Cn_4": 0, "Develop__6": 0, "Prof_CntAn": 0, "Dist_CntAn": 0, "pBeginAnal": 0, "pDevelopAn": 0, "pProfAnalG": 0, "pDistAnalG": 0, "DevPlus__6": 0, "ProfPlus_6": 0, "pDevPlusAn": 0, "pProfPlu_6": 0, "NTestedBio": 246, "Begin_CntB": 137, "Develop__7": 61, "Prof_CntBi": 44, "Dist_CntBi": 4, "pBeginBiol": 56, "pDevelopBi": 25, "pProfBiolo": 18, "pDistBiolo": 2, "DevPlus__7": 109, "ProfPlus_7": 48, "pDevPlusBi": 44, "pProfPlusB": 20, "NTestedCoo": 0, "Begin_CntC": 0, "Develop__8": 0, "Prof_CntCo": 0, "Dist_CntCo": 0, "pBeginCoor": 0, "pDevelopCo": 0, "pProfCoord": 0, "pDistCoord": 0, "DevPlus__8": 0, "ProfPlus_8": 0, "pDevPlusCo": 0, "pProfPlusC": 0, "NTestedEco": 160, "Begin_Cn_5": 68, "Develop__9": 63, "Prof_CntEc": 25, "Dist_CntEc": 4, "pBeginEcon": 43, "pDevelopEc": 39, "pProfEcon": 16, "pDistEcon": 3, "DevPlus__9": 92, "ProfPlus_9": 29, "pDevPlusEc": 58, "pProfPlu_7": 18, "NTestedGeo": 239, "Begin_CntG": 132, "Develop_10": 74, "Prof_CntGe": 29, "Dist_CntGe": 4, "pBeginGeom": 55, "pDevelopGe": 31, "pProfGeome": 12, "pDistGeome": 2, "DevPlus_10": 107, "ProfPlus10": 33, "pDevPlusGe": 45, "pProfPlusG": 14, "NTestedLit": 259, "Begin_CntL": 83, "Develop_11": 100, "Prof_CntLi": 70, "Dist_CntLi": 6, "pBeginLit9": 32, "pDevelopLi": 39, "pProfLit9": 27, "pDistLit9": 2, "DevPlus_11": 176, "ProfPlus11": 76, "pDevPlusLi": 68, "pProfPlusL": 29, "NTestedPhy": 19, "Begin_CntP": 18, "Develop_12": 1, "Prof_CntPh": 0, "Dist_CntPh": 0, "pBeginPhys": 95, "pDevelopPh": 5, "pProfPhysS": 0, "pDistPhysS": 0, "DevPlus_12": 1, "ProfPlus12": 0, "pDevPlusPh": 5, "pProfPlusP": 0, "NTestedUSH": 229, "Begin_CntU": 89, "Develop_13": 94, "Prof_CntUS": 42, "Dist_CntUS": 4, "pBeginUSHi": 39, "pDevelopUS": 41, "pProfUSHis": 18, "pDistUSHis": 2, "DevPlus_13": 140, "ProfPlus13": 46, "pDevPlusUS": 61, "pProfPlusU": 20, "NDropout71": 34, "pNDropout7": 4, "Graduation": 87, "NUMBER_OF_": 167, "pHopeEligi": 22, "chENROLLME": 9, "pchENROLLM": 1.06, "chCCRPI": 2, "chpProfPlu": 0, "chpProfP_1": 0, "chpProfP_2": 0, "chpProfP_3": 0, "chpELA8": 0, "chpProfP_4": 0, "chpProfP_5": 4, "chpProfP_6": 1, "chpProfP_7": 0, "chpProfP_8": 0, "chpProfP_9": 0, "chpProfP10": -10, "chpProfP11": 0, "chpProfP12": 17, "chpProfP13": -5, "chpProfP14": -9, "GlobalID": "{FDA15A68-C147-47E5-BD5D-FF86B6D39EAC}", "created_us": "opendata@arc", "created_da": "2020-03-25T00:00:00Z", "last_edite": "opendata@arc", "last_edi_1": "2020-03-25T00:00:00Z" }, "geometry": { "type": "Point", "coordinates": [ -84.489878229557206, 33.698904419671663 ] } },
{ "type": "Feature", "properties": { "OBJECTID": 2089, "SysSchool": 7611410, "GradeRange": "06-12", "SchoolAddr": "1190 Northwest Dr NW", "SchoolCity": "Atlanta", "STATE": "GA", "SchoolZipC": "30318-4515", "MailAddres": "1190 Northwest Dr NW", "MailCity": "Atlanta", "MailZipCod": "30318-4515", "PrincipalN": "Washington, Eulonda", "PrincipalE": "eulonda.washington@atlanta.k12.ga.ur", "SchoolPhon": "404.802.4900", "SchoolFax": " ", "longitude": -84.478633, "latitude": 33.788809, "Year": 2019, "SchoolYear": "2018-19", "SystemID": 761, "SystemName": "Atlanta Public Schools", "SchoolID": 1410, "SchoolName": "Corretta Scott King Womens' Leadership Academy", "Type": "High School", "ENROLLMENT": 350, "ENROLL_PER": 0, "ENROLL_P_1": 0, "ENROLL_P_2": 94, "ENROLL_P_3": 5, "ENROLL_P_4": 1, "ENROLL_P_5": 0, "ENROLL_P_6": 0, "ENROLL_P_7": 100, "ENROLL_P_8": 13, "ENROLL_P_9": 4, "ENROLL_PCT": 2, "ENROLL_P10": 8, "direct_cer": 65, "pAbsent0_5": 30, "pAbsent6_1": 43, "pAbsent16P": 27, "Churn": 12, "TeacherCou": 39, "AvgExp": 13, "pYrsLt1": 8, "pYears1_10": 31, "pYears11_2": 44, "pYears21_3": 18, "pYearsGt30": 0, "Debt": 0, "GenAdmin": 0, "Instructio": 10867, "Support": 851, "Ops": 1595, "Media": 0, "PServices": 954, "Capital": 0, "SchoolAdmi": 2447, "Food": 0, "Transport": 4, "TotalSpend": 16717, "CCRPI": 75, "ClimateSta": 3, "NTestedELA": 0, "Begin_CntE": 0, "Develop_Cn": 0, "Prof_CntEL": 0, "Dist_CntEL": 0, "pBeginELA3": 0, "pDevelopEL": 0, "pProfELA3": 0, "pDistELA3": 0, "DevPlus_Cn": 0, "ProfPlus_C": 0, "pDevPlusEL": 0, "pProfPlusE": 0, "NTestedE_1": 0, "Begin_Cn_1": 0, "Develop__1": 0, "Prof_Cnt_1": 0, "Dist_Cnt_1": 0, "pBeginELA5": 0, "pDevelop_1": 0, "pProfELA5": 0, "pDistELA5": 0, "DevPlus__1": 0, "ProfPlus_1": 0, "pDevPlus_1": 0, "pProfPlu_1": 0, "NTestedMat": 0, "Begin_CntM": 0, "Develop__2": 0, "Prof_CntMa": 0, "Dist_CntMa": 0, "pBeginMath": 0, "pDevelopMa": 0, "pProfMath3": 0, "pDistMath3": 0, "DevPlus__2": 0, "ProfPlus_2": 0, "pDevPlusMa": 0, "pProfPlusM": 0, "NTestedM_1": 0, "Begin_Cn_2": 0, "Develop__3": 0, "Prof_Cnt_2": 0, "Dist_Cnt_2": 0, "pBeginMa_1": 0, "pDevelop_2": 0, "pProfMath5": 0, "pDistMath5": 0, "DevPlus__3": 0, "ProfPlus_3": 0, "pDevPlus_2": 0, "pProfPlu_2": 0, "NTestedE_2": 45, "BeginELA8_": 10, "DevelopELA": 17, "ProfELA8_C": 13, "DistELA8_C": 5, "NTestedM_2": 45, "BeginMath8": 12, "DevelopMat": 21, "ProfMath8_": 6, "DistMath8_": 0, "pBeginELA8": 22, "pDevelop_3": 38, "pProfELA8": 29, "pDistELA8": 11, "pBeginMa_2": 27, "pDevelop_4": 47, "pProfMath8": 13, "pDistMath8": 0, "DevPlusELA": 35, "ProfPlusEL": 18, "pDevPlus_3": 78, "pProfPlu_3": 40, "DevPlusMat": 27, "ProfPlusMa": 6, "pDevPlus_4": 60, "pProfPlu_4": 13, "NTestedAlg": 56, "Begin_CntA": 25, "Develop__4": 24, "Prof_CntAl": 7, "Dist_CntAl": 0, "pBeginAlge": 45, "pDevelopAl": 43, "pProfAlgeb": 13, "pDistAlgeb": 0, "DevPlus__4": 31, "ProfPlus_4": 7, "pDevPlusAl": 55, "pProfPlusA": 13, "NTestedAmL": 49, "Begin_Cn_3": 14, "Develop__5": 20, "Prof_CntAm": 13, "Dist_CntAm": 2, "pBeginAmLi": 29, "pDevelopAm": 41, "pProfAmLit": 27, "pDistAmLit": 4, "DevPlus__5": 35, "ProfPlus_5": 15, "pDevPlusAm": 71, "pProfPlu_5": 31, "NTestedAna": 0, "Begin_Cn_4": 0, "Develop__6": 0, "Prof_CntAn": 0, "Dist_CntAn": 0, "pBeginAnal": 0, "pDevelopAn": 0, "pProfAnalG": 0, "pDistAnalG": 0, "DevPlus__6": 0, "ProfPlus_6": 0, "pDevPlusAn": 0, "pProfPlu_6": 0, "NTestedBio": 55, "Begin_CntB": 27, "Develop__7": 19, "Prof_CntBi": 7, "Dist_CntBi": 2, "pBeginBiol": 49, "pDevelopBi": 35, "pProfBiolo": 13, "pDistBiolo": 4, "DevPlus__7": 28, "ProfPlus_7": 9, "pDevPlusBi": 51, "pProfPlusB": 16, "NTestedCoo": 0, "Begin_CntC": 0, "Develop__8": 0, "Prof_CntCo": 0, "Dist_CntCo": 0, "pBeginCoor": 0, "pDevelopCo": 0, "pProfCoord": 0, "pDistCoord": 0, "DevPlus__8": 0, "ProfPlus_8": 0, "pDevPlusCo": 0, "pProfPlusC": 0, "NTestedEco": 55, "Begin_Cn_5": 23, "Develop__9": 18, "Prof_CntEc": 14, "Dist_CntEc": 0, "pBeginEcon": 42, "pDevelopEc": 33, "pProfEcon": 26, "pDistEcon": 0, "DevPlus__9": 32, "ProfPlus_9": 14, "pDevPlusEc": 58, "pProfPlu_7": 26, "NTestedGeo": 50, "Begin_CntG": 20, "Develop_10": 23, "Prof_CntGe": 6, "Dist_CntGe": 1, "pBeginGeom": 40, "pDevelopGe": 46, "pProfGeome": 12, "pDistGeome": 2, "DevPlus_10": 30, "ProfPlus10": 7, "pDevPlusGe": 60, "pProfPlusG": 14, "NTestedLit": 57, "Begin_CntL": 6, "Develop_11": 23, "Prof_CntLi": 19, "Dist_CntLi": 9, "pBeginLit9": 11, "pDevelopLi": 40, "pProfLit9": 33, "pDistLit9": 16, "DevPlus_11": 51, "ProfPlus11": 28, "pDevPlusLi": 90, "pProfPlusL": 49, "NTestedPhy": 38, "Begin_CntP": 28, "Develop_12": 7, "Prof_CntPh": 3, "Dist_CntPh": 0, "pBeginPhys": 74, "pDevelopPh": 18, "pProfPhysS": 8, "pDistPhysS": 0, "DevPlus_12": 10, "ProfPlus12": 3, "pDevPlusPh": 26, "pProfPlusP": 8, "NTestedUSH": 39, "Begin_CntU": 15, "Develop_13": 18, "Prof_CntUS": 4, "Dist_CntUS": 2, "pBeginUSHi": 39, "pDevelopUS": 46, "pProfUSHis": 10, "pDistUSHis": 5, "DevPlus_13": 24, "ProfPlus13": 6, "pDevPlusUS": 62, "pProfPlusU": 15, "NDropout71": 0, "pNDropout7": 0, "Graduation": 100, "NUMBER_OF_": 51, "pHopeEligi": 22, "chENROLLME": -154, "pchENROLLM": -30.55, "chCCRPI": 9, "chpProfPlu": 0, "chpProfP_1": 0, "chpProfP_2": 0, "chpProfP_3": 0, "chpELA8": 11, "chpProfP_4": 6, "chpProfP_5": 4, "chpProfP_6": -5, "chpProfP_7": 0, "chpProfP_8": 0, "chpProfP_9": 0, "chpProfP10": 13, "chpProfP11": 0, "chpProfP12": 29, "chpProfP13": 0, "chpProfP14": -6, "GlobalID": "{5C82233F-DFEE-41D9-BC7B-3D1DB871AE91}", "created_us": "opendata@arc", "created_da": "2020-03-25T00:00:00Z", "last_edite": "opendata@arc", "last_edi_1": "2020-03-25T00:00:00Z" }, "geometry": { "type": "Point", "coordinates": [ -84.478637231317975, 33.788815438803503 ] } },
{ "type": "Feature", "properties": { "OBJECTID": 2090, "SysSchool": 7611411, "GradeRange": "06-12", "SchoolAddr": "1190 Northwest Dr NW", "SchoolCity": "Atlanta", "STATE": "GA", "SchoolZipC": "30318-4515", "MailAddres": "1190 Northwest Dr NW", "MailCity": "Atlanta", "MailZipCod": "30318-4515", "PrincipalN": "Jones, Tim", "PrincipalE": " ", "SchoolPhon": "404.802.4900", "SchoolFax": " ", "longitude": -84.478635, "latitude": 33.788817, "Year": 2019, "SchoolYear": "2018-19", "SystemID": 761, "SystemName": "Atlanta Public Schools", "SchoolID": 1411, "SchoolName": "B.E.S.T Academy", "Type": "High School", "ENROLLMENT": 326, "ENROLL_PER": 0, "ENROLL_P_1": 0, "ENROLL_P_2": 97, "ENROLL_P_3": 3, "ENROLL_P_4": 0, "ENROLL_P_5": 0, "ENROLL_P_6": 0, "ENROLL_P_7": 100, "ENROLL_P_8": 16, "ENROLL_P_9": 1, "ENROLL_PCT": 1, "ENROLL_P10": 7, "direct_cer": 60, "pAbsent0_5": 32, "pAbsent6_1": 33, "pAbsent16P": 35, "Churn": 13, "TeacherCou": 38, "AvgExp": 13, "pYrsLt1": 13, "pYears1_10": 24, "pYears11_2": 42, "pYears21_3": 18, "pYearsGt30": 3, "Debt": 0, "GenAdmin": 0, "Instructio": 11236, "Support": 695, "Ops": 1278, "Media": 389, "PServices": 1418, "Capital": 0, "SchoolAdmi": 2135, "Food": 0, "Transport": 80, "TotalSpend": 17232, "CCRPI": 61, "ClimateSta": 3, "NTestedELA": 0, "Begin_CntE": 0, "Develop_Cn": 0, "Prof_CntEL": 0, "Dist_CntEL": 0, "pBeginELA3": 0, "pDevelopEL": 0, "pProfELA3": 0, "pDistELA3": 0, "DevPlus_Cn": 0, "ProfPlus_C": 0, "pDevPlusEL": 0, "pProfPlusE": 0, "NTestedE_1": 0, "Begin_Cn_1": 0, "Develop__1": 0, "Prof_Cnt_1": 0, "Dist_Cnt_1": 0, "pBeginELA5": 0, "pDevelop_1": 0, "pProfELA5": 0, "pDistELA5": 0, "DevPlus__1": 0, "ProfPlus_1": 0, "pDevPlus_1": 0, "pProfPlu_1": 0, "NTestedMat": 0, "Begin_CntM": 0, "Develop__2": 0, "Prof_CntMa": 0, "Dist_CntMa": 0, "pBeginMath": 0, "pDevelopMa": 0, "pProfMath3": 0, "pDistMath3": 0, "DevPlus__2": 0, "ProfPlus_2": 0, "pDevPlusMa": 0, "pProfPlusM": 0, "NTestedM_1": 0, "Begin_Cn_2": 0, "Develop__3": 0, "Prof_Cnt_2": 0, "Dist_Cnt_2": 0, "pBeginMa_1": 0, "pDevelop_2": 0, "pProfMath5": 0, "pDistMath5": 0, "DevPlus__3": 0, "ProfPlus_3": 0, "pDevPlus_2": 0, "pProfPlu_2": 0, "NTestedE_2": 49, "BeginELA8_": 24, "DevelopELA": 17, "ProfELA8_C": 8, "DistELA8_C": 0, "NTestedM_2": 49, "BeginMath8": 12, "DevelopMat": 24, "ProfMath8_": 4, "DistMath8_": 0, "pBeginELA8": 49, "pDevelop_3": 35, "pProfELA8": 16, "pDistELA8": 0, "pBeginMa_2": 25, "pDevelop_4": 49, "pProfMath8": 8, "pDistMath8": 0, "DevPlusELA": 25, "ProfPlusEL": 8, "pDevPlus_3": 51, "pProfPlu_3": 16, "DevPlusMat": 28, "ProfPlusMa": 4, "pDevPlus_4": 57, "pProfPlu_4": 8, "NTestedAlg": 44, "Begin_CntA": 19, "Develop__4": 19, "Prof_CntAl": 5, "Dist_CntAl": 1, "pBeginAlge": 43, "pDevelopAl": 43, "pProfAlgeb": 11, "pDistAlgeb": 2, "DevPlus__4": 25, "ProfPlus_4": 6, "pDevPlusAl": 57, "pProfPlusA": 14, "NTestedAmL": 52, "Begin_Cn_3": 20, "Develop__5": 28, "Prof_CntAm": 3, "Dist_CntAm": 1, "pBeginAmLi": 39, "pDevelopAm": 54, "pProfAmLit": 6, "pDistAmLit": 2, "DevPlus__5": 32, "ProfPlus_5": 4, "pDevPlusAm": 62, "pProfPlu_5": 8, "NTestedAna": 0, "Begin_Cn_4": 0, "Develop__6": 0, "Prof_CntAn": 0, "Dist_CntAn": 0, "pBeginAnal": 0, "pDevelopAn": 0, "pProfAnalG": 0, "pDistAnalG": 0, "DevPlus__6": 0, "ProfPlus_6": 0, "pDevPlusAn": 0, "pProfPlu_6": 0, "NTestedBio": 51, "Begin_CntB": 36, "Develop__7": 9, "Prof_CntBi": 6, "Dist_CntBi": 0, "pBeginBiol": 71, "pDevelopBi": 18, "pProfBiolo": 12, "pDistBiolo": 0, "DevPlus__7": 15, "ProfPlus_7": 6, "pDevPlusBi": 29, "pProfPlusB": 12, "NTestedCoo": 0, "Begin_CntC": 0, "Develop__8": 0, "Prof_CntCo": 0, "Dist_CntCo": 0, "pBeginCoor": 0, "pDevelopCo": 0, "pProfCoord": 0, "pDistCoord": 0, "DevPlus__8": 0, "ProfPlus_8": 0, "pDevPlusCo": 0, "pProfPlusC": 0, "NTestedEco": 51, "Begin_Cn_5": 21, "Develop__9": 20, "Prof_CntEc": 10, "Dist_CntEc": 0, "pBeginEcon": 41, "pDevelopEc": 39, "pProfEcon": 20, "pDistEcon": 0, "DevPlus__9": 30, "ProfPlus_9": 10, "pDevPlusEc": 59, "pProfPlu_7": 20, "NTestedGeo": 64, "Begin_CntG": 34, "Develop_10": 23, "Prof_CntGe": 7, "Dist_CntGe": 0, "pBeginGeom": 53, "pDevelopGe": 36, "pProfGeome": 11, "pDistGeome": 0, "DevPlus_10": 30, "ProfPlus10": 7, "pDevPlusGe": 47, "pProfPlusG": 11, "NTestedLit": 40, "Begin_CntL": 10, "Develop_11": 17, "Prof_CntLi": 11, "Dist_CntLi": 2, "pBeginLit9": 25, "pDevelopLi": 43, "pProfLit9": 28, "pDistLit9": 5, "DevPlus_11": 30, "ProfPlus11": 13, "pDevPlusLi": 75, "pProfPlusL": 33, "NTestedPhy": 59, "Begin_CntP": 43, "Develop_12": 15, "Prof_CntPh": 1, "Dist_CntPh": 0, "pBeginPhys": 73, "pDevelopPh": 25, "pProfPhysS": 2, "pDistPhysS": 0, "DevPlus_12": 16, "ProfPlus12": 1, "pDevPlusPh": 27, "pProfPlusP": 2, "NTestedUSH": 60, "Begin_CntU": 37, "Develop_13": 17, "Prof_CntUS": 6, "Dist_CntUS": 0, "pBeginUSHi": 62, "pDevelopUS": 28, "pProfUSHis": 10, "pDistUSHis": 0, "DevPlus_13": 23, "ProfPlus13": 6, "pDevPlusUS": 38, "pProfPlusU": 10, "NDropout71": 11, "pNDropout7": 4, "Graduation": 86, "NUMBER_OF_": 44, "pHopeEligi": 20, "chENROLLME": -189, "pchENROLLM": -36.69, "chCCRPI": 3, "chpProfPlu": 0, "chpProfP_1": 0, "chpProfP_2": 0, "chpProfP_3": 0, "chpELA8": 11, "chpProfP_4": 8, "chpProfP_5": 8, "chpProfP_6": -8, "chpProfP_7": 0, "chpProfP_8": 0, "chpProfP_9": 0, "chpProfP10": -3, "chpProfP11": 0, "chpProfP12": 21, "chpProfP13": -2, "chpProfP14": -14, "GlobalID": "{6151D2DA-1775-4192-B65F-B5A8B68C6B26}", "created_us": "opendata@arc", "created_da": "2020-03-25T00:00:00Z", "last_edite": "opendata@arc", "last_edi_1": "2020-03-25T00:00:00Z" }, "geometry": { "type": "Point", "coordinates": [ -84.478639230967801, 33.788823439192825 ] } },
{ "type": "Feature", "properties": { "OBJECTID": 2091, "SysSchool": 7611412, "GradeRange": "09-12", "SchoolAddr": "800 Hutchens Rd SE", "SchoolCity": "Atlanta", "STATE": "GA", "SchoolZipC": "30354-2502", "MailAddres": "800 Hutchens Rd SE", "MailCity": "Atlanta", "MailZipCod": "30354-2502", "PrincipalN": "Ford, Patricia", "PrincipalE": " ", "SchoolPhon": "404.802.5050", "SchoolFax": " ", "longitude": -84.361938, "latitude": 33.670838, "Year": 2019, "SchoolYear": "2018-19", "SystemID": 761, "SystemName": "Atlanta Public Schools", "SchoolID": 1412, "SchoolName": "South Atlanta High School", "Type": "High School", "ENROLLMENT": 823, "ENROLL_PER": 0, "ENROLL_P_1": 0, "ENROLL_P_2": 91, "ENROLL_P_3": 8, "ENROLL_P_4": 0, "ENROLL_P_5": 1, "ENROLL_P_6": 0, "ENROLL_P_7": 100, "ENROLL_P_8": 16, "ENROLL_P_9": 4, "ENROLL_PCT": 3, "ENROLL_P10": 6, "direct_cer": 63, "pAbsent0_5": 21, "pAbsent6_1": 36, "pAbsent16P": 44, "Churn": 25, "TeacherCou": 63, "AvgExp": 12, "pYrsLt1": 2, "pYears1_10": 41, "pYears11_2": 46, "pYears21_3": 11, "pYearsGt30": 0, "Debt": 0, "GenAdmin": 0, "Instructio": 8130, "Support": 387, "Ops": 790, "Media": 96, "PServices": 760, "Capital": 0, "SchoolAdmi": 1349, "Food": 0, "Transport": 54, "TotalSpend": 11566, "CCRPI": 62, "ClimateSta": 2, "NTestedELA": 0, "Begin_CntE": 0, "Develop_Cn": 0, "Prof_CntEL": 0, "Dist_CntEL": 0, "pBeginELA3": 0, "pDevelopEL": 0, "pProfELA3": 0, "pDistELA3": 0, "DevPlus_Cn": 0, "ProfPlus_C": 0, "pDevPlusEL": 0, "pProfPlusE": 0, "NTestedE_1": 0, "Begin_Cn_1": 0, "Develop__1": 0, "Prof_Cnt_1": 0, "Dist_Cnt_1": 0, "pBeginELA5": 0, "pDevelop_1": 0, "pProfELA5": 0, "pDistELA5": 0, "DevPlus__1": 0, "ProfPlus_1": 0, "pDevPlus_1": 0, "pProfPlu_1": 0, "NTestedMat": 0, "Begin_CntM": 0, "Develop__2": 0, "Prof_CntMa": 0, "Dist_CntMa": 0, "pBeginMath": 0, "pDevelopMa": 0, "pProfMath3": 0, "pDistMath3": 0, "DevPlus__2": 0, "ProfPlus_2": 0, "pDevPlusMa": 0, "pProfPlusM": 0, "NTestedM_1": 0, "Begin_Cn_2": 0, "Develop__3": 0, "Prof_Cnt_2": 0, "Dist_Cnt_2": 0, "pBeginMa_1": 0, "pDevelop_2": 0, "pProfMath5": 0, "pDistMath5": 0, "DevPlus__3": 0, "ProfPlus_3": 0, "pDevPlus_2": 0, "pProfPlu_2": 0, "NTestedE_2": 0, "BeginELA8_": 0, "DevelopELA": 0, "ProfELA8_C": 0, "DistELA8_C": 0, "NTestedM_2": 0, "BeginMath8": 0, "DevelopMat": 0, "ProfMath8_": 0, "DistMath8_": 0, "pBeginELA8": 0, "pDevelop_3": 0, "pProfELA8": 0, "pDistELA8": 0, "pBeginMa_2": 0, "pDevelop_4": 0, "pProfMath8": 0, "pDistMath8": 0, "DevPlusELA": 0, "ProfPlusEL": 0, "pDevPlus_3": 0, "pProfPlu_3": 0, "DevPlusMat": 0, "ProfPlusMa": 0, "pDevPlus_4": 0, "pProfPlu_4": 0, "NTestedAlg": 195, "Begin_CntA": 110, "Develop__4": 55, "Prof_CntAl": 27, "Dist_CntAl": 3, "pBeginAlge": 56, "pDevelopAl": 28, "pProfAlgeb": 14, "pDistAlgeb": 2, "DevPlus__4": 85, "ProfPlus_4": 30, "pDevPlusAl": 44, "pProfPlusA": 15, "NTestedAmL": 186, "Begin_Cn_3": 80, "Develop__5": 71, "Prof_CntAm": 33, "Dist_CntAm": 2, "pBeginAmLi": 43, "pDevelopAm": 38, "pProfAmLit": 18, "pDistAmLit": 1, "DevPlus__5": 106, "ProfPlus_5": 35, "pDevPlusAm": 57, "pProfPlu_5": 19, "NTestedAna": 0, "Begin_Cn_4": 0, "Develop__6": 0, "Prof_CntAn": 0, "Dist_CntAn": 0, "pBeginAnal": 0, "pDevelopAn": 0, "pProfAnalG": 0, "pDistAnalG": 0, "DevPlus__6": 0, "ProfPlus_6": 0, "pDevPlusAn": 0, "pProfPlu_6": 0, "NTestedBio": 193, "Begin_CntB": 112, "Develop__7": 39, "Prof_CntBi": 37, "Dist_CntBi": 5, "pBeginBiol": 58, "pDevelopBi": 20, "pProfBiolo": 19, "pDistBiolo": 3, "DevPlus__7": 81, "ProfPlus_7": 42, "pDevPlusBi": 42, "pProfPlusB": 22, "NTestedCoo": 0, "Begin_CntC": 0, "Develop__8": 0, "Prof_CntCo": 0, "Dist_CntCo": 0, "pBeginCoor": 0, "pDevelopCo": 0, "pProfCoord": 0, "pDistCoord": 0, "DevPlus__8": 0, "ProfPlus_8": 0, "pDevPlusCo": 0, "pProfPlusC": 0, "NTestedEco": 179, "Begin_Cn_5": 34, "Develop__9": 76, "Prof_CntEc": 63, "Dist_CntEc": 6, "pBeginEcon": 19, "pDevelopEc": 43, "pProfEcon": 35, "pDistEcon": 3, "DevPlus__9": 145, "ProfPlus_9": 69, "pDevPlusEc": 81, "pProfPlu_7": 39, "NTestedGeo": 242, "Begin_CntG": 156, "Develop_10": 64, "Prof_CntGe": 22, "Dist_CntGe": 0, "pBeginGeom": 65, "pDevelopGe": 26, "pProfGeome": 9, "pDistGeome": 0, "DevPlus_10": 86, "ProfPlus10": 22, "pDevPlusGe": 36, "pProfPlusG": 9, "NTestedLit": 240, "Begin_CntL": 87, "Develop_11": 84, "Prof_CntLi": 59, "Dist_CntLi": 10, "pBeginLit9": 36, "pDevelopLi": 35, "pProfLit9": 25, "pDistLit9": 4, "DevPlus_11": 153, "ProfPlus11": 69, "pDevPlusLi": 64, "pProfPlusL": 29, "NTestedPhy": 164, "Begin_CntP": 72, "Develop_12": 44, "Prof_CntPh": 47, "Dist_CntPh": 1, "pBeginPhys": 44, "pDevelopPh": 27, "pProfPhysS": 29, "pDistPhysS": 1, "DevPlus_12": 92, "ProfPlus12": 48, "pDevPlusPh": 56, "pProfPlusP": 29, "NTestedUSH": 197, "Begin_CntU": 93, "Develop_13": 75, "Prof_CntUS": 28, "Dist_CntUS": 1, "pBeginUSHi": 47, "pDevelopUS": 38, "pProfUSHis": 14, "pDistUSHis": 1, "DevPlus_13": 104, "ProfPlus13": 29, "pDevPlusUS": 53, "pProfPlusU": 15, "NDropout71": 35, "pNDropout7": 4, "Graduation": 88, "NUMBER_OF_": 168, "pHopeEligi": 22, "chENROLLME": 0, "pchENROLLM": 0.0, "chCCRPI": 0, "chpProfPlu": 0, "chpProfP_1": 0, "chpProfP_2": 0, "chpProfP_3": 0, "chpELA8": 0, "chpProfP_4": 0, "chpProfP_5": 0, "chpProfP_6": 0, "chpProfP_7": 0, "chpProfP_8": 0, "chpProfP_9": 0, "chpProfP10": 0, "chpProfP11": 0, "chpProfP12": 0, "chpProfP13": 0, "chpProfP14": 0, "GlobalID": "{A9D0E469-0021-433F-B5EA-793EC06AEDC7}", "created_us": "opendata@arc", "created_da": "2020-03-25T00:00:00Z", "last_edite": "opendata@arc", "last_edi_1": "2020-03-25T00:00:00Z" }, "geometry": { "type": "Point", "coordinates": [ -84.361942190697263, 33.670844418823293 ] } },
{ "type": "Feature", "properties": { "OBJECTID": 2092, "SysSchool": 7611413, "GradeRange": "09-12", "SchoolAddr": "55 McDonough Blvd SE", "SchoolCity": "Atlanta", "STATE": "GA", "SchoolZipC": "30315-2316", "MailAddres": "55 McDonough Blvd SE", "MailCity": "Atlanta", "MailZipCod": "30315-2316", "PrincipalN": "Muhammad, Yusuf", "PrincipalE": "yusuf.muhammad@atlanta.k12.ga.us", "SchoolPhon": "404.802.4415", "SchoolFax": " ", "longitude": -84.388854, "latitude": 33.718467, "Year": 2019, "SchoolYear": "2018-19", "SystemID": 761, "SystemName": "Atlanta Public Schools", "SchoolID": 1413, "SchoolName": "Carver High School", "Type": "High School", "ENROLLMENT": 499, "ENROLL_PER": 0, "ENROLL_P_1": 0, "ENROLL_P_2": 99, "ENROLL_P_3": 1, "ENROLL_P_4": 0, "ENROLL_P_5": 0, "ENROLL_P_6": 0, "ENROLL_P_7": 100, "ENROLL_P_8": 19, "ENROLL_P_9": 1, "ENROLL_PCT": 1, "ENROLL_P10": 1, "direct_cer": 67, "pAbsent0_5": 17, "pAbsent6_1": 25, "pAbsent16P": 58, "Churn": 33, "TeacherCou": 43, "AvgExp": 6, "pYrsLt1": 16, "pYears1_10": 67, "pYears11_2": 12, "pYears21_3": 5, "pYearsGt30": 0, "Debt": 0, "GenAdmin": 0, "Instructio": 17087, "Support": 0, "Ops": 623, "Media": 0, "PServices": 0, "Capital": 0, "SchoolAdmi": 84, "Food": 0, "Transport": 0, "TotalSpend": 17794, "CCRPI": 52, "ClimateSta": 2, "NTestedELA": 0, "Begin_CntE": 0, "Develop_Cn": 0, "Prof_CntEL": 0, "Dist_CntEL": 0, "pBeginELA3": 0, "pDevelopEL": 0, "pProfELA3": 0, "pDistELA3": 0, "DevPlus_Cn": 0, "ProfPlus_C": 0, "pDevPlusEL": 0, "pProfPlusE": 0, "NTestedE_1": 0, "Begin_Cn_1": 0, "Develop__1": 0, "Prof_Cnt_1": 0, "Dist_Cnt_1": 0, "pBeginELA5": 0, "pDevelop_1": 0, "pProfELA5": 0, "pDistELA5": 0, "DevPlus__1": 0, "ProfPlus_1": 0, "pDevPlus_1": 0, "pProfPlu_1": 0, "NTestedMat": 0, "Begin_CntM": 0, "Develop__2": 0, "Prof_CntMa": 0, "Dist_CntMa": 0, "pBeginMath": 0, "pDevelopMa": 0, "pProfMath3": 0, "pDistMath3": 0, "DevPlus__2": 0, "ProfPlus_2": 0, "pDevPlusMa": 0, "pProfPlusM": 0, "NTestedM_1": 0, "Begin_Cn_2": 0, "Develop__3": 0, "Prof_Cnt_2": 0, "Dist_Cnt_2": 0, "pBeginMa_1": 0, "pDevelop_2": 0, "pProfMath5": 0, "pDistMath5": 0, "DevPlus__3": 0, "ProfPlus_3": 0, "pDevPlus_2": 0, "pProfPlu_2": 0, "NTestedE_2": 0, "BeginELA8_": 0, "DevelopELA": 0, "ProfELA8_C": 0, "DistELA8_C": 0, "NTestedM_2": 0, "BeginMath8": 0, "DevelopMat": 0, "ProfMath8_": 0, "DistMath8_": 0, "pBeginELA8": 0, "pDevelop_3": 0, "pProfELA8": 0, "pDistELA8": 0, "pBeginMa_2": 0, "pDevelop_4": 0, "pProfMath8": 0, "pDistMath8": 0, "DevPlusELA": 0, "ProfPlusEL": 0, "pDevPlus_3": 0, "pProfPlu_3": 0, "DevPlusMat": 0, "ProfPlusMa": 0, "pDevPlus_4": 0, "pProfPlu_4": 0, "NTestedAlg": 185, "Begin_CntA": 151, "Develop__4": 31, "Prof_CntAl": 3, "Dist_CntAl": 0, "pBeginAlge": 82, "pDevelopAl": 17, "pProfAlgeb": 2, "pDistAlgeb": 0, "DevPlus__4": 34, "ProfPlus_4": 3, "pDevPlusAl": 18, "pProfPlusA": 2, "NTestedAmL": 111, "Begin_Cn_3": 58, "Develop__5": 39, "Prof_CntAm": 14, "Dist_CntAm": 0, "pBeginAmLi": 52, "pDevelopAm": 35, "pProfAmLit": 13, "pDistAmLit": 0, "DevPlus__5": 53, "ProfPlus_5": 14, "pDevPlusAm": 48, "pProfPlu_5": 13, "NTestedAna": 0, "Begin_Cn_4": 0, "Develop__6": 0, "Prof_CntAn": 0, "Dist_CntAn": 0, "pBeginAnal": 0, "pDevelopAn": 0, "pProfAnalG": 0, "pDistAnalG": 0, "DevPlus__6": 0, "ProfPlus_6": 0, "pDevPlusAn": 0, "pProfPlu_6": 0, "NTestedBio": 27, "Begin_CntB": 21, "Develop__7": 5, "Prof_CntBi": 1, "Dist_CntBi": 0, "pBeginBiol": 78, "pDevelopBi": 19, "pProfBiolo": 4, "pDistBiolo": 0, "DevPlus__7": 6, "ProfPlus_7": 1, "pDevPlusBi": 22, "pProfPlusB": 4, "NTestedCoo": 0, "Begin_CntC": 0, "Develop__8": 0, "Prof_CntCo": 0, "Dist_CntCo": 0, "pBeginCoor": 0, "pDevelopCo": 0, "pProfCoord": 0, "pDistCoord": 0, "DevPlus__8": 0, "ProfPlus_8": 0, "pDevPlusCo": 0, "pProfPlusC": 0, "NTestedEco": 103, "Begin_Cn_5": 67, "Develop__9": 26, "Prof_CntEc": 10, "Dist_CntEc": 0, "pBeginEcon": 65, "pDevelopEc": 25, "pProfEcon": 10, "pDistEcon": 0, "DevPlus__9": 36, "ProfPlus_9": 10, "pDevPlusEc": 35, "pProfPlu_7": 10, "NTestedGeo": 113, "Begin_CntG": 86, "Develop_10": 25, "Prof_CntGe": 2, "Dist_CntGe": 0, "pBeginGeom": 76, "pDevelopGe": 22, "pProfGeome": 2, "pDistGeome": 0, "DevPlus_10": 27, "ProfPlus10": 2, "pDevPlusGe": 24, "pProfPlusG": 2, "NTestedLit": 152, "Begin_CntL": 70, "Develop_11": 55, "Prof_CntLi": 27, "Dist_CntLi": 0, "pBeginLit9": 46, "pDevelopLi": 36, "pProfLit9": 18, "pDistLit9": 0, "DevPlus_11": 82, "ProfPlus11": 27, "pDevPlusLi": 54, "pProfPlusL": 18, "NTestedPhy": 58, "Begin_CntP": 54, "Develop_12": 4, "Prof_CntPh": 0, "Dist_CntPh": 0, "pBeginPhys": 93, "pDevelopPh": 7, "pProfPhysS": 0, "pDistPhysS": 0, "DevPlus_12": 4, "ProfPlus12": 0, "pDevPlusPh": 7, "pProfPlusP": 0, "NTestedUSH": 108, "Begin_CntU": 71, "Develop_13": 33, "Prof_CntUS": 4, "Dist_CntUS": 0, "pBeginUSHi": 66, "pDevelopUS": 31, "pProfUSHis": 4, "pDistUSHis": 0, "DevPlus_13": 37, "ProfPlus13": 4, "pDevPlusUS": 34, "pProfPlusU": 4, "NDropout71": 40, "pNDropout7": 7, "Graduation": 69, "NUMBER_OF_": 101, "pHopeEligi": 17, "chENROLLME": 0, "pchENROLLM": 0.0, "chCCRPI": 0, "chpProfPlu": 0, "chpProfP_1": 0, "chpProfP_2": 0, "chpProfP_3": 0, "chpELA8": 0, "chpProfP_4": 0, "chpProfP_5": 0, "chpProfP_6": 0, "chpProfP_7": 0, "chpProfP_8": 0, "chpProfP_9": 0, "chpProfP10": 0, "chpProfP11": 0, "chpProfP12": 0, "chpProfP13": 0, "chpProfP14": 0, "GlobalID": "{95689F54-4BB6-49A8-8153-CE953E50B9F8}", "created_us": "opendata@arc", "created_da": "2020-03-25T00:00:00Z", "last_edite": "opendata@arc", "last_edi_1": "2020-03-25T00:00:00Z" }, "geometry": { "type": "Point", "coordinates": [ -84.388858201349549, 33.718473428049279 ] } },
{ "type": "Feature", "properties": { "OBJECTID": 2093, "SysSchool": 7611414, "GradeRange": "PK-08", "SchoolAddr": "225 James P. Brawley Drive, NW", "SchoolCity": "Atlanta", "STATE": "GA", "SchoolZipC": "30314-4301", "MailAddres": "225 James P. Brawley Drive, NW", "MailCity": "Atlanta", "MailZipCod": "30314-4301", "PrincipalN": "Jack, Diamond", "PrincipalE": " ", "SchoolPhon": "404.802.3600", "SchoolFax": " ", "longitude": -84.4123, "latitude": 33.761016, "Year": 2019, "SchoolYear": "2018-19", "SystemID": 761, "SystemName": "Atlanta Public Schools", "SchoolID": 1414, "SchoolName": "Michael R. Hollis Innovation Academy", "Type": "Elementary School", "ENROLLMENT": 628, "ENROLL_PER": 0, "ENROLL_P_1": 0, "ENROLL_P_2": 96, "ENROLL_P_3": 3, "ENROLL_P_4": 1, "ENROLL_P_5": 0, "ENROLL_P_6": 0, "ENROLL_P_7": 100, "ENROLL_P_8": 14, "ENROLL_P_9": 1, "ENROLL_PCT": 1, "ENROLL_P10": 1, "direct_cer": 84, "pAbsent0_5": 49, "pAbsent6_1": 34, "pAbsent16P": 18, "Churn": 44, "TeacherCou": 59, "AvgExp": 11, "pYrsLt1": 15, "pYears1_10": 27, "pYears11_2": 44, "pYears21_3": 14, "pYearsGt30": 0, "Debt": 0, "GenAdmin": 0, "Instructio": 8071, "Support": 879, "Ops": 456, "Media": 227, "PServices": 648, "Capital": 0, "SchoolAdmi": 688, "Food": 0, "Transport": 14, "TotalSpend": 10982, "CCRPI": 63, "ClimateSta": 1, "NTestedELA": 79, "Begin_CntE": 33, "Develop_Cn": 26, "Prof_CntEL": 18, "Dist_CntEL": 2, "pBeginELA3": 42, "pDevelopEL": 33, "pProfELA3": 23, "pDistELA3": 3, "DevPlus_Cn": 46, "ProfPlus_C": 20, "pDevPlusEL": 58, "pProfPlusE": 25, "NTestedE_1": 82, "Begin_Cn_1": 38, "Develop__1": 35, "Prof_Cnt_1": 7, "Dist_Cnt_1": 2, "pBeginELA5": 46, "pDevelop_1": 43, "pProfELA5": 9, "pDistELA5": 2, "DevPlus__1": 44, "ProfPlus_1": 9, "pDevPlus_1": 54, "pProfPlu_1": 11, "NTestedMat": 79, "Begin_CntM": 19, "Develop__2": 27, "Prof_CntMa": 28, "Dist_CntMa": 5, "pBeginMath": 24, "pDevelopMa": 34, "pProfMath3": 35, "pDistMath3": 6, "DevPlus__2": 60, "ProfPlus_2": 33, "pDevPlusMa": 76, "pProfPlusM": 42, "NTestedM_1": 82, "Begin_Cn_2": 32, "Develop__3": 32, "Prof_Cnt_2": 15, "Dist_Cnt_2": 3, "pBeginMa_1": 39, "pDevelop_2": 39, "pProfMath5": 18, "pDistMath5": 4, "DevPlus__3": 50, "ProfPlus_3": 18, "pDevPlus_2": 61, "pProfPlu_2": 22, "NTestedE_2": 0, "BeginELA8_": 0, "DevelopELA": 0, "ProfELA8_C": 0, "DistELA8_C": 0, "NTestedM_2": 0, "BeginMath8": 0, "DevelopMat": 0, "ProfMath8_": 0, "DistMath8_": 0, "pBeginELA8": 0, "pDevelop_3": 0, "pProfELA8": 0, "pDistELA8": 0, "pBeginMa_2": 0, "pDevelop_4": 0, "pProfMath8": 0, "pDistMath8": 0, "DevPlusELA": 0, "ProfPlusEL": 0, "pDevPlus_3": 0, "pProfPlu_3": 0, "DevPlusMat": 0, "ProfPlusMa": 0, "pDevPlus_4": 0, "pProfPlu_4": 0, "NTestedAlg": 0, "Begin_CntA": 0, "Develop__4": 0, "Prof_CntAl": 0, "Dist_CntAl": 0, "pBeginAlge": 0, "pDevelopAl": 0, "pProfAlgeb": 0, "pDistAlgeb": 0, "DevPlus__4": 0, "ProfPlus_4": 0, "pDevPlusAl": 0, "pProfPlusA": 0, "NTestedAmL": 0, "Begin_Cn_3": 0, "Develop__5": 0, "Prof_CntAm": 0, "Dist_CntAm": 0, "pBeginAmLi": 0, "pDevelopAm": 0, "pProfAmLit": 0, "pDistAmLit": 0, "DevPlus__5": 0, "ProfPlus_5": 0, "pDevPlusAm": 0, "pProfPlu_5": 0, "NTestedAna": 0, "Begin_Cn_4": 0, "Develop__6": 0, "Prof_CntAn": 0, "Dist_CntAn": 0, "pBeginAnal": 0, "pDevelopAn": 0, "pProfAnalG": 0, "pDistAnalG": 0, "DevPlus__6": 0, "ProfPlus_6": 0, "pDevPlusAn": 0, "pProfPlu_6": 0, "NTestedBio": 0, "Begin_CntB": 0, "Develop__7": 0, "Prof_CntBi": 0, "Dist_CntBi": 0, "pBeginBiol": 0, "pDevelopBi": 0, "pProfBiolo": 0, "pDistBiolo": 0, "DevPlus__7": 0, "ProfPlus_7": 0, "pDevPlusBi": 0, "pProfPlusB": 0, "NTestedCoo": 0, "Begin_CntC": 0, "Develop__8": 0, "Prof_CntCo": 0, "Dist_CntCo": 0, "pBeginCoor": 0, "pDevelopCo": 0, "pProfCoord": 0, "pDistCoord": 0, "DevPlus__8": 0, "ProfPlus_8": 0, "pDevPlusCo": 0, "pProfPlusC": 0, "NTestedEco": 0, "Begin_Cn_5": 0, "Develop__9": 0, "Prof_CntEc": 0, "Dist_CntEc": 0, "pBeginEcon": 0, "pDevelopEc": 0, "pProfEcon": 0, "pDistEcon": 0, "DevPlus__9": 0, "ProfPlus_9": 0, "pDevPlusEc": 0, "pProfPlu_7": 0, "NTestedGeo": 0, "Begin_CntG": 0, "Develop_10": 0, "Prof_CntGe": 0, "Dist_CntGe": 0, "pBeginGeom": 0, "pDevelopGe": 0, "pProfGeome": 0, "pDistGeome": 0, "DevPlus_10": 0, "ProfPlus10": 0, "pDevPlusGe": 0, "pProfPlusG": 0, "NTestedLit": 0, "Begin_CntL": 0, "Develop_11": 0, "Prof_CntLi": 0, "Dist_CntLi": 0, "pBeginLit9": 0, "pDevelopLi": 0, "pProfLit9": 0, "pDistLit9": 0, "DevPlus_11": 0, "ProfPlus11": 0, "pDevPlusLi": 0, "pProfPlusL": 0, "NTestedPhy": 0, "Begin_CntP": 0, "Develop_12": 0, "Prof_CntPh": 0, "Dist_CntPh": 0, "pBeginPhys": 0, "pDevelopPh": 0, "pProfPhysS": 0, "pDistPhysS": 0, "DevPlus_12": 0, "ProfPlus12": 0, "pDevPlusPh": 0, "pProfPlusP": 0, "NTestedUSH": 0, "Begin_CntU": 0, "Develop_13": 0, "Prof_CntUS": 0, "Dist_CntUS": 0, "pBeginUSHi": 0, "pDevelopUS": 0, "pProfUSHis": 0, "pDistUSHis": 0, "DevPlus_13": 0, "ProfPlus13": 0, "pDevPlusUS": 0, "pProfPlusU": 0, "NDropout71": 0, "pNDropout7": 0, "Graduation": 0, "NUMBER_OF_": 0, "pHopeEligi": 0, "chENROLLME": 0, "pchENROLLM": 0.0, "chCCRPI": 0, "chpProfPlu": 0, "chpProfP_1": 0, "chpProfP_2": 0, "chpProfP_3": 0, "chpELA8": 0, "chpProfP_4": 0, "chpProfP_5": 0, "chpProfP_6": 0, "chpProfP_7": 0, "chpProfP_8": 0, "chpProfP_9": 0, "chpProfP10": 0, "chpProfP11": 0, "chpProfP12": 0, "chpProfP13": 0, "chpProfP14": 0, "GlobalID": "{1671FB84-9DFD-46FD-8533-8681D06EADB3}", "created_us": "opendata@arc", "created_da": "2020-03-25T00:00:00Z", "last_edite": "opendata@arc", "last_edi_1": "2020-03-25T00:00:00Z" }, "geometry": { "type": "Point", "coordinates": [ -84.412304209603818, 33.761022435792547 ] } },
{ "type": "Feature", "properties": { "OBJECTID": 2094, "SysSchool": 7611415, "GradeRange": "KK-05", "SchoolAddr": "20 Evelyn Way NW", "SchoolCity": "Atlanta", "STATE": "GA", "SchoolZipC": "30318-6418", "MailAddres": "20 Evelyn Way NW", "MailCity": "Atlanta", "MailZipCod": "30318-6418", "PrincipalN": "Ho-Sang, Dwight", "PrincipalE": "dho-sang@kippmetroatlanta.org", "SchoolPhon": "404.802.7750", "SchoolFax": " ", "longitude": -84.443737, "latitude": 33.772062, "Year": 2019, "SchoolYear": "2018-19", "SystemID": 761, "SystemName": "Atlanta Public Schools", "SchoolID": 1415, "SchoolName": "Woodson Park Academy", "Type": "Elementary School", "ENROLLMENT": 539, "ENROLL_PER": 0, "ENROLL_P_1": 0, "ENROLL_P_2": 94, "ENROLL_P_3": 4, "ENROLL_P_4": 1, "ENROLL_P_5": 0, "ENROLL_P_6": 0, "ENROLL_P_7": 100, "ENROLL_P_8": 9, "ENROLL_P_9": 3, "ENROLL_PCT": 3, "ENROLL_P10": 2, "direct_cer": 83, "pAbsent0_5": 38, "pAbsent6_1": 34, "pAbsent16P": 29, "Churn": 46, "TeacherCou": 37, "AvgExp": 9, "pYrsLt1": 8, "pYears1_10": 54, "pYears11_2": 30, "pYears21_3": 8, "pYearsGt30": 0, "Debt": 0, "GenAdmin": 0, "Instructio": 7085, "Support": 1217, "Ops": 253, "Media": 176, "PServices": 852, "Capital": 0, "SchoolAdmi": 737, "Food": 0, "Transport": 39, "TotalSpend": 10359, "CCRPI": 52, "ClimateSta": 2, "NTestedELA": 113, "Begin_CntE": 82, "Develop_Cn": 23, "Prof_CntEL": 7, "Dist_CntEL": 1, "pBeginELA3": 73, "pDevelopEL": 20, "pProfELA3": 6, "pDistELA3": 1, "DevPlus_Cn": 31, "ProfPlus_C": 8, "pDevPlusEL": 28, "pProfPlusE": 7, "NTestedE_1": 95, "Begin_Cn_1": 52, "Develop__1": 31, "Prof_Cnt_1": 12, "Dist_Cnt_1": 0, "pBeginELA5": 55, "pDevelop_1": 33, "pProfELA5": 13, "pDistELA5": 0, "DevPlus__1": 43, "ProfPlus_1": 12, "pDevPlus_1": 45, "pProfPlu_1": 13, "NTestedMat": 113, "Begin_CntM": 66, "Develop__2": 35, "Prof_CntMa": 12, "Dist_CntMa": 0, "pBeginMath": 58, "pDevelopMa": 31, "pProfMath3": 11, "pDistMath3": 0, "DevPlus__2": 47, "ProfPlus_2": 12, "pDevPlusMa": 42, "pProfPlusM": 11, "NTestedM_1": 95, "Begin_Cn_2": 43, "Develop__3": 37, "Prof_Cnt_2": 11, "Dist_Cnt_2": 4, "pBeginMa_1": 45, "pDevelop_2": 39, "pProfMath5": 12, "pDistMath5": 4, "DevPlus__3": 52, "ProfPlus_3": 15, "pDevPlus_2": 55, "pProfPlu_2": 16, "NTestedE_2": 0, "BeginELA8_": 0, "DevelopELA": 0, "ProfELA8_C": 0, "DistELA8_C": 0, "NTestedM_2": 0, "BeginMath8": 0, "DevelopMat": 0, "ProfMath8_": 0, "DistMath8_": 0, "pBeginELA8": 0, "pDevelop_3": 0, "pProfELA8": 0, "pDistELA8": 0, "pBeginMa_2": 0, "pDevelop_4": 0, "pProfMath8": 0, "pDistMath8": 0, "DevPlusELA": 0, "ProfPlusEL": 0, "pDevPlus_3": 0, "pProfPlu_3": 0, "DevPlusMat": 0, "ProfPlusMa": 0, "pDevPlus_4": 0, "pProfPlu_4": 0, "NTestedAlg": 0, "Begin_CntA": 0, "Develop__4": 0, "Prof_CntAl": 0, "Dist_CntAl": 0, "pBeginAlge": 0, "pDevelopAl": 0, "pProfAlgeb": 0, "pDistAlgeb": 0, "DevPlus__4": 0, "ProfPlus_4": 0, "pDevPlusAl": 0, "pProfPlusA": 0, "NTestedAmL": 0, "Begin_Cn_3": 0, "Develop__5": 0, "Prof_CntAm": 0, "Dist_CntAm": 0, "pBeginAmLi": 0, "pDevelopAm": 0, "pProfAmLit": 0, "pDistAmLit": 0, "DevPlus__5": 0, "ProfPlus_5": 0, "pDevPlusAm": 0, "pProfPlu_5": 0, "NTestedAna": 0, "Begin_Cn_4": 0, "Develop__6": 0, "Prof_CntAn": 0, "Dist_CntAn": 0, "pBeginAnal": 0, "pDevelopAn": 0, "pProfAnalG": 0, "pDistAnalG": 0, "DevPlus__6": 0, "ProfPlus_6": 0, "pDevPlusAn": 0, "pProfPlu_6": 0, "NTestedBio": 0, "Begin_CntB": 0, "Develop__7": 0, "Prof_CntBi": 0, "Dist_CntBi": 0, "pBeginBiol": 0, "pDevelopBi": 0, "pProfBiolo": 0, "pDistBiolo": 0, "DevPlus__7": 0, "ProfPlus_7": 0, "pDevPlusBi": 0, "pProfPlusB": 0, "NTestedCoo": 0, "Begin_CntC": 0, "Develop__8": 0, "Prof_CntCo": 0, "Dist_CntCo": 0, "pBeginCoor": 0, "pDevelopCo": 0, "pProfCoord": 0, "pDistCoord": 0, "DevPlus__8": 0, "ProfPlus_8": 0, "pDevPlusCo": 0, "pProfPlusC": 0, "NTestedEco": 0, "Begin_Cn_5": 0, "Develop__9": 0, "Prof_CntEc": 0, "Dist_CntEc": 0, "pBeginEcon": 0, "pDevelopEc": 0, "pProfEcon": 0, "pDistEcon": 0, "DevPlus__9": 0, "ProfPlus_9": 0, "pDevPlusEc": 0, "pProfPlu_7": 0, "NTestedGeo": 0, "Begin_CntG": 0, "Develop_10": 0, "Prof_CntGe": 0, "Dist_CntGe": 0, "pBeginGeom": 0, "pDevelopGe": 0, "pProfGeome": 0, "pDistGeome": 0, "DevPlus_10": 0, "ProfPlus10": 0, "pDevPlusGe": 0, "pProfPlusG": 0, "NTestedLit": 0, "Begin_CntL": 0, "Develop_11": 0, "Prof_CntLi": 0, "Dist_CntLi": 0, "pBeginLit9": 0, "pDevelopLi": 0, "pProfLit9": 0, "pDistLit9": 0, "DevPlus_11": 0, "ProfPlus11": 0, "pDevPlusLi": 0, "pProfPlusL": 0, "NTestedPhy": 0, "Begin_CntP": 0, "Develop_12": 0, "Prof_CntPh": 0, "Dist_CntPh": 0, "pBeginPhys": 0, "pDevelopPh": 0, "pProfPhysS": 0, "pDistPhysS": 0, "DevPlus_12": 0, "ProfPlus12": 0, "pDevPlusPh": 0, "pProfPlusP": 0, "NTestedUSH": 0, "Begin_CntU": 0, "Develop_13": 0, "Prof_CntUS": 0, "Dist_CntUS": 0, "pBeginUSHi": 0, "pDevelopUS": 0, "pProfUSHis": 0, "pDistUSHis": 0, "DevPlus_13": 0, "ProfPlus13": 0, "pDevPlusUS": 0, "pProfPlusU": 0, "NDropout71": 0, "pNDropout7": 0, "Graduation": 0, "NUMBER_OF_": 0, "pHopeEligi": 0, "chENROLLME": 0, "pchENROLLM": 0.0, "chCCRPI": 0, "chpProfPlu": 0, "chpProfP_1": 0, "chpProfP_2": 0, "chpProfP_3": 0, "chpELA8": 0, "chpProfP_4": 0, "chpProfP_5": 0, "chpProfP_6": 0, "chpProfP_7": 0, "chpProfP_8": 0, "chpProfP_9": 0, "chpProfP10": 0, "chpProfP11": 0, "chpProfP12": 0, "chpProfP13": 0, "chpProfP14": 0, "GlobalID": "{6C930454-D5C2-495A-B27C-E0F4A710FAF1}", "created_us": "opendata@arc", "created_da": "2020-03-25T00:00:00Z", "last_edite": "opendata@arc", "last_edi_1": "2020-03-25T00:00:00Z" }, "geometry": { "type": "Point", "coordinates": [ -84.443741220095518, 33.772068437092571 ] } },
{ "type": "Feature", "properties": { "OBJECTID": 2095, "SysSchool": 7611416, "GradeRange": "PK-05", "SchoolAddr": "1625 Westhaven Dr SW", "SchoolCity": "Atlanta", "STATE": "GA", "SchoolZipC": "30311-0000", "MailAddres": "1625 Westhaven Dr SW", "MailCity": "Atlanta", "MailZipCod": "30311-0000", "PrincipalN": "Weems, Yolanda", "PrincipalE": "yweems@atlanta.k12.ga.us", "SchoolPhon": "404.802.8450", "SchoolFax": " ", "longitude": -84.440252, "latitude": 33.731987, "Year": 2019, "SchoolYear": "2018-19", "SystemID": 761, "SystemName": "Atlanta Public Schools", "SchoolID": 1416, "SchoolName": "Tuskegee Airman Global Academy", "Type": "Elementary School", "ENROLLMENT": 624, "ENROLL_PER": 0, "ENROLL_P_1": 0, "ENROLL_P_2": 99, "ENROLL_P_3": 1, "ENROLL_P_4": 0, "ENROLL_P_5": 0, "ENROLL_P_6": 0, "ENROLL_P_7": 100, "ENROLL_P_8": 6, "ENROLL_P_9": 1, "ENROLL_PCT": 1, "ENROLL_P10": 4, "direct_cer": 77, "pAbsent0_5": 44, "pAbsent6_1": 44, "pAbsent16P": 13, "Churn": 45, "TeacherCou": 42, "AvgExp": 13, "pYrsLt1": 12, "pYears1_10": 24, "pYears11_2": 45, "pYears21_3": 19, "pYearsGt30": 0, "Debt": 0, "GenAdmin": 0, "Instructio": 6972, "Support": 1141, "Ops": 297, "Media": 172, "PServices": 511, "Capital": 0, "SchoolAdmi": 874, "Food": 0, "Transport": 5, "TotalSpend": 9972, "CCRPI": 73, "ClimateSta": 3, "NTestedELA": 102, "Begin_CntE": 63, "Develop_Cn": 27, "Prof_CntEL": 10, "Dist_CntEL": 2, "pBeginELA3": 62, "pDevelopEL": 27, "pProfELA3": 10, "pDistELA3": 2, "DevPlus_Cn": 39, "ProfPlus_C": 12, "pDevPlusEL": 38, "pProfPlusE": 12, "NTestedE_1": 90, "Begin_Cn_1": 51, "Develop__1": 20, "Prof_Cnt_1": 15, "Dist_Cnt_1": 4, "pBeginELA5": 57, "pDevelop_1": 22, "pProfELA5": 17, "pDistELA5": 4, "DevPlus__1": 39, "ProfPlus_1": 19, "pDevPlus_1": 43, "pProfPlu_1": 21, "NTestedMat": 102, "Begin_CntM": 29, "Develop__2": 33, "Prof_CntMa": 31, "Dist_CntMa": 9, "pBeginMath": 28, "pDevelopMa": 32, "pProfMath3": 30, "pDistMath3": 9, "DevPlus__2": 73, "ProfPlus_2": 40, "pDevPlusMa": 72, "pProfPlusM": 39, "NTestedM_1": 90, "Begin_Cn_2": 37, "Develop__3": 36, "Prof_Cnt_2": 13, "Dist_Cnt_2": 4, "pBeginMa_1": 41, "pDevelop_2": 40, "pProfMath5": 14, "pDistMath5": 4, "DevPlus__3": 53, "ProfPlus_3": 17, "pDevPlus_2": 59, "pProfPlu_2": 19, "NTestedE_2": 0, "BeginELA8_": 0, "DevelopELA": 0, "ProfELA8_C": 0, "DistELA8_C": 0, "NTestedM_2": 0, "BeginMath8": 0, "DevelopMat": 0, "ProfMath8_": 0, "DistMath8_": 0, "pBeginELA8": 0, "pDevelop_3": 0, "pProfELA8": 0, "pDistELA8": 0, "pBeginMa_2": 0, "pDevelop_4": 0, "pProfMath8": 0, "pDistMath8": 0, "DevPlusELA": 0, "ProfPlusEL": 0, "pDevPlus_3": 0, "pProfPlu_3": 0, "DevPlusMat": 0, "ProfPlusMa": 0, "pDevPlus_4": 0, "pProfPlu_4": 0, "NTestedAlg": 0, "Begin_CntA": 0, "Develop__4": 0, "Prof_CntAl": 0, "Dist_CntAl": 0, "pBeginAlge": 0, "pDevelopAl": 0, "pProfAlgeb": 0, "pDistAlgeb": 0, "DevPlus__4": 0, "ProfPlus_4": 0, "pDevPlusAl": 0, "pProfPlusA": 0, "NTestedAmL": 0, "Begin_Cn_3": 0, "Develop__5": 0, "Prof_CntAm": 0, "Dist_CntAm": 0, "pBeginAmLi": 0, "pDevelopAm": 0, "pProfAmLit": 0, "pDistAmLit": 0, "DevPlus__5": 0, "ProfPlus_5": 0, "pDevPlusAm": 0, "pProfPlu_5": 0, "NTestedAna": 0, "Begin_Cn_4": 0, "Develop__6": 0, "Prof_CntAn": 0, "Dist_CntAn": 0, "pBeginAnal": 0, "pDevelopAn": 0, "pProfAnalG": 0, "pDistAnalG": 0, "DevPlus__6": 0, "ProfPlus_6": 0, "pDevPlusAn": 0, "pProfPlu_6": 0, "NTestedBio": 0, "Begin_CntB": 0, "Develop__7": 0, "Prof_CntBi": 0, "Dist_CntBi": 0, "pBeginBiol": 0, "pDevelopBi": 0, "pProfBiolo": 0, "pDistBiolo": 0, "DevPlus__7": 0, "ProfPlus_7": 0, "pDevPlusBi": 0, "pProfPlusB": 0, "NTestedCoo": 0, "Begin_CntC": 0, "Develop__8": 0, "Prof_CntCo": 0, "Dist_CntCo": 0, "pBeginCoor": 0, "pDevelopCo": 0, "pProfCoord": 0, "pDistCoord": 0, "DevPlus__8": 0, "ProfPlus_8": 0, "pDevPlusCo": 0, "pProfPlusC": 0, "NTestedEco": 0, "Begin_Cn_5": 0, "Develop__9": 0, "Prof_CntEc": 0, "Dist_CntEc": 0, "pBeginEcon": 0, "pDevelopEc": 0, "pProfEcon": 0, "pDistEcon": 0, "DevPlus__9": 0, "ProfPlus_9": 0, "pDevPlusEc": 0, "pProfPlu_7": 0, "NTestedGeo": 0, "Begin_CntG": 0, "Develop_10": 0, "Prof_CntGe": 0, "Dist_CntGe": 0, "pBeginGeom": 0, "pDevelopGe": 0, "pProfGeome": 0, "pDistGeome": 0, "DevPlus_10": 0, "ProfPlus10": 0, "pDevPlusGe": 0, "pProfPlusG": 0, "NTestedLit": 0, "Begin_CntL": 0, "Develop_11": 0, "Prof_CntLi": 0, "Dist_CntLi": 0, "pBeginLit9": 0, "pDevelopLi": 0, "pProfLit9": 0, "pDistLit9": 0, "DevPlus_11": 0, "ProfPlus11": 0, "pDevPlusLi": 0, "pProfPlusL": 0, "NTestedPhy": 0, "Begin_CntP": 0, "Develop_12": 0, "Prof_CntPh": 0, "Dist_CntPh": 0, "pBeginPhys": 0, "pDevelopPh": 0, "pProfPhysS": 0, "pDistPhysS": 0, "DevPlus_12": 0, "ProfPlus12": 0, "pDevPlusPh": 0, "pProfPlusP": 0, "NTestedUSH": 0, "Begin_CntU": 0, "Develop_13": 0, "Prof_CntUS": 0, "Dist_CntUS": 0, "pBeginUSHi": 0, "pDevelopUS": 0, "pProfUSHis": 0, "pDistUSHis": 0, "DevPlus_13": 0, "ProfPlus13": 0, "pDevPlusUS": 0, "pProfPlusU": 0, "NDropout71": 0, "pNDropout7": 0, "Graduation": 0, "NUMBER_OF_": 0, "pHopeEligi": 0, "chENROLLME": 0, "pchENROLLM": 0.0, "chCCRPI": 0, "chpProfPlu": 0, "chpProfP_1": 0, "chpProfP_2": 0, "chpProfP_3": 0, "chpELA8": 0, "chpProfP_4": 0, "chpProfP_5": 0, "chpProfP_6": 0, "chpProfP_7": 0, "chpProfP_8": 0, "chpProfP_9": 0, "chpProfP10": 0, "chpProfP11": 0, "chpProfP12": 0, "chpProfP13": 0, "chpProfP14": 0, "GlobalID": "{2B69776B-1F1E-49DC-B0FF-31A40370C16D}", "created_us": "opendata@arc", "created_da": "2020-03-25T00:00:00Z", "last_edite": "opendata@arc", "last_edi_1": "2020-03-25T00:00:00Z" }, "geometry": { "type": "Point", "coordinates": [ -84.44025621673056, 33.73199342909254 ] } },
{ "type": "Feature", "properties": { "OBJECTID": 2096, "SysSchool": 7611417, "GradeRange": "KK-08", "SchoolAddr": "386 Pine St NE", "SchoolCity": "Atlanta", "STATE": "GA", "SchoolZipC": "30308-2532", "MailAddres": "386 Pine St NE", "MailCity": "Atlanta", "MailZipCod": "30308-2532", "PrincipalN": "Pascal, Gilbert", "PrincipalE": " ", "SchoolPhon": "404.719.4005", "SchoolFax": " ", "longitude": -84.374589, "latitude": 33.768238, "Year": 2019, "SchoolYear": "2018-19", "SystemID": 761, "SystemName": "Atlanta Public Schools", "SchoolID": 1417, "SchoolName": "Kindezi Old 4th Ward", "Type": "Elementary School", "ENROLLMENT": 497, "ENROLL_PER": 1, "ENROLL_P_1": 0, "ENROLL_P_2": 83, "ENROLL_P_3": 3, "ENROLL_P_4": 4, "ENROLL_P_5": 9, "ENROLL_P_6": 0, "ENROLL_P_7": 100, "ENROLL_P_8": 12, "ENROLL_P_9": 1, "ENROLL_PCT": 0, "ENROLL_P10": 5, "direct_cer": 46, "pAbsent0_5": 43, "pAbsent6_1": 41, "pAbsent16P": 17, "Churn": 4, "TeacherCou": 78, "AvgExp": 4, "pYrsLt1": 19, "pYears1_10": 71, "pYears11_2": 10, "pYears21_3": 0, "pYearsGt30": 0, "Debt": 0, "GenAdmin": 0, "Instructio": 14937, "Support": 0, "Ops": 0, "Media": 0, "PServices": 0, "Capital": 0, "SchoolAdmi": 0, "Food": 0, "Transport": 0, "TotalSpend": 14937, "CCRPI": 75, "ClimateSta": 2, "NTestedELA": 59, "Begin_CntE": 18, "Develop_Cn": 18, "Prof_CntEL": 11, "Dist_CntEL": 12, "pBeginELA3": 31, "pDevelopEL": 31, "pProfELA3": 19, "pDistELA3": 20, "DevPlus_Cn": 41, "ProfPlus_C": 23, "pDevPlusEL": 69, "pProfPlusE": 39, "NTestedE_1": 50, "Begin_Cn_1": 15, "Develop__1": 22, "Prof_Cnt_1": 11, "Dist_Cnt_1": 2, "pBeginELA5": 30, "pDevelop_1": 44, "pProfELA5": 22, "pDistELA5": 4, "DevPlus__1": 35, "ProfPlus_1": 13, "pDevPlus_1": 70, "pProfPlu_1": 26, "NTestedMat": 59, "Begin_CntM": 10, "Develop__2": 21, "Prof_CntMa": 18, "Dist_CntMa": 10, "pBeginMath": 17, "pDevelopMa": 36, "pProfMath3": 31, "pDistMath3": 17, "DevPlus__2": 49, "ProfPlus_2": 28, "pDevPlusMa": 83, "pProfPlusM": 47, "NTestedM_1": 50, "Begin_Cn_2": 14, "Develop__3": 14, "Prof_Cnt_2": 18, "Dist_Cnt_2": 4, "pBeginMa_1": 28, "pDevelop_2": 28, "pProfMath5": 36, "pDistMath5": 8, "DevPlus__3": 36, "ProfPlus_3": 22, "pDevPlus_2": 72, "pProfPlu_2": 44, "NTestedE_2": 43, "BeginELA8_": 10, "DevelopELA": 17, "ProfELA8_C": 15, "DistELA8_C": 1, "NTestedM_2": 43, "BeginMath8": 9, "DevelopMat": 22, "ProfMath8_": 11, "DistMath8_": 1, "pBeginELA8": 23, "pDevelop_3": 40, "pProfELA8": 35, "pDistELA8": 2, "pBeginMa_2": 21, "pDevelop_4": 51, "pProfMath8": 26, "pDistMath8": 2, "DevPlusELA": 33, "ProfPlusEL": 16, "pDevPlus_3": 77, "pProfPlu_3": 37, "DevPlusMat": 34, "ProfPlusMa": 12, "pDevPlus_4": 79, "pProfPlu_4": 28, "NTestedAlg": 0, "Begin_CntA": 0, "Develop__4": 0, "Prof_CntAl": 0, "Dist_CntAl": 0, "pBeginAlge": 0, "pDevelopAl": 0, "pProfAlgeb": 0, "pDistAlgeb": 0, "DevPlus__4": 0, "ProfPlus_4": 0, "pDevPlusAl": 0, "pProfPlusA": 0, "NTestedAmL": 0, "Begin_Cn_3": 0, "Develop__5": 0, "Prof_CntAm": 0, "Dist_CntAm": 0, "pBeginAmLi": 0, "pDevelopAm": 0, "pProfAmLit": 0, "pDistAmLit": 0, "DevPlus__5": 0, "ProfPlus_5": 0, "pDevPlusAm": 0, "pProfPlu_5": 0, "NTestedAna": 0, "Begin_Cn_4": 0, "Develop__6": 0, "Prof_CntAn": 0, "Dist_CntAn": 0, "pBeginAnal": 0, "pDevelopAn": 0, "pProfAnalG": 0, "pDistAnalG": 0, "DevPlus__6": 0, "ProfPlus_6": 0, "pDevPlusAn": 0, "pProfPlu_6": 0, "NTestedBio": 0, "Begin_CntB": 0, "Develop__7": 0, "Prof_CntBi": 0, "Dist_CntBi": 0, "pBeginBiol": 0, "pDevelopBi": 0, "pProfBiolo": 0, "pDistBiolo": 0, "DevPlus__7": 0, "ProfPlus_7": 0, "pDevPlusBi": 0, "pProfPlusB": 0, "NTestedCoo": 0, "Begin_CntC": 0, "Develop__8": 0, "Prof_CntCo": 0, "Dist_CntCo": 0, "pBeginCoor": 0, "pDevelopCo": 0, "pProfCoord": 0, "pDistCoord": 0, "DevPlus__8": 0, "ProfPlus_8": 0, "pDevPlusCo": 0, "pProfPlusC": 0, "NTestedEco": 0, "Begin_Cn_5": 0, "Develop__9": 0, "Prof_CntEc": 0, "Dist_CntEc": 0, "pBeginEcon": 0, "pDevelopEc": 0, "pProfEcon": 0, "pDistEcon": 0, "DevPlus__9": 0, "ProfPlus_9": 0, "pDevPlusEc": 0, "pProfPlu_7": 0, "NTestedGeo": 0, "Begin_CntG": 0, "Develop_10": 0, "Prof_CntGe": 0, "Dist_CntGe": 0, "pBeginGeom": 0, "pDevelopGe": 0, "pProfGeome": 0, "pDistGeome": 0, "DevPlus_10": 0, "ProfPlus10": 0, "pDevPlusGe": 0, "pProfPlusG": 0, "NTestedLit": 0, "Begin_CntL": 0, "Develop_11": 0, "Prof_CntLi": 0, "Dist_CntLi": 0, "pBeginLit9": 0, "pDevelopLi": 0, "pProfLit9": 0, "pDistLit9": 0, "DevPlus_11": 0, "ProfPlus11": 0, "pDevPlusLi": 0, "pProfPlusL": 0, "NTestedPhy": 0, "Begin_CntP": 0, "Develop_12": 0, "Prof_CntPh": 0, "Dist_CntPh": 0, "pBeginPhys": 0, "pDevelopPh": 0, "pProfPhysS": 0, "pDistPhysS": 0, "DevPlus_12": 0, "ProfPlus12": 0, "pDevPlusPh": 0, "pProfPlusP": 0, "NTestedUSH": 0, "Begin_CntU": 0, "Develop_13": 0, "Prof_CntUS": 0, "Dist_CntUS": 0, "pBeginUSHi": 0, "pDevelopUS": 0, "pProfUSHis": 0, "pDistUSHis": 0, "DevPlus_13": 0, "ProfPlus13": 0, "pDevPlusUS": 0, "pProfPlusU": 0, "NDropout71": 0, "pNDropout7": 0, "Graduation": 0, "NUMBER_OF_": 0, "pHopeEligi": 0, "chENROLLME": 0, "pchENROLLM": 0.0, "chCCRPI": 0, "chpProfPlu": 0, "chpProfP_1": 0, "chpProfP_2": 0, "chpProfP_3": 0, "chpELA8": 0, "chpProfP_4": 0, "chpProfP_5": 0, "chpProfP_6": 0, "chpProfP_7": 0, "chpProfP_8": 0, "chpProfP_9": 0, "chpProfP10": 0, "chpProfP11": 0, "chpProfP12": 0, "chpProfP13": 0, "chpProfP14": 0, "GlobalID": "{94F94FC1-64AC-4CBF-8CED-BEE4703BAE33}", "created_us": "opendata@arc", "created_da": "2020-03-25T00:00:00Z", "last_edite": "opendata@arc", "last_edi_1": "2020-03-25T00:00:00Z" }, "geometry": { "type": "Point", "coordinates": [ -84.374593199877793, 33.768244439201681 ] } },
{ "type": "Feature", "properties": { "OBJECTID": 2097, "SysSchool": 7611418, "GradeRange": "06-08", "SchoolAddr": "1890 Donald Lee Hollowell Pkwy NW", "SchoolCity": "Atlanta", "STATE": "GA", "SchoolZipC": "30318-4800", "MailAddres": "1890 Donald Lee Hollowell Pkwy NW", "MailCity": "Atlanta", "MailZipCod": "30318-4800", "PrincipalN": "Parks, Gregory", "PrincipalE": " ", "SchoolPhon": "404.802.6100", "SchoolFax": " ", "longitude": -84.447934, "latitude": 33.774615, "Year": 2019, "SchoolYear": "2018-19", "SystemID": 761, "SystemName": "Atlanta Public Schools", "SchoolID": 1418, "SchoolName": "John Lewis Invictus Academy", "Type": "Middle School", "ENROLLMENT": 662, "ENROLL_PER": 0, "ENROLL_P_1": 0, "ENROLL_P_2": 95, "ENROLL_P_3": 4, "ENROLL_P_4": 0, "ENROLL_P_5": 0, "ENROLL_P_6": 0, "ENROLL_P_7": 100, "ENROLL_P_8": 15, "ENROLL_P_9": 3, "ENROLL_PCT": 1, "ENROLL_P10": 2, "direct_cer": 80, "pAbsent0_5": 34, "pAbsent6_1": 36, "pAbsent16P": 30, "Churn": 48, "TeacherCou": 41, "AvgExp": 9, "pYrsLt1": 15, "pYears1_10": 42, "pYears11_2": 32, "pYears21_3": 12, "pYearsGt30": 0, "Debt": 0, "GenAdmin": 0, "Instructio": 6366, "Support": 727, "Ops": 439, "Media": 0, "PServices": 524, "Capital": 0, "SchoolAdmi": 983, "Food": 0, "Transport": 64, "TotalSpend": 9102, "CCRPI": 55, "ClimateSta": 2, "NTestedELA": 0, "Begin_CntE": 0, "Develop_Cn": 0, "Prof_CntEL": 0, "Dist_CntEL": 0, "pBeginELA3": 0, "pDevelopEL": 0, "pProfELA3": 0, "pDistELA3": 0, "DevPlus_Cn": 0, "ProfPlus_C": 0, "pDevPlusEL": 0, "pProfPlusE": 0, "NTestedE_1": 0, "Begin_Cn_1": 0, "Develop__1": 0, "Prof_Cnt_1": 0, "Dist_Cnt_1": 0, "pBeginELA5": 0, "pDevelop_1": 0, "pProfELA5": 0, "pDistELA5": 0, "DevPlus__1": 0, "ProfPlus_1": 0, "pDevPlus_1": 0, "pProfPlu_1": 0, "NTestedMat": 0, "Begin_CntM": 0, "Develop__2": 0, "Prof_CntMa": 0, "Dist_CntMa": 0, "pBeginMath": 0, "pDevelopMa": 0, "pProfMath3": 0, "pDistMath3": 0, "DevPlus__2": 0, "ProfPlus_2": 0, "pDevPlusMa": 0, "pProfPlusM": 0, "NTestedM_1": 0, "Begin_Cn_2": 0, "Develop__3": 0, "Prof_Cnt_2": 0, "Dist_Cnt_2": 0, "pBeginMa_1": 0, "pDevelop_2": 0, "pProfMath5": 0, "pDistMath5": 0, "DevPlus__3": 0, "ProfPlus_3": 0, "pDevPlus_2": 0, "pProfPlu_2": 0, "NTestedE_2": 0, "BeginELA8_": 0, "DevelopELA": 0, "ProfELA8_C": 0, "DistELA8_C": 0, "NTestedM_2": 0, "BeginMath8": 0, "DevelopMat": 0, "ProfMath8_": 0, "DistMath8_": 0, "pBeginELA8": 0, "pDevelop_3": 0, "pProfELA8": 0, "pDistELA8": 0, "pBeginMa_2": 0, "pDevelop_4": 0, "pProfMath8": 0, "pDistMath8": 0, "DevPlusELA": 0, "ProfPlusEL": 0, "pDevPlus_3": 0, "pProfPlu_3": 0, "DevPlusMat": 0, "ProfPlusMa": 0, "pDevPlus_4": 0, "pProfPlu_4": 0, "NTestedAlg": 0, "Begin_CntA": 0, "Develop__4": 0, "Prof_CntAl": 0, "Dist_CntAl": 0, "pBeginAlge": 0, "pDevelopAl": 0, "pProfAlgeb": 0, "pDistAlgeb": 0, "DevPlus__4": 0, "ProfPlus_4": 0, "pDevPlusAl": 0, "pProfPlusA": 0, "NTestedAmL": 0, "Begin_Cn_3": 0, "Develop__5": 0, "Prof_CntAm": 0, "Dist_CntAm": 0, "pBeginAmLi": 0, "pDevelopAm": 0, "pProfAmLit": 0, "pDistAmLit": 0, "DevPlus__5": 0, "ProfPlus_5": 0, "pDevPlusAm": 0, "pProfPlu_5": 0, "NTestedAna": 0, "Begin_Cn_4": 0, "Develop__6": 0, "Prof_CntAn": 0, "Dist_CntAn": 0, "pBeginAnal": 0, "pDevelopAn": 0, "pProfAnalG": 0, "pDistAnalG": 0, "DevPlus__6": 0, "ProfPlus_6": 0, "pDevPlusAn": 0, "pProfPlu_6": 0, "NTestedBio": 0, "Begin_CntB": 0, "Develop__7": 0, "Prof_CntBi": 0, "Dist_CntBi": 0, "pBeginBiol": 0, "pDevelopBi": 0, "pProfBiolo": 0, "pDistBiolo": 0, "DevPlus__7": 0, "ProfPlus_7": 0, "pDevPlusBi": 0, "pProfPlusB": 0, "NTestedCoo": 0, "Begin_CntC": 0, "Develop__8": 0, "Prof_CntCo": 0, "Dist_CntCo": 0, "pBeginCoor": 0, "pDevelopCo": 0, "pProfCoord": 0, "pDistCoord": 0, "DevPlus__8": 0, "ProfPlus_8": 0, "pDevPlusCo": 0, "pProfPlusC": 0, "NTestedEco": 0, "Begin_Cn_5": 0, "Develop__9": 0, "Prof_CntEc": 0, "Dist_CntEc": 0, "pBeginEcon": 0, "pDevelopEc": 0, "pProfEcon": 0, "pDistEcon": 0, "DevPlus__9": 0, "ProfPlus_9": 0, "pDevPlusEc": 0, "pProfPlu_7": 0, "NTestedGeo": 0, "Begin_CntG": 0, "Develop_10": 0, "Prof_CntGe": 0, "Dist_CntGe": 0, "pBeginGeom": 0, "pDevelopGe": 0, "pProfGeome": 0, "pDistGeome": 0, "DevPlus_10": 0, "ProfPlus10": 0, "pDevPlusGe": 0, "pProfPlusG": 0, "NTestedLit": 0, "Begin_CntL": 0, "Develop_11": 0, "Prof_CntLi": 0, "Dist_CntLi": 0, "pBeginLit9": 0, "pDevelopLi": 0, "pProfLit9": 0, "pDistLit9": 0, "DevPlus_11": 0, "ProfPlus11": 0, "pDevPlusLi": 0, "pProfPlusL": 0, "NTestedPhy": 0, "Begin_CntP": 0, "Develop_12": 0, "Prof_CntPh": 0, "Dist_CntPh": 0, "pBeginPhys": 0, "pDevelopPh": 0, "pProfPhysS": 0, "pDistPhysS": 0, "DevPlus_12": 0, "ProfPlus12": 0, "pDevPlusPh": 0, "pProfPlusP": 0, "NTestedUSH": 0, "Begin_CntU": 0, "Develop_13": 0, "Prof_CntUS": 0, "Dist_CntUS": 0, "pBeginUSHi": 0, "pDevelopUS": 0, "pProfUSHis": 0, "pDistUSHis": 0, "DevPlus_13": 0, "ProfPlus13": 0, "pDevPlusUS": 0, "pProfPlusU": 0, "NDropout71": 0, "pNDropout7": 0, "Graduation": 0, "NUMBER_OF_": 0, "pHopeEligi": 0, "chENROLLME": 0, "pchENROLLM": 0.0, "chCCRPI": 0, "chpProfPlu": 0, "chpProfP_1": 0, "chpProfP_2": 0, "chpProfP_3": 0, "chpELA8": 0, "chpProfP_4": 0, "chpProfP_5": 0, "chpProfP_6": 0, "chpProfP_7": 0, "chpProfP_8": 0, "chpProfP_9": 0, "chpProfP10": 0, "chpProfP11": 0, "chpProfP12": 0, "chpProfP13": 0, "chpProfP14": 0, "GlobalID": "{048AA131-958F-4240-A340-3AF6EDC09058}", "created_us": "opendata@arc", "created_da": "2020-03-25T00:00:00Z", "last_edite": "opendata@arc", "last_edi_1": "2020-03-25T00:00:00Z" }, "geometry": { "type": "Point", "coordinates": [ -84.447938221866465, 33.774621438357471 ] } },
{ "type": "Feature", "properties": { "OBJECTID": 2098, "SysSchool": 7611419, "GradeRange": "KK-01", "SchoolAddr": "1445 Maynard Rd NW", "SchoolCity": "Atlanta", "STATE": "GA", "SchoolZipC": "30331-1109", "MailAddres": "1445 Maynard Rd NW", "MailCity": "Atlanta", "MailZipCod": "30331-1109", "PrincipalN": "Davis, Tasha", "PrincipalE": " ", "SchoolPhon": "404.759.6852", "SchoolFax": " ", "longitude": -84.498338, "latitude": 33.793859, "Year": 2019, "SchoolYear": "2018-19", "SystemID": 761, "SystemName": "Atlanta Public Schools", "SchoolID": 1419, "SchoolName": "KIPP Soul Primary", "Type": "Elementary School", "ENROLLMENT": 114, "ENROLL_PER": 0, "ENROLL_P_1": 0, "ENROLL_P_2": 99, "ENROLL_P_3": 1, "ENROLL_P_4": 0, "ENROLL_P_5": 0, "ENROLL_P_6": 0, "ENROLL_P_7": 78, "ENROLL_P_8": 4, "ENROLL_P_9": 0, "ENROLL_PCT": 0, "ENROLL_P10": 0, "direct_cer": 60, "pAbsent0_5": 30, "pAbsent6_1": 37, "pAbsent16P": 33, "Churn": 4, "TeacherCou": 7, "AvgExp": 5, "pYrsLt1": 0, "pYears1_10": 100, "pYears11_2": 0, "pYears21_3": 0, "pYearsGt30": 0, "Debt": 0, "GenAdmin": 0, "Instructio": 14504, "Support": 0, "Ops": 0, "Media": 0, "PServices": 0, "Capital": 0, "SchoolAdmi": 0, "Food": 0, "Transport": 0, "TotalSpend": 14504, "CCRPI": 0, "ClimateSta": 4, "NTestedELA": 0, "Begin_CntE": 0, "Develop_Cn": 0, "Prof_CntEL": 0, "Dist_CntEL": 0, "pBeginELA3": 0, "pDevelopEL": 0, "pProfELA3": 0, "pDistELA3": 0, "DevPlus_Cn": 0, "ProfPlus_C": 0, "pDevPlusEL": 0, "pProfPlusE": 0, "NTestedE_1": 0, "Begin_Cn_1": 0, "Develop__1": 0, "Prof_Cnt_1": 0, "Dist_Cnt_1": 0, "pBeginELA5": 0, "pDevelop_1": 0, "pProfELA5": 0, "pDistELA5": 0, "DevPlus__1": 0, "ProfPlus_1": 0, "pDevPlus_1": 0, "pProfPlu_1": 0, "NTestedMat": 0, "Begin_CntM": 0, "Develop__2": 0, "Prof_CntMa": 0, "Dist_CntMa": 0, "pBeginMath": 0, "pDevelopMa": 0, "pProfMath3": 0, "pDistMath3": 0, "DevPlus__2": 0, "ProfPlus_2": 0, "pDevPlusMa": 0, "pProfPlusM": 0, "NTestedM_1": 0, "Begin_Cn_2": 0, "Develop__3": 0, "Prof_Cnt_2": 0, "Dist_Cnt_2": 0, "pBeginMa_1": 0, "pDevelop_2": 0, "pProfMath5": 0, "pDistMath5": 0, "DevPlus__3": 0, "ProfPlus_3": 0, "pDevPlus_2": 0, "pProfPlu_2": 0, "NTestedE_2": 0, "BeginELA8_": 0, "DevelopELA": 0, "ProfELA8_C": 0, "DistELA8_C": 0, "NTestedM_2": 0, "BeginMath8": 0, "DevelopMat": 0, "ProfMath8_": 0, "DistMath8_": 0, "pBeginELA8": 0, "pDevelop_3": 0, "pProfELA8": 0, "pDistELA8": 0, "pBeginMa_2": 0, "pDevelop_4": 0, "pProfMath8": 0, "pDistMath8": 0, "DevPlusELA": 0, "ProfPlusEL": 0, "pDevPlus_3": 0, "pProfPlu_3": 0, "DevPlusMat": 0, "ProfPlusMa": 0, "pDevPlus_4": 0, "pProfPlu_4": 0, "NTestedAlg": 0, "Begin_CntA": 0, "Develop__4": 0, "Prof_CntAl": 0, "Dist_CntAl": 0, "pBeginAlge": 0, "pDevelopAl": 0, "pProfAlgeb": 0, "pDistAlgeb": 0, "DevPlus__4": 0, "ProfPlus_4": 0, "pDevPlusAl": 0, "pProfPlusA": 0, "NTestedAmL": 0, "Begin_Cn_3": 0, "Develop__5": 0, "Prof_CntAm": 0, "Dist_CntAm": 0, "pBeginAmLi": 0, "pDevelopAm": 0, "pProfAmLit": 0, "pDistAmLit": 0, "DevPlus__5": 0, "ProfPlus_5": 0, "pDevPlusAm": 0, "pProfPlu_5": 0, "NTestedAna": 0, "Begin_Cn_4": 0, "Develop__6": 0, "Prof_CntAn": 0, "Dist_CntAn": 0, "pBeginAnal": 0, "pDevelopAn": 0, "pProfAnalG": 0, "pDistAnalG": 0, "DevPlus__6": 0, "ProfPlus_6": 0, "pDevPlusAn": 0, "pProfPlu_6": 0, "NTestedBio": 0, "Begin_CntB": 0, "Develop__7": 0, "Prof_CntBi": 0, "Dist_CntBi": 0, "pBeginBiol": 0, "pDevelopBi": 0, "pProfBiolo": 0, "pDistBiolo": 0, "DevPlus__7": 0, "ProfPlus_7": 0, "pDevPlusBi": 0, "pProfPlusB": 0, "NTestedCoo": 0, "Begin_CntC": 0, "Develop__8": 0, "Prof_CntCo": 0, "Dist_CntCo": 0, "pBeginCoor": 0, "pDevelopCo": 0, "pProfCoord": 0, "pDistCoord": 0, "DevPlus__8": 0, "ProfPlus_8": 0, "pDevPlusCo": 0, "pProfPlusC": 0, "NTestedEco": 0, "Begin_Cn_5": 0, "Develop__9": 0, "Prof_CntEc": 0, "Dist_CntEc": 0, "pBeginEcon": 0, "pDevelopEc": 0, "pProfEcon": 0, "pDistEcon": 0, "DevPlus__9": 0, "ProfPlus_9": 0, "pDevPlusEc": 0, "pProfPlu_7": 0, "NTestedGeo": 0, "Begin_CntG": 0, "Develop_10": 0, "Prof_CntGe": 0, "Dist_CntGe": 0, "pBeginGeom": 0, "pDevelopGe": 0, "pProfGeome": 0, "pDistGeome": 0, "DevPlus_10": 0, "ProfPlus10": 0, "pDevPlusGe": 0, "pProfPlusG": 0, "NTestedLit": 0, "Begin_CntL": 0, "Develop_11": 0, "Prof_CntLi": 0, "Dist_CntLi": 0, "pBeginLit9": 0, "pDevelopLi": 0, "pProfLit9": 0, "pDistLit9": 0, "DevPlus_11": 0, "ProfPlus11": 0, "pDevPlusLi": 0, "pProfPlusL": 0, "NTestedPhy": 0, "Begin_CntP": 0, "Develop_12": 0, "Prof_CntPh": 0, "Dist_CntPh": 0, "pBeginPhys": 0, "pDevelopPh": 0, "pProfPhysS": 0, "pDistPhysS": 0, "DevPlus_12": 0, "ProfPlus12": 0, "pDevPlusPh": 0, "pProfPlusP": 0, "NTestedUSH": 0, "Begin_CntU": 0, "Develop_13": 0, "Prof_CntUS": 0, "Dist_CntUS": 0, "pBeginUSHi": 0, "pDevelopUS": 0, "pProfUSHis": 0, "pDistUSHis": 0, "DevPlus_13": 0, "ProfPlus13": 0, "pDevPlusUS": 0, "pProfPlusU": 0, "NDropout71": 0, "pNDropout7": 0, "Graduation": 0, "NUMBER_OF_": 0, "pHopeEligi": 0, "chENROLLME": 0, "pchENROLLM": 0.0, "chCCRPI": 0, "chpProfPlu": 0, "chpProfP_1": 0, "chpProfP_2": 0, "chpProfP_3": 0, "chpELA8": 0, "chpProfP_4": 0, "chpProfP_5": 0, "chpProfP_6": 0, "chpProfP_7": 0, "chpProfP_8": 0, "chpProfP_9": 0, "chpProfP10": 0, "chpProfP11": 0, "chpProfP12": 0, "chpProfP13": 0, "chpProfP14": 0, "GlobalID": "{993B4F00-6CF0-433D-BD3B-887491AFF713}", "created_us": "opendata@arc", "created_da": "2020-03-25T00:00:00Z", "last_edite": "opendata@arc", "last_edi_1": "2020-03-25T00:00:00Z" }, "geometry": { "type": "Point", "coordinates": [ -84.498342237012565, 33.793865440310171 ] } },
{ "type": "Feature", "properties": { "OBJECTID": 2099, "SysSchool": 7611421, "GradeRange": "PK-05", "SchoolAddr": "3399 Collier Dr NW", "SchoolCity": "Atlanta", "STATE": "GA", "SchoolZipC": "30331-1525", "MailAddres": "3399 Collier Dr NW", "MailCity": "Atlanta", "MailZipCod": "30331-1525", "PrincipalN": "Simon, Dione", "PrincipalE": " ", "SchoolPhon": "404.802.6500", "SchoolFax": " ", "longitude": -84.498754, "latitude": 33.769581, "Year": 2019, "SchoolYear": "2018-19", "SystemID": 761, "SystemName": "Atlanta Public Schools", "SchoolID": 1421, "SchoolName": "Harper-Archer Elementary School", "Type": "Elementary School", "ENROLLMENT": 0, "ENROLL_PER": 0, "ENROLL_P_1": 0, "ENROLL_P_2": 0, "ENROLL_P_3": 0, "ENROLL_P_4": 0, "ENROLL_P_5": 0, "ENROLL_P_6": 0, "ENROLL_P_7": 0, "ENROLL_P_8": 0, "ENROLL_P_9": 0, "ENROLL_PCT": 0, "ENROLL_P10": 0, "direct_cer": 0, "pAbsent0_5": 0, "pAbsent6_1": 0, "pAbsent16P": 0, "Churn": 0, "TeacherCou": 0, "AvgExp": 0, "pYrsLt1": 0, "pYears1_10": 0, "pYears11_2": 0, "pYears21_3": 0, "pYearsGt30": 0, "Debt": 0, "GenAdmin": 0, "Instructio": 0, "Support": 0, "Ops": 0, "Media": 0, "PServices": 0, "Capital": 0, "SchoolAdmi": 0, "Food": 0, "Transport": 0, "TotalSpend": 0, "CCRPI": 0, "ClimateSta": 0, "NTestedELA": 0, "Begin_CntE": 0, "Develop_Cn": 0, "Prof_CntEL": 0, "Dist_CntEL": 0, "pBeginELA3": 0, "pDevelopEL": 0, "pProfELA3": 0, "pDistELA3": 0, "DevPlus_Cn": 0, "ProfPlus_C": 0, "pDevPlusEL": 0, "pProfPlusE": 0, "NTestedE_1": 0, "Begin_Cn_1": 0, "Develop__1": 0, "Prof_Cnt_1": 0, "Dist_Cnt_1": 0, "pBeginELA5": 0, "pDevelop_1": 0, "pProfELA5": 0, "pDistELA5": 0, "DevPlus__1": 0, "ProfPlus_1": 0, "pDevPlus_1": 0, "pProfPlu_1": 0, "NTestedMat": 0, "Begin_CntM": 0, "Develop__2": 0, "Prof_CntMa": 0, "Dist_CntMa": 0, "pBeginMath": 0, "pDevelopMa": 0, "pProfMath3": 0, "pDistMath3": 0, "DevPlus__2": 0, "ProfPlus_2": 0, "pDevPlusMa": 0, "pProfPlusM": 0, "NTestedM_1": 0, "Begin_Cn_2": 0, "Develop__3": 0, "Prof_Cnt_2": 0, "Dist_Cnt_2": 0, "pBeginMa_1": 0, "pDevelop_2": 0, "pProfMath5": 0, "pDistMath5": 0, "DevPlus__3": 0, "ProfPlus_3": 0, "pDevPlus_2": 0, "pProfPlu_2": 0, "NTestedE_2": 0, "BeginELA8_": 0, "DevelopELA": 0, "ProfELA8_C": 0, "DistELA8_C": 0, "NTestedM_2": 0, "BeginMath8": 0, "DevelopMat": 0, "ProfMath8_": 0, "DistMath8_": 0, "pBeginELA8": 0, "pDevelop_3": 0, "pProfELA8": 0, "pDistELA8": 0, "pBeginMa_2": 0, "pDevelop_4": 0, "pProfMath8": 0, "pDistMath8": 0, "DevPlusELA": 0, "ProfPlusEL": 0, "pDevPlus_3": 0, "pProfPlu_3": 0, "DevPlusMat": 0, "ProfPlusMa": 0, "pDevPlus_4": 0, "pProfPlu_4": 0, "NTestedAlg": 0, "Begin_CntA": 0, "Develop__4": 0, "Prof_CntAl": 0, "Dist_CntAl": 0, "pBeginAlge": 0, "pDevelopAl": 0, "pProfAlgeb": 0, "pDistAlgeb": 0, "DevPlus__4": 0, "ProfPlus_4": 0, "pDevPlusAl": 0, "pProfPlusA": 0, "NTestedAmL": 0, "Begin_Cn_3": 0, "Develop__5": 0, "Prof_CntAm": 0, "Dist_CntAm": 0, "pBeginAmLi": 0, "pDevelopAm": 0, "pProfAmLit": 0, "pDistAmLit": 0, "DevPlus__5": 0, "ProfPlus_5": 0, "pDevPlusAm": 0, "pProfPlu_5": 0, "NTestedAna": 0, "Begin_Cn_4": 0, "Develop__6": 0, "Prof_CntAn": 0, "Dist_CntAn": 0, "pBeginAnal": 0, "pDevelopAn": 0, "pProfAnalG": 0, "pDistAnalG": 0, "DevPlus__6": 0, "ProfPlus_6": 0, "pDevPlusAn": 0, "pProfPlu_6": 0, "NTestedBio": 0, "Begin_CntB": 0, "Develop__7": 0, "Prof_CntBi": 0, "Dist_CntBi": 0, "pBeginBiol": 0, "pDevelopBi": 0, "pProfBiolo": 0, "pDistBiolo": 0, "DevPlus__7": 0, "ProfPlus_7": 0, "pDevPlusBi": 0, "pProfPlusB": 0, "NTestedCoo": 0, "Begin_CntC": 0, "Develop__8": 0, "Prof_CntCo": 0, "Dist_CntCo": 0, "pBeginCoor": 0, "pDevelopCo": 0, "pProfCoord": 0, "pDistCoord": 0, "DevPlus__8": 0, "ProfPlus_8": 0, "pDevPlusCo": 0, "pProfPlusC": 0, "NTestedEco": 0, "Begin_Cn_5": 0, "Develop__9": 0, "Prof_CntEc": 0, "Dist_CntEc": 0, "pBeginEcon": 0, "pDevelopEc": 0, "pProfEcon": 0, "pDistEcon": 0, "DevPlus__9": 0, "ProfPlus_9": 0, "pDevPlusEc": 0, "pProfPlu_7": 0, "NTestedGeo": 0, "Begin_CntG": 0, "Develop_10": 0, "Prof_CntGe": 0, "Dist_CntGe": 0, "pBeginGeom": 0, "pDevelopGe": 0, "pProfGeome": 0, "pDistGeome": 0, "DevPlus_10": 0, "ProfPlus10": 0, "pDevPlusGe": 0, "pProfPlusG": 0, "NTestedLit": 0, "Begin_CntL": 0, "Develop_11": 0, "Prof_CntLi": 0, "Dist_CntLi": 0, "pBeginLit9": 0, "pDevelopLi": 0, "pProfLit9": 0, "pDistLit9": 0, "DevPlus_11": 0, "ProfPlus11": 0, "pDevPlusLi": 0, "pProfPlusL": 0, "NTestedPhy": 0, "Begin_CntP": 0, "Develop_12": 0, "Prof_CntPh": 0, "Dist_CntPh": 0, "pBeginPhys": 0, "pDevelopPh": 0, "pProfPhysS": 0, "pDistPhysS": 0, "DevPlus_12": 0, "ProfPlus12": 0, "pDevPlusPh": 0, "pProfPlusP": 0, "NTestedUSH": 0, "Begin_CntU": 0, "Develop_13": 0, "Prof_CntUS": 0, "Dist_CntUS": 0, "pBeginUSHi": 0, "pDevelopUS": 0, "pProfUSHis": 0, "pDistUSHis": 0, "DevPlus_13": 0, "ProfPlus13": 0, "pDevPlusUS": 0, "pProfPlusU": 0, "NDropout71": 0, "pNDropout7": 0, "Graduation": 0, "NUMBER_OF_": 0, "pHopeEligi": 0, "chENROLLME": 0, "pchENROLLM": 0.0, "chCCRPI": 0, "chpProfPlu": 0, "chpProfP_1": 0, "chpProfP_2": 0, "chpProfP_3": 0, "chpELA8": 0, "chpProfP_4": 0, "chpProfP_5": 0, "chpProfP_6": 0, "chpProfP_7": 0, "chpProfP_8": 0, "chpProfP_9": 0, "chpProfP10": 0, "chpProfP11": 0, "chpProfP12": 0, "chpProfP13": 0, "chpProfP14": 0, "GlobalID": "{94C6D424-B24F-483E-9E37-02EFFA936A14}", "created_us": "opendata@arc", "created_da": "2020-03-25T00:00:00Z", "last_edite": "opendata@arc", "last_edi_1": "2020-03-25T00:00:00Z" }, "geometry": { "type": "Point", "coordinates": [ -84.498758236040857, 33.769587434714417 ] } },
{ "type": "Feature", "properties": { "OBJECTID": 2100, "SysSchool": 7611560, "GradeRange": "PK-05", "SchoolAddr": "285 Sheridan Dr NE", "SchoolCity": "Atlanta", "STATE": "GA", "SchoolZipC": "30305-3136", "MailAddres": "285 Sheridan Dr NE", "MailCity": "Atlanta", "MailZipCod": "30305-3136", "PrincipalN": "Abbott, Stacey", "PrincipalE": "stacey.abbott@atlanta.k12.ga.us", "SchoolPhon": "404.802.7800", "SchoolFax": "404.842.3050", "longitude": -84.378413, "latitude": 33.831795, "Year": 2019, "SchoolYear": "2018-19", "SystemID": 761, "SystemName": "Atlanta Public Schools", "SchoolID": 1560, "SchoolName": "Garden Hills Elementary School", "Type": "Elementary School", "ENROLLMENT": 504, "ENROLL_PER": 2, "ENROLL_P_1": 0, "ENROLL_P_2": 23, "ENROLL_P_3": 52, "ENROLL_P_4": 3, "ENROLL_P_5": 19, "ENROLL_P_6": 0, "ENROLL_P_7": 62, "ENROLL_P_8": 11, "ENROLL_P_9": 50, "ENROLL_PCT": 47, "ENROLL_P10": 4, "direct_cer": 34, "pAbsent0_5": 63, "pAbsent6_1": 30, "pAbsent16P": 7, "Churn": 22, "TeacherCou": 40, "AvgExp": 15, "pYrsLt1": 5, "pYears1_10": 33, "pYears11_2": 28, "pYears21_3": 35, "pYearsGt30": 0, "Debt": 0, "GenAdmin": 0, "Instructio": 7099, "Support": 249, "Ops": 537, "Media": 211, "PServices": 384, "Capital": 0, "SchoolAdmi": 767, "Food": 0, "Transport": 53, "TotalSpend": 9300, "CCRPI": 82, "ClimateSta": 4, "NTestedELA": 82, "Begin_CntE": 20, "Develop_Cn": 23, "Prof_CntEL": 23, "Dist_CntEL": 16, "pBeginELA3": 24, "pDevelopEL": 28, "pProfELA3": 28, "pDistELA3": 20, "DevPlus_Cn": 62, "ProfPlus_C": 39, "pDevPlusEL": 76, "pProfPlusE": 48, "NTestedE_1": 82, "Begin_Cn_1": 20, "Develop__1": 29, "Prof_Cnt_1": 23, "Dist_Cnt_1": 10, "pBeginELA5": 24, "pDevelop_1": 35, "pProfELA5": 28, "pDistELA5": 12, "DevPlus__1": 62, "ProfPlus_1": 33, "pDevPlus_1": 76, "pProfPlu_1": 40, "NTestedMat": 82, "Begin_CntM": 14, "Develop__2": 21, "Prof_CntMa": 33, "Dist_CntMa": 14, "pBeginMath": 17, "pDevelopMa": 26, "pProfMath3": 40, "pDistMath3": 17, "DevPlus__2": 68, "ProfPlus_2": 47, "pDevPlusMa": 83, "pProfPlusM": 57, "NTestedM_1": 82, "Begin_Cn_2": 24, "Develop__3": 33, "Prof_Cnt_2": 19, "Dist_Cnt_2": 6, "pBeginMa_1": 29, "pDevelop_2": 40, "pProfMath5": 23, "pDistMath5": 7, "DevPlus__3": 58, "ProfPlus_3": 25, "pDevPlus_2": 71, "pProfPlu_2": 31, "NTestedE_2": 0, "BeginELA8_": 0, "DevelopELA": 0, "ProfELA8_C": 0, "DistELA8_C": 0, "NTestedM_2": 0, "BeginMath8": 0, "DevelopMat": 0, "ProfMath8_": 0, "DistMath8_": 0, "pBeginELA8": 0, "pDevelop_3": 0, "pProfELA8": 0, "pDistELA8": 0, "pBeginMa_2": 0, "pDevelop_4": 0, "pProfMath8": 0, "pDistMath8": 0, "DevPlusELA": 0, "ProfPlusEL": 0, "pDevPlus_3": 0, "pProfPlu_3": 0, "DevPlusMat": 0, "ProfPlusMa": 0, "pDevPlus_4": 0, "pProfPlu_4": 0, "NTestedAlg": 0, "Begin_CntA": 0, "Develop__4": 0, "Prof_CntAl": 0, "Dist_CntAl": 0, "pBeginAlge": 0, "pDevelopAl": 0, "pProfAlgeb": 0, "pDistAlgeb": 0, "DevPlus__4": 0, "ProfPlus_4": 0, "pDevPlusAl": 0, "pProfPlusA": 0, "NTestedAmL": 0, "Begin_Cn_3": 0, "Develop__5": 0, "Prof_CntAm": 0, "Dist_CntAm": 0, "pBeginAmLi": 0, "pDevelopAm": 0, "pProfAmLit": 0, "pDistAmLit": 0, "DevPlus__5": 0, "ProfPlus_5": 0, "pDevPlusAm": 0, "pProfPlu_5": 0, "NTestedAna": 0, "Begin_Cn_4": 0, "Develop__6": 0, "Prof_CntAn": 0, "Dist_CntAn": 0, "pBeginAnal": 0, "pDevelopAn": 0, "pProfAnalG": 0, "pDistAnalG": 0, "DevPlus__6": 0, "ProfPlus_6": 0, "pDevPlusAn": 0, "pProfPlu_6": 0, "NTestedBio": 0, "Begin_CntB": 0, "Develop__7": 0, "Prof_CntBi": 0, "Dist_CntBi": 0, "pBeginBiol": 0, "pDevelopBi": 0, "pProfBiolo": 0, "pDistBiolo": 0, "DevPlus__7": 0, "ProfPlus_7": 0, "pDevPlusBi": 0, "pProfPlusB": 0, "NTestedCoo": 0, "Begin_CntC": 0, "Develop__8": 0, "Prof_CntCo": 0, "Dist_CntCo": 0, "pBeginCoor": 0, "pDevelopCo": 0, "pProfCoord": 0, "pDistCoord": 0, "DevPlus__8": 0, "ProfPlus_8": 0, "pDevPlusCo": 0, "pProfPlusC": 0, "NTestedEco": 0, "Begin_Cn_5": 0, "Develop__9": 0, "Prof_CntEc": 0, "Dist_CntEc": 0, "pBeginEcon": 0, "pDevelopEc": 0, "pProfEcon": 0, "pDistEcon": 0, "DevPlus__9": 0, "ProfPlus_9": 0, "pDevPlusEc": 0, "pProfPlu_7": 0, "NTestedGeo": 0, "Begin_CntG": 0, "Develop_10": 0, "Prof_CntGe": 0, "Dist_CntGe": 0, "pBeginGeom": 0, "pDevelopGe": 0, "pProfGeome": 0, "pDistGeome": 0, "DevPlus_10": 0, "ProfPlus10": 0, "pDevPlusGe": 0, "pProfPlusG": 0, "NTestedLit": 0, "Begin_CntL": 0, "Develop_11": 0, "Prof_CntLi": 0, "Dist_CntLi": 0, "pBeginLit9": 0, "pDevelopLi": 0, "pProfLit9": 0, "pDistLit9": 0, "DevPlus_11": 0, "ProfPlus11": 0, "pDevPlusLi": 0, "pProfPlusL": 0, "NTestedPhy": 0, "Begin_CntP": 0, "Develop_12": 0, "Prof_CntPh": 0, "Dist_CntPh": 0, "pBeginPhys": 0, "pDevelopPh": 0, "pProfPhysS": 0, "pDistPhysS": 0, "DevPlus_12": 0, "ProfPlus12": 0, "pDevPlusPh": 0, "pProfPlusP": 0, "NTestedUSH": 0, "Begin_CntU": 0, "Develop_13": 0, "Prof_CntUS": 0, "Dist_CntUS": 0, "pBeginUSHi": 0, "pDevelopUS": 0, "pProfUSHis": 0, "pDistUSHis": 0, "DevPlus_13": 0, "ProfPlus13": 0, "pDevPlusUS": 0, "pProfPlusU": 0, "NDropout71": 0, "pNDropout7": 0, "Graduation": 0, "NUMBER_OF_": 0, "pHopeEligi": 0, "chENROLLME": 38, "pchENROLLM": 8.15, "chCCRPI": 0, "chpProfPlu": 0, "chpProfP_1": 1, "chpProfP_2": -6, "chpProfP_3": -7, "chpELA8": 0, "chpProfP_4": 0, "chpProfP_5": 0, "chpProfP_6": 0, "chpProfP_7": 0, "chpProfP_8": 0, "chpProfP_9": 0, "chpProfP10": 0, "chpProfP11": 0, "chpProfP12": 0, "chpProfP13": 0, "chpProfP14": 0, "GlobalID": "{2F1D0F4C-F0AC-423A-89A1-1FAEDEC57B57}", "created_us": "opendata@arc", "created_da": "2020-03-25T00:00:00Z", "last_edite": "opendata@arc", "last_edi_1": "2020-03-25T00:00:00Z" }, "geometry": { "type": "Point", "coordinates": [ -84.378417204074793, 33.831801452033524 ] } },
{ "type": "Feature", "properties": { "OBJECTID": 2101, "SysSchool": 7611563, "GradeRange": "06-08", "SchoolAddr": "774 Virginia Ave NE", "SchoolCity": "Atlanta", "STATE": "GA", "SchoolZipC": "30306-3631", "MailAddres": "774 Virginia Ave NE", "MailCity": "Atlanta", "MailZipCod": "30306-3631", "PrincipalN": "Maxwell, Kevin", "PrincipalE": "kevin.maxwell@atlanta.k12.ga.us", "SchoolPhon": "404.802.3200", "SchoolFax": "404.853.4085", "longitude": -84.362704, "latitude": 33.78231, "Year": 2019, "SchoolYear": "2018-19", "SystemID": 761, "SystemName": "Atlanta Public Schools", "SchoolID": 1563, "SchoolName": "Inman Middle School", "Type": "Middle School", "ENROLLMENT": 1065, "ENROLL_PER": 3, "ENROLL_P_1": 0, "ENROLL_P_2": 30, "ENROLL_P_3": 8, "ENROLL_P_4": 6, "ENROLL_P_5": 54, "ENROLL_P_6": 0, "ENROLL_P_7": 16, "ENROLL_P_8": 10, "ENROLL_P_9": 5, "ENROLL_PCT": 3, "ENROLL_P10": 40, "direct_cer": 17, "pAbsent0_5": 55, "pAbsent6_1": 36, "pAbsent16P": 10, "Churn": 11, "TeacherCou": 71, "AvgExp": 13, "pYrsLt1": 3, "pYears1_10": 35, "pYears11_2": 39, "pYears21_3": 23, "pYearsGt30": 0, "Debt": 0, "GenAdmin": 0, "Instructio": 6884, "Support": 96, "Ops": 548, "Media": 0, "PServices": 316, "Capital": 0, "SchoolAdmi": 703, "Food": 0, "Transport": 0, "TotalSpend": 8547, "CCRPI": 87, "ClimateSta": 5, "NTestedELA": 0, "Begin_CntE": 0, "Develop_Cn": 0, "Prof_CntEL": 0, "Dist_CntEL": 0, "pBeginELA3": 0, "pDevelopEL": 0, "pProfELA3": 0, "pDistELA3": 0, "DevPlus_Cn": 0, "ProfPlus_C": 0, "pDevPlusEL": 0, "pProfPlusE": 0, "NTestedE_1": 0, "Begin_Cn_1": 0, "Develop__1": 0, "Prof_Cnt_1": 0, "Dist_Cnt_1": 0, "pBeginELA5": 0, "pDevelop_1": 0, "pProfELA5": 0, "pDistELA5": 0, "DevPlus__1": 0, "ProfPlus_1": 0, "pDevPlus_1": 0, "pProfPlu_1": 0, "NTestedMat": 0, "Begin_CntM": 0, "Develop__2": 0, "Prof_CntMa": 0, "Dist_CntMa": 0, "pBeginMath": 0, "pDevelopMa": 0, "pProfMath3": 0, "pDistMath3": 0, "DevPlus__2": 0, "ProfPlus_2": 0, "pDevPlusMa": 0, "pProfPlusM": 0, "NTestedM_1": 0, "Begin_Cn_2": 0, "Develop__3": 0, "Prof_Cnt_2": 0, "Dist_Cnt_2": 0, "pBeginMa_1": 0, "pDevelop_2": 0, "pProfMath5": 0, "pDistMath5": 0, "DevPlus__3": 0, "ProfPlus_3": 0, "pDevPlus_2": 0, "pProfPlu_2": 0, "NTestedE_2": 338, "BeginELA8_": 26, "DevelopELA": 70, "ProfELA8_C": 141, "DistELA8_C": 101, "NTestedM_2": 339, "BeginMath8": 45, "DevelopMat": 69, "ProfMath8_": 97, "DistMath8_": 128, "pBeginELA8": 8, "pDevelop_3": 21, "pProfELA8": 42, "pDistELA8": 30, "pBeginMa_2": 13, "pDevelop_4": 20, "pProfMath8": 29, "pDistMath8": 38, "DevPlusELA": 312, "ProfPlusEL": 242, "pDevPlus_3": 92, "pProfPlu_3": 72, "DevPlusMat": 294, "ProfPlusMa": 225, "pDevPlus_4": 87, "pProfPlu_4": 66, "NTestedAlg": 136, "Begin_CntA": 1, "Develop__4": 2, "Prof_CntAl": 30, "Dist_CntAl": 103, "pBeginAlge": 1, "pDevelopAl": 2, "pProfAlgeb": 22, "pDistAlgeb": 76, "DevPlus__4": 135, "ProfPlus_4": 133, "pDevPlusAl": 99, "pProfPlusA": 98, "NTestedAmL": 0, "Begin_Cn_3": 0, "Develop__5": 0, "Prof_CntAm": 0, "Dist_CntAm": 0, "pBeginAmLi": 0, "pDevelopAm": 0, "pProfAmLit": 0, "pDistAmLit": 0, "DevPlus__5": 0, "ProfPlus_5": 0, "pDevPlusAm": 0, "pProfPlu_5": 0, "NTestedAna": 0, "Begin_Cn_4": 0, "Develop__6": 0, "Prof_CntAn": 0, "Dist_CntAn": 0, "pBeginAnal": 0, "pDevelopAn": 0, "pProfAnalG": 0, "pDistAnalG": 0, "DevPlus__6": 0, "ProfPlus_6": 0, "pDevPlusAn": 0, "pProfPlu_6": 0, "NTestedBio": 0, "Begin_CntB": 0, "Develop__7": 0, "Prof_CntBi": 0, "Dist_CntBi": 0, "pBeginBiol": 0, "pDevelopBi": 0, "pProfBiolo": 0, "pDistBiolo": 0, "DevPlus__7": 0, "ProfPlus_7": 0, "pDevPlusBi": 0, "pProfPlusB": 0, "NTestedCoo": 0, "Begin_CntC": 0, "Develop__8": 0, "Prof_CntCo": 0, "Dist_CntCo": 0, "pBeginCoor": 0, "pDevelopCo": 0, "pProfCoord": 0, "pDistCoord": 0, "DevPlus__8": 0, "ProfPlus_8": 0, "pDevPlusCo": 0, "pProfPlusC": 0, "NTestedEco": 0, "Begin_Cn_5": 0, "Develop__9": 0, "Prof_CntEc": 0, "Dist_CntEc": 0, "pBeginEcon": 0, "pDevelopEc": 0, "pProfEcon": 0, "pDistEcon": 0, "DevPlus__9": 0, "ProfPlus_9": 0, "pDevPlusEc": 0, "pProfPlu_7": 0, "NTestedGeo": 0, "Begin_CntG": 0, "Develop_10": 0, "Prof_CntGe": 0, "Dist_CntGe": 0, "pBeginGeom": 0, "pDevelopGe": 0, "pProfGeome": 0, "pDistGeome": 0, "DevPlus_10": 0, "ProfPlus10": 0, "pDevPlusGe": 0, "pProfPlusG": 0, "NTestedLit": 1, "Begin_CntL": 0, "Develop_11": 0, "Prof_CntLi": 0, "Dist_CntLi": 0, "pBeginLit9": 0, "pDevelopLi": 0, "pProfLit9": 0, "pDistLit9": 0, "DevPlus_11": 0, "ProfPlus11": 0, "pDevPlusLi": 0, "pProfPlusL": 0, "NTestedPhy": 129, "Begin_CntP": 0, "Develop_12": 4, "Prof_CntPh": 38, "Dist_CntPh": 87, "pBeginPhys": 0, "pDevelopPh": 3, "pProfPhysS": 30, "pDistPhysS": 67, "DevPlus_12": 129, "ProfPlus12": 125, "pDevPlusPh": 100, "pProfPlusP": 97, "NTestedUSH": 0, "Begin_CntU": 0, "Develop_13": 0, "Prof_CntUS": 0, "Dist_CntUS": 0, "pBeginUSHi": 0, "pDevelopUS": 0, "pProfUSHis": 0, "pDistUSHis": 0, "DevPlus_13": 0, "ProfPlus13": 0, "pDevPlusUS": 0, "pProfPlusU": 0, "NDropout71": 0, "pNDropout7": 0, "Graduation": 0, "NUMBER_OF_": 0, "pHopeEligi": 0, "chENROLLME": -3, "pchENROLLM": -0.28, "chCCRPI": -5, "chpProfPlu": 0, "chpProfP_1": 0, "chpProfP_2": 0, "chpProfP_3": 0, "chpELA8": 12, "chpProfP_4": 2, "chpProfP_5": -1, "chpProfP_6": 0, "chpProfP_7": 0, "chpProfP_8": 0, "chpProfP_9": 0, "chpProfP10": 0, "chpProfP11": 0, "chpProfP12": 0, "chpProfP13": 0, "chpProfP14": 0, "GlobalID": "{90AABEF7-763B-4A37-9BB0-EC4C65793992}", "created_us": "opendata@arc", "created_da": "2020-03-25T00:00:00Z", "last_edite": "opendata@arc", "last_edi_1": "2020-03-25T00:00:00Z" }, "geometry": { "type": "Point", "coordinates": [ -84.362708196716426, 33.782316441880077 ] } },
{ "type": "Feature", "properties": { "OBJECTID": 2102, "SysSchool": 7611567, "GradeRange": "KK-05", "SchoolAddr": "370 Old Ivy Rd NE", "SchoolCity": "Atlanta", "STATE": "GA", "SchoolZipC": "30342-4546", "MailAddres": "370 Old Ivy Rd NE", "MailCity": "Atlanta", "MailZipCod": "30342-4546", "PrincipalN": "Boatright, Emily", "PrincipalE": "Emily.Boatright@atlanta.k12.ga.us", "SchoolPhon": "404.802.3880", "SchoolFax": "404.842.3046", "longitude": -84.375477, "latitude": 33.858193, "Year": 2019, "SchoolYear": "2018-19", "SystemID": 761, "SystemName": "Atlanta Public Schools", "SchoolID": 1567, "SchoolName": "Smith Elementary School", "Type": "Elementary School", "ENROLLMENT": 979, "ENROLL_PER": 7, "ENROLL_P_1": 0, "ENROLL_P_2": 21, "ENROLL_P_3": 22, "ENROLL_P_4": 6, "ENROLL_P_5": 45, "ENROLL_P_6": 0, "ENROLL_P_7": 18, "ENROLL_P_8": 9, "ENROLL_P_9": 17, "ENROLL_PCT": 16, "ENROLL_P10": 11, "direct_cer": 11, "pAbsent0_5": 60, "pAbsent6_1": 34, "pAbsent16P": 6, "Churn": 12, "TeacherCou": 63, "AvgExp": 15, "pYrsLt1": 2, "pYears1_10": 30, "pYears11_2": 43, "pYears21_3": 25, "pYearsGt30": 0, "Debt": 0, "GenAdmin": 0, "Instructio": 6563, "Support": 106, "Ops": 237, "Media": 191, "PServices": 121, "Capital": 0, "SchoolAdmi": 671, "Food": 0, "Transport": 6, "TotalSpend": 7894, "CCRPI": 91, "ClimateSta": 3, "NTestedELA": 175, "Begin_CntE": 27, "Develop_Cn": 45, "Prof_CntEL": 62, "Dist_CntEL": 41, "pBeginELA3": 15, "pDevelopEL": 26, "pProfELA3": 35, "pDistELA3": 23, "DevPlus_Cn": 148, "ProfPlus_C": 103, "pDevPlusEL": 85, "pProfPlusE": 59, "NTestedE_1": 165, "Begin_Cn_1": 14, "Develop__1": 38, "Prof_Cnt_1": 68, "Dist_Cnt_1": 45, "pBeginELA5": 9, "pDevelop_1": 23, "pProfELA5": 41, "pDistELA5": 27, "DevPlus__1": 151, "ProfPlus_1": 113, "pDevPlus_1": 92, "pProfPlu_1": 69, "NTestedMat": 175, "Begin_CntM": 20, "Develop__2": 40, "Prof_CntMa": 82, "Dist_CntMa": 33, "pBeginMath": 11, "pDevelopMa": 23, "pProfMath3": 47, "pDistMath3": 19, "DevPlus__2": 155, "ProfPlus_2": 115, "pDevPlusMa": 89, "pProfPlusM": 66, "NTestedM_1": 165, "Begin_Cn_2": 23, "Develop__3": 44, "Prof_Cnt_2": 55, "Dist_Cnt_2": 43, "pBeginMa_1": 14, "pDevelop_2": 27, "pProfMath5": 33, "pDistMath5": 26, "DevPlus__3": 142, "ProfPlus_3": 98, "pDevPlus_2": 86, "pProfPlu_2": 59, "NTestedE_2": 0, "BeginELA8_": 0, "DevelopELA": 0, "ProfELA8_C": 0, "DistELA8_C": 0, "NTestedM_2": 0, "BeginMath8": 0, "DevelopMat": 0, "ProfMath8_": 0, "DistMath8_": 0, "pBeginELA8": 0, "pDevelop_3": 0, "pProfELA8": 0, "pDistELA8": 0, "pBeginMa_2": 0, "pDevelop_4": 0, "pProfMath8": 0, "pDistMath8": 0, "DevPlusELA": 0, "ProfPlusEL": 0, "pDevPlus_3": 0, "pProfPlu_3": 0, "DevPlusMat": 0, "ProfPlusMa": 0, "pDevPlus_4": 0, "pProfPlu_4": 0, "NTestedAlg": 0, "Begin_CntA": 0, "Develop__4": 0, "Prof_CntAl": 0, "Dist_CntAl": 0, "pBeginAlge": 0, "pDevelopAl": 0, "pProfAlgeb": 0, "pDistAlgeb": 0, "DevPlus__4": 0, "ProfPlus_4": 0, "pDevPlusAl": 0, "pProfPlusA": 0, "NTestedAmL": 0, "Begin_Cn_3": 0, "Develop__5": 0, "Prof_CntAm": 0, "Dist_CntAm": 0, "pBeginAmLi": 0, "pDevelopAm": 0, "pProfAmLit": 0, "pDistAmLit": 0, "DevPlus__5": 0, "ProfPlus_5": 0, "pDevPlusAm": 0, "pProfPlu_5": 0, "NTestedAna": 0, "Begin_Cn_4": 0, "Develop__6": 0, "Prof_CntAn": 0, "Dist_CntAn": 0, "pBeginAnal": 0, "pDevelopAn": 0, "pProfAnalG": 0, "pDistAnalG": 0, "DevPlus__6": 0, "ProfPlus_6": 0, "pDevPlusAn": 0, "pProfPlu_6": 0, "NTestedBio": 0, "Begin_CntB": 0, "Develop__7": 0, "Prof_CntBi": 0, "Dist_CntBi": 0, "pBeginBiol": 0, "pDevelopBi": 0, "pProfBiolo": 0, "pDistBiolo": 0, "DevPlus__7": 0, "ProfPlus_7": 0, "pDevPlusBi": 0, "pProfPlusB": 0, "NTestedCoo": 0, "Begin_CntC": 0, "Develop__8": 0, "Prof_CntCo": 0, "Dist_CntCo": 0, "pBeginCoor": 0, "pDevelopCo": 0, "pProfCoord": 0, "pDistCoord": 0, "DevPlus__8": 0, "ProfPlus_8": 0, "pDevPlusCo": 0, "pProfPlusC": 0, "NTestedEco": 0, "Begin_Cn_5": 0, "Develop__9": 0, "Prof_CntEc": 0, "Dist_CntEc": 0, "pBeginEcon": 0, "pDevelopEc": 0, "pProfEcon": 0, "pDistEcon": 0, "DevPlus__9": 0, "ProfPlus_9": 0, "pDevPlusEc": 0, "pProfPlu_7": 0, "NTestedGeo": 0, "Begin_CntG": 0, "Develop_10": 0, "Prof_CntGe": 0, "Dist_CntGe": 0, "pBeginGeom": 0, "pDevelopGe": 0, "pProfGeome": 0, "pDistGeome": 0, "DevPlus_10": 0, "ProfPlus10": 0, "pDevPlusGe": 0, "pProfPlusG": 0, "NTestedLit": 0, "Begin_CntL": 0, "Develop_11": 0, "Prof_CntLi": 0, "Dist_CntLi": 0, "pBeginLit9": 0, "pDevelopLi": 0, "pProfLit9": 0, "pDistLit9": 0, "DevPlus_11": 0, "ProfPlus11": 0, "pDevPlusLi": 0, "pProfPlusL": 0, "NTestedPhy": 0, "Begin_CntP": 0, "Develop_12": 0, "Prof_CntPh": 0, "Dist_CntPh": 0, "pBeginPhys": 0, "pDevelopPh": 0, "pProfPhysS": 0, "pDistPhysS": 0, "DevPlus_12": 0, "ProfPlus12": 0, "pDevPlusPh": 0, "pProfPlusP": 0, "NTestedUSH": 0, "Begin_CntU": 0, "Develop_13": 0, "Prof_CntUS": 0, "Dist_CntUS": 0, "pBeginUSHi": 0, "pDevelopUS": 0, "pProfUSHis": 0, "pDistUSHis": 0, "DevPlus_13": 0, "ProfPlus13": 0, "pDevPlusUS": 0, "pProfPlusU": 0, "NDropout71": 0, "pNDropout7": 0, "Graduation": 0, "NUMBER_OF_": 0, "pHopeEligi": 0, "chENROLLME": -125, "pchENROLLM": -11.32, "chCCRPI": 7, "chpProfPlu": 1, "chpProfP_1": 6, "chpProfP_2": -7, "chpProfP_3": -6, "chpELA8": 0, "chpProfP_4": 0, "chpProfP_5": 0, "chpProfP_6": 0, "chpProfP_7": 0, "chpProfP_8": 0, "chpProfP_9": 0, "chpProfP10": 0, "chpProfP11": 0, "chpProfP12": 0, "chpProfP13": 0, "chpProfP14": 0, "GlobalID": "{120D36ED-F3FE-4A15-81DF-4CA213FB2DA7}", "created_us": "opendata@arc", "created_da": "2020-03-25T00:00:00Z", "last_edite": "opendata@arc", "last_edi_1": "2020-03-25T00:00:00Z" }, "geometry": { "type": "Point", "coordinates": [ -84.375481205197403, 33.858199457920669 ] } },
{ "type": "Feature", "properties": { "OBJECTID": 2103, "SysSchool": 7611664, "GradeRange": "KK-05", "SchoolAddr": "1053 E Rock Springs Rd NE", "SchoolCity": "Atlanta", "STATE": "GA", "SchoolZipC": "30306-3047", "MailAddres": "1053 E Rock Springs Rd NE", "MailCity": "Atlanta", "MailZipCod": "30306-3047", "PrincipalN": "Sofianos, Audrey", "PrincipalE": "Audrey.Sofians@atlanta.k12.ga.us", "SchoolPhon": "404.802.8950", "SchoolFax": "404.853.4043", "longitude": -84.353398, "latitude": 33.796968, "Year": 2019, "SchoolYear": "2018-19", "SystemID": 761, "SystemName": "Atlanta Public Schools", "SchoolID": 1664, "SchoolName": "Morningside Elementary School", "Type": "Elementary School", "ENROLLMENT": 938, "ENROLL_PER": 7, "ENROLL_P_1": 0, "ENROLL_P_2": 11, "ENROLL_P_3": 9, "ENROLL_P_4": 7, "ENROLL_P_5": 66, "ENROLL_P_6": 0, "ENROLL_P_7": 7, "ENROLL_P_8": 3, "ENROLL_P_9": 10, "ENROLL_PCT": 7, "ENROLL_P10": 13, "direct_cer": 6, "pAbsent0_5": 72, "pAbsent6_1": 27, "pAbsent16P": 1, "Churn": 8, "TeacherCou": 63, "AvgExp": 14, "pYrsLt1": 2, "pYears1_10": 33, "pYears11_2": 41, "pYears21_3": 24, "pYearsGt30": 0, "Debt": 0, "GenAdmin": 0, "Instructio": 6579, "Support": 25, "Ops": 272, "Media": 95, "PServices": 202, "Capital": 0, "SchoolAdmi": 862, "Food": 0, "Transport": 3, "TotalSpend": 8038, "CCRPI": 97, "ClimateSta": 4, "NTestedELA": 165, "Begin_CntE": 14, "Develop_Cn": 20, "Prof_CntEL": 56, "Dist_CntEL": 75, "pBeginELA3": 9, "pDevelopEL": 12, "pProfELA3": 34, "pDistELA3": 46, "DevPlus_Cn": 151, "ProfPlus_C": 131, "pDevPlusEL": 92, "pProfPlusE": 79, "NTestedE_1": 140, "Begin_Cn_1": 6, "Develop__1": 12, "Prof_Cnt_1": 71, "Dist_Cnt_1": 51, "pBeginELA5": 4, "pDevelop_1": 9, "pProfELA5": 51, "pDistELA5": 36, "DevPlus__1": 134, "ProfPlus_1": 122, "pDevPlus_1": 96, "pProfPlu_1": 87, "NTestedMat": 165, "Begin_CntM": 9, "Develop__2": 19, "Prof_CntMa": 68, "Dist_CntMa": 69, "pBeginMath": 6, "pDevelopMa": 12, "pProfMath3": 41, "pDistMath3": 42, "DevPlus__2": 156, "ProfPlus_2": 137, "pDevPlusMa": 95, "pProfPlusM": 83, "NTestedM_1": 140, "Begin_Cn_2": 4, "Develop__3": 21, "Prof_Cnt_2": 49, "Dist_Cnt_2": 66, "pBeginMa_1": 3, "pDevelop_2": 15, "pProfMath5": 35, "pDistMath5": 47, "DevPlus__3": 136, "ProfPlus_3": 115, "pDevPlus_2": 97, "pProfPlu_2": 82, "NTestedE_2": 0, "BeginELA8_": 0, "DevelopELA": 0, "ProfELA8_C": 0, "DistELA8_C": 0, "NTestedM_2": 0, "BeginMath8": 0, "DevelopMat": 0, "ProfMath8_": 0, "DistMath8_": 0, "pBeginELA8": 0, "pDevelop_3": 0, "pProfELA8": 0, "pDistELA8": 0, "pBeginMa_2": 0, "pDevelop_4": 0, "pProfMath8": 0, "pDistMath8": 0, "DevPlusELA": 0, "ProfPlusEL": 0, "pDevPlus_3": 0, "pProfPlu_3": 0, "DevPlusMat": 0, "ProfPlusMa": 0, "pDevPlus_4": 0, "pProfPlu_4": 0, "NTestedAlg": 0, "Begin_CntA": 0, "Develop__4": 0, "Prof_CntAl": 0, "Dist_CntAl": 0, "pBeginAlge": 0, "pDevelopAl": 0, "pProfAlgeb": 0, "pDistAlgeb": 0, "DevPlus__4": 0, "ProfPlus_4": 0, "pDevPlusAl": 0, "pProfPlusA": 0, "NTestedAmL": 0, "Begin_Cn_3": 0, "Develop__5": 0, "Prof_CntAm": 0, "Dist_CntAm": 0, "pBeginAmLi": 0, "pDevelopAm": 0, "pProfAmLit": 0, "pDistAmLit": 0, "DevPlus__5": 0, "ProfPlus_5": 0, "pDevPlusAm": 0, "pProfPlu_5": 0, "NTestedAna": 0, "Begin_Cn_4": 0, "Develop__6": 0, "Prof_CntAn": 0, "Dist_CntAn": 0, "pBeginAnal": 0, "pDevelopAn": 0, "pProfAnalG": 0, "pDistAnalG": 0, "DevPlus__6": 0, "ProfPlus_6": 0, "pDevPlusAn": 0, "pProfPlu_6": 0, "NTestedBio": 0, "Begin_CntB": 0, "Develop__7": 0, "Prof_CntBi": 0, "Dist_CntBi": 0, "pBeginBiol": 0, "pDevelopBi": 0, "pProfBiolo": 0, "pDistBiolo": 0, "DevPlus__7": 0, "ProfPlus_7": 0, "pDevPlusBi": 0, "pProfPlusB": 0, "NTestedCoo": 0, "Begin_CntC": 0, "Develop__8": 0, "Prof_CntCo": 0, "Dist_CntCo": 0, "pBeginCoor": 0, "pDevelopCo": 0, "pProfCoord": 0, "pDistCoord": 0, "DevPlus__8": 0, "ProfPlus_8": 0, "pDevPlusCo": 0, "pProfPlusC": 0, "NTestedEco": 0, "Begin_Cn_5": 0, "Develop__9": 0, "Prof_CntEc": 0, "Dist_CntEc": 0, "pBeginEcon": 0, "pDevelopEc": 0, "pProfEcon": 0, "pDistEcon": 0, "DevPlus__9": 0, "ProfPlus_9": 0, "pDevPlusEc": 0, "pProfPlu_7": 0, "NTestedGeo": 0, "Begin_CntG": 0, "Develop_10": 0, "Prof_CntGe": 0, "Dist_CntGe": 0, "pBeginGeom": 0, "pDevelopGe": 0, "pProfGeome": 0, "pDistGeome": 0, "DevPlus_10": 0, "ProfPlus10": 0, "pDevPlusGe": 0, "pProfPlusG": 0, "NTestedLit": 0, "Begin_CntL": 0, "Develop_11": 0, "Prof_CntLi": 0, "Dist_CntLi": 0, "pBeginLit9": 0, "pDevelopLi": 0, "pProfLit9": 0, "pDistLit9": 0, "DevPlus_11": 0, "ProfPlus11": 0, "pDevPlusLi": 0, "pProfPlusL": 0, "NTestedPhy": 0, "Begin_CntP": 0, "Develop_12": 0, "Prof_CntPh": 0, "Dist_CntPh": 0, "pBeginPhys": 0, "pDevelopPh": 0, "pProfPhysS": 0, "pDistPhysS": 0, "DevPlus_12": 0, "ProfPlus12": 0, "pDevPlusPh": 0, "pProfPlusP": 0, "NTestedUSH": 0, "Begin_CntU": 0, "Develop_13": 0, "Prof_CntUS": 0, "Dist_CntUS": 0, "pBeginUSHi": 0, "pDevelopUS": 0, "pProfUSHis": 0, "pDistUSHis": 0, "DevPlus_13": 0, "ProfPlus13": 0, "pDevPlusUS": 0, "pProfPlusU": 0, "NDropout71": 0, "pNDropout7": 0, "Graduation": 0, "NUMBER_OF_": 0, "pHopeEligi": 0, "chENROLLME": 122, "pchENROLLM": 14.95, "chCCRPI": 0, "chpProfPlu": 5, "chpProfP_1": 4, "chpProfP_2": -3, "chpProfP_3": 6, "chpELA8": 0, "chpProfP_4": 0, "chpProfP_5": 0, "chpProfP_6": 0, "chpProfP_7": 0, "chpProfP_8": 0, "chpProfP_9": 0, "chpProfP10": 0, "chpProfP11": 0, "chpProfP12": 0, "chpProfP13": 0, "chpProfP14": 0, "GlobalID": "{B5800C57-9CF8-4F9A-A159-1DADDA0AC579}", "created_us": "opendata@arc", "created_da": "2020-03-25T00:00:00Z", "last_edite": "opendata@arc", "last_edi_1": "2020-03-25T00:00:00Z" }, "geometry": { "type": "Point", "coordinates": [ -84.353402194752007, 33.796974446353282 ] } },
{ "type": "Feature", "properties": { "OBJECTID": 2104, "SysSchool": 7612053, "GradeRange": "KK-05", "SchoolAddr": "2741 Howell Mill Rd NW", "SchoolCity": "Atlanta", "STATE": "GA", "SchoolZipC": "30327-1331", "MailAddres": "2741 Howell Mill Rd NW", "MailCity": "Atlanta", "MailZipCod": "30327-1331", "PrincipalN": "Bland, Jacob", "PrincipalE": "jbland@atlanta.k12.ga.us", "SchoolPhon": "404.802.7250", "SchoolFax": "404.350.2826", "longitude": -84.41572, "latitude": 33.829723, "Year": 2019, "SchoolYear": "2018-19", "SystemID": 761, "SystemName": "Atlanta Public Schools", "SchoolID": 2053, "SchoolName": "Brandon Elementary School", "Type": "Elementary School", "ENROLLMENT": 1008, "ENROLL_PER": 5, "ENROLL_P_1": 0, "ENROLL_P_2": 16, "ENROLL_P_3": 8, "ENROLL_P_4": 4, "ENROLL_P_5": 67, "ENROLL_P_6": 0, "ENROLL_P_7": 8, "ENROLL_P_8": 8, "ENROLL_P_9": 6, "ENROLL_PCT": 5, "ENROLL_P10": 19, "direct_cer": 6, "pAbsent0_5": 68, "pAbsent6_1": 29, "pAbsent16P": 3, "Churn": 10, "TeacherCou": 69, "AvgExp": 13, "pYrsLt1": 4, "pYears1_10": 38, "pYears11_2": 30, "pYears21_3": 28, "pYearsGt30": 0, "Debt": 0, "GenAdmin": 0, "Instructio": 6673, "Support": 190, "Ops": 277, "Media": 222, "PServices": 117, "Capital": 0, "SchoolAdmi": 703, "Food": 0, "Transport": 0, "TotalSpend": 8181, "CCRPI": 96, "ClimateSta": 4, "NTestedELA": 164, "Begin_CntE": 6, "Develop_Cn": 28, "Prof_CntEL": 62, "Dist_CntEL": 68, "pBeginELA3": 4, "pDevelopEL": 17, "pProfELA3": 38, "pDistELA3": 42, "DevPlus_Cn": 158, "ProfPlus_C": 130, "pDevPlusEL": 96, "pProfPlusE": 79, "NTestedE_1": 182, "Begin_Cn_1": 10, "Develop__1": 30, "Prof_Cnt_1": 75, "Dist_Cnt_1": 67, "pBeginELA5": 6, "pDevelop_1": 17, "pProfELA5": 41, "pDistELA5": 37, "DevPlus__1": 172, "ProfPlus_1": 142, "pDevPlus_1": 95, "pProfPlu_1": 78, "NTestedMat": 164, "Begin_CntM": 2, "Develop__2": 20, "Prof_CntMa": 89, "Dist_CntMa": 53, "pBeginMath": 1, "pDevelopMa": 12, "pProfMath3": 54, "pDistMath3": 32, "DevPlus__2": 162, "ProfPlus_2": 142, "pDevPlusMa": 99, "pProfPlusM": 87, "NTestedM_1": 182, "Begin_Cn_2": 16, "Develop__3": 24, "Prof_Cnt_2": 56, "Dist_Cnt_2": 86, "pBeginMa_1": 9, "pDevelop_2": 13, "pProfMath5": 31, "pDistMath5": 47, "DevPlus__3": 166, "ProfPlus_3": 142, "pDevPlus_2": 91, "pProfPlu_2": 78, "NTestedE_2": 0, "BeginELA8_": 0, "DevelopELA": 0, "ProfELA8_C": 0, "DistELA8_C": 0, "NTestedM_2": 0, "BeginMath8": 0, "DevelopMat": 0, "ProfMath8_": 0, "DistMath8_": 0, "pBeginELA8": 0, "pDevelop_3": 0, "pProfELA8": 0, "pDistELA8": 0, "pBeginMa_2": 0, "pDevelop_4": 0, "pProfMath8": 0, "pDistMath8": 0, "DevPlusELA": 0, "ProfPlusEL": 0, "pDevPlus_3": 0, "pProfPlu_3": 0, "DevPlusMat": 0, "ProfPlusMa": 0, "pDevPlus_4": 0, "pProfPlu_4": 0, "NTestedAlg": 0, "Begin_CntA": 0, "Develop__4": 0, "Prof_CntAl": 0, "Dist_CntAl": 0, "pBeginAlge": 0, "pDevelopAl": 0, "pProfAlgeb": 0, "pDistAlgeb": 0, "DevPlus__4": 0, "ProfPlus_4": 0, "pDevPlusAl": 0, "pProfPlusA": 0, "NTestedAmL": 0, "Begin_Cn_3": 0, "Develop__5": 0, "Prof_CntAm": 0, "Dist_CntAm": 0, "pBeginAmLi": 0, "pDevelopAm": 0, "pProfAmLit": 0, "pDistAmLit": 0, "DevPlus__5": 0, "ProfPlus_5": 0, "pDevPlusAm": 0, "pProfPlu_5": 0, "NTestedAna": 0, "Begin_Cn_4": 0, "Develop__6": 0, "Prof_CntAn": 0, "Dist_CntAn": 0, "pBeginAnal": 0, "pDevelopAn": 0, "pProfAnalG": 0, "pDistAnalG": 0, "DevPlus__6": 0, "ProfPlus_6": 0, "pDevPlusAn": 0, "pProfPlu_6": 0, "NTestedBio": 0, "Begin_CntB": 0, "Develop__7": 0, "Prof_CntBi": 0, "Dist_CntBi": 0, "pBeginBiol": 0, "pDevelopBi": 0, "pProfBiolo": 0, "pDistBiolo": 0, "DevPlus__7": 0, "ProfPlus_7": 0, "pDevPlusBi": 0, "pProfPlusB": 0, "NTestedCoo": 0, "Begin_CntC": 0, "Develop__8": 0, "Prof_CntCo": 0, "Dist_CntCo": 0, "pBeginCoor": 0, "pDevelopCo": 0, "pProfCoord": 0, "pDistCoord": 0, "DevPlus__8": 0, "ProfPlus_8": 0, "pDevPlusCo": 0, "pProfPlusC": 0, "NTestedEco": 0, "Begin_Cn_5": 0, "Develop__9": 0, "Prof_CntEc": 0, "Dist_CntEc": 0, "pBeginEcon": 0, "pDevelopEc": 0, "pProfEcon": 0, "pDistEcon": 0, "DevPlus__9": 0, "ProfPlus_9": 0, "pDevPlusEc": 0, "pProfPlu_7": 0, "NTestedGeo": 0, "Begin_CntG": 0, "Develop_10": 0, "Prof_CntGe": 0, "Dist_CntGe": 0, "pBeginGeom": 0, "pDevelopGe": 0, "pProfGeome": 0, "pDistGeome": 0, "DevPlus_10": 0, "ProfPlus10": 0, "pDevPlusGe": 0, "pProfPlusG": 0, "NTestedLit": 0, "Begin_CntL": 0, "Develop_11": 0, "Prof_CntLi": 0, "Dist_CntLi": 0, "pBeginLit9": 0, "pDevelopLi": 0, "pProfLit9": 0, "pDistLit9": 0, "DevPlus_11": 0, "ProfPlus11": 0, "pDevPlusLi": 0, "pProfPlusL": 0, "NTestedPhy": 0, "Begin_CntP": 0, "Develop_12": 0, "Prof_CntPh": 0, "Dist_CntPh": 0, "pBeginPhys": 0, "pDevelopPh": 0, "pProfPhysS": 0, "pDistPhysS": 0, "DevPlus_12": 0, "ProfPlus12": 0, "pDevPlusPh": 0, "pProfPlusP": 0, "NTestedUSH": 0, "Begin_CntU": 0, "Develop_13": 0, "Prof_CntUS": 0, "Dist_CntUS": 0, "pBeginUSHi": 0, "pDevelopUS": 0, "pProfUSHis": 0, "pDistUSHis": 0, "DevPlus_13": 0, "ProfPlus13": 0, "pDevPlusUS": 0, "pProfPlusU": 0, "NDropout71": 0, "pNDropout7": 0, "Graduation": 0, "NUMBER_OF_": 0, "pHopeEligi": 0, "chENROLLME": -41, "pchENROLLM": -3.9, "chCCRPI": -1, "chpProfPlu": -2, "chpProfP_1": 14, "chpProfP_2": -5, "chpProfP_3": 5, "chpELA8": 0, "chpProfP_4": 0, "chpProfP_5": 0, "chpProfP_6": 0, "chpProfP_7": 0, "chpProfP_8": 0, "chpProfP_9": 0, "chpProfP10": 0, "chpProfP11": 0, "chpProfP12": 0, "chpProfP13": 0, "chpProfP14": 0, "GlobalID": "{B0A9075E-6EAD-48E6-A3A6-730770237831}", "created_us": "opendata@arc", "created_da": "2020-03-25T00:00:00Z", "last_edite": "opendata@arc", "last_edi_1": "2020-03-25T00:00:00Z" }, "geometry": { "type": "Point", "coordinates": [ -84.415724215366382, 33.829729451240787 ] } },
{ "type": "Feature", "properties": { "OBJECTID": 2105, "SysSchool": 7612062, "GradeRange": "PK-05", "SchoolAddr": "112 Boulevard NE", "SchoolCity": "Atlanta", "STATE": "GA", "SchoolZipC": "30312-1610", "MailAddres": "112 Boulevard NE", "MailCity": "Atlanta", "MailZipCod": "30312-1610", "PrincipalN": "Wheeler, Maureen", "PrincipalE": "mtwheeler@atlanta.k12.ga.us", "SchoolPhon": "404.802.7450", "SchoolFax": "404.330.4265", "longitude": -84.372475, "latitude": 33.757208, "Year": 2019, "SchoolYear": "2018-19", "SystemID": 761, "SystemName": "Atlanta Public Schools", "SchoolID": 2062, "SchoolName": "The John Hope-Charles Walter Hill Elementary Schools", "Type": "Elementary School", "ENROLLMENT": 405, "ENROLL_PER": 0, "ENROLL_P_1": 0, "ENROLL_P_2": 91, "ENROLL_P_3": 4, "ENROLL_P_4": 1, "ENROLL_P_5": 3, "ENROLL_P_6": 0, "ENROLL_P_7": 100, "ENROLL_P_8": 11, "ENROLL_P_9": 2, "ENROLL_PCT": 2, "ENROLL_P10": 3, "direct_cer": 76, "pAbsent0_5": 40, "pAbsent6_1": 44, "pAbsent16P": 17, "Churn": 25, "TeacherCou": 33, "AvgExp": 12, "pYrsLt1": 3, "pYears1_10": 42, "pYears11_2": 42, "pYears21_3": 12, "pYearsGt30": 0, "Debt": 0, "GenAdmin": 0, "Instructio": 8258, "Support": 686, "Ops": 500, "Media": 94, "PServices": 146, "Capital": 0, "SchoolAdmi": 942, "Food": 0, "Transport": 16, "TotalSpend": 10641, "CCRPI": 59, "ClimateSta": 3, "NTestedELA": 63, "Begin_CntE": 30, "Develop_Cn": 17, "Prof_CntEL": 14, "Dist_CntEL": 2, "pBeginELA3": 48, "pDevelopEL": 27, "pProfELA3": 22, "pDistELA3": 3, "DevPlus_Cn": 33, "ProfPlus_C": 16, "pDevPlusEL": 52, "pProfPlusE": 25, "NTestedE_1": 59, "Begin_Cn_1": 20, "Develop__1": 25, "Prof_Cnt_1": 10, "Dist_Cnt_1": 4, "pBeginELA5": 34, "pDevelop_1": 42, "pProfELA5": 17, "pDistELA5": 7, "DevPlus__1": 39, "ProfPlus_1": 14, "pDevPlus_1": 66, "pProfPlu_1": 24, "NTestedMat": 63, "Begin_CntM": 9, "Develop__2": 24, "Prof_CntMa": 19, "Dist_CntMa": 11, "pBeginMath": 14, "pDevelopMa": 38, "pProfMath3": 30, "pDistMath3": 18, "DevPlus__2": 54, "ProfPlus_2": 30, "pDevPlusMa": 86, "pProfPlusM": 48, "NTestedM_1": 59, "Begin_Cn_2": 21, "Develop__3": 23, "Prof_Cnt_2": 12, "Dist_Cnt_2": 3, "pBeginMa_1": 36, "pDevelop_2": 39, "pProfMath5": 20, "pDistMath5": 5, "DevPlus__3": 38, "ProfPlus_3": 15, "pDevPlus_2": 64, "pProfPlu_2": 25, "NTestedE_2": 0, "BeginELA8_": 0, "DevelopELA": 0, "ProfELA8_C": 0, "DistELA8_C": 0, "NTestedM_2": 0, "BeginMath8": 0, "DevelopMat": 0, "ProfMath8_": 0, "DistMath8_": 0, "pBeginELA8": 0, "pDevelop_3": 0, "pProfELA8": 0, "pDistELA8": 0, "pBeginMa_2": 0, "pDevelop_4": 0, "pProfMath8": 0, "pDistMath8": 0, "DevPlusELA": 0, "ProfPlusEL": 0, "pDevPlus_3": 0, "pProfPlu_3": 0, "DevPlusMat": 0, "ProfPlusMa": 0, "pDevPlus_4": 0, "pProfPlu_4": 0, "NTestedAlg": 0, "Begin_CntA": 0, "Develop__4": 0, "Prof_CntAl": 0, "Dist_CntAl": 0, "pBeginAlge": 0, "pDevelopAl": 0, "pProfAlgeb": 0, "pDistAlgeb": 0, "DevPlus__4": 0, "ProfPlus_4": 0, "pDevPlusAl": 0, "pProfPlusA": 0, "NTestedAmL": 0, "Begin_Cn_3": 0, "Develop__5": 0, "Prof_CntAm": 0, "Dist_CntAm": 0, "pBeginAmLi": 0, "pDevelopAm": 0, "pProfAmLit": 0, "pDistAmLit": 0, "DevPlus__5": 0, "ProfPlus_5": 0, "pDevPlusAm": 0, "pProfPlu_5": 0, "NTestedAna": 0, "Begin_Cn_4": 0, "Develop__6": 0, "Prof_CntAn": 0, "Dist_CntAn": 0, "pBeginAnal": 0, "pDevelopAn": 0, "pProfAnalG": 0, "pDistAnalG": 0, "DevPlus__6": 0, "ProfPlus_6": 0, "pDevPlusAn": 0, "pProfPlu_6": 0, "NTestedBio": 0, "Begin_CntB": 0, "Develop__7": 0, "Prof_CntBi": 0, "Dist_CntBi": 0, "pBeginBiol": 0, "pDevelopBi": 0, "pProfBiolo": 0, "pDistBiolo": 0, "DevPlus__7": 0, "ProfPlus_7": 0, "pDevPlusBi": 0, "pProfPlusB": 0, "NTestedCoo": 0, "Begin_CntC": 0, "Develop__8": 0, "Prof_CntCo": 0, "Dist_CntCo": 0, "pBeginCoor": 0, "pDevelopCo": 0, "pProfCoord": 0, "pDistCoord": 0, "DevPlus__8": 0, "ProfPlus_8": 0, "pDevPlusCo": 0, "pProfPlusC": 0, "NTestedEco": 0, "Begin_Cn_5": 0, "Develop__9": 0, "Prof_CntEc": 0, "Dist_CntEc": 0, "pBeginEcon": 0, "pDevelopEc": 0, "pProfEcon": 0, "pDistEcon": 0, "DevPlus__9": 0, "ProfPlus_9": 0, "pDevPlusEc": 0, "pProfPlu_7": 0, "NTestedGeo": 0, "Begin_CntG": 0, "Develop_10": 0, "Prof_CntGe": 0, "Dist_CntGe": 0, "pBeginGeom": 0, "pDevelopGe": 0, "pProfGeome": 0, "pDistGeome": 0, "DevPlus_10": 0, "ProfPlus10": 0, "pDevPlusGe": 0, "pProfPlusG": 0, "NTestedLit": 0, "Begin_CntL": 0, "Develop_11": 0, "Prof_CntLi": 0, "Dist_CntLi": 0, "pBeginLit9": 0, "pDevelopLi": 0, "pProfLit9": 0, "pDistLit9": 0, "DevPlus_11": 0, "ProfPlus11": 0, "pDevPlusLi": 0, "pProfPlusL": 0, "NTestedPhy": 0, "Begin_CntP": 0, "Develop_12": 0, "Prof_CntPh": 0, "Dist_CntPh": 0, "pBeginPhys": 0, "pDevelopPh": 0, "pProfPhysS": 0, "pDistPhysS": 0, "DevPlus_12": 0, "ProfPlus12": 0, "pDevPlusPh": 0, "pProfPlusP": 0, "NTestedUSH": 0, "Begin_CntU": 0, "Develop_13": 0, "Prof_CntUS": 0, "Dist_CntUS": 0, "pBeginUSHi": 0, "pDevelopUS": 0, "pProfUSHis": 0, "pDistUSHis": 0, "DevPlus_13": 0, "ProfPlus13": 0, "pDevPlusUS": 0, "pProfPlusU": 0, "NDropout71": 0, "pNDropout7": 0, "Graduation": 0, "NUMBER_OF_": 0, "pHopeEligi": 0, "chENROLLME": -5, "pchENROLLM": -1.21, "chCCRPI": -2, "chpProfPlu": 9, "chpProfP_1": 33, "chpProfP_2": 14, "chpProfP_3": 11, "chpELA8": 0, "chpProfP_4": 0, "chpProfP_5": 0, "chpProfP_6": 0, "chpProfP_7": 0, "chpProfP_8": 0, "chpProfP_9": 0, "chpProfP10": 0, "chpProfP11": 0, "chpProfP12": 0, "chpProfP13": 0, "chpProfP14": 0, "GlobalID": "{E90EE71F-C626-40DB-8BCE-1F3D4DCE0739}", "created_us": "opendata@arc", "created_da": "2020-03-25T00:00:00Z", "last_edite": "opendata@arc", "last_edi_1": "2020-03-25T00:00:00Z" }, "geometry": { "type": "Point", "coordinates": [ -84.372479199011252, 33.757214437130777 ] } },
{ "type": "Feature", "properties": { "OBJECTID": 2106, "SysSchool": 7612560, "GradeRange": "PK-05", "SchoolAddr": "897 Welch St SW", "SchoolCity": "Atlanta", "STATE": "GA", "SchoolZipC": "30310-2149", "MailAddres": "897 Welch St SW", "MailCity": "Atlanta", "MailZipCod": "30310-2149", "PrincipalN": "Washington, Danielle", "PrincipalE": "dwashington@kindezi.org", "SchoolPhon": "404.802.7700", "SchoolFax": "404.330.4103", "longitude": -84.405622, "latitude": 33.730813, "Year": 2019, "SchoolYear": "2018-19", "SystemID": 761, "SystemName": "Atlanta Public Schools", "SchoolID": 2560, "SchoolName": "Gideons Elementary School", "Type": "Elementary School", "ENROLLMENT": 357, "ENROLL_PER": 0, "ENROLL_P_1": 0, "ENROLL_P_2": 96, "ENROLL_P_3": 3, "ENROLL_P_4": 0, "ENROLL_P_5": 1, "ENROLL_P_6": 0, "ENROLL_P_7": 100, "ENROLL_P_8": 9, "ENROLL_P_9": 0, "ENROLL_PCT": 0, "ENROLL_P10": 1, "direct_cer": 76, "pAbsent0_5": 31, "pAbsent6_1": 48, "pAbsent16P": 21, "Churn": 35, "TeacherCou": 52, "AvgExp": 5, "pYrsLt1": 12, "pYears1_10": 75, "pYears11_2": 12, "pYears21_3": 2, "pYearsGt30": 0, "Debt": 0, "GenAdmin": 0, "Instructio": 15694, "Support": 0, "Ops": 11, "Media": 0, "PServices": 0, "Capital": 0, "SchoolAdmi": 0, "Food": 0, "Transport": 0, "TotalSpend": 15705, "CCRPI": 61, "ClimateSta": 2, "NTestedELA": 63, "Begin_CntE": 37, "Develop_Cn": 18, "Prof_CntEL": 6, "Dist_CntEL": 2, "pBeginELA3": 59, "pDevelopEL": 29, "pProfELA3": 10, "pDistELA3": 3, "DevPlus_Cn": 26, "ProfPlus_C": 8, "pDevPlusEL": 41, "pProfPlusE": 13, "NTestedE_1": 56, "Begin_Cn_1": 33, "Develop__1": 20, "Prof_Cnt_1": 3, "Dist_Cnt_1": 0, "pBeginELA5": 59, "pDevelop_1": 36, "pProfELA5": 5, "pDistELA5": 0, "DevPlus__1": 23, "ProfPlus_1": 3, "pDevPlus_1": 41, "pProfPlu_1": 5, "NTestedMat": 63, "Begin_CntM": 15, "Develop__2": 29, "Prof_CntMa": 16, "Dist_CntMa": 3, "pBeginMath": 24, "pDevelopMa": 46, "pProfMath3": 25, "pDistMath3": 5, "DevPlus__2": 48, "ProfPlus_2": 19, "pDevPlusMa": 76, "pProfPlusM": 30, "NTestedM_1": 56, "Begin_Cn_2": 21, "Develop__3": 27, "Prof_Cnt_2": 8, "Dist_Cnt_2": 0, "pBeginMa_1": 38, "pDevelop_2": 48, "pProfMath5": 14, "pDistMath5": 0, "DevPlus__3": 35, "ProfPlus_3": 8, "pDevPlus_2": 63, "pProfPlu_2": 14, "NTestedE_2": 0, "BeginELA8_": 0, "DevelopELA": 0, "ProfELA8_C": 0, "DistELA8_C": 0, "NTestedM_2": 0, "BeginMath8": 0, "DevelopMat": 0, "ProfMath8_": 0, "DistMath8_": 0, "pBeginELA8": 0, "pDevelop_3": 0, "pProfELA8": 0, "pDistELA8": 0, "pBeginMa_2": 0, "pDevelop_4": 0, "pProfMath8": 0, "pDistMath8": 0, "DevPlusELA": 0, "ProfPlusEL": 0, "pDevPlus_3": 0, "pProfPlu_3": 0, "DevPlusMat": 0, "ProfPlusMa": 0, "pDevPlus_4": 0, "pProfPlu_4": 0, "NTestedAlg": 0, "Begin_CntA": 0, "Develop__4": 0, "Prof_CntAl": 0, "Dist_CntAl": 0, "pBeginAlge": 0, "pDevelopAl": 0, "pProfAlgeb": 0, "pDistAlgeb": 0, "DevPlus__4": 0, "ProfPlus_4": 0, "pDevPlusAl": 0, "pProfPlusA": 0, "NTestedAmL": 0, "Begin_Cn_3": 0, "Develop__5": 0, "Prof_CntAm": 0, "Dist_CntAm": 0, "pBeginAmLi": 0, "pDevelopAm": 0, "pProfAmLit": 0, "pDistAmLit": 0, "DevPlus__5": 0, "ProfPlus_5": 0, "pDevPlusAm": 0, "pProfPlu_5": 0, "NTestedAna": 0, "Begin_Cn_4": 0, "Develop__6": 0, "Prof_CntAn": 0, "Dist_CntAn": 0, "pBeginAnal": 0, "pDevelopAn": 0, "pProfAnalG": 0, "pDistAnalG": 0, "DevPlus__6": 0, "ProfPlus_6": 0, "pDevPlusAn": 0, "pProfPlu_6": 0, "NTestedBio": 0, "Begin_CntB": 0, "Develop__7": 0, "Prof_CntBi": 0, "Dist_CntBi": 0, "pBeginBiol": 0, "pDevelopBi": 0, "pProfBiolo": 0, "pDistBiolo": 0, "DevPlus__7": 0, "ProfPlus_7": 0, "pDevPlusBi": 0, "pProfPlusB": 0, "NTestedCoo": 0, "Begin_CntC": 0, "Develop__8": 0, "Prof_CntCo": 0, "Dist_CntCo": 0, "pBeginCoor": 0, "pDevelopCo": 0, "pProfCoord": 0, "pDistCoord": 0, "DevPlus__8": 0, "ProfPlus_8": 0, "pDevPlusCo": 0, "pProfPlusC": 0, "NTestedEco": 0, "Begin_Cn_5": 0, "Develop__9": 0, "Prof_CntEc": 0, "Dist_CntEc": 0, "pBeginEcon": 0, "pDevelopEc": 0, "pProfEcon": 0, "pDistEcon": 0, "DevPlus__9": 0, "ProfPlus_9": 0, "pDevPlusEc": 0, "pProfPlu_7": 0, "NTestedGeo": 0, "Begin_CntG": 0, "Develop_10": 0, "Prof_CntGe": 0, "Dist_CntGe": 0, "pBeginGeom": 0, "pDevelopGe": 0, "pProfGeome": 0, "pDistGeome": 0, "DevPlus_10": 0, "ProfPlus10": 0, "pDevPlusGe": 0, "pProfPlusG": 0, "NTestedLit": 0, "Begin_CntL": 0, "Develop_11": 0, "Prof_CntLi": 0, "Dist_CntLi": 0, "pBeginLit9": 0, "pDevelopLi": 0, "pProfLit9": 0, "pDistLit9": 0, "DevPlus_11": 0, "ProfPlus11": 0, "pDevPlusLi": 0, "pProfPlusL": 0, "NTestedPhy": 0, "Begin_CntP": 0, "Develop_12": 0, "Prof_CntPh": 0, "Dist_CntPh": 0, "pBeginPhys": 0, "pDevelopPh": 0, "pProfPhysS": 0, "pDistPhysS": 0, "DevPlus_12": 0, "ProfPlus12": 0, "pDevPlusPh": 0, "pProfPlusP": 0, "NTestedUSH": 0, "Begin_CntU": 0, "Develop_13": 0, "Prof_CntUS": 0, "Dist_CntUS": 0, "pBeginUSHi": 0, "pDevelopUS": 0, "pProfUSHis": 0, "pDistUSHis": 0, "DevPlus_13": 0, "ProfPlus13": 0, "pDevPlusUS": 0, "pProfPlusU": 0, "NDropout71": 0, "pNDropout7": 0, "Graduation": 0, "NUMBER_OF_": 0, "pHopeEligi": 0, "chENROLLME": -3, "pchENROLLM": -0.83, "chCCRPI": 10, "chpProfPlu": 8, "chpProfP_1": 25, "chpProfP_2": -13, "chpProfP_3": 6, "chpELA8": 0, "chpProfP_4": 0, "chpProfP_5": 0, "chpProfP_6": 0, "chpProfP_7": 0, "chpProfP_8": 0, "chpProfP_9": 0, "chpProfP10": 0, "chpProfP11": 0, "chpProfP12": 0, "chpProfP13": 0, "chpProfP14": 0, "GlobalID": "{2BD9E243-257A-4128-ACD5-B9D9B5A713EB}", "created_us": "opendata@arc", "created_da": "2020-03-25T00:00:00Z", "last_edite": "opendata@arc", "last_edi_1": "2020-03-25T00:00:00Z" }, "geometry": { "type": "Point", "coordinates": [ -84.405626207443532, 33.73081943026046 ] } },
{ "type": "Feature", "properties": { "OBJECTID": 2107, "SysSchool": 7612563, "GradeRange": "PK-05", "SchoolAddr": "1325 Mount Paran Rd NW", "SchoolCity": "Atlanta", "STATE": "GA", "SchoolZipC": "30327-3705", "MailAddres": "1325 Mount Paran Rd NW", "MailCity": "Atlanta", "MailZipCod": "30327-3705", "PrincipalN": "McBride, Brent", "PrincipalE": "brenton.mcbride@atlanta.k12.ga.us", "SchoolPhon": "404.802.8800", "SchoolFax": "404.842.1177", "longitude": -84.42282, "latitude": 33.873375, "Year": 2019, "SchoolYear": "2018-19", "SystemID": 761, "SystemName": "Atlanta Public Schools", "SchoolID": 2563, "SchoolName": "Jackson Elementary School", "Type": "Elementary School", "ENROLLMENT": 673, "ENROLL_PER": 7, "ENROLL_P_1": 0, "ENROLL_P_2": 15, "ENROLL_P_3": 7, "ENROLL_P_4": 5, "ENROLL_P_5": 66, "ENROLL_P_6": 0, "ENROLL_P_7": 7, "ENROLL_P_8": 8, "ENROLL_P_9": 6, "ENROLL_PCT": 5, "ENROLL_P10": 18, "direct_cer": 4, "pAbsent0_5": 67, "pAbsent6_1": 31, "pAbsent16P": 3, "Churn": 6, "TeacherCou": 50, "AvgExp": 15, "pYrsLt1": 8, "pYears1_10": 20, "pYears11_2": 38, "pYears21_3": 34, "pYearsGt30": 0, "Debt": 0, "GenAdmin": 0, "Instructio": 7764, "Support": 370, "Ops": 671, "Media": 163, "PServices": 365, "Capital": 0, "SchoolAdmi": 885, "Food": 0, "Transport": 9, "TotalSpend": 10228, "CCRPI": 92, "ClimateSta": 4, "NTestedELA": 120, "Begin_CntE": 7, "Develop_Cn": 21, "Prof_CntEL": 41, "Dist_CntEL": 51, "pBeginELA3": 6, "pDevelopEL": 18, "pProfELA3": 34, "pDistELA3": 43, "DevPlus_Cn": 113, "ProfPlus_C": 92, "pDevPlusEL": 94, "pProfPlusE": 77, "NTestedE_1": 108, "Begin_Cn_1": 3, "Develop__1": 17, "Prof_Cnt_1": 48, "Dist_Cnt_1": 40, "pBeginELA5": 3, "pDevelop_1": 16, "pProfELA5": 44, "pDistELA5": 37, "DevPlus__1": 105, "ProfPlus_1": 88, "pDevPlus_1": 97, "pProfPlu_1": 81, "NTestedMat": 119, "Begin_CntM": 4, "Develop__2": 15, "Prof_CntMa": 53, "Dist_CntMa": 47, "pBeginMath": 3, "pDevelopMa": 13, "pProfMath3": 45, "pDistMath3": 40, "DevPlus__2": 115, "ProfPlus_2": 100, "pDevPlusMa": 97, "pProfPlusM": 84, "NTestedM_1": 108, "Begin_Cn_2": 4, "Develop__3": 18, "Prof_Cnt_2": 48, "Dist_Cnt_2": 38, "pBeginMa_1": 4, "pDevelop_2": 17, "pProfMath5": 44, "pDistMath5": 35, "DevPlus__3": 104, "ProfPlus_3": 86, "pDevPlus_2": 96, "pProfPlu_2": 80, "NTestedE_2": 0, "BeginELA8_": 0, "DevelopELA": 0, "ProfELA8_C": 0, "DistELA8_C": 0, "NTestedM_2": 0, "BeginMath8": 0, "DevelopMat": 0, "ProfMath8_": 0, "DistMath8_": 0, "pBeginELA8": 0, "pDevelop_3": 0, "pProfELA8": 0, "pDistELA8": 0, "pBeginMa_2": 0, "pDevelop_4": 0, "pProfMath8": 0, "pDistMath8": 0, "DevPlusELA": 0, "ProfPlusEL": 0, "pDevPlus_3": 0, "pProfPlu_3": 0, "DevPlusMat": 0, "ProfPlusMa": 0, "pDevPlus_4": 0, "pProfPlu_4": 0, "NTestedAlg": 0, "Begin_CntA": 0, "Develop__4": 0, "Prof_CntAl": 0, "Dist_CntAl": 0, "pBeginAlge": 0, "pDevelopAl": 0, "pProfAlgeb": 0, "pDistAlgeb": 0, "DevPlus__4": 0, "ProfPlus_4": 0, "pDevPlusAl": 0, "pProfPlusA": 0, "NTestedAmL": 0, "Begin_Cn_3": 0, "Develop__5": 0, "Prof_CntAm": 0, "Dist_CntAm": 0, "pBeginAmLi": 0, "pDevelopAm": 0, "pProfAmLit": 0, "pDistAmLit": 0, "DevPlus__5": 0, "ProfPlus_5": 0, "pDevPlusAm": 0, "pProfPlu_5": 0, "NTestedAna": 0, "Begin_Cn_4": 0, "Develop__6": 0, "Prof_CntAn": 0, "Dist_CntAn": 0, "pBeginAnal": 0, "pDevelopAn": 0, "pProfAnalG": 0, "pDistAnalG": 0, "DevPlus__6": 0, "ProfPlus_6": 0, "pDevPlusAn": 0, "pProfPlu_6": 0, "NTestedBio": 0, "Begin_CntB": 0, "Develop__7": 0, "Prof_CntBi": 0, "Dist_CntBi": 0, "pBeginBiol": 0, "pDevelopBi": 0, "pProfBiolo": 0, "pDistBiolo": 0, "DevPlus__7": 0, "ProfPlus_7": 0, "pDevPlusBi": 0, "pProfPlusB": 0, "NTestedCoo": 0, "Begin_CntC": 0, "Develop__8": 0, "Prof_CntCo": 0, "Dist_CntCo": 0, "pBeginCoor": 0, "pDevelopCo": 0, "pProfCoord": 0, "pDistCoord": 0, "DevPlus__8": 0, "ProfPlus_8": 0, "pDevPlusCo": 0, "pProfPlusC": 0, "NTestedEco": 0, "Begin_Cn_5": 0, "Develop__9": 0, "Prof_CntEc": 0, "Dist_CntEc": 0, "pBeginEcon": 0, "pDevelopEc": 0, "pProfEcon": 0, "pDistEcon": 0, "DevPlus__9": 0, "ProfPlus_9": 0, "pDevPlusEc": 0, "pProfPlu_7": 0, "NTestedGeo": 0, "Begin_CntG": 0, "Develop_10": 0, "Prof_CntGe": 0, "Dist_CntGe": 0, "pBeginGeom": 0, "pDevelopGe": 0, "pProfGeome": 0, "pDistGeome": 0, "DevPlus_10": 0, "ProfPlus10": 0, "pDevPlusGe": 0, "pProfPlusG": 0, "NTestedLit": 0, "Begin_CntL": 0, "Develop_11": 0, "Prof_CntLi": 0, "Dist_CntLi": 0, "pBeginLit9": 0, "pDevelopLi": 0, "pProfLit9": 0, "pDistLit9": 0, "DevPlus_11": 0, "ProfPlus11": 0, "pDevPlusLi": 0, "pProfPlusL": 0, "NTestedPhy": 0, "Begin_CntP": 0, "Develop_12": 0, "Prof_CntPh": 0, "Dist_CntPh": 0, "pBeginPhys": 0, "pDevelopPh": 0, "pProfPhysS": 0, "pDistPhysS": 0, "DevPlus_12": 0, "ProfPlus12": 0, "pDevPlusPh": 0, "pProfPlusP": 0, "NTestedUSH": 0, "Begin_CntU": 0, "Develop_13": 0, "Prof_CntUS": 0, "Dist_CntUS": 0, "pBeginUSHi": 0, "pDevelopUS": 0, "pProfUSHis": 0, "pDistUSHis": 0, "DevPlus_13": 0, "ProfPlus13": 0, "pDevPlusUS": 0, "pProfPlusU": 0, "NDropout71": 0, "pNDropout7": 0, "Graduation": 0, "NUMBER_OF_": 0, "pHopeEligi": 0, "chENROLLME": -156, "pchENROLLM": -18.81, "chCCRPI": -3, "chpProfPlu": -8, "chpProfP_1": 8, "chpProfP_2": -5, "chpProfP_3": 3, "chpELA8": 0, "chpProfP_4": 0, "chpProfP_5": 0, "chpProfP_6": 0, "chpProfP_7": 0, "chpProfP_8": 0, "chpProfP_9": 0, "chpProfP10": 0, "chpProfP11": 0, "chpProfP12": 0, "chpProfP13": 0, "chpProfP14": 0, "GlobalID": "{CF12122F-E92D-4A1C-A972-6EDEB8E877A1}", "created_us": "opendata@arc", "created_da": "2020-03-25T00:00:00Z", "last_edite": "opendata@arc", "last_edi_1": "2020-03-25T00:00:00Z" }, "geometry": { "type": "Point", "coordinates": [ -84.422824219996016, 33.873381459685696 ] } },
{ "type": "Feature", "properties": { "OBJECTID": 2108, "SysSchool": 7612564, "GradeRange": "KK-05", "SchoolAddr": "586 Candler Park Dr NE", "SchoolCity": "Atlanta", "STATE": "GA", "SchoolZipC": "30307-1605", "MailAddres": "586 Candler Park Dr NE", "MailCity": "Atlanta", "MailZipCod": "30307-1605", "PrincipalN": "Briscoe, Sharyn", "PrincipalE": "sbriscoe@atlanta.k12.ga.us", "SchoolPhon": "404.802.8850", "SchoolFax": "404.371.7168", "longitude": -84.340075, "latitude": 33.769614, "Year": 2019, "SchoolYear": "2018-19", "SystemID": 761, "SystemName": "Atlanta Public Schools", "SchoolID": 2564, "SchoolName": "Lin Elementary School", "Type": "Elementary School", "ENROLLMENT": 662, "ENROLL_PER": 2, "ENROLL_P_1": 0, "ENROLL_P_2": 12, "ENROLL_P_3": 7, "ENROLL_P_4": 8, "ENROLL_P_5": 71, "ENROLL_P_6": 0, "ENROLL_P_7": 4, "ENROLL_P_8": 8, "ENROLL_P_9": 3, "ENROLL_PCT": 1, "ENROLL_P10": 18, "direct_cer": 5, "pAbsent0_5": 61, "pAbsent6_1": 35, "pAbsent16P": 4, "Churn": 6, "TeacherCou": 45, "AvgExp": 13, "pYrsLt1": 2, "pYears1_10": 36, "pYears11_2": 47, "pYears21_3": 16, "pYearsGt30": 0, "Debt": 0, "GenAdmin": 0, "Instructio": 7205, "Support": 156, "Ops": 449, "Media": 186, "PServices": 302, "Capital": 0, "SchoolAdmi": 602, "Food": 0, "Transport": 0, "TotalSpend": 8901, "CCRPI": 87, "ClimateSta": 3, "NTestedELA": 101, "Begin_CntE": 6, "Develop_Cn": 19, "Prof_CntEL": 41, "Dist_CntEL": 35, "pBeginELA3": 6, "pDevelopEL": 19, "pProfELA3": 41, "pDistELA3": 35, "DevPlus_Cn": 95, "ProfPlus_C": 76, "pDevPlusEL": 94, "pProfPlusE": 75, "NTestedE_1": 96, "Begin_Cn_1": 4, "Develop__1": 10, "Prof_Cnt_1": 52, "Dist_Cnt_1": 30, "pBeginELA5": 4, "pDevelop_1": 10, "pProfELA5": 54, "pDistELA5": 31, "DevPlus__1": 92, "ProfPlus_1": 82, "pDevPlus_1": 96, "pProfPlu_1": 86, "NTestedMat": 101, "Begin_CntM": 3, "Develop__2": 14, "Prof_CntMa": 53, "Dist_CntMa": 31, "pBeginMath": 3, "pDevelopMa": 14, "pProfMath3": 53, "pDistMath3": 31, "DevPlus__2": 98, "ProfPlus_2": 84, "pDevPlusMa": 97, "pProfPlusM": 83, "NTestedM_1": 96, "Begin_Cn_2": 3, "Develop__3": 17, "Prof_Cnt_2": 34, "Dist_Cnt_2": 42, "pBeginMa_1": 3, "pDevelop_2": 18, "pProfMath5": 35, "pDistMath5": 44, "DevPlus__3": 93, "ProfPlus_3": 76, "pDevPlus_2": 97, "pProfPlu_2": 79, "NTestedE_2": 0, "BeginELA8_": 0, "DevelopELA": 0, "ProfELA8_C": 0, "DistELA8_C": 0, "NTestedM_2": 0, "BeginMath8": 0, "DevelopMat": 0, "ProfMath8_": 0, "DistMath8_": 0, "pBeginELA8": 0, "pDevelop_3": 0, "pProfELA8": 0, "pDistELA8": 0, "pBeginMa_2": 0, "pDevelop_4": 0, "pProfMath8": 0, "pDistMath8": 0, "DevPlusELA": 0, "ProfPlusEL": 0, "pDevPlus_3": 0, "pProfPlu_3": 0, "DevPlusMat": 0, "ProfPlusMa": 0, "pDevPlus_4": 0, "pProfPlu_4": 0, "NTestedAlg": 0, "Begin_CntA": 0, "Develop__4": 0, "Prof_CntAl": 0, "Dist_CntAl": 0, "pBeginAlge": 0, "pDevelopAl": 0, "pProfAlgeb": 0, "pDistAlgeb": 0, "DevPlus__4": 0, "ProfPlus_4": 0, "pDevPlusAl": 0, "pProfPlusA": 0, "NTestedAmL": 0, "Begin_Cn_3": 0, "Develop__5": 0, "Prof_CntAm": 0, "Dist_CntAm": 0, "pBeginAmLi": 0, "pDevelopAm": 0, "pProfAmLit": 0, "pDistAmLit": 0, "DevPlus__5": 0, "ProfPlus_5": 0, "pDevPlusAm": 0, "pProfPlu_5": 0, "NTestedAna": 0, "Begin_Cn_4": 0, "Develop__6": 0, "Prof_CntAn": 0, "Dist_CntAn": 0, "pBeginAnal": 0, "pDevelopAn": 0, "pProfAnalG": 0, "pDistAnalG": 0, "DevPlus__6": 0, "ProfPlus_6": 0, "pDevPlusAn": 0, "pProfPlu_6": 0, "NTestedBio": 0, "Begin_CntB": 0, "Develop__7": 0, "Prof_CntBi": 0, "Dist_CntBi": 0, "pBeginBiol": 0, "pDevelopBi": 0, "pProfBiolo": 0, "pDistBiolo": 0, "DevPlus__7": 0, "ProfPlus_7": 0, "pDevPlusBi": 0, "pProfPlusB": 0, "NTestedCoo": 0, "Begin_CntC": 0, "Develop__8": 0, "Prof_CntCo": 0, "Dist_CntCo": 0, "pBeginCoor": 0, "pDevelopCo": 0, "pProfCoord": 0, "pDistCoord": 0, "DevPlus__8": 0, "ProfPlus_8": 0, "pDevPlusCo": 0, "pProfPlusC": 0, "NTestedEco": 0, "Begin_Cn_5": 0, "Develop__9": 0, "Prof_CntEc": 0, "Dist_CntEc": 0, "pBeginEcon": 0, "pDevelopEc": 0, "pProfEcon": 0, "pDistEcon": 0, "DevPlus__9": 0, "ProfPlus_9": 0, "pDevPlusEc": 0, "pProfPlu_7": 0, "NTestedGeo": 0, "Begin_CntG": 0, "Develop_10": 0, "Prof_CntGe": 0, "Dist_CntGe": 0, "pBeginGeom": 0, "pDevelopGe": 0, "pProfGeome": 0, "pDistGeome": 0, "DevPlus_10": 0, "ProfPlus10": 0, "pDevPlusGe": 0, "pProfPlusG": 0, "NTestedLit": 0, "Begin_CntL": 0, "Develop_11": 0, "Prof_CntLi": 0, "Dist_CntLi": 0, "pBeginLit9": 0, "pDevelopLi": 0, "pProfLit9": 0, "pDistLit9": 0, "DevPlus_11": 0, "ProfPlus11": 0, "pDevPlusLi": 0, "pProfPlusL": 0, "NTestedPhy": 0, "Begin_CntP": 0, "Develop_12": 0, "Prof_CntPh": 0, "Dist_CntPh": 0, "pBeginPhys": 0, "pDevelopPh": 0, "pProfPhysS": 0, "pDistPhysS": 0, "DevPlus_12": 0, "ProfPlus12": 0, "pDevPlusPh": 0, "pProfPlusP": 0, "NTestedUSH": 0, "Begin_CntU": 0, "Develop_13": 0, "Prof_CntUS": 0, "Dist_CntUS": 0, "pBeginUSHi": 0, "pDevelopUS": 0, "pProfUSHis": 0, "pDistUSHis": 0, "DevPlus_13": 0, "ProfPlus13": 0, "pDevPlusUS": 0, "pProfPlusU": 0, "NDropout71": 0, "pNDropout7": 0, "Graduation": 0, "NUMBER_OF_": 0, "pHopeEligi": 0, "chENROLLME": 31, "pchENROLLM": 4.91, "chCCRPI": -12, "chpProfPlu": -4, "chpProfP_1": 8, "chpProfP_2": 3, "chpProfP_3": -3, "chpELA8": 0, "chpProfP_4": 0, "chpProfP_5": 0, "chpProfP_6": 0, "chpProfP_7": 0, "chpProfP_8": 0, "chpProfP_9": 0, "chpProfP10": 0, "chpProfP11": 0, "chpProfP12": 0, "chpProfP13": 0, "chpProfP14": 0, "GlobalID": "{99BB6558-DF6F-4D4C-B3DA-E5CE593B18D7}", "created_us": "opendata@arc", "created_da": "2020-03-25T00:00:00Z", "last_edite": "opendata@arc", "last_edi_1": "2020-03-25T00:00:00Z" }, "geometry": { "type": "Point", "coordinates": [ -84.340079190043397, 33.76962044111113 ] } },
{ "type": "Feature", "properties": { "OBJECTID": 2109, "SysSchool": 7612569, "GradeRange": "KK-05", "SchoolAddr": "570 Lynhurst Dr SW", "SchoolCity": "Atlanta", "STATE": "GA", "SchoolZipC": "30311-2204", "MailAddres": "570 Lynhurst Dr SW", "MailCity": "Atlanta", "MailZipCod": "30311-2204", "PrincipalN": "Lawrence, Reginald", "PrincipalE": "rmlawrence@atlanta.k12.ga.us", "SchoolPhon": "404.802.3350", "SchoolFax": "404.699.6784", "longitude": -84.48963, "latitude": 33.739625, "Year": 2019, "SchoolYear": "2018-19", "SystemID": 761, "SystemName": "Atlanta Public Schools", "SchoolID": 2569, "SchoolName": "West Manor Elementary School", "Type": "Elementary School", "ENROLLMENT": 278, "ENROLL_PER": 1, "ENROLL_P_1": 0, "ENROLL_P_2": 83, "ENROLL_P_3": 13, "ENROLL_P_4": 3, "ENROLL_P_5": 0, "ENROLL_P_6": 0, "ENROLL_P_7": 100, "ENROLL_P_8": 5, "ENROLL_P_9": 14, "ENROLL_PCT": 14, "ENROLL_P10": 7, "direct_cer": 62, "pAbsent0_5": 56, "pAbsent6_1": 33, "pAbsent16P": 11, "Churn": 23, "TeacherCou": 25, "AvgExp": 17, "pYrsLt1": 0, "pYears1_10": 24, "pYears11_2": 32, "pYears21_3": 44, "pYearsGt30": 0, "Debt": 0, "GenAdmin": 0, "Instructio": 9113, "Support": 763, "Ops": 657, "Media": 368, "PServices": 444, "Capital": 0, "SchoolAdmi": 1234, "Food": 0, "Transport": 4, "TotalSpend": 12582, "CCRPI": 78, "ClimateSta": 3, "NTestedELA": 44, "Begin_CntE": 12, "Develop_Cn": 15, "Prof_CntEL": 11, "Dist_CntEL": 6, "pBeginELA3": 27, "pDevelopEL": 34, "pProfELA3": 25, "pDistELA3": 14, "DevPlus_Cn": 32, "ProfPlus_C": 17, "pDevPlusEL": 73, "pProfPlusE": 39, "NTestedE_1": 46, "Begin_Cn_1": 10, "Develop__1": 17, "Prof_Cnt_1": 16, "Dist_Cnt_1": 3, "pBeginELA5": 22, "pDevelop_1": 37, "pProfELA5": 35, "pDistELA5": 7, "DevPlus__1": 36, "ProfPlus_1": 19, "pDevPlus_1": 78, "pProfPlu_1": 41, "NTestedMat": 44, "Begin_CntM": 10, "Develop__2": 13, "Prof_CntMa": 17, "Dist_CntMa": 4, "pBeginMath": 23, "pDevelopMa": 30, "pProfMath3": 39, "pDistMath3": 9, "DevPlus__2": 34, "ProfPlus_2": 21, "pDevPlusMa": 77, "pProfPlusM": 48, "NTestedM_1": 46, "Begin_Cn_2": 13, "Develop__3": 22, "Prof_Cnt_2": 8, "Dist_Cnt_2": 3, "pBeginMa_1": 28, "pDevelop_2": 48, "pProfMath5": 17, "pDistMath5": 7, "DevPlus__3": 33, "ProfPlus_3": 11, "pDevPlus_2": 72, "pProfPlu_2": 24, "NTestedE_2": 0, "BeginELA8_": 0, "DevelopELA": 0, "ProfELA8_C": 0, "DistELA8_C": 0, "NTestedM_2": 0, "BeginMath8": 0, "DevelopMat": 0, "ProfMath8_": 0, "DistMath8_": 0, "pBeginELA8": 0, "pDevelop_3": 0, "pProfELA8": 0, "pDistELA8": 0, "pBeginMa_2": 0, "pDevelop_4": 0, "pProfMath8": 0, "pDistMath8": 0, "DevPlusELA": 0, "ProfPlusEL": 0, "pDevPlus_3": 0, "pProfPlu_3": 0, "DevPlusMat": 0, "ProfPlusMa": 0, "pDevPlus_4": 0, "pProfPlu_4": 0, "NTestedAlg": 0, "Begin_CntA": 0, "Develop__4": 0, "Prof_CntAl": 0, "Dist_CntAl": 0, "pBeginAlge": 0, "pDevelopAl": 0, "pProfAlgeb": 0, "pDistAlgeb": 0, "DevPlus__4": 0, "ProfPlus_4": 0, "pDevPlusAl": 0, "pProfPlusA": 0, "NTestedAmL": 0, "Begin_Cn_3": 0, "Develop__5": 0, "Prof_CntAm": 0, "Dist_CntAm": 0, "pBeginAmLi": 0, "pDevelopAm": 0, "pProfAmLit": 0, "pDistAmLit": 0, "DevPlus__5": 0, "ProfPlus_5": 0, "pDevPlusAm": 0, "pProfPlu_5": 0, "NTestedAna": 0, "Begin_Cn_4": 0, "Develop__6": 0, "Prof_CntAn": 0, "Dist_CntAn": 0, "pBeginAnal": 0, "pDevelopAn": 0, "pProfAnalG": 0, "pDistAnalG": 0, "DevPlus__6": 0, "ProfPlus_6": 0, "pDevPlusAn": 0, "pProfPlu_6": 0, "NTestedBio": 0, "Begin_CntB": 0, "Develop__7": 0, "Prof_CntBi": 0, "Dist_CntBi": 0, "pBeginBiol": 0, "pDevelopBi": 0, "pProfBiolo": 0, "pDistBiolo": 0, "DevPlus__7": 0, "ProfPlus_7": 0, "pDevPlusBi": 0, "pProfPlusB": 0, "NTestedCoo": 0, "Begin_CntC": 0, "Develop__8": 0, "Prof_CntCo": 0, "Dist_CntCo": 0, "pBeginCoor": 0, "pDevelopCo": 0, "pProfCoord": 0, "pDistCoord": 0, "DevPlus__8": 0, "ProfPlus_8": 0, "pDevPlusCo": 0, "pProfPlusC": 0, "NTestedEco": 0, "Begin_Cn_5": 0, "Develop__9": 0, "Prof_CntEc": 0, "Dist_CntEc": 0, "pBeginEcon": 0, "pDevelopEc": 0, "pProfEcon": 0, "pDistEcon": 0, "DevPlus__9": 0, "ProfPlus_9": 0, "pDevPlusEc": 0, "pProfPlu_7": 0, "NTestedGeo": 0, "Begin_CntG": 0, "Develop_10": 0, "Prof_CntGe": 0, "Dist_CntGe": 0, "pBeginGeom": 0, "pDevelopGe": 0, "pProfGeome": 0, "pDistGeome": 0, "DevPlus_10": 0, "ProfPlus10": 0, "pDevPlusGe": 0, "pProfPlusG": 0, "NTestedLit": 0, "Begin_CntL": 0, "Develop_11": 0, "Prof_CntLi": 0, "Dist_CntLi": 0, "pBeginLit9": 0, "pDevelopLi": 0, "pProfLit9": 0, "pDistLit9": 0, "DevPlus_11": 0, "ProfPlus11": 0, "pDevPlusLi": 0, "pProfPlusL": 0, "NTestedPhy": 0, "Begin_CntP": 0, "Develop_12": 0, "Prof_CntPh": 0, "Dist_CntPh": 0, "pBeginPhys": 0, "pDevelopPh": 0, "pProfPhysS": 0, "pDistPhysS": 0, "DevPlus_12": 0, "ProfPlus12": 0, "pDevPlusPh": 0, "pProfPlusP": 0, "NTestedUSH": 0, "Begin_CntU": 0, "Develop_13": 0, "Prof_CntUS": 0, "Dist_CntUS": 0, "pBeginUSHi": 0, "pDevelopUS": 0, "pProfUSHis": 0, "pDistUSHis": 0, "DevPlus_13": 0, "ProfPlus13": 0, "pDevPlusUS": 0, "pProfPlusU": 0, "NDropout71": 0, "pNDropout7": 0, "Graduation": 0, "NUMBER_OF_": 0, "pHopeEligi": 0, "chENROLLME": 25, "pchENROLLM": 9.88, "chCCRPI": -4, "chpProfPlu": 6, "chpProfP_1": 5, "chpProfP_2": -2, "chpProfP_3": -7, "chpELA8": 0, "chpProfP_4": 0, "chpProfP_5": 0, "chpProfP_6": 0, "chpProfP_7": 0, "chpProfP_8": 0, "chpProfP_9": 0, "chpProfP10": 0, "chpProfP11": 0, "chpProfP12": 0, "chpProfP13": 0, "chpProfP14": 0, "GlobalID": "{68770B79-6B98-4693-AA70-B5FDD8E1D0C9}", "created_us": "opendata@arc", "created_da": "2020-03-25T00:00:00Z", "last_edite": "opendata@arc", "last_edi_1": "2020-03-25T00:00:00Z" }, "geometry": { "type": "Point", "coordinates": [ -84.489634231854694, 33.73963142912973 ] } },
{ "type": "Feature", "properties": { "OBJECTID": 2110, "SysSchool": 7612664, "GradeRange": "09-12", "SchoolAddr": "256 Clifton St SE", "SchoolCity": "Atlanta", "STATE": "GA", "SchoolZipC": "30317-2123", "MailAddres": "256 Clifton St SE", "MailCity": "Atlanta", "MailZipCod": "30317-2123", "PrincipalN": "Mobley, Evelyn", "PrincipalE": "emobley@atlanta.k12.ga.us", "SchoolPhon": "404.802.5800", "SchoolFax": "404.371.4889", "longitude": -84.331106, "latitude": 33.745978, "Year": 2019, "SchoolYear": "2018-19", "SystemID": 761, "SystemName": "Atlanta Public Schools", "SchoolID": 2664, "SchoolName": "Crim High School", "Type": "High School", "ENROLLMENT": 207, "ENROLL_PER": 0, "ENROLL_P_1": 0, "ENROLL_P_2": 95, "ENROLL_P_3": 4, "ENROLL_P_4": 0, "ENROLL_P_5": 1, "ENROLL_P_6": 0, "ENROLL_P_7": 100, "ENROLL_P_8": 4, "ENROLL_P_9": 0, "ENROLL_PCT": 0, "ENROLL_P10": 1, "direct_cer": 48, "pAbsent0_5": 28, "pAbsent6_1": 15, "pAbsent16P": 57, "Churn": 174, "TeacherCou": 23, "AvgExp": 15, "pYrsLt1": 9, "pYears1_10": 26, "pYears11_2": 30, "pYears21_3": 35, "pYearsGt30": 0, "Debt": 0, "GenAdmin": 0, "Instructio": 11233, "Support": 1452, "Ops": 3172, "Media": 422, "PServices": 1519, "Capital": 0, "SchoolAdmi": 3789, "Food": 0, "Transport": 8, "TotalSpend": 21595, "CCRPI": 30, "ClimateSta": 2, "NTestedELA": 0, "Begin_CntE": 0, "Develop_Cn": 0, "Prof_CntEL": 0, "Dist_CntEL": 0, "pBeginELA3": 0, "pDevelopEL": 0, "pProfELA3": 0, "pDistELA3": 0, "DevPlus_Cn": 0, "ProfPlus_C": 0, "pDevPlusEL": 0, "pProfPlusE": 0, "NTestedE_1": 0, "Begin_Cn_1": 0, "Develop__1": 0, "Prof_Cnt_1": 0, "Dist_Cnt_1": 0, "pBeginELA5": 0, "pDevelop_1": 0, "pProfELA5": 0, "pDistELA5": 0, "DevPlus__1": 0, "ProfPlus_1": 0, "pDevPlus_1": 0, "pProfPlu_1": 0, "NTestedMat": 0, "Begin_CntM": 0, "Develop__2": 0, "Prof_CntMa": 0, "Dist_CntMa": 0, "pBeginMath": 0, "pDevelopMa": 0, "pProfMath3": 0, "pDistMath3": 0, "DevPlus__2": 0, "ProfPlus_2": 0, "pDevPlusMa": 0, "pProfPlusM": 0, "NTestedM_1": 0, "Begin_Cn_2": 0, "Develop__3": 0, "Prof_Cnt_2": 0, "Dist_Cnt_2": 0, "pBeginMa_1": 0, "pDevelop_2": 0, "pProfMath5": 0, "pDistMath5": 0, "DevPlus__3": 0, "ProfPlus_3": 0, "pDevPlus_2": 0, "pProfPlu_2": 0, "NTestedE_2": 0, "BeginELA8_": 0, "DevelopELA": 0, "ProfELA8_C": 0, "DistELA8_C": 0, "NTestedM_2": 0, "BeginMath8": 0, "DevelopMat": 0, "ProfMath8_": 0, "DistMath8_": 0, "pBeginELA8": 0, "pDevelop_3": 0, "pProfELA8": 0, "pDistELA8": 0, "pBeginMa_2": 0, "pDevelop_4": 0, "pProfMath8": 0, "pDistMath8": 0, "DevPlusELA": 0, "ProfPlusEL": 0, "pDevPlus_3": 0, "pProfPlu_3": 0, "DevPlusMat": 0, "ProfPlusMa": 0, "pDevPlus_4": 0, "pProfPlu_4": 0, "NTestedAlg": 51, "Begin_CntA": 47, "Develop__4": 3, "Prof_CntAl": 1, "Dist_CntAl": 0, "pBeginAlge": 92, "pDevelopAl": 6, "pProfAlgeb": 2, "pDistAlgeb": 0, "DevPlus__4": 4, "ProfPlus_4": 1, "pDevPlusAl": 8, "pProfPlusA": 2, "NTestedAmL": 42, "Begin_Cn_3": 22, "Develop__5": 17, "Prof_CntAm": 2, "Dist_CntAm": 1, "pBeginAmLi": 52, "pDevelopAm": 41, "pProfAmLit": 5, "pDistAmLit": 2, "DevPlus__5": 20, "ProfPlus_5": 3, "pDevPlusAm": 48, "pProfPlu_5": 7, "NTestedAna": 0, "Begin_Cn_4": 0, "Develop__6": 0, "Prof_CntAn": 0, "Dist_CntAn": 0, "pBeginAnal": 0, "pDevelopAn": 0, "pProfAnalG": 0, "pDistAnalG": 0, "DevPlus__6": 0, "ProfPlus_6": 0, "pDevPlusAn": 0, "pProfPlu_6": 0, "NTestedBio": 36, "Begin_CntB": 29, "Develop__7": 5, "Prof_CntBi": 2, "Dist_CntBi": 0, "pBeginBiol": 81, "pDevelopBi": 14, "pProfBiolo": 6, "pDistBiolo": 0, "DevPlus__7": 7, "ProfPlus_7": 2, "pDevPlusBi": 20, "pProfPlusB": 6, "NTestedCoo": 2, "Begin_CntC": 0, "Develop__8": 0, "Prof_CntCo": 0, "Dist_CntCo": 0, "pBeginCoor": 0, "pDevelopCo": 0, "pProfCoord": 0, "pDistCoord": 0, "DevPlus__8": 0, "ProfPlus_8": 0, "pDevPlusCo": 0, "pProfPlusC": 0, "NTestedEco": 56, "Begin_Cn_5": 39, "Develop__9": 14, "Prof_CntEc": 3, "Dist_CntEc": 0, "pBeginEcon": 70, "pDevelopEc": 25, "pProfEcon": 5, "pDistEcon": 0, "DevPlus__9": 17, "ProfPlus_9": 3, "pDevPlusEc": 30, "pProfPlu_7": 5, "NTestedGeo": 46, "Begin_CntG": 36, "Develop_10": 9, "Prof_CntGe": 1, "Dist_CntGe": 0, "pBeginGeom": 78, "pDevelopGe": 20, "pProfGeome": 2, "pDistGeome": 0, "DevPlus_10": 10, "ProfPlus10": 1, "pDevPlusGe": 22, "pProfPlusG": 2, "NTestedLit": 49, "Begin_CntL": 29, "Develop_11": 17, "Prof_CntLi": 2, "Dist_CntLi": 1, "pBeginLit9": 59, "pDevelopLi": 35, "pProfLit9": 4, "pDistLit9": 2, "DevPlus_11": 20, "ProfPlus11": 3, "pDevPlusLi": 41, "pProfPlusL": 6, "NTestedPhy": 42, "Begin_CntP": 38, "Develop_12": 3, "Prof_CntPh": 1, "Dist_CntPh": 0, "pBeginPhys": 91, "pDevelopPh": 7, "pProfPhysS": 2, "pDistPhysS": 0, "DevPlus_12": 4, "ProfPlus12": 1, "pDevPlusPh": 10, "pProfPlusP": 2, "NTestedUSH": 34, "Begin_CntU": 26, "Develop_13": 4, "Prof_CntUS": 3, "Dist_CntUS": 1, "pBeginUSHi": 77, "pDevelopUS": 12, "pProfUSHis": 9, "pDistUSHis": 3, "DevPlus_13": 8, "ProfPlus13": 4, "pDevPlusUS": 24, "pProfPlusU": 12, "NDropout71": 169, "pNDropout7": 43, "Graduation": 12, "NUMBER_OF_": 36, "pHopeEligi": 0, "chENROLLME": 26, "pchENROLLM": 14.36, "chCCRPI": -2, "chpProfPlu": 0, "chpProfP_1": 0, "chpProfP_2": 0, "chpProfP_3": 0, "chpELA8": 0, "chpProfP_4": 0, "chpProfP_5": 0, "chpProfP_6": 0, "chpProfP_7": 0, "chpProfP_8": 0, "chpProfP_9": 0, "chpProfP10": 1, "chpProfP11": 0, "chpProfP12": -1, "chpProfP13": 2, "chpProfP14": 7, "GlobalID": "{390A37FB-09A4-43F0-AF7F-AFB0E82C3874}", "created_us": "opendata@arc", "created_da": "2020-03-25T00:00:00Z", "last_edite": "opendata@arc", "last_edi_1": "2020-03-25T00:00:00Z" }, "geometry": { "type": "Point", "coordinates": [ -84.33111018566791, 33.745984435951485 ] } },
{ "type": "Feature", "properties": { "OBJECTID": 2111, "SysSchool": 7613051, "GradeRange": "PK-05", "SchoolAddr": "2257 Bolling Brook Dr SW", "SchoolCity": "Atlanta", "STATE": "GA", "SchoolZipC": "30311-2556", "MailAddres": "2257 Bolling Brook Dr SW", "MailCity": "Atlanta", "MailZipCod": "30311-2556", "PrincipalN": "Jones, Crystal", "PrincipalE": "clmjones@atlanta.k12.ga.us", "SchoolPhon": "404.802.8300", "SchoolFax": "404.752.0828", "longitude": -84.46359, "latitude": 33.735588, "Year": 2019, "SchoolYear": "2018-19", "SystemID": 761, "SystemName": "Atlanta Public Schools", "SchoolID": 3051, "SchoolName": "Beecher Hills Elementary School", "Type": "Elementary School", "ENROLLMENT": 270, "ENROLL_PER": 0, "ENROLL_P_1": 0, "ENROLL_P_2": 97, "ENROLL_P_3": 1, "ENROLL_P_4": 1, "ENROLL_P_5": 0, "ENROLL_P_6": 0, "ENROLL_P_7": 100, "ENROLL_P_8": 16, "ENROLL_P_9": 1, "ENROLL_PCT": 1, "ENROLL_P10": 6, "direct_cer": 59, "pAbsent0_5": 40, "pAbsent6_1": 44, "pAbsent16P": 16, "Churn": 11, "TeacherCou": 30, "AvgExp": 17, "pYrsLt1": 0, "pYears1_10": 27, "pYears11_2": 37, "pYears21_3": 37, "pYearsGt30": 0, "Debt": 0, "GenAdmin": 0, "Instructio": 11714, "Support": 816, "Ops": 526, "Media": 411, "PServices": 887, "Capital": 0, "SchoolAdmi": 1481, "Food": 0, "Transport": 0, "TotalSpend": 15834, "CCRPI": 66, "ClimateSta": 3, "NTestedELA": 42, "Begin_CntE": 16, "Develop_Cn": 11, "Prof_CntEL": 12, "Dist_CntEL": 3, "pBeginELA3": 38, "pDevelopEL": 26, "pProfELA3": 29, "pDistELA3": 7, "DevPlus_Cn": 26, "ProfPlus_C": 15, "pDevPlusEL": 62, "pProfPlusE": 36, "NTestedE_1": 51, "Begin_Cn_1": 21, "Develop__1": 15, "Prof_Cnt_1": 14, "Dist_Cnt_1": 1, "pBeginELA5": 41, "pDevelop_1": 29, "pProfELA5": 28, "pDistELA5": 2, "DevPlus__1": 30, "ProfPlus_1": 15, "pDevPlus_1": 59, "pProfPlu_1": 30, "NTestedMat": 42, "Begin_CntM": 11, "Develop__2": 22, "Prof_CntMa": 7, "Dist_CntMa": 2, "pBeginMath": 26, "pDevelopMa": 52, "pProfMath3": 17, "pDistMath3": 5, "DevPlus__2": 31, "ProfPlus_2": 9, "pDevPlusMa": 74, "pProfPlusM": 22, "NTestedM_1": 51, "Begin_Cn_2": 18, "Develop__3": 19, "Prof_Cnt_2": 10, "Dist_Cnt_2": 4, "pBeginMa_1": 35, "pDevelop_2": 37, "pProfMath5": 20, "pDistMath5": 8, "DevPlus__3": 33, "ProfPlus_3": 14, "pDevPlus_2": 65, "pProfPlu_2": 27, "NTestedE_2": 0, "BeginELA8_": 0, "DevelopELA": 0, "ProfELA8_C": 0, "DistELA8_C": 0, "NTestedM_2": 0, "BeginMath8": 0, "DevelopMat": 0, "ProfMath8_": 0, "DistMath8_": 0, "pBeginELA8": 0, "pDevelop_3": 0, "pProfELA8": 0, "pDistELA8": 0, "pBeginMa_2": 0, "pDevelop_4": 0, "pProfMath8": 0, "pDistMath8": 0, "DevPlusELA": 0, "ProfPlusEL": 0, "pDevPlus_3": 0, "pProfPlu_3": 0, "DevPlusMat": 0, "ProfPlusMa": 0, "pDevPlus_4": 0, "pProfPlu_4": 0, "NTestedAlg": 0, "Begin_CntA": 0, "Develop__4": 0, "Prof_CntAl": 0, "Dist_CntAl": 0, "pBeginAlge": 0, "pDevelopAl": 0, "pProfAlgeb": 0, "pDistAlgeb": 0, "DevPlus__4": 0, "ProfPlus_4": 0, "pDevPlusAl": 0, "pProfPlusA": 0, "NTestedAmL": 0, "Begin_Cn_3": 0, "Develop__5": 0, "Prof_CntAm": 0, "Dist_CntAm": 0, "pBeginAmLi": 0, "pDevelopAm": 0, "pProfAmLit": 0, "pDistAmLit": 0, "DevPlus__5": 0, "ProfPlus_5": 0, "pDevPlusAm": 0, "pProfPlu_5": 0, "NTestedAna": 0, "Begin_Cn_4": 0, "Develop__6": 0, "Prof_CntAn": 0, "Dist_CntAn": 0, "pBeginAnal": 0, "pDevelopAn": 0, "pProfAnalG": 0, "pDistAnalG": 0, "DevPlus__6": 0, "ProfPlus_6": 0, "pDevPlusAn": 0, "pProfPlu_6": 0, "NTestedBio": 0, "Begin_CntB": 0, "Develop__7": 0, "Prof_CntBi": 0, "Dist_CntBi": 0, "pBeginBiol": 0, "pDevelopBi": 0, "pProfBiolo": 0, "pDistBiolo": 0, "DevPlus__7": 0, "ProfPlus_7": 0, "pDevPlusBi": 0, "pProfPlusB": 0, "NTestedCoo": 0, "Begin_CntC": 0, "Develop__8": 0, "Prof_CntCo": 0, "Dist_CntCo": 0, "pBeginCoor": 0, "pDevelopCo": 0, "pProfCoord": 0, "pDistCoord": 0, "DevPlus__8": 0, "ProfPlus_8": 0, "pDevPlusCo": 0, "pProfPlusC": 0, "NTestedEco": 0, "Begin_Cn_5": 0, "Develop__9": 0, "Prof_CntEc": 0, "Dist_CntEc": 0, "pBeginEcon": 0, "pDevelopEc": 0, "pProfEcon": 0, "pDistEcon": 0, "DevPlus__9": 0, "ProfPlus_9": 0, "pDevPlusEc": 0, "pProfPlu_7": 0, "NTestedGeo": 0, "Begin_CntG": 0, "Develop_10": 0, "Prof_CntGe": 0, "Dist_CntGe": 0, "pBeginGeom": 0, "pDevelopGe": 0, "pProfGeome": 0, "pDistGeome": 0, "DevPlus_10": 0, "ProfPlus10": 0, "pDevPlusGe": 0, "pProfPlusG": 0, "NTestedLit": 0, "Begin_CntL": 0, "Develop_11": 0, "Prof_CntLi": 0, "Dist_CntLi": 0, "pBeginLit9": 0, "pDevelopLi": 0, "pProfLit9": 0, "pDistLit9": 0, "DevPlus_11": 0, "ProfPlus11": 0, "pDevPlusLi": 0, "pProfPlusL": 0, "NTestedPhy": 0, "Begin_CntP": 0, "Develop_12": 0, "Prof_CntPh": 0, "Dist_CntPh": 0, "pBeginPhys": 0, "pDevelopPh": 0, "pProfPhysS": 0, "pDistPhysS": 0, "DevPlus_12": 0, "ProfPlus12": 0, "pDevPlusPh": 0, "pProfPlusP": 0, "NTestedUSH": 0, "Begin_CntU": 0, "Develop_13": 0, "Prof_CntUS": 0, "Dist_CntUS": 0, "pBeginUSHi": 0, "pDevelopUS": 0, "pProfUSHis": 0, "pDistUSHis": 0, "DevPlus_13": 0, "ProfPlus13": 0, "pDevPlusUS": 0, "pProfPlusU": 0, "NDropout71": 0, "pNDropout7": 0, "Graduation": 0, "NUMBER_OF_": 0, "pHopeEligi": 0, "chENROLLME": -39, "pchENROLLM": -12.62, "chCCRPI": 4, "chpProfPlu": 7, "chpProfP_1": -17, "chpProfP_2": 6, "chpProfP_3": 7, "chpELA8": 0, "chpProfP_4": 0, "chpProfP_5": 0, "chpProfP_6": 0, "chpProfP_7": 0, "chpProfP_8": 0, "chpProfP_9": 0, "chpProfP10": 0, "chpProfP11": 0, "chpProfP12": 0, "chpProfP13": 0, "chpProfP14": 0, "GlobalID": "{641EA131-4CAE-41E0-B28E-AD0DC68A276D}", "created_us": "opendata@arc", "created_da": "2020-03-25T00:00:00Z", "last_edite": "opendata@arc", "last_edi_1": "2020-03-25T00:00:00Z" }, "geometry": { "type": "Point", "coordinates": [ -84.463594224131469, 33.735594428862434 ] } },
{ "type": "Feature", "properties": { "OBJECTID": 2112, "SysSchool": 7613057, "GradeRange": "PK-05", "SchoolAddr": "3181 Hogan Rd SW", "SchoolCity": "Atlanta", "STATE": "GA", "SchoolZipC": "30331-2803", "MailAddres": "3181 Hogan Rd SW", "MailCity": "Atlanta", "MailZipCod": "30331-2803", "PrincipalN": "Vaughn, Kristen", "PrincipalE": "kristen.vaughn@atlanta.k12.ga.us", "SchoolPhon": "404.802.8000", "SchoolFax": "404.346.2354", "longitude": -84.491681, "latitude": 33.678641, "Year": 2019, "SchoolYear": "2018-19", "SystemID": 761, "SystemName": "Atlanta Public Schools", "SchoolID": 3057, "SchoolName": "Continental Colony Elementary School", "Type": "Elementary School", "ENROLLMENT": 411, "ENROLL_PER": 0, "ENROLL_P_1": 0, "ENROLL_P_2": 97, "ENROLL_P_3": 2, "ENROLL_P_4": 1, "ENROLL_P_5": 0, "ENROLL_P_6": 0, "ENROLL_P_7": 100, "ENROLL_P_8": 10, "ENROLL_P_9": 3, "ENROLL_PCT": 3, "ENROLL_P10": 3, "direct_cer": 75, "pAbsent0_5": 46, "pAbsent6_1": 40, "pAbsent16P": 15, "Churn": 38, "TeacherCou": 34, "AvgExp": 11, "pYrsLt1": 6, "pYears1_10": 44, "pYears11_2": 32, "pYears21_3": 18, "pYearsGt30": 0, "Debt": 0, "GenAdmin": 0, "Instructio": 7677, "Support": 864, "Ops": 706, "Media": 76, "PServices": 457, "Capital": 0, "SchoolAdmi": 1318, "Food": 0, "Transport": 28, "TotalSpend": 11126, "CCRPI": 67, "ClimateSta": 3, "NTestedELA": 76, "Begin_CntE": 44, "Develop_Cn": 22, "Prof_CntEL": 10, "Dist_CntEL": 0, "pBeginELA3": 58, "pDevelopEL": 29, "pProfELA3": 13, "pDistELA3": 0, "DevPlus_Cn": 32, "ProfPlus_C": 10, "pDevPlusEL": 42, "pProfPlusE": 13, "NTestedE_1": 65, "Begin_Cn_1": 29, "Develop__1": 19, "Prof_Cnt_1": 16, "Dist_Cnt_1": 1, "pBeginELA5": 45, "pDevelop_1": 29, "pProfELA5": 25, "pDistELA5": 2, "DevPlus__1": 36, "ProfPlus_1": 17, "pDevPlus_1": 55, "pProfPlu_1": 26, "NTestedMat": 76, "Begin_CntM": 33, "Develop__2": 25, "Prof_CntMa": 17, "Dist_CntMa": 1, "pBeginMath": 43, "pDevelopMa": 33, "pProfMath3": 22, "pDistMath3": 1, "DevPlus__2": 43, "ProfPlus_2": 18, "pDevPlusMa": 57, "pProfPlusM": 24, "NTestedM_1": 65, "Begin_Cn_2": 23, "Develop__3": 27, "Prof_Cnt_2": 11, "Dist_Cnt_2": 4, "pBeginMa_1": 35, "pDevelop_2": 42, "pProfMath5": 17, "pDistMath5": 6, "DevPlus__3": 42, "ProfPlus_3": 15, "pDevPlus_2": 65, "pProfPlu_2": 23, "NTestedE_2": 0, "BeginELA8_": 0, "DevelopELA": 0, "ProfELA8_C": 0, "DistELA8_C": 0, "NTestedM_2": 0, "BeginMath8": 0, "DevelopMat": 0, "ProfMath8_": 0, "DistMath8_": 0, "pBeginELA8": 0, "pDevelop_3": 0, "pProfELA8": 0, "pDistELA8": 0, "pBeginMa_2": 0, "pDevelop_4": 0, "pProfMath8": 0, "pDistMath8": 0, "DevPlusELA": 0, "ProfPlusEL": 0, "pDevPlus_3": 0, "pProfPlu_3": 0, "DevPlusMat": 0, "ProfPlusMa": 0, "pDevPlus_4": 0, "pProfPlu_4": 0, "NTestedAlg": 0, "Begin_CntA": 0, "Develop__4": 0, "Prof_CntAl": 0, "Dist_CntAl": 0, "pBeginAlge": 0, "pDevelopAl": 0, "pProfAlgeb": 0, "pDistAlgeb": 0, "DevPlus__4": 0, "ProfPlus_4": 0, "pDevPlusAl": 0, "pProfPlusA": 0, "NTestedAmL": 0, "Begin_Cn_3": 0, "Develop__5": 0, "Prof_CntAm": 0, "Dist_CntAm": 0, "pBeginAmLi": 0, "pDevelopAm": 0, "pProfAmLit": 0, "pDistAmLit": 0, "DevPlus__5": 0, "ProfPlus_5": 0, "pDevPlusAm": 0, "pProfPlu_5": 0, "NTestedAna": 0, "Begin_Cn_4": 0, "Develop__6": 0, "Prof_CntAn": 0, "Dist_CntAn": 0, "pBeginAnal": 0, "pDevelopAn": 0, "pProfAnalG": 0, "pDistAnalG": 0, "DevPlus__6": 0, "ProfPlus_6": 0, "pDevPlusAn": 0, "pProfPlu_6": 0, "NTestedBio": 0, "Begin_CntB": 0, "Develop__7": 0, "Prof_CntBi": 0, "Dist_CntBi": 0, "pBeginBiol": 0, "pDevelopBi": 0, "pProfBiolo": 0, "pDistBiolo": 0, "DevPlus__7": 0, "ProfPlus_7": 0, "pDevPlusBi": 0, "pProfPlusB": 0, "NTestedCoo": 0, "Begin_CntC": 0, "Develop__8": 0, "Prof_CntCo": 0, "Dist_CntCo": 0, "pBeginCoor": 0, "pDevelopCo": 0, "pProfCoord": 0, "pDistCoord": 0, "DevPlus__8": 0, "ProfPlus_8": 0, "pDevPlusCo": 0, "pProfPlusC": 0, "NTestedEco": 0, "Begin_Cn_5": 0, "Develop__9": 0, "Prof_CntEc": 0, "Dist_CntEc": 0, "pBeginEcon": 0, "pDevelopEc": 0, "pProfEcon": 0, "pDistEcon": 0, "DevPlus__9": 0, "ProfPlus_9": 0, "pDevPlusEc": 0, "pProfPlu_7": 0, "NTestedGeo": 0, "Begin_CntG": 0, "Develop_10": 0, "Prof_CntGe": 0, "Dist_CntGe": 0, "pBeginGeom": 0, "pDevelopGe": 0, "pProfGeome": 0, "pDistGeome": 0, "DevPlus_10": 0, "ProfPlus10": 0, "pDevPlusGe": 0, "pProfPlusG": 0, "NTestedLit": 0, "Begin_CntL": 0, "Develop_11": 0, "Prof_CntLi": 0, "Dist_CntLi": 0, "pBeginLit9": 0, "pDevelopLi": 0, "pProfLit9": 0, "pDistLit9": 0, "DevPlus_11": 0, "ProfPlus11": 0, "pDevPlusLi": 0, "pProfPlusL": 0, "NTestedPhy": 0, "Begin_CntP": 0, "Develop_12": 0, "Prof_CntPh": 0, "Dist_CntPh": 0, "pBeginPhys": 0, "pDevelopPh": 0, "pProfPhysS": 0, "pDistPhysS": 0, "DevPlus_12": 0, "ProfPlus12": 0, "pDevPlusPh": 0, "pProfPlusP": 0, "NTestedUSH": 0, "Begin_CntU": 0, "Develop_13": 0, "Prof_CntUS": 0, "Dist_CntUS": 0, "pBeginUSHi": 0, "pDevelopUS": 0, "pProfUSHis": 0, "pDistUSHis": 0, "DevPlus_13": 0, "ProfPlus13": 0, "pDevPlusUS": 0, "pProfPlusU": 0, "NDropout71": 0, "pNDropout7": 0, "Graduation": 0, "NUMBER_OF_": 0, "pHopeEligi": 0, "chENROLLME": -32, "pchENROLLM": -7.22, "chCCRPI": 12, "chpProfPlu": -2, "chpProfP_1": 8, "chpProfP_2": 3, "chpProfP_3": 2, "chpELA8": 0, "chpProfP_4": 0, "chpProfP_5": 0, "chpProfP_6": 0, "chpProfP_7": 0, "chpProfP_8": 0, "chpProfP_9": 0, "chpProfP10": 0, "chpProfP11": 0, "chpProfP12": 0, "chpProfP13": 0, "chpProfP14": 0, "GlobalID": "{FA9C17C4-B015-4584-8C51-1CCD14AC5328}", "created_us": "opendata@arc", "created_da": "2020-03-25T00:00:00Z", "last_edite": "opendata@arc", "last_edi_1": "2020-03-25T00:00:00Z" }, "geometry": { "type": "Point", "coordinates": [ -84.491685229378774, 33.67864741529727 ] } },
{ "type": "Feature", "properties": { "OBJECTID": 2113, "SysSchool": 7613065, "GradeRange": "PK-05", "SchoolAddr": "301 Peyton Rd SW", "SchoolCity": "Atlanta", "STATE": "GA", "SchoolZipC": "30311-2133", "MailAddres": "301 Peyton Rd SW", "MailCity": "Atlanta", "MailZipCod": "30311-2133", "PrincipalN": "Gunner, Cynthia", "PrincipalE": "cgunner@atlanta.k12.ga.us", "SchoolPhon": "404.802.7100", "SchoolFax": "404.505.6518", "longitude": -84.478823, "latitude": 33.748707, "Year": 2019, "SchoolYear": "2018-19", "SystemID": 761, "SystemName": "Atlanta Public Schools", "SchoolID": 3065, "SchoolName": "Peyton Forest Elementary School", "Type": "Elementary School", "ENROLLMENT": 457, "ENROLL_PER": 1, "ENROLL_P_1": 0, "ENROLL_P_2": 89, "ENROLL_P_3": 9, "ENROLL_P_4": 1, "ENROLL_P_5": 0, "ENROLL_P_6": 0, "ENROLL_P_7": 100, "ENROLL_P_8": 12, "ENROLL_P_9": 7, "ENROLL_PCT": 6, "ENROLL_P10": 2, "direct_cer": 65, "pAbsent0_5": 54, "pAbsent6_1": 38, "pAbsent16P": 8, "Churn": 42, "TeacherCou": 36, "AvgExp": 8, "pYrsLt1": 14, "pYears1_10": 61, "pYears11_2": 11, "pYears21_3": 14, "pYearsGt30": 0, "Debt": 0, "GenAdmin": 0, "Instructio": 7774, "Support": 710, "Ops": 535, "Media": 235, "PServices": 348, "Capital": 0, "SchoolAdmi": 1140, "Food": 0, "Transport": 11, "TotalSpend": 10752, "CCRPI": 70, "ClimateSta": 2, "NTestedELA": 72, "Begin_CntE": 44, "Develop_Cn": 12, "Prof_CntEL": 11, "Dist_CntEL": 5, "pBeginELA3": 61, "pDevelopEL": 17, "pProfELA3": 15, "pDistELA3": 7, "DevPlus_Cn": 28, "ProfPlus_C": 16, "pDevPlusEL": 39, "pProfPlusE": 22, "NTestedE_1": 90, "Begin_Cn_1": 37, "Develop__1": 29, "Prof_Cnt_1": 20, "Dist_Cnt_1": 4, "pBeginELA5": 41, "pDevelop_1": 32, "pProfELA5": 22, "pDistELA5": 4, "DevPlus__1": 53, "ProfPlus_1": 24, "pDevPlus_1": 59, "pProfPlu_1": 27, "NTestedMat": 72, "Begin_CntM": 21, "Develop__2": 29, "Prof_CntMa": 20, "Dist_CntMa": 2, "pBeginMath": 29, "pDevelopMa": 40, "pProfMath3": 28, "pDistMath3": 3, "DevPlus__2": 51, "ProfPlus_2": 22, "pDevPlusMa": 71, "pProfPlusM": 31, "NTestedM_1": 90, "Begin_Cn_2": 45, "Develop__3": 27, "Prof_Cnt_2": 17, "Dist_Cnt_2": 1, "pBeginMa_1": 50, "pDevelop_2": 30, "pProfMath5": 19, "pDistMath5": 1, "DevPlus__3": 45, "ProfPlus_3": 18, "pDevPlus_2": 50, "pProfPlu_2": 20, "NTestedE_2": 0, "BeginELA8_": 0, "DevelopELA": 0, "ProfELA8_C": 0, "DistELA8_C": 0, "NTestedM_2": 0, "BeginMath8": 0, "DevelopMat": 0, "ProfMath8_": 0, "DistMath8_": 0, "pBeginELA8": 0, "pDevelop_3": 0, "pProfELA8": 0, "pDistELA8": 0, "pBeginMa_2": 0, "pDevelop_4": 0, "pProfMath8": 0, "pDistMath8": 0, "DevPlusELA": 0, "ProfPlusEL": 0, "pDevPlus_3": 0, "pProfPlu_3": 0, "DevPlusMat": 0, "ProfPlusMa": 0, "pDevPlus_4": 0, "pProfPlu_4": 0, "NTestedAlg": 0, "Begin_CntA": 0, "Develop__4": 0, "Prof_CntAl": 0, "Dist_CntAl": 0, "pBeginAlge": 0, "pDevelopAl": 0, "pProfAlgeb": 0, "pDistAlgeb": 0, "DevPlus__4": 0, "ProfPlus_4": 0, "pDevPlusAl": 0, "pProfPlusA": 0, "NTestedAmL": 0, "Begin_Cn_3": 0, "Develop__5": 0, "Prof_CntAm": 0, "Dist_CntAm": 0, "pBeginAmLi": 0, "pDevelopAm": 0, "pProfAmLit": 0, "pDistAmLit": 0, "DevPlus__5": 0, "ProfPlus_5": 0, "pDevPlusAm": 0, "pProfPlu_5": 0, "NTestedAna": 0, "Begin_Cn_4": 0, "Develop__6": 0, "Prof_CntAn": 0, "Dist_CntAn": 0, "pBeginAnal": 0, "pDevelopAn": 0, "pProfAnalG": 0, "pDistAnalG": 0, "DevPlus__6": 0, "ProfPlus_6": 0, "pDevPlusAn": 0, "pProfPlu_6": 0, "NTestedBio": 0, "Begin_CntB": 0, "Develop__7": 0, "Prof_CntBi": 0, "Dist_CntBi": 0, "pBeginBiol": 0, "pDevelopBi": 0, "pProfBiolo": 0, "pDistBiolo": 0, "DevPlus__7": 0, "ProfPlus_7": 0, "pDevPlusBi": 0, "pProfPlusB": 0, "NTestedCoo": 0, "Begin_CntC": 0, "Develop__8": 0, "Prof_CntCo": 0, "Dist_CntCo": 0, "pBeginCoor": 0, "pDevelopCo": 0, "pProfCoord": 0, "pDistCoord": 0, "DevPlus__8": 0, "ProfPlus_8": 0, "pDevPlusCo": 0, "pProfPlusC": 0, "NTestedEco": 0, "Begin_Cn_5": 0, "Develop__9": 0, "Prof_CntEc": 0, "Dist_CntEc": 0, "pBeginEcon": 0, "pDevelopEc": 0, "pProfEcon": 0, "pDistEcon": 0, "DevPlus__9": 0, "ProfPlus_9": 0, "pDevPlusEc": 0, "pProfPlu_7": 0, "NTestedGeo": 0, "Begin_CntG": 0, "Develop_10": 0, "Prof_CntGe": 0, "Dist_CntGe": 0, "pBeginGeom": 0, "pDevelopGe": 0, "pProfGeome": 0, "pDistGeome": 0, "DevPlus_10": 0, "ProfPlus10": 0, "pDevPlusGe": 0, "pProfPlusG": 0, "NTestedLit": 0, "Begin_CntL": 0, "Develop_11": 0, "Prof_CntLi": 0, "Dist_CntLi": 0, "pBeginLit9": 0, "pDevelopLi": 0, "pProfLit9": 0, "pDistLit9": 0, "DevPlus_11": 0, "ProfPlus11": 0, "pDevPlusLi": 0, "pProfPlusL": 0, "NTestedPhy": 0, "Begin_CntP": 0, "Develop_12": 0, "Prof_CntPh": 0, "Dist_CntPh": 0, "pBeginPhys": 0, "pDevelopPh": 0, "pProfPhysS": 0, "pDistPhysS": 0, "DevPlus_12": 0, "ProfPlus12": 0, "pDevPlusPh": 0, "pProfPlusP": 0, "NTestedUSH": 0, "Begin_CntU": 0, "Develop_13": 0, "Prof_CntUS": 0, "Dist_CntUS": 0, "pBeginUSHi": 0, "pDevelopUS": 0, "pProfUSHis": 0, "pDistUSHis": 0, "DevPlus_13": 0, "ProfPlus13": 0, "pDevPlusUS": 0, "pProfPlusU": 0, "NDropout71": 0, "pNDropout7": 0, "Graduation": 0, "NUMBER_OF_": 0, "pHopeEligi": 0, "chENROLLME": 25, "pchENROLLM": 5.78, "chCCRPI": 19, "chpProfPlu": 6, "chpProfP_1": 15, "chpProfP_2": 15, "chpProfP_3": 9, "chpELA8": 0, "chpProfP_4": 0, "chpProfP_5": 0, "chpProfP_6": 0, "chpProfP_7": 0, "chpProfP_8": 0, "chpProfP_9": 0, "chpProfP10": 0, "chpProfP11": 0, "chpProfP12": 0, "chpProfP13": 0, "chpProfP14": 0, "GlobalID": "{21D23451-3B82-41B1-BB31-8CA4C65C9D3F}", "created_us": "opendata@arc", "created_da": "2020-03-25T00:00:00Z", "last_edite": "opendata@arc", "last_edi_1": "2020-03-25T00:00:00Z" }, "geometry": { "type": "Point", "coordinates": [ -84.478827228593829, 33.748713430706403 ] } },
{ "type": "Feature", "properties": { "OBJECTID": 2114, "SysSchool": 7613067, "GradeRange": "06-08", "SchoolAddr": "2875 Northside Dr NW", "SchoolCity": "Atlanta", "STATE": "GA", "SchoolZipC": "30305-2807", "MailAddres": "2875 Northside Dr NW", "MailCity": "Atlanta", "MailZipCod": "30305-2807", "PrincipalN": "Johnson, Gail", "PrincipalE": "gail.johnson@atlanta.k12.ga.us", "SchoolPhon": "404.802.5600", "SchoolFax": "404.705.0100", "longitude": -84.406287, "latitude": 33.832556, "Year": 2019, "SchoolYear": "2018-19", "SystemID": 761, "SystemName": "Atlanta Public Schools", "SchoolID": 3067, "SchoolName": "Sutton Middle School", "Type": "Middle School", "ENROLLMENT": 1614, "ENROLL_PER": 3, "ENROLL_P_1": 1, "ENROLL_P_2": 28, "ENROLL_P_3": 26, "ENROLL_P_4": 4, "ENROLL_P_5": 38, "ENROLL_P_6": 0, "ENROLL_P_7": 24, "ENROLL_P_8": 13, "ENROLL_P_9": 19, "ENROLL_PCT": 6, "ENROLL_P10": 30, "direct_cer": 19, "pAbsent0_5": 51, "pAbsent6_1": 38, "pAbsent16P": 12, "Churn": 12, "TeacherCou": 93, "AvgExp": 13, "pYrsLt1": 7, "pYears1_10": 33, "pYears11_2": 40, "pYears21_3": 20, "pYearsGt30": 0, "Debt": 0, "GenAdmin": 0, "Instructio": 6067, "Support": 236, "Ops": 431, "Media": 76, "PServices": 123, "Capital": 0, "SchoolAdmi": 682, "Food": 0, "Transport": 7, "TotalSpend": 7622, "CCRPI": 85, "ClimateSta": 4, "NTestedELA": 0, "Begin_CntE": 0, "Develop_Cn": 0, "Prof_CntEL": 0, "Dist_CntEL": 0, "pBeginELA3": 0, "pDevelopEL": 0, "pProfELA3": 0, "pDistELA3": 0, "DevPlus_Cn": 0, "ProfPlus_C": 0, "pDevPlusEL": 0, "pProfPlusE": 0, "NTestedE_1": 0, "Begin_Cn_1": 0, "Develop__1": 0, "Prof_Cnt_1": 0, "Dist_Cnt_1": 0, "pBeginELA5": 0, "pDevelop_1": 0, "pProfELA5": 0, "pDistELA5": 0, "DevPlus__1": 0, "ProfPlus_1": 0, "pDevPlus_1": 0, "pProfPlu_1": 0, "NTestedMat": 0, "Begin_CntM": 0, "Develop__2": 0, "Prof_CntMa": 0, "Dist_CntMa": 0, "pBeginMath": 0, "pDevelopMa": 0, "pProfMath3": 0, "pDistMath3": 0, "DevPlus__2": 0, "ProfPlus_2": 0, "pDevPlusMa": 0, "pProfPlusM": 0, "NTestedM_1": 0, "Begin_Cn_2": 0, "Develop__3": 0, "Prof_Cnt_2": 0, "Dist_Cnt_2": 0, "pBeginMa_1": 0, "pDevelop_2": 0, "pProfMath5": 0, "pDistMath5": 0, "DevPlus__3": 0, "ProfPlus_3": 0, "pDevPlus_2": 0, "pProfPlu_2": 0, "NTestedE_2": 499, "BeginELA8_": 50, "DevelopELA": 104, "ProfELA8_C": 194, "DistELA8_C": 151, "NTestedM_2": 499, "BeginMath8": 71, "DevelopMat": 148, "ProfMath8_": 179, "DistMath8_": 101, "pBeginELA8": 10, "pDevelop_3": 21, "pProfELA8": 39, "pDistELA8": 30, "pBeginMa_2": 14, "pDevelop_4": 30, "pProfMath8": 36, "pDistMath8": 20, "DevPlusELA": 449, "ProfPlusEL": 345, "pDevPlus_3": 90, "pProfPlu_3": 69, "DevPlusMat": 428, "ProfPlusMa": 280, "pDevPlus_4": 86, "pProfPlu_4": 56, "NTestedAlg": 134, "Begin_CntA": 0, "Develop__4": 7, "Prof_CntAl": 57, "Dist_CntAl": 70, "pBeginAlge": 0, "pDevelopAl": 5, "pProfAlgeb": 43, "pDistAlgeb": 52, "DevPlus__4": 134, "ProfPlus_4": 127, "pDevPlusAl": 100, "pProfPlusA": 95, "NTestedAmL": 0, "Begin_Cn_3": 0, "Develop__5": 0, "Prof_CntAm": 0, "Dist_CntAm": 0, "pBeginAmLi": 0, "pDevelopAm": 0, "pProfAmLit": 0, "pDistAmLit": 0, "DevPlus__5": 0, "ProfPlus_5": 0, "pDevPlusAm": 0, "pProfPlu_5": 0, "NTestedAna": 0, "Begin_Cn_4": 0, "Develop__6": 0, "Prof_CntAn": 0, "Dist_CntAn": 0, "pBeginAnal": 0, "pDevelopAn": 0, "pProfAnalG": 0, "pDistAnalG": 0, "DevPlus__6": 0, "ProfPlus_6": 0, "pDevPlusAn": 0, "pProfPlu_6": 0, "NTestedBio": 0, "Begin_CntB": 0, "Develop__7": 0, "Prof_CntBi": 0, "Dist_CntBi": 0, "pBeginBiol": 0, "pDevelopBi": 0, "pProfBiolo": 0, "pDistBiolo": 0, "DevPlus__7": 0, "ProfPlus_7": 0, "pDevPlusBi": 0, "pProfPlusB": 0, "NTestedCoo": 0, "Begin_CntC": 0, "Develop__8": 0, "Prof_CntCo": 0, "Dist_CntCo": 0, "pBeginCoor": 0, "pDevelopCo": 0, "pProfCoord": 0, "pDistCoord": 0, "DevPlus__8": 0, "ProfPlus_8": 0, "pDevPlusCo": 0, "pProfPlusC": 0, "NTestedEco": 0, "Begin_Cn_5": 0, "Develop__9": 0, "Prof_CntEc": 0, "Dist_CntEc": 0, "pBeginEcon": 0, "pDevelopEc": 0, "pProfEcon": 0, "pDistEcon": 0, "DevPlus__9": 0, "ProfPlus_9": 0, "pDevPlusEc": 0, "pProfPlu_7": 0, "NTestedGeo": 0, "Begin_CntG": 0, "Develop_10": 0, "Prof_CntGe": 0, "Dist_CntGe": 0, "pBeginGeom": 0, "pDevelopGe": 0, "pProfGeome": 0, "pDistGeome": 0, "DevPlus_10": 0, "ProfPlus10": 0, "pDevPlusGe": 0, "pProfPlusG": 0, "NTestedLit": 0, "Begin_CntL": 0, "Develop_11": 0, "Prof_CntLi": 0, "Dist_CntLi": 0, "pBeginLit9": 0, "pDevelopLi": 0, "pProfLit9": 0, "pDistLit9": 0, "DevPlus_11": 0, "ProfPlus11": 0, "pDevPlusLi": 0, "pProfPlusL": 0, "NTestedPhy": 0, "Begin_CntP": 0, "Develop_12": 0, "Prof_CntPh": 0, "Dist_CntPh": 0, "pBeginPhys": 0, "pDevelopPh": 0, "pProfPhysS": 0, "pDistPhysS": 0, "DevPlus_12": 0, "ProfPlus12": 0, "pDevPlusPh": 0, "pProfPlusP": 0, "NTestedUSH": 0, "Begin_CntU": 0, "Develop_13": 0, "Prof_CntUS": 0, "Dist_CntUS": 0, "pBeginUSHi": 0, "pDevelopUS": 0, "pProfUSHis": 0, "pDistUSHis": 0, "DevPlus_13": 0, "ProfPlus13": 0, "pDevPlusUS": 0, "pProfPlusU": 0, "NDropout71": 45, "pNDropout7": 4, "Graduation": 0, "NUMBER_OF_": 0, "pHopeEligi": 0, "chENROLLME": 125, "pchENROLLM": 8.39, "chCCRPI": 11, "chpProfPlu": 0, "chpProfP_1": 0, "chpProfP_2": 0, "chpProfP_3": 0, "chpELA8": 7, "chpProfP_4": 10, "chpProfP_5": 3, "chpProfP_6": 0, "chpProfP_7": 0, "chpProfP_8": 0, "chpProfP_9": 0, "chpProfP10": 0, "chpProfP11": 0, "chpProfP12": 0, "chpProfP13": 0, "chpProfP14": 0, "GlobalID": "{A0703C90-B38C-4948-85EF-3C056FE62BE1}", "created_us": "opendata@arc", "created_da": "2020-03-25T00:00:00Z", "last_edite": "opendata@arc", "last_edi_1": "2020-03-25T00:00:00Z" }, "geometry": { "type": "Point", "coordinates": [ -84.406291213180367, 33.832562452288528 ] } },
{ "type": "Feature", "properties": { "OBJECTID": 2115, "SysSchool": 7613559, "GradeRange": "PK-05", "SchoolAddr": "3935 Rux Rd SW", "SchoolCity": "Atlanta", "STATE": "GA", "SchoolZipC": "30331-5056", "MailAddres": "3935 Rux Rd SW", "MailCity": "Atlanta", "MailZipCod": "30331-5056", "PrincipalN": "Grant, Benita", "PrincipalE": "benita.grant@atlanta.k12.ga.us", "SchoolPhon": "404.802.7850", "SchoolFax": "404.346.2358", "longitude": -84.517216, "latitude": 33.697058, "Year": 2019, "SchoolYear": "2018-19", "SystemID": 761, "SystemName": "Atlanta Public Schools", "SchoolID": 3559, "SchoolName": "Fickett Elementary School", "Type": "Elementary School", "ENROLLMENT": 512, "ENROLL_PER": 0, "ENROLL_P_1": 0, "ENROLL_P_2": 97, "ENROLL_P_3": 2, "ENROLL_P_4": 1, "ENROLL_P_5": 0, "ENROLL_P_6": 0, "ENROLL_P_7": 100, "ENROLL_P_8": 12, "ENROLL_P_9": 3, "ENROLL_PCT": 2, "ENROLL_P10": 2, "direct_cer": 73, "pAbsent0_5": 47, "pAbsent6_1": 37, "pAbsent16P": 16, "Churn": 29, "TeacherCou": 41, "AvgExp": 12, "pYrsLt1": 5, "pYears1_10": 46, "pYears11_2": 34, "pYears21_3": 15, "pYearsGt30": 0, "Debt": 0, "GenAdmin": 0, "Instructio": 7826, "Support": 716, "Ops": 566, "Media": 66, "PServices": 563, "Capital": 0, "SchoolAdmi": 915, "Food": 0, "Transport": 20, "TotalSpend": 10671, "CCRPI": 71, "ClimateSta": 3, "NTestedELA": 76, "Begin_CntE": 29, "Develop_Cn": 23, "Prof_CntEL": 20, "Dist_CntEL": 4, "pBeginELA3": 38, "pDevelopEL": 30, "pProfELA3": 26, "pDistELA3": 5, "DevPlus_Cn": 47, "ProfPlus_C": 24, "pDevPlusEL": 62, "pProfPlusE": 32, "NTestedE_1": 93, "Begin_Cn_1": 41, "Develop__1": 32, "Prof_Cnt_1": 19, "Dist_Cnt_1": 1, "pBeginELA5": 44, "pDevelop_1": 34, "pProfELA5": 20, "pDistELA5": 1, "DevPlus__1": 52, "ProfPlus_1": 20, "pDevPlus_1": 56, "pProfPlu_1": 22, "NTestedMat": 76, "Begin_CntM": 11, "Develop__2": 26, "Prof_CntMa": 34, "Dist_CntMa": 5, "pBeginMath": 15, "pDevelopMa": 34, "pProfMath3": 45, "pDistMath3": 7, "DevPlus__2": 65, "ProfPlus_2": 39, "pDevPlusMa": 86, "pProfPlusM": 51, "NTestedM_1": 94, "Begin_Cn_2": 43, "Develop__3": 25, "Prof_Cnt_2": 20, "Dist_Cnt_2": 6, "pBeginMa_1": 46, "pDevelop_2": 27, "pProfMath5": 21, "pDistMath5": 6, "DevPlus__3": 51, "ProfPlus_3": 26, "pDevPlus_2": 54, "pProfPlu_2": 28, "NTestedE_2": 0, "BeginELA8_": 0, "DevelopELA": 0, "ProfELA8_C": 0, "DistELA8_C": 0, "NTestedM_2": 0, "BeginMath8": 0, "DevelopMat": 0, "ProfMath8_": 0, "DistMath8_": 0, "pBeginELA8": 0, "pDevelop_3": 0, "pProfELA8": 0, "pDistELA8": 0, "pBeginMa_2": 0, "pDevelop_4": 0, "pProfMath8": 0, "pDistMath8": 0, "DevPlusELA": 0, "ProfPlusEL": 0, "pDevPlus_3": 0, "pProfPlu_3": 0, "DevPlusMat": 0, "ProfPlusMa": 0, "pDevPlus_4": 0, "pProfPlu_4": 0, "NTestedAlg": 0, "Begin_CntA": 0, "Develop__4": 0, "Prof_CntAl": 0, "Dist_CntAl": 0, "pBeginAlge": 0, "pDevelopAl": 0, "pProfAlgeb": 0, "pDistAlgeb": 0, "DevPlus__4": 0, "ProfPlus_4": 0, "pDevPlusAl": 0, "pProfPlusA": 0, "NTestedAmL": 0, "Begin_Cn_3": 0, "Develop__5": 0, "Prof_CntAm": 0, "Dist_CntAm": 0, "pBeginAmLi": 0, "pDevelopAm": 0, "pProfAmLit": 0, "pDistAmLit": 0, "DevPlus__5": 0, "ProfPlus_5": 0, "pDevPlusAm": 0, "pProfPlu_5": 0, "NTestedAna": 0, "Begin_Cn_4": 0, "Develop__6": 0, "Prof_CntAn": 0, "Dist_CntAn": 0, "pBeginAnal": 0, "pDevelopAn": 0, "pProfAnalG": 0, "pDistAnalG": 0, "DevPlus__6": 0, "ProfPlus_6": 0, "pDevPlusAn": 0, "pProfPlu_6": 0, "NTestedBio": 0, "Begin_CntB": 0, "Develop__7": 0, "Prof_CntBi": 0, "Dist_CntBi": 0, "pBeginBiol": 0, "pDevelopBi": 0, "pProfBiolo": 0, "pDistBiolo": 0, "DevPlus__7": 0, "ProfPlus_7": 0, "pDevPlusBi": 0, "pProfPlusB": 0, "NTestedCoo": 0, "Begin_CntC": 0, "Develop__8": 0, "Prof_CntCo": 0, "Dist_CntCo": 0, "pBeginCoor": 0, "pDevelopCo": 0, "pProfCoord": 0, "pDistCoord": 0, "DevPlus__8": 0, "ProfPlus_8": 0, "pDevPlusCo": 0, "pProfPlusC": 0, "NTestedEco": 0, "Begin_Cn_5": 0, "Develop__9": 0, "Prof_CntEc": 0, "Dist_CntEc": 0, "pBeginEcon": 0, "pDevelopEc": 0, "pProfEcon": 0, "pDistEcon": 0, "DevPlus__9": 0, "ProfPlus_9": 0, "pDevPlusEc": 0, "pProfPlu_7": 0, "NTestedGeo": 0, "Begin_CntG": 0, "Develop_10": 0, "Prof_CntGe": 0, "Dist_CntGe": 0, "pBeginGeom": 0, "pDevelopGe": 0, "pProfGeome": 0, "pDistGeome": 0, "DevPlus_10": 0, "ProfPlus10": 0, "pDevPlusGe": 0, "pProfPlusG": 0, "NTestedLit": 0, "Begin_CntL": 0, "Develop_11": 0, "Prof_CntLi": 0, "Dist_CntLi": 0, "pBeginLit9": 0, "pDevelopLi": 0, "pProfLit9": 0, "pDistLit9": 0, "DevPlus_11": 0, "ProfPlus11": 0, "pDevPlusLi": 0, "pProfPlusL": 0, "NTestedPhy": 0, "Begin_CntP": 0, "Develop_12": 0, "Prof_CntPh": 0, "Dist_CntPh": 0, "pBeginPhys": 0, "pDevelopPh": 0, "pProfPhysS": 0, "pDistPhysS": 0, "DevPlus_12": 0, "ProfPlus12": 0, "pDevPlusPh": 0, "pProfPlusP": 0, "NTestedUSH": 0, "Begin_CntU": 0, "Develop_13": 0, "Prof_CntUS": 0, "Dist_CntUS": 0, "pBeginUSHi": 0, "pDevelopUS": 0, "pProfUSHis": 0, "pDistUSHis": 0, "DevPlus_13": 0, "ProfPlus13": 0, "pDevPlusUS": 0, "pProfPlusU": 0, "NDropout71": 0, "pNDropout7": 0, "Graduation": 0, "NUMBER_OF_": 0, "pHopeEligi": 0, "chENROLLME": -16, "pchENROLLM": -3.03, "chCCRPI": 7, "chpProfPlu": 14, "chpProfP_1": 31, "chpProfP_2": 3, "chpProfP_3": 12, "chpELA8": 0, "chpProfP_4": 0, "chpProfP_5": 0, "chpProfP_6": 0, "chpProfP_7": 0, "chpProfP_8": 0, "chpProfP_9": 0, "chpProfP10": 0, "chpProfP11": 0, "chpProfP12": 0, "chpProfP13": 0, "chpProfP14": 0, "GlobalID": "{28F5B296-7648-486C-A35D-7914EA5B25C9}", "created_us": "opendata@arc", "created_da": "2020-03-25T00:00:00Z", "last_edite": "opendata@arc", "last_edi_1": "2020-03-25T00:00:00Z" }, "geometry": { "type": "Point", "coordinates": [ -84.517220236588599, 33.697064417694754 ] } },
{ "type": "Feature", "properties": { "OBJECTID": 2116, "SysSchool": 7613566, "GradeRange": "PK-05", "SchoolAddr": "1752 Hollywood Rd NW", "SchoolCity": "Atlanta", "STATE": "GA", "SchoolZipC": "30318-3410", "MailAddres": "1752 Hollywood Rd NW", "MailCity": "Atlanta", "MailZipCod": "30318-3410", "PrincipalN": "Longley, Langston", "PrincipalE": "llongley@atlanta.k12.ga.us", "SchoolPhon": "404.802.7000", "SchoolFax": "404.792.5779", "longitude": -84.471136, "latitude": 33.803599, "Year": 2019, "SchoolYear": "2018-19", "SystemID": 761, "SystemName": "Atlanta Public Schools", "SchoolID": 3566, "SchoolName": "Scott Elementary School", "Type": "Elementary School", "ENROLLMENT": 363, "ENROLL_PER": 0, "ENROLL_P_1": 0, "ENROLL_P_2": 94, "ENROLL_P_3": 5, "ENROLL_P_4": 0, "ENROLL_P_5": 1, "ENROLL_P_6": 0, "ENROLL_P_7": 100, "ENROLL_P_8": 13, "ENROLL_P_9": 4, "ENROLL_PCT": 4, "ENROLL_P10": 1, "direct_cer": 80, "pAbsent0_5": 35, "pAbsent6_1": 43, "pAbsent16P": 22, "Churn": 32, "TeacherCou": 31, "AvgExp": 10, "pYrsLt1": 13, "pYears1_10": 39, "pYears11_2": 32, "pYears21_3": 16, "pYearsGt30": 0, "Debt": 0, "GenAdmin": 0, "Instructio": 8121, "Support": 1935, "Ops": 600, "Media": 286, "PServices": 780, "Capital": 0, "SchoolAdmi": 1036, "Food": 0, "Transport": 30, "TotalSpend": 12789, "CCRPI": 52, "ClimateSta": 3, "NTestedELA": 56, "Begin_CntE": 35, "Develop_Cn": 12, "Prof_CntEL": 9, "Dist_CntEL": 0, "pBeginELA3": 63, "pDevelopEL": 21, "pProfELA3": 16, "pDistELA3": 0, "DevPlus_Cn": 21, "ProfPlus_C": 9, "pDevPlusEL": 38, "pProfPlusE": 16, "NTestedE_1": 54, "Begin_Cn_1": 31, "Develop__1": 18, "Prof_Cnt_1": 4, "Dist_Cnt_1": 1, "pBeginELA5": 57, "pDevelop_1": 33, "pProfELA5": 7, "pDistELA5": 2, "DevPlus__1": 23, "ProfPlus_1": 5, "pDevPlus_1": 43, "pProfPlu_1": 9, "NTestedMat": 56, "Begin_CntM": 19, "Develop__2": 19, "Prof_CntMa": 18, "Dist_CntMa": 0, "pBeginMath": 34, "pDevelopMa": 34, "pProfMath3": 32, "pDistMath3": 0, "DevPlus__2": 37, "ProfPlus_2": 18, "pDevPlusMa": 66, "pProfPlusM": 32, "NTestedM_1": 54, "Begin_Cn_2": 34, "Develop__3": 12, "Prof_Cnt_2": 8, "Dist_Cnt_2": 0, "pBeginMa_1": 63, "pDevelop_2": 22, "pProfMath5": 15, "pDistMath5": 0, "DevPlus__3": 20, "ProfPlus_3": 8, "pDevPlus_2": 37, "pProfPlu_2": 15, "NTestedE_2": 0, "BeginELA8_": 0, "DevelopELA": 0, "ProfELA8_C": 0, "DistELA8_C": 0, "NTestedM_2": 0, "BeginMath8": 0, "DevelopMat": 0, "ProfMath8_": 0, "DistMath8_": 0, "pBeginELA8": 0, "pDevelop_3": 0, "pProfELA8": 0, "pDistELA8": 0, "pBeginMa_2": 0, "pDevelop_4": 0, "pProfMath8": 0, "pDistMath8": 0, "DevPlusELA": 0, "ProfPlusEL": 0, "pDevPlus_3": 0, "pProfPlu_3": 0, "DevPlusMat": 0, "ProfPlusMa": 0, "pDevPlus_4": 0, "pProfPlu_4": 0, "NTestedAlg": 0, "Begin_CntA": 0, "Develop__4": 0, "Prof_CntAl": 0, "Dist_CntAl": 0, "pBeginAlge": 0, "pDevelopAl": 0, "pProfAlgeb": 0, "pDistAlgeb": 0, "DevPlus__4": 0, "ProfPlus_4": 0, "pDevPlusAl": 0, "pProfPlusA": 0, "NTestedAmL": 0, "Begin_Cn_3": 0, "Develop__5": 0, "Prof_CntAm": 0, "Dist_CntAm": 0, "pBeginAmLi": 0, "pDevelopAm": 0, "pProfAmLit": 0, "pDistAmLit": 0, "DevPlus__5": 0, "ProfPlus_5": 0, "pDevPlusAm": 0, "pProfPlu_5": 0, "NTestedAna": 0, "Begin_Cn_4": 0, "Develop__6": 0, "Prof_CntAn": 0, "Dist_CntAn": 0, "pBeginAnal": 0, "pDevelopAn": 0, "pProfAnalG": 0, "pDistAnalG": 0, "DevPlus__6": 0, "ProfPlus_6": 0, "pDevPlusAn": 0, "pProfPlu_6": 0, "NTestedBio": 0, "Begin_CntB": 0, "Develop__7": 0, "Prof_CntBi": 0, "Dist_CntBi": 0, "pBeginBiol": 0, "pDevelopBi": 0, "pProfBiolo": 0, "pDistBiolo": 0, "DevPlus__7": 0, "ProfPlus_7": 0, "pDevPlusBi": 0, "pProfPlusB": 0, "NTestedCoo": 0, "Begin_CntC": 0, "Develop__8": 0, "Prof_CntCo": 0, "Dist_CntCo": 0, "pBeginCoor": 0, "pDevelopCo": 0, "pProfCoord": 0, "pDistCoord": 0, "DevPlus__8": 0, "ProfPlus_8": 0, "pDevPlusCo": 0, "pProfPlusC": 0, "NTestedEco": 0, "Begin_Cn_5": 0, "Develop__9": 0, "Prof_CntEc": 0, "Dist_CntEc": 0, "pBeginEcon": 0, "pDevelopEc": 0, "pProfEcon": 0, "pDistEcon": 0, "DevPlus__9": 0, "ProfPlus_9": 0, "pDevPlusEc": 0, "pProfPlu_7": 0, "NTestedGeo": 0, "Begin_CntG": 0, "Develop_10": 0, "Prof_CntGe": 0, "Dist_CntGe": 0, "pBeginGeom": 0, "pDevelopGe": 0, "pProfGeome": 0, "pDistGeome": 0, "DevPlus_10": 0, "ProfPlus10": 0, "pDevPlusGe": 0, "pProfPlusG": 0, "NTestedLit": 0, "Begin_CntL": 0, "Develop_11": 0, "Prof_CntLi": 0, "Dist_CntLi": 0, "pBeginLit9": 0, "pDevelopLi": 0, "pProfLit9": 0, "pDistLit9": 0, "DevPlus_11": 0, "ProfPlus11": 0, "pDevPlusLi": 0, "pProfPlusL": 0, "NTestedPhy": 0, "Begin_CntP": 0, "Develop_12": 0, "Prof_CntPh": 0, "Dist_CntPh": 0, "pBeginPhys": 0, "pDevelopPh": 0, "pProfPhysS": 0, "pDistPhysS": 0, "DevPlus_12": 0, "ProfPlus12": 0, "pDevPlusPh": 0, "pProfPlusP": 0, "NTestedUSH": 0, "Begin_CntU": 0, "Develop_13": 0, "Prof_CntUS": 0, "Dist_CntUS": 0, "pBeginUSHi": 0, "pDevelopUS": 0, "pProfUSHis": 0, "pDistUSHis": 0, "DevPlus_13": 0, "ProfPlus13": 0, "pDevPlusUS": 0, "pProfPlusU": 0, "NDropout71": 0, "pNDropout7": 0, "Graduation": 0, "NUMBER_OF_": 0, "pHopeEligi": 0, "chENROLLME": 33, "pchENROLLM": 10.0, "chCCRPI": 5, "chpProfPlu": -4, "chpProfP_1": 5, "chpProfP_2": 4, "chpProfP_3": 15, "chpELA8": 0, "chpProfP_4": 0, "chpProfP_5": 0, "chpProfP_6": 0, "chpProfP_7": 0, "chpProfP_8": 0, "chpProfP_9": 0, "chpProfP10": 0, "chpProfP11": 0, "chpProfP12": 0, "chpProfP13": 0, "chpProfP14": 0, "GlobalID": "{1B0495D5-4511-4CDE-9505-3594CF133BF6}", "created_us": "opendata@arc", "created_da": "2020-03-25T00:00:00Z", "last_edite": "opendata@arc", "last_edi_1": "2020-03-25T00:00:00Z" }, "geometry": { "type": "Point", "coordinates": [ -84.471140229723261, 33.803605443038279 ] } },
{ "type": "Feature", "properties": { "OBJECTID": 2117, "SysSchool": 7614056, "GradeRange": "PK-05", "SchoolAddr": "2672 Old Hapeville Rd SW", "SchoolCity": "Atlanta", "STATE": "GA", "SchoolZipC": "30315-8210", "MailAddres": "2672 Old Hapeville Rd SW", "MailCity": "Atlanta", "MailZipCod": "30315-8210", "PrincipalN": "Moreland, Anyee'", "PrincipalE": "anyee.payne@atlanta.k12.ga.us", "SchoolPhon": "404.802.8400", "SchoolFax": "404.669.2725", "longitude": -84.392404, "latitude": 33.682719, "Year": 2019, "SchoolYear": "2018-19", "SystemID": 761, "SystemName": "Atlanta Public Schools", "SchoolID": 4056, "SchoolName": "Cleveland Elementary School", "Type": "Elementary School", "ENROLLMENT": 337, "ENROLL_PER": 0, "ENROLL_P_1": 0, "ENROLL_P_2": 93, "ENROLL_P_3": 5, "ENROLL_P_4": 1, "ENROLL_P_5": 0, "ENROLL_P_6": 0, "ENROLL_P_7": 100, "ENROLL_P_8": 13, "ENROLL_P_9": 6, "ENROLL_PCT": 5, "ENROLL_P10": 3, "direct_cer": 76, "pAbsent0_5": 46, "pAbsent6_1": 39, "pAbsent16P": 15, "Churn": 33, "TeacherCou": 30, "AvgExp": 13, "pYrsLt1": 0, "pYears1_10": 47, "pYears11_2": 27, "pYears21_3": 27, "pYearsGt30": 0, "Debt": 0, "GenAdmin": 0, "Instructio": 9683, "Support": 957, "Ops": 589, "Media": 157, "PServices": 313, "Capital": 0, "SchoolAdmi": 1422, "Food": 0, "Transport": 47, "TotalSpend": 13168, "CCRPI": 62, "ClimateSta": 3, "NTestedELA": 52, "Begin_CntE": 26, "Develop_Cn": 17, "Prof_CntEL": 9, "Dist_CntEL": 0, "pBeginELA3": 50, "pDevelopEL": 33, "pProfELA3": 17, "pDistELA3": 0, "DevPlus_Cn": 26, "ProfPlus_C": 9, "pDevPlusEL": 50, "pProfPlusE": 17, "NTestedE_1": 50, "Begin_Cn_1": 15, "Develop__1": 23, "Prof_Cnt_1": 11, "Dist_Cnt_1": 1, "pBeginELA5": 30, "pDevelop_1": 46, "pProfELA5": 22, "pDistELA5": 2, "DevPlus__1": 35, "ProfPlus_1": 12, "pDevPlus_1": 70, "pProfPlu_1": 24, "NTestedMat": 52, "Begin_CntM": 14, "Develop__2": 24, "Prof_CntMa": 13, "Dist_CntMa": 1, "pBeginMath": 27, "pDevelopMa": 46, "pProfMath3": 25, "pDistMath3": 2, "DevPlus__2": 38, "ProfPlus_2": 14, "pDevPlusMa": 73, "pProfPlusM": 27, "NTestedM_1": 50, "Begin_Cn_2": 11, "Develop__3": 27, "Prof_Cnt_2": 10, "Dist_Cnt_2": 2, "pBeginMa_1": 22, "pDevelop_2": 54, "pProfMath5": 20, "pDistMath5": 4, "DevPlus__3": 39, "ProfPlus_3": 12, "pDevPlus_2": 78, "pProfPlu_2": 24, "NTestedE_2": 0, "BeginELA8_": 0, "DevelopELA": 0, "ProfELA8_C": 0, "DistELA8_C": 0, "NTestedM_2": 0, "BeginMath8": 0, "DevelopMat": 0, "ProfMath8_": 0, "DistMath8_": 0, "pBeginELA8": 0, "pDevelop_3": 0, "pProfELA8": 0, "pDistELA8": 0, "pBeginMa_2": 0, "pDevelop_4": 0, "pProfMath8": 0, "pDistMath8": 0, "DevPlusELA": 0, "ProfPlusEL": 0, "pDevPlus_3": 0, "pProfPlu_3": 0, "DevPlusMat": 0, "ProfPlusMa": 0, "pDevPlus_4": 0, "pProfPlu_4": 0, "NTestedAlg": 0, "Begin_CntA": 0, "Develop__4": 0, "Prof_CntAl": 0, "Dist_CntAl": 0, "pBeginAlge": 0, "pDevelopAl": 0, "pProfAlgeb": 0, "pDistAlgeb": 0, "DevPlus__4": 0, "ProfPlus_4": 0, "pDevPlusAl": 0, "pProfPlusA": 0, "NTestedAmL": 0, "Begin_Cn_3": 0, "Develop__5": 0, "Prof_CntAm": 0, "Dist_CntAm": 0, "pBeginAmLi": 0, "pDevelopAm": 0, "pProfAmLit": 0, "pDistAmLit": 0, "DevPlus__5": 0, "ProfPlus_5": 0, "pDevPlusAm": 0, "pProfPlu_5": 0, "NTestedAna": 0, "Begin_Cn_4": 0, "Develop__6": 0, "Prof_CntAn": 0, "Dist_CntAn": 0, "pBeginAnal": 0, "pDevelopAn": 0, "pProfAnalG": 0, "pDistAnalG": 0, "DevPlus__6": 0, "ProfPlus_6": 0, "pDevPlusAn": 0, "pProfPlu_6": 0, "NTestedBio": 0, "Begin_CntB": 0, "Develop__7": 0, "Prof_CntBi": 0, "Dist_CntBi": 0, "pBeginBiol": 0, "pDevelopBi": 0, "pProfBiolo": 0, "pDistBiolo": 0, "DevPlus__7": 0, "ProfPlus_7": 0, "pDevPlusBi": 0, "pProfPlusB": 0, "NTestedCoo": 0, "Begin_CntC": 0, "Develop__8": 0, "Prof_CntCo": 0, "Dist_CntCo": 0, "pBeginCoor": 0, "pDevelopCo": 0, "pProfCoord": 0, "pDistCoord": 0, "DevPlus__8": 0, "ProfPlus_8": 0, "pDevPlusCo": 0, "pProfPlusC": 0, "NTestedEco": 0, "Begin_Cn_5": 0, "Develop__9": 0, "Prof_CntEc": 0, "Dist_CntEc": 0, "pBeginEcon": 0, "pDevelopEc": 0, "pProfEcon": 0, "pDistEcon": 0, "DevPlus__9": 0, "ProfPlus_9": 0, "pDevPlusEc": 0, "pProfPlu_7": 0, "NTestedGeo": 0, "Begin_CntG": 0, "Develop_10": 0, "Prof_CntGe": 0, "Dist_CntGe": 0, "pBeginGeom": 0, "pDevelopGe": 0, "pProfGeome": 0, "pDistGeome": 0, "DevPlus_10": 0, "ProfPlus10": 0, "pDevPlusGe": 0, "pProfPlusG": 0, "NTestedLit": 0, "Begin_CntL": 0, "Develop_11": 0, "Prof_CntLi": 0, "Dist_CntLi": 0, "pBeginLit9": 0, "pDevelopLi": 0, "pProfLit9": 0, "pDistLit9": 0, "DevPlus_11": 0, "ProfPlus11": 0, "pDevPlusLi": 0, "pProfPlusL": 0, "NTestedPhy": 0, "Begin_CntP": 0, "Develop_12": 0, "Prof_CntPh": 0, "Dist_CntPh": 0, "pBeginPhys": 0, "pDevelopPh": 0, "pProfPhysS": 0, "pDistPhysS": 0, "DevPlus_12": 0, "ProfPlus12": 0, "pDevPlusPh": 0, "pProfPlusP": 0, "NTestedUSH": 0, "Begin_CntU": 0, "Develop_13": 0, "Prof_CntUS": 0, "Dist_CntUS": 0, "pBeginUSHi": 0, "pDevelopUS": 0, "pProfUSHis": 0, "pDistUSHis": 0, "DevPlus_13": 0, "ProfPlus13": 0, "pDevPlusUS": 0, "pProfPlusU": 0, "NDropout71": 0, "pNDropout7": 0, "Graduation": 0, "NUMBER_OF_": 0, "pHopeEligi": 0, "chENROLLME": 16, "pchENROLLM": 4.98, "chCCRPI": -19, "chpProfPlu": -2, "chpProfP_1": -3, "chpProfP_2": 6, "chpProfP_3": -12, "chpELA8": 0, "chpProfP_4": 0, "chpProfP_5": 0, "chpProfP_6": 0, "chpProfP_7": 0, "chpProfP_8": 0, "chpProfP_9": 0, "chpProfP10": 0, "chpProfP11": 0, "chpProfP12": 0, "chpProfP13": 0, "chpProfP14": 0, "GlobalID": "{4784D2F8-2A97-4054-BD62-8A01745948C6}", "created_us": "opendata@arc", "created_da": "2020-03-25T00:00:00Z", "last_edite": "opendata@arc", "last_edi_1": "2020-03-25T00:00:00Z" }, "geometry": { "type": "Point", "coordinates": [ -84.392408201418576, 33.682725420222965 ] } },
{ "type": "Feature", "properties": { "OBJECTID": 2118, "SysSchool": 7614058, "GradeRange": "09-12", "SchoolAddr": "225 Hamilton E Holmes Dr NW", "SchoolCity": "Atlanta", "STATE": "GA", "SchoolZipC": "30318-7421", "MailAddres": "225 Hamilton E. Holmes Drive, SW", "MailCity": "Atlanta", "MailZipCod": "30318", "PrincipalN": "Duncan, Ellis", "PrincipalE": "Ellis.Duncan@atlanta.k12.ga.us", "SchoolPhon": "404.802.3100", "SchoolFax": "404.792.5736", "longitude": -84.468082, "latitude": 33.761131, "Year": 2019, "SchoolYear": "2018-19", "SystemID": 761, "SystemName": "Atlanta Public Schools", "SchoolID": 4058, "SchoolName": "Douglass High School", "Type": "High School", "ENROLLMENT": 968, "ENROLL_PER": 0, "ENROLL_P_1": 0, "ENROLL_P_2": 96, "ENROLL_P_3": 3, "ENROLL_P_4": 1, "ENROLL_P_5": 0, "ENROLL_P_6": 0, "ENROLL_P_7": 100, "ENROLL_P_8": 17, "ENROLL_P_9": 2, "ENROLL_PCT": 2, "ENROLL_P10": 4, "direct_cer": 70, "pAbsent0_5": 21, "pAbsent6_1": 30, "pAbsent16P": 49, "Churn": 35, "TeacherCou": 63, "AvgExp": 13, "pYrsLt1": 0, "pYears1_10": 43, "pYears11_2": 40, "pYears21_3": 18, "pYearsGt30": 0, "Debt": 0, "GenAdmin": 0, "Instructio": 7369, "Support": 420, "Ops": 895, "Media": 126, "PServices": 557, "Capital": 0, "SchoolAdmi": 1146, "Food": 0, "Transport": 55, "TotalSpend": 10568, "CCRPI": 51, "ClimateSta": 1, "NTestedELA": 0, "Begin_CntE": 0, "Develop_Cn": 0, "Prof_CntEL": 0, "Dist_CntEL": 0, "pBeginELA3": 0, "pDevelopEL": 0, "pProfELA3": 0, "pDistELA3": 0, "DevPlus_Cn": 0, "ProfPlus_C": 0, "pDevPlusEL": 0, "pProfPlusE": 0, "NTestedE_1": 0, "Begin_Cn_1": 0, "Develop__1": 0, "Prof_Cnt_1": 0, "Dist_Cnt_1": 0, "pBeginELA5": 0, "pDevelop_1": 0, "pProfELA5": 0, "pDistELA5": 0, "DevPlus__1": 0, "ProfPlus_1": 0, "pDevPlus_1": 0, "pProfPlu_1": 0, "NTestedMat": 0, "Begin_CntM": 0, "Develop__2": 0, "Prof_CntMa": 0, "Dist_CntMa": 0, "pBeginMath": 0, "pDevelopMa": 0, "pProfMath3": 0, "pDistMath3": 0, "DevPlus__2": 0, "ProfPlus_2": 0, "pDevPlusMa": 0, "pProfPlusM": 0, "NTestedM_1": 0, "Begin_Cn_2": 0, "Develop__3": 0, "Prof_Cnt_2": 0, "Dist_Cnt_2": 0, "pBeginMa_1": 0, "pDevelop_2": 0, "pProfMath5": 0, "pDistMath5": 0, "DevPlus__3": 0, "ProfPlus_3": 0, "pDevPlus_2": 0, "pProfPlu_2": 0, "NTestedE_2": 0, "BeginELA8_": 0, "DevelopELA": 0, "ProfELA8_C": 0, "DistELA8_C": 0, "NTestedM_2": 0, "BeginMath8": 0, "DevelopMat": 0, "ProfMath8_": 0, "DistMath8_": 0, "pBeginELA8": 0, "pDevelop_3": 0, "pProfELA8": 0, "pDistELA8": 0, "pBeginMa_2": 0, "pDevelop_4": 0, "pProfMath8": 0, "pDistMath8": 0, "DevPlusELA": 0, "ProfPlusEL": 0, "pDevPlus_3": 0, "pProfPlu_3": 0, "DevPlusMat": 0, "ProfPlusMa": 0, "pDevPlus_4": 0, "pProfPlu_4": 0, "NTestedAlg": 295, "Begin_CntA": 217, "Develop__4": 69, "Prof_CntAl": 9, "Dist_CntAl": 0, "pBeginAlge": 74, "pDevelopAl": 23, "pProfAlgeb": 3, "pDistAlgeb": 0, "DevPlus__4": 78, "ProfPlus_4": 9, "pDevPlusAl": 27, "pProfPlusA": 3, "NTestedAmL": 239, "Begin_Cn_3": 115, "Develop__5": 87, "Prof_CntAm": 36, "Dist_CntAm": 1, "pBeginAmLi": 48, "pDevelopAm": 36, "pProfAmLit": 15, "pDistAmLit": 0, "DevPlus__5": 124, "ProfPlus_5": 37, "pDevPlusAm": 52, "pProfPlu_5": 16, "NTestedAna": 1, "Begin_Cn_4": 0, "Develop__6": 0, "Prof_CntAn": 0, "Dist_CntAn": 0, "pBeginAnal": 0, "pDevelopAn": 0, "pProfAnalG": 0, "pDistAnalG": 0, "DevPlus__6": 0, "ProfPlus_6": 0, "pDevPlusAn": 0, "pProfPlu_6": 0, "NTestedBio": 270, "Begin_CntB": 205, "Develop__7": 40, "Prof_CntBi": 24, "Dist_CntBi": 1, "pBeginBiol": 76, "pDevelopBi": 15, "pProfBiolo": 9, "pDistBiolo": 0, "DevPlus__7": 65, "ProfPlus_7": 25, "pDevPlusBi": 24, "pProfPlusB": 9, "NTestedCoo": 0, "Begin_CntC": 0, "Develop__8": 0, "Prof_CntCo": 0, "Dist_CntCo": 0, "pBeginCoor": 0, "pDevelopCo": 0, "pProfCoord": 0, "pDistCoord": 0, "DevPlus__8": 0, "ProfPlus_8": 0, "pDevPlusCo": 0, "pProfPlusC": 0, "NTestedEco": 192, "Begin_Cn_5": 116, "Develop__9": 56, "Prof_CntEc": 20, "Dist_CntEc": 0, "pBeginEcon": 60, "pDevelopEc": 29, "pProfEcon": 10, "pDistEcon": 0, "DevPlus__9": 76, "ProfPlus_9": 20, "pDevPlusEc": 40, "pProfPlu_7": 10, "NTestedGeo": 285, "Begin_CntG": 218, "Develop_10": 57, "Prof_CntGe": 9, "Dist_CntGe": 1, "pBeginGeom": 77, "pDevelopGe": 20, "pProfGeome": 3, "pDistGeome": 0, "DevPlus_10": 67, "ProfPlus10": 10, "pDevPlusGe": 24, "pProfPlusG": 4, "NTestedLit": 317, "Begin_CntL": 155, "Develop_11": 121, "Prof_CntLi": 37, "Dist_CntLi": 4, "pBeginLit9": 49, "pDevelopLi": 38, "pProfLit9": 12, "pDistLit9": 1, "DevPlus_11": 162, "ProfPlus11": 41, "pDevPlusLi": 51, "pProfPlusL": 13, "NTestedPhy": 63, "Begin_CntP": 45, "Develop_12": 16, "Prof_CntPh": 2, "Dist_CntPh": 0, "pBeginPhys": 71, "pDevelopPh": 25, "pProfPhysS": 3, "pDistPhysS": 0, "DevPlus_12": 18, "ProfPlus12": 2, "pDevPlusPh": 29, "pProfPlusP": 3, "NTestedUSH": 227, "Begin_CntU": 95, "Develop_13": 94, "Prof_CntUS": 35, "Dist_CntUS": 3, "pBeginUSHi": 42, "pDevelopUS": 41, "pProfUSHis": 15, "pDistUSHis": 1, "DevPlus_13": 132, "ProfPlus13": 38, "pDevPlusUS": 58, "pProfPlusU": 17, "NDropout71": 59, "pNDropout7": 5, "Graduation": 64, "NUMBER_OF_": 158, "pHopeEligi": 16, "chENROLLME": 93, "pchENROLLM": 10.62, "chCCRPI": 4, "chpProfPlu": 0, "chpProfP_1": 0, "chpProfP_2": 0, "chpProfP_3": 0, "chpELA8": 0, "chpProfP_4": 0, "chpProfP_5": 1, "chpProfP_6": 7, "chpProfP_7": 0, "chpProfP_8": 0, "chpProfP_9": 0, "chpProfP10": 4, "chpProfP11": -3, "chpProfP12": 7, "chpProfP13": 0, "chpProfP14": 6, "GlobalID": "{7731F954-8E49-4EE0-AFCE-67A1D563321D}", "created_us": "opendata@arc", "created_da": "2020-03-25T00:00:00Z", "last_edite": "opendata@arc", "last_edi_1": "2020-03-25T00:00:00Z" }, "geometry": { "type": "Point", "coordinates": [ -84.46808622725186, 33.761137434198083 ] } },
{ "type": "Feature", "properties": { "OBJECTID": 2119, "SysSchool": 7614063, "GradeRange": "PK-05", "SchoolAddr": "1040 Fair St SW", "SchoolCity": "Atlanta", "STATE": "GA", "SchoolZipC": "30314-3113", "MailAddres": "1040 Fair St SW", "MailCity": "Atlanta", "MailZipCod": "30314-3113", "PrincipalN": "Woolfolk, Margul Retha", "PrincipalE": "mwoolfolk@atlanta.k12.ga.us", "SchoolPhon": "404.802.3900", "SchoolFax": "404.755.6233", "longitude": -84.4218, "latitude": 33.748409, "Year": 2019, "SchoolYear": "2018-19", "SystemID": 761, "SystemName": "Atlanta Public Schools", "SchoolID": 4063, "SchoolName": "M. A. Jones Elementary School", "Type": "Elementary School", "ENROLLMENT": 473, "ENROLL_PER": 1, "ENROLL_P_1": 0, "ENROLL_P_2": 97, "ENROLL_P_3": 2, "ENROLL_P_4": 0, "ENROLL_P_5": 0, "ENROLL_P_6": 0, "ENROLL_P_7": 100, "ENROLL_P_8": 12, "ENROLL_P_9": 1, "ENROLL_PCT": 0, "ENROLL_P10": 1, "direct_cer": 78, "pAbsent0_5": 44, "pAbsent6_1": 38, "pAbsent16P": 18, "Churn": 31, "TeacherCou": 34, "AvgExp": 12, "pYrsLt1": 9, "pYears1_10": 29, "pYears11_2": 47, "pYears21_3": 15, "pYearsGt30": 0, "Debt": 0, "GenAdmin": 0, "Instructio": 8607, "Support": 851, "Ops": 578, "Media": 58, "PServices": 549, "Capital": 0, "SchoolAdmi": 920, "Food": 0, "Transport": 5, "TotalSpend": 11568, "CCRPI": 73, "ClimateSta": 3, "NTestedELA": 85, "Begin_CntE": 30, "Develop_Cn": 27, "Prof_CntEL": 24, "Dist_CntEL": 4, "pBeginELA3": 35, "pDevelopEL": 32, "pProfELA3": 28, "pDistELA3": 5, "DevPlus_Cn": 55, "ProfPlus_C": 28, "pDevPlusEL": 65, "pProfPlusE": 33, "NTestedE_1": 58, "Begin_Cn_1": 17, "Develop__1": 25, "Prof_Cnt_1": 15, "Dist_Cnt_1": 1, "pBeginELA5": 29, "pDevelop_1": 43, "pProfELA5": 26, "pDistELA5": 2, "DevPlus__1": 41, "ProfPlus_1": 16, "pDevPlus_1": 71, "pProfPlu_1": 28, "NTestedMat": 85, "Begin_CntM": 23, "Develop__2": 32, "Prof_CntMa": 23, "Dist_CntMa": 7, "pBeginMath": 27, "pDevelopMa": 38, "pProfMath3": 27, "pDistMath3": 8, "DevPlus__2": 62, "ProfPlus_2": 30, "pDevPlusMa": 73, "pProfPlusM": 35, "NTestedM_1": 58, "Begin_Cn_2": 23, "Develop__3": 29, "Prof_Cnt_2": 5, "Dist_Cnt_2": 1, "pBeginMa_1": 40, "pDevelop_2": 50, "pProfMath5": 9, "pDistMath5": 2, "DevPlus__3": 35, "ProfPlus_3": 6, "pDevPlus_2": 60, "pProfPlu_2": 10, "NTestedE_2": 0, "BeginELA8_": 0, "DevelopELA": 0, "ProfELA8_C": 0, "DistELA8_C": 0, "NTestedM_2": 0, "BeginMath8": 0, "DevelopMat": 0, "ProfMath8_": 0, "DistMath8_": 0, "pBeginELA8": 0, "pDevelop_3": 0, "pProfELA8": 0, "pDistELA8": 0, "pBeginMa_2": 0, "pDevelop_4": 0, "pProfMath8": 0, "pDistMath8": 0, "DevPlusELA": 0, "ProfPlusEL": 0, "pDevPlus_3": 0, "pProfPlu_3": 0, "DevPlusMat": 0, "ProfPlusMa": 0, "pDevPlus_4": 0, "pProfPlu_4": 0, "NTestedAlg": 0, "Begin_CntA": 0, "Develop__4": 0, "Prof_CntAl": 0, "Dist_CntAl": 0, "pBeginAlge": 0, "pDevelopAl": 0, "pProfAlgeb": 0, "pDistAlgeb": 0, "DevPlus__4": 0, "ProfPlus_4": 0, "pDevPlusAl": 0, "pProfPlusA": 0, "NTestedAmL": 0, "Begin_Cn_3": 0, "Develop__5": 0, "Prof_CntAm": 0, "Dist_CntAm": 0, "pBeginAmLi": 0, "pDevelopAm": 0, "pProfAmLit": 0, "pDistAmLit": 0, "DevPlus__5": 0, "ProfPlus_5": 0, "pDevPlusAm": 0, "pProfPlu_5": 0, "NTestedAna": 0, "Begin_Cn_4": 0, "Develop__6": 0, "Prof_CntAn": 0, "Dist_CntAn": 0, "pBeginAnal": 0, "pDevelopAn": 0, "pProfAnalG": 0, "pDistAnalG": 0, "DevPlus__6": 0, "ProfPlus_6": 0, "pDevPlusAn": 0, "pProfPlu_6": 0, "NTestedBio": 0, "Begin_CntB": 0, "Develop__7": 0, "Prof_CntBi": 0, "Dist_CntBi": 0, "pBeginBiol": 0, "pDevelopBi": 0, "pProfBiolo": 0, "pDistBiolo": 0, "DevPlus__7": 0, "ProfPlus_7": 0, "pDevPlusBi": 0, "pProfPlusB": 0, "NTestedCoo": 0, "Begin_CntC": 0, "Develop__8": 0, "Prof_CntCo": 0, "Dist_CntCo": 0, "pBeginCoor": 0, "pDevelopCo": 0, "pProfCoord": 0, "pDistCoord": 0, "DevPlus__8": 0, "ProfPlus_8": 0, "pDevPlusCo": 0, "pProfPlusC": 0, "NTestedEco": 0, "Begin_Cn_5": 0, "Develop__9": 0, "Prof_CntEc": 0, "Dist_CntEc": 0, "pBeginEcon": 0, "pDevelopEc": 0, "pProfEcon": 0, "pDistEcon": 0, "DevPlus__9": 0, "ProfPlus_9": 0, "pDevPlusEc": 0, "pProfPlu_7": 0, "NTestedGeo": 0, "Begin_CntG": 0, "Develop_10": 0, "Prof_CntGe": 0, "Dist_CntGe": 0, "pBeginGeom": 0, "pDevelopGe": 0, "pProfGeome": 0, "pDistGeome": 0, "DevPlus_10": 0, "ProfPlus10": 0, "pDevPlusGe": 0, "pProfPlusG": 0, "NTestedLit": 0, "Begin_CntL": 0, "Develop_11": 0, "Prof_CntLi": 0, "Dist_CntLi": 0, "pBeginLit9": 0, "pDevelopLi": 0, "pProfLit9": 0, "pDistLit9": 0, "DevPlus_11": 0, "ProfPlus11": 0, "pDevPlusLi": 0, "pProfPlusL": 0, "NTestedPhy": 0, "Begin_CntP": 0, "Develop_12": 0, "Prof_CntPh": 0, "Dist_CntPh": 0, "pBeginPhys": 0, "pDevelopPh": 0, "pProfPhysS": 0, "pDistPhysS": 0, "DevPlus_12": 0, "ProfPlus12": 0, "pDevPlusPh": 0, "pProfPlusP": 0, "NTestedUSH": 0, "Begin_CntU": 0, "Develop_13": 0, "Prof_CntUS": 0, "Dist_CntUS": 0, "pBeginUSHi": 0, "pDevelopUS": 0, "pProfUSHis": 0, "pDistUSHis": 0, "DevPlus_13": 0, "ProfPlus13": 0, "pDevPlusUS": 0, "pProfPlusU": 0, "NDropout71": 0, "pNDropout7": 0, "Graduation": 0, "NUMBER_OF_": 0, "pHopeEligi": 0, "chENROLLME": -83, "pchENROLLM": -14.92, "chCCRPI": 17, "chpProfPlu": 10, "chpProfP_1": 17, "chpProfP_2": 5, "chpProfP_3": -5, "chpELA8": 0, "chpProfP_4": 0, "chpProfP_5": 0, "chpProfP_6": 0, "chpProfP_7": 0, "chpProfP_8": 0, "chpProfP_9": 0, "chpProfP10": 0, "chpProfP11": 0, "chpProfP12": 0, "chpProfP13": 0, "chpProfP14": 0, "GlobalID": "{C14760EA-5ABA-488F-A4BE-149A0677C9C0}", "created_us": "opendata@arc", "created_da": "2020-03-25T00:00:00Z", "last_edite": "opendata@arc", "last_edi_1": "2020-03-25T00:00:00Z" }, "geometry": { "type": "Point", "coordinates": [ -84.421804212635294, 33.748415433025066 ] } },
{ "type": "Feature", "properties": { "OBJECTID": 2120, "SysSchool": 7614066, "GradeRange": "PK-05", "SchoolAddr": "1320 Pryor Rd SW", "SchoolCity": "Atlanta", "STATE": "GA", "SchoolZipC": "30315-2214", "MailAddres": "1320 Pryor Rd SW", "MailCity": "Atlanta", "MailZipCod": "30315-2214", "PrincipalN": "Kemp, Donya", "PrincipalE": "dkemp@purposebuiltschools.org", "SchoolPhon": "404.802.4050", "SchoolFax": "404.624.2045", "longitude": -84.391957, "latitude": 33.718472, "Year": 2019, "SchoolYear": "2018-19", "SystemID": 761, "SystemName": "Atlanta Public Schools", "SchoolID": 4066, "SchoolName": "Slater Elementary School", "Type": "Elementary School", "ENROLLMENT": 529, "ENROLL_PER": 0, "ENROLL_P_1": 0, "ENROLL_P_2": 97, "ENROLL_P_3": 2, "ENROLL_P_4": 1, "ENROLL_P_5": 0, "ENROLL_P_6": 0, "ENROLL_P_7": 100, "ENROLL_P_8": 10, "ENROLL_P_9": 2, "ENROLL_PCT": 2, "ENROLL_P10": 2, "direct_cer": 80, "pAbsent0_5": 38, "pAbsent6_1": 46, "pAbsent16P": 16, "Churn": 30, "TeacherCou": 43, "AvgExp": 11, "pYrsLt1": 0, "pYears1_10": 51, "pYears11_2": 40, "pYears21_3": 9, "pYearsGt30": 0, "Debt": 0, "GenAdmin": 0, "Instructio": 15941, "Support": 0, "Ops": 167, "Media": 0, "PServices": 0, "Capital": 0, "SchoolAdmi": 0, "Food": 0, "Transport": 0, "TotalSpend": 16108, "CCRPI": 57, "ClimateSta": 2, "NTestedELA": 110, "Begin_CntE": 64, "Develop_Cn": 31, "Prof_CntEL": 13, "Dist_CntEL": 2, "pBeginELA3": 58, "pDevelopEL": 28, "pProfELA3": 12, "pDistELA3": 2, "DevPlus_Cn": 46, "ProfPlus_C": 15, "pDevPlusEL": 42, "pProfPlusE": 14, "NTestedE_1": 98, "Begin_Cn_1": 50, "Develop__1": 31, "Prof_Cnt_1": 16, "Dist_Cnt_1": 1, "pBeginELA5": 51, "pDevelop_1": 32, "pProfELA5": 16, "pDistELA5": 1, "DevPlus__1": 48, "ProfPlus_1": 17, "pDevPlus_1": 49, "pProfPlu_1": 17, "NTestedMat": 109, "Begin_CntM": 36, "Develop__2": 47, "Prof_CntMa": 22, "Dist_CntMa": 4, "pBeginMath": 33, "pDevelopMa": 43, "pProfMath3": 20, "pDistMath3": 4, "DevPlus__2": 73, "ProfPlus_2": 26, "pDevPlusMa": 67, "pProfPlusM": 24, "NTestedM_1": 98, "Begin_Cn_2": 49, "Develop__3": 37, "Prof_Cnt_2": 10, "Dist_Cnt_2": 2, "pBeginMa_1": 50, "pDevelop_2": 38, "pProfMath5": 10, "pDistMath5": 2, "DevPlus__3": 49, "ProfPlus_3": 12, "pDevPlus_2": 50, "pProfPlu_2": 12, "NTestedE_2": 0, "BeginELA8_": 0, "DevelopELA": 0, "ProfELA8_C": 0, "DistELA8_C": 0, "NTestedM_2": 0, "BeginMath8": 0, "DevelopMat": 0, "ProfMath8_": 0, "DistMath8_": 0, "pBeginELA8": 0, "pDevelop_3": 0, "pProfELA8": 0, "pDistELA8": 0, "pBeginMa_2": 0, "pDevelop_4": 0, "pProfMath8": 0, "pDistMath8": 0, "DevPlusELA": 0, "ProfPlusEL": 0, "pDevPlus_3": 0, "pProfPlu_3": 0, "DevPlusMat": 0, "ProfPlusMa": 0, "pDevPlus_4": 0, "pProfPlu_4": 0, "NTestedAlg": 0, "Begin_CntA": 0, "Develop__4": 0, "Prof_CntAl": 0, "Dist_CntAl": 0, "pBeginAlge": 0, "pDevelopAl": 0, "pProfAlgeb": 0, "pDistAlgeb": 0, "DevPlus__4": 0, "ProfPlus_4": 0, "pDevPlusAl": 0, "pProfPlusA": 0, "NTestedAmL": 0, "Begin_Cn_3": 0, "Develop__5": 0, "Prof_CntAm": 0, "Dist_CntAm": 0, "pBeginAmLi": 0, "pDevelopAm": 0, "pProfAmLit": 0, "pDistAmLit": 0, "DevPlus__5": 0, "ProfPlus_5": 0, "pDevPlusAm": 0, "pProfPlu_5": 0, "NTestedAna": 0, "Begin_Cn_4": 0, "Develop__6": 0, "Prof_CntAn": 0, "Dist_CntAn": 0, "pBeginAnal": 0, "pDevelopAn": 0, "pProfAnalG": 0, "pDistAnalG": 0, "DevPlus__6": 0, "ProfPlus_6": 0, "pDevPlusAn": 0, "pProfPlu_6": 0, "NTestedBio": 0, "Begin_CntB": 0, "Develop__7": 0, "Prof_CntBi": 0, "Dist_CntBi": 0, "pBeginBiol": 0, "pDevelopBi": 0, "pProfBiolo": 0, "pDistBiolo": 0, "DevPlus__7": 0, "ProfPlus_7": 0, "pDevPlusBi": 0, "pProfPlusB": 0, "NTestedCoo": 0, "Begin_CntC": 0, "Develop__8": 0, "Prof_CntCo": 0, "Dist_CntCo": 0, "pBeginCoor": 0, "pDevelopCo": 0, "pProfCoord": 0, "pDistCoord": 0, "DevPlus__8": 0, "ProfPlus_8": 0, "pDevPlusCo": 0, "pProfPlusC": 0, "NTestedEco": 0, "Begin_Cn_5": 0, "Develop__9": 0, "Prof_CntEc": 0, "Dist_CntEc": 0, "pBeginEcon": 0, "pDevelopEc": 0, "pProfEcon": 0, "pDistEcon": 0, "DevPlus__9": 0, "ProfPlus_9": 0, "pDevPlusEc": 0, "pProfPlu_7": 0, "NTestedGeo": 0, "Begin_CntG": 0, "Develop_10": 0, "Prof_CntGe": 0, "Dist_CntGe": 0, "pBeginGeom": 0, "pDevelopGe": 0, "pProfGeome": 0, "pDistGeome": 0, "DevPlus_10": 0, "ProfPlus10": 0, "pDevPlusGe": 0, "pProfPlusG": 0, "NTestedLit": 0, "Begin_CntL": 0, "Develop_11": 0, "Prof_CntLi": 0, "Dist_CntLi": 0, "pBeginLit9": 0, "pDevelopLi": 0, "pProfLit9": 0, "pDistLit9": 0, "DevPlus_11": 0, "ProfPlus11": 0, "pDevPlusLi": 0, "pProfPlusL": 0, "NTestedPhy": 0, "Begin_CntP": 0, "Develop_12": 0, "Prof_CntPh": 0, "Dist_CntPh": 0, "pBeginPhys": 0, "pDevelopPh": 0, "pProfPhysS": 0, "pDistPhysS": 0, "DevPlus_12": 0, "ProfPlus12": 0, "pDevPlusPh": 0, "pProfPlusP": 0, "NTestedUSH": 0, "Begin_CntU": 0, "Develop_13": 0, "Prof_CntUS": 0, "Dist_CntUS": 0, "pBeginUSHi": 0, "pDevelopUS": 0, "pProfUSHis": 0, "pDistUSHis": 0, "DevPlus_13": 0, "ProfPlus13": 0, "pDevPlusUS": 0, "pProfPlusU": 0, "NDropout71": 0, "pNDropout7": 0, "Graduation": 0, "NUMBER_OF_": 0, "pHopeEligi": 0, "chENROLLME": -12, "pchENROLLM": -2.21, "chCCRPI": 3, "chpProfPlu": 5, "chpProfP_1": 11, "chpProfP_2": 10, "chpProfP_3": 8, "chpELA8": 0, "chpProfP_4": 0, "chpProfP_5": 0, "chpProfP_6": 0, "chpProfP_7": 0, "chpProfP_8": 0, "chpProfP_9": 0, "chpProfP10": 0, "chpProfP11": 0, "chpProfP12": 0, "chpProfP13": 0, "chpProfP14": 0, "GlobalID": "{8A6B17D3-847E-4DB3-9C32-47D242834290}", "created_us": "opendata@arc", "created_da": "2020-03-25T00:00:00Z", "last_edite": "opendata@arc", "last_edi_1": "2020-03-25T00:00:00Z" }, "geometry": { "type": "Point", "coordinates": [ -84.391961202428135, 33.718478428287213 ] } },
{ "type": "Feature", "properties": { "OBJECTID": 2121, "SysSchool": 7614560, "GradeRange": "09-12", "SchoolAddr": "929 Charles Allen Dr NE", "SchoolCity": "Atlanta", "STATE": "GA", "SchoolZipC": "30309-4204", "MailAddres": "929 Charles Allen Dr NE", "MailCity": "Atlanta", "MailZipCod": "30309-4204", "PrincipalN": "Bockman, Betsy", "PrincipalE": "bbockman@atlanta.k12.ga.us", "SchoolPhon": "404.802.3001", "SchoolFax": "404.853.4099", "longitude": -84.371318, "latitude": 33.780562, "Year": 2019, "SchoolYear": "2018-19", "SystemID": 761, "SystemName": "Atlanta Public Schools", "SchoolID": 4560, "SchoolName": "Grady High School", "Type": "High School", "ENROLLMENT": 1389, "ENROLL_PER": 2, "ENROLL_P_1": 0, "ENROLL_P_2": 43, "ENROLL_P_3": 8, "ENROLL_P_4": 5, "ENROLL_P_5": 43, "ENROLL_P_6": 0, "ENROLL_P_7": 29, "ENROLL_P_8": 8, "ENROLL_P_9": 2, "ENROLL_PCT": 1, "ENROLL_P10": 36, "direct_cer": 19, "pAbsent0_5": 49, "pAbsent6_1": 35, "pAbsent16P": 16, "Churn": 14, "TeacherCou": 88, "AvgExp": 14, "pYrsLt1": 5, "pYears1_10": 23, "pYears11_2": 52, "pYears21_3": 21, "pYearsGt30": 0, "Debt": 0, "GenAdmin": 0, "Instructio": 6675, "Support": 32, "Ops": 634, "Media": 135, "PServices": 293, "Capital": 0, "SchoolAdmi": 955, "Food": 0, "Transport": 10, "TotalSpend": 8735, "CCRPI": 88, "ClimateSta": 4, "NTestedELA": 0, "Begin_CntE": 0, "Develop_Cn": 0, "Prof_CntEL": 0, "Dist_CntEL": 0, "pBeginELA3": 0, "pDevelopEL": 0, "pProfELA3": 0, "pDistELA3": 0, "DevPlus_Cn": 0, "ProfPlus_C": 0, "pDevPlusEL": 0, "pProfPlusE": 0, "NTestedE_1": 0, "Begin_Cn_1": 0, "Develop__1": 0, "Prof_Cnt_1": 0, "Dist_Cnt_1": 0, "pBeginELA5": 0, "pDevelop_1": 0, "pProfELA5": 0, "pDistELA5": 0, "DevPlus__1": 0, "ProfPlus_1": 0, "pDevPlus_1": 0, "pProfPlu_1": 0, "NTestedMat": 0, "Begin_CntM": 0, "Develop__2": 0, "Prof_CntMa": 0, "Dist_CntMa": 0, "pBeginMath": 0, "pDevelopMa": 0, "pProfMath3": 0, "pDistMath3": 0, "DevPlus__2": 0, "ProfPlus_2": 0, "pDevPlusMa": 0, "pProfPlusM": 0, "NTestedM_1": 0, "Begin_Cn_2": 0, "Develop__3": 0, "Prof_Cnt_2": 0, "Dist_Cnt_2": 0, "pBeginMa_1": 0, "pDevelop_2": 0, "pProfMath5": 0, "pDistMath5": 0, "DevPlus__3": 0, "ProfPlus_3": 0, "pDevPlus_2": 0, "pProfPlu_2": 0, "NTestedE_2": 0, "BeginELA8_": 0, "DevelopELA": 0, "ProfELA8_C": 0, "DistELA8_C": 0, "NTestedM_2": 0, "BeginMath8": 0, "DevelopMat": 0, "ProfMath8_": 0, "DistMath8_": 0, "pBeginELA8": 0, "pDevelop_3": 0, "pProfELA8": 0, "pDistELA8": 0, "pBeginMa_2": 0, "pDevelop_4": 0, "pProfMath8": 0, "pDistMath8": 0, "DevPlusELA": 0, "ProfPlusEL": 0, "pDevPlus_3": 0, "pProfPlu_3": 0, "DevPlusMat": 0, "ProfPlusMa": 0, "pDevPlus_4": 0, "pProfPlu_4": 0, "NTestedAlg": 274, "Begin_CntA": 52, "Develop__4": 86, "Prof_CntAl": 101, "Dist_CntAl": 35, "pBeginAlge": 19, "pDevelopAl": 31, "pProfAlgeb": 37, "pDistAlgeb": 13, "DevPlus__4": 222, "ProfPlus_4": 136, "pDevPlusAl": 81, "pProfPlusA": 50, "NTestedAmL": 318, "Begin_Cn_3": 44, "Develop__5": 72, "Prof_CntAm": 136, "Dist_CntAm": 66, "pBeginAmLi": 14, "pDevelopAm": 23, "pProfAmLit": 43, "pDistAmLit": 21, "DevPlus__5": 274, "ProfPlus_5": 202, "pDevPlusAm": 86, "pProfPlu_5": 64, "NTestedAna": 0, "Begin_Cn_4": 0, "Develop__6": 0, "Prof_CntAn": 0, "Dist_CntAn": 0, "pBeginAnal": 0, "pDevelopAn": 0, "pProfAnalG": 0, "pDistAnalG": 0, "DevPlus__6": 0, "ProfPlus_6": 0, "pDevPlusAn": 0, "pProfPlu_6": 0, "NTestedBio": 405, "Begin_CntB": 83, "Develop__7": 65, "Prof_CntBi": 130, "Dist_CntBi": 127, "pBeginBiol": 21, "pDevelopBi": 16, "pProfBiolo": 32, "pDistBiolo": 31, "DevPlus__7": 322, "ProfPlus_7": 257, "pDevPlusBi": 80, "pProfPlusB": 64, "NTestedCoo": 0, "Begin_CntC": 0, "Develop__8": 0, "Prof_CntCo": 0, "Dist_CntCo": 0, "pBeginCoor": 0, "pDevelopCo": 0, "pProfCoord": 0, "pDistCoord": 0, "DevPlus__8": 0, "ProfPlus_8": 0, "pDevPlusCo": 0, "pProfPlusC": 0, "NTestedEco": 314, "Begin_Cn_5": 62, "Develop__9": 70, "Prof_CntEc": 133, "Dist_CntEc": 49, "pBeginEcon": 20, "pDevelopEc": 22, "pProfEcon": 42, "pDistEcon": 16, "DevPlus__9": 252, "ProfPlus_9": 182, "pDevPlusEc": 80, "pProfPlu_7": 58, "NTestedGeo": 345, "Begin_CntG": 85, "Develop_10": 70, "Prof_CntGe": 84, "Dist_CntGe": 106, "pBeginGeom": 25, "pDevelopGe": 20, "pProfGeome": 24, "pDistGeome": 31, "DevPlus_10": 260, "ProfPlus10": 190, "pDevPlusGe": 75, "pProfPlusG": 55, "NTestedLit": 395, "Begin_CntL": 32, "Develop_11": 57, "Prof_CntLi": 171, "Dist_CntLi": 135, "pBeginLit9": 8, "pDevelopLi": 14, "pProfLit9": 43, "pDistLit9": 34, "DevPlus_11": 363, "ProfPlus11": 306, "pDevPlusLi": 92, "pProfPlusL": 78, "NTestedPhy": 9, "Begin_CntP": 0, "Develop_12": 0, "Prof_CntPh": 0, "Dist_CntPh": 0, "pBeginPhys": 0, "pDevelopPh": 0, "pProfPhysS": 0, "pDistPhysS": 0, "DevPlus_12": 0, "ProfPlus12": 0, "pDevPlusPh": 0, "pProfPlusP": 0, "NTestedUSH": 298, "Begin_CntU": 45, "Develop_13": 78, "Prof_CntUS": 108, "Dist_CntUS": 67, "pBeginUSHi": 15, "pDevelopUS": 26, "pProfUSHis": 36, "pDistUSHis": 23, "DevPlus_13": 253, "ProfPlus13": 175, "pDevPlusUS": 85, "pProfPlusU": 59, "NDropout71": 36, "pNDropout7": 2, "Graduation": 90, "NUMBER_OF_": 305, "pHopeEligi": 60, "chENROLLME": 25, "pchENROLLM": 1.83, "chCCRPI": 16, "chpProfPlu": 0, "chpProfP_1": 0, "chpProfP_2": 0, "chpProfP_3": 0, "chpELA8": 0, "chpProfP_4": 0, "chpProfP_5": 26, "chpProfP_6": 6, "chpProfP_7": 0, "chpProfP_8": 0, "chpProfP_9": 0, "chpProfP10": 8, "chpProfP11": 0, "chpProfP12": 26, "chpProfP13": 0, "chpProfP14": 18, "GlobalID": "{5D996C23-FAD3-4690-923A-F5970091E157}", "created_us": "opendata@arc", "created_da": "2020-03-25T00:00:00Z", "last_edite": "opendata@arc", "last_edi_1": "2020-03-25T00:00:00Z" }, "geometry": { "type": "Point", "coordinates": [ -84.37132220036635, 33.780568442157289 ] } },
{ "type": "Feature", "properties": { "OBJECTID": 2122, "SysSchool": 7615051, "GradeRange": "PK-05", "SchoolAddr": "200 Cassanova St SE", "SchoolCity": "Atlanta", "STATE": "GA", "SchoolZipC": "30315-4208", "MailAddres": "200 Cassanova St SE", "MailCity": "Atlanta", "MailZipCod": "30315-4208", "PrincipalN": "Lovett, Andrew", "PrincipalE": "ajlovett@atlanta.k12.ga.us", "SchoolPhon": "404.802.7300", "SchoolFax": "4046242013", "longitude": -84.364603, "latitude": 33.716318, "Year": 2019, "SchoolYear": "2018-19", "SystemID": 761, "SystemName": "Atlanta Public Schools", "SchoolID": 5051, "SchoolName": "Benteen Elementary School", "Type": "Elementary School", "ENROLLMENT": 276, "ENROLL_PER": 0, "ENROLL_P_1": 0, "ENROLL_P_2": 64, "ENROLL_P_3": 33, "ENROLL_P_4": 1, "ENROLL_P_5": 1, "ENROLL_P_6": 0, "ENROLL_P_7": 100, "ENROLL_P_8": 13, "ENROLL_P_9": 29, "ENROLL_PCT": 27, "ENROLL_P10": 2, "direct_cer": 58, "pAbsent0_5": 51, "pAbsent6_1": 33, "pAbsent16P": 16, "Churn": 23, "TeacherCou": 26, "AvgExp": 13, "pYrsLt1": 4, "pYears1_10": 42, "pYears11_2": 31, "pYears21_3": 23, "pYearsGt30": 0, "Debt": 0, "GenAdmin": 0, "Instructio": 8900, "Support": 751, "Ops": 543, "Media": 370, "PServices": 936, "Capital": 0, "SchoolAdmi": 1161, "Food": 0, "Transport": 0, "TotalSpend": 12660, "CCRPI": 61, "ClimateSta": 3, "NTestedELA": 37, "Begin_CntE": 17, "Develop_Cn": 13, "Prof_CntEL": 4, "Dist_CntEL": 3, "pBeginELA3": 46, "pDevelopEL": 35, "pProfELA3": 11, "pDistELA3": 8, "DevPlus_Cn": 20, "ProfPlus_C": 7, "pDevPlusEL": 54, "pProfPlusE": 19, "NTestedE_1": 41, "Begin_Cn_1": 18, "Develop__1": 16, "Prof_Cnt_1": 7, "Dist_Cnt_1": 0, "pBeginELA5": 44, "pDevelop_1": 39, "pProfELA5": 17, "pDistELA5": 0, "DevPlus__1": 23, "ProfPlus_1": 7, "pDevPlus_1": 56, "pProfPlu_1": 17, "NTestedMat": 37, "Begin_CntM": 12, "Develop__2": 16, "Prof_CntMa": 7, "Dist_CntMa": 2, "pBeginMath": 32, "pDevelopMa": 43, "pProfMath3": 19, "pDistMath3": 5, "DevPlus__2": 25, "ProfPlus_2": 9, "pDevPlusMa": 68, "pProfPlusM": 24, "NTestedM_1": 41, "Begin_Cn_2": 18, "Develop__3": 16, "Prof_Cnt_2": 4, "Dist_Cnt_2": 3, "pBeginMa_1": 44, "pDevelop_2": 39, "pProfMath5": 10, "pDistMath5": 7, "DevPlus__3": 23, "ProfPlus_3": 7, "pDevPlus_2": 56, "pProfPlu_2": 17, "NTestedE_2": 0, "BeginELA8_": 0, "DevelopELA": 0, "ProfELA8_C": 0, "DistELA8_C": 0, "NTestedM_2": 0, "BeginMath8": 0, "DevelopMat": 0, "ProfMath8_": 0, "DistMath8_": 0, "pBeginELA8": 0, "pDevelop_3": 0, "pProfELA8": 0, "pDistELA8": 0, "pBeginMa_2": 0, "pDevelop_4": 0, "pProfMath8": 0, "pDistMath8": 0, "DevPlusELA": 0, "ProfPlusEL": 0, "pDevPlus_3": 0, "pProfPlu_3": 0, "DevPlusMat": 0, "ProfPlusMa": 0, "pDevPlus_4": 0, "pProfPlu_4": 0, "NTestedAlg": 0, "Begin_CntA": 0, "Develop__4": 0, "Prof_CntAl": 0, "Dist_CntAl": 0, "pBeginAlge": 0, "pDevelopAl": 0, "pProfAlgeb": 0, "pDistAlgeb": 0, "DevPlus__4": 0, "ProfPlus_4": 0, "pDevPlusAl": 0, "pProfPlusA": 0, "NTestedAmL": 0, "Begin_Cn_3": 0, "Develop__5": 0, "Prof_CntAm": 0, "Dist_CntAm": 0, "pBeginAmLi": 0, "pDevelopAm": 0, "pProfAmLit": 0, "pDistAmLit": 0, "DevPlus__5": 0, "ProfPlus_5": 0, "pDevPlusAm": 0, "pProfPlu_5": 0, "NTestedAna": 0, "Begin_Cn_4": 0, "Develop__6": 0, "Prof_CntAn": 0, "Dist_CntAn": 0, "pBeginAnal": 0, "pDevelopAn": 0, "pProfAnalG": 0, "pDistAnalG": 0, "DevPlus__6": 0, "ProfPlus_6": 0, "pDevPlusAn": 0, "pProfPlu_6": 0, "NTestedBio": 0, "Begin_CntB": 0, "Develop__7": 0, "Prof_CntBi": 0, "Dist_CntBi": 0, "pBeginBiol": 0, "pDevelopBi": 0, "pProfBiolo": 0, "pDistBiolo": 0, "DevPlus__7": 0, "ProfPlus_7": 0, "pDevPlusBi": 0, "pProfPlusB": 0, "NTestedCoo": 0, "Begin_CntC": 0, "Develop__8": 0, "Prof_CntCo": 0, "Dist_CntCo": 0, "pBeginCoor": 0, "pDevelopCo": 0, "pProfCoord": 0, "pDistCoord": 0, "DevPlus__8": 0, "ProfPlus_8": 0, "pDevPlusCo": 0, "pProfPlusC": 0, "NTestedEco": 0, "Begin_Cn_5": 0, "Develop__9": 0, "Prof_CntEc": 0, "Dist_CntEc": 0, "pBeginEcon": 0, "pDevelopEc": 0, "pProfEcon": 0, "pDistEcon": 0, "DevPlus__9": 0, "ProfPlus_9": 0, "pDevPlusEc": 0, "pProfPlu_7": 0, "NTestedGeo": 0, "Begin_CntG": 0, "Develop_10": 0, "Prof_CntGe": 0, "Dist_CntGe": 0, "pBeginGeom": 0, "pDevelopGe": 0, "pProfGeome": 0, "pDistGeome": 0, "DevPlus_10": 0, "ProfPlus10": 0, "pDevPlusGe": 0, "pProfPlusG": 0, "NTestedLit": 0, "Begin_CntL": 0, "Develop_11": 0, "Prof_CntLi": 0, "Dist_CntLi": 0, "pBeginLit9": 0, "pDevelopLi": 0, "pProfLit9": 0, "pDistLit9": 0, "DevPlus_11": 0, "ProfPlus11": 0, "pDevPlusLi": 0, "pProfPlusL": 0, "NTestedPhy": 0, "Begin_CntP": 0, "Develop_12": 0, "Prof_CntPh": 0, "Dist_CntPh": 0, "pBeginPhys": 0, "pDevelopPh": 0, "pProfPhysS": 0, "pDistPhysS": 0, "DevPlus_12": 0, "ProfPlus12": 0, "pDevPlusPh": 0, "pProfPlusP": 0, "NTestedUSH": 0, "Begin_CntU": 0, "Develop_13": 0, "Prof_CntUS": 0, "Dist_CntUS": 0, "pBeginUSHi": 0, "pDevelopUS": 0, "pProfUSHis": 0, "pDistUSHis": 0, "DevPlus_13": 0, "ProfPlus13": 0, "pDevPlusUS": 0, "pProfPlusU": 0, "NDropout71": 0, "pNDropout7": 0, "Graduation": 0, "NUMBER_OF_": 0, "pHopeEligi": 0, "chENROLLME": -19, "pchENROLLM": -6.44, "chCCRPI": 4, "chpProfPlu": 2, "chpProfP_1": 7, "chpProfP_2": 9, "chpProfP_3": 6, "chpELA8": 0, "chpProfP_4": 0, "chpProfP_5": 0, "chpProfP_6": 0, "chpProfP_7": 0, "chpProfP_8": 0, "chpProfP_9": 0, "chpProfP10": 0, "chpProfP11": 0, "chpProfP12": 0, "chpProfP13": 0, "chpProfP14": 0, "GlobalID": "{E3299C76-1A5D-4D23-A733-DCE7555CDFE9}", "created_us": "opendata@arc", "created_da": "2020-03-25T00:00:00Z", "last_edite": "opendata@arc", "last_edi_1": "2020-03-25T00:00:00Z" }, "geometry": { "type": "Point", "coordinates": [ -84.364607193904561, 33.71632442780566 ] } },
{ "type": "Feature", "properties": { "OBJECTID": 2123, "SysSchool": 7615066, "GradeRange": "PK-05", "SchoolAddr": "970 Martin St SE", "SchoolCity": "Atlanta", "STATE": "GA", "SchoolZipC": "30315-1933", "MailAddres": "970 Martin St SE", "MailCity": "Atlanta", "MailZipCod": "30315-1933", "PrincipalN": "Christian , Robin", "PrincipalE": "Robin.Christian@atlanta.k12.ga.us", "SchoolPhon": "404.802.4200", "SchoolFax": "404.624.2166", "longitude": -84.38275, "latitude": 33.728165, "Year": 2019, "SchoolYear": "2018-19", "SystemID": 761, "SystemName": "Atlanta Public Schools", "SchoolID": 5066, "SchoolName": "Barack and Michelle Obama Academy", "Type": "Elementary School", "ENROLLMENT": 265, "ENROLL_PER": 0, "ENROLL_P_1": 0, "ENROLL_P_2": 96, "ENROLL_P_3": 1, "ENROLL_P_4": 1, "ENROLL_P_5": 2, "ENROLL_P_6": 0, "ENROLL_P_7": 100, "ENROLL_P_8": 16, "ENROLL_P_9": 0, "ENROLL_PCT": 0, "ENROLL_P10": 2, "direct_cer": 80, "pAbsent0_5": 40, "pAbsent6_1": 43, "pAbsent16P": 17, "Churn": 25, "TeacherCou": 28, "AvgExp": 13, "pYrsLt1": 11, "pYears1_10": 32, "pYears11_2": 36, "pYears21_3": 21, "pYearsGt30": 0, "Debt": 0, "GenAdmin": 0, "Instructio": 11089, "Support": 1543, "Ops": 737, "Media": 393, "PServices": 1399, "Capital": 0, "SchoolAdmi": 1964, "Food": 0, "Transport": 33, "TotalSpend": 17157, "CCRPI": 50, "ClimateSta": 2, "NTestedELA": 32, "Begin_CntE": 19, "Develop_Cn": 8, "Prof_CntEL": 3, "Dist_CntEL": 2, "pBeginELA3": 59, "pDevelopEL": 25, "pProfELA3": 9, "pDistELA3": 6, "DevPlus_Cn": 13, "ProfPlus_C": 5, "pDevPlusEL": 41, "pProfPlusE": 16, "NTestedE_1": 38, "Begin_Cn_1": 18, "Develop__1": 11, "Prof_Cnt_1": 9, "Dist_Cnt_1": 0, "pBeginELA5": 47, "pDevelop_1": 29, "pProfELA5": 24, "pDistELA5": 0, "DevPlus__1": 20, "ProfPlus_1": 9, "pDevPlus_1": 53, "pProfPlu_1": 24, "NTestedMat": 32, "Begin_CntM": 13, "Develop__2": 10, "Prof_CntMa": 8, "Dist_CntMa": 1, "pBeginMath": 41, "pDevelopMa": 31, "pProfMath3": 25, "pDistMath3": 3, "DevPlus__2": 19, "ProfPlus_2": 9, "pDevPlusMa": 59, "pProfPlusM": 28, "NTestedM_1": 38, "Begin_Cn_2": 19, "Develop__3": 15, "Prof_Cnt_2": 4, "Dist_Cnt_2": 0, "pBeginMa_1": 50, "pDevelop_2": 40, "pProfMath5": 11, "pDistMath5": 0, "DevPlus__3": 19, "ProfPlus_3": 4, "pDevPlus_2": 50, "pProfPlu_2": 11, "NTestedE_2": 0, "BeginELA8_": 0, "DevelopELA": 0, "ProfELA8_C": 0, "DistELA8_C": 0, "NTestedM_2": 0, "BeginMath8": 0, "DevelopMat": 0, "ProfMath8_": 0, "DistMath8_": 0, "pBeginELA8": 0, "pDevelop_3": 0, "pProfELA8": 0, "pDistELA8": 0, "pBeginMa_2": 0, "pDevelop_4": 0, "pProfMath8": 0, "pDistMath8": 0, "DevPlusELA": 0, "ProfPlusEL": 0, "pDevPlus_3": 0, "pProfPlu_3": 0, "DevPlusMat": 0, "ProfPlusMa": 0, "pDevPlus_4": 0, "pProfPlu_4": 0, "NTestedAlg": 0, "Begin_CntA": 0, "Develop__4": 0, "Prof_CntAl": 0, "Dist_CntAl": 0, "pBeginAlge": 0, "pDevelopAl": 0, "pProfAlgeb": 0, "pDistAlgeb": 0, "DevPlus__4": 0, "ProfPlus_4": 0, "pDevPlusAl": 0, "pProfPlusA": 0, "NTestedAmL": 0, "Begin_Cn_3": 0, "Develop__5": 0, "Prof_CntAm": 0, "Dist_CntAm": 0, "pBeginAmLi": 0, "pDevelopAm": 0, "pProfAmLit": 0, "pDistAmLit": 0, "DevPlus__5": 0, "ProfPlus_5": 0, "pDevPlusAm": 0, "pProfPlu_5": 0, "NTestedAna": 0, "Begin_Cn_4": 0, "Develop__6": 0, "Prof_CntAn": 0, "Dist_CntAn": 0, "pBeginAnal": 0, "pDevelopAn": 0, "pProfAnalG": 0, "pDistAnalG": 0, "DevPlus__6": 0, "ProfPlus_6": 0, "pDevPlusAn": 0, "pProfPlu_6": 0, "NTestedBio": 0, "Begin_CntB": 0, "Develop__7": 0, "Prof_CntBi": 0, "Dist_CntBi": 0, "pBeginBiol": 0, "pDevelopBi": 0, "pProfBiolo": 0, "pDistBiolo": 0, "DevPlus__7": 0, "ProfPlus_7": 0, "pDevPlusBi": 0, "pProfPlusB": 0, "NTestedCoo": 0, "Begin_CntC": 0, "Develop__8": 0, "Prof_CntCo": 0, "Dist_CntCo": 0, "pBeginCoor": 0, "pDevelopCo": 0, "pProfCoord": 0, "pDistCoord": 0, "DevPlus__8": 0, "ProfPlus_8": 0, "pDevPlusCo": 0, "pProfPlusC": 0, "NTestedEco": 0, "Begin_Cn_5": 0, "Develop__9": 0, "Prof_CntEc": 0, "Dist_CntEc": 0, "pBeginEcon": 0, "pDevelopEc": 0, "pProfEcon": 0, "pDistEcon": 0, "DevPlus__9": 0, "ProfPlus_9": 0, "pDevPlusEc": 0, "pProfPlu_7": 0, "NTestedGeo": 0, "Begin_CntG": 0, "Develop_10": 0, "Prof_CntGe": 0, "Dist_CntGe": 0, "pBeginGeom": 0, "pDevelopGe": 0, "pProfGeome": 0, "pDistGeome": 0, "DevPlus_10": 0, "ProfPlus10": 0, "pDevPlusGe": 0, "pProfPlusG": 0, "NTestedLit": 0, "Begin_CntL": 0, "Develop_11": 0, "Prof_CntLi": 0, "Dist_CntLi": 0, "pBeginLit9": 0, "pDevelopLi": 0, "pProfLit9": 0, "pDistLit9": 0, "DevPlus_11": 0, "ProfPlus11": 0, "pDevPlusLi": 0, "pProfPlusL": 0, "NTestedPhy": 0, "Begin_CntP": 0, "Develop_12": 0, "Prof_CntPh": 0, "Dist_CntPh": 0, "pBeginPhys": 0, "pDevelopPh": 0, "pProfPhysS": 0, "pDistPhysS": 0, "DevPlus_12": 0, "ProfPlus12": 0, "pDevPlusPh": 0, "pProfPlusP": 0, "NTestedUSH": 0, "Begin_CntU": 0, "Develop_13": 0, "Prof_CntUS": 0, "Dist_CntUS": 0, "pBeginUSHi": 0, "pDevelopUS": 0, "pProfUSHis": 0, "pDistUSHis": 0, "DevPlus_13": 0, "ProfPlus13": 0, "pDevPlusUS": 0, "pProfPlusU": 0, "NDropout71": 0, "pNDropout7": 0, "Graduation": 0, "NUMBER_OF_": 0, "pHopeEligi": 0, "chENROLLME": 30, "pchENROLLM": 12.76, "chCCRPI": 0, "chpProfPlu": 8, "chpProfP_1": 15, "chpProfP_2": 22, "chpProfP_3": 9, "chpELA8": 0, "chpProfP_4": 0, "chpProfP_5": 0, "chpProfP_6": 0, "chpProfP_7": 0, "chpProfP_8": 0, "chpProfP_9": 0, "chpProfP10": 0, "chpProfP11": 0, "chpProfP12": 0, "chpProfP13": 0, "chpProfP14": 0, "GlobalID": "{5A7E8E1C-21BC-4169-840C-8C8BDD0D81CD}", "created_us": "opendata@arc", "created_da": "2020-03-25T00:00:00Z", "last_edite": "opendata@arc", "last_edi_1": "2020-03-25T00:00:00Z" }, "geometry": { "type": "Point", "coordinates": [ -84.382754200197923, 33.728171429948567 ] } },
{ "type": "Feature", "properties": { "OBJECTID": 2124, "SysSchool": 7615067, "GradeRange": "PK-05", "SchoolAddr": "1820 Henry Thomas Dr SE", "SchoolCity": "Atlanta", "STATE": "GA", "SchoolZipC": "30315-5614", "MailAddres": "1820 Henry Thomas Dr SE", "MailCity": "Atlanta", "MailZipCod": "30315-5614", "PrincipalN": "Miles, Jovan", "PrincipalE": " ", "SchoolPhon": "404.802.5750", "SchoolFax": "404.624.2048", "longitude": -84.354775, "latitude": 33.704296, "Year": 2019, "SchoolYear": "2018-19", "SystemID": 761, "SystemName": "Atlanta Public Schools", "SchoolID": 5067, "SchoolName": "Thomasville Heights Elementary School", "Type": "Elementary School", "ENROLLMENT": 417, "ENROLL_PER": 0, "ENROLL_P_1": 0, "ENROLL_P_2": 98, "ENROLL_P_3": 1, "ENROLL_P_4": 0, "ENROLL_P_5": 0, "ENROLL_P_6": 0, "ENROLL_P_7": 100, "ENROLL_P_8": 8, "ENROLL_P_9": 0, "ENROLL_PCT": 0, "ENROLL_P10": 0, "direct_cer": 89, "pAbsent0_5": 31, "pAbsent6_1": 42, "pAbsent16P": 27, "Churn": 26, "TeacherCou": 40, "AvgExp": 11, "pYrsLt1": 5, "pYears1_10": 53, "pYears11_2": 25, "pYears21_3": 8, "pYearsGt30": 10, "Debt": 0, "GenAdmin": 0, "Instructio": 16368, "Support": 0, "Ops": 318, "Media": 4, "PServices": 0, "Capital": 0, "SchoolAdmi": 0, "Food": 0, "Transport": 0, "TotalSpend": 16690, "CCRPI": 59, "ClimateSta": 2, "NTestedELA": 62, "Begin_CntE": 37, "Develop_Cn": 20, "Prof_CntEL": 4, "Dist_CntEL": 1, "pBeginELA3": 60, "pDevelopEL": 32, "pProfELA3": 7, "pDistELA3": 2, "DevPlus_Cn": 25, "ProfPlus_C": 5, "pDevPlusEL": 40, "pProfPlusE": 8, "NTestedE_1": 70, "Begin_Cn_1": 49, "Develop__1": 15, "Prof_Cnt_1": 5, "Dist_Cnt_1": 1, "pBeginELA5": 70, "pDevelop_1": 21, "pProfELA5": 7, "pDistELA5": 1, "DevPlus__1": 21, "ProfPlus_1": 6, "pDevPlus_1": 30, "pProfPlu_1": 9, "NTestedMat": 62, "Begin_CntM": 19, "Develop__2": 26, "Prof_CntMa": 16, "Dist_CntMa": 1, "pBeginMath": 31, "pDevelopMa": 42, "pProfMath3": 26, "pDistMath3": 2, "DevPlus__2": 43, "ProfPlus_2": 17, "pDevPlusMa": 69, "pProfPlusM": 27, "NTestedM_1": 70, "Begin_Cn_2": 52, "Develop__3": 15, "Prof_Cnt_2": 3, "Dist_Cnt_2": 0, "pBeginMa_1": 74, "pDevelop_2": 21, "pProfMath5": 4, "pDistMath5": 0, "DevPlus__3": 18, "ProfPlus_3": 3, "pDevPlus_2": 26, "pProfPlu_2": 4, "NTestedE_2": 0, "BeginELA8_": 0, "DevelopELA": 0, "ProfELA8_C": 0, "DistELA8_C": 0, "NTestedM_2": 0, "BeginMath8": 0, "DevelopMat": 0, "ProfMath8_": 0, "DistMath8_": 0, "pBeginELA8": 0, "pDevelop_3": 0, "pProfELA8": 0, "pDistELA8": 0, "pBeginMa_2": 0, "pDevelop_4": 0, "pProfMath8": 0, "pDistMath8": 0, "DevPlusELA": 0, "ProfPlusEL": 0, "pDevPlus_3": 0, "pProfPlu_3": 0, "DevPlusMat": 0, "ProfPlusMa": 0, "pDevPlus_4": 0, "pProfPlu_4": 0, "NTestedAlg": 0, "Begin_CntA": 0, "Develop__4": 0, "Prof_CntAl": 0, "Dist_CntAl": 0, "pBeginAlge": 0, "pDevelopAl": 0, "pProfAlgeb": 0, "pDistAlgeb": 0, "DevPlus__4": 0, "ProfPlus_4": 0, "pDevPlusAl": 0, "pProfPlusA": 0, "NTestedAmL": 0, "Begin_Cn_3": 0, "Develop__5": 0, "Prof_CntAm": 0, "Dist_CntAm": 0, "pBeginAmLi": 0, "pDevelopAm": 0, "pProfAmLit": 0, "pDistAmLit": 0, "DevPlus__5": 0, "ProfPlus_5": 0, "pDevPlusAm": 0, "pProfPlu_5": 0, "NTestedAna": 0, "Begin_Cn_4": 0, "Develop__6": 0, "Prof_CntAn": 0, "Dist_CntAn": 0, "pBeginAnal": 0, "pDevelopAn": 0, "pProfAnalG": 0, "pDistAnalG": 0, "DevPlus__6": 0, "ProfPlus_6": 0, "pDevPlusAn": 0, "pProfPlu_6": 0, "NTestedBio": 0, "Begin_CntB": 0, "Develop__7": 0, "Prof_CntBi": 0, "Dist_CntBi": 0, "pBeginBiol": 0, "pDevelopBi": 0, "pProfBiolo": 0, "pDistBiolo": 0, "DevPlus__7": 0, "ProfPlus_7": 0, "pDevPlusBi": 0, "pProfPlusB": 0, "NTestedCoo": 0, "Begin_CntC": 0, "Develop__8": 0, "Prof_CntCo": 0, "Dist_CntCo": 0, "pBeginCoor": 0, "pDevelopCo": 0, "pProfCoord": 0, "pDistCoord": 0, "DevPlus__8": 0, "ProfPlus_8": 0, "pDevPlusCo": 0, "pProfPlusC": 0, "NTestedEco": 0, "Begin_Cn_5": 0, "Develop__9": 0, "Prof_CntEc": 0, "Dist_CntEc": 0, "pBeginEcon": 0, "pDevelopEc": 0, "pProfEcon": 0, "pDistEcon": 0, "DevPlus__9": 0, "ProfPlus_9": 0, "pDevPlusEc": 0, "pProfPlu_7": 0, "NTestedGeo": 0, "Begin_CntG": 0, "Develop_10": 0, "Prof_CntGe": 0, "Dist_CntGe": 0, "pBeginGeom": 0, "pDevelopGe": 0, "pProfGeome": 0, "pDistGeome": 0, "DevPlus_10": 0, "ProfPlus10": 0, "pDevPlusGe": 0, "pProfPlusG": 0, "NTestedLit": 0, "Begin_CntL": 0, "Develop_11": 0, "Prof_CntLi": 0, "Dist_CntLi": 0, "pBeginLit9": 0, "pDevelopLi": 0, "pProfLit9": 0, "pDistLit9": 0, "DevPlus_11": 0, "ProfPlus11": 0, "pDevPlusLi": 0, "pProfPlusL": 0, "NTestedPhy": 0, "Begin_CntP": 0, "Develop_12": 0, "Prof_CntPh": 0, "Dist_CntPh": 0, "pBeginPhys": 0, "pDevelopPh": 0, "pProfPhysS": 0, "pDistPhysS": 0, "DevPlus_12": 0, "ProfPlus12": 0, "pDevPlusPh": 0, "pProfPlusP": 0, "NTestedUSH": 0, "Begin_CntU": 0, "Develop_13": 0, "Prof_CntUS": 0, "Dist_CntUS": 0, "pBeginUSHi": 0, "pDevelopUS": 0, "pProfUSHis": 0, "pDistUSHis": 0, "DevPlus_13": 0, "ProfPlus13": 0, "pDevPlusUS": 0, "pProfPlusU": 0, "NDropout71": 0, "pNDropout7": 0, "Graduation": 0, "NUMBER_OF_": 0, "pHopeEligi": 0, "chENROLLME": 22, "pchENROLLM": 5.56, "chCCRPI": 19, "chpProfPlu": 8, "chpProfP_1": 25, "chpProfP_2": 7, "chpProfP_3": 0, "chpELA8": 0, "chpProfP_4": 0, "chpProfP_5": 0, "chpProfP_6": 0, "chpProfP_7": 0, "chpProfP_8": 0, "chpProfP_9": 0, "chpProfP10": 0, "chpProfP11": 0, "chpProfP12": 0, "chpProfP13": 0, "chpProfP14": 0, "GlobalID": "{9F52BDEB-3A37-44E8-BE33-C35B558AE214}", "created_us": "opendata@arc", "created_da": "2020-03-25T00:00:00Z", "last_edite": "opendata@arc", "last_edi_1": "2020-03-25T00:00:00Z" }, "geometry": { "type": "Point", "coordinates": [ -84.354779190810007, 33.70430242621417 ] } },
{ "type": "Feature", "properties": { "OBJECTID": 2125, "SysSchool": 7615558, "GradeRange": "KK-05", "SchoolAddr": "500 Whitehall Ter SW", "SchoolCity": "Atlanta", "STATE": "GA", "SchoolZipC": "30312-2432", "MailAddres": "500 Whitehall Ter SW", "MailCity": "Atlanta", "MailZipCod": "30312-2432", "PrincipalN": "Sessoms, Ernest", "PrincipalE": "esessoms@atlanta.k12.ga.us", "SchoolPhon": "404.802.7950", "SchoolFax": "404.525.2778", "longitude": -84.401286, "latitude": 33.741286, "Year": 2019, "SchoolYear": "2018-19", "SystemID": 761, "SystemName": "Atlanta Public Schools", "SchoolID": 5558, "SchoolName": "Dunbar Elementary School", "Type": "Elementary School", "ENROLLMENT": 380, "ENROLL_PER": 0, "ENROLL_P_1": 0, "ENROLL_P_2": 95, "ENROLL_P_3": 3, "ENROLL_P_4": 1, "ENROLL_P_5": 1, "ENROLL_P_6": 0, "ENROLL_P_7": 100, "ENROLL_P_8": 6, "ENROLL_P_9": 1, "ENROLL_PCT": 1, "ENROLL_P10": 2, "direct_cer": 81, "pAbsent0_5": 44, "pAbsent6_1": 38, "pAbsent16P": 18, "Churn": 33, "TeacherCou": 29, "AvgExp": 13, "pYrsLt1": 7, "pYears1_10": 28, "pYears11_2": 52, "pYears21_3": 14, "pYearsGt30": 0, "Debt": 0, "GenAdmin": 0, "Instructio": 7600, "Support": 890, "Ops": 719, "Media": 77, "PServices": 1123, "Capital": 0, "SchoolAdmi": 1052, "Food": 0, "Transport": 6, "TotalSpend": 11467, "CCRPI": 62, "ClimateSta": 2, "NTestedELA": 56, "Begin_CntE": 33, "Develop_Cn": 16, "Prof_CntEL": 6, "Dist_CntEL": 1, "pBeginELA3": 59, "pDevelopEL": 29, "pProfELA3": 11, "pDistELA3": 2, "DevPlus_Cn": 23, "ProfPlus_C": 7, "pDevPlusEL": 41, "pProfPlusE": 13, "NTestedE_1": 63, "Begin_Cn_1": 23, "Develop__1": 27, "Prof_Cnt_1": 13, "Dist_Cnt_1": 0, "pBeginELA5": 37, "pDevelop_1": 43, "pProfELA5": 21, "pDistELA5": 0, "DevPlus__1": 40, "ProfPlus_1": 13, "pDevPlus_1": 64, "pProfPlu_1": 21, "NTestedMat": 56, "Begin_CntM": 25, "Develop__2": 23, "Prof_CntMa": 6, "Dist_CntMa": 2, "pBeginMath": 45, "pDevelopMa": 41, "pProfMath3": 11, "pDistMath3": 4, "DevPlus__2": 31, "ProfPlus_2": 8, "pDevPlusMa": 55, "pProfPlusM": 14, "NTestedM_1": 63, "Begin_Cn_2": 27, "Develop__3": 34, "Prof_Cnt_2": 2, "Dist_Cnt_2": 0, "pBeginMa_1": 43, "pDevelop_2": 54, "pProfMath5": 3, "pDistMath5": 0, "DevPlus__3": 36, "ProfPlus_3": 2, "pDevPlus_2": 57, "pProfPlu_2": 3, "NTestedE_2": 0, "BeginELA8_": 0, "DevelopELA": 0, "ProfELA8_C": 0, "DistELA8_C": 0, "NTestedM_2": 0, "BeginMath8": 0, "DevelopMat": 0, "ProfMath8_": 0, "DistMath8_": 0, "pBeginELA8": 0, "pDevelop_3": 0, "pProfELA8": 0, "pDistELA8": 0, "pBeginMa_2": 0, "pDevelop_4": 0, "pProfMath8": 0, "pDistMath8": 0, "DevPlusELA": 0, "ProfPlusEL": 0, "pDevPlus_3": 0, "pProfPlu_3": 0, "DevPlusMat": 0, "ProfPlusMa": 0, "pDevPlus_4": 0, "pProfPlu_4": 0, "NTestedAlg": 0, "Begin_CntA": 0, "Develop__4": 0, "Prof_CntAl": 0, "Dist_CntAl": 0, "pBeginAlge": 0, "pDevelopAl": 0, "pProfAlgeb": 0, "pDistAlgeb": 0, "DevPlus__4": 0, "ProfPlus_4": 0, "pDevPlusAl": 0, "pProfPlusA": 0, "NTestedAmL": 0, "Begin_Cn_3": 0, "Develop__5": 0, "Prof_CntAm": 0, "Dist_CntAm": 0, "pBeginAmLi": 0, "pDevelopAm": 0, "pProfAmLit": 0, "pDistAmLit": 0, "DevPlus__5": 0, "ProfPlus_5": 0, "pDevPlusAm": 0, "pProfPlu_5": 0, "NTestedAna": 0, "Begin_Cn_4": 0, "Develop__6": 0, "Prof_CntAn": 0, "Dist_CntAn": 0, "pBeginAnal": 0, "pDevelopAn": 0, "pProfAnalG": 0, "pDistAnalG": 0, "DevPlus__6": 0, "ProfPlus_6": 0, "pDevPlusAn": 0, "pProfPlu_6": 0, "NTestedBio": 0, "Begin_CntB": 0, "Develop__7": 0, "Prof_CntBi": 0, "Dist_CntBi": 0, "pBeginBiol": 0, "pDevelopBi": 0, "pProfBiolo": 0, "pDistBiolo": 0, "DevPlus__7": 0, "ProfPlus_7": 0, "pDevPlusBi": 0, "pProfPlusB": 0, "NTestedCoo": 0, "Begin_CntC": 0, "Develop__8": 0, "Prof_CntCo": 0, "Dist_CntCo": 0, "pBeginCoor": 0, "pDevelopCo": 0, "pProfCoord": 0, "pDistCoord": 0, "DevPlus__8": 0, "ProfPlus_8": 0, "pDevPlusCo": 0, "pProfPlusC": 0, "NTestedEco": 0, "Begin_Cn_5": 0, "Develop__9": 0, "Prof_CntEc": 0, "Dist_CntEc": 0, "pBeginEcon": 0, "pDevelopEc": 0, "pProfEcon": 0, "pDistEcon": 0, "DevPlus__9": 0, "ProfPlus_9": 0, "pDevPlusEc": 0, "pProfPlu_7": 0, "NTestedGeo": 0, "Begin_CntG": 0, "Develop_10": 0, "Prof_CntGe": 0, "Dist_CntGe": 0, "pBeginGeom": 0, "pDevelopGe": 0, "pProfGeome": 0, "pDistGeome": 0, "DevPlus_10": 0, "ProfPlus10": 0, "pDevPlusGe": 0, "pProfPlusG": 0, "NTestedLit": 0, "Begin_CntL": 0, "Develop_11": 0, "Prof_CntLi": 0, "Dist_CntLi": 0, "pBeginLit9": 0, "pDevelopLi": 0, "pProfLit9": 0, "pDistLit9": 0, "DevPlus_11": 0, "ProfPlus11": 0, "pDevPlusLi": 0, "pProfPlusL": 0, "NTestedPhy": 0, "Begin_CntP": 0, "Develop_12": 0, "Prof_CntPh": 0, "Dist_CntPh": 0, "pBeginPhys": 0, "pDevelopPh": 0, "pProfPhysS": 0, "pDistPhysS": 0, "DevPlus_12": 0, "ProfPlus12": 0, "pDevPlusPh": 0, "pProfPlusP": 0, "NTestedUSH": 0, "Begin_CntU": 0, "Develop_13": 0, "Prof_CntUS": 0, "Dist_CntUS": 0, "pBeginUSHi": 0, "pDevelopUS": 0, "pProfUSHis": 0, "pDistUSHis": 0, "DevPlus_13": 0, "ProfPlus13": 0, "pDevPlusUS": 0, "pProfPlusU": 0, "NDropout71": 0, "pNDropout7": 0, "Graduation": 0, "NUMBER_OF_": 0, "pHopeEligi": 0, "chENROLLME": -9, "pchENROLLM": -2.31, "chCCRPI": 4, "chpProfPlu": 3, "chpProfP_1": 1, "chpProfP_2": 6, "chpProfP_3": -14, "chpELA8": 0, "chpProfP_4": 0, "chpProfP_5": 0, "chpProfP_6": 0, "chpProfP_7": 0, "chpProfP_8": 0, "chpProfP_9": 0, "chpProfP10": 0, "chpProfP11": 0, "chpProfP12": 0, "chpProfP13": 0, "chpProfP14": 0, "GlobalID": "{3B70D1A0-E4B8-4126-942A-8474258C4B93}", "created_us": "opendata@arc", "created_da": "2020-03-25T00:00:00Z", "last_edite": "opendata@arc", "last_edi_1": "2020-03-25T00:00:00Z" }, "geometry": { "type": "Point", "coordinates": [ -84.401290205755402, 33.741292431947109 ] } },
{ "type": "Feature", "properties": { "OBJECTID": 2126, "SysSchool": 7615562, "GradeRange": "PK-05", "SchoolAddr": "21 Thirkield Ave SW", "SchoolCity": "Atlanta", "STATE": "GA", "SchoolZipC": "30315-3505", "MailAddres": "21 Thirkield Ave SW", "MailCity": "Atlanta", "MailZipCod": "30315-3505", "PrincipalN": "Mitchell, Melanie", "PrincipalE": "mcmitchell@atlanta.k12.ga.us", "SchoolPhon": "404.802.8750", "SchoolFax": "404.362.2408", "longitude": -84.388666, "latitude": 33.71503, "Year": 2019, "SchoolYear": "2018-19", "SystemID": 761, "SystemName": "Atlanta Public Schools", "SchoolID": 5562, "SchoolName": "Humphries Elementary School", "Type": "Elementary School", "ENROLLMENT": 280, "ENROLL_PER": 0, "ENROLL_P_1": 0, "ENROLL_P_2": 89, "ENROLL_P_3": 10, "ENROLL_P_4": 0, "ENROLL_P_5": 0, "ENROLL_P_6": 0, "ENROLL_P_7": 100, "ENROLL_P_8": 12, "ENROLL_P_9": 8, "ENROLL_PCT": 7, "ENROLL_P10": 2, "direct_cer": 79, "pAbsent0_5": 52, "pAbsent6_1": 33, "pAbsent16P": 15, "Churn": 25, "TeacherCou": 28, "AvgExp": 13, "pYrsLt1": 4, "pYears1_10": 36, "pYears11_2": 50, "pYears21_3": 11, "pYearsGt30": 0, "Debt": 0, "GenAdmin": 0, "Instructio": 10254, "Support": 621, "Ops": 822, "Media": 194, "PServices": 279, "Capital": 0, "SchoolAdmi": 1427, "Food": 0, "Transport": 14, "TotalSpend": 13612, "CCRPI": 69, "ClimateSta": 3, "NTestedELA": 44, "Begin_CntE": 19, "Develop_Cn": 14, "Prof_CntEL": 10, "Dist_CntEL": 1, "pBeginELA3": 43, "pDevelopEL": 32, "pProfELA3": 23, "pDistELA3": 2, "DevPlus_Cn": 25, "ProfPlus_C": 11, "pDevPlusEL": 57, "pProfPlusE": 25, "NTestedE_1": 43, "Begin_Cn_1": 13, "Develop__1": 17, "Prof_Cnt_1": 11, "Dist_Cnt_1": 2, "pBeginELA5": 30, "pDevelop_1": 40, "pProfELA5": 26, "pDistELA5": 5, "DevPlus__1": 30, "ProfPlus_1": 13, "pDevPlus_1": 70, "pProfPlu_1": 30, "NTestedMat": 44, "Begin_CntM": 11, "Develop__2": 17, "Prof_CntMa": 16, "Dist_CntMa": 0, "pBeginMath": 25, "pDevelopMa": 39, "pProfMath3": 36, "pDistMath3": 0, "DevPlus__2": 33, "ProfPlus_2": 16, "pDevPlusMa": 75, "pProfPlusM": 36, "NTestedM_1": 43, "Begin_Cn_2": 21, "Develop__3": 20, "Prof_Cnt_2": 2, "Dist_Cnt_2": 0, "pBeginMa_1": 49, "pDevelop_2": 47, "pProfMath5": 5, "pDistMath5": 0, "DevPlus__3": 22, "ProfPlus_3": 2, "pDevPlus_2": 51, "pProfPlu_2": 5, "NTestedE_2": 0, "BeginELA8_": 0, "DevelopELA": 0, "ProfELA8_C": 0, "DistELA8_C": 0, "NTestedM_2": 0, "BeginMath8": 0, "DevelopMat": 0, "ProfMath8_": 0, "DistMath8_": 0, "pBeginELA8": 0, "pDevelop_3": 0, "pProfELA8": 0, "pDistELA8": 0, "pBeginMa_2": 0, "pDevelop_4": 0, "pProfMath8": 0, "pDistMath8": 0, "DevPlusELA": 0, "ProfPlusEL": 0, "pDevPlus_3": 0, "pProfPlu_3": 0, "DevPlusMat": 0, "ProfPlusMa": 0, "pDevPlus_4": 0, "pProfPlu_4": 0, "NTestedAlg": 0, "Begin_CntA": 0, "Develop__4": 0, "Prof_CntAl": 0, "Dist_CntAl": 0, "pBeginAlge": 0, "pDevelopAl": 0, "pProfAlgeb": 0, "pDistAlgeb": 0, "DevPlus__4": 0, "ProfPlus_4": 0, "pDevPlusAl": 0, "pProfPlusA": 0, "NTestedAmL": 0, "Begin_Cn_3": 0, "Develop__5": 0, "Prof_CntAm": 0, "Dist_CntAm": 0, "pBeginAmLi": 0, "pDevelopAm": 0, "pProfAmLit": 0, "pDistAmLit": 0, "DevPlus__5": 0, "ProfPlus_5": 0, "pDevPlusAm": 0, "pProfPlu_5": 0, "NTestedAna": 0, "Begin_Cn_4": 0, "Develop__6": 0, "Prof_CntAn": 0, "Dist_CntAn": 0, "pBeginAnal": 0, "pDevelopAn": 0, "pProfAnalG": 0, "pDistAnalG": 0, "DevPlus__6": 0, "ProfPlus_6": 0, "pDevPlusAn": 0, "pProfPlu_6": 0, "NTestedBio": 0, "Begin_CntB": 0, "Develop__7": 0, "Prof_CntBi": 0, "Dist_CntBi": 0, "pBeginBiol": 0, "pDevelopBi": 0, "pProfBiolo": 0, "pDistBiolo": 0, "DevPlus__7": 0, "ProfPlus_7": 0, "pDevPlusBi": 0, "pProfPlusB": 0, "NTestedCoo": 0, "Begin_CntC": 0, "Develop__8": 0, "Prof_CntCo": 0, "Dist_CntCo": 0, "pBeginCoor": 0, "pDevelopCo": 0, "pProfCoord": 0, "pDistCoord": 0, "DevPlus__8": 0, "ProfPlus_8": 0, "pDevPlusCo": 0, "pProfPlusC": 0, "NTestedEco": 0, "Begin_Cn_5": 0, "Develop__9": 0, "Prof_CntEc": 0, "Dist_CntEc": 0, "pBeginEcon": 0, "pDevelopEc": 0, "pProfEcon": 0, "pDistEcon": 0, "DevPlus__9": 0, "ProfPlus_9": 0, "pDevPlusEc": 0, "pProfPlu_7": 0, "NTestedGeo": 0, "Begin_CntG": 0, "Develop_10": 0, "Prof_CntGe": 0, "Dist_CntGe": 0, "pBeginGeom": 0, "pDevelopGe": 0, "pProfGeome": 0, "pDistGeome": 0, "DevPlus_10": 0, "ProfPlus10": 0, "pDevPlusGe": 0, "pProfPlusG": 0, "NTestedLit": 0, "Begin_CntL": 0, "Develop_11": 0, "Prof_CntLi": 0, "Dist_CntLi": 0, "pBeginLit9": 0, "pDevelopLi": 0, "pProfLit9": 0, "pDistLit9": 0, "DevPlus_11": 0, "ProfPlus11": 0, "pDevPlusLi": 0, "pProfPlusL": 0, "NTestedPhy": 0, "Begin_CntP": 0, "Develop_12": 0, "Prof_CntPh": 0, "Dist_CntPh": 0, "pBeginPhys": 0, "pDevelopPh": 0, "pProfPhysS": 0, "pDistPhysS": 0, "DevPlus_12": 0, "ProfPlus12": 0, "pDevPlusPh": 0, "pProfPlusP": 0, "NTestedUSH": 0, "Begin_CntU": 0, "Develop_13": 0, "Prof_CntUS": 0, "Dist_CntUS": 0, "pBeginUSHi": 0, "pDevelopUS": 0, "pProfUSHis": 0, "pDistUSHis": 0, "DevPlus_13": 0, "ProfPlus13": 0, "pDevPlusUS": 0, "pProfPlusU": 0, "NDropout71": 0, "pNDropout7": 0, "Graduation": 0, "NUMBER_OF_": 0, "pHopeEligi": 0, "chENROLLME": -53, "pchENROLLM": -15.91, "chCCRPI": 7, "chpProfPlu": 11, "chpProfP_1": 24, "chpProfP_2": 2, "chpProfP_3": -18, "chpELA8": 0, "chpProfP_4": 0, "chpProfP_5": 0, "chpProfP_6": 0, "chpProfP_7": 0, "chpProfP_8": 0, "chpProfP_9": 0, "chpProfP10": 0, "chpProfP11": 0, "chpProfP12": 0, "chpProfP13": 0, "chpProfP14": 0, "GlobalID": "{A0CB1D33-FAB0-442F-88A9-E7B0C7D92B3D}", "created_us": "opendata@arc", "created_da": "2020-03-25T00:00:00Z", "last_edite": "opendata@arc", "last_edi_1": "2020-03-25T00:00:00Z" }, "geometry": { "type": "Point", "coordinates": [ -84.38867020102856, 33.715036427099648 ] } },
{ "type": "Feature", "properties": { "OBJECTID": 2127, "SysSchool": 7615566, "GradeRange": "PK-05", "SchoolAddr": "1625 Martin Luther King Jr Dr NW", "SchoolCity": "Atlanta", "STATE": "GA", "SchoolZipC": "30314-2207", "MailAddres": "1625 Martin Luther King Jr Dr NW", "MailCity": "Atlanta", "MailZipCod": "30314-2207", "PrincipalN": "Earls, Phyllis", "PrincipalE": "pearls@atlanta.k12.ga.us", "SchoolPhon": "404.802.7500", "SchoolFax": "404.752.0701", "longitude": -84.442468, "latitude": 33.75364, "Year": 2019, "SchoolYear": "2018-19", "SystemID": 761, "SystemName": "Atlanta Public Schools", "SchoolID": 5566, "SchoolName": "F. L. Stanton Elementary School", "Type": "Elementary School", "ENROLLMENT": 261, "ENROLL_PER": 0, "ENROLL_P_1": 0, "ENROLL_P_2": 98, "ENROLL_P_3": 0, "ENROLL_P_4": 1, "ENROLL_P_5": 1, "ENROLL_P_6": 0, "ENROLL_P_7": 100, "ENROLL_P_8": 11, "ENROLL_P_9": 0, "ENROLL_PCT": 0, "ENROLL_P10": 2, "direct_cer": 78, "pAbsent0_5": 48, "pAbsent6_1": 41, "pAbsent16P": 12, "Churn": 39, "TeacherCou": 23, "AvgExp": 15, "pYrsLt1": 0, "pYears1_10": 44, "pYears11_2": 17, "pYears21_3": 39, "pYearsGt30": 0, "Debt": 0, "GenAdmin": 0, "Instructio": 9176, "Support": 1866, "Ops": 981, "Media": 425, "PServices": 1706, "Capital": 0, "SchoolAdmi": 1531, "Food": 0, "Transport": 0, "TotalSpend": 15686, "CCRPI": 68, "ClimateSta": 2, "NTestedELA": 46, "Begin_CntE": 30, "Develop_Cn": 11, "Prof_CntEL": 3, "Dist_CntEL": 2, "pBeginELA3": 65, "pDevelopEL": 24, "pProfELA3": 7, "pDistELA3": 4, "DevPlus_Cn": 16, "ProfPlus_C": 5, "pDevPlusEL": 35, "pProfPlusE": 11, "NTestedE_1": 35, "Begin_Cn_1": 12, "Develop__1": 15, "Prof_Cnt_1": 8, "Dist_Cnt_1": 0, "pBeginELA5": 34, "pDevelop_1": 43, "pProfELA5": 23, "pDistELA5": 0, "DevPlus__1": 23, "ProfPlus_1": 8, "pDevPlus_1": 66, "pProfPlu_1": 23, "NTestedMat": 46, "Begin_CntM": 14, "Develop__2": 21, "Prof_CntMa": 10, "Dist_CntMa": 1, "pBeginMath": 30, "pDevelopMa": 46, "pProfMath3": 22, "pDistMath3": 2, "DevPlus__2": 32, "ProfPlus_2": 11, "pDevPlusMa": 70, "pProfPlusM": 24, "NTestedM_1": 35, "Begin_Cn_2": 12, "Develop__3": 22, "Prof_Cnt_2": 1, "Dist_Cnt_2": 0, "pBeginMa_1": 34, "pDevelop_2": 63, "pProfMath5": 3, "pDistMath5": 0, "DevPlus__3": 23, "ProfPlus_3": 1, "pDevPlus_2": 66, "pProfPlu_2": 3, "NTestedE_2": 0, "BeginELA8_": 0, "DevelopELA": 0, "ProfELA8_C": 0, "DistELA8_C": 0, "NTestedM_2": 0, "BeginMath8": 0, "DevelopMat": 0, "ProfMath8_": 0, "DistMath8_": 0, "pBeginELA8": 0, "pDevelop_3": 0, "pProfELA8": 0, "pDistELA8": 0, "pBeginMa_2": 0, "pDevelop_4": 0, "pProfMath8": 0, "pDistMath8": 0, "DevPlusELA": 0, "ProfPlusEL": 0, "pDevPlus_3": 0, "pProfPlu_3": 0, "DevPlusMat": 0, "ProfPlusMa": 0, "pDevPlus_4": 0, "pProfPlu_4": 0, "NTestedAlg": 0, "Begin_CntA": 0, "Develop__4": 0, "Prof_CntAl": 0, "Dist_CntAl": 0, "pBeginAlge": 0, "pDevelopAl": 0, "pProfAlgeb": 0, "pDistAlgeb": 0, "DevPlus__4": 0, "ProfPlus_4": 0, "pDevPlusAl": 0, "pProfPlusA": 0, "NTestedAmL": 0, "Begin_Cn_3": 0, "Develop__5": 0, "Prof_CntAm": 0, "Dist_CntAm": 0, "pBeginAmLi": 0, "pDevelopAm": 0, "pProfAmLit": 0, "pDistAmLit": 0, "DevPlus__5": 0, "ProfPlus_5": 0, "pDevPlusAm": 0, "pProfPlu_5": 0, "NTestedAna": 0, "Begin_Cn_4": 0, "Develop__6": 0, "Prof_CntAn": 0, "Dist_CntAn": 0, "pBeginAnal": 0, "pDevelopAn": 0, "pProfAnalG": 0, "pDistAnalG": 0, "DevPlus__6": 0, "ProfPlus_6": 0, "pDevPlusAn": 0, "pProfPlu_6": 0, "NTestedBio": 0, "Begin_CntB": 0, "Develop__7": 0, "Prof_CntBi": 0, "Dist_CntBi": 0, "pBeginBiol": 0, "pDevelopBi": 0, "pProfBiolo": 0, "pDistBiolo": 0, "DevPlus__7": 0, "ProfPlus_7": 0, "pDevPlusBi": 0, "pProfPlusB": 0, "NTestedCoo": 0, "Begin_CntC": 0, "Develop__8": 0, "Prof_CntCo": 0, "Dist_CntCo": 0, "pBeginCoor": 0, "pDevelopCo": 0, "pProfCoord": 0, "pDistCoord": 0, "DevPlus__8": 0, "ProfPlus_8": 0, "pDevPlusCo": 0, "pProfPlusC": 0, "NTestedEco": 0, "Begin_Cn_5": 0, "Develop__9": 0, "Prof_CntEc": 0, "Dist_CntEc": 0, "pBeginEcon": 0, "pDevelopEc": 0, "pProfEcon": 0, "pDistEcon": 0, "DevPlus__9": 0, "ProfPlus_9": 0, "pDevPlusEc": 0, "pProfPlu_7": 0, "NTestedGeo": 0, "Begin_CntG": 0, "Develop_10": 0, "Prof_CntGe": 0, "Dist_CntGe": 0, "pBeginGeom": 0, "pDevelopGe": 0, "pProfGeome": 0, "pDistGeome": 0, "DevPlus_10": 0, "ProfPlus10": 0, "pDevPlusGe": 0, "pProfPlusG": 0, "NTestedLit": 0, "Begin_CntL": 0, "Develop_11": 0, "Prof_CntLi": 0, "Dist_CntLi": 0, "pBeginLit9": 0, "pDevelopLi": 0, "pProfLit9": 0, "pDistLit9": 0, "DevPlus_11": 0, "ProfPlus11": 0, "pDevPlusLi": 0, "pProfPlusL": 0, "NTestedPhy": 0, "Begin_CntP": 0, "Develop_12": 0, "Prof_CntPh": 0, "Dist_CntPh": 0, "pBeginPhys": 0, "pDevelopPh": 0, "pProfPhysS": 0, "pDistPhysS": 0, "DevPlus_12": 0, "ProfPlus12": 0, "pDevPlusPh": 0, "pProfPlusP": 0, "NTestedUSH": 0, "Begin_CntU": 0, "Develop_13": 0, "Prof_CntUS": 0, "Dist_CntUS": 0, "pBeginUSHi": 0, "pDevelopUS": 0, "pProfUSHis": 0, "pDistUSHis": 0, "DevPlus_13": 0, "ProfPlus13": 0, "pDevPlusUS": 0, "pProfPlusU": 0, "NDropout71": 0, "pNDropout7": 0, "Graduation": 0, "NUMBER_OF_": 0, "pHopeEligi": 0, "chENROLLME": 2, "pchENROLLM": 0.77, "chCCRPI": 17, "chpProfPlu": 1, "chpProfP_1": 9, "chpProfP_2": 8, "chpProfP_3": -7, "chpELA8": 0, "chpProfP_4": 0, "chpProfP_5": 0, "chpProfP_6": 0, "chpProfP_7": 0, "chpProfP_8": 0, "chpProfP_9": 0, "chpProfP10": 0, "chpProfP11": 0, "chpProfP12": 0, "chpProfP13": 0, "chpProfP14": 0, "GlobalID": "{B3912D71-D602-4866-822B-3A2F3A8CF8C9}", "created_us": "opendata@arc", "created_da": "2020-03-25T00:00:00Z", "last_edite": "opendata@arc", "last_edi_1": "2020-03-25T00:00:00Z" }, "geometry": { "type": "Point", "coordinates": [ -84.442472218602674, 33.753646432901576 ] } },
{ "type": "Feature", "properties": { "OBJECTID": 2128, "SysSchool": 7615567, "GradeRange": "PK-05", "SchoolAddr": "65 Rogers St NE", "SchoolCity": "Atlanta", "STATE": "GA", "SchoolZipC": "30317-1018", "MailAddres": "65 Rogers St NE", "MailCity": "Atlanta", "MailZipCod": "30317-1018", "PrincipalN": "Brown, Caroline", "PrincipalE": "caebrown@atlanta.k12.ga.us", "SchoolPhon": "404.802.3450", "SchoolFax": "404.687.7992", "longitude": -84.328181, "latitude": 33.754894, "Year": 2019, "SchoolYear": "2018-19", "SystemID": 761, "SystemName": "Atlanta Public Schools", "SchoolID": 5567, "SchoolName": "Toomer Elementary School", "Type": "Elementary School", "ENROLLMENT": 424, "ENROLL_PER": 1, "ENROLL_P_1": 0, "ENROLL_P_2": 75, "ENROLL_P_3": 1, "ENROLL_P_4": 3, "ENROLL_P_5": 19, "ENROLL_P_6": 0, "ENROLL_P_7": 100, "ENROLL_P_8": 16, "ENROLL_P_9": 1, "ENROLL_PCT": 1, "ENROLL_P10": 5, "direct_cer": 55, "pAbsent0_5": 47, "pAbsent6_1": 39, "pAbsent16P": 14, "Churn": 15, "TeacherCou": 41, "AvgExp": 12, "pYrsLt1": 7, "pYears1_10": 46, "pYears11_2": 22, "pYears21_3": 24, "pYearsGt30": 0, "Debt": 0, "GenAdmin": 0, "Instructio": 9871, "Support": 493, "Ops": 711, "Media": 241, "PServices": 707, "Capital": 0, "SchoolAdmi": 1192, "Food": 0, "Transport": 17, "TotalSpend": 13232, "CCRPI": 59, "ClimateSta": 2, "NTestedELA": 68, "Begin_CntE": 30, "Develop_Cn": 19, "Prof_CntEL": 15, "Dist_CntEL": 4, "pBeginELA3": 44, "pDevelopEL": 28, "pProfELA3": 22, "pDistELA3": 6, "DevPlus_Cn": 38, "ProfPlus_C": 19, "pDevPlusEL": 56, "pProfPlusE": 28, "NTestedE_1": 58, "Begin_Cn_1": 28, "Develop__1": 17, "Prof_Cnt_1": 12, "Dist_Cnt_1": 1, "pBeginELA5": 48, "pDevelop_1": 29, "pProfELA5": 21, "pDistELA5": 2, "DevPlus__1": 30, "ProfPlus_1": 13, "pDevPlus_1": 52, "pProfPlu_1": 22, "NTestedMat": 68, "Begin_CntM": 19, "Develop__2": 27, "Prof_CntMa": 18, "Dist_CntMa": 4, "pBeginMath": 28, "pDevelopMa": 40, "pProfMath3": 27, "pDistMath3": 6, "DevPlus__2": 49, "ProfPlus_2": 22, "pDevPlusMa": 72, "pProfPlusM": 32, "NTestedM_1": 58, "Begin_Cn_2": 31, "Develop__3": 22, "Prof_Cnt_2": 5, "Dist_Cnt_2": 0, "pBeginMa_1": 53, "pDevelop_2": 38, "pProfMath5": 9, "pDistMath5": 0, "DevPlus__3": 27, "ProfPlus_3": 5, "pDevPlus_2": 47, "pProfPlu_2": 9, "NTestedE_2": 0, "BeginELA8_": 0, "DevelopELA": 0, "ProfELA8_C": 0, "DistELA8_C": 0, "NTestedM_2": 0, "BeginMath8": 0, "DevelopMat": 0, "ProfMath8_": 0, "DistMath8_": 0, "pBeginELA8": 0, "pDevelop_3": 0, "pProfELA8": 0, "pDistELA8": 0, "pBeginMa_2": 0, "pDevelop_4": 0, "pProfMath8": 0, "pDistMath8": 0, "DevPlusELA": 0, "ProfPlusEL": 0, "pDevPlus_3": 0, "pProfPlu_3": 0, "DevPlusMat": 0, "ProfPlusMa": 0, "pDevPlus_4": 0, "pProfPlu_4": 0, "NTestedAlg": 0, "Begin_CntA": 0, "Develop__4": 0, "Prof_CntAl": 0, "Dist_CntAl": 0, "pBeginAlge": 0, "pDevelopAl": 0, "pProfAlgeb": 0, "pDistAlgeb": 0, "DevPlus__4": 0, "ProfPlus_4": 0, "pDevPlusAl": 0, "pProfPlusA": 0, "NTestedAmL": 0, "Begin_Cn_3": 0, "Develop__5": 0, "Prof_CntAm": 0, "Dist_CntAm": 0, "pBeginAmLi": 0, "pDevelopAm": 0, "pProfAmLit": 0, "pDistAmLit": 0, "DevPlus__5": 0, "ProfPlus_5": 0, "pDevPlusAm": 0, "pProfPlu_5": 0, "NTestedAna": 0, "Begin_Cn_4": 0, "Develop__6": 0, "Prof_CntAn": 0, "Dist_CntAn": 0, "pBeginAnal": 0, "pDevelopAn": 0, "pProfAnalG": 0, "pDistAnalG": 0, "DevPlus__6": 0, "ProfPlus_6": 0, "pDevPlusAn": 0, "pProfPlu_6": 0, "NTestedBio": 0, "Begin_CntB": 0, "Develop__7": 0, "Prof_CntBi": 0, "Dist_CntBi": 0, "pBeginBiol": 0, "pDevelopBi": 0, "pProfBiolo": 0, "pDistBiolo": 0, "DevPlus__7": 0, "ProfPlus_7": 0, "pDevPlusBi": 0, "pProfPlusB": 0, "NTestedCoo": 0, "Begin_CntC": 0, "Develop__8": 0, "Prof_CntCo": 0, "Dist_CntCo": 0, "pBeginCoor": 0, "pDevelopCo": 0, "pProfCoord": 0, "pDistCoord": 0, "DevPlus__8": 0, "ProfPlus_8": 0, "pDevPlusCo": 0, "pProfPlusC": 0, "NTestedEco": 0, "Begin_Cn_5": 0, "Develop__9": 0, "Prof_CntEc": 0, "Dist_CntEc": 0, "pBeginEcon": 0, "pDevelopEc": 0, "pProfEcon": 0, "pDistEcon": 0, "DevPlus__9": 0, "ProfPlus_9": 0, "pDevPlusEc": 0, "pProfPlu_7": 0, "NTestedGeo": 0, "Begin_CntG": 0, "Develop_10": 0, "Prof_CntGe": 0, "Dist_CntGe": 0, "pBeginGeom": 0, "pDevelopGe": 0, "pProfGeome": 0, "pDistGeome": 0, "DevPlus_10": 0, "ProfPlus10": 0, "pDevPlusGe": 0, "pProfPlusG": 0, "NTestedLit": 0, "Begin_CntL": 0, "Develop_11": 0, "Prof_CntLi": 0, "Dist_CntLi": 0, "pBeginLit9": 0, "pDevelopLi": 0, "pProfLit9": 0, "pDistLit9": 0, "DevPlus_11": 0, "ProfPlus11": 0, "pDevPlusLi": 0, "pProfPlusL": 0, "NTestedPhy": 0, "Begin_CntP": 0, "Develop_12": 0, "Prof_CntPh": 0, "Dist_CntPh": 0, "pBeginPhys": 0, "pDevelopPh": 0, "pProfPhysS": 0, "pDistPhysS": 0, "DevPlus_12": 0, "ProfPlus12": 0, "pDevPlusPh": 0, "pProfPlusP": 0, "NTestedUSH": 0, "Begin_CntU": 0, "Develop_13": 0, "Prof_CntUS": 0, "Dist_CntUS": 0, "pBeginUSHi": 0, "pDevelopUS": 0, "pProfUSHis": 0, "pDistUSHis": 0, "DevPlus_13": 0, "ProfPlus13": 0, "pDevPlusUS": 0, "pProfPlusU": 0, "NDropout71": 0, "pNDropout7": 0, "Graduation": 0, "NUMBER_OF_": 0, "pHopeEligi": 0, "chENROLLME": 148, "pchENROLLM": 53.62, "chCCRPI": 1, "chpProfPlu": -9, "chpProfP_1": -3, "chpProfP_2": -4, "chpProfP_3": 9, "chpELA8": 0, "chpProfP_4": 0, "chpProfP_5": 0, "chpProfP_6": 0, "chpProfP_7": 0, "chpProfP_8": 0, "chpProfP_9": 0, "chpProfP10": 0, "chpProfP11": 0, "chpProfP12": 0, "chpProfP13": 0, "chpProfP14": 0, "GlobalID": "{1BE2E675-29A8-4D76-A92D-F2B9F38E77B3}", "created_us": "opendata@arc", "created_da": "2020-03-25T00:00:00Z", "last_edite": "opendata@arc", "last_edi_1": "2020-03-25T00:00:00Z" }, "geometry": { "type": "Point", "coordinates": [ -84.328185185762891, 33.754900438012911 ] } },
{ "type": "Feature", "properties": { "OBJECTID": 2206, "SysSchool": 7820120, "GradeRange": "KK-12", "SchoolAddr": "1745 Phoenix Blvd Ste 100", "SchoolCity": "Atlanta", "STATE": "GA", "SchoolZipC": "30349-5534", "MailAddres": "1745 Phoenix Blvd Ste 100", "MailCity": "Atlanta", "MailZipCod": "30349-5534", "PrincipalN": "Lassetter, Angela", "PrincipalE": " ", "SchoolPhon": "404.334.4790", "SchoolFax": " ", "longitude": -84.446224, "latitude": 33.615769, "Year": 2019, "SchoolYear": "2018-19", "SystemID": 7820120, "SystemName": "State Charter Schools- Georgia Cyber Academy", "SchoolID": 120, "SchoolName": "Georgia Cyber Academy", "Type": "K12", "ENROLLMENT": 11173, "ENROLL_PER": 2, "ENROLL_P_1": 0, "ENROLL_P_2": 38, "ENROLL_P_3": 8, "ENROLL_P_4": 7, "ENROLL_P_5": 45, "ENROLL_P_6": 0, "ENROLL_P_7": 45, "ENROLL_P_8": 14, "ENROLL_P_9": 2, "ENROLL_PCT": 1, "ENROLL_P10": 9, "direct_cer": 34, "pAbsent0_5": 98, "pAbsent6_1": 1, "pAbsent16P": 1, "Churn": 26, "TeacherCou": 393, "AvgExp": 12, "pYrsLt1": 0, "pYears1_10": 45, "pYears11_2": 45, "pYears21_3": 9, "pYearsGt30": 1, "Debt": 0, "GenAdmin": 31, "Instructio": 6972, "Support": 983, "Ops": 18, "Media": 0, "PServices": 0, "Capital": 0, "SchoolAdmi": 189, "Food": 0, "Transport": 0, "TotalSpend": 8193, "CCRPI": 0, "ClimateSta": 0, "NTestedELA": 424, "Begin_CntE": 162, "Develop_Cn": 131, "Prof_CntEL": 95, "Dist_CntEL": 36, "pBeginELA3": 38, "pDevelopEL": 31, "pProfELA3": 22, "pDistELA3": 9, "DevPlus_Cn": 262, "ProfPlus_C": 131, "pDevPlusEL": 62, "pProfPlusE": 31, "NTestedE_1": 612, "Begin_Cn_1": 161, "Develop__1": 226, "Prof_Cnt_1": 188, "Dist_Cnt_1": 37, "pBeginELA5": 26, "pDevelop_1": 37, "pProfELA5": 31, "pDistELA5": 6, "DevPlus__1": 451, "ProfPlus_1": 225, "pDevPlus_1": 74, "pProfPlu_1": 37, "NTestedMat": 424, "Begin_CntM": 176, "Develop__2": 127, "Prof_CntMa": 95, "Dist_CntMa": 26, "pBeginMath": 42, "pDevelopMa": 30, "pProfMath3": 22, "pDistMath3": 6, "DevPlus__2": 248, "ProfPlus_2": 121, "pDevPlusMa": 59, "pProfPlusM": 29, "NTestedM_1": 610, "Begin_Cn_2": 258, "Develop__3": 229, "Prof_Cnt_2": 109, "Dist_Cnt_2": 14, "pBeginMa_1": 42, "pDevelop_2": 38, "pProfMath5": 18, "pDistMath5": 2, "DevPlus__3": 352, "ProfPlus_3": 123, "pDevPlus_2": 58, "pProfPlu_2": 20, "NTestedE_2": 918, "BeginELA8_": 158, "DevelopELA": 348, "ProfELA8_C": 349, "DistELA8_C": 63, "NTestedM_2": 977, "BeginMath8": 317, "DevelopMat": 421, "ProfMath8_": 203, "DistMath8_": 35, "pBeginELA8": 17, "pDevelop_3": 38, "pProfELA8": 38, "pDistELA8": 7, "pBeginMa_2": 32, "pDevelop_4": 43, "pProfMath8": 21, "pDistMath8": 4, "DevPlusELA": 760, "ProfPlusEL": 412, "pDevPlus_3": 83, "pProfPlu_3": 45, "DevPlusMat": 659, "ProfPlusMa": 238, "pDevPlus_4": 68, "pProfPlu_4": 24, "NTestedAlg": 1125, "Begin_CntA": 646, "Develop__4": 334, "Prof_CntAl": 126, "Dist_CntAl": 19, "pBeginAlge": 57, "pDevelopAl": 30, "pProfAlgeb": 11, "pDistAlgeb": 2, "DevPlus__4": 479, "ProfPlus_4": 145, "pDevPlusAl": 43, "pProfPlusA": 13, "NTestedAmL": 896, "Begin_Cn_3": 203, "Develop__5": 337, "Prof_CntAm": 302, "Dist_CntAm": 54, "pBeginAmLi": 23, "pDevelopAm": 38, "pProfAmLit": 34, "pDistAmLit": 6, "DevPlus__5": 693, "ProfPlus_5": 356, "pDevPlusAm": 77, "pProfPlu_5": 40, "NTestedAna": 0, "Begin_Cn_4": 0, "Develop__6": 0, "Prof_CntAn": 0, "Dist_CntAn": 0, "pBeginAnal": 0, "pDevelopAn": 0, "pProfAnalG": 0, "pDistAnalG": 0, "DevPlus__6": 0, "ProfPlus_6": 0, "pDevPlusAn": 0, "pProfPlu_6": 0, "NTestedBio": 1047, "Begin_CntB": 336, "Develop__7": 241, "Prof_CntBi": 353, "Dist_CntBi": 117, "pBeginBiol": 32, "pDevelopBi": 23, "pProfBiolo": 34, "pDistBiolo": 11, "DevPlus__7": 711, "ProfPlus_7": 470, "pDevPlusBi": 68, "pProfPlusB": 45, "NTestedCoo": 0, "Begin_CntC": 0, "Develop__8": 0, "Prof_CntCo": 0, "Dist_CntCo": 0, "pBeginCoor": 0, "pDevelopCo": 0, "pProfCoord": 0, "pDistCoord": 0, "DevPlus__8": 0, "ProfPlus_8": 0, "pDevPlusCo": 0, "pProfPlusC": 0, "NTestedEco": 827, "Begin_Cn_5": 304, "Develop__9": 270, "Prof_CntEc": 217, "Dist_CntEc": 36, "pBeginEcon": 37, "pDevelopEc": 33, "pProfEcon": 26, "pDistEcon": 4, "DevPlus__9": 523, "ProfPlus_9": 253, "pDevPlusEc": 63, "pProfPlu_7": 31, "NTestedGeo": 962, "Begin_CntG": 479, "Develop_10": 289, "Prof_CntGe": 147, "Dist_CntGe": 47, "pBeginGeom": 50, "pDevelopGe": 30, "pProfGeome": 15, "pDistGeome": 5, "DevPlus_10": 483, "ProfPlus10": 194, "pDevPlusGe": 50, "pProfPlusG": 20, "NTestedLit": 1029, "Begin_CntL": 133, "Develop_11": 277, "Prof_CntLi": 494, "Dist_CntLi": 125, "pBeginLit9": 13, "pDevelopLi": 27, "pProfLit9": 48, "pDistLit9": 12, "DevPlus_11": 896, "ProfPlus11": 619, "pDevPlusLi": 87, "pProfPlusL": 60, "NTestedPhy": 5, "Begin_CntP": 0, "Develop_12": 0, "Prof_CntPh": 0, "Dist_CntPh": 0, "pBeginPhys": 0, "pDevelopPh": 0, "pProfPhysS": 0, "pDistPhysS": 0, "DevPlus_12": 0, "ProfPlus12": 0, "pDevPlusPh": 0, "pProfPlusP": 0, "NTestedUSH": 782, "Begin_CntU": 297, "Develop_13": 287, "Prof_CntUS": 156, "Dist_CntUS": 42, "pBeginUSHi": 38, "pDevelopUS": 37, "pProfUSHis": 20, "pDistUSHis": 5, "DevPlus_13": 485, "ProfPlus13": 198, "pDevPlusUS": 62, "pProfPlusU": 25, "NDropout71": 476, "pNDropout7": 7, "Graduation": 52, "NUMBER_OF_": 803, "pHopeEligi": 38, "chENROLLME": -2743, "pchENROLLM": -19.71, "chCCRPI": 0, "chpProfPlu": 2, "chpProfP_1": 3, "chpProfP_2": 2, "chpProfP_3": -1, "chpELA8": 7, "chpProfP_4": 2, "chpProfP_5": -3, "chpProfP_6": -2, "chpProfP_7": 0, "chpProfP_8": 0, "chpProfP_9": 0, "chpProfP10": 4, "chpProfP11": 0, "chpProfP12": 23, "chpProfP13": 0, "chpProfP14": 4, "GlobalID": "{299E6523-9C00-41C7-BB43-BE9A2AC279DE}", "created_us": "opendata@arc", "created_da": "2020-03-25T00:00:00Z", "last_edite": "opendata@arc", "last_edi_1": "2020-03-25T00:00:00Z" }, "geometry": { "type": "Point", "coordinates": [ -84.446228213146128, 33.615775404020589 ] } },
{ "type": "Feature", "properties": { "OBJECTID": 2210, "SysSchool": 7820612, "GradeRange": "KK-08", "SchoolAddr": "1807 Memorial Dr SE", "SchoolCity": "Atlanta", "STATE": "GA", "SchoolZipC": "30317-2103", "MailAddres": "1807 Memorial Dr SE", "MailCity": "Atlanta", "MailZipCod": "30317-2103", "PrincipalN": "Nichols, Charcia", "PrincipalE": "cnichols@ivyprepacademy.org", "SchoolPhon": "404.622.2727", "SchoolFax": " ", "longitude": -84.328033, "latitude": 33.745889, "Year": 2019, "SchoolYear": "2018-19", "SystemID": 7820612, "SystemName": "State Charter Schools- Ivy Preparatory Academy, Inc", "SchoolID": 612, "SchoolName": "Ivy Preparatory Academy, Inc", "Type": "Elementary School", "ENROLLMENT": 509, "ENROLL_PER": 0, "ENROLL_P_1": 0, "ENROLL_P_2": 94, "ENROLL_P_3": 5, "ENROLL_P_4": 1, "ENROLL_P_5": 0, "ENROLL_P_6": 0, "ENROLL_P_7": 50, "ENROLL_P_8": 7, "ENROLL_P_9": 1, "ENROLL_PCT": 1, "ENROLL_P10": 5, "direct_cer": 46, "pAbsent0_5": 41, "pAbsent6_1": 42, "pAbsent16P": 17, "Churn": 12, "TeacherCou": 37, "AvgExp": 9, "pYrsLt1": 8, "pYears1_10": 62, "pYears11_2": 19, "pYears21_3": 5, "pYearsGt30": 5, "Debt": 1393, "GenAdmin": 216, "Instructio": 4300, "Support": 115, "Ops": 1142, "Media": 0, "PServices": 569, "Capital": 0, "SchoolAdmi": 2424, "Food": 171, "Transport": 0, "TotalSpend": 10330, "CCRPI": 51, "ClimateSta": 3, "NTestedELA": 51, "Begin_CntE": 17, "Develop_Cn": 21, "Prof_CntEL": 11, "Dist_CntEL": 2, "pBeginELA3": 33, "pDevelopEL": 41, "pProfELA3": 22, "pDistELA3": 4, "DevPlus_Cn": 34, "ProfPlus_C": 13, "pDevPlusEL": 67, "pProfPlusE": 26, "NTestedE_1": 50, "Begin_Cn_1": 6, "Develop__1": 20, "Prof_Cnt_1": 23, "Dist_Cnt_1": 1, "pBeginELA5": 12, "pDevelop_1": 40, "pProfELA5": 46, "pDistELA5": 2, "DevPlus__1": 44, "ProfPlus_1": 24, "pDevPlus_1": 88, "pProfPlu_1": 48, "NTestedMat": 51, "Begin_CntM": 20, "Develop__2": 21, "Prof_CntMa": 10, "Dist_CntMa": 0, "pBeginMath": 39, "pDevelopMa": 41, "pProfMath3": 20, "pDistMath3": 0, "DevPlus__2": 31, "ProfPlus_2": 10, "pDevPlusMa": 61, "pProfPlusM": 20, "NTestedM_1": 50, "Begin_Cn_2": 15, "Develop__3": 29, "Prof_Cnt_2": 6, "Dist_Cnt_2": 0, "pBeginMa_1": 30, "pDevelop_2": 58, "pProfMath5": 12, "pDistMath5": 0, "DevPlus__3": 35, "ProfPlus_3": 6, "pDevPlus_2": 70, "pProfPlu_2": 12, "NTestedE_2": 42, "BeginELA8_": 6, "DevelopELA": 16, "ProfELA8_C": 18, "DistELA8_C": 2, "NTestedM_2": 42, "BeginMath8": 10, "DevelopMat": 26, "ProfMath8_": 6, "DistMath8_": 0, "pBeginELA8": 14, "pDevelop_3": 38, "pProfELA8": 43, "pDistELA8": 5, "pBeginMa_2": 24, "pDevelop_4": 62, "pProfMath8": 14, "pDistMath8": 0, "DevPlusELA": 36, "ProfPlusEL": 20, "pDevPlus_3": 86, "pProfPlu_3": 48, "DevPlusMat": 32, "ProfPlusMa": 6, "pDevPlus_4": 76, "pProfPlu_4": 14, "NTestedAlg": 0, "Begin_CntA": 0, "Develop__4": 0, "Prof_CntAl": 0, "Dist_CntAl": 0, "pBeginAlge": 0, "pDevelopAl": 0, "pProfAlgeb": 0, "pDistAlgeb": 0, "DevPlus__4": 0, "ProfPlus_4": 0, "pDevPlusAl": 0, "pProfPlusA": 0, "NTestedAmL": 0, "Begin_Cn_3": 0, "Develop__5": 0, "Prof_CntAm": 0, "Dist_CntAm": 0, "pBeginAmLi": 0, "pDevelopAm": 0, "pProfAmLit": 0, "pDistAmLit": 0, "DevPlus__5": 0, "ProfPlus_5": 0, "pDevPlusAm": 0, "pProfPlu_5": 0, "NTestedAna": 0, "Begin_Cn_4": 0, "Develop__6": 0, "Prof_CntAn": 0, "Dist_CntAn": 0, "pBeginAnal": 0, "pDevelopAn": 0, "pProfAnalG": 0, "pDistAnalG": 0, "DevPlus__6": 0, "ProfPlus_6": 0, "pDevPlusAn": 0, "pProfPlu_6": 0, "NTestedBio": 0, "Begin_CntB": 0, "Develop__7": 0, "Prof_CntBi": 0, "Dist_CntBi": 0, "pBeginBiol": 0, "pDevelopBi": 0, "pProfBiolo": 0, "pDistBiolo": 0, "DevPlus__7": 0, "ProfPlus_7": 0, "pDevPlusBi": 0, "pProfPlusB": 0, "NTestedCoo": 0, "Begin_CntC": 0, "Develop__8": 0, "Prof_CntCo": 0, "Dist_CntCo": 0, "pBeginCoor": 0, "pDevelopCo": 0, "pProfCoord": 0, "pDistCoord": 0, "DevPlus__8": 0, "ProfPlus_8": 0, "pDevPlusCo": 0, "pProfPlusC": 0, "NTestedEco": 0, "Begin_Cn_5": 0, "Develop__9": 0, "Prof_CntEc": 0, "Dist_CntEc": 0, "pBeginEcon": 0, "pDevelopEc": 0, "pProfEcon": 0, "pDistEcon": 0, "DevPlus__9": 0, "ProfPlus_9": 0, "pDevPlusEc": 0, "pProfPlu_7": 0, "NTestedGeo": 0, "Begin_CntG": 0, "Develop_10": 0, "Prof_CntGe": 0, "Dist_CntGe": 0, "pBeginGeom": 0, "pDevelopGe": 0, "pProfGeome": 0, "pDistGeome": 0, "DevPlus_10": 0, "ProfPlus10": 0, "pDevPlusGe": 0, "pProfPlusG": 0, "NTestedLit": 0, "Begin_CntL": 0, "Develop_11": 0, "Prof_CntLi": 0, "Dist_CntLi": 0, "pBeginLit9": 0, "pDevelopLi": 0, "pProfLit9": 0, "pDistLit9": 0, "DevPlus_11": 0, "ProfPlus11": 0, "pDevPlusLi": 0, "pProfPlusL": 0, "NTestedPhy": 0, "Begin_CntP": 0, "Develop_12": 0, "Prof_CntPh": 0, "Dist_CntPh": 0, "pBeginPhys": 0, "pDevelopPh": 0, "pProfPhysS": 0, "pDistPhysS": 0, "DevPlus_12": 0, "ProfPlus12": 0, "pDevPlusPh": 0, "pProfPlusP": 0, "NTestedUSH": 0, "Begin_CntU": 0, "Develop_13": 0, "Prof_CntUS": 0, "Dist_CntUS": 0, "pBeginUSHi": 0, "pDevelopUS": 0, "pProfUSHis": 0, "pDistUSHis": 0, "DevPlus_13": 0, "ProfPlus13": 0, "pDevPlusUS": 0, "pProfPlusU": 0, "NDropout71": 0, "pNDropout7": 0, "Graduation": 0, "NUMBER_OF_": 0, "pHopeEligi": 0, "chENROLLME": 117, "pchENROLLM": 29.84, "chCCRPI": 7, "chpProfPlu": 8, "chpProfP_1": 0, "chpProfP_2": 21, "chpProfP_3": -6, "chpELA8": 21, "chpProfP_4": -9, "chpProfP_5": 0, "chpProfP_6": 0, "chpProfP_7": 0, "chpProfP_8": 0, "chpProfP_9": 0, "chpProfP10": 0, "chpProfP11": 0, "chpProfP12": 0, "chpProfP13": 0, "chpProfP14": 0, "GlobalID": "{1C6EA70F-6A40-4B01-8958-C7A2F973E9BD}", "created_us": "opendata@arc", "created_da": "2020-03-25T00:00:00Z", "last_edite": "opendata@arc", "last_edi_1": "2020-03-25T00:00:00Z" }, "geometry": { "type": "Point", "coordinates": [ -84.328037184726554, 33.745895435998193 ] } },
{ "type": "Feature", "properties": { "OBJECTID": 2220, "SysSchool": 7830410, "GradeRange": "KK-08", "SchoolAddr": "3712 Martin Luther King Jr Dr SW", "SchoolCity": "Atlanta", "STATE": "GA", "SchoolZipC": "30331-3674", "MailAddres": "3712 Martin Luther King Jr Dr SW", "MailCity": "Atlanta", "MailZipCod": "30331-3674", "PrincipalN": "Fisher, Alisha", "PrincipalE": " ", "SchoolPhon": "404.472.3003", "SchoolFax": " ", "longitude": -84.51378, "latitude": 33.762993, "Year": 2019, "SchoolYear": "2018-19", "SystemID": 7830410, "SystemName": "State Charter Schools II- Atlanta Heights Charter School", "SchoolID": 410, "SchoolName": "Atlanta Heights Charter School", "Type": "Elementary School", "ENROLLMENT": 759, "ENROLL_PER": 0, "ENROLL_P_1": 0, "ENROLL_P_2": 95, "ENROLL_P_3": 4, "ENROLL_P_4": 0, "ENROLL_P_5": 0, "ENROLL_P_6": 0, "ENROLL_P_7": 93, "ENROLL_P_8": 9, "ENROLL_P_9": 1, "ENROLL_PCT": 0, "ENROLL_P10": 0, "direct_cer": 68, "pAbsent0_5": 66, "pAbsent6_1": 26, "pAbsent16P": 8, "Churn": 15, "TeacherCou": 37, "AvgExp": 5, "pYrsLt1": 14, "pYears1_10": 73, "pYears11_2": 14, "pYears21_3": 0, "pYearsGt30": 0, "Debt": 0, "GenAdmin": 1461, "Instructio": 4728, "Support": 165, "Ops": 2667, "Media": 159, "PServices": 548, "Capital": 0, "SchoolAdmi": 953, "Food": 632, "Transport": 5, "TotalSpend": 11318, "CCRPI": 62, "ClimateSta": 3, "NTestedELA": 83, "Begin_CntE": 35, "Develop_Cn": 34, "Prof_CntEL": 11, "Dist_CntEL": 3, "pBeginELA3": 42, "pDevelopEL": 41, "pProfELA3": 13, "pDistELA3": 4, "DevPlus_Cn": 48, "ProfPlus_C": 14, "pDevPlusEL": 58, "pProfPlusE": 17, "NTestedE_1": 60, "Begin_Cn_1": 23, "Develop__1": 21, "Prof_Cnt_1": 12, "Dist_Cnt_1": 4, "pBeginELA5": 38, "pDevelop_1": 35, "pProfELA5": 20, "pDistELA5": 7, "DevPlus__1": 37, "ProfPlus_1": 16, "pDevPlus_1": 62, "pProfPlu_1": 27, "NTestedMat": 83, "Begin_CntM": 22, "Develop__2": 43, "Prof_CntMa": 16, "Dist_CntMa": 2, "pBeginMath": 27, "pDevelopMa": 52, "pProfMath3": 19, "pDistMath3": 2, "DevPlus__2": 61, "ProfPlus_2": 18, "pDevPlusMa": 74, "pProfPlusM": 22, "NTestedM_1": 60, "Begin_Cn_2": 16, "Develop__3": 28, "Prof_Cnt_2": 12, "Dist_Cnt_2": 4, "pBeginMa_1": 27, "pDevelop_2": 47, "pProfMath5": 20, "pDistMath5": 7, "DevPlus__3": 44, "ProfPlus_3": 16, "pDevPlus_2": 73, "pProfPlu_2": 27, "NTestedE_2": 57, "BeginELA8_": 19, "DevelopELA": 27, "ProfELA8_C": 10, "DistELA8_C": 1, "NTestedM_2": 57, "BeginMath8": 18, "DevelopMat": 28, "ProfMath8_": 11, "DistMath8_": 0, "pBeginELA8": 33, "pDevelop_3": 47, "pProfELA8": 18, "pDistELA8": 2, "pBeginMa_2": 32, "pDevelop_4": 49, "pProfMath8": 19, "pDistMath8": 0, "DevPlusELA": 38, "ProfPlusEL": 11, "pDevPlus_3": 67, "pProfPlu_3": 19, "DevPlusMat": 39, "ProfPlusMa": 11, "pDevPlus_4": 68, "pProfPlu_4": 19, "NTestedAlg": 0, "Begin_CntA": 0, "Develop__4": 0, "Prof_CntAl": 0, "Dist_CntAl": 0, "pBeginAlge": 0, "pDevelopAl": 0, "pProfAlgeb": 0, "pDistAlgeb": 0, "DevPlus__4": 0, "ProfPlus_4": 0, "pDevPlusAl": 0, "pProfPlusA": 0, "NTestedAmL": 0, "Begin_Cn_3": 0, "Develop__5": 0, "Prof_CntAm": 0, "Dist_CntAm": 0, "pBeginAmLi": 0, "pDevelopAm": 0, "pProfAmLit": 0, "pDistAmLit": 0, "DevPlus__5": 0, "ProfPlus_5": 0, "pDevPlusAm": 0, "pProfPlu_5": 0, "NTestedAna": 0, "Begin_Cn_4": 0, "Develop__6": 0, "Prof_CntAn": 0, "Dist_CntAn": 0, "pBeginAnal": 0, "pDevelopAn": 0, "pProfAnalG": 0, "pDistAnalG": 0, "DevPlus__6": 0, "ProfPlus_6": 0, "pDevPlusAn": 0, "pProfPlu_6": 0, "NTestedBio": 0, "Begin_CntB": 0, "Develop__7": 0, "Prof_CntBi": 0, "Dist_CntBi": 0, "pBeginBiol": 0, "pDevelopBi": 0, "pProfBiolo": 0, "pDistBiolo": 0, "DevPlus__7": 0, "ProfPlus_7": 0, "pDevPlusBi": 0, "pProfPlusB": 0, "NTestedCoo": 0, "Begin_CntC": 0, "Develop__8": 0, "Prof_CntCo": 0, "Dist_CntCo": 0, "pBeginCoor": 0, "pDevelopCo": 0, "pProfCoord": 0, "pDistCoord": 0, "DevPlus__8": 0, "ProfPlus_8": 0, "pDevPlusCo": 0, "pProfPlusC": 0, "NTestedEco": 0, "Begin_Cn_5": 0, "Develop__9": 0, "Prof_CntEc": 0, "Dist_CntEc": 0, "pBeginEcon": 0, "pDevelopEc": 0, "pProfEcon": 0, "pDistEcon": 0, "DevPlus__9": 0, "ProfPlus_9": 0, "pDevPlusEc": 0, "pProfPlu_7": 0, "NTestedGeo": 0, "Begin_CntG": 0, "Develop_10": 0, "Prof_CntGe": 0, "Dist_CntGe": 0, "pBeginGeom": 0, "pDevelopGe": 0, "pProfGeome": 0, "pDistGeome": 0, "DevPlus_10": 0, "ProfPlus10": 0, "pDevPlusGe": 0, "pProfPlusG": 0, "NTestedLit": 0, "Begin_CntL": 0, "Develop_11": 0, "Prof_CntLi": 0, "Dist_CntLi": 0, "pBeginLit9": 0, "pDevelopLi": 0, "pProfLit9": 0, "pDistLit9": 0, "DevPlus_11": 0, "ProfPlus11": 0, "pDevPlusLi": 0, "pProfPlusL": 0, "NTestedPhy": 0, "Begin_CntP": 0, "Develop_12": 0, "Prof_CntPh": 0, "Dist_CntPh": 0, "pBeginPhys": 0, "pDevelopPh": 0, "pProfPhysS": 0, "pDistPhysS": 0, "DevPlus_12": 0, "ProfPlus12": 0, "pDevPlusPh": 0, "pProfPlusP": 0, "NTestedUSH": 0, "Begin_CntU": 0, "Develop_13": 0, "Prof_CntUS": 0, "Dist_CntUS": 0, "pBeginUSHi": 0, "pDevelopUS": 0, "pProfUSHis": 0, "pDistUSHis": 0, "DevPlus_13": 0, "ProfPlus13": 0, "pDevPlusUS": 0, "pProfPlusU": 0, "NDropout71": 0, "pNDropout7": 0, "Graduation": 0, "NUMBER_OF_": 0, "pHopeEligi": 0, "chENROLLME": 20, "pchENROLLM": 2.7, "chCCRPI": 3, "chpProfPlu": 1, "chpProfP_1": -1, "chpProfP_2": 14, "chpProfP_3": 13, "chpELA8": -6, "chpProfP_4": 13, "chpProfP_5": 0, "chpProfP_6": 0, "chpProfP_7": 0, "chpProfP_8": 0, "chpProfP_9": 0, "chpProfP10": 0, "chpProfP11": 0, "chpProfP12": 0, "chpProfP13": 0, "chpProfP14": 0, "GlobalID": "{8631FC8B-97A3-41B5-A049-67F0250FAAE8}", "created_us": "opendata@arc", "created_da": "2020-03-25T00:00:00Z", "last_edite": "opendata@arc", "last_edi_1": "2020-03-25T00:00:00Z" }, "geometry": { "type": "Point", "coordinates": [ -84.513784239915651, 33.76299943274924 ] } },
{ "type": "Feature", "properties": { "OBJECTID": 2226, "SysSchool": 7830615, "GradeRange": "KK-08", "SchoolAddr": "1049 Custer Avenue SE", "SchoolCity": "Atlanta", "STATE": "GA", "SchoolZipC": "30316-3100", "MailAddres": "1049 Custer Avenue SE", "MailCity": "Atlanta", "MailZipCod": "30316-3100", "PrincipalN": "Samms, Gavin", "PrincipalE": " ", "SchoolPhon": "404.944.8560", "SchoolFax": " ", "longitude": -84.354659, "latitude": 33.715924, "Year": 2019, "SchoolYear": "2018-19", "SystemID": 7830615, "SystemName": "State Charter Schools II- Genesis Innovation Academy for Boys", "SchoolID": 615, "SchoolName": "Genesis Innovation Academy for Boys", "Type": "Elementary School", "ENROLLMENT": 279, "ENROLL_PER": 0, "ENROLL_P_1": 0, "ENROLL_P_2": 92, "ENROLL_P_3": 7, "ENROLL_P_4": 0, "ENROLL_P_5": 1, "ENROLL_P_6": 1, "ENROLL_P_7": 48, "ENROLL_P_8": 5, "ENROLL_P_9": 6, "ENROLL_PCT": 6, "ENROLL_P10": 7, "direct_cer": 29, "pAbsent0_5": 49, "pAbsent6_1": 36, "pAbsent16P": 15, "Churn": 9, "TeacherCou": 22, "AvgExp": 5, "pYrsLt1": 9, "pYears1_10": 82, "pYears11_2": 9, "pYears21_3": 0, "pYearsGt30": 0, "Debt": 0, "GenAdmin": 676, "Instructio": 4838, "Support": 14, "Ops": 692, "Media": 433, "PServices": 125, "Capital": 0, "SchoolAdmi": 1082, "Food": 0, "Transport": 733, "TotalSpend": 8594, "CCRPI": 77, "ClimateSta": 3, "NTestedELA": 30, "Begin_CntE": 11, "Develop_Cn": 11, "Prof_CntEL": 6, "Dist_CntEL": 2, "pBeginELA3": 37, "pDevelopEL": 37, "pProfELA3": 20, "pDistELA3": 7, "DevPlus_Cn": 19, "ProfPlus_C": 8, "pDevPlusEL": 63, "pProfPlusE": 27, "NTestedE_1": 32, "Begin_Cn_1": 8, "Develop__1": 13, "Prof_Cnt_1": 10, "Dist_Cnt_1": 1, "pBeginELA5": 25, "pDevelop_1": 41, "pProfELA5": 31, "pDistELA5": 3, "DevPlus__1": 24, "ProfPlus_1": 11, "pDevPlus_1": 75, "pProfPlu_1": 34, "NTestedMat": 30, "Begin_CntM": 6, "Develop__2": 11, "Prof_CntMa": 11, "Dist_CntMa": 2, "pBeginMath": 20, "pDevelopMa": 37, "pProfMath3": 37, "pDistMath3": 7, "DevPlus__2": 24, "ProfPlus_2": 13, "pDevPlusMa": 80, "pProfPlusM": 43, "NTestedM_1": 32, "Begin_Cn_2": 8, "Develop__3": 14, "Prof_Cnt_2": 6, "Dist_Cnt_2": 4, "pBeginMa_1": 25, "pDevelop_2": 44, "pProfMath5": 19, "pDistMath5": 13, "DevPlus__3": 24, "ProfPlus_3": 10, "pDevPlus_2": 75, "pProfPlu_2": 31, "NTestedE_2": 0, "BeginELA8_": 0, "DevelopELA": 0, "ProfELA8_C": 0, "DistELA8_C": 0, "NTestedM_2": 0, "BeginMath8": 0, "DevelopMat": 0, "ProfMath8_": 0, "DistMath8_": 0, "pBeginELA8": 0, "pDevelop_3": 0, "pProfELA8": 0, "pDistELA8": 0, "pBeginMa_2": 0, "pDevelop_4": 0, "pProfMath8": 0, "pDistMath8": 0, "DevPlusELA": 0, "ProfPlusEL": 0, "pDevPlus_3": 0, "pProfPlu_3": 0, "DevPlusMat": 0, "ProfPlusMa": 0, "pDevPlus_4": 0, "pProfPlu_4": 0, "NTestedAlg": 0, "Begin_CntA": 0, "Develop__4": 0, "Prof_CntAl": 0, "Dist_CntAl": 0, "pBeginAlge": 0, "pDevelopAl": 0, "pProfAlgeb": 0, "pDistAlgeb": 0, "DevPlus__4": 0, "ProfPlus_4": 0, "pDevPlusAl": 0, "pProfPlusA": 0, "NTestedAmL": 0, "Begin_Cn_3": 0, "Develop__5": 0, "Prof_CntAm": 0, "Dist_CntAm": 0, "pBeginAmLi": 0, "pDevelopAm": 0, "pProfAmLit": 0, "pDistAmLit": 0, "DevPlus__5": 0, "ProfPlus_5": 0, "pDevPlusAm": 0, "pProfPlu_5": 0, "NTestedAna": 0, "Begin_Cn_4": 0, "Develop__6": 0, "Prof_CntAn": 0, "Dist_CntAn": 0, "pBeginAnal": 0, "pDevelopAn": 0, "pProfAnalG": 0, "pDistAnalG": 0, "DevPlus__6": 0, "ProfPlus_6": 0, "pDevPlusAn": 0, "pProfPlu_6": 0, "NTestedBio": 0, "Begin_CntB": 0, "Develop__7": 0, "Prof_CntBi": 0, "Dist_CntBi": 0, "pBeginBiol": 0, "pDevelopBi": 0, "pProfBiolo": 0, "pDistBiolo": 0, "DevPlus__7": 0, "ProfPlus_7": 0, "pDevPlusBi": 0, "pProfPlusB": 0, "NTestedCoo": 0, "Begin_CntC": 0, "Develop__8": 0, "Prof_CntCo": 0, "Dist_CntCo": 0, "pBeginCoor": 0, "pDevelopCo": 0, "pProfCoord": 0, "pDistCoord": 0, "DevPlus__8": 0, "ProfPlus_8": 0, "pDevPlusCo": 0, "pProfPlusC": 0, "NTestedEco": 0, "Begin_Cn_5": 0, "Develop__9": 0, "Prof_CntEc": 0, "Dist_CntEc": 0, "pBeginEcon": 0, "pDevelopEc": 0, "pProfEcon": 0, "pDistEcon": 0, "DevPlus__9": 0, "ProfPlus_9": 0, "pDevPlusEc": 0, "pProfPlu_7": 0, "NTestedGeo": 0, "Begin_CntG": 0, "Develop_10": 0, "Prof_CntGe": 0, "Dist_CntGe": 0, "pBeginGeom": 0, "pDevelopGe": 0, "pProfGeome": 0, "pDistGeome": 0, "DevPlus_10": 0, "ProfPlus10": 0, "pDevPlusGe": 0, "pProfPlusG": 0, "NTestedLit": 0, "Begin_CntL": 0, "Develop_11": 0, "Prof_CntLi": 0, "Dist_CntLi": 0, "pBeginLit9": 0, "pDevelopLi": 0, "pProfLit9": 0, "pDistLit9": 0, "DevPlus_11": 0, "ProfPlus11": 0, "pDevPlusLi": 0, "pProfPlusL": 0, "NTestedPhy": 0, "Begin_CntP": 0, "Develop_12": 0, "Prof_CntPh": 0, "Dist_CntPh": 0, "pBeginPhys": 0, "pDevelopPh": 0, "pProfPhysS": 0, "pDistPhysS": 0, "DevPlus_12": 0, "ProfPlus12": 0, "pDevPlusPh": 0, "pProfPlusP": 0, "NTestedUSH": 0, "Begin_CntU": 0, "Develop_13": 0, "Prof_CntUS": 0, "Dist_CntUS": 0, "pBeginUSHi": 0, "pDevelopUS": 0, "pProfUSHis": 0, "pDistUSHis": 0, "DevPlus_13": 0, "ProfPlus13": 0, "pDevPlusUS": 0, "pProfPlusU": 0, "NDropout71": 0, "pNDropout7": 0, "Graduation": 0, "NUMBER_OF_": 0, "pHopeEligi": 0, "chENROLLME": 0, "pchENROLLM": 0.0, "chCCRPI": 0, "chpProfPlu": 0, "chpProfP_1": 0, "chpProfP_2": 0, "chpProfP_3": 0, "chpELA8": 0, "chpProfP_4": 0, "chpProfP_5": 0, "chpProfP_6": 0, "chpProfP_7": 0, "chpProfP_8": 0, "chpProfP_9": 0, "chpProfP10": 0, "chpProfP11": 0, "chpProfP12": 0, "chpProfP13": 0, "chpProfP14": 0, "GlobalID": "{E82272BB-6FD6-42EE-9A82-7177841DB347}", "created_us": "opendata@arc", "created_da": "2020-03-25T00:00:00Z", "last_edite": "opendata@arc", "last_edi_1": "2020-03-25T00:00:00Z" }, "geometry": { "type": "Point", "coordinates": [ -84.354663191357375, 33.715930427870362 ] } },
{ "type": "Feature", "properties": { "OBJECTID": 2227, "SysSchool": 7830616, "GradeRange": "KK-08", "SchoolAddr": "1049 Custer Avenue SE", "SchoolCity": "Atlanta", "STATE": "GA", "SchoolZipC": "30316-3100", "MailAddres": "1049 Custer Avenue SE", "MailCity": "Atlanta", "MailZipCod": "30316-3100", "PrincipalN": "Samms, Gavin", "PrincipalE": "gasamms@giacademy.org", "SchoolPhon": "404.944.8560", "SchoolFax": " ", "longitude": -84.354654, "latitude": 33.715916, "Year": 2019, "SchoolYear": "2018-19", "SystemID": 7830616, "SystemName": "State Charter Schools II- Genesis Innovation Academy for Girls", "SchoolID": 616, "SchoolName": "Genesis Innovation Academy for Girls", "Type": "Elementary School", "ENROLLMENT": 276, "ENROLL_PER": 0, "ENROLL_P_1": 0, "ENROLL_P_2": 97, "ENROLL_P_3": 2, "ENROLL_P_4": 0, "ENROLL_P_5": 1, "ENROLL_P_6": 0, "ENROLL_P_7": 53, "ENROLL_P_8": 3, "ENROLL_P_9": 2, "ENROLL_PCT": 2, "ENROLL_P10": 4, "direct_cer": 31, "pAbsent0_5": 58, "pAbsent6_1": 35, "pAbsent16P": 7, "Churn": 13, "TeacherCou": 22, "AvgExp": 7, "pYrsLt1": 9, "pYears1_10": 64, "pYears11_2": 27, "pYears21_3": 0, "pYearsGt30": 0, "Debt": 0, "GenAdmin": 171, "Instructio": 5554, "Support": 28, "Ops": 534, "Media": 131, "PServices": 20, "Capital": 0, "SchoolAdmi": 1187, "Food": 0, "Transport": 721, "TotalSpend": 8347, "CCRPI": 81, "ClimateSta": 3, "NTestedELA": 29, "Begin_CntE": 3, "Develop_Cn": 12, "Prof_CntEL": 12, "Dist_CntEL": 2, "pBeginELA3": 10, "pDevelopEL": 41, "pProfELA3": 41, "pDistELA3": 7, "DevPlus_Cn": 26, "ProfPlus_C": 14, "pDevPlusEL": 90, "pProfPlusE": 48, "NTestedE_1": 30, "Begin_Cn_1": 1, "Develop__1": 14, "Prof_Cnt_1": 10, "Dist_Cnt_1": 5, "pBeginELA5": 3, "pDevelop_1": 47, "pProfELA5": 33, "pDistELA5": 17, "DevPlus__1": 29, "ProfPlus_1": 15, "pDevPlus_1": 97, "pProfPlu_1": 50, "NTestedMat": 29, "Begin_CntM": 8, "Develop__2": 16, "Prof_CntMa": 5, "Dist_CntMa": 0, "pBeginMath": 28, "pDevelopMa": 55, "pProfMath3": 17, "pDistMath3": 0, "DevPlus__2": 21, "ProfPlus_2": 5, "pDevPlusMa": 72, "pProfPlusM": 17, "NTestedM_1": 30, "Begin_Cn_2": 1, "Develop__3": 22, "Prof_Cnt_2": 7, "Dist_Cnt_2": 0, "pBeginMa_1": 3, "pDevelop_2": 73, "pProfMath5": 23, "pDistMath5": 0, "DevPlus__3": 29, "ProfPlus_3": 7, "pDevPlus_2": 97, "pProfPlu_2": 23, "NTestedE_2": 0, "BeginELA8_": 0, "DevelopELA": 0, "ProfELA8_C": 0, "DistELA8_C": 0, "NTestedM_2": 0, "BeginMath8": 0, "DevelopMat": 0, "ProfMath8_": 0, "DistMath8_": 0, "pBeginELA8": 0, "pDevelop_3": 0, "pProfELA8": 0, "pDistELA8": 0, "pBeginMa_2": 0, "pDevelop_4": 0, "pProfMath8": 0, "pDistMath8": 0, "DevPlusELA": 0, "ProfPlusEL": 0, "pDevPlus_3": 0, "pProfPlu_3": 0, "DevPlusMat": 0, "ProfPlusMa": 0, "pDevPlus_4": 0, "pProfPlu_4": 0, "NTestedAlg": 0, "Begin_CntA": 0, "Develop__4": 0, "Prof_CntAl": 0, "Dist_CntAl": 0, "pBeginAlge": 0, "pDevelopAl": 0, "pProfAlgeb": 0, "pDistAlgeb": 0, "DevPlus__4": 0, "ProfPlus_4": 0, "pDevPlusAl": 0, "pProfPlusA": 0, "NTestedAmL": 0, "Begin_Cn_3": 0, "Develop__5": 0, "Prof_CntAm": 0, "Dist_CntAm": 0, "pBeginAmLi": 0, "pDevelopAm": 0, "pProfAmLit": 0, "pDistAmLit": 0, "DevPlus__5": 0, "ProfPlus_5": 0, "pDevPlusAm": 0, "pProfPlu_5": 0, "NTestedAna": 0, "Begin_Cn_4": 0, "Develop__6": 0, "Prof_CntAn": 0, "Dist_CntAn": 0, "pBeginAnal": 0, "pDevelopAn": 0, "pProfAnalG": 0, "pDistAnalG": 0, "DevPlus__6": 0, "ProfPlus_6": 0, "pDevPlusAn": 0, "pProfPlu_6": 0, "NTestedBio": 0, "Begin_CntB": 0, "Develop__7": 0, "Prof_CntBi": 0, "Dist_CntBi": 0, "pBeginBiol": 0, "pDevelopBi": 0, "pProfBiolo": 0, "pDistBiolo": 0, "DevPlus__7": 0, "ProfPlus_7": 0, "pDevPlusBi": 0, "pProfPlusB": 0, "NTestedCoo": 0, "Begin_CntC": 0, "Develop__8": 0, "Prof_CntCo": 0, "Dist_CntCo": 0, "pBeginCoor": 0, "pDevelopCo": 0, "pProfCoord": 0, "pDistCoord": 0, "DevPlus__8": 0, "ProfPlus_8": 0, "pDevPlusCo": 0, "pProfPlusC": 0, "NTestedEco": 0, "Begin_Cn_5": 0, "Develop__9": 0, "Prof_CntEc": 0, "Dist_CntEc": 0, "pBeginEcon": 0, "pDevelopEc": 0, "pProfEcon": 0, "pDistEcon": 0, "DevPlus__9": 0, "ProfPlus_9": 0, "pDevPlusEc": 0, "pProfPlu_7": 0, "NTestedGeo": 0, "Begin_CntG": 0, "Develop_10": 0, "Prof_CntGe": 0, "Dist_CntGe": 0, "pBeginGeom": 0, "pDevelopGe": 0, "pProfGeome": 0, "pDistGeome": 0, "DevPlus_10": 0, "ProfPlus10": 0, "pDevPlusGe": 0, "pProfPlusG": 0, "NTestedLit": 0, "Begin_CntL": 0, "Develop_11": 0, "Prof_CntLi": 0, "Dist_CntLi": 0, "pBeginLit9": 0, "pDevelopLi": 0, "pProfLit9": 0, "pDistLit9": 0, "DevPlus_11": 0, "ProfPlus11": 0, "pDevPlusLi": 0, "pProfPlusL": 0, "NTestedPhy": 0, "Begin_CntP": 0, "Develop_12": 0, "Prof_CntPh": 0, "Dist_CntPh": 0, "pBeginPhys": 0, "pDevelopPh": 0, "pProfPhysS": 0, "pDistPhysS": 0, "DevPlus_12": 0, "ProfPlus12": 0, "pDevPlusPh": 0, "pProfPlusP": 0, "NTestedUSH": 0, "Begin_CntU": 0, "Develop_13": 0, "Prof_CntUS": 0, "Dist_CntUS": 0, "pBeginUSHi": 0, "pDevelopUS": 0, "pProfUSHis": 0, "pDistUSHis": 0, "DevPlus_13": 0, "ProfPlus13": 0, "pDevPlusUS": 0, "pProfPlusU": 0, "NDropout71": 0, "pNDropout7": 0, "Graduation": 0, "NUMBER_OF_": 0, "pHopeEligi": 0, "chENROLLME": 0, "pchENROLLM": 0.0, "chCCRPI": 0, "chpProfPlu": 0, "chpProfP_1": 0, "chpProfP_2": 0, "chpProfP_3": 0, "chpELA8": 0, "chpProfP_4": 0, "chpProfP_5": 0, "chpProfP_6": 0, "chpProfP_7": 0, "chpProfP_8": 0, "chpProfP_9": 0, "chpProfP10": 0, "chpProfP11": 0, "chpProfP12": 0, "chpProfP13": 0, "chpProfP14": 0, "GlobalID": "{10615B2C-8F40-42FE-B34C-CCEBC5E3857D}", "created_us": "opendata@arc", "created_da": "2020-03-25T00:00:00Z", "last_edite": "opendata@arc", "last_edi_1": "2020-03-25T00:00:00Z" }, "geometry": { "type": "Point", "coordinates": [ -84.354658191334494, 33.715922428148772 ] } },
{ "type": "Feature", "properties": { "OBJECTID": 2232, "SysSchool": 7830621, "GradeRange": "KK-04", "SchoolAddr": "1150 Westview Dr SW", "SchoolCity": "Atlanta", "STATE": "GA", "SchoolZipC": "30310-1326", "MailAddres": "1150 Westview Dr SW", "MailCity": "Atlanta", "MailZipCod": "30310-1326", "PrincipalN": "Louizi, Gerda", "PrincipalE": " ", "SchoolPhon": "470.819.4992", "SchoolFax": " ", "longitude": -84.425391, "latitude": 33.746681, "Year": 2019, "SchoolYear": "2018-19", "SystemID": 7830621, "SystemName": "State Charter Schools II- SLAM Academy of Atlanta", "SchoolID": 621, "SchoolName": "SLAM Academy of Atlanta", "Type": "Elementary School", "ENROLLMENT": 72, "ENROLL_PER": 0, "ENROLL_P_1": 0, "ENROLL_P_2": 99, "ENROLL_P_3": 1, "ENROLL_P_4": 0, "ENROLL_P_5": 0, "ENROLL_P_6": 0, "ENROLL_P_7": 74, "ENROLL_P_8": 10, "ENROLL_P_9": 0, "ENROLL_PCT": 0, "ENROLL_P10": 0, "direct_cer": 65, "pAbsent0_5": 56, "pAbsent6_1": 36, "pAbsent16P": 9, "Churn": 17, "TeacherCou": 8, "AvgExp": 16, "pYrsLt1": 0, "pYears1_10": 50, "pYears11_2": 13, "pYears21_3": 13, "pYearsGt30": 25, "Debt": 222, "GenAdmin": 597, "Instructio": 9904, "Support": 820, "Ops": 5687, "Media": 0, "PServices": 0, "Capital": 0, "SchoolAdmi": 3416, "Food": 768, "Transport": 23, "TotalSpend": 21437, "CCRPI": 56, "ClimateSta": 4, "NTestedELA": 18, "Begin_CntE": 6, "Develop_Cn": 9, "Prof_CntEL": 3, "Dist_CntEL": 0, "pBeginELA3": 33, "pDevelopEL": 50, "pProfELA3": 17, "pDistELA3": 0, "DevPlus_Cn": 12, "ProfPlus_C": 3, "pDevPlusEL": 67, "pProfPlusE": 17, "NTestedE_1": 0, "Begin_Cn_1": 0, "Develop__1": 0, "Prof_Cnt_1": 0, "Dist_Cnt_1": 0, "pBeginELA5": 0, "pDevelop_1": 0, "pProfELA5": 0, "pDistELA5": 0, "DevPlus__1": 0, "ProfPlus_1": 0, "pDevPlus_1": 0, "pProfPlu_1": 0, "NTestedMat": 18, "Begin_CntM": 5, "Develop__2": 9, "Prof_CntMa": 4, "Dist_CntMa": 0, "pBeginMath": 28, "pDevelopMa": 50, "pProfMath3": 22, "pDistMath3": 0, "DevPlus__2": 13, "ProfPlus_2": 4, "pDevPlusMa": 72, "pProfPlusM": 22, "NTestedM_1": 0, "Begin_Cn_2": 0, "Develop__3": 0, "Prof_Cnt_2": 0, "Dist_Cnt_2": 0, "pBeginMa_1": 0, "pDevelop_2": 0, "pProfMath5": 0, "pDistMath5": 0, "DevPlus__3": 0, "ProfPlus_3": 0, "pDevPlus_2": 0, "pProfPlu_2": 0, "NTestedE_2": 0, "BeginELA8_": 0, "DevelopELA": 0, "ProfELA8_C": 0, "DistELA8_C": 0, "NTestedM_2": 0, "BeginMath8": 0, "DevelopMat": 0, "ProfMath8_": 0, "DistMath8_": 0, "pBeginELA8": 0, "pDevelop_3": 0, "pProfELA8": 0, "pDistELA8": 0, "pBeginMa_2": 0, "pDevelop_4": 0, "pProfMath8": 0, "pDistMath8": 0, "DevPlusELA": 0, "ProfPlusEL": 0, "pDevPlus_3": 0, "pProfPlu_3": 0, "DevPlusMat": 0, "ProfPlusMa": 0, "pDevPlus_4": 0, "pProfPlu_4": 0, "NTestedAlg": 0, "Begin_CntA": 0, "Develop__4": 0, "Prof_CntAl": 0, "Dist_CntAl": 0, "pBeginAlge": 0, "pDevelopAl": 0, "pProfAlgeb": 0, "pDistAlgeb": 0, "DevPlus__4": 0, "ProfPlus_4": 0, "pDevPlusAl": 0, "pProfPlusA": 0, "NTestedAmL": 0, "Begin_Cn_3": 0, "Develop__5": 0, "Prof_CntAm": 0, "Dist_CntAm": 0, "pBeginAmLi": 0, "pDevelopAm": 0, "pProfAmLit": 0, "pDistAmLit": 0, "DevPlus__5": 0, "ProfPlus_5": 0, "pDevPlusAm": 0, "pProfPlu_5": 0, "NTestedAna": 0, "Begin_Cn_4": 0, "Develop__6": 0, "Prof_CntAn": 0, "Dist_CntAn": 0, "pBeginAnal": 0, "pDevelopAn": 0, "pProfAnalG": 0, "pDistAnalG": 0, "DevPlus__6": 0, "ProfPlus_6": 0, "pDevPlusAn": 0, "pProfPlu_6": 0, "NTestedBio": 0, "Begin_CntB": 0, "Develop__7": 0, "Prof_CntBi": 0, "Dist_CntBi": 0, "pBeginBiol": 0, "pDevelopBi": 0, "pProfBiolo": 0, "pDistBiolo": 0, "DevPlus__7": 0, "ProfPlus_7": 0, "pDevPlusBi": 0, "pProfPlusB": 0, "NTestedCoo": 0, "Begin_CntC": 0, "Develop__8": 0, "Prof_CntCo": 0, "Dist_CntCo": 0, "pBeginCoor": 0, "pDevelopCo": 0, "pProfCoord": 0, "pDistCoord": 0, "DevPlus__8": 0, "ProfPlus_8": 0, "pDevPlusCo": 0, "pProfPlusC": 0, "NTestedEco": 0, "Begin_Cn_5": 0, "Develop__9": 0, "Prof_CntEc": 0, "Dist_CntEc": 0, "pBeginEcon": 0, "pDevelopEc": 0, "pProfEcon": 0, "pDistEcon": 0, "DevPlus__9": 0, "ProfPlus_9": 0, "pDevPlusEc": 0, "pProfPlu_7": 0, "NTestedGeo": 0, "Begin_CntG": 0, "Develop_10": 0, "Prof_CntGe": 0, "Dist_CntGe": 0, "pBeginGeom": 0, "pDevelopGe": 0, "pProfGeome": 0, "pDistGeome": 0, "DevPlus_10": 0, "ProfPlus10": 0, "pDevPlusGe": 0, "pProfPlusG": 0, "NTestedLit": 0, "Begin_CntL": 0, "Develop_11": 0, "Prof_CntLi": 0, "Dist_CntLi": 0, "pBeginLit9": 0, "pDevelopLi": 0, "pProfLit9": 0, "pDistLit9": 0, "DevPlus_11": 0, "ProfPlus11": 0, "pDevPlusLi": 0, "pProfPlusL": 0, "NTestedPhy": 0, "Begin_CntP": 0, "Develop_12": 0, "Prof_CntPh": 0, "Dist_CntPh": 0, "pBeginPhys": 0, "pDevelopPh": 0, "pProfPhysS": 0, "pDistPhysS": 0, "DevPlus_12": 0, "ProfPlus12": 0, "pDevPlusPh": 0, "pProfPlusP": 0, "NTestedUSH": 0, "Begin_CntU": 0, "Develop_13": 0, "Prof_CntUS": 0, "Dist_CntUS": 0, "pBeginUSHi": 0, "pDevelopUS": 0, "pProfUSHis": 0, "pDistUSHis": 0, "DevPlus_13": 0, "ProfPlus13": 0, "pDevPlusUS": 0, "pProfPlusU": 0, "NDropout71": 0, "pNDropout7": 0, "Graduation": 0, "NUMBER_OF_": 0, "pHopeEligi": 0, "chENROLLME": 0, "pchENROLLM": 0.0, "chCCRPI": 0, "chpProfPlu": 0, "chpProfP_1": 0, "chpProfP_2": 0, "chpProfP_3": 0, "chpELA8": 0, "chpProfP_4": 0, "chpProfP_5": 0, "chpProfP_6": 0, "chpProfP_7": 0, "chpProfP_8": 0, "chpProfP_9": 0, "chpProfP10": 0, "chpProfP11": 0, "chpProfP12": 0, "chpProfP13": 0, "chpProfP14": 0, "GlobalID": "{9306205A-737C-463A-95F5-CAC52D8F510A}", "created_us": "opendata@arc", "created_da": "2020-03-25T00:00:00Z", "last_edite": "opendata@arc", "last_edi_1": "2020-03-25T00:00:00Z" }, "geometry": { "type": "Point", "coordinates": [ -84.425395213610528, 33.746687432244201 ] } },
{ "type": "Feature", "properties": { "OBJECTID": 2235, "SysSchool": 7830628, "GradeRange": "KK-03", "SchoolAddr": "2295 Springdale Cir SW", "SchoolCity": "Atlanta", "STATE": "GA", "SchoolZipC": "30315-6107", "MailAddres": "2295 Springdale Cir SW", "MailCity": "Atlanta", "MailZipCod": "30315-6107", "PrincipalN": "Alexander III, Nash", "PrincipalE": "emily.castilloleon@ethosclassical.org", "SchoolPhon": "478.615.8870", "SchoolFax": " ", "longitude": -84.416323, "latitude": 33.691904, "Year": 2019, "SchoolYear": "2018-19", "SystemID": 7830628, "SystemName": "State Charter Schools II- Ethos Classical Charter School", "SchoolID": 628, "SchoolName": "Ethos Classical Charter School", "Type": "Elementary School", "ENROLLMENT": 0, "ENROLL_PER": 0, "ENROLL_P_1": 0, "ENROLL_P_2": 0, "ENROLL_P_3": 0, "ENROLL_P_4": 0, "ENROLL_P_5": 0, "ENROLL_P_6": 0, "ENROLL_P_7": 0, "ENROLL_P_8": 0, "ENROLL_P_9": 0, "ENROLL_PCT": 0, "ENROLL_P10": 0, "direct_cer": 0, "pAbsent0_5": 0, "pAbsent6_1": 0, "pAbsent16P": 0, "Churn": 0, "TeacherCou": 0, "AvgExp": 0, "pYrsLt1": 0, "pYears1_10": 0, "pYears11_2": 0, "pYears21_3": 0, "pYearsGt30": 0, "Debt": 0, "GenAdmin": 0, "Instructio": 0, "Support": 0, "Ops": 0, "Media": 0, "PServices": 0, "Capital": 0, "SchoolAdmi": 0, "Food": 0, "Transport": 0, "TotalSpend": 0, "CCRPI": 0, "ClimateSta": 0, "NTestedELA": 0, "Begin_CntE": 0, "Develop_Cn": 0, "Prof_CntEL": 0, "Dist_CntEL": 0, "pBeginELA3": 0, "pDevelopEL": 0, "pProfELA3": 0, "pDistELA3": 0, "DevPlus_Cn": 0, "ProfPlus_C": 0, "pDevPlusEL": 0, "pProfPlusE": 0, "NTestedE_1": 0, "Begin_Cn_1": 0, "Develop__1": 0, "Prof_Cnt_1": 0, "Dist_Cnt_1": 0, "pBeginELA5": 0, "pDevelop_1": 0, "pProfELA5": 0, "pDistELA5": 0, "DevPlus__1": 0, "ProfPlus_1": 0, "pDevPlus_1": 0, "pProfPlu_1": 0, "NTestedMat": 0, "Begin_CntM": 0, "Develop__2": 0, "Prof_CntMa": 0, "Dist_CntMa": 0, "pBeginMath": 0, "pDevelopMa": 0, "pProfMath3": 0, "pDistMath3": 0, "DevPlus__2": 0, "ProfPlus_2": 0, "pDevPlusMa": 0, "pProfPlusM": 0, "NTestedM_1": 0, "Begin_Cn_2": 0, "Develop__3": 0, "Prof_Cnt_2": 0, "Dist_Cnt_2": 0, "pBeginMa_1": 0, "pDevelop_2": 0, "pProfMath5": 0, "pDistMath5": 0, "DevPlus__3": 0, "ProfPlus_3": 0, "pDevPlus_2": 0, "pProfPlu_2": 0, "NTestedE_2": 0, "BeginELA8_": 0, "DevelopELA": 0, "ProfELA8_C": 0, "DistELA8_C": 0, "NTestedM_2": 0, "BeginMath8": 0, "DevelopMat": 0, "ProfMath8_": 0, "DistMath8_": 0, "pBeginELA8": 0, "pDevelop_3": 0, "pProfELA8": 0, "pDistELA8": 0, "pBeginMa_2": 0, "pDevelop_4": 0, "pProfMath8": 0, "pDistMath8": 0, "DevPlusELA": 0, "ProfPlusEL": 0, "pDevPlus_3": 0, "pProfPlu_3": 0, "DevPlusMat": 0, "ProfPlusMa": 0, "pDevPlus_4": 0, "pProfPlu_4": 0, "NTestedAlg": 0, "Begin_CntA": 0, "Develop__4": 0, "Prof_CntAl": 0, "Dist_CntAl": 0, "pBeginAlge": 0, "pDevelopAl": 0, "pProfAlgeb": 0, "pDistAlgeb": 0, "DevPlus__4": 0, "ProfPlus_4": 0, "pDevPlusAl": 0, "pProfPlusA": 0, "NTestedAmL": 0, "Begin_Cn_3": 0, "Develop__5": 0, "Prof_CntAm": 0, "Dist_CntAm": 0, "pBeginAmLi": 0, "pDevelopAm": 0, "pProfAmLit": 0, "pDistAmLit": 0, "DevPlus__5": 0, "ProfPlus_5": 0, "pDevPlusAm": 0, "pProfPlu_5": 0, "NTestedAna": 0, "Begin_Cn_4": 0, "Develop__6": 0, "Prof_CntAn": 0, "Dist_CntAn": 0, "pBeginAnal": 0, "pDevelopAn": 0, "pProfAnalG": 0, "pDistAnalG": 0, "DevPlus__6": 0, "ProfPlus_6": 0, "pDevPlusAn": 0, "pProfPlu_6": 0, "NTestedBio": 0, "Begin_CntB": 0, "Develop__7": 0, "Prof_CntBi": 0, "Dist_CntBi": 0, "pBeginBiol": 0, "pDevelopBi": 0, "pProfBiolo": 0, "pDistBiolo": 0, "DevPlus__7": 0, "ProfPlus_7": 0, "pDevPlusBi": 0, "pProfPlusB": 0, "NTestedCoo": 0, "Begin_CntC": 0, "Develop__8": 0, "Prof_CntCo": 0, "Dist_CntCo": 0, "pBeginCoor": 0, "pDevelopCo": 0, "pProfCoord": 0, "pDistCoord": 0, "DevPlus__8": 0, "ProfPlus_8": 0, "pDevPlusCo": 0, "pProfPlusC": 0, "NTestedEco": 0, "Begin_Cn_5": 0, "Develop__9": 0, "Prof_CntEc": 0, "Dist_CntEc": 0, "pBeginEcon": 0, "pDevelopEc": 0, "pProfEcon": 0, "pDistEcon": 0, "DevPlus__9": 0, "ProfPlus_9": 0, "pDevPlusEc": 0, "pProfPlu_7": 0, "NTestedGeo": 0, "Begin_CntG": 0, "Develop_10": 0, "Prof_CntGe": 0, "Dist_CntGe": 0, "pBeginGeom": 0, "pDevelopGe": 0, "pProfGeome": 0, "pDistGeome": 0, "DevPlus_10": 0, "ProfPlus10": 0, "pDevPlusGe": 0, "pProfPlusG": 0, "NTestedLit": 0, "Begin_CntL": 0, "Develop_11": 0, "Prof_CntLi": 0, "Dist_CntLi": 0, "pBeginLit9": 0, "pDevelopLi": 0, "pProfLit9": 0, "pDistLit9": 0, "DevPlus_11": 0, "ProfPlus11": 0, "pDevPlusLi": 0, "pProfPlusL": 0, "NTestedPhy": 0, "Begin_CntP": 0, "Develop_12": 0, "Prof_CntPh": 0, "Dist_CntPh": 0, "pBeginPhys": 0, "pDevelopPh": 0, "pProfPhysS": 0, "pDistPhysS": 0, "DevPlus_12": 0, "ProfPlus12": 0, "pDevPlusPh": 0, "pProfPlusP": 0, "NTestedUSH": 0, "Begin_CntU": 0, "Develop_13": 0, "Prof_CntUS": 0, "Dist_CntUS": 0, "pBeginUSHi": 0, "pDevelopUS": 0, "pProfUSHis": 0, "pDistUSHis": 0, "DevPlus_13": 0, "ProfPlus13": 0, "pDevPlusUS": 0, "pProfPlusU": 0, "NDropout71": 0, "pNDropout7": 0, "Graduation": 0, "NUMBER_OF_": 0, "pHopeEligi": 0, "chENROLLME": 0, "pchENROLLM": 0.0, "chCCRPI": 0, "chpProfPlu": 0, "chpProfP_1": 0, "chpProfP_2": 0, "chpProfP_3": 0, "chpELA8": 0, "chpProfP_4": 0, "chpProfP_5": 0, "chpProfP_6": 0, "chpProfP_7": 0, "chpProfP_8": 0, "chpProfP_9": 0, "chpProfP10": 0, "chpProfP11": 0, "chpProfP12": 0, "chpProfP13": 0, "chpProfP14": 0, "GlobalID": "{C13C3C42-0C45-4899-8BCE-8AFC43830CC4}", "created_us": "opendata@arc", "created_da": "2020-03-25T00:00:00Z", "last_edite": "opendata@arc", "last_edi_1": "2020-03-25T00:00:00Z" }, "geometry": { "type": "Point", "coordinates": [ -84.416327207704228, 33.691910420812768 ] } },
{ "type": "Feature", "properties": { "OBJECTID": 2295, "SysSchool": 8914198, "GradeRange": "06-10", "SchoolAddr": "1300 Constitution Rd SE", "SchoolCity": "Atlanta", "STATE": "GA", "SchoolZipC": "30316-4604", "MailAddres": "1300 Constitution Rd SE", "MailCity": "Atlanta", "MailZipCod": "30316-4604", "PrincipalN": "Douglas, Kendall", "PrincipalE": " ", "SchoolPhon": "404.635.4415", "SchoolFax": "404.635.4458", "longitude": -84.336136, "latitude": 33.690002, "Year": 2019, "SchoolYear": "2018-19", "SystemID": 891, "SystemName": "Department of Juvenile Justice", "SchoolID": 4198, "SchoolName": "Metro Regional Youth Detention Center", "Type": "High School", "ENROLLMENT": 0, "ENROLL_PER": 0, "ENROLL_P_1": 0, "ENROLL_P_2": 0, "ENROLL_P_3": 0, "ENROLL_P_4": 0, "ENROLL_P_5": 0, "ENROLL_P_6": 0, "ENROLL_P_7": 0, "ENROLL_P_8": 0, "ENROLL_P_9": 0, "ENROLL_PCT": 0, "ENROLL_P10": 0, "direct_cer": 57, "pAbsent0_5": 0, "pAbsent6_1": 0, "pAbsent16P": 0, "Churn": 0, "TeacherCou": 0, "AvgExp": 0, "pYrsLt1": 0, "pYears1_10": 0, "pYears11_2": 0, "pYears21_3": 0, "pYearsGt30": 0, "Debt": 0, "GenAdmin": 0, "Instructio": 0, "Support": 0, "Ops": 0, "Media": 0, "PServices": 0, "Capital": 0, "SchoolAdmi": 0, "Food": 0, "Transport": 0, "TotalSpend": 0, "CCRPI": 0, "ClimateSta": 0, "NTestedELA": 0, "Begin_CntE": 0, "Develop_Cn": 0, "Prof_CntEL": 0, "Dist_CntEL": 0, "pBeginELA3": 0, "pDevelopEL": 0, "pProfELA3": 0, "pDistELA3": 0, "DevPlus_Cn": 0, "ProfPlus_C": 0, "pDevPlusEL": 0, "pProfPlusE": 0, "NTestedE_1": 0, "Begin_Cn_1": 0, "Develop__1": 0, "Prof_Cnt_1": 0, "Dist_Cnt_1": 0, "pBeginELA5": 0, "pDevelop_1": 0, "pProfELA5": 0, "pDistELA5": 0, "DevPlus__1": 0, "ProfPlus_1": 0, "pDevPlus_1": 0, "pProfPlu_1": 0, "NTestedMat": 0, "Begin_CntM": 0, "Develop__2": 0, "Prof_CntMa": 0, "Dist_CntMa": 0, "pBeginMath": 0, "pDevelopMa": 0, "pProfMath3": 0, "pDistMath3": 0, "DevPlus__2": 0, "ProfPlus_2": 0, "pDevPlusMa": 0, "pProfPlusM": 0, "NTestedM_1": 0, "Begin_Cn_2": 0, "Develop__3": 0, "Prof_Cnt_2": 0, "Dist_Cnt_2": 0, "pBeginMa_1": 0, "pDevelop_2": 0, "pProfMath5": 0, "pDistMath5": 0, "DevPlus__3": 0, "ProfPlus_3": 0, "pDevPlus_2": 0, "pProfPlu_2": 0, "NTestedE_2": 0, "BeginELA8_": 0, "DevelopELA": 0, "ProfELA8_C": 0, "DistELA8_C": 0, "NTestedM_2": 0, "BeginMath8": 0, "DevelopMat": 0, "ProfMath8_": 0, "DistMath8_": 0, "pBeginELA8": 0, "pDevelop_3": 0, "pProfELA8": 0, "pDistELA8": 0, "pBeginMa_2": 0, "pDevelop_4": 0, "pProfMath8": 0, "pDistMath8": 0, "DevPlusELA": 0, "ProfPlusEL": 0, "pDevPlus_3": 0, "pProfPlu_3": 0, "DevPlusMat": 0, "ProfPlusMa": 0, "pDevPlus_4": 0, "pProfPlu_4": 0, "NTestedAlg": 0, "Begin_CntA": 0, "Develop__4": 0, "Prof_CntAl": 0, "Dist_CntAl": 0, "pBeginAlge": 0, "pDevelopAl": 0, "pProfAlgeb": 0, "pDistAlgeb": 0, "DevPlus__4": 0, "ProfPlus_4": 0, "pDevPlusAl": 0, "pProfPlusA": 0, "NTestedAmL": 0, "Begin_Cn_3": 0, "Develop__5": 0, "Prof_CntAm": 0, "Dist_CntAm": 0, "pBeginAmLi": 0, "pDevelopAm": 0, "pProfAmLit": 0, "pDistAmLit": 0, "DevPlus__5": 0, "ProfPlus_5": 0, "pDevPlusAm": 0, "pProfPlu_5": 0, "NTestedAna": 0, "Begin_Cn_4": 0, "Develop__6": 0, "Prof_CntAn": 0, "Dist_CntAn": 0, "pBeginAnal": 0, "pDevelopAn": 0, "pProfAnalG": 0, "pDistAnalG": 0, "DevPlus__6": 0, "ProfPlus_6": 0, "pDevPlusAn": 0, "pProfPlu_6": 0, "NTestedBio": 0, "Begin_CntB": 0, "Develop__7": 0, "Prof_CntBi": 0, "Dist_CntBi": 0, "pBeginBiol": 0, "pDevelopBi": 0, "pProfBiolo": 0, "pDistBiolo": 0, "DevPlus__7": 0, "ProfPlus_7": 0, "pDevPlusBi": 0, "pProfPlusB": 0, "NTestedCoo": 0, "Begin_CntC": 0, "Develop__8": 0, "Prof_CntCo": 0, "Dist_CntCo": 0, "pBeginCoor": 0, "pDevelopCo": 0, "pProfCoord": 0, "pDistCoord": 0, "DevPlus__8": 0, "ProfPlus_8": 0, "pDevPlusCo": 0, "pProfPlusC": 0, "NTestedEco": 0, "Begin_Cn_5": 0, "Develop__9": 0, "Prof_CntEc": 0, "Dist_CntEc": 0, "pBeginEcon": 0, "pDevelopEc": 0, "pProfEcon": 0, "pDistEcon": 0, "DevPlus__9": 0, "ProfPlus_9": 0, "pDevPlusEc": 0, "pProfPlu_7": 0, "NTestedGeo": 0, "Begin_CntG": 0, "Develop_10": 0, "Prof_CntGe": 0, "Dist_CntGe": 0, "pBeginGeom": 0, "pDevelopGe": 0, "pProfGeome": 0, "pDistGeome": 0, "DevPlus_10": 0, "ProfPlus10": 0, "pDevPlusGe": 0, "pProfPlusG": 0, "NTestedLit": 0, "Begin_CntL": 0, "Develop_11": 0, "Prof_CntLi": 0, "Dist_CntLi": 0, "pBeginLit9": 0, "pDevelopLi": 0, "pProfLit9": 0, "pDistLit9": 0, "DevPlus_11": 0, "ProfPlus11": 0, "pDevPlusLi": 0, "pProfPlusL": 0, "NTestedPhy": 0, "Begin_CntP": 0, "Develop_12": 0, "Prof_CntPh": 0, "Dist_CntPh": 0, "pBeginPhys": 0, "pDevelopPh": 0, "pProfPhysS": 0, "pDistPhysS": 0, "DevPlus_12": 0, "ProfPlus12": 0, "pDevPlusPh": 0, "pProfPlusP": 0, "NTestedUSH": 0, "Begin_CntU": 0, "Develop_13": 0, "Prof_CntUS": 0, "Dist_CntUS": 0, "pBeginUSHi": 0, "pDevelopUS": 0, "pProfUSHis": 0, "pDistUSHis": 0, "DevPlus_13": 0, "ProfPlus13": 0, "pDevPlusUS": 0, "pProfPlusU": 0, "NDropout71": 0, "pNDropout7": 0, "Graduation": 0, "NUMBER_OF_": 0, "pHopeEligi": 0, "chENROLLME": 0, "pchENROLLM": 0.0, "chCCRPI": 0, "chpProfPlu": 0, "chpProfP_1": 0, "chpProfP_2": 0, "chpProfP_3": 0, "chpELA8": 0, "chpProfP_4": 0, "chpProfP_5": 0, "chpProfP_6": 0, "chpProfP_7": 0, "chpProfP_8": 0, "chpProfP_9": 0, "chpProfP10": 0, "chpProfP11": 0, "chpProfP12": 0, "chpProfP13": 0, "chpProfP14": 0, "GlobalID": "{35412A3A-85EE-4E50-85BB-13043A9610CE}", "created_us": "opendata@arc", "created_da": "2020-03-25T00:00:00Z", "last_edite": "opendata@arc", "last_edi_1": "2020-03-25T00:00:00Z" }, "geometry": { "type": "Point", "coordinates": [ -84.33614018532036, 33.690008424075778 ] } }
]
}
