{"type":"FeatureCollection","features":[{"type":"Feature","id":2790,"geometry":{"type":"LineString","coordinates":[[-84.3854304350412,33.6149636495946],[-84.3855492749668,33.6147657158767],[-84.3855445219806,33.6135939347366],[-84.3855730425926,33.6121885688988],[-84.3855730425926,33.6096271807969],[-84.3855730425926,33.6078179321801]]},"properties":{"OBJECTID_1":2790,"OBJECTID":523,"ID":"141446","TYPE":"AC; OVERHEAD","STATUS":"IN SERVICE","NAICS_CODE":"221121","NAICS_DESC":"ELECTRIC BULK POWER TRANSMISSION AND CONTROL","SOURCE":"IMAGERY, EIA 861, EIA 860","SOURCEDATE":1407801600000,"VAL_METHOD":"IMAGERY","VAL_DATE":1513296000000,"OWNER":"GEORGIA POWER CO","VOLTAGE":115,"VOLT_CLASS":"100-161","INFERRED":"Y","SUB_1":"UNKNOWN116348","SUB_2":"TAP142236","SHAPE__Len":958.298400739708,"GlobalID":"2f98bcd0-723b-4e94-89b0-675d01738d6d","Shape__Length":958.2983220129933}},{"type":"Feature","id":2832,"geometry":{"type":"LineString","coordinates":[[-84.4824546715252,33.9225009649523],[-84.4847791800021,33.9224437699164],[-84.4868469939884,33.9224141858251],[-84.4929766698891,33.9223366445671],[-84.4937848652856,33.9223264211677],[-84.4938961216336,33.9220692420762]]},"properties":{"OBJECTID_1":2832,"OBJECTID":574,"ID":"141551","TYPE":"AC; OVERHEAD","STATUS":"IN SERVICE","NAICS_CODE":"221121","NAICS_DESC":"ELECTRIC BULK POWER TRANSMISSION AND CONTROL","SOURCE":"IMAGERY, EIA 861, EIA 860","SOURCEDATE":1408320000000,"VAL_METHOD":"IMAGERY","VAL_DATE":1514937600000,"OWNER":"GEORGIA POWER CO","VOLTAGE":115,"VOLT_CLASS":"100-161","INFERRED":"Y","SUB_1":"TAP142621","SUB_2":"TAP142622","SHAPE__Len":1298.16590962858,"GlobalID":"c2dfc638-6136-4251-b1aa-3e8cf5d6317f","Shape__Length":1298.1659809348637}},{"type":"Feature","id":2852,"geometry":{"type":"LineString","coordinates":[[-84.0316529067813,33.9112003031272],[-84.0313391701683,33.9108334151383],[-84.0313011408891,33.910711118791]]},"properties":{"OBJECTID_1":2852,"OBJECTID":599,"ID":"141547","TYPE":"AC; OVERHEAD","STATUS":"IN SERVICE","NAICS_CODE":"221121","NAICS_DESC":"ELECTRIC BULK POWER TRANSMISSION AND CONTROL","SOURCE":"IMAGERY, EIA 861, EIA 860","SOURCEDATE":1407283200000,"VAL_METHOD":"IMAGERY","VAL_DATE":1514851200000,"OWNER":"GEORGIA POWER CO","VOLTAGE":115,"VOLT_CLASS":"100-161","INFERRED":"Y","SUB_1":"UNKNOWN116172","SUB_2":"TAP142233","SHAPE__Len":77.2875878625863,"GlobalID":"0d5d0d6a-f287-49dc-9bb7-0ec3d221ff82","Shape__Length":77.2876145760623}},{"type":"Feature","id":2855,"geometry":{"type":"LineString","coordinates":[[-84.5616075785068,34.0280619701799],[-84.5616452996639,34.0286329995593],[-84.5603266994893,34.0289728001544],[-84.5595970994936,34.0291655994458],[-84.5587236001692,34.029398599445],[-84.557483599887,34.0291627994514],[-84.5558619997636,34.028863199528],[-84.5552981003103,34.0285955995527],[-84.5543341999256,34.0286150001195],[-84.553087500008,34.0285899995264],[-84.5524499997869,34.0285595001477],[-84.5518374996801,34.0285651001761],[-84.5508733001564,34.0286472996451],[-84.5499149001562,34.0286315999257],[-84.5499881999884,34.0297848001689],[-84.5500852997858,34.0308791994682],[-84.5501869998557,34.0319225997755],[-84.550281700253,34.0330718000426],[-84.5504367997767,34.0342179995509],[-84.5490445997325,34.0342129001574],[-84.5476097000679,34.0350742995089],[-84.5451398001605,34.0351810000073],[-84.5443511997154,34.0352221996503],[-84.5432574999586,34.0353682995096],[-84.5420417002902,34.0355910994868],[-84.5406768997605,34.0355779998401],[-84.5393526994883,34.0355592998807],[-84.5380285001145,34.0354974999098],[-84.5367314002179,34.0354394994457],[-84.5354140001925,34.0353813999331],[-84.5339586000748,34.0354630999884],[-84.5322402001914,34.0360509995014],[-84.5315307000003,34.0370493997757],[-84.5307350001693,34.0379153000264],[-84.5296963994789,34.0383045996326],[-84.5285043997756,34.0385932994859],[-84.5286933002084,34.0394652001439],[-84.5289384998568,34.0405512997702],[-84.5291885998151,34.0416498001218],[-84.5294687996236,34.0428725000958],[-84.529712800021,34.0439621996896],[-84.5298326002456,34.0447805000208],[-84.5296699000763,34.0457298001513],[-84.5290620002421,34.0468905997617],[-84.5285174001943,34.0477744001287],[-84.5277938997595,34.0487833998061],[-84.5272582999326,34.049610099951],[-84.5265541995145,34.0506554000201],[-84.5258805995954,34.0516911000848],[-84.5251433998524,34.0527928001569],[-84.5244873997263,34.0537205995482],[-84.5234315998914,34.0547368995817],[-84.5224428997167,34.0552475996758],[-84.5219204997345,34.0561155996903],[-84.5217134003323,34.0569039000967],[-84.5204405998641,34.0569294996425],[-84.5190511001557,34.0569222998873],[-84.5181901997032,34.0569294996425],[-84.5166532002183,34.0569333994476],[-84.5160811997578,34.0569780001068],[-84.515956498325,34.0587707056913],[-84.5158544991161,34.0606949919931],[-84.5157717957194,34.0622896466382],[-84.5156854936718,34.0637900748438],[-84.5155647969285,34.0660204247621],[-84.5154129295432,34.0688615827883],[-84.5151860231873,34.0703065998181],[-84.5147984288883,34.0726973609082],[-84.5144734318932,34.0748115404946],[-84.5141186180172,34.0770220277551],[-84.5138264176149,34.0788372281224],[-84.5138047502502,34.0789700698527],[-84.5135402440098,34.0805475810927],[-84.5132550280087,34.0822602320087],[-84.513066900127,34.0833384995188],[-84.5129371995696,34.0846306995529],[-84.5134154617286,34.0847405606596],[-84.5134509999795,34.0852630001125]]},"properties":{"OBJECTID_1":2855,"OBJECTID":603,"ID":"141560","TYPE":"AC; OVERHEAD","STATUS":"IN SERVICE","NAICS_CODE":"221121","NAICS_DESC":"ELECTRIC BULK POWER TRANSMISSION AND CONTROL","SOURCE":"IMAGERY, OpenStreetMap, EIA 861, EIA 860","SOURCEDATE":1397088000000,"VAL_METHOD":"IMAGERY","VAL_DATE":1514851200000,"OWNER":"GEORGIA POWER CO","VOLTAGE":230,"VOLT_CLASS":"220-287","INFERRED":"Y","SUB_1":"UNKNOWN111158","SUB_2":"UNKNOWN133885","SHAPE__Len":12052.3304244939,"GlobalID":"03ce9852-310e-4aab-a5ca-0ad7ed33296c","Shape__Length":12052.330357272267}},{"type":"Feature","id":2927,"geometry":{"type":"LineString","coordinates":[[-84.2239690002833,34.0153570001794],[-84.2245954997355,34.0155299994485],[-84.2248512995043,34.0165280998658],[-84.2250908002405,34.0174928997058],[-84.225113886045,34.0180074851682],[-84.2252409994543,34.0183349996142]]},"properties":{"OBJECTID_1":2927,"OBJECTID":708,"ID":"141691","TYPE":"AC; OVERHEAD","STATUS":"IN SERVICE","NAICS_CODE":"221121","NAICS_DESC":"ELECTRIC BULK POWER TRANSMISSION AND CONTROL","SOURCE":"IMAGERY, OpenStreetMap, EIA 861","SOURCEDATE":1397088000000,"VAL_METHOD":"IMAGERY","VAL_DATE":1493078400000,"OWNER":"GEORGIA POWER CO","VOLTAGE":230,"VOLT_CLASS":"220-287","INFERRED":"Y","SUB_1":"UNKNOWN111514","SUB_2":"UNKNOWN111515","SHAPE__Len":458.201399172732,"GlobalID":"d259ce69-b366-4378-b95f-dda75f6d620e","Shape__Length":458.20132552192905}},{"type":"Feature","id":3156,"geometry":{"type":"LineString","coordinates":[[-84.4089242498383,33.7423627825863],[-84.4083680785914,33.7425880941541],[-84.40857485999,33.7444735635066],[-84.4094804201869,33.7461751950702],[-84.4099724166882,33.747082321769],[-84.4128103132484,33.747082321769],[-84.4127532702278,33.7502245847369],[-84.4127176178908,33.7562538485728],[-84.4127960515949,33.758133089707],[-84.4100865027293,33.7579552456258],[-84.4100151989536,33.758897816919],[-84.4100080690252,33.7615476319843],[-84.409558853891,33.761571343556],[-84.4078689521616,33.7611978851661],[-84.4078618213349,33.7627806280027],[-84.4073056509863,33.7628458334976],[-84.4044178422323,33.762851760928],[-84.4044700002144,33.7631709999067]]},"properties":{"OBJECTID_1":3156,"OBJECTID":2046,"ID":"143334","TYPE":"AC; OVERHEAD","STATUS":"IN SERVICE","NAICS_CODE":"221121","NAICS_DESC":"ELECTRIC BULK POWER TRANSMISSION AND CONTROL","SOURCE":"IMAGERY, EIA 861, EIA 860","SOURCEDATE":1408579200000,"VAL_METHOD":"IMAGERY","VAL_DATE":1514937600000,"OWNER":"GEORGIA POWER CO","VOLTAGE":115,"VOLT_CLASS":"100-161","INFERRED":"Y","SUB_1":"UNKNOWN111356","SUB_2":"UNKNOWN115972","SHAPE__Len":4167.99681674318,"GlobalID":"b462a612-c0e2-4a44-a5ba-177abeb3fdd2","Shape__Length":4167.996833987273}},{"type":"Feature","id":3199,"geometry":{"type":"LineString","coordinates":[[-84.6491145274749,34.0616101659254],[-84.6500414792536,34.0614802097616],[-84.6508828647049,34.0608481498997],[-84.6508828647049,34.0585029887125],[-84.650860284652,34.0563113566805],[-84.6513356452525,34.0533280468026],[-84.6530766485451,34.0531163555227]]},"properties":{"OBJECTID_1":3199,"OBJECTID":2114,"ID":"143454","TYPE":"AC; OVERHEAD","STATUS":"IN SERVICE","NAICS_CODE":"221121","NAICS_DESC":"ELECTRIC BULK POWER TRANSMISSION AND CONTROL","SOURCE":"IMAGERY, EIA 861, EIA 860","SOURCEDATE":1408320000000,"VAL_METHOD":"IMAGERY","VAL_DATE":1514851200000,"OWNER":"GEORGIA POWER CO","VOLTAGE":115,"VOLT_CLASS":"100-161","INFERRED":"Y","SUB_1":"UNKNOWN115907","SUB_2":"TAP155358","SHAPE__Len":1440.90865054992,"GlobalID":"66236b10-c02e-41bb-a3c3-19963ea4ca0c","Shape__Length":1440.9086315140366}},{"type":"Feature","id":3353,"geometry":{"type":"LineString","coordinates":[[-84.422538123646,33.7756858585578],[-84.4248946355033,33.7756894725762],[-84.4257869338716,33.775707318657],[-84.4260248796241,33.7767423834855],[-84.426405592828,33.7777120146837],[-84.4270860001804,33.7795839996131],[-84.4285946973439,33.7795382507467],[-84.4296357118075,33.7791218446676],[-84.4305700001272,33.7791279994525]]},"properties":{"OBJECTID_1":3353,"OBJECTID":2342,"ID":"163184","TYPE":"AC; OVERHEAD","STATUS":"IN SERVICE","NAICS_CODE":"221121","NAICS_DESC":"ELECTRIC BULK POWER TRANSMISSION AND CONTROL","SOURCE":"IMAGERY, EIA 860","SOURCEDATE":1553558400000,"VAL_METHOD":"IMAGERY","VAL_DATE":1553558400000,"OWNER":"GEORGIA POWER CO","VOLTAGE":115,"VOLT_CLASS":"100-161","INFERRED":"Y","SUB_1":"UNKNOWN111552","SUB_2":"TAP161821","SHAPE__Len":1301.98684269485,"GlobalID":"2dd32edb-b012-4ee1-9117-24e68d6237f6","Shape__Length":1301.9868785884455}},{"type":"Feature","id":3367,"geometry":{"type":"LineString","coordinates":[[-84.2108360889703,33.9347553454989],[-84.210765378981,33.9350996177799],[-84.2085529119796,33.9343328505845],[-84.2066059249923,33.9347500165419],[-84.1994136283487,33.9362957138943],[-84.1936380135357,33.9375222447896],[-84.1883425931579,33.9386698655412],[-84.1800620603111,33.9404563179733],[-84.178101047029,33.9409117890986],[-84.1772696499454,33.9410986168126],[-84.1707382106186,33.9426484527417],[-84.1660036309305,33.9438039105339],[-84.1606273154647,33.9450894857247],[-84.150483144916,33.9475265058706],[-84.1505687103451,33.9481022318419],[-84.1492662250484,33.9484176970373],[-84.1489239660268,33.9479602726813],[-84.1421358331076,33.9496243381049],[-84.1397542816101,33.95007386659],[-84.1392789228062,33.9504248125316],[-84.1368831105535,33.9516156530646],[-84.1270194021214,33.9563433607491],[-84.1250609211901,33.9535438315853],[-84.1198200833472,33.952337246836],[-84.1127895166924,33.9508822236416],[-84.0994742231222,33.9572911178718],[-84.0945875281138,33.9596449897014],[-84.0883650733122,33.9626572205243],[-84.083830144196,33.9648059321804],[-84.0794806048965,33.9659137786273],[-84.0744227799281,33.9673646028483],[-84.0672068234566,33.9694934835145],[-84.0650011558035,33.9701281959059],[-84.051885988014,33.9738496388566],[-84.0457586046138,33.9754934879834],[-84.0287217219755,33.9799124055316],[-84.0213916785646,33.981879361068],[-84.0090612511594,33.9851176511174],[-84.0068472651068,33.98568523906],[-84.0030895475947,33.9866725971192],[-84.0015244272482,33.9870716755203],[-84.0008648662003,33.9862823851165],[-84.0009765752991,33.986057716471]]},"properties":{"OBJECTID_1":3367,"OBJECTID":2363,"ID":"143716","TYPE":"AC; OVERHEAD","STATUS":"IN SERVICE","NAICS_CODE":"221121","NAICS_DESC":"ELECTRIC BULK POWER TRANSMISSION AND CONTROL","SOURCE":"IMAGERY, EIA 861, EIA 860","SOURCEDATE":1407369600000,"VAL_METHOD":"IMAGERY","VAL_DATE":1514851200000,"OWNER":"GEORGIA POWER CO","VOLTAGE":115,"VOLT_CLASS":"100-161","INFERRED":"Y","SUB_1":"UNKNOWN116080","SUB_2":"UNKNOWN116106","SHAPE__Len":25400.2423567408,"GlobalID":"96a11db8-3f3d-406f-a240-77ea6ffc2a13","Shape__Length":25400.242558114758}},{"type":"Feature","id":3374,"geometry":{"type":"LineString","coordinates":[[-84.4843050276356,33.8217550864452],[-84.4848980387923,33.8218903458168],[-84.4871084603299,33.8200184269904],[-84.4915197956361,33.8164442908734],[-84.4918525468887,33.8162665678588]]},"properties":{"OBJECTID_1":3374,"OBJECTID":2379,"ID":"143720","TYPE":"AC; OVERHEAD","STATUS":"IN SERVICE","NAICS_CODE":"221121","NAICS_DESC":"ELECTRIC BULK POWER TRANSMISSION AND CONTROL","SOURCE":"IMAGERY, EIA 861, EIA 860","SOURCEDATE":1408060800000,"VAL_METHOD":"IMAGERY","VAL_DATE":1514937600000,"OWNER":"GEORGIA POWER CO","VOLTAGE":115,"VOLT_CLASS":"100-161","INFERRED":"Y","SUB_1":"UNKNOWN116534","SUB_2":"UNKNOWN116537","SHAPE__Len":1149.78369103808,"GlobalID":"c34ad226-f956-4c3b-927d-f8ff4ba82516","Shape__Length":1149.7837267091772}},{"type":"Feature","id":3552,"geometry":{"type":"LineString","coordinates":[[-84.4644079998625,33.6302779995096],[-84.4638011663286,33.6300018690515],[-84.4627210913197,33.6290390226792],[-84.4617762468971,33.628845238897],[-84.4595105870545,33.6283805608476],[-84.4584531675571,33.6279984785832],[-84.4580238572929,33.6278433535289],[-84.4567628031954,33.627356933534],[-84.453033913519,33.6253093409711],[-84.4498314024631,33.6257715604474],[-84.448356381343,33.6253488648624],[-84.4351750202935,33.6189167990616],[-84.4342989715503,33.6172647211042],[-84.431802821972,33.6163540556363],[-84.4307462855186,33.6159452140669]]},"properties":{"OBJECTID_1":3552,"OBJECTID":168,"ID":"141022","TYPE":"AC; OVERHEAD","STATUS":"IN SERVICE","NAICS_CODE":"221121","NAICS_DESC":"ELECTRIC BULK POWER TRANSMISSION AND CONTROL","SOURCE":"IMAGERY, EIA 861, EIA 860","SOURCEDATE":1407801600000,"VAL_METHOD":"IMAGERY","VAL_DATE":1513641600000,"OWNER":"GEORGIA POWER CO","VOLTAGE":115,"VOLT_CLASS":"100-161","INFERRED":"Y","SUB_1":"UNKNOWN111555","SUB_2":"TAP142601","SHAPE__Len":4364.22684749001,"GlobalID":"e9bb7798-a3ce-4297-b18f-86e848fcabba","Shape__Length":4364.226767047009}},{"type":"Feature","id":3681,"geometry":{"type":"LineString","coordinates":[[-84.4893551279909,33.9008211290981],[-84.489563691647,33.9014898891638],[-84.488754392221,33.901960385131],[-84.4869076212869,33.9028066796303],[-84.4858879750489,33.9017059025419],[-84.4836098142507,33.9030493227559],[-84.4836575983356,33.9039072717688],[-84.4835190296098,33.905268182586],[-84.4876709350552,33.9084671984514],[-84.4873599886095,33.9099510460631],[-84.4881588675782,33.9108209381486],[-84.4894864625837,33.9115806094891],[-84.4902928245187,33.9175227860252],[-84.4908478719732,33.9210209459691],[-84.4938961216336,33.9220692420762]]},"properties":{"OBJECTID_1":3681,"OBJECTID":371,"ID":"141271","TYPE":"AC; OVERHEAD","STATUS":"IN SERVICE","NAICS_CODE":"221121","NAICS_DESC":"ELECTRIC BULK POWER TRANSMISSION AND CONTROL","SOURCE":"IMAGERY, EIA 861, EIA 860","SOURCEDATE":1408060800000,"VAL_METHOD":"IMAGERY","VAL_DATE":1514937600000,"OWNER":"GEORGIA POWER CO","VOLTAGE":115,"VOLT_CLASS":"100-161","INFERRED":"Y","SUB_1":"UNKNOWN116281","SUB_2":"TAP142622","SHAPE__Len":4034.83876957444,"GlobalID":"ea6e5844-2c0c-456a-a942-98ced2906849","Shape__Length":4034.8387942194267}},{"type":"Feature","id":3685,"geometry":{"type":"LineString","coordinates":[[-84.1720913222698,33.82369190478],[-84.1730420407761,33.8226453945793],[-84.1711762552023,33.8175953120809],[-84.1707484316499,33.8164104979668],[-84.1701482896665,33.8142531076815],[-84.1698927845452,33.8131867344995],[-84.1695065547871,33.8113797944754],[-84.1685023577754,33.8054551330719],[-84.1682112012154,33.8056328785473]]},"properties":{"OBJECTID_1":3685,"OBJECTID":375,"ID":"141291","TYPE":"AC; OVERHEAD","STATUS":"IN SERVICE","NAICS_CODE":"221121","NAICS_DESC":"ELECTRIC BULK POWER TRANSMISSION AND CONTROL","SOURCE":"IMAGERY, EIA 861, EIA 860","SOURCEDATE":1407283200000,"VAL_METHOD":"IMAGERY","VAL_DATE":1514851200000,"OWNER":"GEORGIA POWER CO","VOLTAGE":115,"VOLT_CLASS":"100-161","INFERRED":"Y","SUB_1":"UNKNOWN116180","SUB_2":"TAP142234","SHAPE__Len":2579.29834684487,"GlobalID":"192fe4ca-a67d-41b4-9bb0-75c56364ee24","Shape__Length":2579.2981911376196}},{"type":"Feature","id":3696,"geometry":{"type":"LineString","coordinates":[[-84.6099397363496,33.9320678430334],[-84.6106140477345,33.93238742075],[-84.6107851776944,33.9323834764668]]},"properties":{"OBJECTID_1":3696,"OBJECTID":391,"ID":"141294","TYPE":"AC; OVERHEAD","STATUS":"IN SERVICE","NAICS_CODE":"221121","NAICS_DESC":"ELECTRIC BULK POWER TRANSMISSION AND CONTROL","SOURCE":"IMAGERY, EIA 861, EIA 860","SOURCEDATE":1408320000000,"VAL_METHOD":"IMAGERY","VAL_DATE":1512950400000,"OWNER":"GEORGIA POWER CO","VOLTAGE":230,"VOLT_CLASS":"220-287","INFERRED":"Y","SUB_1":"UNKNOWN116555","SUB_2":"TAP142245","SHAPE__Len":105.50443322895,"GlobalID":"57e93e0f-6d88-4beb-afdb-8987c1b3cab6","Shape__Length":105.50435150456151}},{"type":"Feature","id":3709,"geometry":{"type":"LineString","coordinates":[[-84.6109057343005,33.5354099276443],[-84.6097275417031,33.5365772858312],[-84.6078926536835,33.5383127470378],[-84.6043940076043,33.541561689554],[-84.6027968012325,33.5429404724953],[-84.6002488736596,33.5454206404641],[-84.5978625700742,33.5474253256661],[-84.5957519738226,33.5490417181326],[-84.593917085803,33.5506660026144],[-84.5918730403409,33.5523615659472],[-84.5883820002973,33.5550880001055],[-84.5882330003344,33.5552130000589],[-84.5832339997457,33.5594599998438],[-84.5830715825457,33.5622145045374],[-84.5832838939733,33.5624766640642],[-84.5844891114877,33.5631675980921],[-84.5850158754854,33.5625164241053],[-84.5852409995839,33.5626099996594]]},"properties":{"OBJECTID_1":3709,"OBJECTID":407,"ID":"141310","TYPE":"AC; OVERHEAD","STATUS":"IN SERVICE","NAICS_CODE":"221121","NAICS_DESC":"ELECTRIC BULK POWER TRANSMISSION AND CONTROL","SOURCE":"IMAGERY, OpenStreetMap, EIA 861, EIA 860","SOURCEDATE":1397088000000,"VAL_METHOD":"IMAGERY","VAL_DATE":1509580800000,"OWNER":"GEORGIA POWER CO","VOLTAGE":115,"VOLT_CLASS":"100-161","INFERRED":"Y","SUB_1":"UNKNOWN113568","SUB_2":"TAP142625","SHAPE__Len":5160.35663089149,"GlobalID":"e3dd7029-405c-4c03-86a1-89d54b579f6c","Shape__Length":5160.356666700755}},{"type":"Feature","id":3765,"geometry":{"type":"LineString","coordinates":[[-84.4767799995024,33.8228379994786],[-84.4775168947165,33.8223533825928],[-84.4782513249534,33.8228095054975],[-84.4793921880592,33.8223296878494],[-84.4796987947437,33.8229872156624],[-84.4801907921434,33.825901604151],[-84.474258306329,33.8289758186993],[-84.4713419751664,33.8311673888022],[-84.4694692258526,33.8324927211828],[-84.4683401693046,33.8333303137499],[-84.4676945519065,33.8343203784878],[-84.4669480986178,33.8355545487437],[-84.4664760815467,33.8373060650739],[-84.4660387672934,33.8389248546721],[-84.4652781529625,33.841799362857],[-84.4648692856592,33.8432446047163],[-84.4641943274874,33.8456369768539],[-84.4632626999776,33.8491266975578],[-84.4630865439436,33.8499043945885],[-84.465047407207,33.8542518738744],[-84.4670259412304,33.8586481334483],[-84.4681073996448,33.8608833828657],[-84.4695782220392,33.8641746158837],[-84.4701021249028,33.8641650546055],[-84.4703532282793,33.8643006325047]]},"properties":{"OBJECTID_1":3765,"OBJECTID":1011,"ID":"142068","TYPE":"AC; OVERHEAD","STATUS":"IN SERVICE","NAICS_CODE":"221121","NAICS_DESC":"ELECTRIC BULK POWER TRANSMISSION AND CONTROL","SOURCE":"IMAGERY, EIA 860, OpenStreetMap","SOURCEDATE":1408060800000,"VAL_METHOD":"IMAGERY","VAL_DATE":1470787200000,"OWNER":"GEORGIA POWER CO","VOLTAGE":230,"VOLT_CLASS":"220-287","INFERRED":"N","SUB_1":"JACK MCDONOUGH","SUB_2":"UNKNOWN116533","SHAPE__Len":6939.85693651854,"GlobalID":"90181274-48dc-4ea8-983b-948a0a679aa7","Shape__Length":6939.8569995256485}},{"type":"Feature","id":3786,"geometry":{"type":"LineString","coordinates":[[-84.4452590809732,33.4417441025004],[-84.4448966197392,33.4427208777072],[-84.4432922807441,33.444743807604],[-84.4411947576748,33.4456709685097],[-84.4411655157157,33.4462762041305],[-84.4384364850865,33.4464692110834],[-84.4367513345467,33.4469769096264],[-84.42992873866,33.448876784474],[-84.4209563287712,33.448832164675],[-84.4194280483346,33.45168586754],[-84.4181338823357,33.4541398986109],[-84.4155289126405,33.4564005198155],[-84.4136892707364,33.4579987831705],[-84.4125626701824,33.4589664516579],[-84.4099529457044,33.4612507421017],[-84.4045908909937,33.4659341404354],[-84.3987439697101,33.4710217460773],[-84.3926070803377,33.4763985008017],[-84.3887008129185,33.4797865580008],[-84.3839804939855,33.4840526637943],[-84.3817082755429,33.4860151605596],[-84.38057216722,33.4851151925357],[-84.3700096790912,33.4850160765131],[-84.3701095052755,33.4824548808683],[-84.3695675947837,33.4822209597787],[-84.3672669500523,33.4820237916718]]},"properties":{"OBJECTID_1":3786,"OBJECTID":1044,"ID":"142098","TYPE":"AC; OVERHEAD","STATUS":"IN SERVICE","NAICS_CODE":"221121","NAICS_DESC":"ELECTRIC BULK POWER TRANSMISSION AND CONTROL","SOURCE":"IMAGERY, EIA 861, EIA 860","SOURCEDATE":1407888000000,"VAL_METHOD":"IMAGERY","VAL_DATE":1513296000000,"OWNER":"GEORGIA POWER CO","VOLTAGE":115,"VOLT_CLASS":"100-161","INFERRED":"Y","SUB_1":"UNKNOWN116360","SUB_2":"O'HARA","SHAPE__Len":11778.2179243266,"GlobalID":"570307f8-b207-4b00-9eaf-a549af2d176d","Shape__Length":11778.217957139412}},{"type":"Feature","id":3841,"geometry":{"type":"LineString","coordinates":[[-84.4906199999283,33.6932919994858],[-84.490762243662,33.6934048427019],[-84.491210574854,33.6943781150824],[-84.491675249096,33.6952507759241],[-84.4920412209461,33.6959383124497],[-84.4928480580899,33.6974699936429],[-84.493409079341,33.698513976518],[-84.4940533986735,33.6996881809806],[-84.4954217385654,33.702317452725],[-84.4970198666087,33.7052912230977],[-84.4984628825518,33.7080339454536],[-84.4993800346092,33.7097703580835],[-84.5005552600712,33.7119882188352],[-84.5020363214633,33.7147606515922],[-84.5031039071947,33.7167640125556],[-84.5041912271163,33.7188249847119],[-84.5051686947567,33.7205850126216],[-84.50554379888,33.7227002930073],[-84.5058244065236,33.7241526139787],[-84.5064433978567,33.727353972026],[-84.5067742159348,33.7290526671241],[-84.5071750307398,33.7311593206673],[-84.5075914268235,33.73314404057],[-84.5062505080056,33.7351204208006],[-84.5051345237416,33.7368478201788],[-84.5046825696441,33.7380136641625],[-84.5035190061111,33.7395730560853],[-84.5020238995595,33.7417170998353],[-84.4998563995262,33.7449826997325],[-84.4989813577945,33.7477441077783],[-84.4987654674789,33.7484922687684],[-84.4985071317661,33.7490536296604]]},"properties":{"OBJECTID_1":3841,"OBJECTID":1115,"ID":"142189","TYPE":"AC; OVERHEAD","STATUS":"IN SERVICE","NAICS_CODE":"221121","NAICS_DESC":"ELECTRIC BULK POWER TRANSMISSION AND CONTROL","SOURCE":"IMAGERY, OpenStreetMap, EIA 861, EIA 860","SOURCEDATE":1408060800000,"VAL_METHOD":"IMAGERY","VAL_DATE":1514937600000,"OWNER":"GEORGIA POWER CO","VOLTAGE":115,"VOLT_CLASS":"100-161","INFERRED":"Y","SUB_1":"UNKNOWN111348","SUB_2":"UNKNOWN111363","SHAPE__Len":8072.45885360635,"GlobalID":"8f413035-1634-46eb-91fe-87e67c49bd55","Shape__Length":8072.458851697329}},{"type":"Feature","id":3912,"geometry":{"type":"LineString","coordinates":[[-84.7423039000284,34.1401778057902],[-84.7418580868141,34.14011958554],[-84.7412987517008,34.1402421301794],[-84.7407580305784,34.1383880275913],[-84.7393319514716,34.1335337274829],[-84.737703845749,34.1280741521376],[-84.7365629835415,34.124404724585],[-84.7347685017435,34.1181968335867],[-84.7328432962069,34.1116293518926],[-84.7315063470443,34.1074475438712],[-84.7297296905164,34.1016221869409],[-84.728511583076,34.0975973401025],[-84.7275073860643,34.0942365929442],[-84.7261466692759,34.0896356469621],[-84.7238174078127,34.0890451328281],[-84.7211851050784,34.0878591716126],[-84.7193430871304,34.087480251792],[-84.7186810350542,34.0874356738847],[-84.7188320759895,34.0867914978492]]},"properties":{"OBJECTID_1":3912,"OBJECTID":1208,"ID":"142315","TYPE":"AC; OVERHEAD","STATUS":"IN SERVICE","NAICS_CODE":"221121","NAICS_DESC":"ELECTRIC BULK POWER TRANSMISSION AND CONTROL","SOURCE":"IMAGERY, EIA 861, EIA 860","SOURCEDATE":1401235200000,"VAL_METHOD":"IMAGERY","VAL_DATE":1514851200000,"OWNER":"GEORGIA POWER CO","VOLTAGE":115,"VOLT_CLASS":"100-161","INFERRED":"Y","SUB_1":"UNKNOWN110851","SUB_2":"UNKNOWN110852","SHAPE__Len":8103.36309897417,"GlobalID":"b38542d0-2dcb-482b-a641-a0ff8b5d9409","Shape__Length":8103.363217556473}},{"type":"Feature","id":4000,"geometry":{"type":"LineString","coordinates":[[-84.2377984499963,33.8096892221618],[-84.2380699999269,33.80980099945],[-84.2401809995221,33.8068049996629],[-84.2408369996482,33.8061329995235],[-84.2420757189329,33.8044256919431],[-84.2443812118719,33.8033443835793],[-84.2455769997708,33.80303999957],[-84.2461309997896,33.80303999957],[-84.2469989996278,33.8032579998134],[-84.2516654591696,33.8023850437647],[-84.2534169997005,33.8018149999481],[-84.2544443696533,33.8011912165546],[-84.2594619905211,33.7973401597754],[-84.261931000198,33.7950979995894],[-84.2628644449997,33.7938584579255],[-84.2631489998406,33.7934459997689],[-84.2637980002941,33.7916190001684],[-84.2637709996316,33.7899390001599],[-84.2629110001893,33.7881679998164],[-84.2626500000734,33.7873779994962],[-84.2626469997003,33.7854169997783],[-84.2627182028647,33.7813004959078],[-84.2628409998691,33.7809719995374],[-84.2623739998888,33.7799689996483],[-84.2623579999953,33.7754730000675],[-84.2620669997422,33.7749619996914],[-84.2599510001241,33.7745099996837],[-84.2595979999467,33.7741789996836],[-84.2572170000148,33.773302999942],[-84.2567700001261,33.7734069998889],[-84.2534939996934,33.7710269998774],[-84.2520989996005,33.7696770000066],[-84.2513349995193,33.7685419998059],[-84.251208000196,33.7671929995431],[-84.2512929996865,33.7664230001522],[-84.251601999483,33.7660810001803],[-84.2522960001423,33.7660810001803],[-84.2528954854573,33.7662000288951]]},"properties":{"OBJECTID_1":4000,"OBJECTID":1330,"ID":"142456","TYPE":"AC; OVERHEAD","STATUS":"IN SERVICE","NAICS_CODE":"221121","NAICS_DESC":"ELECTRIC BULK POWER TRANSMISSION AND CONTROL","SOURCE":"IMAGERY, EIA 861, EIA 860","SOURCEDATE":1408406400000,"VAL_METHOD":"IMAGERY","VAL_DATE":1514937600000,"OWNER":"GEORGIA POWER CO","VOLTAGE":115,"VOLT_CLASS":"100-161","INFERRED":"Y","SUB_1":"UNKNOWN116580","SUB_2":"UNKNOWN116607","SHAPE__Len":8345.38228315633,"GlobalID":"54fc3bd9-edc5-41f4-8b25-4d3d4c37be78","Shape__Length":8345.382128917543}},{"type":"Feature","id":4022,"geometry":{"type":"LineString","coordinates":[[-84.4985071317661,33.7490536296604],[-84.4983830995782,33.7502995485735],[-84.4975668777347,33.7519201486077],[-84.4969733805894,33.7539053397222],[-84.4957032687788,33.7565286908477]]},"properties":{"OBJECTID_1":4022,"OBJECTID":1366,"ID":"142496","TYPE":"AC; OVERHEAD","STATUS":"IN SERVICE","NAICS_CODE":"221121","NAICS_DESC":"ELECTRIC BULK POWER TRANSMISSION AND CONTROL","SOURCE":"IMAGERY, OpenStreetMap, EIA 861, EIA 860","SOURCEDATE":1401840000000,"VAL_METHOD":"IMAGERY","VAL_DATE":1514937600000,"OWNER":"GEORGIA POWER CO","VOLTAGE":115,"VOLT_CLASS":"100-161","INFERRED":"Y","SUB_1":"UNKNOWN111348","SUB_2":"TAP142584","SHAPE__Len":1055.11932239072,"GlobalID":"85884e8b-fff3-4fb3-aa27-5be5d07bd787","Shape__Length":1055.1193365084027}},{"type":"Feature","id":4047,"geometry":{"type":"LineString","coordinates":[[-84.126836133227,33.5923499881689],[-84.1265549856959,33.5923620079865],[-84.1264052482162,33.5923263698174]]},"properties":{"OBJECTID_1":4047,"OBJECTID":1403,"ID":"142549","TYPE":"AC; OVERHEAD","STATUS":"IN SERVICE","NAICS_CODE":"221121","NAICS_DESC":"ELECTRIC BULK POWER TRANSMISSION AND CONTROL","SOURCE":"IMAGERY, EIA 861","SOURCEDATE":1406851200000,"VAL_METHOD":"IMAGERY","VAL_DATE":1495411200000,"OWNER":"GEORGIA POWER CO","VOLTAGE":230,"VOLT_CLASS":"220-287","INFERRED":"Y","SUB_1":"UNKNOWN116039","SUB_2":"TAP142210","SHAPE__Len":48.674126583235,"GlobalID":"592a94eb-88cb-459d-9675-386e55805701","Shape__Length":48.67413489675458}},{"type":"Feature","id":4051,"geometry":{"type":"LineString","coordinates":[[-84.4985071317661,33.7490536296604],[-84.4983817422238,33.7487318769634],[-84.4986812477261,33.7476817754866],[-84.4995725031504,33.7449012027631],[-84.5017564252854,33.7415923285895],[-84.5031885249012,33.7394226285175],[-84.5053939769586,33.7360809009613],[-84.5072928600607,33.7331734040983],[-84.5066396411187,33.7297274647403],[-84.5061950585964,33.7274210580617],[-84.5054381605959,33.7235550654516],[-84.5049001739453,33.7207707915014],[-84.5034638028402,33.7180683756822],[-84.5018101274714,33.7149418214763],[-84.5004011298297,33.7123100278812],[-84.4994129587626,33.7104430027145],[-84.4987114230348,33.7090626309499],[-84.4969185294581,33.7057419289589],[-84.4952384993154,33.702539970517],[-84.4934721177178,33.6992382056673],[-84.4918601259747,33.6961823327437],[-84.4910246945571,33.6945768964486],[-84.490605316965,33.6936943405035],[-84.4902926789916,33.6933056898936],[-84.4890519636505,33.6917486504489],[-84.4867807665923,33.6888983549193],[-84.4844778006142,33.6860094981169],[-84.4819019902332,33.6827957591402],[-84.4803503491075,33.6809438690056],[-84.4784625269615,33.6786883425084],[-84.4758025489299,33.6755019009865],[-84.4708077722198,33.6757373164845],[-84.4667781706037,33.6759320517739],[-84.4646454057275,33.6753050745121],[-84.4634153614736,33.6760333940593]]},"properties":{"OBJECTID_1":4051,"OBJECTID":1408,"ID":"142556","TYPE":"AC; OVERHEAD","STATUS":"IN SERVICE","NAICS_CODE":"221121","NAICS_DESC":"ELECTRIC BULK POWER TRANSMISSION AND CONTROL","SOURCE":"IMAGERY, OpenStreetMap, EIA 861","SOURCEDATE":1408060800000,"VAL_METHOD":"IMAGERY","VAL_DATE":1513641600000,"OWNER":"GEORGIA POWER CO","VOLTAGE":230,"VOLT_CLASS":"220-287","INFERRED":"Y","SUB_1":"UNKNOWN111348","SUB_2":"UNKNOWN111352","SHAPE__Len":12368.9705122239,"GlobalID":"1c54c4f8-ba33-4ef5-b179-e51b1aa8e738","Shape__Length":12368.97056919552}},{"type":"Feature","id":4100,"geometry":{"type":"LineString","coordinates":[[-84.3188895243057,33.5580872521275],[-84.322145735751,33.5569147010006],[-84.326442985016,33.5553697619847],[-84.3326654407159,33.5533850691133],[-84.3330124527237,33.553186992596],[-84.3348330799881,33.5527472638741],[-84.3357552769841,33.5523788400406],[-84.3381558422229,33.551705373179],[-84.3409699702589,33.550881358556],[-84.3432516955722,33.55020788077],[-84.3431471173,33.5495977840505]]},"properties":{"OBJECTID_1":4100,"OBJECTID":1479,"ID":"142738","TYPE":"AC; OVERHEAD","STATUS":"IN SERVICE","NAICS_CODE":"221121","NAICS_DESC":"ELECTRIC BULK POWER TRANSMISSION AND CONTROL","SOURCE":"IMAGERY, EIA 861, EIA 860","SOURCEDATE":1407888000000,"VAL_METHOD":"IMAGERY","VAL_DATE":1513296000000,"OWNER":"GEORGIA POWER CO","VOLTAGE":115,"VOLT_CLASS":"100-161","INFERRED":"Y","SUB_1":"UNKNOWN116357","SUB_2":"TAP142240","SHAPE__Len":2995.00464715027,"GlobalID":"3250098d-4587-49cb-8db3-19da808f0182","Shape__Length":2995.0045559590844}},{"type":"Feature","id":4106,"geometry":{"type":"LineString","coordinates":[[-84.3331541278238,33.605777486531],[-84.3333930051292,33.6055914404594],[-84.3333364283343,33.605002293663],[-84.3322411556275,33.6025605169454],[-84.3354406097164,33.602627140715],[-84.3357945639047,33.6013700456187],[-84.3357813820262,33.5986158109608],[-84.3358243924637,33.5967709478578],[-84.3358714516082,33.5948865568353],[-84.3382357833,33.5947605757202],[-84.3428115579139,33.5944741646629],[-84.3469745530614,33.5945272920879],[-84.3505663867749,33.5945817910643],[-84.3530720980211,33.5946075885165],[-84.3572641922956,33.5946417920533],[-84.3610137584949,33.5929109368946],[-84.3661029301751,33.593106623551],[-84.3709055671275,33.5932838795268],[-84.3749868092959,33.5950072287966],[-84.3766658000878,33.5955531994437],[-84.3808112996469,33.5953473000145],[-84.3851674999542,33.5951850996841],[-84.3888348002364,33.5942271995275],[-84.3931423998902,33.5931332999315],[-84.3965308002261,33.5922839999917],[-84.4004239001398,33.5912973994485],[-84.4043968000951,33.5902957997206],[-84.4072186994567,33.5895793998579],[-84.4109359999676,33.5886620999033],[-84.4136015996563,33.5874801997307],[-84.4181334996534,33.5855110001544],[-84.4216286997951,33.5839796998573],[-84.4244870995033,33.5827419995417],[-84.4279937001643,33.5812162001572],[-84.4312016999266,33.5798177000902],[-84.4357095996342,33.5778701001192],[-84.4409566996329,33.5756220998416],[-84.4440711003325,33.5742427996624],[-84.4469805998073,33.5729684999644],[-84.4497406995689,33.571767099752],[-84.4523979000096,33.5706516001819],[-84.4560334996438,33.5681285997361],[-84.4584722163327,33.5664602258971],[-84.4589783002143,33.5661139995256],[-84.4611973994775,33.5646017997226],[-84.4639523995033,33.5627544996559],[-84.4674352001991,33.5618490000318],[-84.4704429996206,33.5610994998645],[-84.4752712996439,33.5598918994975],[-84.4804638000397,33.5585962000458],[-84.4852119999841,33.5574309995454],[-84.4903075002955,33.5561693000505],[-84.4943371001149,33.5551994995486],[-84.4990515000485,33.5540558001345],[-84.5034672999816,33.5530022996934],[-84.5079603999449,33.5519160999174],[-84.5091508904786,33.5517750030915],[-84.5094759404743,33.5530444207927]]},"properties":{"OBJECTID_1":4106,"OBJECTID":1493,"ID":"142660","TYPE":"AC; OVERHEAD","STATUS":"IN SERVICE","NAICS_CODE":"221121","NAICS_DESC":"ELECTRIC BULK POWER TRANSMISSION AND CONTROL","SOURCE":"IMAGERY, OpenStreetMap, http://www.psc.state.fl.us/publications/pdf/electricgas/transmissionreport2007.pdf, EIA 861","SOURCEDATE":1397088000000,"VAL_METHOD":"IMAGERY","VAL_DATE":1509580800000,"OWNER":"GEORGIA POWER CO","VOLTAGE":230,"VOLT_CLASS":"220-287","INFERRED":"Y","SUB_1":"UNKNOWN116018","SUB_2":"UNION","SHAPE__Len":22762.766111489,"GlobalID":"e828cd6f-ea33-4727-a0d9-24acd178dd48","Shape__Length":22762.766082903265}},{"type":"Feature","id":4107,"geometry":{"type":"LineString","coordinates":[[-84.1588818430536,33.9974600998639],[-84.1585752372673,33.9973064000058],[-84.1579335005913,33.9966206580444],[-84.1570778534865,33.9964846910836],[-84.1553451685935,33.994019515141],[-84.1528495319532,33.9921868431175],[-84.1478083446822,33.988521381974],[-84.1496408557595,33.9867891011351],[-84.1526997935751,33.9838861206025],[-84.154767606663,33.9819527169002],[-84.1579976753369,33.9789845306371],[-84.1644934623266,33.9736628219588],[-84.1680158751332,33.9707534801386],[-84.1715668112468,33.9678410817996],[-84.1739412310193,33.9658718308643],[-84.1769181697174,33.9633939384645],[-84.1779770328074,33.9625216328588],[-84.1823158758668,33.9588253218568],[-84.1833283921763,33.9579795830797],[-84.1858097680615,33.9559450449263],[-84.1895389631651,33.9528192130475],[-84.1928439001296,33.9501398368682],[-84.1953074498463,33.9480962375186],[-84.1991792525012,33.9448754744383],[-84.201378978697,33.9430683629036],[-84.2025911446802,33.9421721866861],[-84.2046660885948,33.9406134690524],[-84.2067468086767,33.9390718715645],[-84.2080873232526,33.9380701575173],[-84.2091901570792,33.9372577347316],[-84.2123722152927,33.9345698700194],[-84.2149836726208,33.9338203394701],[-84.2137904476155,33.9324796671368]]},"properties":{"OBJECTID_1":4107,"OBJECTID":1495,"ID":"142662","TYPE":"AC; OVERHEAD","STATUS":"IN SERVICE","NAICS_CODE":"221121","NAICS_DESC":"ELECTRIC BULK POWER TRANSMISSION AND CONTROL","SOURCE":"IMAGERY, EIA 861","SOURCEDATE":1407369600000,"VAL_METHOD":"IMAGERY","VAL_DATE":1493078400000,"OWNER":"GEORGIA POWER CO","VOLTAGE":230,"VOLT_CLASS":"220-287","INFERRED":"Y","SUB_1":"UNKNOWN116217","SUB_2":"NORCROSS","SHAPE__Len":12492.6528412395,"GlobalID":"02362da3-2b2c-4c7c-80cb-cca459e4cade","Shape__Length":12492.65278314099}},{"type":"Feature","id":4130,"geometry":{"type":"LineString","coordinates":[[-84.0481464128773,33.8387708708131],[-84.0488238000937,33.8388833987693],[-84.0491945797272,33.838907088925],[-84.0539148995585,33.83946380644],[-84.0569667065473,33.8381489999388],[-84.0590484668783,33.8410778896317],[-84.0602748936166,33.8409594417963],[-84.06080967418,33.8408232254635]]},"properties":{"OBJECTID_1":4130,"OBJECTID":1537,"ID":"142708","TYPE":"AC; OVERHEAD","STATUS":"IN SERVICE","NAICS_CODE":"221121","NAICS_DESC":"ELECTRIC BULK POWER TRANSMISSION AND CONTROL","SOURCE":"IMAGERY, EIA 861, EIA 860","SOURCEDATE":1407283200000,"VAL_METHOD":"IMAGERY","VAL_DATE":1514851200000,"OWNER":"GEORGIA POWER CO","VOLTAGE":115,"VOLT_CLASS":"100-161","INFERRED":"Y","SUB_1":"UNKNOWN116163","SUB_2":"UNKNOWN116178","SHAPE__Len":1687.29101834523,"GlobalID":"31d5ef28-66a1-4bf9-8c2f-007e225e2eb7","Shape__Length":1687.290966964592}},{"type":"Feature","id":4148,"geometry":{"type":"LineString","coordinates":[[-84.7095327134733,33.9350326296819],[-84.7089542361596,33.9354770941309],[-84.7090765588535,33.9363518599428],[-84.7090835001357,33.937434442784],[-84.7090193262884,33.9387358901198],[-84.7071155123338,33.9392564637821],[-84.7051297998729,33.9397254999366],[-84.7031553998965,33.9402342998824],[-84.7012420000194,33.940900799571],[-84.6991364999104,33.941713999914],[-84.6977739999662,33.9422352000019],[-84.6958381996992,33.9429882000764],[-84.6940420003223,33.9435796997596],[-84.6925567994934,33.9439604994932],[-84.6910864002054,33.9442115001392],[-84.6895039001531,33.9447941999531],[-84.6876463997412,33.9450240995095],[-84.685589999749,33.9451785996155],[-84.6834383001833,33.945312000136],[-84.6814855999108,33.945025899958],[-84.6801040997,33.9451802994564],[-84.6780559812764,33.9455762929049],[-84.6779524998472,33.9455962996612],[-84.6764820996609,33.9459999996293],[-84.6750687999874,33.9465053997055],[-84.6736660995358,33.9470722997187],[-84.6723416998377,33.9476198998518],[-84.6711866002313,33.9481604000052],[-84.669965900253,33.9486868998855],[-84.6683134995935,33.9494046994407],[-84.6666378999418,33.9501347994919],[-84.6650892996134,33.9507928996235],[-84.6633438999658,33.9515369997882],[-84.6614927003373,33.9523091999521],[-84.6603813001762,33.9532662000998],[-84.6593894999155,33.9534856000385],[-84.6574279997465,33.9538438998703],[-84.6555323999868,33.9540158999746],[-84.6536472997361,33.9540193998973],[-84.6519802996566,33.9538295998576],[-84.6502777999537,33.9535739994871],[-84.6488778995509,33.9533254995912],[-84.6470668995314,33.9528550994889],[-84.6451669995364,33.9518266995535],[-84.6426875002319,33.9510667999361],[-84.6402587000454,33.9502665998101],[-84.6387057994818,33.9496575998857],[-84.6371762003182,33.9490994998207],[-84.6356720001211,33.9484904997418],[-84.634174099809,33.9478955995862],[-84.6325280996459,33.94728129998],[-84.6304885996592,33.9466740001159],[-84.6286226002863,33.9463669001135],[-84.6265894998977,33.9460755996829],[-84.6245352001666,33.945942199614],[-84.622728399771,33.9459387001043],[-84.6212875999717,33.9458966001569],[-84.6193136994585,33.9458227996308],[-84.6175830995552,33.9457209999148],[-84.6158990997573,33.9457104998676],[-84.6141028994821,33.9456472998402],[-84.6121860994817,33.9455086997383],[-84.6108850002854,33.9454367000609],[-84.6091463128496,33.9453523737073]]},"properties":{"OBJECTID_1":4148,"OBJECTID":1562,"ID":"142731","TYPE":"AC; OVERHEAD","STATUS":"IN SERVICE","NAICS_CODE":"221121","NAICS_DESC":"ELECTRIC BULK POWER TRANSMISSION AND CONTROL","SOURCE":"IMAGERY, OpenStreetMap, EIA 861, EIA 860","SOURCEDATE":1397088000000,"VAL_METHOD":"IMAGERY","VAL_DATE":1512950400000,"OWNER":"GEORGIA POWER CO","VOLTAGE":230,"VOLT_CLASS":"220-287","INFERRED":"Y","SUB_1":"UNKNOWN115912","SUB_2":"TAP151312","SHAPE__Len":12300.2225478113,"GlobalID":"429321ff-cf43-414f-8171-6824e9f88f92","Shape__Length":12300.22257173102}},{"type":"Feature","id":4177,"geometry":{"type":"LineString","coordinates":[[-84.281245902599,33.6753618615469],[-84.2813885110487,33.6764151151217],[-84.2812696711231,33.6825613100615],[-84.2811567735532,33.6849939539833],[-84.2810141660018,33.6869469420306],[-84.282261984322,33.6869617748366],[-84.282261984322,33.6890135994904],[-84.2822025634609,33.6910653759094],[-84.2808002537765,33.691431228778],[-84.2807883699636,33.696211904731],[-84.2806457615139,33.6985749529224],[-84.2789106996786,33.6990643627088],[-84.2780966472665,33.6992917639776],[-84.2751078238571,33.6995735441293],[-84.2724339282268,33.6995982608425],[-84.2723447982826,33.7030833501035],[-84.2707464007448,33.7040176266982],[-84.2718690002025,33.7068819997289],[-84.2720120461317,33.707972123108],[-84.2719407414577,33.7086295410077],[-84.2716971201493,33.7096823869252],[-84.2685359801055,33.7096972150594],[-84.2685478639184,33.7094006399332],[-84.2684349663485,33.7091732646773]]},"properties":{"OBJECTID_1":4177,"OBJECTID":1598,"ID":"142786","TYPE":"AC; OVERHEAD","STATUS":"IN SERVICE","NAICS_CODE":"221121","NAICS_DESC":"ELECTRIC BULK POWER TRANSMISSION AND CONTROL","SOURCE":"IMAGERY, EIA 861, EIA 860","SOURCEDATE":1407801600000,"VAL_METHOD":"IMAGERY","VAL_DATE":1514937600000,"OWNER":"GEORGIA POWER CO","VOLTAGE":115,"VOLT_CLASS":"100-161","INFERRED":"Y","SUB_1":"UNKNOWN116352","SUB_2":"UNKNOWN116353","SHAPE__Len":6181.52545233748,"GlobalID":"2c85fd63-1349-4597-98ce-33a4bcc854eb","Shape__Length":6181.525604939579}},{"type":"Feature","id":4196,"geometry":{"type":"LineString","coordinates":[[-84.2666277527279,34.0986893077889],[-84.2658134002784,34.0981650000067],[-84.2647145998875,34.0981497996558],[-84.2631357999959,34.0977827996907],[-84.2614231996359,34.097598599492],[-84.259648699963,34.0976470997338],[-84.2592505998668,34.0988768998887],[-84.2585030003278,34.0999113997989],[-84.2576617999294,34.1010885999527],[-84.2564893996689,34.1021438996163],[-84.2556179997074,34.1032240999955],[-84.2543268996585,34.1043403001789],[-84.2531946001924,34.1043775998237],[-84.2518131996945,34.1044786998828],[-84.2510731585803,34.1046057278597],[-84.2501593868834,34.1047964606284],[-84.2485550487866,34.1043684151242],[-84.2475033165233,34.1040377861086],[-84.2461556720189,34.103689441567],[-84.2448026996066,34.1045616997277],[-84.2440973559202,34.1024828655243],[-84.2428217509117,34.0978862947331],[-84.2431010003026,34.0974210001007]]},"properties":{"OBJECTID_1":4196,"OBJECTID":1631,"ID":"142823","TYPE":"AC; OVERHEAD","STATUS":"IN SERVICE","NAICS_CODE":"221121","NAICS_DESC":"ELECTRIC BULK POWER TRANSMISSION AND CONTROL","SOURCE":"IMAGERY, EIA 861","SOURCEDATE":1401840000000,"VAL_METHOD":"IMAGERY","VAL_DATE":1493078400000,"OWNER":"GEORGIA POWER CO","VOLTAGE":230,"VOLT_CLASS":"220-287","INFERRED":"Y","SUB_1":"UNKNOWN111511","SUB_2":"UNKNOWN111537","SHAPE__Len":4026.56922014207,"GlobalID":"9dd5fbfe-298d-47fe-a9f7-bf4a9c3d4008","Shape__Length":4026.569235003328}},{"type":"Feature","id":4373,"geometry":{"type":"LineString","coordinates":[[-84.2587779997891,33.9696679998894],[-84.2590207946474,33.9694174147982],[-84.2595202750134,33.9689892078584],[-84.2599179996138,33.9686730001649],[-84.2601731777484,33.9675624189239],[-84.2601569999885,33.9674180001291],[-84.2656579998191,33.9645759996402],[-84.2659902857444,33.9642524107159],[-84.266643905335,33.9629316406971],[-84.2698882329673,33.956150051156],[-84.2718253232151,33.9524633209634],[-84.2751171869973,33.945759765869],[-84.2742419997385,33.9454720001505]]},"properties":{"OBJECTID_1":4373,"OBJECTID":1893,"ID":"143229","TYPE":"AC; OVERHEAD","STATUS":"IN SERVICE","NAICS_CODE":"221121","NAICS_DESC":"ELECTRIC BULK POWER TRANSMISSION AND CONTROL","SOURCE":"IMAGERY, EIA 861, EIA 860","SOURCEDATE":1401840000000,"VAL_METHOD":"IMAGERY","VAL_DATE":1514851200000,"OWNER":"GEORGIA POWER CO","VOLTAGE":230,"VOLT_CLASS":"220-287","INFERRED":"Y","SUB_1":"UNKNOWN111538","SUB_2":"UNKNOWN111539","SHAPE__Len":3920.88450572869,"GlobalID":"00f14b21-b3b7-42d1-a097-99698320b4e2","Shape__Length":3920.8844826898357}},{"type":"Feature","id":4481,"geometry":{"type":"LineString","coordinates":[[-84.4178917046199,33.585113434474],[-84.4176481920076,33.5851731120242],[-84.416074700261,33.5860063999875],[-84.4128844000048,33.5873849000291],[-84.410837700021,33.5883014001315],[-84.4084417000205,33.5888916001654],[-84.4053894995695,33.5896587999204],[-84.4032293001446,33.590214299736],[-84.4010715998327,33.5907483996598],[-84.3949246996347,33.5923202996688],[-84.3930425000441,33.5927878001316],[-84.3909852996529,33.5933065001536],[-84.3885958995748,33.5939133997036],[-84.3865687002192,33.5944306996704],[-84.3851364002791,33.5948143996089],[-84.3832719999075,33.5948780998846],[-84.3800468998155,33.5950222001654],[-84.3773206000647,33.5951369995294],[-84.3746050001474,33.5952693994769],[-84.3709874997696,33.5951247997659],[-84.3663639994613,33.5949393996638],[-84.3653956003137,33.5949360997939],[-84.3616268002858,33.5949288999415],[-84.3579929002642,33.5948921000211],[-84.3560327996705,33.59486289952],[-84.352848200123,33.5948319996863],[-84.3509586999241,33.5948081994363],[-84.3483179000255,33.5947769995262],[-84.3458827999539,33.5947419998822],[-84.3428050999253,33.5947011001007],[-84.3400100997166,33.5948860996422],[-84.3378321001743,33.5950029000592],[-84.3361470996531,33.5951157995958],[-84.3361358994581,33.5960865000932],[-84.3361094000556,33.5971187999172],[-84.3360581996777,33.598614999871],[-84.3360565997781,33.5994435997758],[-84.3360946003113,33.601399399545],[-84.3356871999569,33.602856900109],[-84.3341356001538,33.6028307998581],[-84.3331027998851,33.6029546996629],[-84.3335324003051,33.6040171995636],[-84.3338843997593,33.6049048997024],[-84.3342082999114,33.6056452994864],[-84.3341867879553,33.6061353030853],[-84.3331541278238,33.605777486531]]},"properties":{"OBJECTID_1":4481,"OBJECTID":4067,"ID":"145939","TYPE":"AC; OVERHEAD","STATUS":"IN SERVICE","NAICS_CODE":"221121","NAICS_DESC":"ELECTRIC BULK POWER TRANSMISSION AND CONTROL","SOURCE":"IMAGERY, OpenStreetMap, EIA 861, EIA 860","SOURCEDATE":1397088000000,"VAL_METHOD":"IMAGERY","VAL_DATE":1513296000000,"OWNER":"GEORGIA POWER CO","VOLTAGE":115,"VOLT_CLASS":"100-161","INFERRED":"Y","SUB_1":"UNKNOWN116018","SUB_2":"UNKNOWN116038","SHAPE__Len":11242.574667386,"GlobalID":"0eebf66b-e8d5-4e25-b510-f041d11607e4","Shape__Length":11242.57484799944}},{"type":"Feature","id":4497,"geometry":{"type":"LineString","coordinates":[[-84.0408746827047,34.0341222194894],[-84.0406096698144,34.034469863799],[-84.040317323885,34.0346441789789],[-84.0400000209603,34.0343014590851],[-84.0400998471446,34.033456470593],[-84.0409875811729,34.0334623799867],[-84.0421034872835,34.0331905638302],[-84.0431373942766,34.032475565841],[-84.0444628225457,34.0316426074977],[-84.0445555179032,34.0304312216537],[-84.0445260001613,34.0292210000052],[-84.0469249996366,34.0283519995559],[-84.0512794769752,34.025680056156],[-84.0525558168056,34.0244153979699],[-84.0519639950183,34.0234757556076],[-84.0529123365823,34.0224001788603],[-84.0538606790446,34.0198411949317],[-84.0542671110151,34.0183932366324],[-84.0543170241072,34.0165374504539],[-84.0542029380661,34.0153081177587],[-84.0556860592951,34.0141615131598],[-84.0550158029055,34.0131271910845],[-84.0568483130845,34.0115254441374],[-84.0579107415878,34.0094685437993],[-84.0584811726916,34.0086173976652],[-84.0599714247473,34.0070392098362],[-84.0609411578932,34.0061348421706],[-84.0618809995979,34.0045810000133],[-84.0639858349536,34.0036463011442],[-84.065896779735,34.0014887184401],[-84.0656543468977,34.0013172917229],[-84.0653620009683,34.0015182750439]]},"properties":{"OBJECTID_1":4497,"OBJECTID":4091,"ID":"145969","TYPE":"AC; OVERHEAD","STATUS":"IN SERVICE","NAICS_CODE":"221121","NAICS_DESC":"ELECTRIC BULK POWER TRANSMISSION AND CONTROL","SOURCE":"IMAGERY, EIA 861, EIA 860","SOURCEDATE":1407110400000,"VAL_METHOD":"IMAGERY","VAL_DATE":1514851200000,"OWNER":"GEORGIA POWER CO","VOLTAGE":115,"VOLT_CLASS":"100-161","INFERRED":"Y","SUB_1":"UNKNOWN116107","SUB_2":"UNKNOWN116225","SHAPE__Len":6047.0069836482,"GlobalID":"88d9e386-8fb2-49b1-aad5-ee835bd0668d","Shape__Length":6047.007052089733}},{"type":"Feature","id":4523,"geometry":{"type":"LineString","coordinates":[[-84.4625066490884,33.6768449578321],[-84.4634153614736,33.6760333940593]]},"properties":{"OBJECTID_1":4523,"OBJECTID":4140,"ID":"146040","TYPE":"AC; OVERHEAD","STATUS":"IN SERVICE","NAICS_CODE":"221121","NAICS_DESC":"ELECTRIC BULK POWER TRANSMISSION AND CONTROL","SOURCE":"IMAGERY, EIA 861, EIA 860","SOURCEDATE":1408579200000,"VAL_METHOD":"IMAGERY","VAL_DATE":1514937600000,"OWNER":"GEORGIA POWER CO","VOLTAGE":115,"VOLT_CLASS":"100-161","INFERRED":"Y","SUB_1":"UNKNOWN111351","SUB_2":"UNKNOWN111352","SHAPE__Len":148.386042430388,"GlobalID":"f76e8b8b-f3c1-4986-b09d-650e76775a4c","Shape__Length":148.3859735409841}},{"type":"Feature","id":4529,"geometry":{"type":"LineString","coordinates":[[-84.1293259999882,33.9114909997126],[-84.1297779998998,33.9106699996783],[-84.1240997921081,33.906962459997],[-84.1234949995464,33.906236000143],[-84.1231139997799,33.9052239995493],[-84.1219226459652,33.903301217887],[-84.1195933845021,33.9001448480237],[-84.1185095653152,33.9006972205511],[-84.1184239998861,33.9010128606017]]},"properties":{"OBJECTID_1":4529,"OBJECTID":4149,"ID":"146052","TYPE":"AC; OVERHEAD","STATUS":"IN SERVICE","NAICS_CODE":"221121","NAICS_DESC":"ELECTRIC BULK POWER TRANSMISSION AND CONTROL","SOURCE":"IMAGERY, EIA 861, EIA 860","SOURCEDATE":1407369600000,"VAL_METHOD":"IMAGERY","VAL_DATE":1514937600000,"OWNER":"GEORGIA POWER CO","VOLTAGE":115,"VOLT_CLASS":"100-161","INFERRED":"Y","SUB_1":"UNKNOWN116223","SUB_2":"UNKNOWN116224","SHAPE__Len":2157.38721126383,"GlobalID":"5bc68fe4-41fe-4f27-a44e-58b0ceba4cf4","Shape__Length":2157.3871227773247}},{"type":"Feature","id":4605,"geometry":{"type":"LineString","coordinates":[[-84.5238454267933,33.9082413118634],[-84.5241662951314,33.9081722717894],[-84.5264242519205,33.9066780277708],[-84.5274938112506,33.9058741829699],[-84.5260169997881,33.9046720000586],[-84.5247010738981,33.9026389996666],[-84.5237444130363,33.9029644966426],[-84.5212250078719,33.903132175966]]},"properties":{"OBJECTID_1":4605,"OBJECTID":4262,"ID":"146203","TYPE":"AC; OVERHEAD","STATUS":"IN SERVICE","NAICS_CODE":"221121","NAICS_DESC":"ELECTRIC BULK POWER TRANSMISSION AND CONTROL","SOURCE":"IMAGERY, EIA 861, EIA 860","SOURCEDATE":1408060800000,"VAL_METHOD":"IMAGERY","VAL_DATE":1514937600000,"OWNER":"GEORGIA POWER CO","VOLTAGE":115,"VOLT_CLASS":"100-161","INFERRED":"Y","SUB_1":"UNKNOWN116288","SUB_2":"UNKNOWN116289","SHAPE__Len":1455.26450978714,"GlobalID":"0299f42d-561a-44ed-a808-f55f2c68dabe","Shape__Length":1455.2646164231219}},{"type":"Feature","id":4614,"geometry":{"type":"LineString","coordinates":[[-84.3970933800543,33.6377962859307],[-84.3968794678289,33.6374638439764],[-84.3970268292648,33.6365219185106],[-84.4004399099148,33.636514002643],[-84.401837466613,33.6364744255376],[-84.4018754958923,33.6342778777685],[-84.4018897557491,33.6320654421725],[-84.4017566559667,33.6305851761765],[-84.4012004847198,33.6275097818435],[-84.4008819942223,33.6246678147929],[-84.4004399099148,33.6209351154909],[-84.4001166655328,33.6181166835025],[-84.3996793351098,33.6144193294674],[-84.3993228153331,33.6113235648942],[-84.3989520348013,33.6080891240809],[-84.4067222976172,33.6081656117439],[-84.4103287397339,33.6082409000475],[-84.4114747753391,33.6081339677731],[-84.4137156147304,33.6081458297746],[-84.4176652240654,33.6081967364836],[-84.4177264083194,33.6103917571831],[-84.418918129545,33.6114806767879],[-84.4237184892681,33.6132812497491],[-84.4252343729539,33.6138313299978],[-84.4271259958718,33.6145811420115],[-84.4305502183263,33.6158693415025]]},"properties":{"OBJECTID_1":4614,"OBJECTID":4274,"ID":"146216","TYPE":"AC; OVERHEAD","STATUS":"IN SERVICE","NAICS_CODE":"221121","NAICS_DESC":"ELECTRIC BULK POWER TRANSMISSION AND CONTROL","SOURCE":"IMAGERY, EIA 861, EIA 860","SOURCEDATE":1407801600000,"VAL_METHOD":"IMAGERY","VAL_DATE":1513641600000,"OWNER":"GEORGIA POWER CO","VOLTAGE":115,"VOLT_CLASS":"100-161","INFERRED":"Y","SUB_1":"UNKNOWN116338","SUB_2":"TAP142600","SHAPE__Len":8521.19523028795,"GlobalID":"c9668c6c-3ef6-44e6-8063-191621faaf7a","Shape__Length":8521.195254556747}},{"type":"Feature","id":4669,"geometry":{"type":"LineString","coordinates":[[-84.4317321883395,33.9117158749771],[-84.4317040117823,33.9111127677206],[-84.4329245464706,33.9097735980896],[-84.4330196187704,33.9093790880159],[-84.4330196187704,33.9088504417436],[-84.4329883897379,33.908558385983],[-84.4334150975827,33.9081099698665],[-84.4338942805148,33.9075485377685],[-84.4341034388556,33.9071619090442],[-84.4342460473053,33.9066884819329],[-84.4348164775107,33.905149827526],[-84.4352918381113,33.9048815465014],[-84.4361474852161,33.9045580296305],[-84.4379499997494,33.9041919995411],[-84.4431176976602,33.9021848329637],[-84.4482080003193,33.899995000121],[-84.450559000114,33.9017260001284],[-84.4513569996321,33.9021239999589],[-84.4525140000736,33.9023019999375],[-84.4555077651153,33.9023718067609],[-84.4568679995084,33.9023699994459],[-84.4627664912759,33.9049815609346],[-84.4636007467987,33.9054125845581],[-84.4647380435929,33.9056917140898]]},"properties":{"OBJECTID_1":4669,"OBJECTID":4362,"ID":"146328","TYPE":"AC; OVERHEAD","STATUS":"IN SERVICE","NAICS_CODE":"221121","NAICS_DESC":"ELECTRIC BULK POWER TRANSMISSION AND CONTROL","SOURCE":"IMAGERY, EIA 861, EIA 860","SOURCEDATE":1401840000000,"VAL_METHOD":"IMAGERY","VAL_DATE":1514937600000,"OWNER":"GEORGIA POWER CO","VOLTAGE":115,"VOLT_CLASS":"100-161","INFERRED":"Y","SUB_1":"UNKNOWN111541","SUB_2":"TAP142613","SHAPE__Len":4681.05804071195,"GlobalID":"2eece37f-4c81-462e-83a5-682823ff9e3c","Shape__Length":4681.0580589082}},{"type":"Feature","id":4739,"geometry":{"type":"LineString","coordinates":[[-84.3109199998884,34.0640179997005],[-84.3118330996455,34.0641296996088],[-84.3118101000792,34.0649500995524],[-84.3118002994595,34.0660915997055],[-84.3132558999015,34.0660883001124],[-84.3146993003236,34.0661185999561],[-84.3161629999762,34.0661691996364],[-84.3178913999053,34.0659634996475],[-84.3194216000417,34.0663307997633],[-84.3209850998275,34.0667237000835],[-84.3229028996528,34.0672032999857],[-84.3247369001369,34.0676479998264],[-84.3265247999788,34.0680939995773],[-84.3299896999461,34.0689536996881],[-84.331504099615,34.0693459999839],[-84.3330270997544,34.0699040998026],[-84.3344305997065,34.0701353999199],[-84.3353705995148,34.0701413997726],[-84.3360408002089,34.0711250997639],[-84.3384603998503,34.0727534994508],[-84.3407277997297,34.0742946997961],[-84.3414613999233,34.076554500092],[-84.3422923002386,34.078987499827],[-84.3430965996417,34.0813202998028],[-84.3419681997622,34.0824403995502],[-84.3419446001214,34.0842509997102],[-84.3418739000136,34.0860737996544],[-84.3435844001124,34.087305200102],[-84.3450988994943,34.0884018997338],[-84.3450446996416,34.0897251999376],[-84.3449957998491,34.0918605001794],[-84.3466947997156,34.0928196997678],[-84.3484737002351,34.0938308999579],[-84.3505210002935,34.0949844995549],[-84.3523784000941,34.0960256996898],[-84.3523481996325,34.0980206999612],[-84.3522999996276,34.0997433995874],[-84.3522917998057,34.1033065997296],[-84.3578289002327,34.1033474999665],[-84.361379200339,34.1033877999131],[-84.3615863994543,34.1054571996964],[-84.3636790994688,34.1066763995062],[-84.365981000045,34.1063891001001],[-84.369585500004,34.1059283998566],[-84.3721884996938,34.1056086997867],[-84.3747215996746,34.1053340995834],[-84.3768135001885,34.1048941996254],[-84.3785829082104,34.1045424786947],[-84.3785677895642,34.1052491018704],[-84.3785910002345,34.1056599995996]]},"properties":{"OBJECTID_1":4739,"OBJECTID":4460,"ID":"146446","TYPE":"AC; OVERHEAD","STATUS":"IN SERVICE","NAICS_CODE":"221121","NAICS_DESC":"ELECTRIC BULK POWER TRANSMISSION AND CONTROL","SOURCE":"IMAGERY, OpenStreetMap, EIA 861, EIA 860","SOURCEDATE":1397088000000,"VAL_METHOD":"IMAGERY","VAL_DATE":1514851200000,"OWNER":"GEORGIA POWER CO","VOLTAGE":230,"VOLT_CLASS":"220-287","INFERRED":"Y","SUB_1":"UNKNOWN111524","SUB_2":"UNKNOWN111525","SHAPE__Len":11894.2813510589,"GlobalID":"cfdc6311-b3ac-418a-a764-be01acb5c254","Shape__Length":11894.281410651543}},{"type":"Feature","id":4753,"geometry":{"type":"LineString","coordinates":[[-84.1732847017854,34.1278054711679],[-84.1736840038275,34.1273883624931],[-84.1728093429815,34.1273647526049],[-84.1725906768717,34.1273175328084],[-84.1708727099762,34.127275230541],[-84.1704919994672,34.1254409997231],[-84.1712239997613,34.1243440000268],[-84.1719109998496,34.1225089998794],[-84.1720149996067,34.1205149994404],[-84.1728740001224,34.1193729999283],[-84.1744330002468,34.1180089994854],[-84.1754998772075,34.1177313487034],[-84.176651999797,34.1162069996545],[-84.1768240002245,34.1145169994656],[-84.1769138685838,34.1110880214906],[-84.1770145490659,34.1061762999999],[-84.1770159998451,34.1059069997786],[-84.1764989996362,34.1050839997443],[-84.1765830002001,34.1029819997948],[-84.1773442720977,34.1023817474598],[-84.1773060002733,34.1013489997554],[-84.1775026307092,34.0991585490997],[-84.1776669999484,34.0974569995149],[-84.1770650002489,34.0956599997735],[-84.1757110001639,34.0946800000294],[-84.1743471374754,34.0939410548743],[-84.1752146612065,34.0938398656027],[-84.1754349999794,34.0936880000096]]},"properties":{"OBJECTID_1":4753,"OBJECTID":4480,"ID":"146464","TYPE":"AC; OVERHEAD","STATUS":"IN SERVICE","NAICS_CODE":"221121","NAICS_DESC":"ELECTRIC BULK POWER TRANSMISSION AND CONTROL","SOURCE":"IMAGERY, EIA 861, EIA 860","SOURCEDATE":1401408000000,"VAL_METHOD":"IMAGERY","VAL_DATE":1514851200000,"OWNER":"GEORGIA POWER CO","VOLTAGE":115,"VOLT_CLASS":"100-161","INFERRED":"Y","SUB_1":"UNKNOWN111176","SUB_2":"UNKNOWN111177","SHAPE__Len":5466.42024798102,"GlobalID":"92241b9d-4e3f-4f56-b3fe-713ac274e84e","Shape__Length":5466.420397361152}},{"type":"Feature","id":4767,"geometry":{"type":"LineString","coordinates":[[-84.6171510000221,33.6866929997194],[-84.6028554576273,33.6853283426663],[-84.5921527397878,33.6843612295482],[-84.5799312474839,33.6843196980729],[-84.5687650546534,33.6842662978695],[-84.5619479636427,33.684236842118],[-84.5476020518116,33.6809495509264],[-84.5392119568395,33.6790191720139],[-84.5350478091535,33.6781133025298],[-84.5279411848385,33.6764479039415],[-84.5246379295201,33.6757054566212],[-84.5130477354687,33.6748855361612],[-84.5060603885589,33.6740743568425],[-84.503607534184,33.6738211749275],[-84.5023620919078,33.673896337814]]},"properties":{"OBJECTID_1":4767,"OBJECTID":2502,"ID":"143874","TYPE":"AC; OVERHEAD","STATUS":"IN SERVICE","NAICS_CODE":"221121","NAICS_DESC":"ELECTRIC BULK POWER TRANSMISSION AND CONTROL","SOURCE":"IMAGERY, EIA 861, EIA 860","SOURCEDATE":1401840000000,"VAL_METHOD":"IMAGERY","VAL_DATE":1513641600000,"OWNER":"GEORGIA POWER CO","VOLTAGE":115,"VOLT_CLASS":"100-161","INFERRED":"Y","SUB_1":"UNKNOWN111354","SUB_2":"TAP142624","SHAPE__Len":12964.3774963335,"GlobalID":"9f5aa28d-1912-4eb1-aa85-1d30591b25c1","Shape__Length":12964.377524572943}},{"type":"Feature","id":4863,"geometry":{"type":"LineString","coordinates":[[-84.7855132002661,33.9616134996517],[-84.7853358997785,33.9611608998231],[-84.7833777997329,33.9618886995556],[-84.7816890999494,33.9624749000995],[-84.7802386001416,33.9627572997456],[-84.7782385002632,33.96281710001],[-84.7762482001062,33.9628705001458],[-84.7748221003382,33.9628652996094],[-84.7726932997273,33.9628578996479],[-84.7708361002511,33.9636265996144],[-84.769016300335,33.9647132998729],[-84.7674164996287,33.9651476995291],[-84.7663725000634,33.9658855000424],[-84.7653249997634,33.9660665994957],[-84.7642472999001,33.9666482995812],[-84.7625392000998,33.9669501000261],[-84.7605382998225,33.9671680997914],[-84.7584102996105,33.9673826994581],[-84.7563249999173,33.9676111999308],[-84.7542316998282,33.9678334997414],[-84.7517301001711,33.9678364999329],[-84.7506806999343,33.968447499735],[-84.7491378003147,33.9689599997796],[-84.7474528995065,33.9699361997831],[-84.7453365001382,33.9706149999002],[-84.74357520031,33.9711774995475],[-84.7419931997211,33.9717650001401],[-84.7414143999121,33.9720506997558],[-84.7402862057468,33.9720382347148]]},"properties":{"OBJECTID_1":4863,"OBJECTID":2644,"ID":"144057","TYPE":"AC; OVERHEAD","STATUS":"IN SERVICE","NAICS_CODE":"221121","NAICS_DESC":"ELECTRIC BULK POWER TRANSMISSION AND CONTROL","SOURCE":"IMAGERY, OpenStreetMap, EIA 861, EIA 860","SOURCEDATE":1397088000000,"VAL_METHOD":"IMAGERY","VAL_DATE":1512950400000,"OWNER":"GEORGIA POWER CO","VOLTAGE":230,"VOLT_CLASS":"220-287","INFERRED":"Y","SUB_1":"UNKNOWN110781","SUB_2":"UNKNOWN110782","SHAPE__Len":5413.6380202511,"GlobalID":"b1165876-4c8e-4051-b0d2-3a7c8ae1112c","Shape__Length":5413.638058389662}},{"type":"Feature","id":4915,"geometry":{"type":"LineString","coordinates":[[-84.7332353955571,33.8596746137975],[-84.748779650994,33.8641923017839],[-84.753849358877,33.8656488055169],[-84.766299023263,33.8706753285344],[-84.7746843643506,33.8740617000609],[-84.7838659316819,33.8776275071778],[-84.7914146403043,33.880895209663],[-84.8068543147742,33.8915341101048],[-84.8155248718628,33.8974606969943],[-84.8182985936774,33.8995114278627],[-84.8188438836313,33.8998717494962],[-84.8186267365726,33.9000791737958]]},"properties":{"OBJECTID_1":4915,"OBJECTID":2721,"ID":"144162","TYPE":"AC; OVERHEAD","STATUS":"IN SERVICE","NAICS_CODE":"221121","NAICS_DESC":"ELECTRIC BULK POWER TRANSMISSION AND CONTROL","SOURCE":"IMAGERY, EIA 861, EIA 860","SOURCEDATE":1408320000000,"VAL_METHOD":"IMAGERY","VAL_DATE":1514937600000,"OWNER":"GEORGIA POWER CO","VOLTAGE":115,"VOLT_CLASS":"100-161","INFERRED":"Y","SUB_1":"UNKNOWN110784","SUB_2":"TAP142618","SHAPE__Len":11097.5781987843,"GlobalID":"93a56fb7-4c8f-4267-90da-39bf9fe52b00","Shape__Length":11097.578231574476}},{"type":"Feature","id":5107,"geometry":{"type":"LineString","coordinates":[[-84.5194288695804,33.4490542770553],[-84.5193336185159,33.4493083488639],[-84.5193250000791,33.4495517998575],[-84.5183744998635,33.4495395000916],[-84.5183605975361,33.4512101678493],[-84.5183211929362,33.4525323437427],[-84.518287790879,33.4543305211834],[-84.518251392042,33.4557942845961],[-84.5182209930528,33.4572504739676],[-84.5181815902495,33.4587902586731],[-84.5181572917193,33.4603652387439],[-84.5181086847776,33.461826646016],[-84.5181056853029,33.4631967474789],[-84.518075287212,33.4643336620099],[-84.5180661845832,33.4655215996409],[-84.5180570846494,33.4673040735624],[-84.5180357891873,33.4686535289136],[-84.5180084821993,33.4699705695158],[-84.5180175848281,33.4714850868754],[-84.5180266856602,33.4730095550407],[-84.5180479847156,33.4742805979511],[-84.5180509850886,33.475564451797],[-84.5180843889425,33.476820409931],[-84.5180995839455,33.4780402449467],[-84.5180934718083,33.4799554846335],[-84.5184062184778,33.4812164747952],[-84.5184212868184,33.4828661767309],[-84.5184546924689,33.4844259497802],[-84.5184971926633,33.4860234536022],[-84.5185245921778,33.4872866045355],[-84.5185548977422,33.4885779426014],[-84.5186003920215,33.4898106904971],[-84.518618332276,33.4911160910413],[-84.516616504039,33.4917722941399],[-84.5153964086268,33.4921646601794],[-84.5136719747597,33.4927216687177],[-84.5121543186978,33.4932330541389],[-84.5104667678596,33.4937747057991],[-84.5087333822806,33.4943468351374],[-84.507206677489,33.4948429038452],[-84.5056826487785,33.4953391787187],[-84.5038643481507,33.495949212565],[-84.5023315967989,33.4964554639115],[-84.5007986091901,33.4969591930116],[-84.4989743428504,33.4975691817329],[-84.4972867920122,33.4981210330981],[-84.495617541653,33.4986676514513],[-84.494084049191,33.4991516109259],[-84.4933788510317,33.4997908445724],[-84.4925402296965,33.5005403460203],[-84.4905907768338,33.5010411059561],[-84.4885768994939,33.5015687998728],[-84.4887344999274,33.4975689996984],[-84.4851622000797,33.4940434001679],[-84.4819781997086,33.4909113997808],[-84.4794434001152,33.488426899529],[-84.4768224996968,33.4858154994602],[-84.4736795002318,33.4858073996953],[-84.4703991995639,33.4858151997741],[-84.4668547995924,33.4852374001606],[-84.4632762995726,33.4846701000787],[-84.4605456995867,33.4842607000885]]},"properties":{"OBJECTID_1":5107,"OBJECTID":4508,"ID":"146497","TYPE":"AC; OVERHEAD","STATUS":"IN SERVICE","NAICS_CODE":"221121","NAICS_DESC":"ELECTRIC BULK POWER TRANSMISSION AND CONTROL","SOURCE":"IMAGERY, OpenStreetMap, EIA 861","SOURCEDATE":1397088000000,"VAL_METHOD":"IMAGERY","VAL_DATE":1493078400000,"OWNER":"GEORGIA POWER CO","VOLTAGE":230,"VOLT_CLASS":"220-287","INFERRED":"Y","SUB_1":"UNKNOWN116410","SUB_2":"UNKNOWN116411","SHAPE__Len":13795.4486746906,"GlobalID":"25d7152d-fc63-4698-a442-c78b0519d73a","Shape__Length":13795.448793227872}},{"type":"Feature","id":5132,"geometry":{"type":"LineString","coordinates":[[-84.1385697343304,33.9983143129915],[-84.1365992069911,33.9998637425305],[-84.1330772244775,34.0030986700188],[-84.1311879964681,34.0048815398112],[-84.126713750346,34.0091767036762],[-84.1235050382197,34.0122354821818],[-84.1190605856223,34.0164809411067],[-84.1176396143362,34.017865373917],[-84.1170637771711,34.0185498796052],[-84.1162804426501,34.01956116279],[-84.1154205626837,34.0207896915734],[-84.1145647691535,34.02201521472],[-84.1135873985312,34.0233705845485],[-84.1123629040691,34.024409144721],[-84.109569068077,34.027063298114],[-84.1088943901795,34.0277445186218],[-84.1062083232754,34.0304197635118],[-84.1035793640705,34.0329687945644],[-84.0924557971985,34.0437109501772],[-84.0886853739149,34.0472453439361],[-84.0906748916393,34.0501864786806],[-84.0923148820731,34.0497886808609],[-84.0957992664988,34.0508087718161],[-84.0969734049994,34.0503637149234],[-84.0976249099558,34.0503598125832],[-84.0996972146201,34.0503637149234],[-84.1008808599913,34.0509466211648],[-84.10896196954,34.0511514250084],[-84.1156443968013,34.0512427416986],[-84.1161161300048,34.0524196240963],[-84.1166865611085,34.0537074945148],[-84.1172664999812,34.0552080180911],[-84.1178084095747,34.0565706736382],[-84.1184168699577,34.0579845057418],[-84.1200948887724,34.0580081349893],[-84.1216112844979,34.0577718414737],[-84.1249910906515,34.057756089095],[-84.12654076267,34.0577206451159],[-84.1307639997388,34.0579409996286],[-84.1301095851392,34.0591555350409],[-84.1294678502598,34.0597777615936],[-84.1287557215981,34.0601071070415],[-84.1287785792305,34.0609513164975],[-84.1283629997154,34.062086000133],[-84.1286690000372,34.0633909998476],[-84.1299636861607,34.06497688287],[-84.1305069998209,34.0655670000127],[-84.1314405919462,34.0665668305426],[-84.1321726452409,34.0668739798832],[-84.1325149994839,34.0674189997695],[-84.1326194825346,34.0687011007131],[-84.1315260001702,34.0698329994978],[-84.1307250002791,34.0713150001577],[-84.1295248932803,34.0725442266507],[-84.1289306936525,34.0729182925901],[-84.1289879998794,34.0740349995501],[-84.129039999758,34.0751020000397],[-84.1290685482177,34.07587138291],[-84.1287369998092,34.0769730000622],[-84.1275069995728,34.0782359995003],[-84.127504000098,34.0795050001269],[-84.1270749997527,34.0806529996898],[-84.1282746980179,34.08171426077],[-84.130256946575,34.0826237287592],[-84.1313265059051,34.0827536524917],[-84.1346540220244,34.0828363306534],[-84.1346777896502,34.0807299769233],[-84.1370973686303,34.0807181647245],[-84.1414231403039,34.0807142280686],[-84.1464571967482,34.0807221028684],[-84.1495149999916,34.0815269996702],[-84.1496373523299,34.0838914568694],[-84.1516659997697,34.0852920000457],[-84.1522536111533,34.0852528320174],[-84.152244698069,34.0846573657933],[-84.1523397694705,34.0846253777614]]},"properties":{"OBJECTID_1":5132,"OBJECTID":4552,"ID":"146542","TYPE":"AC; OVERHEAD","STATUS":"IN SERVICE","NAICS_CODE":"221121","NAICS_DESC":"ELECTRIC BULK POWER TRANSMISSION AND CONTROL","SOURCE":"IMAGERY, OpenStreetMap, EIA 861","SOURCEDATE":1407456000000,"VAL_METHOD":"IMAGERY","VAL_DATE":1493078400000,"OWNER":"GEORGIA POWER CO","VOLTAGE":115,"VOLT_CLASS":"100-161","INFERRED":"Y","SUB_1":"UNKNOWN111178","SUB_2":"UNKNOWN116219","SHAPE__Len":21424.2801079567,"GlobalID":"2ccb3e61-4492-4230-81a1-b2adb7816d98","Shape__Length":21424.28021473737}},{"type":"Feature","id":5200,"geometry":{"type":"LineString","coordinates":[[-84.6491145274749,34.0616101659254],[-84.650035536898,34.0613837274548],[-84.6484525894847,34.0599955506733],[-84.6461352118345,34.0579161967132],[-84.6381513485086,34.0505919721152],[-84.6326748151931,34.0454693528785],[-84.6310592831895,34.0439066330896],[-84.6240754909132,34.0396254509855],[-84.6221517316643,34.0384328010422],[-84.6180391490721,34.0363124084543],[-84.6136186455602,34.0340376520543],[-84.6098609298447,34.032176298475],[-84.6083548090494,34.03140137247],[-84.6076191499172,34.0309633605956],[-84.6071676207227,34.0310040411612]]},"properties":{"OBJECTID_1":5200,"OBJECTID":4657,"ID":"146692","TYPE":"AC; OVERHEAD","STATUS":"IN SERVICE","NAICS_CODE":"221121","NAICS_DESC":"ELECTRIC BULK POWER TRANSMISSION AND CONTROL","SOURCE":"IMAGERY, EIA 861, EIA 860","SOURCEDATE":1408320000000,"VAL_METHOD":"IMAGERY","VAL_DATE":1514851200000,"OWNER":"GEORGIA POWER CO","VOLTAGE":115,"VOLT_CLASS":"100-161","INFERRED":"Y","SUB_1":"UNKNOWN115907","SUB_2":"UNKNOWN115916","SHAPE__Len":6454.72714738734,"GlobalID":"163f70dd-4cc0-4ad3-b07c-96c778809cc5","Shape__Length":6454.727211978868}},{"type":"Feature","id":5257,"geometry":{"type":"LineString","coordinates":[[-84.3709229998339,33.9439799998743],[-84.370971189059,33.9436284796134],[-84.3729093689632,33.9406851724709],[-84.3737648193369,33.937309668533],[-84.3738120150253,33.9370646441287],[-84.3758322919633,33.9367096990199],[-84.3774009786214,33.9342447620712],[-84.378494304679,33.9320361164724],[-84.3799203837858,33.9308331704527],[-84.3791122728309,33.9298668575996],[-84.3789736250533,33.9252443956767],[-84.3789934329054,33.9241870790352],[-84.3804131986523,33.9238702568691],[-84.3805139995087,33.9233509994617]]},"properties":{"OBJECTID_1":5257,"OBJECTID":4736,"ID":"146803","TYPE":"AC; OVERHEAD","STATUS":"IN SERVICE","NAICS_CODE":"221121","NAICS_DESC":"ELECTRIC BULK POWER TRANSMISSION AND CONTROL","SOURCE":"IMAGERY, EIA 861, EIA 860","SOURCEDATE":1401840000000,"VAL_METHOD":"IMAGERY","VAL_DATE":1512950400000,"OWNER":"GEORGIA POWER CO","VOLTAGE":230,"VOLT_CLASS":"220-287","INFERRED":"Y","SUB_1":"UNKNOWN111523","SUB_2":"UNKNOWN111528","SHAPE__Len":3298.48497390059,"GlobalID":"4d4b5e9c-7b53-4e82-a788-5427f69c51ee","Shape__Length":3298.484950195058}},{"type":"Feature","id":5316,"geometry":{"type":"LineString","coordinates":[[-84.3681169997545,33.8387259997157],[-84.3685884958027,33.8384023036354],[-84.3681281298809,33.8375877797491],[-84.367928479309,33.8371021220012],[-84.3678143932679,33.8366164607475],[-84.367857174635,33.8339038165781],[-84.3678714362885,33.8327192299148],[-84.3678856961453,33.8316293948204],[-84.3678429138799,33.8309778561804],[-84.3675149156134,33.8294615285889],[-84.3673152650415,33.8287152015703],[-84.3671967592893,33.8282179625132],[-84.3668850501739,33.8269901608036],[-84.3676809997364,33.8270119998235]]},"properties":{"OBJECTID_1":5316,"OBJECTID":4822,"ID":"146913","TYPE":"AC; OVERHEAD","STATUS":"IN SERVICE","NAICS_CODE":"221121","NAICS_DESC":"ELECTRIC BULK POWER TRANSMISSION AND CONTROL","SOURCE":"IMAGERY, EIA 861, EIA 860","SOURCEDATE":1401840000000,"VAL_METHOD":"IMAGERY","VAL_DATE":1512950400000,"OWNER":"GEORGIA POWER CO","VOLTAGE":230,"VOLT_CLASS":"220-287","INFERRED":"Y","SUB_1":"UNKNOWN111533","SUB_2":"UNKNOWN111534","SHAPE__Len":1713.24636256826,"GlobalID":"d538bbff-014d-4e21-a11f-06b8d5cecf28","Shape__Length":1713.246279728587}},{"type":"Feature","id":5399,"geometry":{"type":"LineString","coordinates":[[-83.8825507928413,33.8681528426652],[-83.8825583449779,33.867664486973],[-83.8822053995977,33.8671290995024],[-83.883411599869,33.8665686999771],[-83.8858979003186,33.865406000055],[-83.8912324998192,33.8629191000563],[-83.894604499613,33.8613563995784],[-83.8982726002941,33.8596570000661],[-83.9013932002675,33.8582183997933],[-83.9058991003253,33.8561312997336],[-83.909459299866,33.8544597000315],[-83.9138419995759,33.8524927000125],[-83.9159273001674,33.8502044995914],[-83.9189315997525,33.8469980994439],[-83.9219833995548,33.8437527994515],[-83.9247360001804,33.8408353000812],[-83.927416800262,33.8379798998288],[-83.9296936998255,33.8355543995085],[-83.9321052002563,33.8329795997851],[-83.9353474994927,33.8295484000465],[-83.9376316996646,33.8271211000656],[-83.9401474998897,33.8244453995673],[-83.9432334994533,33.8212053001715],[-83.94532310028,33.8185628998904],[-83.9475430996552,33.8158435001419],[-83.9503828997454,33.8123278997192],[-83.9534268994761,33.8085786000786],[-83.9558331995597,33.8056146998207],[-83.9580280002928,33.8029076999658],[-83.9602506002907,33.8001305994499],[-83.9628998003355,33.7974791999959],[-83.9650443996173,33.7953201998662],[-83.9681039994912,33.7922030000363],[-83.9706118999318,33.7897177997658],[-83.973808699499,33.7864773997523],[-83.9766299996843,33.7834241994668],[-83.9786544996025,33.7812801997427],[-83.9819361998456,33.7777436000049],[-83.9840097001675,33.7755506000731],[-83.9866317998369,33.7727384995644],[-83.9889632999017,33.77021420012],[-83.9917649997458,33.7672553997943],[-83.993796599948,33.7632117994632],[-83.9952203003159,33.7603994000493],[-83.9975951000757,33.7557377997488],[-83.9992815998851,33.7523934999243],[-84.0009141001661,33.7491562996233]]},"properties":{"OBJECTID_1":5399,"OBJECTID":4939,"ID":"147071","TYPE":"AC; OVERHEAD","STATUS":"IN SERVICE","NAICS_CODE":"221121","NAICS_DESC":"ELECTRIC BULK POWER TRANSMISSION AND CONTROL","SOURCE":"IMAGERY, OpenStreetMap, EIA 861, EIA 860","SOURCEDATE":1397088000000,"VAL_METHOD":"IMAGERY","VAL_DATE":1514851200000,"OWNER":"GEORGIA POWER CO","VOLTAGE":230,"VOLT_CLASS":"220-287","INFERRED":"Y","SUB_1":"UNKNOWN115870","SUB_2":"UNKNOWN116166","SHAPE__Len":21156.8181817945,"GlobalID":"610fc07a-30fd-44de-8d59-519243c8c29c","Shape__Length":21156.81825115285}},{"type":"Feature","id":5402,"geometry":{"type":"LineString","coordinates":[[-84.1671563778492,33.9102162969818],[-84.1652882153332,33.9075888397772],[-84.1609315461053,33.901274328564],[-84.1601614635314,33.8996112905251],[-84.1586498207921,33.8962496080149],[-84.1565392245405,33.8931659754992],[-84.1536656765416,33.889016804525],[-84.149223442783,33.8822924710161],[-84.1469417165714,33.8788886656675],[-84.1444460799311,33.8750762437943],[-84.1373299487455,33.8722641774393],[-84.1329162355988,33.8704762476462]]},"properties":{"OBJECTID_1":5402,"OBJECTID":4942,"ID":"147077","TYPE":"AC; OVERHEAD","STATUS":"IN SERVICE","NAICS_CODE":"221121","NAICS_DESC":"ELECTRIC BULK POWER TRANSMISSION AND CONTROL","SOURCE":"IMAGERY, http://www.psc.state.fl.us/publications/pdf/electricgas/transmissionreport2007.pdf, EIA 861","SOURCEDATE":1407369600000,"VAL_METHOD":"IMAGERY","VAL_DATE":1444348800000,"OWNER":"GEORGIA POWER CO","VOLTAGE":230,"VOLT_CLASS":"220-287","INFERRED":"Y","SUB_1":"UNKNOWN116215","SUB_2":"UNKNOWN116216","SHAPE__Len":6779.31384505325,"GlobalID":"623a3049-05df-40b0-a7b7-e7b099011218","Shape__Length":6779.313894927038}},{"type":"Feature","id":5441,"geometry":{"type":"LineString","coordinates":[[-84.3790139998338,33.9668869999614],[-84.3797631687296,33.9662019445899],[-84.3800191490597,33.9662503747216],[-84.3807642845199,33.9654007379529],[-84.3822234710365,33.9649651519886],[-84.3815249814958,33.9672359558825],[-84.3862471078391,33.9668289287878],[-84.3934844558925,33.9662523438435],[-84.3944529996689,33.9661045008822],[-84.3952094745629,33.9662122826716]]},"properties":{"OBJECTID_1":5441,"OBJECTID":4989,"ID":"147141","TYPE":"AC; OVERHEAD","STATUS":"IN SERVICE","NAICS_CODE":"221121","NAICS_DESC":"ELECTRIC BULK POWER TRANSMISSION AND CONTROL","SOURCE":"IMAGERY, EIA 861, EIA 860","SOURCEDATE":1408492800000,"VAL_METHOD":"IMAGERY","VAL_DATE":1553558400000,"OWNER":"GEORGIA POWER CO","VOLTAGE":115,"VOLT_CLASS":"100-161","INFERRED":"Y","SUB_1":"UNKNOWN116276","SUB_2":"BULL SLUICE","SHAPE__Len":2314.50563299586,"GlobalID":"cd19d6d8-9651-427a-9746-740c235f01d5","Shape__Length":2314.5056977088966}},{"type":"Feature","id":5497,"geometry":{"type":"LineString","coordinates":[[-84.2959800707875,33.8120767914968],[-84.2958659847464,33.8115376685689],[-84.2972920629549,33.8115495181828],[-84.2969783263419,33.8092152551308],[-84.2968357178923,33.8081547434465],[-84.2906821899241,33.8051034784696],[-84.2848495284973,33.802229857978],[-84.2792735624595,33.7994272450404],[-84.2784606976202,33.7984614175331],[-84.2748028071906,33.7941180248756],[-84.2723998650096,33.7933595380771],[-84.2722643882849,33.7921566121415],[-84.2725210818774,33.7907107068642],[-84.2715656085883,33.7909536678105]]},"properties":{"OBJECTID_1":5497,"OBJECTID":3066,"ID":"144641","TYPE":"AC; OVERHEAD","STATUS":"IN SERVICE","NAICS_CODE":"221121","NAICS_DESC":"ELECTRIC BULK POWER TRANSMISSION AND CONTROL","SOURCE":"IMAGERY, EIA 861","SOURCEDATE":1408406400000,"VAL_METHOD":"IMAGERY","VAL_DATE":1493078400000,"OWNER":"GEORGIA POWER CO","VOLTAGE":230,"VOLT_CLASS":"220-287","INFERRED":"Y","SUB_1":"UNKNOWN116570","SUB_2":"UNKNOWN116571","SHAPE__Len":4590.73486792792,"GlobalID":"4a236898-ab6d-45ad-90bc-50c3cfe16a15","Shape__Length":4590.735010844335}},{"type":"Feature","id":5664,"geometry":{"type":"LineString","coordinates":[[-84.5682975498199,33.994173061561],[-84.5671715915613,33.9936648046528],[-84.5674569998018,33.9928584994643],[-84.5690192096068,33.9931082758789],[-84.5716192268898,33.9934879080189],[-84.5730848731916,33.9926088340356],[-84.5736489909356,33.9940002600945],[-84.5759418266122,33.9938671429788],[-84.5782749140001,33.9937239515965],[-84.5783379029696,33.9917704786273],[-84.5783849971483,33.9898629924949],[-84.5805403025516,33.9898801391322],[-84.5826049041624,33.9899016325686],[-84.5841569917507,33.9899483137584],[-84.5862365907351,33.9908417179965],[-84.5897759978703,33.9901799190849],[-84.5915317137706,33.989885189796],[-84.5951456900576,33.990004523466],[-84.5990061937029,33.9900780897742],[-84.6016424211767,33.9879543738392],[-84.603012332222,33.9868613987641],[-84.6040820766051,33.9847458936011],[-84.6051876260387,33.9824449847562],[-84.6055576995964,33.9815493998256],[-84.6066838896203,33.9801301307152],[-84.608236428163,33.9781261050437],[-84.6083057035427,33.9755030576352],[-84.6083722103148,33.9732223629869],[-84.6084102108479,33.9704688727985],[-84.6084641124599,33.9681565721556],[-84.6084831136248,33.9655447295404],[-84.608517911664,33.9630723701183],[-84.6085559130954,33.9607520427961],[-84.6085873128079,33.9582027865393],[-84.6086164119349,33.9559191869139],[-84.6086750108375,33.9527939509508],[-84.6087195196649,33.9501583827562],[-84.6086719718369,33.9475186865196],[-84.6087334076192,33.9458903858411],[-84.6091463128496,33.9453523737073]]},"properties":{"OBJECTID_1":5664,"OBJECTID":3314,"ID":"144965","TYPE":"AC; OVERHEAD","STATUS":"IN SERVICE","NAICS_CODE":"221121","NAICS_DESC":"ELECTRIC BULK POWER TRANSMISSION AND CONTROL","SOURCE":"IMAGERY, OpenStreetMap, EIA 861, EIA 860","SOURCEDATE":1397088000000,"VAL_METHOD":"IMAGERY","VAL_DATE":1512950400000,"OWNER":"GEORGIA POWER CO","VOLTAGE":230,"VOLT_CLASS":"220-287","INFERRED":"Y","SUB_1":"TAP151312","SUB_2":"BIG SHANTY","SHAPE__Len":10847.9255204978,"GlobalID":"e8e5fcf4-1bed-4b76-b730-d0cb4b4cee20","Shape__Length":10847.925689360121}},{"type":"Feature","id":5670,"geometry":{"type":"LineString","coordinates":[[-84.4667125145362,33.8361554666286],[-84.4668799048096,33.8355343266308],[-84.4676308335051,33.8342927568949],[-84.4682829493159,33.8332927256499],[-84.4694213555294,33.8324481967587],[-84.4706503271949,33.8314753888633],[-84.4708357170116,33.8305810020505],[-84.4708998908589,33.8299768406886],[-84.4709640647062,33.8279155527588],[-84.470029982999,33.8260023014394],[-84.4713419751664,33.8252322510312],[-84.4723758821595,33.8259075264706],[-84.4728720001313,33.8257419998701]]},"properties":{"OBJECTID_1":5670,"OBJECTID":3325,"ID":"144981","TYPE":"AC; OVERHEAD","STATUS":"IN SERVICE","NAICS_CODE":"221121","NAICS_DESC":"ELECTRIC BULK POWER TRANSMISSION AND CONTROL","SOURCE":"IMAGERY, EIA 861, EIA 860","SOURCEDATE":1408060800000,"VAL_METHOD":"IMAGERY","VAL_DATE":1514937600000,"OWNER":"GEORGIA POWER CO","VOLTAGE":115,"VOLT_CLASS":"100-161","INFERRED":"Y","SUB_1":"UNKNOWN111548","SUB_2":"TAP142610","SHAPE__Len":1923.43892990905,"GlobalID":"5b1c542c-5f8e-41c4-b65c-71b823de6755","Shape__Length":1923.4388659865358}},{"type":"Feature","id":5710,"geometry":{"type":"LineString","coordinates":[[-84.4302684231099,33.9833780591501],[-84.4304704506241,33.983062723596],[-84.4298524824721,33.982619283112],[-84.4290560002086,33.9820469997374],[-84.4324886811998,33.9800940241127],[-84.4340990002798,33.9796069995135],[-84.4353520000825,33.9789479996877],[-84.4357885336999,33.9782685040324],[-84.4364860000595,33.9780569994566],[-84.4373270001336,33.97783099948],[-84.4398560002035,33.9777359998116],[-84.4413740003201,33.9784609998097],[-84.4433467500913,33.9790273189071],[-84.4438458765211,33.9790864469868],[-84.444654762722,33.9787984006672],[-84.4634310002444,33.979253999539],[-84.4643279276314,33.9783571965556],[-84.4698529996167,33.976006999664],[-84.471741999454,33.9756509997247],[-84.4733499999822,33.974716999457],[-84.4748379999616,33.974399999564],[-84.4827837585497,33.9738485147024],[-84.4848634563488,33.9734740126019],[-84.4856953349295,33.9735824205098],[-84.4867419997963,33.9727129996508],[-84.4873679997852,33.9713800001785],[-84.4887653372945,33.9700984168039],[-84.4893439996611,33.9692889996546]]},"properties":{"OBJECTID_1":5710,"OBJECTID":3385,"ID":"145053","TYPE":"AC; OVERHEAD","STATUS":"IN SERVICE","NAICS_CODE":"221121","NAICS_DESC":"ELECTRIC BULK POWER TRANSMISSION AND CONTROL","SOURCE":"IMAGERY, EIA 861, EIA 860","SOURCEDATE":1408060800000,"VAL_METHOD":"IMAGERY","VAL_DATE":1514937600000,"OWNER":"GEORGIA POWER CO","VOLTAGE":115,"VOLT_CLASS":"100-161","INFERRED":"Y","SUB_1":"UNKNOWN116274","SUB_2":"TAP155357","SHAPE__Len":7700.73886888403,"GlobalID":"c0029619-9e25-420e-8b99-636a154baa0f","Shape__Length":7700.73881513102}},{"type":"Feature","id":5722,"geometry":{"type":"LineString","coordinates":[[-84.5150797992016,33.8582770037961],[-84.5153709557616,33.8579957459907],[-84.5068883262304,33.8491818796679],[-84.50593400009,33.848182999995],[-84.5055109995924,33.8476859995307],[-84.5054589997138,33.8470469994816],[-84.5044040002778,33.846111000166],[-84.5024819999302,33.8446939995233],[-84.5001238019352,33.842959440764],[-84.4955068728032,33.8390457176154],[-84.4948770217367,33.8383942355049],[-84.4944491981843,33.8377723626363],[-84.49403938765,33.8363544156139],[-84.4938252885751,33.8351663655708],[-84.4933023936212,33.832565225921],[-84.4928810568035,33.8306928557609],[-84.4925160003367,33.8288999998771],[-84.4922735666011,33.8283007279342],[-84.4916319997066,33.8271359996802],[-84.4902779187732,33.8253931726742],[-84.4889720001155,33.8243980000391],[-84.4860472202976,33.8219377355406],[-84.4851464139852,33.8211567876044],[-84.4843620706562,33.8212811870135],[-84.483848682573,33.821541832026],[-84.4804688773177,33.8214292804949],[-84.4754348199751,33.8213404245861],[-84.474536390605,33.8224185427303],[-84.4755203845059,33.8232419329712],[-84.4767799995024,33.8228379994786]]},"properties":{"OBJECTID_1":5722,"OBJECTID":3406,"ID":"145076","TYPE":"AC; OVERHEAD","STATUS":"IN SERVICE","NAICS_CODE":"221121","NAICS_DESC":"ELECTRIC BULK POWER TRANSMISSION AND CONTROL","SOURCE":"IMAGERY, EIA 861, EIA 860","SOURCEDATE":1408060800000,"VAL_METHOD":"IMAGERY","VAL_DATE":1514937600000,"OWNER":"GEORGIA POWER CO","VOLTAGE":115,"VOLT_CLASS":"100-161","INFERRED":"Y","SUB_1":"JACK MCDONOUGH","SUB_2":"UNKNOWN116536","SHAPE__Len":7774.48551055852,"GlobalID":"e6f71e95-c403-4979-a86a-95e9e0c11a20","Shape__Length":7774.485570106476}},{"type":"Feature","id":5730,"geometry":{"type":"LineString","coordinates":[[-84.061369438688,33.4518472751615],[-84.0614645109878,33.4523073479307],[-84.0608750652445,33.4524025357416],[-84.0608940798841,33.4574552417627],[-84.0496946107604,33.4579708074859],[-84.0488389636557,33.4593667859818],[-84.040634260297,33.4593509225031],[-84.0402064358463,33.4607230835623],[-84.0384380986162,33.467377361676],[-84.0365556762434,33.4750858499287],[-84.0361278517927,33.4774450497146],[-84.0317640517381,33.4775045251389],[-84.0307230148166,33.4774926294579],[-84.0303379735296,33.4783906948344],[-84.0289368523164,33.4813197475312],[-84.0290319237179,33.4815378116367],[-84.0294716310831,33.4817955240071],[-84.030089599235,33.4822167804834],[-84.0301609030107,33.4824497110834]]},"properties":{"OBJECTID_1":5730,"OBJECTID":3416,"ID":"145097","TYPE":"AC; OVERHEAD","STATUS":"IN SERVICE","NAICS_CODE":"221121","NAICS_DESC":"ELECTRIC BULK POWER TRANSMISSION AND CONTROL","SOURCE":"IMAGERY, EIA 861, EIA 860","SOURCEDATE":1406764800000,"VAL_METHOD":"IMAGERY","VAL_DATE":1513296000000,"OWNER":"GEORGIA POWER CO","VOLTAGE":115,"VOLT_CLASS":"100-161","INFERRED":"Y","SUB_1":"UNKNOWN116030","SUB_2":"UNKNOWN116031","SHAPE__Len":7003.05060584458,"GlobalID":"8ad20476-63ae-4f7e-a0bf-8ebae996b549","Shape__Length":7003.050674650133}},{"type":"Feature","id":5732,"geometry":{"type":"LineString","coordinates":[[-84.4305502183263,33.6158693415025],[-84.4305343226374,33.6163071178437],[-84.4307185248813,33.6164743691469]]},"properties":{"OBJECTID_1":5732,"OBJECTID":3420,"ID":"145102","TYPE":"AC; OVERHEAD","STATUS":"IN SERVICE","NAICS_CODE":"221121","NAICS_DESC":"ELECTRIC BULK POWER TRANSMISSION AND CONTROL","SOURCE":"IMAGERY, EIA 861, EIA 860","SOURCEDATE":1407801600000,"VAL_METHOD":"IMAGERY","VAL_DATE":1513641600000,"OWNER":"GEORGIA POWER CO","VOLTAGE":115,"VOLT_CLASS":"100-161","INFERRED":"Y","SUB_1":"UNKNOWN116333","SUB_2":"TAP142600","SHAPE__Len":88.8828642283256,"GlobalID":"71f3c4bd-cd35-4e5c-b21f-57c1bb16ed21","Shape__Length":88.88296035727059}},{"type":"Feature","id":5751,"geometry":{"type":"LineString","coordinates":[[-84.308424981289,33.9533084320184],[-84.309592579156,33.9536215098496],[-84.311345937877,33.9539348547795],[-84.314328323959,33.9547456579409],[-84.3184494585126,33.9558042895572],[-84.3211631054926,33.9565150927743],[-84.3226960212361,33.9571951906912],[-84.3258510626174,33.958004497908],[-84.3283402439641,33.9586848216059],[-84.3324831455953,33.9598677015038],[-84.3363121614933,33.9609381556424],[-84.3389860741916,33.9617010725659],[-84.3431880157983,33.9628785565061],[-84.3440101755059,33.9631928217653],[-84.3498311669188,33.9653497257712],[-84.3568884368938,33.9681479418876],[-84.3602106529528,33.968167482172],[-84.3769608571328,33.9682852087886],[-84.3774054216888,33.9674597176627],[-84.3774707840072,33.966345978033],[-84.3787839637474,33.9660207224941],[-84.3790139998338,33.9668869999614]]},"properties":{"OBJECTID_1":5751,"OBJECTID":3444,"ID":"145134","TYPE":"AC; OVERHEAD","STATUS":"IN SERVICE","NAICS_CODE":"221121","NAICS_DESC":"ELECTRIC BULK POWER TRANSMISSION AND CONTROL","SOURCE":"IMAGERY, EIA 861, EIA 860","SOURCEDATE":1401840000000,"VAL_METHOD":"IMAGERY","VAL_DATE":1512950400000,"OWNER":"GEORGIA POWER CO","VOLTAGE":230,"VOLT_CLASS":"220-287","INFERRED":"Y","SUB_1":"UNKNOWN116574","SUB_2":"BULL SLUICE","SHAPE__Len":8540.07827688632,"GlobalID":"c19dca51-e03a-4325-92c0-746e9adfe038","Shape__Length":8540.07825697553}},{"type":"Feature","id":5779,"geometry":{"type":"LineString","coordinates":[[-84.623533832848,33.5177451488428],[-84.6239547555424,33.5172618595422],[-84.6244837222092,33.5171595358975],[-84.6266157145343,33.5164365901064],[-84.6284491688427,33.5158154386106],[-84.6299727591752,33.5152878420472],[-84.6309860489342,33.5149450401026],[-84.6327796090608,33.5142211530755],[-84.6342076896141,33.5136708221707],[-84.6348531677733,33.5134076525094],[-84.6356873541259,33.5130995687844],[-84.6374581751977,33.5124053426056],[-84.6401385970886,33.5113728051822],[-84.6419743564739,33.5106656359106],[-84.6442544540399,33.509739455666],[-84.6475034412336,33.5084556949675],[-84.6502921640151,33.5080132639251],[-84.6520929753427,33.5077156960389],[-84.6538614949308,33.5074481631543],[-84.6557130251393,33.5071262048886],[-84.6575534719338,33.5068239465018],[-84.6596015211871,33.5064882545828],[-84.6616482606968,33.5061561649889],[-84.6633477357721,33.5058816529583],[-84.6649618475392,33.5056150020208],[-84.6664870090252,33.5053498738215],[-84.6681967563358,33.5053577537859],[-84.6700233960244,33.505331949147],[-84.6723591388323,33.5053132507038],[-84.673940277937,33.5053001528775],[-84.6779843487173,33.5053068508511],[-84.6806586099619,33.5053968427433],[-84.6831045688687,33.5054226481119],[-84.6860458489416,33.5054714499074],[-84.6908627241912,33.5043998654486],[-84.6945064185444,33.5036421495108],[-84.6976950057134,33.502985473828],[-84.700087034262,33.5024989889473],[-84.7031657718448,33.501873980781],[-84.7047542959994,33.5015484174362],[-84.7072764275506,33.50105443065],[-84.7089237374574,33.500721288715],[-84.7106270950514,33.5003732356288],[-84.7130733818432,33.4998529534475],[-84.7155216395387,33.4993140418115],[-84.7183577547397,33.4987041028398],[-84.7207274071529,33.4982100930802],[-84.7222349625577,33.4978826678994],[-84.7240722975881,33.497525357838],[-84.7274024978734,33.4968647388316],[-84.7291458978712,33.4965186576616],[-84.7320629881101,33.4959516794415],[-84.7334227670574,33.4956877839267],[-84.7372258674577,33.4949518035755],[-84.7417987270385,33.4940825931216],[-84.7444225775243,33.4935685435035],[-84.7467891307498,33.493094852912],[-84.7493118875285,33.4926052821107],[-84.753448706667,33.4918011781365],[-84.7555042864973,33.4914006625125],[-84.7600663294638,33.49049917344],[-84.7638019547082,33.4897799276403],[-84.7660204988125,33.4893660379682],[-84.7677527201749,33.4890363714869],[-84.7704409286626,33.4885540426494],[-84.7721420772993,33.4879812157435],[-84.7751978081293,33.486986103436],[-84.7765685824557,33.4865415450397],[-84.7782314439966,33.4860095564434],[-84.7806278724936,33.485236618724],[-84.7821161904765,33.4847310127998],[-84.7850703263395,33.4837757320797],[-84.7879232777655,33.482854614449],[-84.790953868344,33.4818673185989],[-84.7938352882796,33.4809383449419],[-84.7960378890843,33.4802288807991],[-84.797649933828,33.4796941987746],[-84.7990986909041,33.4792312450398],[-84.8009108228009,33.4786421016596],[-84.8036112690378,33.4777627200587],[-84.8056443891894,33.4771068139323],[-84.8083043223052,33.4762381669262],[-84.8108329127434,33.4754760811137],[-84.8140663006922,33.4745232729725],[-84.8161006829768,33.4739382210743],[-84.8198443409565,33.4728047318201],[-84.8226700401917,33.4718705340321],[-84.8252438805673,33.471020720976],[-84.8279834214853,33.4701098409949],[-84.8296290713055,33.4695709248614],[-84.8327927913107,33.4685117896842],[-84.83464536087,33.4681863279715],[-84.8370144751924,33.467750806438],[-84.8398210762447,33.4672450070402],[-84.8419770868255,33.4668485871353],[-84.8449382762601,33.4663018886047],[-84.8467055768343,33.465977688804],[-84.8487678814529,33.4655968886341],[-84.8513193699476,33.4651282908316],[-84.8563452651975,33.4642025916977],[-84.8590068009078,33.4637143856398],[-84.8607506392835,33.4633906790146],[-84.8628262147137,33.4630067836477],[-84.864583243951,33.4626822964873],[-84.8667275189409,33.4622917828662],[-84.8692871093412,33.4618113667877],[-84.8709705261325,33.4614987490492],[-84.8736273564674,33.461103478718],[-84.8766803357577,33.4606407966293],[-84.878829652093,33.4603310944703],[-84.8822885998231,33.4598047875693],[-84.8852397191434,33.4593739791432],[-84.8863861724652,33.4591029881031],[-84.8881392284539,33.4587300396919],[-84.88985301459,33.4583422205367],[-84.8915238693404,33.4579808741767],[-84.8928604690583,33.4576918737982],[-84.895738569719,33.4570694741831],[-84.8976433978717,33.4566575469858],[-84.900334083913,33.456061505639],[-84.9042158569692,33.4575712551474],[-84.9050100395456,33.4588923477787],[-84.9061817319336,33.4607727296768],[-84.9057782581153,33.4616942409366]]},"properties":{"OBJECTID_1":5779,"OBJECTID":3482,"ID":"145179","TYPE":"AC; OVERHEAD","STATUS":"IN SERVICE","NAICS_CODE":"221121","NAICS_DESC":"ELECTRIC BULK POWER TRANSMISSION AND CONTROL","SOURCE":"IMAGERY, OpenStreetMap, EIA 861, EIA 860","SOURCEDATE":1408579200000,"VAL_METHOD":"IMAGERY","VAL_DATE":1514937600000,"OWNER":"GEORGIA POWER CO","VOLTAGE":115,"VOLT_CLASS":"100-161","INFERRED":"Y","SUB_1":"UNKNOWN113566","SUB_2":"UNKNOWN116412","SHAPE__Len":33178.7793586071,"GlobalID":"f9aa2681-fbe5-4351-8d57-4b811fa6a579","Shape__Length":33178.77941425219}},{"type":"Feature","id":5910,"geometry":{"type":"LineString","coordinates":[[-84.4307462855186,33.6159452125707],[-84.4307185248813,33.6164743691469]]},"properties":{"OBJECTID_1":5910,"OBJECTID":3670,"ID":"145432","TYPE":"AC; OVERHEAD","STATUS":"IN SERVICE","NAICS_CODE":"221121","NAICS_DESC":"ELECTRIC BULK POWER TRANSMISSION AND CONTROL","SOURCE":"IMAGERY, EIA 861, EIA 860","SOURCEDATE":1407801600000,"VAL_METHOD":"IMAGERY","VAL_DATE":1513641600000,"OWNER":"GEORGIA POWER CO","VOLTAGE":115,"VOLT_CLASS":"100-161","INFERRED":"Y","SUB_1":"UNKNOWN116333","SUB_2":"TAP142601","SHAPE__Len":70.8021979776519,"GlobalID":"3dc9ae71-7e95-4c15-9160-13fa75b8722c","Shape__Length":70.80227316709683}},{"type":"Feature","id":6074,"geometry":{"type":"LineString","coordinates":[[-84.2347533929485,33.6508804769169],[-84.2348863525937,33.6506336861153],[-84.2350082997918,33.6502371999475],[-84.2368398002645,33.6504094994991],[-84.2383094000518,33.6505402000682],[-84.2399598998762,33.6507127996231],[-84.2421119569714,33.6509398315138],[-84.2447929852251,33.651450286536],[-84.2466511997976,33.6518739996081],[-84.2490156994744,33.6524067999641],[-84.2513949997938,33.6529765000254],[-84.2530335996356,33.6533687001119],[-84.2545537000133,33.653741099991],[-84.2566958998949,33.6542664994767],[-84.2591463997854,33.6548657996085],[-84.2619701999821,33.6555120000582],[-84.2640265002613,33.6560003995557],[-84.2649628996219,33.6562296995936],[-84.2663881001764,33.6565676000789],[-84.2686340994907,33.6571126999501],[-84.2708148999801,33.6576356001416],[-84.2735260999493,33.6582965001511],[-84.2755231994546,33.6587823999341],[-84.278003200019,33.6593693994377],[-84.280589999491,33.6600057001033],[-84.2831767001482,33.6606221999742],[-84.2853011996255,33.6611351995449],[-84.2875865999466,33.6617182000528],[-84.2894349995263,33.6619874001667],[-84.2911204995108,33.6622830996433],[-84.2938704995136,33.6627990994728],[-84.2964129500583,33.6632233675189],[-84.2984303469975,33.6635568666474],[-84.299930530827,33.6638050476941],[-84.3032444904703,33.6643679238534],[-84.3056824049637,33.6647847254739],[-84.3071827666596,33.6650387354827],[-84.3099559054676,33.6655060425866],[-84.3121411148884,33.6658726270225],[-84.3139806723508,33.6661892369112],[-84.316091751896,33.666538632999],[-84.3182206647963,33.6669067008477],[-84.3205093996637,33.6673809994599],[-84.3210629002193,33.6683354996209],[-84.3219819998241,33.6698805399624],[-84.3230832499208,33.67169683277],[-84.3235898135028,33.6726589224661],[-84.3254590288443,33.6763724569688],[-84.3263819319161,33.678231462788],[-84.3270361147504,33.6794887227613],[-84.327680710764,33.680753417917],[-84.3286171334807,33.6826134659752],[-84.3291019713076,33.6835885386999],[-84.3296667322452,33.6846969579524],[-84.3307208953497,33.6867761859318],[-84.3316715168378,33.6886636279872],[-84.3327349793021,33.6907467550672],[-84.3335963064544,33.6924775086056],[-84.3342033528891,33.6936560999099],[-84.3348481079045,33.6949325099201],[-84.3356158270109,33.6964446461634],[-84.3360994206711,33.6973963999377],[-84.3370060884907,33.6986997097278],[-84.3378646784763,33.6999180379108],[-84.33938888146,33.7020692826932],[-84.3401675842673,33.7031516837151],[-84.3407788581738,33.704014202468],[-84.3421429670007,33.7050640581672],[-84.3445223975758,33.7068580570696],[-84.345619677119,33.7076892308877],[-84.3476424387971,33.7088685655564],[-84.3485817891234,33.7094087785083],[-84.349735185524,33.7101267418698],[-84.350393000247,33.71060699985]]},"properties":{"OBJECTID_1":6074,"OBJECTID":3904,"ID":"145728","TYPE":"AC; OVERHEAD","STATUS":"IN SERVICE","NAICS_CODE":"221121","NAICS_DESC":"ELECTRIC BULK POWER TRANSMISSION AND CONTROL","SOURCE":"IMAGERY, OpenStreetMap, http://www.psc.state.fl.us/publications/pdf/electricgas/transmissionreport2007.pdf, EIA 861","SOURCEDATE":1397088000000,"VAL_METHOD":"IMAGERY","VAL_DATE":1444262400000,"OWNER":"GEORGIA POWER CO","VOLTAGE":230,"VOLT_CLASS":"220-287","INFERRED":"Y","SUB_1":"UNKNOWN111359","SUB_2":"UNKNOWN116609","SHAPE__Len":16686.37939173,"GlobalID":"7f4d777d-cca3-4c31-b6be-3334f5b96bca","Shape__Length":16686.379430364126}},{"type":"Feature","id":6101,"geometry":{"type":"LineString","coordinates":[[-84.4117469999044,33.787803999463],[-84.4153401110223,33.7878760665043],[-84.4175708560448,33.7887534925012],[-84.4192007871441,33.7896249697442],[-84.4192275560412,33.7914720264375],[-84.4188706365143,33.7921977629595],[-84.4188765851581,33.7927718081272],[-84.41900539279,33.7927656685074],[-84.4228897529943,33.7927593967478],[-84.4260459999147,33.7926519996062],[-84.4288898217625,33.7906631848714],[-84.4294246005292,33.7902276310729],[-84.4285297365724,33.7887639155615],[-84.4299522502659,33.7892972556174]]},"properties":{"OBJECTID_1":6101,"OBJECTID":3951,"ID":"145817","TYPE":"AC; OVERHEAD","STATUS":"IN SERVICE","NAICS_CODE":"221121","NAICS_DESC":"ELECTRIC BULK POWER TRANSMISSION AND CONTROL","SOURCE":"IMAGERY, EIA 861, EIA 860","SOURCEDATE":1408492800000,"VAL_METHOD":"IMAGERY","VAL_DATE":1514937600000,"OWNER":"GEORGIA POWER CO","VOLTAGE":115,"VOLT_CLASS":"100-161","INFERRED":"Y","SUB_1":"TAP142623","SUB_2":"TAP155949","SHAPE__Len":3009.06401197417,"GlobalID":"ad27a1b1-a628-4ea3-b11e-8b44d11296c3","Shape__Length":3009.0641605102396}},{"type":"Feature","id":6170,"geometry":{"type":"LineString","coordinates":[[-84.3685012747785,33.7818804708095],[-84.3689013179308,33.7806213419356],[-84.3704985260992,33.7759431621051],[-84.3708217695828,33.7750738775855],[-84.3707457119227,33.7738568648871],[-84.3715633306465,33.7716440688759],[-84.3716632179162,33.7713513795478],[-84.3717011852117,33.7704594101605],[-84.3717106920823,33.7699852259151],[-84.3717524475734,33.7693318116896],[-84.3718331854562,33.7655592139633],[-84.3715110406121,33.7655396190352],[-84.3714199999513,33.7653089998596]]},"properties":{"OBJECTID_1":6170,"OBJECTID":6058,"ID":"165762","TYPE":"AC; OVERHEAD","STATUS":"IN SERVICE","NAICS_CODE":"221121","NAICS_DESC":"ELECTRIC BULK POWER TRANSMISSION AND CONTROL","SOURCE":"IMAGERY, EIA 861, EIA 860","SOURCEDATE":1401840000000,"VAL_METHOD":"IMAGERY","VAL_DATE":1589328000000,"OWNER":"GEORGIA POWER CO","VOLTAGE":230,"VOLT_CLASS":"220-287","INFERRED":"Y","SUB_1":"UNKNOWN111545","SUB_2":"FAP","SHAPE__Len":2305.87050633049,"GlobalID":"9767a06e-bd25-482f-8a88-6147d6713c6a","Shape__Length":2305.8704622919886}},{"type":"Feature","id":6200,"geometry":{"type":"LineString","coordinates":[[-84.0255395451844,33.681765856883],[-84.0254848791061,33.6819507815999],[-84.0253066192178,33.682109005517],[-84.0327698405645,33.6873221886621],[-84.0419920000685,33.6935969997579],[-84.0445170825855,33.6962392106224],[-84.0429008606758,33.6975393885129],[-84.042453279577,33.6973950359696]]},"properties":{"OBJECTID_1":6200,"OBJECTID":6103,"ID":"148629","TYPE":"AC; OVERHEAD","STATUS":"IN SERVICE","NAICS_CODE":"221121","NAICS_DESC":"ELECTRIC BULK POWER TRANSMISSION AND CONTROL","SOURCE":"IMAGERY, EIA 861, EIA 860","SOURCEDATE":1407196800000,"VAL_METHOD":"IMAGERY","VAL_DATE":1514937600000,"OWNER":"GEORGIA POWER CO","VOLTAGE":115,"VOLT_CLASS":"100-161","INFERRED":"Y","SUB_1":"UNKNOWN115871","SUB_2":"UNKNOWN115875","SHAPE__Len":3220.72909074978,"GlobalID":"286a8f78-9bde-4d30-aec2-495bd26b8d50","Shape__Length":3220.728970886344}},{"type":"Feature","id":6257,"geometry":{"type":"LineString","coordinates":[[-84.2291549995714,34.0574669997543],[-84.229512983602,34.0570425016327],[-84.2300553001323,34.0578352000029],[-84.229986299637,34.0571116999832],[-84.230773699933,34.055969099444],[-84.2314248994622,34.0550615996327],[-84.2323133000406,34.0542129999115],[-84.2331262996272,34.0535190997608],[-84.2334692997589,34.0532418998254],[-84.2344906995083,34.0523014997748],[-84.2355018997859,34.0514153001285],[-84.2364355997091,34.0506274994587],[-84.2373325998596,34.049875399992],[-84.2373779001028,34.0489605995337],[-84.2374230997346,34.0478975995561],[-84.2403577996481,34.0487623001277],[-84.243764600176,34.0497484997982],[-84.2473504996187,34.0508168994775],[-84.2511971997514,34.0519387995465],[-84.2539425994817,34.0527391000298],[-84.2573440999494,34.053730299564],[-84.2598568000885,34.0544705995841],[-84.2642234999048,34.0557565000786],[-84.2676632003317,34.0567671001368],[-84.2721617000682,34.0580905001687],[-84.2748440003363,34.0588693000941],[-84.275995499495,34.0592104999942],[-84.27597699959,34.0578839998734]]},"properties":{"OBJECTID_1":6257,"OBJECTID":6182,"ID":"148730","TYPE":"AC; OVERHEAD","STATUS":"IN SERVICE","NAICS_CODE":"221121","NAICS_DESC":"ELECTRIC BULK POWER TRANSMISSION AND CONTROL","SOURCE":"IMAGERY, OpenStreetMap, EIA 861","SOURCEDATE":1397088000000,"VAL_METHOD":"IMAGERY","VAL_DATE":1493078400000,"OWNER":"GEORGIA POWER CO","VOLTAGE":230,"VOLT_CLASS":"220-287","INFERRED":"Y","SUB_1":"UNKNOWN111516","SUB_2":"UNKNOWN111517","SHAPE__Len":6565.75903992377,"GlobalID":"33cf1818-8f62-4f81-b7f4-c5293ae4e380","Shape__Length":6565.759227516506}},{"type":"Feature","id":6353,"geometry":{"type":"LineString","coordinates":[[-84.5337477591895,33.9581645217469],[-84.5342848897456,33.9580395059194],[-84.5351132011162,33.9590296468344],[-84.5357502701461,33.9605389076248],[-84.5361308450095,33.960830283721],[-84.5354743831493,33.9616517025419]]},"properties":{"OBJECTID_1":6353,"OBJECTID":6322,"ID":"148924","TYPE":"AC; OVERHEAD","STATUS":"IN SERVICE","NAICS_CODE":"221121","NAICS_DESC":"ELECTRIC BULK POWER TRANSMISSION AND CONTROL","SOURCE":"IMAGERY, EIA 861, EIA 860","SOURCEDATE":1408060800000,"VAL_METHOD":"IMAGERY","VAL_DATE":1514937600000,"OWNER":"GEORGIA POWER CO","VOLTAGE":115,"VOLT_CLASS":"100-161","INFERRED":"Y","SUB_1":"UNKNOWN116279","SUB_2":"UNKNOWN116280","SHAPE__Len":628.385456105849,"GlobalID":"640da450-bbeb-4311-a5a7-f928f527a77b","Shape__Length":628.3853599289766}},{"type":"Feature","id":6475,"geometry":{"type":"LineString","coordinates":[[-84.10189242229,33.7198107975007],[-84.10147410471,33.719751489693],[-84.1009512097561,33.7202219991669],[-84.0954750690044,33.7220763295626],[-84.09474299954,33.7223339994874],[-84.0933059996143,33.7225369996333],[-84.0934215157733,33.7245671607273],[-84.093502327318,33.7265202368959],[-84.0969534372472,33.7264925618383],[-84.0981370817201,33.7287855918728],[-84.0981608502442,33.7332805440986],[-84.1021015797326,33.7371546304694],[-84.1032709643486,33.7383010118113],[-84.1033089927296,33.7416135686452],[-84.1038128739421,33.7433132796943],[-84.1082812531671,33.7432895630728],[-84.112440647867,33.7474280224629],[-84.1130681219913,33.7502698861641],[-84.11633859509,33.751190803845],[-84.1207546851789,33.7555304447117],[-84.1214392023237,33.7557280560577],[-84.1214962462426,33.7563406449748]]},"properties":{"OBJECTID_1":6475,"OBJECTID":6497,"ID":"149145","TYPE":"AC; OVERHEAD","STATUS":"IN SERVICE","NAICS_CODE":"221121","NAICS_DESC":"ELECTRIC BULK POWER TRANSMISSION AND CONTROL","SOURCE":"IMAGERY, EIA 861, EIA 860","SOURCEDATE":1408406400000,"VAL_METHOD":"IMAGERY","VAL_DATE":1514937600000,"OWNER":"GEORGIA POWER CO","VOLTAGE":115,"VOLT_CLASS":"100-161","INFERRED":"Y","SUB_1":"UNKNOWN116599","SUB_2":"UNKNOWN116600","SHAPE__Len":7368.37292392111,"GlobalID":"52ce054b-431f-4501-a1b4-0f8e8a542986","Shape__Length":7368.373061801675}},{"type":"Feature","id":6618,"geometry":{"type":"LineString","coordinates":[[-84.5497879996476,33.9731629998875],[-84.5495719521268,33.9730864539462],[-84.5483990003007,33.9732219994407],[-84.5482711718325,33.9741774859799],[-84.5484560460162,33.9746564030037],[-84.5483643989926,33.974957576084],[-84.548112975816,33.9747196388457],[-84.5468564770752,33.9735306399577],[-84.54554877616,33.9722932394991],[-84.5443520351486,33.9711607007726],[-84.5431800085873,33.9700437770566],[-84.5416138686529,33.9685549336143],[-84.5401031242289,33.9671298859683],[-84.5384916238643,33.9656121220227],[-84.5371804958762,33.9642416939105],[-84.5366628812196,33.9629835528731],[-84.5362614798147,33.9621378077501],[-84.5360901585136,33.9621663610211],[-84.5354743831493,33.9616517025419]]},"properties":{"OBJECTID_1":6618,"OBJECTID":6699,"ID":"149421","TYPE":"AC; OVERHEAD","STATUS":"IN SERVICE","NAICS_CODE":"221121","NAICS_DESC":"ELECTRIC BULK POWER TRANSMISSION AND CONTROL","SOURCE":"IMAGERY, OpenStreetMap, EIA 861, EIA 860","SOURCEDATE":1408320000000,"VAL_METHOD":"IMAGERY","VAL_DATE":1514937600000,"OWNER":"GEORGIA POWER CO","VOLTAGE":115,"VOLT_CLASS":"100-161","INFERRED":"Y","SUB_1":"UNKNOWN116279","SUB_2":"UNKNOWN116558","SHAPE__Len":2715.99865573423,"GlobalID":"176193b7-f0a1-4447-ac27-8d53e7e1154b","Shape__Length":2715.998759691227}},{"type":"Feature","id":6655,"geometry":{"type":"LineString","coordinates":[[-84.3807970002642,33.8764619999702],[-84.3807346625734,33.8762893957682],[-84.3802002916418,33.8760566996115],[-84.3805064895929,33.8754250770032],[-84.3807654137022,33.8746290224572],[-84.3808915308799,33.8733885668463],[-84.3808915308799,33.8710204697927],[-84.3809200532885,33.8683918056996],[-84.3809343140436,33.8671484906636],[-84.3808630102679,33.8660827780755],[-84.3806348372874,33.8650762579523],[-84.3804779680826,33.8643776089211],[-84.3801784922248,33.863382911125],[-84.3801214492043,33.8624237279415],[-84.3803638820416,33.8604698015045],[-84.3805635326135,33.8591790020533],[-84.3807204018183,33.8586816239505],[-84.3811054431052,33.8581368740689],[-84.3818612640257,33.8571539461208],[-84.3823945659621,33.8563813289188],[-84.3824943912481,33.8559313068919],[-84.3829137706368,33.8560413571721],[-84.3834309999161,33.8559420000246]]},"properties":{"OBJECTID_1":6655,"OBJECTID":6753,"ID":"149491","TYPE":"AC; OVERHEAD","STATUS":"IN SERVICE","NAICS_CODE":"221121","NAICS_DESC":"ELECTRIC BULK POWER TRANSMISSION AND CONTROL","SOURCE":"IMAGERY, EIA 861, EIA 860","SOURCEDATE":1401840000000,"VAL_METHOD":"IMAGERY","VAL_DATE":1512950400000,"OWNER":"GEORGIA POWER CO","VOLTAGE":230,"VOLT_CLASS":"220-287","INFERRED":"Y","SUB_1":"UNKNOWN111530","SUB_2":"UNKNOWN111531","SHAPE__Len":2975.09632591203,"GlobalID":"1d7add3b-e3da-4900-9c3a-3f743da7a3f3","Shape__Length":2975.0963351145847}},{"type":"Feature","id":6685,"geometry":{"type":"LineString","coordinates":[[-84.5074369525272,33.9637909274884],[-84.4956417557414,33.9642461478221],[-84.4946969795908,33.9642707888719],[-84.4947148057593,33.9646354760206],[-84.4940674079004,33.9646493614611],[-84.4939832267751,33.9643829546196]]},"properties":{"OBJECTID_1":6685,"OBJECTID":6801,"ID":"149568","TYPE":"AC; OVERHEAD","STATUS":"IN SERVICE","NAICS_CODE":"221121","NAICS_DESC":"ELECTRIC BULK POWER TRANSMISSION AND CONTROL","SOURCE":"IMAGERY, EIA 861, EIA 860","SOURCEDATE":1408320000000,"VAL_METHOD":"IMAGERY","VAL_DATE":1514937600000,"OWNER":"GEORGIA POWER CO","VOLTAGE":115,"VOLT_CLASS":"100-161","INFERRED":"Y","SUB_1":"UNKNOWN116278","SUB_2":"TAP155363","SHAPE__Len":1577.72505439192,"GlobalID":"b1840b65-1275-4aae-ae5b-b45571c8a038","Shape__Length":1577.7250356443017}},{"type":"Feature","id":6691,"geometry":{"type":"LineString","coordinates":[[-84.4068620000169,33.6529939999894],[-84.4071090430083,33.6536607337778],[-84.4066719659102,33.65375358757],[-84.4064510001132,33.6561279997356],[-84.4060219997678,33.6568309996972],[-84.4031512410379,33.6550318484413],[-84.4009983880354,33.6537366231561],[-84.3995599256524,33.6531904400749],[-84.3978973030633,33.6527104886193],[-84.3955707185797,33.6517523858022]]},"properties":{"OBJECTID_1":6691,"OBJECTID":6807,"ID":"149580","TYPE":"AC; OVERHEAD","STATUS":"IN SERVICE","NAICS_CODE":"221121","NAICS_DESC":"ELECTRIC BULK POWER TRANSMISSION AND CONTROL","SOURCE":"IMAGERY, EIA 861, EIA 860","SOURCEDATE":1401926400000,"VAL_METHOD":"IMAGERY","VAL_DATE":1514937600000,"OWNER":"GEORGIA POWER CO","VOLTAGE":115,"VOLT_CLASS":"100-161","INFERRED":"Y","SUB_1":"UNKNOWN111563","SUB_2":"TAP142589","SHAPE__Len":1924.04213955324,"GlobalID":"d85db20b-48fe-44bc-ba2e-30ee36e4345c","Shape__Length":1924.042147347407}},{"type":"Feature","id":6770,"geometry":{"type":"LineString","coordinates":[[-84.27597699959,34.0578839998734],[-84.2762530994876,34.0592803998599],[-84.2779484998048,34.0597819001599],[-84.2810709000019,34.060427199974],[-84.282778799478,34.0608110997339],[-84.284724999541,34.0608164996748],[-84.2855436001234,34.0617359997915],[-84.2861481995473,34.0623556994789],[-84.2873838995943,34.0616081000358],[-84.2888468994592,34.0608146994465],[-84.2907003996732,34.0607963994799],[-84.2943765995649,34.0608164996748],[-84.2982426000014,34.0609005998384],[-84.3021284002051,34.0609774000406],[-84.3041595997587,34.06101009953],[-84.3058619000355,34.0610282000044],[-84.3070149999921,34.0610295001246],[-84.3084129995598,34.0610204000266],[-84.3101590001803,34.0610153000121],[-84.3118989003417,34.0610049995149],[-84.3118687995932,34.0621545000349],[-84.3118533000612,34.0630273000027],[-84.3118318994962,34.0638404995447],[-84.3109199998884,34.0640179997005]]},"properties":{"OBJECTID_1":6770,"OBJECTID":6918,"ID":"149727","TYPE":"AC; OVERHEAD","STATUS":"IN SERVICE","NAICS_CODE":"221121","NAICS_DESC":"ELECTRIC BULK POWER TRANSMISSION AND CONTROL","SOURCE":"IMAGERY, OpenStreetMap, EIA 861, EIA 860","SOURCEDATE":1397088000000,"VAL_METHOD":"IMAGERY","VAL_DATE":1514851200000,"OWNER":"GEORGIA POWER CO","VOLTAGE":230,"VOLT_CLASS":"220-287","INFERRED":"Y","SUB_1":"UNKNOWN111517","SUB_2":"UNKNOWN111525","SHAPE__Len":4839.86996147573,"GlobalID":"52f5b5d2-eb2b-4085-a16e-0e8cef5fd421","Shape__Length":4839.869999519285}},{"type":"Feature","id":6898,"geometry":{"type":"LineString","coordinates":[[-84.4985071317661,33.7490536296604],[-84.4984888178124,33.748706892801],[-84.4987687517196,33.7476988236904],[-84.4996564965277,33.7449291968135],[-84.5018351751964,33.7416282709976],[-84.5032672748123,33.7394585710877],[-84.5054728229894,33.7361166985113],[-84.5073863396475,33.7331867960454],[-84.5067283587361,33.7297157345475],[-84.5062837411795,33.7274091415212],[-84.5055268386874,33.7235431341784],[-84.5049870257618,33.7207494080583],[-84.5035459968921,33.7180382239199],[-84.5018922721159,33.7149115774542],[-84.5004832699826,33.7122797717234],[-84.4994954411737,33.710413396768],[-84.4987937769868,33.7090327689582],[-84.4970006696111,33.705711670487],[-84.4953207005538,33.7025098289962],[-84.4935542821252,33.6992079934832],[-84.4919424736385,33.6961524670216],[-84.4911077051776,33.6945483029984],[-84.4906940830915,33.6936778585736],[-84.4903436305362,33.6932343714928],[-84.4891268355344,33.6917073490142],[-84.4868556330864,33.6888570446403],[-84.4845525988363,33.6859681019842],[-84.4819762099402,33.6827536408631],[-84.4804240504867,33.6809011308719],[-84.4785362732565,33.6786456570766],[-84.4758476506454,33.6754248989841],[-84.4708026275681,33.6756626829907],[-84.4667910290887,33.6758565475335],[-84.4646297256342,33.6752211804619],[-84.4634153614736,33.6760333940593]]},"properties":{"OBJECTID_1":6898,"OBJECTID":5610,"ID":"147987","TYPE":"AC; OVERHEAD","STATUS":"IN SERVICE","NAICS_CODE":"221121","NAICS_DESC":"ELECTRIC BULK POWER TRANSMISSION AND CONTROL","SOURCE":"IMAGERY, OpenStreetMap, EIA 861","SOURCEDATE":1408060800000,"VAL_METHOD":"IMAGERY","VAL_DATE":1513641600000,"OWNER":"GEORGIA POWER CO","VOLTAGE":230,"VOLT_CLASS":"220-287","INFERRED":"Y","SUB_1":"UNKNOWN111348","SUB_2":"UNKNOWN111352","SHAPE__Len":12390.6889673386,"GlobalID":"cfc9b73a-98c3-4a6f-b33e-bfac16d01ca7","Shape__Length":12390.689003673455}},{"type":"Feature","id":6983,"geometry":{"type":"LineString","coordinates":[[-84.3952094745629,33.9662122826716],[-84.3940793067989,33.9665247236996],[-84.3903715041755,33.9667169189965],[-84.3860932686517,33.9670569539317],[-84.380656344752,33.9675349730764],[-84.3802184510853,33.9676206207204],[-84.3770373289163,33.9683975025999],[-84.3602096037206,33.9682792307876],[-84.3568583199755,33.9682595199204],[-84.3498026445102,33.9654798291624],[-84.3473627258755,33.9645935939364],[-84.3448539819169,33.9636823506368],[-84.3439343325431,33.9635341791088],[-84.3438260002114,33.9636419999179]]},"properties":{"OBJECTID_1":6983,"OBJECTID":5746,"ID":"148165","TYPE":"AC; OVERHEAD","STATUS":"IN SERVICE","NAICS_CODE":"221121","NAICS_DESC":"ELECTRIC BULK POWER TRANSMISSION AND CONTROL","SOURCE":"IMAGERY, EIA 861, EIA 860","SOURCEDATE":1401840000000,"VAL_METHOD":"IMAGERY","VAL_DATE":1512950400000,"OWNER":"GEORGIA POWER CO","VOLTAGE":230,"VOLT_CLASS":"220-287","INFERRED":"Y","SUB_1":"UNKNOWN111540","SUB_2":"UNKNOWN116276","SHAPE__Len":5892.93053511832,"GlobalID":"79f387ba-52cb-44eb-a92b-ca0121d12524","Shape__Length":5892.930460800172}},{"type":"Feature","id":7082,"geometry":{"type":"LineString","coordinates":[[-84.2242599717904,33.6031060394898],[-84.2250383736622,33.6029724155464],[-84.2269219845061,33.6027695049397],[-84.2297503741956,33.6028189947369],[-84.2297741418214,33.5994733718705],[-84.236054829013,33.5995921541209],[-84.2533436495626,33.600215386571],[-84.2726753324931,33.600799758768],[-84.2839413515079,33.6011758950919],[-84.2874114760769,33.6010571157712],[-84.2882671231816,33.6023537827878],[-84.2938347708198,33.6036009417343],[-84.295617368805,33.6040809940477],[-84.2985051766607,33.6064119304987],[-84.3010531042336,33.6084775536692],[-84.3019943158692,33.6085488158962]]},"properties":{"OBJECTID_1":7082,"OBJECTID":5890,"ID":"148360","TYPE":"AC; OVERHEAD","STATUS":"IN SERVICE","NAICS_CODE":"221121","NAICS_DESC":"ELECTRIC BULK POWER TRANSMISSION AND CONTROL","SOURCE":"IMAGERY, EIA 861, EIA 860","SOURCEDATE":1406851200000,"VAL_METHOD":"IMAGERY","VAL_DATE":1514937600000,"OWNER":"GEORGIA POWER CO","VOLTAGE":115,"VOLT_CLASS":"100-161","INFERRED":"Y","SUB_1":"UNKNOWN116016","SUB_2":"UNKNOWN116017","SHAPE__Len":9479.68394115872,"GlobalID":"af08001d-50a4-461a-961d-eb53515f841b","Shape__Length":9479.683929660192}},{"type":"Feature","id":7118,"geometry":{"type":"LineString","coordinates":[[-84.350393000247,33.71060699985],[-84.3510805806469,33.7109736206383],[-84.3530837698316,33.7121535999183],[-84.355573987834,33.7136180850203],[-84.3569680455942,33.7144292341134],[-84.3581594326465,33.7151229334418],[-84.3600252855939,33.7162302278453],[-84.3618662408349,33.7173166130904],[-84.3627837459301,33.7178474724763],[-84.3637337924965,33.7184058680221],[-84.3649652767499,33.7192806167478],[-84.3666864605123,33.7205040326864],[-84.3681254142738,33.7215308271439],[-84.3697052804657,33.7226603169723],[-84.3708951385853,33.7235004037843],[-84.3724186786122,33.7245130548323],[-84.372299839585,33.7261389759939],[-84.3727259994575,33.7267550001013]]},"properties":{"OBJECTID_1":7118,"OBJECTID":5945,"ID":"148444","TYPE":"AC; OVERHEAD","STATUS":"IN SERVICE","NAICS_CODE":"221121","NAICS_DESC":"ELECTRIC BULK POWER TRANSMISSION AND CONTROL","SOURCE":"IMAGERY, OpenStreetMap, http://www.psc.state.fl.us/publications/pdf/electricgas/transmissionreport2007.pdf, EIA 861","SOURCEDATE":1401840000000,"VAL_METHOD":"IMAGERY","VAL_DATE":1444262400000,"OWNER":"GEORGIA POWER CO","VOLTAGE":230,"VOLT_CLASS":"220-287","INFERRED":"Y","SUB_1":"UNKNOWN111359","SUB_2":"UNKNOWN111360","SHAPE__Len":3394.52484806249,"GlobalID":"28ff74f4-b03e-4937-94e1-858887d2507d","Shape__Length":3394.5248140793756}},{"type":"Feature","id":7317,"geometry":{"type":"LineString","coordinates":[[-84.6530766485451,34.0531163555227],[-84.6583174872863,34.0524911260354],[-84.6645803465128,34.0517329660284],[-84.6704985724704,34.0458693116693],[-84.6712591481737,34.0458574946103]]},"properties":{"OBJECTID_1":7317,"OBJECTID":5240,"ID":"147492","TYPE":"AC; OVERHEAD","STATUS":"IN SERVICE","NAICS_CODE":"221121","NAICS_DESC":"ELECTRIC BULK POWER TRANSMISSION AND CONTROL","SOURCE":"IMAGERY, EIA 861, EIA 860","SOURCEDATE":1408320000000,"VAL_METHOD":"IMAGERY","VAL_DATE":1514851200000,"OWNER":"GEORGIA POWER CO","VOLTAGE":115,"VOLT_CLASS":"100-161","INFERRED":"Y","SUB_1":"TAP155358","SUB_2":"TAP155359","SHAPE__Len":2405.65432129782,"GlobalID":"16575f64-a728-4e99-b3d3-32c5434d9692","Shape__Length":2405.654420481128}},{"type":"Feature","id":7348,"geometry":{"type":"LineString","coordinates":[[-84.3529820032863,33.8095171301591],[-84.3530671761516,33.8093712687007],[-84.3526946331252,33.809133590848],[-84.3533592022808,33.8083378134517],[-84.3544228156621,33.8070985635522],[-84.3573107645532,33.8036422208486],[-84.358944751546,33.8016820870901],[-84.3598601581767,33.8006003439458],[-84.3617091569328,33.7982190161218],[-84.3623455297682,33.7972651430283],[-84.3631893712135,33.7960009258922],[-84.363932683992,33.7950716986291],[-84.3650508897897,33.7932081201641],[-84.3657827670146,33.7915610066882],[-84.3661402497853,33.7915282095702],[-84.3663609999866,33.7911629998848]]},"properties":{"OBJECTID_1":7348,"OBJECTID":5278,"ID":"147544","TYPE":"AC; OVERHEAD","STATUS":"IN SERVICE","NAICS_CODE":"221121","NAICS_DESC":"ELECTRIC BULK POWER TRANSMISSION AND CONTROL","SOURCE":"IMAGERY, EIA 861, EIA 860","SOURCEDATE":1408406400000,"VAL_METHOD":"IMAGERY","VAL_DATE":1514937600000,"OWNER":"GEORGIA POWER CO","VOLTAGE":230,"VOLT_CLASS":"220-287","INFERRED":"Y","SUB_1":"BOULEVARD","SUB_2":"UNKNOWN116569","SHAPE__Len":2945.77414354832,"GlobalID":"0d27d593-890b-4846-8cac-8ec6e2bc4644","Shape__Length":2945.7741410036833}},{"type":"Feature","id":7374,"geometry":{"type":"LineString","coordinates":[[-84.6239998994787,33.8548337997159],[-84.6214926000111,33.854770399503],[-84.617556999903,33.8548167996963],[-84.6157669000868,33.8548228998003],[-84.6143787002406,33.8548294997288],[-84.6118927995414,33.8548214995441],[-84.6088098003509,33.8548214995441],[-84.6084415000676,33.8556961001548],[-84.6084004003467,33.8574106996047],[-84.6083382647768,33.8577048349936]]},"properties":{"OBJECTID_1":7374,"OBJECTID":5317,"ID":"147589","TYPE":"AC; OVERHEAD","STATUS":"IN SERVICE","NAICS_CODE":"221121","NAICS_DESC":"ELECTRIC BULK POWER TRANSMISSION AND CONTROL","SOURCE":"IMAGERY, OpenStreetMap, EIA 861","SOURCEDATE":1397088000000,"VAL_METHOD":"IMAGERY","VAL_DATE":1553644800000,"OWNER":"GEORGIA POWER CO","VOLTAGE":115,"VOLT_CLASS":"100-161","INFERRED":"Y","SUB_1":"UNKNOWN116554","SUB_2":"TAP142620","SHAPE__Len":2085.25235103439,"GlobalID":"3137c850-a6a4-41e0-b383-1956b6a5e318","Shape__Length":2085.2523309539006}},{"type":"Feature","id":7385,"geometry":{"type":"LineString","coordinates":[[-84.4544633936475,33.8213338825212],[-84.455371309227,33.8218833537781],[-84.4564408676588,33.8225231136318],[-84.4567809994698,33.8228320000787],[-84.4572317111973,33.8239296578552],[-84.4582838512957,33.8260457411754],[-84.4594247135032,33.8286085778824],[-84.4599523632398,33.8297695295724],[-84.4597479578851,33.8299037875183]]},"properties":{"OBJECTID_1":7385,"OBJECTID":5329,"ID":"147605","TYPE":"AC; OVERHEAD","STATUS":"IN SERVICE","NAICS_CODE":"221121","NAICS_DESC":"ELECTRIC BULK POWER TRANSMISSION AND CONTROL","SOURCE":"IMAGERY, EIA 861, EIA 860","SOURCEDATE":1401840000000,"VAL_METHOD":"IMAGERY","VAL_DATE":1514937600000,"OWNER":"GEORGIA POWER CO","VOLTAGE":115,"VOLT_CLASS":"100-161","INFERRED":"Y","SUB_1":"UNKNOWN116535","SUB_2":"TAP142586","SHAPE__Len":1351.51174290722,"GlobalID":"c803aa83-0b52-4742-a913-c8a4e97f9bb6","Shape__Length":1351.5117733066588}},{"type":"Feature","id":7403,"geometry":{"type":"LineString","coordinates":[[-84.5852820714569,34.0500305297428],[-84.5852600259016,34.049771728675],[-84.5848110003119,34.0489565996246],[-84.5859012002322,34.0492859000334],[-84.5875338999392,34.0490974001824],[-84.5891859996631,34.0485950000643],[-84.5906579997489,34.0497018998641],[-84.5920865995284,34.0504363000566],[-84.5936745999651,34.0509048999695],[-84.5956571997635,34.0508404994628],[-84.5960785994633,34.0505998995825],[-84.59622209994,34.0500882999168],[-84.5979113997981,34.0489625994882],[-84.5990541996717,34.048471299984],[-84.5995900995359,34.0479911995911],[-84.5998798996398,34.047465599888],[-84.6012625002868,34.0475787000903],[-84.6030965995856,34.0481170998227],[-84.6045036999854,34.0481134995709],[-84.6051497000657,34.04794350008],[-84.6065575999661,34.0481310996424],[-84.6088515001464,34.0484076999976],[-84.6105958999691,34.0482395998414],[-84.6120122000157,34.0492003994718],[-84.6122857001888,34.0499566997946],[-84.6139286002658,34.0507700999162],[-84.6149748995183,34.051337099446],[-84.6160847994929,34.0525499997828],[-84.6169938002373,34.0537745000052],[-84.6175686995612,34.0545392001619],[-84.6181335997378,34.0554290995705],[-84.6199203003288,34.0563136995576],[-84.6214506998913,34.0575818995635],[-84.6233655002419,34.0587527997209],[-84.6234100997991,34.0599412999276],[-84.6231780002825,34.061219599521],[-84.6225796001324,34.062103199905],[-84.6226732000934,34.0638098000075],[-84.6232065002332,34.0642364997318],[-84.624425799738,34.0650458998633],[-84.6265591997231,34.0647439999619],[-84.6280052995827,34.0645916996829],[-84.6297592997008,34.0643552995015],[-84.6307820999237,34.0641003999689],[-84.6320237998184,34.0636329996877],[-84.6333627998349,34.0624567001397],[-84.6350157996706,34.0620788000716],[-84.6365816000418,34.061530900027],[-84.6382151998607,34.0618738998366],[-84.6396941996192,34.0622053000373],[-84.6412419995487,34.0625659998667],[-84.6431085001814,34.0629956997078],[-84.6442535997421,34.0632714999391],[-84.6442654000116,34.0626869995628],[-84.6464006002206,34.0624467994473],[-84.6483087997505,34.0625261999313],[-84.6483208093275,34.0618049918891],[-84.6491145274749,34.0616101659254]]},"properties":{"OBJECTID_1":7403,"OBJECTID":5359,"ID":"147644","TYPE":"AC; OVERHEAD","STATUS":"IN SERVICE","NAICS_CODE":"221121","NAICS_DESC":"ELECTRIC BULK POWER TRANSMISSION AND CONTROL","SOURCE":"IMAGERY, OpenStreetMap, EIA 861, EIA 860","SOURCEDATE":1397088000000,"VAL_METHOD":"IMAGERY","VAL_DATE":1514851200000,"OWNER":"GEORGIA POWER CO","VOLTAGE":230,"VOLT_CLASS":"220-287","INFERRED":"Y","SUB_1":"UNKNOWN115907","SUB_2":"UNKNOWN115918","SHAPE__Len":9458.06179003344,"GlobalID":"ed66d86c-7c0e-4465-93ac-a1653a65b294","Shape__Length":9458.061561679664}},{"type":"Feature","id":7473,"geometry":{"type":"LineString","coordinates":[[-84.3663609999866,33.7911629998848],[-84.3661259728605,33.7913902011366],[-84.3658032288401,33.7913425466329],[-84.3649845357312,33.79318504146],[-84.3638821411809,33.7950226665883],[-84.3631263669728,33.7959721937899],[-84.3622826818343,33.7972361806787],[-84.3616474687239,33.7981883139992],[-84.3598005477711,33.8005669657962],[-84.3588858202667,33.8016479091447],[-84.3572517111031,33.8036081907376],[-84.354364041588,33.8070641996712],[-84.3533004219185,33.8083034560397],[-84.3497169605035,33.8125943235916],[-84.348223395461,33.8144957241537],[-84.3470471297499,33.8159122939796],[-84.3460475698416,33.8170557880718],[-84.3452346960191,33.8180214161547],[-84.3394163770942,33.8249461911602],[-84.3370276723121,33.8277361506537],[-84.3328277483215,33.8327591128327],[-84.3313886445414,33.8343924354566],[-84.3304495726928,33.8354532881503],[-84.3280533445202,33.8376897026397],[-84.3249527859609,33.8402887254997],[-84.3215587010858,33.8430781715874],[-84.3192413288255,33.84502656744],[-84.3173804022391,33.8465543771197],[-84.3156971327715,33.8479464521281],[-84.3135224327412,33.8498769145598],[-84.3122226226274,33.850939620679],[-84.3121518003487,33.849862219597],[-84.3120804956747,33.8486304784877],[-84.3118635606184,33.8458168890156],[-84.3117763979847,33.844230286168],[-84.3103962066193,33.8431552275669],[-84.3101476131357,33.8418188798952],[-84.3107856541427,33.840264764134],[-84.3097252522386,33.8379939215655],[-84.3089761947339,33.8365006795007],[-84.3082204717298,33.8349787296531],[-84.3076798098962,33.8338829225033],[-84.3055374510128,33.8319069307877],[-84.3030203536204,33.8295731598956],[-84.2999272600611,33.826733221872],[-84.2998845936783,33.8200931439241],[-84.2986118048882,33.8164633860466],[-84.2977082892569,33.8139335545566],[-84.2974882630978,33.8124651795156],[-84.2973919556145,33.8117107290456],[-84.2970710208011,33.8091856317777],[-84.296920042748,33.8081096338491],[-84.290728113598,33.8050393255279],[-84.2848956830383,33.8021658155985],[-84.279336298104,33.7993715351421],[-84.2785343037779,33.7984186236938],[-84.2748605508971,33.7940563937161],[-84.272484089254,33.7933062646834],[-84.2723548369559,33.7921586099212],[-84.2726306952066,33.7906047607207],[-84.2715656085883,33.7909536678105]]},"properties":{"OBJECTID_1":7473,"OBJECTID":5470,"ID":"147781","TYPE":"AC; OVERHEAD","STATUS":"IN SERVICE","NAICS_CODE":"221121","NAICS_DESC":"ELECTRIC BULK POWER TRANSMISSION AND CONTROL","SOURCE":"IMAGERY, EIA 861","SOURCEDATE":1408320000000,"VAL_METHOD":"IMAGERY","VAL_DATE":1514937600000,"OWNER":"GEORGIA POWER CO","VOLTAGE":230,"VOLT_CLASS":"220-287","INFERRED":"Y","SUB_1":"BOULEVARD","SUB_2":"UNKNOWN116571","SHAPE__Len":20277.5033315473,"GlobalID":"0424a332-7d62-4270-aad9-9a2ae4a5f875","Shape__Length":20277.503407223918}},{"type":"Feature","id":7508,"geometry":{"type":"LineString","coordinates":[[-84.3019943158692,33.6085488158962],[-84.3019657934606,33.6081727117348],[-84.3031446858456,33.6070048010066],[-84.311938835846,33.6071987940133],[-84.3162313312266,33.6072819336327],[-84.3171915575017,33.6073571546254],[-84.3178095247554,33.6084260867596],[-84.3189408800922,33.6090318100584],[-84.3203907268248,33.6083548259274],[-84.3219451518295,33.607634286867],[-84.3226629452674,33.6074996801246],[-84.324255398653,33.6077134675575],[-84.325239392554,33.6077609756377],[-84.3301023199366,33.6077926481754],[-84.3325646820804,33.6078282784571],[-84.3328594049521,33.607103776459],[-84.3327976080471,33.6062288238669],[-84.3331541278238,33.605777486531]]},"properties":{"OBJECTID_1":7508,"OBJECTID":7034,"ID":"149868","TYPE":"AC; OVERHEAD","STATUS":"IN SERVICE","NAICS_CODE":"221121","NAICS_DESC":"ELECTRIC BULK POWER TRANSMISSION AND CONTROL","SOURCE":"IMAGERY, EIA 861, EIA 860","SOURCEDATE":1406851200000,"VAL_METHOD":"IMAGERY","VAL_DATE":1514937600000,"OWNER":"GEORGIA POWER CO","VOLTAGE":115,"VOLT_CLASS":"100-161","INFERRED":"Y","SUB_1":"UNKNOWN116017","SUB_2":"UNKNOWN116018","SHAPE__Len":3988.59846155683,"GlobalID":"b8f4635e-ff2b-41a7-acd5-446edd01b3a4","Shape__Length":3988.598486561151}},{"type":"Feature","id":7627,"geometry":{"type":"LineString","coordinates":[[-84.3672669500523,33.4820237916718],[-84.3665041582052,33.4799529401268],[-84.3646881994853,33.4777476998952],[-84.3632416998755,33.4759349000432],[-84.3633540997788,33.4720618999236],[-84.3634538999119,33.468782199781],[-84.3634688999805,33.464286900132],[-84.3634375002681,33.461198499493],[-84.3635477001972,33.4574184994619],[-84.3636325002617,33.4533139000959],[-84.3636877996523,33.4497827997814],[-84.3638291001549,33.4454715997312],[-84.3661093001288,33.4427195996602],[-84.3677209002064,33.4407543998591],[-84.3692427001966,33.4389640998171],[-84.3722055003105,33.4354408001677],[-84.3749785995926,33.4320843000147],[-84.3763838000555,33.4303106997199],[-84.3794731997424,33.4265367998092],[-84.3823944994868,33.4230210000421],[-84.3854353003168,33.4193503996904],[-84.3882527997301,33.4160146996382],[-84.390977099831,33.4127454001143],[-84.391041899804,33.4110626996065],[-84.39114669996,33.4080180999436],[-84.3912565001389,33.4048108998718],[-84.3913911998208,33.4014577001607],[-84.3915308995256,33.397771200164],[-84.3917054996775,33.3934888999089],[-84.3918052998106,33.3905268996944],[-84.391959999584,33.3863857996046],[-84.3920397996256,33.3842110998924],[-84.3921945002973,33.3800571995665],[-84.392126499627,33.3761881996086],[-84.3920387000877,33.3724907996035],[-84.3921380995722,33.3678145995992],[-84.3923460002717,33.3635855995962],[-84.3924957000222,33.3611067996039],[-84.3925651999808,33.3577257001368],[-84.3926080002125,33.354447199727],[-84.3926615002776,33.3514455000546],[-84.3927148997313,33.3474922999428],[-84.3928058999679,33.3444679997391],[-84.3929555997184,33.3415866000856],[-84.3935277996049,33.3386068995484],[-84.3939345001717,33.3363729996918],[-84.3969988000313,33.3363767995],[-84.3999670996313,33.3364083995177],[-84.4029618995322,33.336421099562],[-84.4053063003029,33.3366579998537],[-84.4080858997943,33.3369069998243],[-84.4112752002256,33.3371986994372],[-84.4168597999716,33.3350181995371],[-84.4170209002413,33.3317662997316],[-84.4196736998355,33.3290245000476],[-84.4228656997043,33.3256526998087],[-84.425880700021,33.3224915996078],[-84.4277749002055,33.3223156995009],[-84.4317999994654,33.3219199999017],[-84.4353358995777,33.3215770995301],[-84.4392436995227,33.3211861000634],[-84.4437165999685,33.3207618995535],[-84.4469795999824,33.3204532997414],[-84.4505700996977,33.3201000999986],[-84.454531799458,33.3197151996831],[-84.4586757997289,33.3193174997993],[-84.4623271998306,33.3189642999578],[-84.4666258998748,33.318941999489],[-84.4715298003159,33.3188934996278],[-84.474508300286,33.3188666997084],[-84.4773858996868,33.3193610000836],[-84.4825168996215,33.3202510997089],[-84.4865730994549,33.3209608999323],[-84.490804600126,33.3216868997664],[-84.4949543999203,33.320899000045],[-84.4989309003233,33.3201302001258],[-84.5038682998396,33.3191816999544],[-84.507078499576,33.3185636000183],[-84.5112111999389,33.3184286997906],[-84.5138813001872,33.3183179999113],[-84.5172107000735,33.3181901998148],[-84.5225698999383,33.3180003001605],[-84.5274186995164,33.3177337000932],[-84.5325704999416,33.3174437999698],[-84.5363267001993,33.3172306001423],[-84.5408089997179,33.3169728001058],[-84.5460478001818,33.3166758996601],[-84.5494482002133,33.3164850996482],[-84.5519632997525,33.3163625996514],[-84.5559332002331,33.3161622998576],[-84.5592150999022,33.3161046994595],[-84.5642973994705,33.316006999921],[-84.5678675002423,33.315917099854],[-84.5723691000648,33.3158460996194],[-84.5778813998034,33.3157419994681],[-84.5822542000788,33.3156497997834],[-84.5861226996285,33.3155800995165],[-84.5908926998882,33.3154778997827],[-84.5946702998126,33.3153998997951],[-84.5966242002342,33.3146269998843],[-84.6009684996606,33.312900500171],[-84.6048401999076,33.3113579996452],[-84.6073187002855,33.3103507998513],[-84.611690899588,33.3104176995761],[-84.6161844002,33.3104804995225],[-84.6211048997109,33.3105566999131],[-84.6248958000913,33.3106086997986],[-84.6291228002029,33.310686800166],[-84.6329221995442,33.3107459994366],[-84.6378427996664,33.3108216996121],[-84.6427571996165,33.3108960994666],[-84.6474737995242,33.3109529998775],[-84.6521022998553,33.3110266000994],[-84.6550491000757,33.3104543996985],[-84.6592251998466,33.3096245997465],[-84.6644822998911,33.3086006000403],[-84.6695231997012,33.3076502994888],[-84.6731585001963,33.3069227998518],[-84.6772607997734,33.3060692000368],[-84.681371699821,33.305219299937],[-84.6845557001921,33.3046418998245],[-84.6890400002589,33.3038529000553],[-84.6926771000796,33.3031770997677],[-84.6964115000219,33.3027165001764],[-84.700344000044,33.3021814000792],[-84.7039184001528,33.3016183998079],[-84.7082482995852,33.3009031999384],[-84.7129618003051,33.3001335997548],[-84.7157939000367,33.2996385994697],[-84.7191280996217,33.2990970999677],[-84.7223850997878,33.2985554994961],[-84.7263328999157,33.2986558998036],[-84.7289204997866,33.2987311997707],[-84.7340110000751,33.2988199995736],[-84.7383018003347,33.2988610999261],[-84.7430607001125,33.2989329001081],[-84.7472102995826,33.2988790995318],[-84.751561499867,33.2988503998709],[-84.7552560999506,33.2989364995761],[-84.7602209995928,33.2990118000518],[-84.7631689999623,33.2982621996521],[-84.7653489003398,33.2976990997504],[-84.7698502998381,33.2967413994492],[-84.772682500181,33.2961495996929],[-84.7769221000627,33.2952636998492],[-84.7819256003126,33.2942163995245],[-84.786774600215,33.2932013000096],[-84.7922483002442,33.292053100085],[-84.7966328001779,33.2911184000435],[-84.8005963998751,33.2910550995745],[-84.8030124996801,33.2910130997256],[-84.8073367999133,33.2909387001796],[-84.8100615994775,33.2909058995118],[-84.8147698001373,33.290881199509],[-84.8183830999928,33.2908442996711],[-84.8233566001055,33.2908637997217],[-84.8281681995494,33.2908871000575],[-84.8310876999683,33.290881199509],[-84.8348853996971,33.2936452999849],[-84.8381138001995,33.2961757000438],[-84.8414914998037,33.298855299777],[-84.8451539994891,33.3017193994853],[-84.8483598998885,33.3042592999747],[-84.8515608002651,33.3068114997692],[-84.8546696996818,33.3092732997897],[-84.8581254997152,33.3120074997937],[-84.8620297001109,33.3151091000921],[-84.8668398002666,33.3189052000998],[-84.8696042999765,33.3211564994741],[-84.8718678999822,33.3229755996751],[-84.8738749995333,33.3245844997507],[-84.8766827001235,33.3267890994721],[-84.8798080000824,33.3293246001212],[-84.88367320012,33.3319227994757],[-84.8876383997167,33.3345631996968],[-84.890564500058,33.3365313996915],[-84.8948345995402,33.3394289000195],[-84.898528100086,33.3419496000055],[-84.9023347003227,33.3447575000237],[-84.9057311998692,33.347223000083],[-84.9081143997752,33.349012699531],[-84.9108799002083,33.3510238998718],[-84.9136757996306,33.3532552996332],[-84.917882999975,33.3561683997025],[-84.9208143994781,33.3583239997432],[-84.9236286999907,33.3603935997731],[-84.9306204001364,33.3633743996307],[-84.9340289002769,33.3648600001212],[-84.9386866003463,33.3668979000312],[-84.9412418994945,33.3680330998017],[-84.9470152002473,33.3705665001207],[-84.9507574999742,33.3722031995302],[-84.9541053000526,33.3736686996311],[-84.957033799794,33.374945199975],[-84.9611409996809,33.3767494997955],[-84.9657557998057,33.3787605999933],[-84.9694447997919,33.3802976994874],[-84.973294099649,33.381810999967],[-84.9768771999413,33.383210699821],[-84.9809840997909,33.3848457001195],[-84.9862791994702,33.3869041997548],[-84.9900491996472,33.3883933001831],[-84.9930413001108,33.389513399972],[-84.9973334002326,33.3912218996974],[-85.0029483001531,33.3934305998954],[-85.0068636001324,33.394984799538],[-85.0109711000566,33.3965798996394],[-85.0143173999485,33.397888699548],[-85.0157907996095,33.398952099584],[-85.0186918998364,33.4012053998794],[-85.0211571994712,33.403057199779],[-85.0246904998591,33.4058777997422],[-85.0286467998463,33.4090636998772],[-85.0301663405736,33.4103070470394],[-85.0306208961922,33.4112409796504]]},"properties":{"OBJECTID_1":7627,"OBJECTID":7204,"ID":"150102","TYPE":"AC; OVERHEAD","STATUS":"IN SERVICE","NAICS_CODE":"221121","NAICS_DESC":"ELECTRIC BULK POWER TRANSMISSION AND CONTROL","SOURCE":"IMAGERY, OpenStreetMap, http://www.psc.state.fl.us/publications/pdf/electricgas/transmissionreport2007.pdf, EIA 861","SOURCEDATE":1397088000000,"VAL_METHOD":"IMAGERY","VAL_DATE":1443744000000,"OWNER":"GEORGIA POWER CO","VOLTAGE":500,"VOLT_CLASS":"500","INFERRED":"Y","SUB_1":"UNKNOWN115708","SUB_2":"O'HARA","SHAPE__Len":98521.5921124407,"GlobalID":"b7bc89a4-0c44-4dab-a4a7-0562afc3be5e","Shape__Length":98521.59207027424}},{"type":"Feature","id":7682,"geometry":{"type":"LineString","coordinates":[[-84.5134509999795,34.0852630001125],[-84.5135681708353,34.084895578974],[-84.5140219997168,34.0848863996002],[-84.5142031000781,34.0847643996914],[-84.5132232995129,34.0841071000244],[-84.5134763998442,34.083000099764],[-84.5181213995322,34.083079399889],[-84.5188968001326,34.0821517999151],[-84.5208305001385,34.0824811997564],[-84.5223144999198,34.0825357998923],[-84.5224904996469,34.0832632998555],[-84.5322005090289,34.0834613608073],[-84.5352920988085,34.081519563918],[-84.5362378038171,34.07815727892],[-84.5368251358246,34.0758498844558],[-84.5370497236288,34.0749207067198],[-84.5383020002876,34.0738039995306],[-84.5384662958649,34.0719912086055],[-84.5373159258885,34.0709516848026],[-84.5364317572734,34.0708493064922],[-84.5357539999511,34.0700469997083],[-84.5350419997485,34.0687640001264],[-84.5358137900198,34.0672108694529],[-84.5358922237239,34.0667206140866],[-84.5365862486377,34.0578915828249],[-84.5358066591931,34.0564580580247],[-84.5374418957424,34.0572063295423],[-84.5388869885905,34.057363860173],[-84.5404841958607,34.0576946707166],[-84.5439828419398,34.057710423851],[-84.5458557583403,34.057418994485],[-84.5540984909782,34.057671042126],[-84.5541555339988,34.0568361327471],[-84.5545701999272,34.0568861998858]]},"properties":{"OBJECTID_1":7682,"OBJECTID":7280,"ID":"150205","TYPE":"AC; OVERHEAD","STATUS":"IN SERVICE","NAICS_CODE":"221121","NAICS_DESC":"ELECTRIC BULK POWER TRANSMISSION AND CONTROL","SOURCE":"IMAGERY, EIA 861, EIA 860","SOURCEDATE":1401408000000,"VAL_METHOD":"IMAGERY","VAL_DATE":1514851200000,"OWNER":"GEORGIA POWER CO","VOLTAGE":230,"VOLT_CLASS":"220-287","INFERRED":"Y","SUB_1":"UNKNOWN111158","SUB_2":"UNKNOWN115919","SHAPE__Len":8978.55130590036,"GlobalID":"1f144138-b9ef-4c75-8aad-65645ca8667f","Shape__Length":8978.551338988878}},{"type":"Feature","id":7750,"geometry":{"type":"LineString","coordinates":[[-84.5194288695804,33.4490542770553],[-84.5194764569343,33.4493239870721],[-84.5194502000768,33.449664499661],[-84.5184980002487,33.4496486996163],[-84.5184504021151,33.4512120318913],[-84.5184110064983,33.45253385549],[-84.5183776089327,33.4543318785049],[-84.518341208299,33.4557957145938],[-84.5183108066149,33.4572519256757],[-84.5182714100998,33.45879154098],[-84.5182471079764,33.4603667608467],[-84.5181985145094,33.4618277536625],[-84.5181955150347,33.4631976520176],[-84.5181651133505,33.4643347381495],[-84.5181560152133,33.4655219998155],[-84.5181469152795,33.4673047255188],[-84.5181256108342,33.4686546709436],[-84.5180983182193,33.469971029618],[-84.5181074145598,33.4714847129552],[-84.5181165135953,33.4730088446798],[-84.5181378153457,33.4742800014965],[-84.5181408148204,33.4755635481366],[-84.5181742105894,33.4768191900821],[-84.5181894154739,33.4780399549744],[-84.5181833275912,33.4799479148009],[-84.518495980836,33.4812085244513],[-84.5185111129569,33.4828652229476],[-84.5185445069293,33.4844244498275],[-84.5185870071237,33.4860219454357],[-84.5186144075365,33.4872851945367],[-84.5186447023212,33.4885760568871],[-84.5186902082785,33.489809108977],[-84.5187088680836,33.4911669086748],[-84.5166490958158,33.4918421056682],[-84.5154287910962,33.4922345395649],[-84.5137050246773,33.492791331148],[-84.5121872805806,33.4933027461237],[-84.5104994315017,33.4938444939879],[-84.5087662175009,33.4944165651811],[-84.5072393222664,33.4949126956677],[-84.5057157507984,33.4954088210639],[-84.5038976522915,33.4960187869981],[-84.502364602699,33.4965251360727],[-84.5008317911601,33.4970288070854],[-84.4990074565485,33.4976388177897],[-84.4973196074695,33.4981907668441],[-84.495649857647,33.4987375480615],[-84.4941357508288,33.4992153885036],[-84.493444748746,33.4998417544967],[-84.4925895696635,33.5006060537215],[-84.4906172232358,33.5011126935769],[-84.4885782999674,33.5016596997888],[-84.488546900255,33.5025686000643],[-84.4884668998891,33.5070205001127],[-84.4883926999449,33.5106190001577],[-84.4882656997233,33.5138714997997],[-84.488535899486,33.51754529954],[-84.4887329997408,33.520514400037],[-84.4890350995776,33.5250884994531],[-84.4890014998911,33.5290049996143],[-84.4889595997713,33.5326659996685],[-84.4889091997922,33.5374177996925],[-84.4888769996809,33.5402126996162],[-84.4889774996016,33.5429532995754],[-84.4924319997728,33.5430038000075],[-84.4952309777216,33.5430415557043],[-84.4961387001633,33.5430537995168],[-84.5026228000713,33.5431390000215],[-84.5077331001269,33.5432092994528],[-84.5076777001251,33.5464119999743],[-84.5076236996984,33.5512663997886],[-84.509292999465,33.5516384555522],[-84.5094759404743,33.5530444207927]]},"properties":{"OBJECTID_1":7750,"OBJECTID":7370,"ID":"150324","TYPE":"AC; OVERHEAD","STATUS":"IN SERVICE","NAICS_CODE":"221121","NAICS_DESC":"ELECTRIC BULK POWER TRANSMISSION AND CONTROL","SOURCE":"IMAGERY, OpenStreetMap, http://www.psc.state.fl.us/publications/pdf/electricgas/transmissionreport2007.pdf, EIA 861","SOURCEDATE":1397088000000,"VAL_METHOD":"IMAGERY","VAL_DATE":1509580800000,"OWNER":"GEORGIA POWER CO","VOLTAGE":230,"VOLT_CLASS":"220-287","INFERRED":"Y","SUB_1":"UNKNOWN116410","SUB_2":"UNION","SHAPE__Len":18455.7535629044,"GlobalID":"9d9007bf-09c6-4e14-9f95-eb42ead9cb75","Shape__Length":18455.753607945404}},{"type":"Feature","id":7891,"geometry":{"type":"LineString","coordinates":[[-84.1720913222698,33.82369190478],[-84.1734865020258,33.8254018345658],[-84.1746273651316,33.8268708464495],[-84.1754972729915,33.829186859166],[-84.1772156971294,33.8291927820043],[-84.1784278640109,33.8292875525852],[-84.1784349939393,33.8282687538206],[-84.1781141256013,33.8271373988975],[-84.178827166053,33.8261126499673],[-84.1793049017992,33.825200435471],[-84.179889593658,33.8242645177818],[-84.1796970730145,33.8232930481362],[-84.1798967235864,33.8223334140814],[-84.1798893789607,33.8211486364993],[-84.1802882084889,33.8191226157637],[-84.1804839998984,33.818128000055],[-84.1807889994969,33.817448000089],[-84.181196000101,33.8168609997965],[-84.1822711451555,33.8160599877601],[-84.1828273146058,33.8164628277824],[-84.1850448669701,33.8186250985188],[-84.1878898934587,33.8214330067662],[-84.1887883228288,33.822250481685],[-84.1897366652911,33.8229790945832],[-84.1907990937945,33.8236188469858],[-84.1919399560019,33.8241638169543],[-84.1941503775395,33.82486871951],[-84.195547935136,33.8251471244373],[-84.1959115839428,33.8241460466467],[-84.1958046287285,33.8234885277442],[-84.1963607990771,33.8233285898485],[-84.1968884479154,33.8232871241429],[-84.1969597516911,33.8239801867818],[-84.1964606252613,33.824175664819]]},"properties":{"OBJECTID_1":7891,"OBJECTID":7579,"ID":"150621","TYPE":"AC; OVERHEAD","STATUS":"IN SERVICE","NAICS_CODE":"221121","NAICS_DESC":"ELECTRIC BULK POWER TRANSMISSION AND CONTROL","SOURCE":"IMAGERY, EIA 861, EIA 860","SOURCEDATE":1407283200000,"VAL_METHOD":"IMAGERY","VAL_DATE":1514851200000,"OWNER":"GEORGIA POWER CO","VOLTAGE":115,"VOLT_CLASS":"100-161","INFERRED":"Y","SUB_1":"UNKNOWN116181","SUB_2":"TAP142234","SHAPE__Len":5539.53931391146,"GlobalID":"845add8c-69dc-457b-add1-d96d4025fde6","Shape__Length":5539.539198009516}},{"type":"Feature","id":7905,"geometry":{"type":"LineString","coordinates":[[-84.3311079856938,33.476612525109],[-84.3311105162479,33.4763742947732],[-84.3311521100422,33.4759827458681],[-84.3326078982321,33.4760273524438],[-84.3328634042518,33.4769293975125],[-84.332619782045,33.4802401190005],[-84.3324241397559,33.4842169855883],[-84.3426575696062,33.4843012468297],[-84.3520935982164,33.4848414409261],[-84.3626668301959,33.4849845477464],[-84.3628882954562,33.4780148128013],[-84.3691630411905,33.4780941115877],[-84.3702920186867,33.4781882797857],[-84.3701444245872,33.4821424050258],[-84.3672669500523,33.4820237916718]]},"properties":{"OBJECTID_1":7905,"OBJECTID":7601,"ID":"150644","TYPE":"AC; OVERHEAD","STATUS":"IN SERVICE","NAICS_CODE":"221121","NAICS_DESC":"ELECTRIC BULK POWER TRANSMISSION AND CONTROL","SOURCE":"IMAGERY, EIA 861, EIA 860","SOURCEDATE":1407456000000,"VAL_METHOD":"IMAGERY","VAL_DATE":1513296000000,"OWNER":"GEORGIA POWER CO","VOLTAGE":230,"VOLT_CLASS":"220-287","INFERRED":"Y","SUB_1":"UNKNOWN116244","SUB_2":"O'HARA","SHAPE__Len":7317.45851321628,"GlobalID":"fbe99ac1-fb94-4a84-8ffb-96402d5d94e4","Shape__Length":7317.45863642646}},{"type":"Feature","id":7921,"geometry":{"type":"LineString","coordinates":[[-84.3817599996387,33.9677719998891],[-84.3817926722639,33.9670812909417],[-84.3860450803249,33.9667648638214],[-84.3904936939188,33.9664077217967],[-84.3926694818089,33.9662548784452],[-84.3933499780945,33.966175668006],[-84.3943547581128,33.965985609737],[-84.3952094745629,33.9662122826716]]},"properties":{"OBJECTID_1":7921,"OBJECTID":7622,"ID":"150673","TYPE":"AC; OVERHEAD","STATUS":"NOT AVAILABLE","NAICS_CODE":"221121","NAICS_DESC":"ELECTRIC BULK POWER TRANSMISSION AND CONTROL","SOURCE":"IMAGERY, EIA 861, EIA 860","SOURCEDATE":1408492800000,"VAL_METHOD":"UNVERIFIED","VAL_DATE":1514937600000,"OWNER":"GEORGIA POWER CO","VOLTAGE":115,"VOLT_CLASS":"100-161","INFERRED":"Y","SUB_1":"MORGAN FALLS","SUB_2":"UNKNOWN116276","SHAPE__Len":1599.77682365081,"GlobalID":"3c34da03-56fe-4d5f-aceb-d5a997e9243e","Shape__Length":1599.7767447048861}},{"type":"Feature","id":8048,"geometry":{"type":"LineString","coordinates":[[-84.5064889900523,34.1188517921208],[-84.5064747292972,34.1185920560209],[-84.507408810106,34.1185625394735],[-84.5076726345252,34.1167473178268],[-84.5080113281334,34.114799231016],[-84.50835715167,34.1123729137525],[-84.5087065406199,34.1104040635767],[-84.5090060182744,34.1084912526729],[-84.5093054941323,34.1066905748561],[-84.5096299269853,34.1045621817225],[-84.5099614897668,34.1026462864497],[-84.510332271197,34.1003170450434],[-84.5108884406472,34.0965174956349],[-84.5112413959089,34.0945984671471],[-84.5115408717667,34.0926557740845],[-84.5119508700489,34.0900634805654],[-84.5123822581163,34.0873707178673],[-84.5126888648009,34.0856640760678],[-84.5132379052211,34.0857201770006],[-84.5134509999795,34.0852630001125]]},"properties":{"OBJECTID_1":8048,"OBJECTID":7806,"ID":"150893","TYPE":"AC; OVERHEAD","STATUS":"IN SERVICE","NAICS_CODE":"221121","NAICS_DESC":"ELECTRIC BULK POWER TRANSMISSION AND CONTROL","SOURCE":"IMAGERY, EIA 861, EIA 860","SOURCEDATE":1401408000000,"VAL_METHOD":"IMAGERY","VAL_DATE":1514937600000,"OWNER":"GEORGIA POWER CO","VOLTAGE":115,"VOLT_CLASS":"100-161","INFERRED":"Y","SUB_1":"UNKNOWN111157","SUB_2":"UNKNOWN111158","SHAPE__Len":4728.3717744323,"GlobalID":"7488a33d-5bca-4144-ba42-92bd3dec7651","Shape__Length":4728.371708794637}},{"type":"Feature","id":8065,"geometry":{"type":"LineString","coordinates":[[-84.2239690002833,34.0153570001794],[-84.2247177002586,34.0154194998527],[-84.2249878003083,34.0164461001228],[-84.2252386997672,34.0174726998916],[-84.2253654502571,34.0179588648765],[-84.2252409994543,34.0183349996142]]},"properties":{"OBJECTID_1":8065,"OBJECTID":7838,"ID":"150941","TYPE":"AC; OVERHEAD","STATUS":"IN SERVICE","NAICS_CODE":"221121","NAICS_DESC":"ELECTRIC BULK POWER TRANSMISSION AND CONTROL","SOURCE":"IMAGERY, OpenStreetMap, EIA 861","SOURCEDATE":1397088000000,"VAL_METHOD":"IMAGERY","VAL_DATE":1493078400000,"OWNER":"GEORGIA POWER CO","VOLTAGE":230,"VOLT_CLASS":"220-287","INFERRED":"Y","SUB_1":"UNKNOWN111514","SUB_2":"UNKNOWN111515","SHAPE__Len":484.73807350505,"GlobalID":"e4a29bee-5ebd-41c3-aae3-571caf1b5288","Shape__Length":484.73805979521336}},{"type":"Feature","id":8077,"geometry":{"type":"LineString","coordinates":[[-84.4767799995024,33.8228379994786],[-84.477331255168,33.8231414025848],[-84.4774740217212,33.8245048334564],[-84.4767387686275,33.8257897426796],[-84.475082664214,33.8265535501269],[-84.4746876677971,33.8263787450855]]},"properties":{"OBJECTID_1":8077,"OBJECTID":7859,"ID":"150964","TYPE":"AC; OVERHEAD","STATUS":"IN SERVICE","NAICS_CODE":"221121","NAICS_DESC":"ELECTRIC BULK POWER TRANSMISSION AND CONTROL","SOURCE":"IMAGERY, EIA 860","SOURCEDATE":1470787200000,"VAL_METHOD":"IMAGERY","VAL_DATE":1470787200000,"OWNER":"GEORGIA POWER CO","VOLTAGE":230,"VOLT_CLASS":"220-287","INFERRED":"N","SUB_1":"JACK MCDONOUGH","SUB_2":"UNKNOWN153383","SHAPE__Len":708.324474231025,"GlobalID":"0a3ad602-1b51-406d-a98c-002cdea49cb8","Shape__Length":708.3245694901204}},{"type":"Feature","id":8133,"geometry":{"type":"LineString","coordinates":[[-84.6854137377138,34.0938199860026],[-84.6806561539679,34.0901965338198],[-84.6780290758353,34.0880848645441],[-84.67661171398,34.0869809606287],[-84.6756359737999,34.0854386668383],[-84.6714206140578,34.081957229064],[-84.6682918888227,34.079011145539],[-84.6673976024827,34.0781852299427],[-84.6640336803399,34.0751278076384],[-84.659464478699,34.0707914834976],[-84.6628975747119,34.0693953289984],[-84.6628619232732,34.068450278727]]},"properties":{"OBJECTID_1":8133,"OBJECTID":7946,"ID":"165671","TYPE":"AC; OVERHEAD","STATUS":"IN SERVICE","NAICS_CODE":"221121","NAICS_DESC":"ELECTRIC BULK POWER TRANSMISSION AND CONTROL","SOURCE":"IMAGERY, EIA 861, EIA 860","SOURCEDATE":1551312000000,"VAL_METHOD":"IMAGERY","VAL_DATE":1551312000000,"OWNER":"GEORGIA POWER CO","VOLTAGE":115,"VOLT_CLASS":"100-161","INFERRED":"Y","SUB_1":"UNKNOWN115906","SUB_2":"TAP161006","SHAPE__Len":4799.10504265825,"GlobalID":"dfc0a6b1-6f2e-4295-acca-833ae20b118b","Shape__Length":4799.105086347504}},{"type":"Feature","id":8140,"geometry":{"type":"LineString","coordinates":[[-84.1549177959954,33.933040677837],[-84.1539160540793,33.93275473095],[-84.1467073721649,33.9307173030796],[-84.1426359997865,33.9299829996733],[-84.1416959999782,33.9295790001488],[-84.1382039996355,33.9275080000354],[-84.1377359998304,33.9259110000228],[-84.1383269996592,33.9249639996549],[-84.1392690000156,33.9219019995529],[-84.1394170001536,33.9208589999065],[-84.138750371161,33.9189866411307],[-84.1374239996608,33.9160830001764],[-84.1358310000995,33.9145879995174],[-84.1301119998107,33.9108679997101],[-84.1293259999882,33.9114909997126]]},"properties":{"OBJECTID_1":8140,"OBJECTID":7956,"ID":"167148","TYPE":"AC; OVERHEAD","STATUS":"IN SERVICE","NAICS_CODE":"221121","NAICS_DESC":"ELECTRIC BULK POWER TRANSMISSION AND CONTROL","SOURCE":"IMAGERY, EIA 861, EIA 860","SOURCEDATE":1407369600000,"VAL_METHOD":"IMAGERY","VAL_DATE":1586736000000,"OWNER":"GEORGIA POWER CO","VOLTAGE":115,"VOLT_CLASS":"100-161","INFERRED":"Y","SUB_1":"UNKNOWN116223","SUB_2":"TAP172431","SHAPE__Len":4829.6030154545,"GlobalID":"922db532-c455-4163-8949-fd09760bb328","Shape__Length":4829.603054822645}},{"type":"Feature","id":8212,"geometry":{"type":"LineString","coordinates":[[-84.681865903483,34.1162832439755],[-84.6819209998543,34.1152739995951],[-84.6803519996841,34.1153509996373],[-84.6804620001873,34.1145350000002],[-84.6802680000185,34.1131509996127],[-84.6810919994758,34.1124049998858],[-84.6808479999767,34.111465000026],[-84.6808420001289,34.1104720000433],[-84.6809249999695,34.1095219994671],[-84.6810919994758,34.1083219998532],[-84.6805879996857,34.1071519998699],[-84.6807019994885,34.1057989996295],[-84.6819209998543,34.1049889996949],[-84.6821710000995,34.1039629998032],[-84.6822380000467,34.1025659997299],[-84.683317999597,34.1003409994498],[-84.6837970001711,34.0993989999337],[-84.6838409996538,34.0983099997917],[-84.6850740002633,34.0974969995072],[-84.6850509997988,34.0958710000572],[-84.6854309997404,34.0956269997345],[-84.6853739998389,34.0947389999388],[-84.6854137377138,34.0938199860026]]},"properties":{"OBJECTID_1":8212,"OBJECTID":8034,"ID":"165669","TYPE":"AC; OVERHEAD","STATUS":"IN SERVICE","NAICS_CODE":"221121","NAICS_DESC":"ELECTRIC BULK POWER TRANSMISSION AND CONTROL","SOURCE":"IMAGERY, EIA 861, EIA 860","SOURCEDATE":1551312000000,"VAL_METHOD":"IMAGERY","VAL_DATE":1553558400000,"OWNER":"GEORGIA POWER CO","VOLTAGE":115,"VOLT_CLASS":"100-161","INFERRED":"Y","SUB_1":"UNKNOWN161004","SUB_2":"TAP161006","SHAPE__Len":3446.73063628545,"GlobalID":"a4e9b448-e5f7-406f-8f53-f8b1777f7bcd","Shape__Length":3446.730671805911}},{"type":"Feature","id":8430,"geometry":{"type":"LineString","coordinates":[[-84.3420366298273,33.5233517011293],[-84.3420915636035,33.5206987264978],[-84.3421248425915,33.5181620580933],[-84.3422166791597,33.5143153621266],[-84.3413010335771,33.514311383606],[-84.3392332204892,33.5142370716674],[-84.3355729531174,33.5141033109158],[-84.3344380314689,33.5138902825255],[-84.3297260318337,33.5124981560295],[-84.329482409627,33.5124188879985],[-84.3295240043196,33.5085099097092],[-84.3295715395712,33.5043133825919],[-84.3296547280581,33.503604859006],[-84.3299161746367,33.5030796546623],[-84.3309144301911,33.5021431990841],[-84.3312828337807,33.5015733924749],[-84.3315442821559,33.5009788076662],[-84.3315442821559,33.497941408646],[-84.3315799335946,33.495374648647],[-84.331609643576,33.4921041489925],[-84.3316987726219,33.4873864836437],[-84.3317463087718,33.4857808325212],[-84.3315621083244,33.4853942829622],[-84.3316707209305,33.4850165537676]]},"properties":{"OBJECTID_1":8430,"OBJECTID":8382,"ID":"156222","TYPE":"AC; OVERHEAD","STATUS":"IN SERVICE","NAICS_CODE":"221121","NAICS_DESC":"ELECTRIC BULK POWER TRANSMISSION AND CONTROL","SOURCE":"IMAGERY, EIA 861, EIA 860","SOURCEDATE":1513296000000,"VAL_METHOD":"IMAGERY","VAL_DATE":1513296000000,"OWNER":"GEORGIA POWER CO","VOLTAGE":115,"VOLT_CLASS":"100-161","INFERRED":"Y","SUB_1":"TAP142243","SUB_2":"TAP155942","SHAPE__Len":6389.65069375219,"GlobalID":"ebc89bde-6f9a-47a1-bdef-a1e16e0101bc","Shape__Length":6389.650767045804}},{"type":"Feature","id":8453,"geometry":{"type":"LineString","coordinates":[[-84.3972053658342,33.7858942530288],[-84.3974911271126,33.7861471926043],[-84.3979090000266,33.78612999974],[-84.3988709887964,33.7862749668054],[-84.401987689183,33.786288033898],[-84.405166654497,33.7863127256355],[-84.4051399996859,33.787157999735],[-84.4051831278027,33.7874709670877],[-84.4062235242254,33.7880738399308],[-84.4066144539691,33.7880913138691],[-84.4070439995918,33.7881589996827]]},"properties":{"OBJECTID_1":8453,"OBJECTID":8411,"ID":"156261","TYPE":"AC; OVERHEAD","STATUS":"IN SERVICE","NAICS_CODE":"221121","NAICS_DESC":"ELECTRIC BULK POWER TRANSMISSION AND CONTROL","SOURCE":"IMAGERY, EIA 861, EIA 860","SOURCEDATE":1401840000000,"VAL_METHOD":"IMAGERY","VAL_DATE":1514937600000,"OWNER":"GEORGIA POWER CO","VOLTAGE":115,"VOLT_CLASS":"100-161","INFERRED":"Y","SUB_1":"UNKNOWN111544","SUB_2":"UNKNOWN156837","SHAPE__Len":1291.61684617304,"GlobalID":"82937482-846c-4973-81b7-8cfb916f17f3","Shape__Length":1291.6167711503642}},{"type":"Feature","id":8454,"geometry":{"type":"LineString","coordinates":[[-84.3900159994951,33.785264999645],[-84.390007277752,33.7851004889455],[-84.3921404531582,33.7850511040175],[-84.3920810331955,33.7864733987016],[-84.3931387078143,33.7864832755254],[-84.3940716010504,33.7866906915492],[-84.394832262992,33.7864049074624],[-84.3967909999431,33.7861759996782],[-84.3972053658342,33.7858942530288]]},"properties":{"OBJECTID_1":8454,"OBJECTID":8412,"ID":"156262","TYPE":"AC; OVERHEAD","STATUS":"IN SERVICE","NAICS_CODE":"221121","NAICS_DESC":"ELECTRIC BULK POWER TRANSMISSION AND CONTROL","SOURCE":"IMAGERY, EIA 861, EIA 860","SOURCEDATE":1514937600000,"VAL_METHOD":"IMAGERY","VAL_DATE":1514937600000,"OWNER":"GEORGIA POWER CO","VOLTAGE":115,"VOLT_CLASS":"100-161","INFERRED":"Y","SUB_1":"UNKNOWN111543","SUB_2":"UNKNOWN156837","SHAPE__Len":1048.18881549962,"GlobalID":"8cd10e40-70f0-4200-93ea-c2a0c91518c0","Shape__Length":1048.188710393217}},{"type":"Feature","id":8455,"geometry":{"type":"LineString","coordinates":[[-84.465431653485,33.723205864514],[-84.4663879999365,33.7273144001087],[-84.466385684978,33.7309133228469],[-84.4662143996095,33.7422556001449],[-84.466096483152,33.7477536805802],[-84.4660394401315,33.7533819594572],[-84.4656949002874,33.7539522995354],[-84.4650126639651,33.7554371377315],[-84.458338617087,33.7597844689298],[-84.4421193522742,33.7704542538958],[-84.4420398046592,33.7760538820876],[-84.4401802560885,33.7779990919044],[-84.4315713656491,33.777645741547],[-84.4302035548649,33.7781964169884],[-84.4302130725154,33.778700862453],[-84.4305700001272,33.7791279994525]]},"properties":{"OBJECTID_1":8455,"OBJECTID":8413,"ID":"156263","TYPE":"AC; OVERHEAD","STATUS":"IN SERVICE","NAICS_CODE":"221121","NAICS_DESC":"ELECTRIC BULK POWER TRANSMISSION AND CONTROL","SOURCE":"IMAGERY, http://www.psc.state.fl.us/publications/pdf/electricgas/transmissionreport2007.pdf, EIA 861","SOURCEDATE":1401840000000,"VAL_METHOD":"IMAGERY","VAL_DATE":1514937600000,"OWNER":"GEORGIA POWER CO","VOLTAGE":115,"VOLT_CLASS":"100-161","INFERRED":"N","SUB_1":"UNKNOWN111552","SUB_2":"UNKNOWN151320","SHAPE__Len":9943.11614350078,"GlobalID":"90271e50-994e-4156-8100-2646e2fa6bf2","Shape__Length":9943.116168258492}},{"type":"Feature","id":8456,"geometry":{"type":"LineString","coordinates":[[-84.4521190000634,33.6905919994699],[-84.4525435887824,33.690659150105],[-84.4526348899547,33.6926289564584],[-84.4525659622229,33.7034405635193],[-84.4523767231251,33.7086389507824],[-84.4529003996133,33.7103502998031],[-84.4537581002668,33.7114495995697],[-84.4561081891698,33.7130878010153],[-84.4643969999919,33.7190056999465],[-84.465431653485,33.723205864514]]},"properties":{"OBJECTID_1":8456,"OBJECTID":8414,"ID":"156264","TYPE":"AC; OVERHEAD","STATUS":"IN SERVICE","NAICS_CODE":"221121","NAICS_DESC":"ELECTRIC BULK POWER TRANSMISSION AND CONTROL","SOURCE":"IMAGERY, http://www.psc.state.fl.us/publications/pdf/electricgas/transmissionreport2007.pdf, EIA 861","SOURCEDATE":1514937600000,"VAL_METHOD":"IMAGERY","VAL_DATE":1514937600000,"OWNER":"GEORGIA POWER CO","VOLTAGE":115,"VOLT_CLASS":"100-161","INFERRED":"N","SUB_1":"UNKNOWN111560","SUB_2":"UNKNOWN151320","SHAPE__Len":4997.24999495291,"GlobalID":"ff48a9b6-8f20-4b24-88cc-558ef3159a5c","Shape__Length":4997.249880873966}},{"type":"Feature","id":8457,"geometry":{"type":"LineString","coordinates":[[-84.4625066490884,33.6768449578321],[-84.4620317538151,33.676771398047],[-84.4619954699624,33.6774711314599],[-84.4618692899027,33.6776256976277],[-84.46046697932,33.6794156795428],[-84.4592548133369,33.6806617227764],[-84.4549409254761,33.686248913744],[-84.4537333903082,33.6877892894705],[-84.4528945030717,33.6888011021731],[-84.4525520518107,33.6904545057255],[-84.4521190000634,33.6905919994699]]},"properties":{"OBJECTID_1":8457,"OBJECTID":8415,"ID":"156265","TYPE":"AC; OVERHEAD","STATUS":"IN SERVICE","NAICS_CODE":"221121","NAICS_DESC":"ELECTRIC BULK POWER TRANSMISSION AND CONTROL","SOURCE":"IMAGERY, http://www.psc.state.fl.us/publications/pdf/electricgas/transmissionreport2007.pdf, EIA 861","SOURCEDATE":1514937600000,"VAL_METHOD":"IMAGERY","VAL_DATE":1514937600000,"OWNER":"GEORGIA POWER CO","VOLTAGE":115,"VOLT_CLASS":"100-161","INFERRED":"N","SUB_1":"UNKNOWN111351","SUB_2":"UNKNOWN111560","SHAPE__Len":2247.74179977752,"GlobalID":"842d5a13-d7cf-4f83-922a-c54fba3d667c","Shape__Length":2247.7417224321125}},{"type":"Feature","id":8867,"geometry":{"type":"LineString","coordinates":[[-84.3316707209305,33.4850165537676],[-84.3318770325102,33.4842990485942],[-84.332423254017,33.484291905452],[-84.3426540482102,33.484376144893],[-84.3520897902579,33.4849163205409],[-84.3628229340361,33.485111803059],[-84.3630681786002,33.4781814868033],[-84.3691749241051,33.4782923601094],[-84.37004839648,33.478401396041],[-84.3699802790286,33.4820634890642],[-84.3672669500523,33.4820237916718]]},"properties":{"OBJECTID_1":8867,"OBJECTID":9671,"ID":"157958","TYPE":"AC; OVERHEAD","STATUS":"IN SERVICE","NAICS_CODE":"221121","NAICS_DESC":"ELECTRIC BULK POWER TRANSMISSION AND CONTROL","SOURCE":"IMAGERY, EIA 861, EIA 860","SOURCEDATE":1407456000000,"VAL_METHOD":"IMAGERY","VAL_DATE":1513296000000,"OWNER":"GEORGIA POWER CO","VOLTAGE":115,"VOLT_CLASS":"100-161","INFERRED":"Y","SUB_1":"O'HARA","SUB_2":"TAP155942","SHAPE__Len":6040.74042511506,"GlobalID":"37f75de1-845f-4871-b490-e535350b90e3","Shape__Length":6040.740514449464}},{"type":"Feature","id":8891,"geometry":{"type":"LineString","coordinates":[[-84.1240324813438,33.8272657380054],[-84.1248186536428,33.826550159147],[-84.1238906652082,33.8257756435686],[-84.1221060684715,33.8247120245021],[-84.1205106398657,33.8240731399883],[-84.1189937338971,33.823887541687],[-84.1174161512227,33.823273641049],[-84.1165631137239,33.8222100214586],[-84.1155161515147,33.8222956815899],[-84.1142074480796,33.8220517879453],[-84.1130831526026,33.8213498466214],[-84.1116673726805,33.8208501601396],[-84.1109416381355,33.8199697585172],[-84.1073605491712,33.8176914247326],[-84.1058317450167,33.8169181006784],[-84.104350530911,33.816680154959],[-84.1030656220511,33.8159663160681],[-84.1018699428484,33.8151810937217],[-84.100787287878,33.8141519771024],[-84.0968373829974,33.8090182896451],[-84.0961949276691,33.8086078325226],[-84.0927625556983,33.807079028884],[-84.0924413289325,33.8077036374452],[-84.0919564372068,33.8078216499165]]},"properties":{"OBJECTID_1":8891,"OBJECTID":9695,"ID":"157980","TYPE":"AC; OVERHEAD","STATUS":"IN SERVICE","NAICS_CODE":"221121","NAICS_DESC":"ELECTRIC BULK POWER TRANSMISSION AND CONTROL","SOURCE":"IMAGERY, EIA 860","SOURCEDATE":1512691200000,"VAL_METHOD":"IMAGERY","VAL_DATE":1514851200000,"OWNER":"GEORGIA POWER CO","VOLTAGE":115,"VOLT_CLASS":"100-161","INFERRED":"Y","SUB_1":"UNKNOWN116170","SUB_2":"UNKNOWN116179","SHAPE__Len":4872.46056784962,"GlobalID":"f0662d1c-d9f9-4004-bdb8-17db73f43ac8","Shape__Length":4872.460556944829}},{"type":"Feature","id":8893,"geometry":{"type":"LineString","coordinates":[[-84.312152747173,33.5350270067166],[-84.3117478603048,33.5351745629766],[-84.3115087997431,33.5344682996455],[-84.31116620026,33.5333950001613],[-84.3103870779394,33.5333490857793],[-84.3081993199981,33.5332505940797],[-84.306680600331,33.5329364175979],[-84.3042026030096,33.5329261379715],[-84.3023593157422,33.5328929350995],[-84.299996128504,33.5328667365635],[-84.2979157183409,33.5328457377426],[-84.2956841845975,33.5328283369401],[-84.2938213338198,33.5328003337563],[-84.2916822151596,33.5327637349884],[-84.289352394046,33.5327357355277],[-84.2870120680336,33.5327025355777],[-84.2843239915982,33.5326676358174],[-84.2816091336892,33.5326315349519],[-84.2789954386577,33.5325919348812],[-84.2763555828884,33.532557336098],[-84.2748911529055,33.5325375495265],[-84.274182267162,33.5325564188051],[-84.2739279046977,33.531927402943]]},"properties":{"OBJECTID_1":8893,"OBJECTID":9697,"ID":"157983","TYPE":"AC; OVERHEAD","STATUS":"IN SERVICE","NAICS_CODE":"221121","NAICS_DESC":"ELECTRIC BULK POWER TRANSMISSION AND CONTROL","SOURCE":"IMAGERY, OpenStreetMap, EIA 861, EIA 860","SOURCEDATE":1513296000000,"VAL_METHOD":"IMAGERY","VAL_DATE":1513296000000,"OWNER":"GEORGIA POWER CO","VOLTAGE":115,"VOLT_CLASS":"100-161","INFERRED":"Y","SUB_1":"UNKNOWN116015","SUB_2":"UNKNOWN116019","SHAPE__Len":4507.3673917289,"GlobalID":"6b6d5e9e-e751-432e-91fc-a7dea39c9061","Shape__Length":4507.3674000403125}},{"type":"Feature","id":8912,"geometry":{"type":"LineString","coordinates":[[-84.2742419997385,33.9454720001505],[-84.2738826870996,33.9452156816263],[-84.2740598151107,33.9444396164582],[-84.2753483091469,33.9447743174603],[-84.2816196520629,33.9463978068236],[-84.2889205667024,33.9482986530017],[-84.2960604394627,33.9502781619116],[-84.2984926954681,33.9509086629248],[-84.3015635350629,33.9515553456684],[-84.305053621994,33.952462513962],[-84.3072749445876,33.953018244754],[-84.308424981289,33.9533084320184]]},"properties":{"OBJECTID_1":8912,"OBJECTID":9716,"ID":"158002","TYPE":"AC; OVERHEAD","STATUS":"IN SERVICE","NAICS_CODE":"221121","NAICS_DESC":"ELECTRIC BULK POWER TRANSMISSION AND CONTROL","SOURCE":"IMAGERY, EIA 861, EIA 860","SOURCEDATE":1407369600000,"VAL_METHOD":"IMAGERY","VAL_DATE":1514851200000,"OWNER":"GEORGIA POWER CO","VOLTAGE":230,"VOLT_CLASS":"220-287","INFERRED":"Y","SUB_1":"UNKNOWN111539","SUB_2":"UNKNOWN116574","SHAPE__Len":4165.80836987012,"GlobalID":"99d70381-f9be-4fea-a745-ccafa3ed9145","Shape__Length":4165.808451833641}},{"type":"Feature","id":8913,"geometry":{"type":"LineString","coordinates":[[-84.3348199088894,33.9124518395232],[-84.3338073934782,33.9116431191093],[-84.3333890767965,33.9113985278175],[-84.3328100003064,33.9102949996113],[-84.3329090000406,33.9095409999818],[-84.3327425889309,33.9072956136554],[-84.3325904736105,33.9067511740737],[-84.3321341285479,33.9056307218],[-84.3318584203159,33.9048890059292],[-84.3311929169123,33.9042025181275],[-84.3309885115576,33.9031175408703],[-84.3315829995447,33.9020169996757],[-84.3320370000044,33.9006669996181],[-84.3318346517918,33.8996731386143],[-84.3310839997774,33.8988509995263],[-84.3294150719133,33.8962443810396],[-84.3287539998991,33.8950129996473],[-84.32912034994,33.8950488209698],[-84.3320200416085,33.894776562137],[-84.3321246207789,33.8939045400114]]},"properties":{"OBJECTID_1":8913,"OBJECTID":9717,"ID":"158003","TYPE":"AC; OVERHEAD","STATUS":"IN SERVICE","NAICS_CODE":"221121","NAICS_DESC":"ELECTRIC BULK POWER TRANSMISSION AND CONTROL","SOURCE":"IMAGERY, EIA 861, EIA 860","SOURCEDATE":1408320000000,"VAL_METHOD":"IMAGERY","VAL_DATE":1527811200000,"OWNER":"GEORGIA POWER CO","VOLTAGE":230,"VOLT_CLASS":"220-287","INFERRED":"Y","SUB_1":"UNKNOWN116564","SUB_2":"TAP155846","SHAPE__Len":3064.90659895491,"GlobalID":"dfc66183-b0c3-46f6-8ef6-f784d9d3193d","Shape__Length":3064.906590880933}},{"type":"Feature","id":8934,"geometry":{"type":"LineString","coordinates":[[-84.2444261761451,33.9363545959195],[-84.2444631400224,33.9367882937046],[-84.2511135441405,33.9384841601001],[-84.2542652446873,33.939304475505],[-84.258638512985,33.9404323631176],[-84.2596554166664,33.9406953288294],[-84.2627409365296,33.9414932214723],[-84.2703419387797,33.9434768406216],[-84.2732794270638,33.944236901905],[-84.2738083937306,33.944374306502],[-84.2736134844668,33.9452688118625],[-84.2742419997385,33.9454720001505]]},"properties":{"OBJECTID_1":8934,"OBJECTID":9741,"ID":"158029","TYPE":"AC; OVERHEAD","STATUS":"IN SERVICE","NAICS_CODE":"221121","NAICS_DESC":"ELECTRIC BULK POWER TRANSMISSION AND CONTROL","SOURCE":"IMAGERY, EIA 861, EIA 860","SOURCEDATE":1514851200000,"VAL_METHOD":"IMAGERY","VAL_DATE":1514937600000,"OWNER":"GEORGIA POWER CO","VOLTAGE":230,"VOLT_CLASS":"220-287","INFERRED":"Y","SUB_1":"UNKNOWN111539","SUB_2":"UNKNOWN116082","SHAPE__Len":3677.03051377416,"GlobalID":"abc178c7-f522-4b1d-80d1-ca23d35f879f","Shape__Length":3677.03053961163}},{"type":"Feature","id":8935,"geometry":{"type":"LineString","coordinates":[[-84.4755429995932,33.8024499996529],[-84.4782153016122,33.8024570746448],[-84.4783499994975,33.8023499994536]]},"properties":{"OBJECTID_1":8935,"OBJECTID":9742,"ID":"158030","TYPE":"AC; OVERHEAD","STATUS":"IN SERVICE","NAICS_CODE":"221121","NAICS_DESC":"ELECTRIC BULK POWER TRANSMISSION AND CONTROL","SOURCE":"IMAGERY, EIA 861, EIA 860","SOURCEDATE":1514937600000,"VAL_METHOD":"IMAGERY","VAL_DATE":1514937600000,"OWNER":"GEORGIA POWER CO","VOLTAGE":115,"VOLT_CLASS":"100-161","INFERRED":"Y","SUB_1":"UNKNOWN111553","SUB_2":"TAP155950","SHAPE__Len":318.231557666396,"GlobalID":"142cab8e-ed31-4ba8-aa8e-0328d3b0ead6","Shape__Length":318.2315682522083}},{"type":"Feature","id":8936,"geometry":{"type":"LineString","coordinates":[[-84.4044700002144,33.7631709999067],[-84.4051355925511,33.7628807259449],[-84.4052925030784,33.7635546988348],[-84.4052829962078,33.7643608704612],[-84.40381888872,33.7642107014527],[-84.4028824309689,33.7642067508909],[-84.4019459732179,33.7643213529555],[-84.4015776504766,33.764806174496],[-84.401544933834,33.765975084805],[-84.4015806256969,33.768137420543],[-84.4030677893447,33.7686400814893],[-84.4034157850076,33.7699071444431],[-84.4040612137595,33.7698922729471],[-84.4048732045381,33.7707399560449],[-84.406253291699,33.7712188226349],[-84.4075530730667,33.7719802497775],[-84.4075471235246,33.7727059857133],[-84.4069950000864,33.7723279999005]]},"properties":{"OBJECTID_1":8936,"OBJECTID":9743,"ID":"158031","TYPE":"AC; OVERHEAD","STATUS":"IN SERVICE","NAICS_CODE":"221121","NAICS_DESC":"ELECTRIC BULK POWER TRANSMISSION AND CONTROL","SOURCE":"IMAGERY, EIA 860","SOURCEDATE":1514937600000,"VAL_METHOD":"IMAGERY","VAL_DATE":1514937600000,"OWNER":"GEORGIA POWER CO","VOLTAGE":230,"VOLT_CLASS":"220-287","INFERRED":"Y","SUB_1":"UNKNOWN111355","SUB_2":"UNKNOWN111356","SHAPE__Len":2270.36105343368,"GlobalID":"8faa6701-21dc-41de-aa62-dc83b98d31ea","Shape__Length":2270.360911761167}},{"type":"Feature","id":8937,"geometry":{"type":"LineString","coordinates":[[-84.3946235115879,33.6549116994517],[-84.3950732297787,33.6527951688429],[-84.3955707185797,33.6517523858022]]},"properties":{"OBJECTID_1":8937,"OBJECTID":9744,"ID":"158033","TYPE":"AC; OVERHEAD","STATUS":"IN SERVICE","NAICS_CODE":"221121","NAICS_DESC":"ELECTRIC BULK POWER TRANSMISSION AND CONTROL","SOURCE":"IMAGERY, EIA 860","SOURCEDATE":1514937600000,"VAL_METHOD":"IMAGERY","VAL_DATE":1514937600000,"OWNER":"GEORGIA POWER CO","VOLTAGE":115,"VOLT_CLASS":"100-161","INFERRED":"Y","SUB_1":"TAP142589","SUB_2":"MAS ASB COGEN PLANT","SHAPE__Len":437.489350396584,"GlobalID":"13207e96-2749-497f-8f05-06ddb553d596","Shape__Length":437.4892994471186}},{"type":"Feature","id":8938,"geometry":{"type":"LineString","coordinates":[[-84.4090089690544,33.6403614810265],[-84.4083480003465,33.6403919995767],[-84.4062529997465,33.6403950000522],[-84.4048729997222,33.640271000009],[-84.4037079997831,33.6402979998346],[-84.4027073744729,33.6401530246871],[-84.4012955570196,33.6395119029769],[-84.3982580098875,33.639286321759],[-84.3965253249944,33.6390785501246],[-84.3964861081424,33.6399798826882],[-84.39617118216,33.6403311127884],[-84.3939024491807,33.640307847118],[-84.3924784281142,33.6404100749715],[-84.3923677826207,33.6418377506833],[-84.3918002818214,33.6421875320796],[-84.3905439259128,33.6421518397228],[-84.3905332188929,33.6424552205441],[-84.3906759863444,33.6446288590962],[-84.3915432998698,33.6479838990738],[-84.392239292094,33.6491795780027],[-84.3929745460861,33.6500433217849],[-84.3942951468088,33.6511676180651],[-84.3955707185797,33.6517523858022]]},"properties":{"OBJECTID_1":8938,"OBJECTID":9745,"ID":"158034","TYPE":"AC; OVERHEAD","STATUS":"IN SERVICE","NAICS_CODE":"221121","NAICS_DESC":"ELECTRIC BULK POWER TRANSMISSION AND CONTROL","SOURCE":"IMAGERY, EIA 860","SOURCEDATE":1514937600000,"VAL_METHOD":"IMAGERY","VAL_DATE":1514937600000,"OWNER":"GEORGIA POWER CO","VOLTAGE":115,"VOLT_CLASS":"100-161","INFERRED":"Y","SUB_1":"UNKNOWN116345","SUB_2":"TAP142589","SHAPE__Len":3900.52316193646,"GlobalID":"b46a7509-4624-43ce-aa0d-5ba53a42a528","Shape__Length":3900.523058985662}},{"type":"Feature","id":8991,"geometry":{"type":"LineString","coordinates":[[-84.5766490001668,33.8585369996414],[-84.5761469335511,33.8585227231686],[-84.5759089877987,33.8596230810162],[-84.5803133773311,33.8596230810162],[-84.5817014262603,33.8596507130702],[-84.5841685422886,33.8596980818584],[-84.5841732961731,33.8616164986863],[-84.5840021662132,33.8681411649933],[-84.583997413227,33.8744482625601],[-84.5951445923163,33.8744995701008],[-84.5973977961193,33.8744995701008],[-84.5973217375608,33.8788842647176],[-84.5973074768056,33.8853523637194],[-84.5973074768056,33.8864138907853],[-84.5978113580182,33.8864257285264],[-84.597968227223,33.8865273425726]]},"properties":{"OBJECTID_1":8991,"OBJECTID":9839,"ID":"158153","TYPE":"AC; OVERHEAD","STATUS":"IN SERVICE","NAICS_CODE":"221121","NAICS_DESC":"ELECTRIC BULK POWER TRANSMISSION AND CONTROL","SOURCE":"IMAGERY, EIA 861, EIA 860","SOURCEDATE":1527638400000,"VAL_METHOD":"IMAGERY","VAL_DATE":1527638400000,"OWNER":"GEORGIA POWER CO","VOLTAGE":115,"VOLT_CLASS":"100-161","INFERRED":"Y","SUB_1":"UNKNOWN116287","SUB_2":"UNKNOWN157051","SHAPE__Len":6270.69053389744,"GlobalID":"8fb33bdd-3106-47e6-8f05-9a0bcbdbaff5","Shape__Length":6270.690580322278}},{"type":"Feature","id":9033,"geometry":{"type":"LineString","coordinates":[[-84.3348199088894,33.9124518395232],[-84.3359928095115,33.9128874176529]]},"properties":{"OBJECTID_1":9033,"OBJECTID":9893,"ID":"158209","TYPE":"AC; OVERHEAD","STATUS":"IN SERVICE","NAICS_CODE":"221121","NAICS_DESC":"ELECTRIC BULK POWER TRANSMISSION AND CONTROL","SOURCE":"IMAGERY, EIA 860","SOURCEDATE":1527811200000,"VAL_METHOD":"OTHER","VAL_DATE":1527811200000,"OWNER":"GEORGIA POWER CO","VOLTAGE":230,"VOLT_CLASS":"220-287","INFERRED":"Y","SUB_1":"TAP155846","SUB_2":"UNKNOWN156664","SHAPE__Len":143.043506866635,"GlobalID":"2471c2bc-3818-41b6-ae0c-85585595dcd9","Shape__Length":143.0434755781132}},{"type":"Feature","id":9034,"geometry":{"type":"LineString","coordinates":[[-84.3340973624654,33.9274828057097],[-84.3344063469905,33.9272214979025],[-84.3372763286776,33.9271031688579],[-84.3373369999936,33.9266000000614],[-84.3373238648275,33.9260875087504],[-84.3378051668854,33.9248696870918],[-84.3390826951869,33.921911342661],[-84.3394035626266,33.9207920758961],[-84.3392312450939,33.9198601637093],[-84.3389044361969,33.9188740018311],[-84.3383161780263,33.9175919758165],[-84.3374629078638,33.9159548981627],[-84.3366975791744,33.9153118915787],[-84.3360320757709,33.9143690718724],[-84.3356232668581,33.9133039491084],[-84.3348199088894,33.9124518395232]]},"properties":{"OBJECTID_1":9034,"OBJECTID":9894,"ID":"158210","TYPE":"AC; OVERHEAD","STATUS":"IN SERVICE","NAICS_CODE":"221121","NAICS_DESC":"ELECTRIC BULK POWER TRANSMISSION AND CONTROL","SOURCE":"IMAGERY, EIA 861, EIA 860","SOURCEDATE":1527811200000,"VAL_METHOD":"IMAGERY","VAL_DATE":1527811200000,"OWNER":"GEORGIA POWER CO","VOLTAGE":230,"VOLT_CLASS":"220-287","INFERRED":"Y","SUB_1":"UNKNOWN116563","SUB_2":"TAP155846","SHAPE__Len":2503.33190744229,"GlobalID":"9c014396-85fb-4b0c-b6d3-39663388627c","Shape__Length":2503.331910921097}},{"type":"Feature","id":9062,"geometry":{"type":"LineString","coordinates":[[-84.3663609999866,33.7911629998848],[-84.366813637702,33.7911237015399],[-84.3673394979946,33.791275986912],[-84.3673299812425,33.7914425484942],[-84.3675036812825,33.7913830625187],[-84.368269867863,33.7918898879773],[-84.3691193345586,33.792863087889],[-84.3706493289809,33.7955756729222],[-84.3721126971551,33.7981478700124],[-84.3729764416739,33.799675483559],[-84.3739662970821,33.801357762577],[-84.3748681131008,33.8028972748952],[-84.3759341115092,33.8047009059278],[-84.3769096908909,33.8063712880809],[-84.3790178931322,33.809509796749],[-84.3804384305321,33.8108018435932],[-84.3843407471606,33.8117464897832],[-84.3880622239392,33.8116061016337],[-84.3919359867181,33.8114657140002],[-84.3938538314592,33.811396709091],[-84.394335999493,33.8117750001385]]},"properties":{"OBJECTID_1":9062,"OBJECTID":9945,"ID":"158267","TYPE":"AC; OVERHEAD","STATUS":"IN SERVICE","NAICS_CODE":"221121","NAICS_DESC":"ELECTRIC BULK POWER TRANSMISSION AND CONTROL","SOURCE":"IMAGERY, EIA 860","SOURCEDATE":1514937600000,"VAL_METHOD":"IMAGERY","VAL_DATE":1514937600000,"OWNER":"GEORGIA POWER CO","VOLTAGE":115,"VOLT_CLASS":"100-161","INFERRED":"Y","SUB_1":"SHEPHERD CENTER","SUB_2":"BOULEVARD","SHAPE__Len":4734.96038147737,"GlobalID":"33519fd3-8883-4fb6-83b2-32ef794065ec","Shape__Length":4734.960273992362}},{"type":"Feature","id":10471,"geometry":{"type":"LineString","coordinates":[[-84.5493650000483,33.8436240001284],[-84.5514970866964,33.8448387539633],[-84.5545774160939,33.8464179757248],[-84.559026779781,33.8483919629977],[-84.5613988235095,33.849430261764],[-84.5655249437129,33.8525016575691],[-84.5717188779026,33.8569111679758],[-84.5731402031249,33.8569664330837],[-84.574105181488,33.8585454306516],[-84.5757023896564,33.8596230810162],[-84.5758851932234,33.8583942318224],[-84.5766490001668,33.8585369996414]]},"properties":{"OBJECTID_1":10471,"OBJECTID":10084,"ID":"163339","TYPE":"AC; OVERHEAD","STATUS":"IN SERVICE","NAICS_CODE":"221121","NAICS_DESC":"ELECTRIC BULK POWER TRANSMISSION AND CONTROL","SOURCE":"IMAGERY, EIA 861, EIA 860","SOURCEDATE":1408060800000,"VAL_METHOD":"IMAGERY","VAL_DATE":1551312000000,"OWNER":"GEORGIA POWER CO","VOLTAGE":115,"VOLT_CLASS":"100-161","INFERRED":"Y","SUB_1":"UNKNOWN157051","SUB_2":"TAP160954","SHAPE__Len":3953.80035154007,"GlobalID":"8ee3d860-c9f6-4794-90e5-8d505fcc2635","Shape__Length":3953.8003327543543}},{"type":"Feature","id":10503,"geometry":{"type":"LineString","coordinates":[[-84.2739279046977,33.531927402943],[-84.2739489558181,33.5325592298398],[-84.2713049426457,33.5324926231198],[-84.2699360889175,33.5324795361475],[-84.2685759784919,33.5324566337541],[-84.2658482513182,33.5324194350425],[-84.2632628370484,33.5323828368622],[-84.260641651864,33.5323554370768],[-84.2579519054605,33.5323188358741],[-84.2553280998905,33.5322869364521],[-84.2528330157141,33.5322617359003],[-84.2508916261294,33.5322320349732],[-84.2485063268605,33.532200035178],[-84.2458192610298,33.5321589335377],[-84.2432228432962,33.532117734532],[-84.2407937331909,33.5320880365507],[-84.2381607225841,33.5320550355368],[-84.2357484873314,33.5320246358941],[-84.2329983022756,33.531986534674],[-84.2302825191019,33.5319437346179],[-84.2279412444685,33.5319127418737],[-84.2261625855959,33.5319193561661],[-84.2252747599393,33.5318695875909],[-84.2250282595304,33.5318444251072],[-84.2245083478816,33.5319194774744]]},"properties":{"OBJECTID_1":10503,"OBJECTID":10128,"ID":"158493","TYPE":"AC; OVERHEAD","STATUS":"IN SERVICE","NAICS_CODE":"221121","NAICS_DESC":"ELECTRIC BULK POWER TRANSMISSION AND CONTROL","SOURCE":"IMAGERY, OpenStreetMap, EIA 861, EIA 860","SOURCEDATE":1397088000000,"VAL_METHOD":"IMAGERY","VAL_DATE":1513296000000,"OWNER":"GEORGIA POWER CO","VOLTAGE":115,"VOLT_CLASS":"100-161","INFERRED":"Y","SUB_1":"UNKNOWN116014","SUB_2":"UNKNOWN116015","SHAPE__Len":5590.17186576181,"GlobalID":"bb0e1717-1ba5-40d8-b1a0-06037031cfc5","Shape__Length":5590.171828291634}},{"type":"Feature","id":12165,"geometry":{"type":"LineString","coordinates":[[-84.3937127465523,33.7649378324836],[-84.3931192745598,33.7651014245214],[-84.3931121365466,33.7652537098627],[-84.3949201595492,33.7653685756371],[-84.3962416585873,33.7652895407899],[-84.3962749339821,33.7647520984607],[-84.3971020595765,33.7641474730252],[-84.3985614131798,33.7635507467492],[-84.4003297513081,33.7635072767822],[-84.401137862263,33.7640486774871],[-84.4019092743436,33.7643089695652],[-84.4028524991037,33.7641776406964],[-84.4038328368614,33.76417526065],[-84.4052694370369,33.7643329581814],[-84.4062884400811,33.7642204710643],[-84.4082181830081,33.7642204710643],[-84.4104667739621,33.7642252296608],[-84.411673161083,33.764208573825],[-84.4126416006549,33.7642823365325],[-84.4126297042655,33.7662168389275],[-84.4126463599292,33.7671531570037],[-84.4125392843406,33.7679026869577],[-84.4125452329844,33.7689555979802],[-84.4125392843406,33.7711090096641],[-84.4125095411216,33.7715789537095],[-84.4124797979025,33.7742677447683],[-84.4149603859651,33.7741785150681],[-84.4163999595641,33.7741666177179],[-84.4174171785542,33.7740416958148],[-84.4172922579325,33.7747079451042],[-84.4172863092887,33.7756954215191],[-84.4210161143483,33.7756835236329],[-84.4224881332988,33.7756857816479]]},"properties":{"OBJECTID_1":12165,"OBJECTID":13264,"ID":"163185","TYPE":"AC; OVERHEAD","STATUS":"IN SERVICE","NAICS_CODE":"221121","NAICS_DESC":"ELECTRIC BULK POWER TRANSMISSION AND CONTROL","SOURCE":"IMAGERY, EIA 860","SOURCEDATE":1514937600000,"VAL_METHOD":"IMAGERY","VAL_DATE":1553558400000,"OWNER":"GEORGIA POWER CO","VOLTAGE":115,"VOLT_CLASS":"100-161","INFERRED":"Y","SUB_1":"UNKNOWN116617","SUB_2":"TAP160957","SHAPE__Len":5109.98909609819,"GlobalID":"47343567-6a89-4f47-90c7-327a5367ac8a","Shape__Length":5109.989047116295}},{"type":"Feature","id":12387,"geometry":{"type":"LineString","coordinates":[[-84.6091463128496,33.9453523737073],[-84.6100541215297,33.944097489445],[-84.6100879197439,33.9422991671816],[-84.6100597135423,33.9403486816731],[-84.6100484163293,33.9385022546547],[-84.6100545158901,33.936600264064],[-84.6100291160254,33.9319855665193],[-84.610180804646,33.9275129425976],[-84.6102390639854,33.9246846589373],[-84.6099004395475,33.9224735888035],[-84.6095258824982,33.92014084116],[-84.6076347249076,33.9190645745605],[-84.6074839265174,33.9169710488224],[-84.6073363162483,33.9151329078952],[-84.6075091512106,33.9129945578646],[-84.6065727284938,33.9103538891732],[-84.6060022991867,33.9087070215026],[-84.6040473621092,33.9073370065213],[-84.6029299459307,33.9065553959259],[-84.6018122377997,33.9057735910276],[-84.6018567097961,33.9033724121682],[-84.6019105152884,33.9008192688122],[-84.6019172140254,33.8984043278172],[-84.6019843882458,33.8970809278767],[-84.6020627896105,33.8948495911434],[-84.6021284232201,33.8934919948139],[-84.6008980870137,33.8921365386044],[-84.6012718706136,33.8901302925488],[-84.6016504530136,33.8881647706009],[-84.6016228163439,33.8859402328839],[-84.5997823686511,33.885721066116],[-84.5984585663326,33.8855739655262],[-84.597968227223,33.8865273425726]]},"properties":{"OBJECTID_1":12387,"OBJECTID":17058,"ID":"113761","TYPE":"AC; OVERHEAD","STATUS":"IN SERVICE","NAICS_CODE":"221121","NAICS_DESC":"ELECTRIC BULK POWER TRANSMISSION AND CONTROL","SOURCE":"IMAGERY, OpenStreetMap, EIA 861, EIA 860","SOURCEDATE":1408320000000,"VAL_METHOD":"IMAGERY","VAL_DATE":1551398400000,"OWNER":"GEORGIA POWER CO","VOLTAGE":230,"VOLT_CLASS":"220-287","INFERRED":"Y","SUB_1":"UNKNOWN116287","SUB_2":"TAP151312","SHAPE__Len":8904.08126267173,"GlobalID":"64244209-6894-4a9b-bdb6-97db57141105","Shape__Length":8904.081232374516}},{"type":"Feature","id":12557,"geometry":{"type":"LineString","coordinates":[[-84.5816119998721,34.1075999998896],[-84.5825631118404,34.1076161751423],[-84.5841687848338,34.1076143297936],[-84.5854485328724,34.1072825791745],[-84.586299426991,34.1074478875039],[-84.5890897865029,34.1075029907045],[-84.5896126814567,34.1069873849257],[-84.5919514506888,34.1067394194731],[-84.5985017851793,34.1068893300009],[-84.6022527850897,34.1055773295962],[-84.6030986297781,34.105157153875],[-84.60359300412,34.104716318018],[-84.6040588560533,34.1042479279612],[-84.6045056942453,34.1034213495911],[-84.6053081709667,34.1025209075934],[-84.6062264953255,34.1022680635978],[-84.6068682302049,34.1017996599884],[-84.6077096165545,34.1007880558796],[-84.6079472955073,34.1001582568296],[-84.6102908177256,34.0982648964608],[-84.6120117849941,34.0975373297637],[-84.6126676162369,34.0970524950713],[-84.6130859320203,34.0966116169915],[-84.614031896642,34.0947811607722],[-84.614274331276,34.0942694134992],[-84.6144311986841,34.0930845111658],[-84.6148352546107,34.0921279146079],[-84.6153248750681,34.0922381409258],[-84.6160867847696,34.0907143301493],[-84.6166273594666,34.0898525126737],[-84.6173307852498,34.089539329888],[-84.61816277073,34.0895848150516],[-84.6184902713297,34.0895888100673]]},"properties":{"OBJECTID_1":12557,"OBJECTID":17330,"ID":"165668","TYPE":"AC; OVERHEAD","STATUS":"IN SERVICE","NAICS_CODE":"221121","NAICS_DESC":"ELECTRIC BULK POWER TRANSMISSION AND CONTROL","SOURCE":"IMAGERY, EIA 861, EIA 860","SOURCEDATE":1401408000000,"VAL_METHOD":"IMAGERY","VAL_DATE":1553558400000,"OWNER":"GEORGIA POWER CO","VOLTAGE":115,"VOLT_CLASS":"100-161","INFERRED":"Y","SUB_1":"UNKNOWN111162","SUB_2":"TAP161003","SHAPE__Len":5396.64205849729,"GlobalID":"2fc921b8-0dfb-4e66-9a26-d9688f005ce4","Shape__Length":5396.642249651245}},{"type":"Feature","id":12607,"geometry":{"type":"LineString","coordinates":[[-84.4993242357553,33.8098779376383],[-84.5002473948469,33.8091099327482],[-84.5044590795812,33.8053812946005],[-84.5045731656223,33.8019210986805],[-84.5046872525617,33.7989071385148],[-84.5047114711417,33.7980746366219],[-84.5048269235203,33.7950516588014],[-84.5049180001137,33.7932419998754]]},"properties":{"OBJECTID_1":12607,"OBJECTID":17407,"ID":"166118","TYPE":"AC; OVERHEAD","STATUS":"IN SERVICE","NAICS_CODE":"221121","NAICS_DESC":"ELECTRIC BULK POWER TRANSMISSION AND CONTROL","SOURCE":"IMAGERY, EIA 861, EIA 860","SOURCEDATE":1408060800000,"VAL_METHOD":"IMAGERY","VAL_DATE":1551312000000,"OWNER":"GEORGIA POWER CO","VOLTAGE":115,"VOLT_CLASS":"100-161","INFERRED":"Y","SUB_1":"TAP142583","SUB_2":"TAP160953","SHAPE__Len":2457.51388419206,"GlobalID":"9ca182e9-202e-461e-ae9d-0c98839c2dea","Shape__Length":2457.513840394371}},{"type":"Feature","id":12618,"geometry":{"type":"LineString","coordinates":[[-84.2137904476155,33.9324796671368],[-84.2154957994694,33.9328523775664],[-84.2182718991245,33.9324106459558],[-84.2188851124936,33.931184039942],[-84.2210955340312,33.9309750031427],[-84.2248812017251,33.9305282105869],[-84.2284404831877,33.9322011440994],[-84.2334285216349,33.9339584376258],[-84.2358222201516,33.9345704260208],[-84.2414025609848,33.9360729515815],[-84.2449269994924,33.9370369998851]]},"properties":{"OBJECTID_1":12618,"OBJECTID":17419,"ID":"165767","TYPE":"AC; OVERHEAD","STATUS":"IN SERVICE","NAICS_CODE":"221121","NAICS_DESC":"ELECTRIC BULK POWER TRANSMISSION AND CONTROL","SOURCE":"IMAGERY, https://www.rd.usda.gov/files/UWP_GA110-GTC_EastWalton_AES%20%26%20MCS.pdf","SOURCEDATE":1514937600000,"VAL_METHOD":"IMAGERY","VAL_DATE":1551398400000,"OWNER":"GEORGIA POWER CO","VOLTAGE":115,"VOLT_CLASS":"100-161","INFERRED":"N","SUB_1":"NORCROSS","SUB_2":"TAP161070","SHAPE__Len":3766.1265148804,"GlobalID":"0fda9c1e-695f-41da-aa15-cb4557e725c4","Shape__Length":3766.1265420603863}},{"type":"Feature","id":13194,"geometry":{"type":"LineString","coordinates":[[-84.6239998994787,33.8548337997159],[-84.6239919996941,33.854556600055],[-84.6240229996562,33.852968999451],[-84.6261428000462,33.8537442996118],[-84.627629200126,33.8542931999748],[-84.6291886000008,33.8548916995726],[-84.6300699002951,33.8548240001614],[-84.6300540001146,33.8556050000879],[-84.6300529481874,33.856338010532],[-84.6301025980731,33.8565097218385]]},"properties":{"OBJECTID_1":13194,"OBJECTID":15446,"ID":"118819","TYPE":"AC; OVERHEAD","STATUS":"IN SERVICE","NAICS_CODE":"221121","NAICS_DESC":"ELECTRIC BULK POWER TRANSMISSION AND CONTROL","SOURCE":"IMAGERY, OpenStreetMap, EIA 861","SOURCEDATE":1397088000000,"VAL_METHOD":"IMAGERY","VAL_DATE":1553644800000,"OWNER":"GEORGIA POWER CO","VOLTAGE":115,"VOLT_CLASS":"100-161","INFERRED":"Y","SUB_1":"UNKNOWN115923","SUB_2":"TAP142620","SHAPE__Len":1205.33513800905,"GlobalID":"ad574190-2846-40c3-b175-5c0f10040749","Shape__Length":1205.3351922145914}},{"type":"Feature","id":13195,"geometry":{"type":"LineString","coordinates":[[-84.671563377916,34.0458653726498],[-84.6809802490545,34.0458456790383],[-84.6857385972667,34.0458574946103],[-84.6871229622049,34.0463664588229],[-84.6875439998837,34.0462050000144]]},"properties":{"OBJECTID_1":13195,"OBJECTID":15447,"ID":"157731","TYPE":"AC; OVERHEAD","STATUS":"IN SERVICE","NAICS_CODE":"221121","NAICS_DESC":"ELECTRIC BULK POWER TRANSMISSION AND CONTROL","SOURCE":"IMAGERY, EIA 861","SOURCEDATE":1408320000000,"VAL_METHOD":"IMAGERY","VAL_DATE":1553644800000,"OWNER":"GEORGIA POWER CO","VOLTAGE":115,"VOLT_CLASS":"100-161","INFERRED":"Y","SUB_1":"TAP155360","SUB_2":"UNKNOWN157054","SHAPE__Len":1798.22564029079,"GlobalID":"f4074745-b10f-4ee0-9c25-7ae4d84c9368","Shape__Length":1798.2256410656944}},{"type":"Feature","id":13206,"geometry":{"type":"LineString","coordinates":[[-84.2682470001635,33.7855960001101],[-84.2681575037067,33.7853264967696],[-84.2673516969305,33.7832586160541]]},"properties":{"OBJECTID_1":13206,"OBJECTID":15487,"ID":"129240","TYPE":"AC; OVERHEAD","STATUS":"NOT AVAILABLE","NAICS_CODE":"221121","NAICS_DESC":"ELECTRIC BULK POWER TRANSMISSION AND CONTROL","SOURCE":"IMAGERY, EIA 861","SOURCEDATE":1408492800000,"VAL_METHOD":"IMAGERY","VAL_DATE":1553644800000,"OWNER":"GEORGIA POWER CO","VOLTAGE":115,"VOLT_CLASS":"100-161","INFERRED":"Y","SUB_1":"TAP142253","SUB_2":"NOT AVAILABLE","SHAPE__Len":328.574871197314,"GlobalID":"eb8617cd-7cbb-40d4-99bf-b2630fe64c1e","Shape__Length":328.5748847598759}},{"type":"Feature","id":13357,"geometry":{"type":"LineString","coordinates":[[-84.2048666249055,33.9410243821152],[-84.2050286836777,33.9408907080742]]},"properties":{"OBJECTID_1":13357,"OBJECTID":15522,"ID":"100458","TYPE":"AC; OVERHEAD","STATUS":"IN SERVICE","NAICS_CODE":"221121","NAICS_DESC":"ELECTRIC BULK POWER TRANSMISSION AND CONTROL","SOURCE":"IMAGERY, EIA 861","SOURCEDATE":1407369600000,"VAL_METHOD":"IMAGERY","VAL_DATE":1553644800000,"OWNER":"GEORGIA POWER CO","VOLTAGE":115,"VOLT_CLASS":"100-161","INFERRED":"Y","SUB_1":"TAP151310","SUB_2":"TAP151311","SHAPE__Len":25.4397002497197,"GlobalID":"cc7c67b7-6d87-4f28-88ab-9b08c90a17ed","Shape__Length":25.439686142822417}},{"type":"Feature","id":13358,"geometry":{"type":"LineString","coordinates":[[-84.2050286836777,33.9408907080742],[-84.2047682917213,33.9407376951699]]},"properties":{"OBJECTID_1":13358,"OBJECTID":15523,"ID":"127082","TYPE":"AC; OVERHEAD","STATUS":"IN SERVICE","NAICS_CODE":"221121","NAICS_DESC":"ELECTRIC BULK POWER TRANSMISSION AND CONTROL","SOURCE":"IMAGERY, EIA 861","SOURCEDATE":1407369600000,"VAL_METHOD":"IMAGERY","VAL_DATE":1553644800000,"OWNER":"GEORGIA POWER CO","VOLTAGE":115,"VOLT_CLASS":"100-161","INFERRED":"Y","SUB_1":"UNKNOWN116218","SUB_2":"TAP151310","SHAPE__Len":35.5214890373332,"GlobalID":"d0442742-2bc1-4457-b356-247b73abcc45","Shape__Length":35.52147766353952}},{"type":"Feature","id":13379,"geometry":{"type":"LineString","coordinates":[[-84.2939698001834,33.4765684995383],[-84.293769099481,33.4759233001204],[-84.2931332000577,33.4738852000777],[-84.2917979002019,33.4694846994677],[-84.2911958996041,33.4672567999648],[-84.2896790996368,33.4646266997389],[-84.2889412998192,33.46113239992],[-84.288267600187,33.4578866000812],[-84.2872777995761,33.4548050000876],[-84.286321400124,33.4516668996832],[-84.2852969002885,33.4483316995511],[-84.2844604995888,33.4455849996812],[-84.2832747997705,33.4417227000295],[-84.2824515998138,33.4389944999066],[-84.280079999853,33.4315629997663],[-84.2781969998635,33.4251370000801],[-84.2781219995204,33.4249299997364],[-84.2780589997712,33.424705999971],[-84.2779140000063,33.424264999845],[-84.2738423401669,33.3999164577995],[-84.2728155640005,33.393630075451],[-84.2718600907115,33.3874980338314],[-84.2711681462959,33.3828582804346]]},"properties":{"OBJECTID_1":13379,"OBJECTID":15545,"ID":"134875","TYPE":"AC; OVERHEAD","STATUS":"IN SERVICE","NAICS_CODE":"221121","NAICS_DESC":"ELECTRIC BULK POWER TRANSMISSION AND CONTROL","SOURCE":"IMAGERY, OpenStreetMap, EIA 861, EIA 860","SOURCEDATE":1397088000000,"VAL_METHOD":"IMAGERY","VAL_DATE":1553644800000,"OWNER":"GEORGIA POWER CO","VOLTAGE":230,"VOLT_CLASS":"220-287","INFERRED":"Y","SUB_1":"UNKNOWN116011","SUB_2":"TAP142221","SHAPE__Len":12786.5096763874,"GlobalID":"f58bb01a-ccae-4732-9af4-ad7cd64ca615","Shape__Length":12786.509692535645}},{"type":"Feature","id":13591,"geometry":{"type":"LineString","coordinates":[[-84.615712742455,33.6856714770801],[-84.6150175299684,33.6856665324884],[-84.6149882736362,33.686370091592],[-84.6105402996429,33.6859674001013],[-84.6070947996926,33.6856444997129],[-84.6028483276989,33.6852096786392],[-84.592119099677,33.6842859001485],[-84.5889774997873,33.6842731000642],[-84.5860206025032,33.6841476331238],[-84.5840240931909,33.6841594996057],[-84.5799455091374,33.684212899128],[-84.5687864462352,33.6841713668335],[-84.5619840516626,33.684123900155],[-84.5561799126444,33.6827948404545],[-84.5500976893502,33.681400492864],[-84.547644834077,33.6808387918991],[-84.5392404792481,33.6789361008916],[-84.5351000982895,33.6780341880522],[-84.5317773360548,33.6772351159366],[-84.5279601985798,33.6763766978912],[-84.5246659578553,33.6756211256338],[-84.5209343858095,33.6753521251769],[-84.5176686665953,33.675126637895],[-84.5130957090982,33.6748062078973],[-84.5092690647525,33.6743750100993],[-84.5060746502123,33.6740031495743],[-84.503607534184,33.6737262308631],[-84.5023193096424,33.6738093070186],[-84.4994909208512,33.6739279860337],[-84.4965864752982,33.6740664451759],[-84.4927486002149,33.6743030996068],[-84.4897914999115,33.6744427998744],[-84.4845540002082,33.6746973001805],[-84.4798302003035,33.6749307996035],[-84.4758933003332,33.6751142999425],[-84.4713248002765,33.6753405998671],[-84.4679507002216,33.675491399868],[-84.4660236001381,33.6755246996303],[-84.465301899927,33.675491399868],[-84.4645951997846,33.6755164001083],[-84.4641141402718,33.6759028495823],[-84.4634153614736,33.6760333940593]]},"properties":{"OBJECTID_1":13591,"OBJECTID":18567,"ID":"100780","TYPE":"AC; OVERHEAD","STATUS":"IN SERVICE","NAICS_CODE":"221121","NAICS_DESC":"ELECTRIC BULK POWER TRANSMISSION AND CONTROL","SOURCE":"IMAGERY, EIA 861, EIA 860","SOURCEDATE":1401840000000,"VAL_METHOD":"IMAGERY","VAL_DATE":1513641600000,"OWNER":"GEORGIA POWER CO","VOLTAGE":230,"VOLT_CLASS":"220-287","INFERRED":"Y","SUB_1":"UNKNOWN111352","SUB_2":"UNKNOWN116620","SHAPE__Len":17258.0030184908,"GlobalID":"d7b78b9a-c030-4566-80c0-992f83c7df05","Shape__Length":17258.002981505586}},{"type":"Feature","id":13716,"geometry":{"type":"LineString","coordinates":[[-84.2196933896368,33.9160899271025],[-84.2197326064889,33.9168739520442],[-84.216855493975,33.9172615237035],[-84.2120032628325,33.9179212801368],[-84.211849959041,33.9173059017749]]},"properties":{"OBJECTID_1":13716,"OBJECTID":18737,"ID":"101028","TYPE":"AC; OVERHEAD","STATUS":"IN SERVICE","NAICS_CODE":"221121","NAICS_DESC":"ELECTRIC BULK POWER TRANSMISSION AND CONTROL","SOURCE":"IMAGERY, EIA 861, EIA 860","SOURCEDATE":1407456000000,"VAL_METHOD":"IMAGERY","VAL_DATE":1514937600000,"OWNER":"GEORGIA POWER CO","VOLTAGE":115,"VOLT_CLASS":"100-161","INFERRED":"Y","SUB_1":"UNKNOWN116240","SUB_2":"UNKNOWN116241","SHAPE__Len":1061.38012516151,"GlobalID":"cd68fec5-915b-433a-a095-6faef44d160d","Shape__Length":1061.380123825168}},{"type":"Feature","id":13721,"geometry":{"type":"LineString","coordinates":[[-84.3855730425926,33.6078179321801],[-84.3837856916212,33.6076744181405],[-84.3767972918859,33.607613836669],[-84.3720960280167,33.6075742470352],[-84.3708694018524,33.6075584084832],[-84.3671045571068,33.6074990224912],[-84.3609345791892,33.6074198445963],[-84.356442465576,33.6073802541253],[-84.3506334981131,33.6073129509561],[-84.3470033557444,33.6070525144745],[-84.3417562305928,33.6066932876897],[-84.3387256211497,33.6065705970608],[-84.3356981486236,33.6064755975184],[-84.3339454402828,33.6064620698612],[-84.3331541278238,33.605777486531]]},"properties":{"OBJECTID_1":13721,"OBJECTID":18744,"ID":"101044","TYPE":"AC; OVERHEAD","STATUS":"IN SERVICE","NAICS_CODE":"221121","NAICS_DESC":"ELECTRIC BULK POWER TRANSMISSION AND CONTROL","SOURCE":"IMAGERY, EIA 861, EIA 860","SOURCEDATE":1407801600000,"VAL_METHOD":"IMAGERY","VAL_DATE":1513296000000,"OWNER":"GEORGIA POWER CO","VOLTAGE":115,"VOLT_CLASS":"100-161","INFERRED":"Y","SUB_1":"UNKNOWN116018","SUB_2":"TAP142236","SHAPE__Len":5879.53759217428,"GlobalID":"935e54cc-2819-490e-adc9-21d28e064f01","Shape__Length":5879.537586628037}},{"type":"Feature","id":13767,"geometry":{"type":"LineString","coordinates":[[-84.4885589996636,33.6501439998735],[-84.4891663470339,33.6506205377883],[-84.4849689230548,33.6546882829461],[-84.4789223503009,33.6605798420405],[-84.4784707591228,33.6604136648408]]},"properties":{"OBJECTID_1":13767,"OBJECTID":18807,"ID":"101130","TYPE":"AC; OVERHEAD","STATUS":"IN SERVICE","NAICS_CODE":"221121","NAICS_DESC":"ELECTRIC BULK POWER TRANSMISSION AND CONTROL","SOURCE":"IMAGERY, OpenStreetMap, EIA 861, EIA 860","SOURCEDATE":1407801600000,"VAL_METHOD":"IMAGERY","VAL_DATE":1513641600000,"OWNER":"GEORGIA POWER CO","VOLTAGE":115,"VOLT_CLASS":"100-161","INFERRED":"Y","SUB_1":"UNKNOWN111556","SUB_2":"TAP142587","SHAPE__Len":1901.27513720765,"GlobalID":"df627a2c-17ae-42c1-af2b-f8262460d1e9","Shape__Length":1901.2751946155768}},{"type":"Feature","id":13987,"geometry":{"type":"LineString","coordinates":[[-84.2596009598956,33.9407593075998],[-84.2627140930722,33.9415643421103],[-84.2703150872375,33.9435479566215],[-84.2737816733425,33.9444765311155],[-84.2740173023399,33.944537709477],[-84.2752817592557,33.9448689619598],[-84.2815931257109,33.9464690045915],[-84.2888928770321,33.9483695466325],[-84.2960328018947,33.9503490680518],[-84.2984682280547,33.9509803904586],[-84.3015390326152,33.9516270659506],[-84.3050272223045,33.9525337394432],[-84.3072505113102,33.9530899630582],[-84.3095676311439,33.9536932760795],[-84.3113224235761,33.9540068770734],[-84.3143010457171,33.9548166557357],[-84.3184226446997,33.9558754056885],[-84.3194361967668,33.9561408921238]]},"properties":{"OBJECTID_1":13987,"OBJECTID":17627,"ID":"166294","TYPE":"AC; OVERHEAD","STATUS":"IN SERVICE","NAICS_CODE":"221121","NAICS_DESC":"ELECTRIC BULK POWER TRANSMISSION AND CONTROL","SOURCE":"IMAGERY, https://www.rd.usda.gov/files/UWP_GA110-GTC_EastWalton_AES%20%26%20MCS.pdf","SOURCEDATE":1407369600000,"VAL_METHOD":"IMAGERY","VAL_DATE":1551398400000,"OWNER":"GEORGIA POWER CO","VOLTAGE":115,"VOLT_CLASS":"100-161","INFERRED":"N","SUB_1":"TAP151316","SUB_2":"TAP161071","SHAPE__Len":6974.88867722122,"GlobalID":"41dd0383-ecc7-4c89-84ae-243c30e909ce","Shape__Length":6974.888679498029}},{"type":"Feature","id":14130,"geometry":{"type":"LineString","coordinates":[[-84.2137904476155,33.9324796671368],[-84.215341909078,33.9325608944973],[-84.2162324602232,33.9317258899039],[-84.2176578539154,33.9304781799902],[-84.2187058860181,33.929579029963],[-84.2214796302905,33.9271927540171],[-84.2228963022396,33.9259738740594],[-84.2244981933256,33.9245776280898],[-84.2255388152255,33.9236904861252],[-84.2268077080222,33.9226415197133],[-84.22829545288,33.9214227684436],[-84.2299685965377,33.9200619866088],[-84.2311760167212,33.9190876558008],[-84.2331776473288,33.9174581979025],[-84.2350318428388,33.9158918750919],[-84.2368333701236,33.9143692388615],[-84.2402940012966,33.9114775827281],[-84.2412296972764,33.9106852776061],[-84.242910146034,33.9094110138709],[-84.2434225738181,33.9096761300386]]},"properties":{"OBJECTID_1":14130,"OBJECTID":18095,"ID":"100160","TYPE":"AC; OVERHEAD","STATUS":"IN SERVICE","NAICS_CODE":"221121","NAICS_DESC":"ELECTRIC BULK POWER TRANSMISSION AND CONTROL","SOURCE":"IMAGERY, https://www.rd.usda.gov/files/UWP_GA110-GTC_EastWalton_AES%20%26%20MCS.pdf","SOURCEDATE":1407369600000,"VAL_METHOD":"IMAGERY","VAL_DATE":1493078400000,"OWNER":"GEORGIA POWER CO","VOLTAGE":115,"VOLT_CLASS":"100-161","INFERRED":"Y","SUB_1":"UNKNOWN116083","SUB_2":"NORCROSS","SHAPE__Len":4607.20376746945,"GlobalID":"69b781e3-e440-4384-bb4d-0b264e1627b1","Shape__Length":4607.203763924652}},{"type":"Feature","id":14133,"geometry":{"type":"LineString","coordinates":[[-84.2709672506591,33.8862029297929],[-84.2707629513056,33.8858981965009],[-84.2711969561654,33.8855402238196],[-84.2726466780322,33.8843317934521],[-84.2758480051085,33.8816455137378],[-84.2788144101616,33.8791314887133],[-84.2796891949752,33.8784052258213],[-84.2815763047572,33.8768305968425],[-84.282698120884,33.875891324603],[-84.2853126836881,33.8737008300931],[-84.2872805627939,33.872070894073],[-84.2885211927951,33.8710171327879],[-84.2912736218425,33.8687199350706],[-84.2926427208108,33.8675712984847],[-84.2942351741965,33.86625297648],[-84.2982993402897,33.8628427451828],[-84.2994022558629,33.8619111178808],[-84.3011129985069,33.8604905331729],[-84.3026297715247,33.8592085916742],[-84.3035127768215,33.8585152037379]]},"properties":{"OBJECTID_1":14133,"OBJECTID":18099,"ID":"100165","TYPE":"AC; OVERHEAD","STATUS":"IN SERVICE","NAICS_CODE":"221121","NAICS_DESC":"ELECTRIC BULK POWER TRANSMISSION AND CONTROL","SOURCE":"IMAGERY, EIA 861, EIA 860","SOURCEDATE":1407369600000,"VAL_METHOD":"IMAGERY","VAL_DATE":1514937600000,"OWNER":"GEORGIA POWER CO","VOLTAGE":115,"VOLT_CLASS":"100-161","INFERRED":"Y","SUB_1":"UNKNOWN116567","SUB_2":"UNKNOWN153385","SHAPE__Len":5220.83418779281,"GlobalID":"e58a6f9c-1f04-43a5-a681-f3c34c1c0162","Shape__Length":5220.834128272267}},{"type":"Feature","id":14144,"geometry":{"type":"LineString","coordinates":[[-84.4647380435929,33.9056917140898],[-84.4643423069641,33.9067569327302],[-84.4645276976792,33.9073654819981],[-84.4650030564832,33.9075627419232],[-84.4653952285968,33.9101783639987],[-84.4649388826359,33.911148845446],[-84.4649789995998,33.9135359994455],[-84.4664058970719,33.9176791609119],[-84.4671493050718,33.9181667576886],[-84.4676056501344,33.9204033738181],[-84.4691885966494,33.9204625426415],[-84.469217119058,33.920687384541],[-84.4687179908316,33.9208175554644]]},"properties":{"OBJECTID_1":14144,"OBJECTID":18114,"ID":"100203","TYPE":"AC; OVERHEAD","STATUS":"IN SERVICE","NAICS_CODE":"221121","NAICS_DESC":"ELECTRIC BULK POWER TRANSMISSION AND CONTROL","SOURCE":"IMAGERY, EIA 861, EIA 860","SOURCEDATE":1408320000000,"VAL_METHOD":"IMAGERY","VAL_DATE":1514937600000,"OWNER":"GEORGIA POWER CO","VOLTAGE":115,"VOLT_CLASS":"100-161","INFERRED":"Y","SUB_1":"UNKNOWN116541","SUB_2":"TAP142613","SHAPE__Len":2359.16808670166,"GlobalID":"68f1dd8f-f8ae-4fca-9d4d-b79a7c6b480f","Shape__Length":2359.1680039414446}},{"type":"Feature","id":14149,"geometry":{"type":"LineString","coordinates":[[-84.1717489994679,34.0513669996717],[-84.1750748186696,34.0511637065098],[-84.1760255380741,34.0495882785053],[-84.1769762565803,34.0480620547332],[-84.1772436473111,34.047692802739],[-84.1785805946771,34.0470281458417],[-84.1810465222344,34.0443202290143],[-84.1830668000707,34.0422276874531],[-84.1846414281861,34.0404305238005],[-84.1849979479628,34.039593475727],[-84.185413886804,34.0368114615002],[-84.1870479348822,34.0298190936993],[-84.1879095243426,34.026815153001],[-84.1890087927557,34.0245744398454],[-84.189335602551,34.0238111059617],[-84.1895138633377,34.0230723899591],[-84.1896029914852,34.0202652091693],[-84.1901971920114,34.0184429541793],[-84.1878203935001,34.0166452859366],[-84.1858595365248,34.0153647321309],[-84.1852356269156,34.014601316165],[-84.1854733067668,34.0139610258887],[-84.1845820082233,34.012729684862],[-84.1840175185769,34.011522954819],[-84.183393609866,34.0104885998552],[-84.1823110995244,34.0090870060111],[-84.1812641427052,34.0083721005796],[-84.1802231057837,34.0079524346262],[-84.178747114483,34.0075150337447],[-84.1771499072129,34.0074086387761],[-84.1760375656174,34.0069653238554],[-84.1748610519713,34.0061082420778],[-84.1747000002105,34.0053540001284],[-84.173656441718,34.0046193057267],[-84.1721515031057,34.0041812546824],[-84.1699838638335,34.0047191605485],[-84.1681656135113,34.0041871661144],[-84.1666682306288,34.0036669897955],[-84.1632399998915,34.0020339999304],[-84.1620330001196,34.0016319995067],[-84.161464999857,34.0007639997798],[-84.1612280000306,33.9996069995656],[-84.1616413050113,33.9977379415819],[-84.160728614886,33.9973182230816],[-84.1593881012084,33.997915288136],[-84.1592241020751,33.9976965621306],[-84.1588818430536,33.9974600998639]]},"properties":{"OBJECTID_1":14149,"OBJECTID":18120,"ID":"100192","TYPE":"AC; OVERHEAD","STATUS":"IN SERVICE","NAICS_CODE":"221121","NAICS_DESC":"ELECTRIC BULK POWER TRANSMISSION AND CONTROL","SOURCE":"IMAGERY, EIA 861","SOURCEDATE":1401840000000,"VAL_METHOD":"IMAGERY","VAL_DATE":1493078400000,"OWNER":"GEORGIA POWER CO","VOLTAGE":230,"VOLT_CLASS":"220-287","INFERRED":"Y","SUB_1":"UNKNOWN111513","SUB_2":"UNKNOWN116217","SHAPE__Len":10336.9068826901,"GlobalID":"d4a1bce7-0b2e-4607-86bb-12510852c30a","Shape__Length":10336.906852454487}},{"type":"Feature","id":14151,"geometry":{"type":"LineString","coordinates":[[-84.372496000202,34.0129429996945],[-84.3726389859441,34.0132882355467],[-84.3737988627912,34.0129887724412],[-84.3750538119381,34.0127208320089],[-84.3806250249896,34.013445847009],[-84.3821271608582,34.013540413597],[-84.3849603026356,34.0134300856526],[-84.3877934453113,34.0110816428643],[-84.3884209203339,34.0114126361672],[-84.3890103660772,34.011554488662],[-84.3905125019459,34.011538727699],[-84.3924709819788,34.011554488662],[-84.3950569379327,34.0125316961573],[-84.396406958481,34.0129730117445],[-84.3983840309455,34.0136041067408],[-84.400152791282,34.014312704449],[-84.4006659997021,34.0163909994854],[-84.401740000303,34.0174479998063],[-84.4031649996348,34.0176200000519],[-84.4062209999594,34.0183139995807],[-84.4081612370056,34.0185453421683],[-84.4090489997801,34.0189129995977],[-84.4102189997421,34.019036999661],[-84.4119046928644,34.0186783186007],[-84.4119700551827,34.0190329216501],[-84.4122315017614,34.0191215716225]]},"properties":{"OBJECTID_1":14151,"OBJECTID":18124,"ID":"100197","TYPE":"AC; OVERHEAD","STATUS":"IN SERVICE","NAICS_CODE":"221121","NAICS_DESC":"ELECTRIC BULK POWER TRANSMISSION AND CONTROL","SOURCE":"IMAGERY, EIA 861, EIA 860","SOURCEDATE":1401840000000,"VAL_METHOD":"IMAGERY","VAL_DATE":1514937600000,"OWNER":"GEORGIA POWER CO","VOLTAGE":115,"VOLT_CLASS":"100-161","INFERRED":"Y","SUB_1":"UNKNOWN111526","SUB_2":"UNKNOWN116273","SHAPE__Len":5071.450695847,"GlobalID":"f241a8b7-759c-4179-b0c0-df6f3c203b16","Shape__Length":5071.4505904688685}},{"type":"Feature","id":14160,"geometry":{"type":"LineString","coordinates":[[-84.4550100355658,33.8259864247738],[-84.4545631982722,33.8254454156508],[-84.453738612215,33.8248525165143],[-84.453336999706,33.823663999898],[-84.4544633936475,33.8213338825212]]},"properties":{"OBJECTID_1":14160,"OBJECTID":18142,"ID":"100265","TYPE":"AC; OVERHEAD","STATUS":"IN SERVICE","NAICS_CODE":"221121","NAICS_DESC":"ELECTRIC BULK POWER TRANSMISSION AND CONTROL","SOURCE":"IMAGERY, EIA 861, EIA 860","SOURCEDATE":1401840000000,"VAL_METHOD":"IMAGERY","VAL_DATE":1514937600000,"OWNER":"GEORGIA POWER CO","VOLTAGE":115,"VOLT_CLASS":"100-161","INFERRED":"Y","SUB_1":"UNKNOWN111550","SUB_2":"TAP142586","SHAPE__Len":711.200163958901,"GlobalID":"a50df57a-dbcf-47ac-9f4f-5eaae90edb2e","Shape__Length":711.2001600856875}},{"type":"Feature","id":14212,"geometry":{"type":"LineString","coordinates":[[-84.4201171217345,33.9658643588959],[-84.4223105884694,33.9658044385878],[-84.4260362630754,33.9657995101693],[-84.4288538181842,33.9657749120295],[-84.4320163721763,33.9651920355094],[-84.4340413616763,33.9657353960001],[-84.4448544959389,33.9656615225297],[-84.4548310669067,33.9656073135442],[-84.4590736725514,33.9655728167637],[-84.4644502952411,33.9655481798163],[-84.46771752093,33.9654151559721],[-84.4750856367393,33.9651441069339],[-84.4796252972821,33.9649666934849],[-84.4863040935531,33.9647153569459],[-84.4932181118846,33.9644444025339],[-84.4954143184812,33.9643457028942],[-84.4987170375053,33.9642323889745],[-84.5024722801589,33.9640894740002],[-84.5067564589366,33.9639268424443],[-84.5137620272736,33.9636607194412],[-84.522746482672,33.9633058785346],[-84.5258303622114,33.9632073146647],[-84.5285188446853,33.9630994985201],[-84.5345960931095,33.9589411457598],[-84.5352817565046,33.9602309024568],[-84.5353402125751,33.9609836121805],[-84.5354743831493,33.9616517025419]]},"properties":{"OBJECTID_1":14212,"OBJECTID":18220,"ID":"100319","TYPE":"AC; OVERHEAD","STATUS":"IN SERVICE","NAICS_CODE":"221121","NAICS_DESC":"ELECTRIC BULK POWER TRANSMISSION AND CONTROL","SOURCE":"IMAGERY, EIA 861, EIA 860","SOURCEDATE":1408060800000,"VAL_METHOD":"IMAGERY","VAL_DATE":1512950400000,"OWNER":"GEORGIA POWER CO","VOLTAGE":230,"VOLT_CLASS":"220-287","INFERRED":"Y","SUB_1":"UNKNOWN116277","SUB_2":"UNKNOWN116279","SHAPE__Len":13353.4949574839,"GlobalID":"bcdd2200-010f-4b1b-ab45-0bb6916fb24c","Shape__Length":13353.49496856762}},{"type":"Feature","id":14252,"geometry":{"type":"LineString","coordinates":[[-84.3676809997364,33.8270119998235],[-84.3668755316251,33.826804562864],[-84.36697300602,33.8250427045055],[-84.3670728322042,33.823407799492],[-84.3672296996124,33.8216306944421],[-84.3673723080621,33.8208132135986],[-84.3674863950015,33.8204933275009],[-84.3678286531247,33.8201615925338],[-84.367643263308,33.8195573575468],[-84.3669302237546,33.8190360538848],[-84.3666592685087,33.8172944014625],[-84.3664453571816,33.8154934727398],[-84.3664596179368,33.8140835080097],[-84.366587964733,33.8115834294458],[-84.3667590946929,33.810718456658],[-84.3659604906087,33.8102681926739],[-84.3657180568731,33.8094979998473],[-84.3657750998937,33.8082064311711],[-84.3658749260779,33.8074717680859],[-84.3663455318957,33.8073058751391],[-84.3675576978788,33.8055402844906],[-84.367543438022,33.8053269888986],[-84.3670728322042,33.8036798578117],[-84.3671726565919,33.8019260425464],[-84.3676717848182,33.8001958929672],[-84.367857174635,33.7986434676579],[-84.3682707383306,33.7979442747313],[-84.3690122975976,33.7969014008266],[-84.3675810576695,33.7953031768123],[-84.367294999947,33.794972999969],[-84.3671156135713,33.7936541865272],[-84.3669302237546,33.7927534788521],[-84.3668303975703,33.7918409086127],[-84.3668589199789,33.7915564698451],[-84.366587964733,33.7915446174628],[-84.3663609999866,33.7911629998848]]},"properties":{"OBJECTID_1":14252,"OBJECTID":18291,"ID":"100408","TYPE":"AC; OVERHEAD","STATUS":"IN SERVICE","NAICS_CODE":"221121","NAICS_DESC":"ELECTRIC BULK POWER TRANSMISSION AND CONTROL","SOURCE":"IMAGERY, EIA 861","SOURCEDATE":1401840000000,"VAL_METHOD":"IMAGERY","VAL_DATE":1512950400000,"OWNER":"GEORGIA POWER CO","VOLTAGE":230,"VOLT_CLASS":"220-287","INFERRED":"Y","SUB_1":"UNKNOWN111534","SUB_2":"BOULEVARD","SHAPE__Len":5200.82546500006,"GlobalID":"672965ce-eb70-4182-bfbc-a71034a99d8d","Shape__Length":5200.825465685082}},{"type":"Feature","id":14347,"geometry":{"type":"LineString","coordinates":[[-84.6053541961503,33.9809474076911],[-84.6055977860177,33.9809903916277],[-84.6057594001238,33.9810787997378],[-84.6066083098639,33.9800898689956],[-84.6081471715563,33.9781034949604],[-84.6082158962688,33.9755013420111],[-84.6082823895661,33.9732210369371],[-84.608320389201,33.9704677269948],[-84.6083742872197,33.9681556274751],[-84.6083932856897,33.9655440701809],[-84.6084280882204,33.9630714298517],[-84.6084660869569,33.9607511568947],[-84.6084974866694,33.958202013122],[-84.608526587593,33.9559182130376],[-84.6085851891905,33.9527928488729],[-84.6086296800516,33.9501584170342],[-84.6085821196472,33.9475180769485],[-84.608644391761,33.9458676136746],[-84.609069912033,33.9453131880107],[-84.6099646780735,33.9440763100943],[-84.6099980801307,33.942299033038],[-84.6099698856072,33.9403493181248],[-84.6099585839026,33.9385023448331],[-84.6099646834633,33.9366003356121],[-84.6099397363496,33.9320678430334]]},"properties":{"OBJECTID_1":14347,"OBJECTID":18427,"ID":"100584","TYPE":"AC; OVERHEAD","STATUS":"IN SERVICE","NAICS_CODE":"221121","NAICS_DESC":"ELECTRIC BULK POWER TRANSMISSION AND CONTROL","SOURCE":"IMAGERY, OpenStreetMap, EIA 861, EIA 860","SOURCEDATE":1397088000000,"VAL_METHOD":"IMAGERY","VAL_DATE":1512950400000,"OWNER":"GEORGIA POWER CO","VOLTAGE":230,"VOLT_CLASS":"220-287","INFERRED":"Y","SUB_1":"UNKNOWN116556","SUB_2":"TAP142245","SHAPE__Len":6749.40616003182,"GlobalID":"cf2b9da9-d15f-478e-b3d0-7d0da772be62","Shape__Length":6749.406121869621}},{"type":"Feature","id":14460,"geometry":{"type":"LineString","coordinates":[[-84.0317147036863,33.9111726877648],[-84.0314437493387,33.9107742388831],[-84.0313011408891,33.910711118791]]},"properties":{"OBJECTID_1":14460,"OBJECTID":19113,"ID":"101546","TYPE":"AC; OVERHEAD","STATUS":"IN SERVICE","NAICS_CODE":"221121","NAICS_DESC":"ELECTRIC BULK POWER TRANSMISSION AND CONTROL","SOURCE":"IMAGERY, EIA 861, EIA 860","SOURCEDATE":1407283200000,"VAL_METHOD":"IMAGERY","VAL_DATE":1514851200000,"OWNER":"GEORGIA POWER CO","VOLTAGE":115,"VOLT_CLASS":"100-161","INFERRED":"Y","SUB_1":"UNKNOWN116172","SUB_2":"TAP142232","SHAPE__Len":79.3615146838903,"GlobalID":"af09f280-d93d-4074-a0b2-41aa0db56bcd","Shape__Length":79.36151514177936}},{"type":"Feature","id":14643,"geometry":{"type":"LineString","coordinates":[[-84.4305700001272,33.7791279994525],[-84.4307662865084,33.7788622330033],[-84.4307791449934,33.7782600121204],[-84.4323848027153,33.7778893137582],[-84.4359896018133,33.7780322324492],[-84.4391363346766,33.7781444371114],[-84.4422006165698,33.7782508571303],[-84.444127314208,33.7794436348665],[-84.4448484574636,33.7806786185701],[-84.4457039159221,33.7821703459114],[-84.4472446362289,33.7848382799995],[-84.4483928331806,33.7868297744505],[-84.4502488468807,33.7900457705972],[-84.4513916808902,33.7919697381599],[-84.4530725302964,33.7944612507055],[-84.4549927977938,33.7973240530904],[-84.455935207782,33.7987005665153],[-84.4580064371629,33.8017820119298],[-84.4599554741057,33.8047348676778],[-84.4616274517501,33.8072023828751],[-84.4631917079173,33.8095328165638],[-84.4653395060998,33.8127324000889],[-84.466546575042,33.814142696083],[-84.4672527990773,33.8152814774777],[-84.468672498349,33.8175216758945],[-84.4707208467413,33.8208248305732],[-84.4723427486986,33.8234780186128],[-84.4740107225518,33.8219266239588],[-84.4767799995024,33.8228379994786]]},"properties":{"OBJECTID_1":14643,"OBJECTID":19372,"ID":"101940","TYPE":"AC; OVERHEAD","STATUS":"IN SERVICE","NAICS_CODE":"221121","NAICS_DESC":"ELECTRIC BULK POWER TRANSMISSION AND CONTROL","SOURCE":"IMAGERY, OpenStreetMap, http://www.psc.state.fl.us/publications/pdf/electricgas/transmissionreport2007.pdf, EIA 861","SOURCEDATE":1408060800000,"VAL_METHOD":"IMAGERY","VAL_DATE":1444262400000,"OWNER":"GEORGIA POWER CO","VOLTAGE":230,"VOLT_CLASS":"220-287","INFERRED":"Y","SUB_1":"JACK MCDONOUGH","SUB_2":"UNKNOWN111552","SHAPE__Len":8966.7600649695,"GlobalID":"69ae712c-c7ef-40b5-be87-e8a8f3c12f22","Shape__Length":8966.759826725494}},{"type":"Feature","id":14673,"geometry":{"type":"LineString","coordinates":[[-84.4228221152433,33.5276413316561],[-84.4224988708614,33.52746301008],[-84.4218333665595,33.5273837565106],[-84.421562412212,33.5267180200653],[-84.4236064576741,33.5232465980645],[-84.4256029678846,33.5196482188068],[-84.4271954221686,33.5169532989826],[-84.4284693850567,33.5147933397557],[-84.4288829478539,33.5140046437575],[-84.4293012636374,33.5129067986012],[-84.4299334916461,33.5125976555283],[-84.4300903608509,33.5115711348077],[-84.4301093745922,33.5110439977119],[-84.4300570854562,33.5101878886419],[-84.4298716956394,33.5095695827121],[-84.4293155252908,33.5076551829882],[-84.4289114702625,33.5066048210202],[-84.4285787181116,33.505689212753],[-84.4282174453488,33.5046269357191],[-84.4278942000685,33.5035051888676],[-84.4277563455033,33.5023358621575],[-84.4264110788395,33.5023120791129],[-84.4228268691278,33.5021971271397],[-84.4213960370348,33.4993827445871],[-84.4204738391406,33.4977218194493],[-84.4200270009486,33.4968972918138],[-84.4194898452396,33.4961877149332],[-84.4175551552903,33.493982646822],[-84.4163619796922,33.4925406388823],[-84.4154635512204,33.4912720544532],[-84.414741003898,33.4901818494747],[-84.4142038481891,33.4894563610893],[-84.413357707955,33.4891154189457],[-84.4114087338943,33.4884176717243],[-84.4101442778768,33.4879696841122],[-84.4096403966643,33.4875573748418],[-84.4084472453207,33.4864314419904],[-84.4080907246457,33.4857971077259],[-84.4058470286117,33.4841478159966],[-84.4067739794921,33.4840407697616],[-84.4072208176841,33.484199356979]]},"properties":{"OBJECTID_1":14673,"OBJECTID":19410,"ID":"101981","TYPE":"AC; OVERHEAD","STATUS":"IN SERVICE","NAICS_CODE":"221121","NAICS_DESC":"ELECTRIC BULK POWER TRANSMISSION AND CONTROL","SOURCE":"IMAGERY, EIA 861, EIA 860","SOURCEDATE":1407888000000,"VAL_METHOD":"IMAGERY","VAL_DATE":1513296000000,"OWNER":"GEORGIA POWER CO","VOLTAGE":115,"VOLT_CLASS":"100-161","INFERRED":"Y","SUB_1":"UNKNOWN116358","SUB_2":"UNKNOWN116359","SHAPE__Len":7601.92471309867,"GlobalID":"4b3db62f-8e7c-4726-8eb1-9eb92a393210","Shape__Length":7601.924626248767}},{"type":"Feature","id":14679,"geometry":{"type":"LineString","coordinates":[[-84.7402862057468,33.9720382347148],[-84.7398584998737,33.972033999491],[-84.7398431997678,33.9711981998295],[-84.7397974000614,33.9697440996716],[-84.7397855997918,33.9682216001239],[-84.7397441003206,33.9666907997728],[-84.7395347452487,33.9657324896091],[-84.7392910996858,33.9646172000149],[-84.7392654994968,33.9626540994496],[-84.7392359000082,33.9610151997996],[-84.7392042999714,33.9593861000777],[-84.7394055800873,33.9587343818617],[-84.7396128995768,33.9580630996597],[-84.7395358995839,33.9566466999118],[-84.7394050375048,33.9562213897894],[-84.7390049000295,33.9549208997826],[-84.7383357000586,33.9543249000468],[-84.7377000000613,33.9530263996619],[-84.7368927002851,33.9512709997285],[-84.736424800193,33.9500887000335],[-84.7363378998673,33.9489522000968],[-84.7363877150431,33.9476795177502],[-84.7363951998061,33.9474882996188],[-84.7362786999918,33.9460013000211],[-84.7362116003317,33.9441262999115],[-84.7374887998498,33.9427374998808],[-84.7382133001096,33.9410211998815],[-84.7394509998063,33.9400221999125],[-84.7404124001796,33.9386972998327],[-84.7412276994534,33.9370283999984],[-84.7429273002928,33.9359490995051],[-84.7421593997267,33.9350220001237],[-84.7415452997204,33.9343531998454],[-84.7399473001362,33.9343431999913],[-84.7391270996543,33.9330005995379],[-84.7393088998031,33.9313244000036],[-84.7382785995459,33.9307294000119],[-84.7366621000567,33.9312885000127],[-84.7349647998027,33.9318751997874],[-84.7335754995203,33.9322456999759],[-84.7315556995877,33.9328219995917],[-84.7295379002033,33.9333776998627],[-84.7275139994614,33.9339335001063],[-84.7254010999294,33.9345337999751],[-84.7233005998433,33.9351255998762],[-84.7214297001606,33.9356555998177],[-84.7198440003093,33.9361033000751],[-84.7181219002652,33.9366007000601],[-84.7162778000224,33.9371289997619],[-84.714414500087,33.9376564994781],[-84.7124348000504,33.9382636997142],[-84.7105223002852,33.9388095999045],[-84.7091569670546,33.9386893947093],[-84.7091690637682,33.9374403588579],[-84.7091899972093,33.9363520440306],[-84.7092378837021,33.93544639065],[-84.7095327134733,33.9350326296819]]},"properties":{"OBJECTID_1":14679,"OBJECTID":19418,"ID":"102007","TYPE":"AC; OVERHEAD","STATUS":"IN SERVICE","NAICS_CODE":"221121","NAICS_DESC":"ELECTRIC BULK POWER TRANSMISSION AND CONTROL","SOURCE":"IMAGERY, OpenStreetMap, EIA 861, EIA 860","SOURCEDATE":1397088000000,"VAL_METHOD":"IMAGERY","VAL_DATE":1512950400000,"OWNER":"GEORGIA POWER CO","VOLTAGE":230,"VOLT_CLASS":"220-287","INFERRED":"Y","SUB_1":"UNKNOWN110782","SUB_2":"UNKNOWN115912","SHAPE__Len":10175.2872769638,"GlobalID":"70d8c9c3-1c2a-4d86-882e-e8e97454e810","Shape__Length":10175.287164466223}},{"type":"Feature","id":14700,"geometry":{"type":"LineString","coordinates":[[-84.4079767338261,33.6387639218644],[-84.4083441735234,33.6389958285866],[-84.4083530156407,33.6402282334406],[-84.4090089690544,33.6403614810265]]},"properties":{"OBJECTID_1":14700,"OBJECTID":19443,"ID":"102038","TYPE":"AC; OVERHEAD","STATUS":"IN SERVICE","NAICS_CODE":"221121","NAICS_DESC":"ELECTRIC BULK POWER TRANSMISSION AND CONTROL","SOURCE":"IMAGERY, EIA 861, EIA 860","SOURCEDATE":1407801600000,"VAL_METHOD":"IMAGERY","VAL_DATE":1514937600000,"OWNER":"GEORGIA POWER CO","VOLTAGE":115,"VOLT_CLASS":"100-161","INFERRED":"Y","SUB_1":"UNKNOWN116345","SUB_2":"UNKNOWN116346","SHAPE__Len":291.279712245679,"GlobalID":"22cb5e99-520e-489c-8dc6-174d76a5b628","Shape__Length":291.2797068303063}},{"type":"Feature","id":14731,"geometry":{"type":"LineString","coordinates":[[-84.2801963541402,33.8786880847444],[-84.2799831551772,33.8784902120981],[-84.280466120915,33.8780033601741],[-84.2801214849512,33.8777961655927],[-84.2795386750628,33.8783078919569],[-84.2769430577281,33.8804707010812],[-84.2724687792666,33.884272980627],[-84.2706098720929,33.8858351847674],[-84.2704115698923,33.8860010729593],[-84.2683094869746,33.8877554064732],[-84.2585229599951,33.8959037836342],[-84.2546845054984,33.899139159871],[-84.2512793156498,33.9019408289023],[-84.246792858728,33.9059850501072],[-84.245127811586,33.9073920779387],[-84.2429028238661,33.9090917048323],[-84.2427653079658,33.9091967496511],[-84.2410054148994,33.9105410761649],[-84.2390034357454,33.9122735565719],[-84.2348823407176,33.915725111711],[-84.2330048941132,33.9172949464742],[-84.2309896046216,33.9189357517091],[-84.2281184326667,33.9212670191317],[-84.2265921428967,33.9225098599997],[-84.222689039344,33.9258353507576],[-84.2174542013489,33.9303227647527],[-84.2164696531874,33.9308436820243],[-84.215568217156,33.9316622814855],[-84.2147049208966,33.9318694890392],[-84.2137904476155,33.9324796671368]]},"properties":{"OBJECTID_1":14731,"OBJECTID":19491,"ID":"102109","TYPE":"AC; OVERHEAD","STATUS":"IN SERVICE","NAICS_CODE":"221121","NAICS_DESC":"ELECTRIC BULK POWER TRANSMISSION AND CONTROL","SOURCE":"IMAGERY, EIA 861","SOURCEDATE":1407369600000,"VAL_METHOD":"IMAGERY","VAL_DATE":1493078400000,"OWNER":"GEORGIA POWER CO","VOLTAGE":230,"VOLT_CLASS":"220-287","INFERRED":"Y","SUB_1":"UNKNOWN116566","SUB_2":"NORCROSS","SHAPE__Len":10593.024397549,"GlobalID":"5b32c706-e63b-4c8c-8029-42e7a40c2124","Shape__Length":10593.024422317587}},{"type":"Feature","id":14747,"geometry":{"type":"LineString","coordinates":[[-84.2050286836777,33.9408907080742],[-84.2082314965675,33.9382488418516],[-84.2111594878625,33.9358275166849],[-84.2119151192385,33.9351848240603],[-84.2141244762724,33.9333126817849],[-84.2137904476155,33.9324796671368]]},"properties":{"OBJECTID_1":14747,"OBJECTID":19524,"ID":"102149","TYPE":"AC; OVERHEAD","STATUS":"IN SERVICE","NAICS_CODE":"221121","NAICS_DESC":"ELECTRIC BULK POWER TRANSMISSION AND CONTROL","SOURCE":"IMAGERY, https://www.rd.usda.gov/files/UWP_GA110-GTC_EastWalton_AES%20%26%20MCS.pdf","SOURCEDATE":1407369600000,"VAL_METHOD":"IMAGERY","VAL_DATE":1493078400000,"OWNER":"GEORGIA POWER CO","VOLTAGE":115,"VOLT_CLASS":"100-161","INFERRED":"Y","SUB_1":"TAP151310","SUB_2":"NORCROSS","SHAPE__Len":1552.77332783352,"GlobalID":"ce777371-0ff3-45ed-ade8-a0ca1043c822","Shape__Length":1552.7733797376375}},{"type":"Feature","id":14784,"geometry":{"type":"LineString","coordinates":[[-84.0481464128773,33.8387708708131],[-84.0474405041506,33.8389485470548],[-84.0468985936588,33.8388182511803],[-84.0457078192575,33.8385043546386],[-84.0391977706144,33.8379713205425],[-84.0265585626017,33.8370762868741],[-84.011185438023,33.8291869181183],[-84.0094456232015,33.8282747356754],[-84.008119370279,33.8285768240238],[-84.0076915458283,33.8279726477522],[-84.0078911972985,33.8274395487254],[-84.0048607809932,33.8258343078847],[-84.0002973294684,33.8233878849591],[-83.9965467436813,33.8222090759063],[-83.9871274956006,33.8266221226674],[-83.9824000467392,33.8288611397384],[-83.9780219859295,33.8308809428468],[-83.9718898486448,33.833800984043],[-83.9657719730136,33.8367090808566],[-83.9591763598396,33.8401382561593],[-83.948708944909,33.8450952154387],[-83.944473492549,33.8470791031026],[-83.9486447719601,33.8533206459692],[-83.9497785042391,33.8549253705895],[-83.9536978430439,33.8606946315246],[-83.9554031948978,33.8612225901311],[-83.9552011664854,33.8616765318307]]},"properties":{"OBJECTID_1":14784,"OBJECTID":19579,"ID":"102226","TYPE":"AC; OVERHEAD","STATUS":"IN SERVICE","NAICS_CODE":"221121","NAICS_DESC":"ELECTRIC BULK POWER TRANSMISSION AND CONTROL","SOURCE":"IMAGERY, EIA 861, EIA 860","SOURCEDATE":1407283200000,"VAL_METHOD":"IMAGERY","VAL_DATE":1514851200000,"OWNER":"GEORGIA POWER CO","VOLTAGE":115,"VOLT_CLASS":"100-161","INFERRED":"Y","SUB_1":"UNKNOWN116163","SUB_2":"UNKNOWN116168","SHAPE__Len":15486.865266581,"GlobalID":"c1113515-e80e-4aca-957e-f72d27b9c235","Shape__Length":15486.865380072595}},{"type":"Feature","id":14805,"geometry":{"type":"LineString","coordinates":[[-84.2715656085883,33.7909536678105],[-84.2724854295404,33.7919808125721],[-84.2726137772349,33.7931363360723],[-84.2731556868284,33.7934385477743],[-84.2738116824629,33.7936459469494],[-84.2755149996327,33.7937599997457],[-84.2763740001484,33.793973000168],[-84.2774334687029,33.7939236569376],[-84.2820616573186,33.7924677351578],[-84.2833879111395,33.7919214919595],[-84.2852080003131,33.7920530000261],[-84.2875909998948,33.7925399998425],[-84.2893819998229,33.7931780000428],[-84.2922189998644,33.7938089996619],[-84.2950019994792,33.7931909996394],[-84.2967900008308,33.792425746838],[-84.2982239994852,33.7918119996732],[-84.299908916463,33.7908963846099],[-84.3040649999727,33.7902690000703],[-84.3059911406555,33.7901437948108],[-84.3077166956201,33.7905941646806],[-84.3130220001611,33.7922209994526],[-84.3148590001198,33.7918400000526],[-84.3164737299279,33.7911071278295],[-84.3180794379555,33.7900290846922],[-84.3197409996343,33.7891759998407],[-84.3218449995568,33.7884830001655],[-84.3248011153066,33.7881585868188],[-84.3256929995516,33.7881839999687],[-84.3271470135688,33.7890899616275],[-84.327598604747,33.7889418106741]]},"properties":{"OBJECTID_1":14805,"OBJECTID":19608,"ID":"102257","TYPE":"AC; OVERHEAD","STATUS":"IN SERVICE","NAICS_CODE":"221121","NAICS_DESC":"ELECTRIC BULK POWER TRANSMISSION AND CONTROL","SOURCE":"IMAGERY, EIA 861, EIA 860","SOURCEDATE":1408406400000,"VAL_METHOD":"IMAGERY","VAL_DATE":1514937600000,"OWNER":"GEORGIA POWER CO","VOLTAGE":115,"VOLT_CLASS":"100-161","INFERRED":"Y","SUB_1":"UNKNOWN116571","SUB_2":"UNKNOWN116572","SHAPE__Len":6888.60109413703,"GlobalID":"1b5bedb3-a216-4754-b480-373bf4da3895","Shape__Length":6888.601026877943}},{"type":"Feature","id":14811,"geometry":{"type":"LineString","coordinates":[[-84.0481464128773,33.8387708708131],[-84.0487810178283,33.8386820321806],[-84.0500288361484,33.8388241740974],[-84.0529522972394,33.8391617588034],[-84.0538293350277,33.8403877136103],[-84.0555229638671,33.8429421287453],[-84.0598653723398,33.8493201761077],[-84.067216805536,33.851404633772],[-84.0760656216147,33.8541877794374],[-84.0797306437693,33.8552950921782],[-84.0930216936066,33.8565504217048],[-84.1003731277011,33.8589485255144],[-84.1080525600621,33.8614472190006],[-84.120666222683,33.8656332547217],[-84.1245023738993,33.867042368439],[-84.1282886120234,33.8685817110681],[-84.1329162355988,33.8704762476462]]},"properties":{"OBJECTID_1":14811,"OBJECTID":19622,"ID":"102281","TYPE":"AC; OVERHEAD","STATUS":"IN SERVICE","NAICS_CODE":"221121","NAICS_DESC":"ELECTRIC BULK POWER TRANSMISSION AND CONTROL","SOURCE":"IMAGERY, http://www.psc.state.fl.us/publications/pdf/electricgas/transmissionreport2007.pdf, EIA 861","SOURCEDATE":1407283200000,"VAL_METHOD":"IMAGERY","VAL_DATE":1444348800000,"OWNER":"GEORGIA POWER CO","VOLTAGE":230,"VOLT_CLASS":"220-287","INFERRED":"Y","SUB_1":"UNKNOWN116163","SUB_2":"UNKNOWN116216","SHAPE__Len":10765.8947008062,"GlobalID":"4bccb00a-d28c-4895-9b6a-1291ffa6d88e","Shape__Length":10765.894682173688}},{"type":"Feature","id":14837,"geometry":{"type":"LineString","coordinates":[[-84.475605949935,33.8810074658479],[-84.4756011960506,33.8808890726413],[-84.4767135367478,33.8808811800533],[-84.4763712777262,33.8798511571255],[-84.4752343672077,33.8768612558111],[-84.4744360766355,33.8749715477596],[-84.4712846015658,33.8680491070517],[-84.4709426731243,33.8672298929157]]},"properties":{"OBJECTID_1":14837,"OBJECTID":19662,"ID":"102332","TYPE":"AC; OVERHEAD","STATUS":"IN SERVICE","NAICS_CODE":"221121","NAICS_DESC":"ELECTRIC BULK POWER TRANSMISSION AND CONTROL","SOURCE":"IMAGERY, EIA 861, EIA 860","SOURCEDATE":1408060800000,"VAL_METHOD":"IMAGERY","VAL_DATE":1514937600000,"OWNER":"GEORGIA POWER CO","VOLTAGE":115,"VOLT_CLASS":"100-161","INFERRED":"Y","SUB_1":"UNKNOWN116283","SUB_2":"TAP142615","SHAPE__Len":2080.33197072566,"GlobalID":"e5a6ed82-2410-4edf-90d5-1cd49bb4f4d2","Shape__Length":2080.331969748584}},{"type":"Feature","id":15044,"geometry":{"type":"LineString","coordinates":[[-84.5682975498199,33.994173061561],[-84.5679619922304,33.9950355457583],[-84.5652218997468,33.995159099564],[-84.5613005002067,33.9960883998827],[-84.5559521996013,33.9973421001042],[-84.5516714002857,33.9972353997007],[-84.5485813996259,33.997146700066],[-84.5439411996365,33.9970085994553],[-84.5386948003237,33.9968884995777],[-84.5344891001659,33.9967816995507],[-84.5301600002341,33.9966797001527],[-84.5278210998479,33.9953323001089],[-84.5258225001561,33.9941376997544],[-84.5229877998017,33.9925304994579],[-84.5206114001423,33.9910358998656],[-84.5177575000954,33.9893414994914],[-84.5146622002738,33.9875445000571],[-84.5123341003323,33.9878157994634],[-84.5080104001737,33.9883270997643],[-84.5037134994549,33.98882529981],[-84.498638699921,33.9894523994751],[-84.4953234997043,33.9897948997312],[-84.4909790996665,33.9902618995013],[-84.4865370994698,33.9907272000086],[-84.4813550994814,33.9912965000536],[-84.4776590001096,33.9916746000213],[-84.4742471995588,33.9919369999406],[-84.4698269996774,33.9922350000005],[-84.4660289999113,33.9925017999742],[-84.4609112995343,33.9928487999368],[-84.4587818997471,33.9928949998567],[-84.4554505999239,33.9929217001665],[-84.4505957995996,33.9929972994835],[-84.4482140001671,33.9920367996592],[-84.4464222995531,33.9920145999409],[-84.4439600002914,33.9919879000908],[-84.4409130001876,33.9918633994909],[-84.4361548001974,33.9916185001607],[-84.4324211000427,33.9914452994933],[-84.4286820998278,33.9912495998844],[-84.4252059996656,33.9910627996253],[-84.4218157002911,33.9894123998825],[-84.418516599681,33.9877889001655],[-84.4146863998035,33.9870596998139],[-84.4096276998761,33.9839860996081],[-84.4083080998765,33.9831542997804],[-84.4053254999954,33.9798713995404],[-84.403372799723,33.9776914997814],[-84.4007550002889,33.9748180001546],[-84.3975631998462,33.971281199819],[-84.395567599629,33.9691235000759],[-84.3934432995778,33.9667697996343],[-84.3890229999834,33.9671390996942],[-84.386281799877,33.967325899633],[-84.3838299704799,33.9675403647977],[-84.3807213639139,33.9678258565909],[-84.3802047526755,33.9678947179322],[-84.3792239819298,33.9672147815455],[-84.3790139998338,33.9668869999614]]},"properties":{"OBJECTID_1":15044,"OBJECTID":19947,"ID":"102708","TYPE":"AC; OVERHEAD","STATUS":"IN SERVICE","NAICS_CODE":"221121","NAICS_DESC":"ELECTRIC BULK POWER TRANSMISSION AND CONTROL","SOURCE":"IMAGERY, http://www.psc.state.fl.us/publications/pdf/electricgas/transmissionreport2007.pdf, EIA 861","SOURCEDATE":1397088000000,"VAL_METHOD":"IMAGERY","VAL_DATE":1512950400000,"OWNER":"GEORGIA POWER CO","VOLTAGE":500,"VOLT_CLASS":"500","INFERRED":"Y","SUB_1":"BULL SLUICE","SUB_2":"BIG SHANTY","SHAPE__Len":23136.2594197783,"GlobalID":"f8350125-cf4e-4dd8-949d-ee207e212215","Shape__Length":23136.25946589657}},{"type":"Feature","id":15064,"geometry":{"type":"LineString","coordinates":[[-84.2709672506591,33.8862029297929],[-84.2708235067389,33.8859533749822],[-84.2712604401065,33.8855929878307],[-84.2727104117049,33.8843843479093],[-84.2759121771592,33.8816977014379],[-84.2763741878963,33.8813061527031]]},"properties":{"OBJECTID_1":15064,"OBJECTID":19975,"ID":"102752","TYPE":"AC; OVERHEAD","STATUS":"IN SERVICE","NAICS_CODE":"221121","NAICS_DESC":"ELECTRIC BULK POWER TRANSMISSION AND CONTROL","SOURCE":"IMAGERY, EIA 861, EIA 860","SOURCEDATE":1408406400000,"VAL_METHOD":"IMAGERY","VAL_DATE":1514937600000,"OWNER":"GEORGIA POWER CO","VOLTAGE":115,"VOLT_CLASS":"100-161","INFERRED":"Y","SUB_1":"UNKNOWN116567","SUB_2":"TAP142251","SHAPE__Len":914.663622652006,"GlobalID":"73f50fb9-fd12-42a8-8ded-885124d046ba","Shape__Length":914.6636348760655}},{"type":"Feature","id":15103,"geometry":{"type":"LineString","coordinates":[[-84.2434225738181,33.9096761300386],[-84.2430669029494,33.9091911589043],[-84.2452990619202,33.9074985056054],[-84.2467445949428,33.9062759389402],[-84.2480511199633,33.9050683578149],[-84.2497688946193,33.903460124771],[-84.2514335312313,33.9020291566026],[-84.2537808308653,33.9000660957598],[-84.2566687707733,33.8976493096141],[-84.2586652342714,33.8960069544864],[-84.2628780365099,33.892460720028],[-84.2648984122626,33.8907836178357],[-84.2684218141144,33.8878538526131],[-84.2693488269786,33.8870645740924],[-84.2705125656831,33.8861047166541],[-84.2709672506591,33.8862029297929]]},"properties":{"OBJECTID_1":15103,"OBJECTID":20026,"ID":"102816","TYPE":"AC; OVERHEAD","STATUS":"IN SERVICE","NAICS_CODE":"221121","NAICS_DESC":"ELECTRIC BULK POWER TRANSMISSION AND CONTROL","SOURCE":"IMAGERY, EIA 861, EIA 860","SOURCEDATE":1408320000000,"VAL_METHOD":"IMAGERY","VAL_DATE":1514937600000,"OWNER":"GEORGIA POWER CO","VOLTAGE":115,"VOLT_CLASS":"100-161","INFERRED":"Y","SUB_1":"UNKNOWN116083","SUB_2":"UNKNOWN116567","SHAPE__Len":4479.45590969939,"GlobalID":"7dcee1cd-83be-46e0-875b-5f64af7dbd55","Shape__Length":4479.455922216233}},{"type":"Feature","id":15115,"geometry":{"type":"LineString","coordinates":[[-84.5543362417963,33.9476932025196],[-84.5541258958826,33.9473866084581],[-84.5540213167122,33.9459551610633],[-84.5540831127189,33.9447681850367],[-84.5523147754888,33.9445907290982],[-84.5510931017368,33.9443777807383],[-84.5513925784929,33.9437113291379],[-84.551891705821,33.9429699447588],[-84.5521293856721,33.941857855711],[-84.5512166955468,33.9417474347025],[-84.5456740049038,33.9416567320766],[-84.5450275161399,33.9418539118664],[-84.5443429980968,33.9413451856918],[-84.5438866530342,33.9410691308671],[-84.5434968578627,33.940655047697],[-84.5431355850998,33.9400595524638],[-84.5426079362615,33.9390302444495],[-84.5416619707415,33.9372989267208],[-84.5406827298267,33.9359343560146]]},"properties":{"OBJECTID_1":15115,"OBJECTID":20045,"ID":"102834","TYPE":"AC; OVERHEAD","STATUS":"IN SERVICE","NAICS_CODE":"221121","NAICS_DESC":"ELECTRIC BULK POWER TRANSMISSION AND CONTROL","SOURCE":"IMAGERY, EIA 861, EIA 860","SOURCEDATE":1408320000000,"VAL_METHOD":"IMAGERY","VAL_DATE":1514937600000,"OWNER":"GEORGIA POWER CO","VOLTAGE":115,"VOLT_CLASS":"100-161","INFERRED":"Y","SUB_1":"UNKNOWN116560","SUB_2":"TAP151314","SHAPE__Len":2837.23789536319,"GlobalID":"3200c5e8-5b2f-48a0-89ec-342bdb06b91e","Shape__Length":2837.2377771328997}},{"type":"Feature","id":15153,"geometry":{"type":"LineString","coordinates":[[-83.9346781108756,33.7980070370304],[-83.9351059335297,33.7974935015957],[-83.9453974673108,33.8008314227415],[-83.9490933861214,33.8034285905919],[-83.9516959788743,33.8051468258114],[-83.9588501393391,33.8100939641519],[-83.9715541212737,33.8141028126914],[-83.9806691378154,33.8169661618763],[-83.9983881615546,33.8225938424482],[-84.0003846717652,33.8231960820608],[-84.0032083066719,33.8247006729817],[-84.0087224758046,33.8276544906209]]},"properties":{"OBJECTID_1":15153,"OBJECTID":20097,"ID":"102918","TYPE":"AC; OVERHEAD","STATUS":"IN SERVICE","NAICS_CODE":"221121","NAICS_DESC":"ELECTRIC BULK POWER TRANSMISSION AND CONTROL","SOURCE":"IMAGERY, http://www.psc.state.fl.us/publications/pdf/electricgas/transmissionreport2007.pdf, EIA 861","SOURCEDATE":1407283200000,"VAL_METHOD":"IMAGERY","VAL_DATE":1444348800000,"OWNER":"GEORGIA POWER CO","VOLTAGE":230,"VOLT_CLASS":"220-287","INFERRED":"Y","SUB_1":"UNKNOWN116161","SUB_2":"UNKNOWN116162","SHAPE__Len":9307.95435849934,"GlobalID":"d2942afb-009e-4ad1-bad9-574abfb77161","Shape__Length":9307.954415752569}},{"type":"Feature","id":15155,"geometry":{"type":"LineString","coordinates":[[-84.2593964072172,33.8512074431763],[-84.2599099641836,33.8511363038399],[-84.2599277894538,33.8507395485371],[-84.2607440508232,33.8506922538606],[-84.2611540491054,33.8508669435268],[-84.2614642212034,33.8511008520238],[-84.2618670877605,33.8515716258749],[-84.2620346523071,33.8519476517822],[-84.2625623011454,33.8538810466506],[-84.2628855455274,33.8543212119813],[-84.2633228759504,33.8552094300541],[-84.2635558028154,33.8554265475782],[-84.2651530100855,33.8557186696334],[-84.2664549995122,33.859887999851],[-84.2697019592083,33.8626428180363],[-84.2709610001813,33.8636059999317],[-84.2737649997125,33.8652269996376],[-84.274806999628,33.8657109997182],[-84.2752401376136,33.8657173295309],[-84.2758248294725,33.8659541571283],[-84.2762906823041,33.8666527940045],[-84.2764427967261,33.8672566945602],[-84.2787387836928,33.867363265549],[-84.2800174995671,33.8692104656835],[-84.2800460219757,33.8701024760539],[-84.2799812543421,33.8725776545724],[-84.2799456020051,33.8776392887108],[-84.2796229523078,33.8779833718514],[-84.2785771785698,33.8788614619615],[-84.2701155839893,33.8859453359529],[-84.2658730627863,33.8896200919577],[-84.2626705705951,33.8922735507548],[-84.2600519509991,33.8944569969566],[-84.2594689246168,33.8949753246073],[-84.2520360600384,33.9011724375739],[-84.2515598523265,33.9015992857173]]},"properties":{"OBJECTID_1":15155,"OBJECTID":20099,"ID":"102919","TYPE":"AC; OVERHEAD","STATUS":"IN SERVICE","NAICS_CODE":"221121","NAICS_DESC":"ELECTRIC BULK POWER TRANSMISSION AND CONTROL","SOURCE":"IMAGERY, EIA 861, EIA 860","SOURCEDATE":1408406400000,"VAL_METHOD":"IMAGERY","VAL_DATE":1553644800000,"OWNER":"GEORGIA POWER CO","VOLTAGE":115,"VOLT_CLASS":"100-161","INFERRED":"Y","SUB_1":"UNKNOWN116578","SUB_2":"TAP142252","SHAPE__Len":9403.21720843452,"GlobalID":"7c940162-0e52-40c9-8a95-69e9d722a419","Shape__Length":9403.217263739265}},{"type":"Feature","id":15226,"geometry":{"type":"LineString","coordinates":[[-84.4957032687788,33.7565286908477],[-84.4956411350056,33.7566590119672],[-84.4946421069,33.7607138990797],[-84.4946715006744,33.76315332074],[-84.4962116101267,33.7650819736192],[-84.4963777391655,33.7669807046766],[-84.4966109175587,33.7694439254421],[-84.4968669805339,33.7719027264381],[-84.4979641298213,33.7750989018523],[-84.4990415601899,33.7781883558721],[-84.5000682977287,33.7805937291349],[-84.5008750630073,33.7825573450175],[-84.5018388070851,33.784808180079],[-84.5025938177252,33.7864498881381],[-84.503479376034,33.7885036111761],[-84.5049221898562,33.7918954826736],[-84.5049180001137,33.7932419998754]]},"properties":{"OBJECTID_1":15226,"OBJECTID":20213,"ID":"103069","TYPE":"AC; OVERHEAD","STATUS":"IN SERVICE","NAICS_CODE":"221121","NAICS_DESC":"ELECTRIC BULK POWER TRANSMISSION AND CONTROL","SOURCE":"IMAGERY, OpenStreetMap, EIA 861, EIA 860","SOURCEDATE":1401840000000,"VAL_METHOD":"IMAGERY","VAL_DATE":1514937600000,"OWNER":"GEORGIA POWER CO","VOLTAGE":115,"VOLT_CLASS":"100-161","INFERRED":"Y","SUB_1":"TAP142583","SUB_2":"TAP142584","SHAPE__Len":5131.39372714288,"GlobalID":"d3f84a6d-7e6f-4071-997b-408d1bbcd0b3","Shape__Length":5131.393753335003}},{"type":"Feature","id":15292,"geometry":{"type":"LineString","coordinates":[[-84.0728125300184,33.5035238030574],[-84.0726033716776,33.5036664999778],[-84.0725463277587,33.5038171239583],[-84.0742291004579,33.5042372830596],[-84.0742195935873,33.5051806529108],[-84.078079511531,33.5071387077083],[-84.0789826947857,33.5090095194891],[-84.0799524288298,33.5146058610461],[-84.0822246472724,33.5147406126501],[-84.09912842923,33.5148595107297],[-84.1024559453492,33.5150180414979],[-84.1031594771337,33.5147089059687],[-84.1090349199276,33.5147881719016],[-84.1088542839953,33.5184977204513],[-84.1098430308824,33.5192665596676],[-84.1149293764627,33.5193378948028],[-84.1154903015941,33.5205188815431],[-84.1160702395685,33.5220565179617],[-84.1164695416106,33.5234990174498],[-84.1202534027925,33.5235544981222],[-84.1220692761725,33.5227936225765],[-84.122582665154,33.5237209391768],[-84.1222974491529,33.5251554848163],[-84.123457326,33.5265900081579],[-84.1250069980185,33.5271764910805],[-84.1264425830977,33.5275727606487],[-84.127478867033,33.5283098189979],[-84.1273933016039,33.5295699348677],[-84.1281919056881,33.5303783014738],[-84.128109411599,33.540060035778],[-84.1279596732209,33.5462288356432],[-84.1283803659465,33.5480710709729],[-84.1310827848837,33.5506441905877],[-84.1278812386185,33.551969347121],[-84.1278812386185,33.5539243618256],[-84.1278099348428,33.5585532320092],[-84.1277742825058,33.5608170687439],[-84.1269828101466,33.5609180786395],[-84.1270113307586,33.5647741851727],[-84.1270255915137,33.5708105166501],[-84.1272466336675,33.5724799396024],[-84.1275104589849,33.5741433898227],[-84.1272965467596,33.579792938493],[-84.1281165415273,33.5802028286018],[-84.1275247188418,33.583582859774],[-84.1275104589849,33.5900871174913],[-84.1267688979213,33.5901049370402],[-84.1268330708702,33.5921956991487]]},"properties":{"OBJECTID_1":15292,"OBJECTID":20298,"ID":"103191","TYPE":"AC; OVERHEAD","STATUS":"IN SERVICE","NAICS_CODE":"221121","NAICS_DESC":"ELECTRIC BULK POWER TRANSMISSION AND CONTROL","SOURCE":"IMAGERY, EIA 861","SOURCEDATE":1406764800000,"VAL_METHOD":"IMAGERY","VAL_DATE":1495411200000,"OWNER":"GEORGIA POWER CO","VOLTAGE":230,"VOLT_CLASS":"220-287","INFERRED":"Y","SUB_1":"UNKNOWN116032","SUB_2":"TAP142209","SHAPE__Len":17783.6938330981,"GlobalID":"d1476b1d-bf83-4f7a-93e5-eab2b8e2fd05","Shape__Length":17783.69371831733}},{"type":"Feature","id":15348,"geometry":{"type":"LineString","coordinates":[[-84.3868046975258,33.9995749131569],[-84.3865679752788,33.9986385214942],[-84.3858430519125,33.9948895894805],[-84.3850420717843,33.9911917300644],[-84.3846807981232,33.9893274668825],[-84.385274997751,33.9850982346521],[-84.3862411654835,33.9783548761085],[-84.3871265225696,33.971574517055],[-84.3867105828301,33.9709388298344],[-84.3823848120548,33.96941119177],[-84.3820698869707,33.9684256045263],[-84.3817599996387,33.9677719998891]]},"properties":{"OBJECTID_1":15348,"OBJECTID":20393,"ID":"103312","TYPE":"AC; OVERHEAD","STATUS":"IN SERVICE","NAICS_CODE":"221121","NAICS_DESC":"ELECTRIC BULK POWER TRANSMISSION AND CONTROL","SOURCE":"IMAGERY, EIA 861, EIA 860","SOURCEDATE":1408492800000,"VAL_METHOD":"IMAGERY","VAL_DATE":1514937600000,"OWNER":"GEORGIA POWER CO","VOLTAGE":115,"VOLT_CLASS":"100-161","INFERRED":"Y","SUB_1":"MORGAN FALLS","SUB_2":"TAP155364","SHAPE__Len":4646.56228109354,"GlobalID":"ca7d05c4-c68a-4e92-8ffd-a3e3d69643fe","Shape__Length":4646.562267281347}},{"type":"Feature","id":15562,"geometry":{"type":"LineString","coordinates":[[-84.623533832848,33.5177451488428],[-84.623176913321,33.5172335644722],[-84.6225224996197,33.5174746998846],[-84.6216507996208,33.5178039000748],[-84.6216140001352,33.5169088999758],[-84.6215762996394,33.5159075997815],[-84.621555299723,33.5148854001563],[-84.6215196994882,33.5139068999691],[-84.6214861995147,33.5128932997215],[-84.621450499567,33.5118745997132],[-84.6214136524706,33.5109884251278],[-84.6214086003455,33.5108668994854],[-84.6213940000272,33.5098900001685],[-84.6213687995885,33.5089480995371],[-84.6213540995572,33.5079537997155],[-84.621331099991,33.5069699000158],[-84.6213101000746,33.5060174001408],[-84.6213160002094,33.5048982001036],[-84.6213264000054,33.5037983997199],[-84.6213298001288,33.502708999667],[-84.621348699784,33.501590499934],[-84.6214042165669,33.494972284953],[-84.6203631787471,33.4947522717048],[-84.6178247598414,33.4939673575317],[-84.6120705339153,33.4921655958804],[-84.6102594135215,33.4909584537014],[-84.6086907277617,33.4899118537849],[-84.6076354300851,33.4897512946942],[-84.6067596041241,33.4891704848893]]},"properties":{"OBJECTID_1":15562,"OBJECTID":21732,"ID":"105163","TYPE":"AC; OVERHEAD","STATUS":"IN SERVICE","NAICS_CODE":"221121","NAICS_DESC":"ELECTRIC BULK POWER TRANSMISSION AND CONTROL","SOURCE":"IMAGERY, OpenStreetMap, EIA 861, EIA 860","SOURCEDATE":1397088000000,"VAL_METHOD":"IMAGERY","VAL_DATE":1514937600000,"OWNER":"GEORGIA POWER CO","VOLTAGE":115,"VOLT_CLASS":"100-161","INFERRED":"Y","SUB_1":"UNKNOWN113566","SUB_2":"TAP142603","SHAPE__Len":5144.71774008481,"GlobalID":"a449fe73-bec2-4ce7-9f13-4b2a0797f443","Shape__Length":5144.717804739857}},{"type":"Feature","id":15573,"geometry":{"type":"LineString","coordinates":[[-84.2239690002833,34.0153570001794],[-84.223561483148,34.015079067178],[-84.2198536796262,34.0146948956047],[-84.2197110720749,34.0069815518344],[-84.2198206925907,34.0035638495838],[-84.2198264912158,33.9993163029928],[-84.2157978184578,33.9930007121502],[-84.2091427871176,33.9825656555225],[-84.2067303380659,33.9789194900418],[-84.2062787459894,33.9729473226748],[-84.2060517614801,33.9699650238515]]},"properties":{"OBJECTID_1":15573,"OBJECTID":21748,"ID":"105188","TYPE":"AC; OVERHEAD","STATUS":"IN SERVICE","NAICS_CODE":"221121","NAICS_DESC":"ELECTRIC BULK POWER TRANSMISSION AND CONTROL","SOURCE":"IMAGERY, EIA 861","SOURCEDATE":1401840000000,"VAL_METHOD":"IMAGERY","VAL_DATE":1493078400000,"OWNER":"GEORGIA POWER CO","VOLTAGE":230,"VOLT_CLASS":"220-287","INFERRED":"Y","SUB_1":"UNKNOWN111515","SUB_2":"UNKNOWN116221","SHAPE__Len":6846.88782487114,"GlobalID":"de776a59-e054-462a-ad16-82bff7ce27be","Shape__Length":6846.887881735034}},{"type":"Feature","id":15692,"geometry":{"type":"LineString","coordinates":[[-84.0009765752991,33.986057716471],[-84.0014317318907,33.9857739238448],[-84.0023622481845,33.9870243775036],[-84.0078205627677,33.9856704580053],[-84.0145369957542,33.9839053958178],[-84.0203031054932,33.9823917868591],[-84.0249949038142,33.9811580178971],[-84.0279373786464,33.9799715329956],[-84.0307942889479,33.9792344066782],[-84.039498120533,33.9769244376791],[-84.0436147338658,33.9758561558737],[-84.0530838941403,33.9733411039607]]},"properties":{"OBJECTID_1":15692,"OBJECTID":21918,"ID":"105404","TYPE":"AC; OVERHEAD","STATUS":"IN SERVICE","NAICS_CODE":"221121","NAICS_DESC":"ELECTRIC BULK POWER TRANSMISSION AND CONTROL","SOURCE":"IMAGERY, EIA 861","SOURCEDATE":1407110400000,"VAL_METHOD":"IMAGERY","VAL_DATE":1493078400000,"OWNER":"GEORGIA POWER CO","VOLTAGE":230,"VOLT_CLASS":"220-287","INFERRED":"Y","SUB_1":"UNKNOWN116086","SUB_2":"UNKNOWN116106","SHAPE__Len":6202.03700005943,"GlobalID":"358b2bff-9cf7-48cf-bae0-5a078ea9f7e0","Shape__Length":6202.036888496452}},{"type":"Feature","id":15703,"geometry":{"type":"LineString","coordinates":[[-84.2528954854573,33.7662000288951],[-84.2521751273292,33.7659609101218],[-84.2515939999854,33.7658729995517],[-84.2513939999689,33.764715],[-84.2514590002662,33.7619929999259],[-84.2516359998182,33.761435000062],[-84.2485309999881,33.7616079997659],[-84.2475639995174,33.7617249996095],[-84.2440064005994,33.76074579612],[-84.2417749998067,33.7600229999998],[-84.241439000246,33.7595019999171],[-84.2374249996715,33.7557149999879],[-84.2339259996561,33.7536169994516],[-84.2341530605222,33.7486456285773],[-84.2341590028778,33.7455477758243],[-84.234034221495,33.7450932169509],[-84.2341114667279,33.7424300466225],[-84.2343194365977,33.7416394796535],[-84.2343550889347,33.7399397346893],[-84.234212480485,33.7383684299312],[-84.2344026250846,33.7378051248075],[-84.2343847989161,33.7364363769401],[-84.2345868273285,33.736253546179],[-84.2350503023196,33.7358088207161],[-84.2354284032227,33.7356932310426]]},"properties":{"OBJECTID_1":15703,"OBJECTID":21936,"ID":"105423","TYPE":"AC; OVERHEAD","STATUS":"IN SERVICE","NAICS_CODE":"221121","NAICS_DESC":"ELECTRIC BULK POWER TRANSMISSION AND CONTROL","SOURCE":"IMAGERY, EIA 861, EIA 860","SOURCEDATE":1408406400000,"VAL_METHOD":"IMAGERY","VAL_DATE":1514937600000,"OWNER":"GEORGIA POWER CO","VOLTAGE":115,"VOLT_CLASS":"100-161","INFERRED":"Y","SUB_1":"UNKNOWN116604","SUB_2":"UNKNOWN116607","SHAPE__Len":5589.90286550811,"GlobalID":"3afd6e7a-a763-48d2-a3aa-a398b64b4b79","Shape__Length":5589.902775469294}},{"type":"Feature","id":15722,"geometry":{"type":"LineString","coordinates":[[-84.4070439995918,33.7881589996827],[-84.407362967993,33.7878076570191],[-84.4072767126577,33.7870313579493],[-84.4075652218826,33.786335365695],[-84.4083831622033,33.7863145451129],[-84.4095818157279,33.78607362492],[-84.4108905191631,33.7859308570231],[-84.4115389222369,33.785921933555],[-84.4117469999044,33.787803999463]]},"properties":{"OBJECTID_1":15722,"OBJECTID":21978,"ID":"105471","TYPE":"AC; OVERHEAD","STATUS":"IN SERVICE","NAICS_CODE":"221121","NAICS_DESC":"ELECTRIC BULK POWER TRANSMISSION AND CONTROL","SOURCE":"IMAGERY, EIA 861, EIA 860","SOURCEDATE":1401840000000,"VAL_METHOD":"IMAGERY","VAL_DATE":1514937600000,"OWNER":"GEORGIA POWER CO","VOLTAGE":115,"VOLT_CLASS":"100-161","INFERRED":"Y","SUB_1":"UNKNOWN111544","SUB_2":"TAP155949","SHAPE__Len":962.61737994367,"GlobalID":"1420a2e0-152c-4a2c-9be1-6a718206b2b3","Shape__Length":962.6174523978427}},{"type":"Feature","id":15732,"geometry":{"type":"LineString","coordinates":[[-84.3035127768215,33.8585152037379],[-84.3051639584671,33.8572133095225],[-84.3088145420002,33.8541461794991],[-84.3115415648947,33.851871578798],[-84.3125893301977,33.8509481509167],[-84.3175944420252,33.8467617489913],[-84.3248888286076,33.8406677908153],[-84.3280842169216,33.8379959205134],[-84.3306016880131,33.8356428168184],[-84.3314277913248,33.8347841806889]]},"properties":{"OBJECTID_1":15732,"OBJECTID":21993,"ID":"105487","TYPE":"AC; OVERHEAD","STATUS":"IN SERVICE","NAICS_CODE":"221121","NAICS_DESC":"ELECTRIC BULK POWER TRANSMISSION AND CONTROL","SOURCE":"IMAGERY, EIA 861, EIA 860","SOURCEDATE":1408320000000,"VAL_METHOD":"IMAGERY","VAL_DATE":1514937600000,"OWNER":"GEORGIA POWER CO","VOLTAGE":115,"VOLT_CLASS":"100-161","INFERRED":"Y","SUB_1":"UNKNOWN116568","SUB_2":"UNKNOWN153385","SHAPE__Len":4448.28906492096,"GlobalID":"f0dcc6f6-e807-49c5-af00-f5a410b213eb","Shape__Length":4448.289103119287}},{"type":"Feature","id":15784,"geometry":{"type":"LineString","coordinates":[[-84.4938961216336,33.9220692420762],[-84.494609474699,33.9223145630664],[-84.5089589645198,33.92712946347],[-84.5098527361253,33.9284100311435],[-84.5152486492373,33.9352632256281],[-84.5154584570601,33.9355496105275]]},"properties":{"OBJECTID_1":15784,"OBJECTID":21074,"ID":"104234","TYPE":"AC; OVERHEAD","STATUS":"IN SERVICE","NAICS_CODE":"221121","NAICS_DESC":"ELECTRIC BULK POWER TRANSMISSION AND CONTROL","SOURCE":"IMAGERY, EIA 861, EIA 860","SOURCEDATE":1408320000000,"VAL_METHOD":"IMAGERY","VAL_DATE":1514937600000,"OWNER":"GEORGIA POWER CO","VOLTAGE":115,"VOLT_CLASS":"100-161","INFERRED":"Y","SUB_1":"TAP142622","SUB_2":"TAP151315","SHAPE__Len":3150.79293438448,"GlobalID":"420e5466-7b8f-4e30-93ad-8bef009fb36e","Shape__Length":3150.792931244516}},{"type":"Feature","id":15785,"geometry":{"type":"LineString","coordinates":[[-84.3790139998338,33.9668869999614],[-84.3791835757083,33.9656742641695],[-84.3823209490246,33.9646570928125],[-84.3825452457746,33.9636157739519],[-84.3818024971382,33.9620535061413],[-84.3704662855637,33.9475463519511],[-84.370267005996,33.9450270975246],[-84.3705642387605,33.9441436994611],[-84.3709229998339,33.9439799998743]]},"properties":{"OBJECTID_1":15785,"OBJECTID":21075,"ID":"104237","TYPE":"AC; OVERHEAD","STATUS":"IN SERVICE","NAICS_CODE":"221121","NAICS_DESC":"ELECTRIC BULK POWER TRANSMISSION AND CONTROL","SOURCE":"IMAGERY, OpenStreetMap, EIA 861, EIA 860","SOURCEDATE":1397088000000,"VAL_METHOD":"IMAGERY","VAL_DATE":1512950400000,"OWNER":"GEORGIA POWER CO","VOLTAGE":230,"VOLT_CLASS":"220-287","INFERRED":"Y","SUB_1":"UNKNOWN111523","SUB_2":"BULL SLUICE","SHAPE__Len":3733.79599400327,"GlobalID":"53691496-1d4d-4217-9567-e438350c797e","Shape__Length":3733.7960448443932}},{"type":"Feature","id":15798,"geometry":{"type":"LineString","coordinates":[[-84.1344019996714,34.0549710000521],[-84.1352931751457,34.0550283039334],[-84.1353970635116,34.0566678811041],[-84.1355011441171,34.0570959147354],[-84.1389772101433,34.0557913569234],[-84.1412648778121,34.0553236800992],[-84.1429720002455,34.0546879996574],[-84.1480338999719,34.0574843307045],[-84.1532209996962,34.059891999643],[-84.1536242237829,34.0584496799435],[-84.1536242237829,34.0580312455034],[-84.1534162539131,34.0579574039172],[-84.1535053838573,34.0550775341101],[-84.1583778181106,34.0551513774609],[-84.1580212992322,34.051508326902],[-84.1706777441185,34.0517298690657],[-84.1717489994679,34.0513669996717]]},"properties":{"OBJECTID_1":15798,"OBJECTID":21094,"ID":"104264","TYPE":"AC; OVERHEAD","STATUS":"IN SERVICE","NAICS_CODE":"221121","NAICS_DESC":"ELECTRIC BULK POWER TRANSMISSION AND CONTROL","SOURCE":"IMAGERY, EIA 861","SOURCEDATE":1401840000000,"VAL_METHOD":"IMAGERY","VAL_DATE":1493078400000,"OWNER":"GEORGIA POWER CO","VOLTAGE":230,"VOLT_CLASS":"220-287","INFERRED":"Y","SUB_1":"UNKNOWN111512","SUB_2":"UNKNOWN111513","SHAPE__Len":5852.42871723736,"GlobalID":"353875a8-8573-4acf-9fa0-7c42b687b37c","Shape__Length":5852.428587003374}},{"type":"Feature","id":15813,"geometry":{"type":"LineString","coordinates":[[-84.372496000202,34.0129429996945],[-84.3738354565626,34.0111765508964],[-84.3744073231742,34.0104038927035],[-84.375529170742,34.0090641375779],[-84.3778489262328,34.0063845631673],[-84.3807961540512,34.0047452524494],[-84.3814996858357,34.0045560995774],[-84.3835532390667,34.0032004889369],[-84.3864053954837,34.0016084066847],[-84.3868046975258,33.9995749131569]]},"properties":{"OBJECTID_1":15813,"OBJECTID":21113,"ID":"104287","TYPE":"AC; OVERHEAD","STATUS":"IN SERVICE","NAICS_CODE":"221121","NAICS_DESC":"ELECTRIC BULK POWER TRANSMISSION AND CONTROL","SOURCE":"IMAGERY, EIA 861, EIA 860","SOURCEDATE":1401840000000,"VAL_METHOD":"IMAGERY","VAL_DATE":1514937600000,"OWNER":"GEORGIA POWER CO","VOLTAGE":115,"VOLT_CLASS":"100-161","INFERRED":"Y","SUB_1":"UNKNOWN111526","SUB_2":"TAP155364","SHAPE__Len":2492.90474247984,"GlobalID":"066c86db-1cb7-4299-b5f9-f4e63eaecdd8","Shape__Length":2492.9045953969867}},{"type":"Feature","id":15932,"geometry":{"type":"LineString","coordinates":[[-84.2137904476155,33.9324796671368],[-84.2131071189418,33.9337516100495],[-84.21244161464,33.9339527516126],[-84.2107540889545,33.9333848191658],[-84.2084390891449,33.933897537118],[-84.2058911615719,33.9344457466993],[-84.2023069518602,33.9352305887502],[-84.194430127292,33.9367999418548],[-84.1896289959161,33.9298900566601],[-84.1849799807588,33.9233740586695],[-84.181310205618,33.9179699770341],[-84.1769107541247,33.9182697748719],[-84.1727537354688,33.9183526125421],[-84.1711280057901,33.9159798476552],[-84.168090458658,33.9116246751678],[-84.1671563778492,33.9102162969818]]},"properties":{"OBJECTID_1":15932,"OBJECTID":21277,"ID":"104512","TYPE":"AC; OVERHEAD","STATUS":"IN SERVICE","NAICS_CODE":"221121","NAICS_DESC":"ELECTRIC BULK POWER TRANSMISSION AND CONTROL","SOURCE":"IMAGERY, http://www.psc.state.fl.us/publications/pdf/electricgas/transmissionreport2007.pdf, EIA 861","SOURCEDATE":1407369600000,"VAL_METHOD":"IMAGERY","VAL_DATE":1444348800000,"OWNER":"GEORGIA POWER CO","VOLTAGE":230,"VOLT_CLASS":"220-287","INFERRED":"Y","SUB_1":"UNKNOWN116215","SUB_2":"NORCROSS","SHAPE__Len":7471.80478760336,"GlobalID":"e2185d84-b19b-47d3-9152-03c1fbc60288","Shape__Length":7471.804624977826}},{"type":"Feature","id":16000,"geometry":{"type":"LineString","coordinates":[[-84.2354284032227,33.7356932310426],[-84.2351750837024,33.7358760241515],[-84.2351180406819,33.736291100698],[-84.2359522971031,33.736320748519],[-84.2359915139551,33.7366617025802],[-84.2359772532,33.7373080299741],[-84.2362981206397,33.7373080299741],[-84.243725611496,33.7376242736038],[-84.2451516906029,33.7376638041623],[-84.2451897162888,33.7321296938927],[-84.245389370454,33.7321639638243],[-84.2469521147566,33.7325543496141],[-84.2490674639943,33.7329101435148],[-84.2519730989168,33.7331176899603],[-84.252062228861,33.7301527031302],[-84.2520325188796,33.7295300430142],[-84.2518364328227,33.7285861597527],[-84.2514383201501,33.7273605795467],[-84.2511649879619,33.7261003889808],[-84.251266001719,33.7251762365259],[-84.2513254216818,33.7242421901245],[-84.2513610740188,33.7228188619192],[-84.2517294767101,33.7216722744801],[-84.252062228861,33.7210792066718],[-84.2523569517326,33.7200116741421],[-84.2524520240324,33.7186119984915],[-84.2525851238148,33.7171174061308],[-84.2525756169442,33.7149901356723],[-84.2526992107542,33.7116844600349],[-84.2534681039587,33.7117961671784],[-84.2552328757754,33.7117813379122],[-84.2568728671075,33.7116182255286],[-84.2583940167175,33.7111091169989],[-84.2609847256575,33.7099080010102],[-84.2627792074556,33.7096163698259],[-84.2641874594956,33.709611426612],[-84.2681923637296,33.7096806278449],[-84.2684349663485,33.7091732646773]]},"properties":{"OBJECTID_1":16000,"OBJECTID":21386,"ID":"104674","TYPE":"AC; OVERHEAD","STATUS":"IN SERVICE","NAICS_CODE":"221121","NAICS_DESC":"ELECTRIC BULK POWER TRANSMISSION AND CONTROL","SOURCE":"IMAGERY, EIA 861, EIA 860","SOURCEDATE":1408406400000,"VAL_METHOD":"IMAGERY","VAL_DATE":1514937600000,"OWNER":"GEORGIA POWER CO","VOLTAGE":115,"VOLT_CLASS":"100-161","INFERRED":"Y","SUB_1":"UNKNOWN116353","SUB_2":"UNKNOWN116604","SHAPE__Len":7608.68515807684,"GlobalID":"5d17f5d2-65a4-48db-81f7-4dbf72014967","Shape__Length":7608.685194470765}},{"type":"Feature","id":16215,"geometry":{"type":"LineString","coordinates":[[-84.5337477591895,33.9581645217469],[-84.5342445338298,33.958121965883],[-84.5350324452672,33.9590638124656],[-84.5356728838776,33.9605810577],[-84.5360158265171,33.9608436221485],[-84.5354743831493,33.9616517025419]]},"properties":{"OBJECTID_1":16215,"OBJECTID":22203,"ID":"105769","TYPE":"AC; OVERHEAD","STATUS":"IN SERVICE","NAICS_CODE":"221121","NAICS_DESC":"ELECTRIC BULK POWER TRANSMISSION AND CONTROL","SOURCE":"IMAGERY, EIA 861, EIA 860","SOURCEDATE":1408060800000,"VAL_METHOD":"IMAGERY","VAL_DATE":1514937600000,"OWNER":"GEORGIA POWER CO","VOLTAGE":115,"VOLT_CLASS":"100-161","INFERRED":"Y","SUB_1":"UNKNOWN116279","SUB_2":"UNKNOWN116280","SHAPE__Len":601.235405129565,"GlobalID":"b9c05347-fbc9-4eb2-88db-ca63b9d62925","Shape__Length":601.2352665065691}},{"type":"Feature","id":16238,"geometry":{"type":"LineString","coordinates":[[-84.0087224758046,33.8276544906209],[-84.0114427209103,33.8290908855472],[-84.0161368952752,33.831578607002],[-84.0222690316615,33.8346684126299],[-84.0266839332794,33.8368746429315],[-84.0354780832797,33.8375063947593],[-84.0391977706144,33.8377877200267],[-84.0446026075904,33.8382023028649],[-84.0468914637304,33.8384628970395],[-84.0476472846509,33.8385458129637],[-84.0481464128773,33.8387708708131]]},"properties":{"OBJECTID_1":16238,"OBJECTID":22243,"ID":"105806","TYPE":"AC; OVERHEAD","STATUS":"IN SERVICE","NAICS_CODE":"221121","NAICS_DESC":"ELECTRIC BULK POWER TRANSMISSION AND CONTROL","SOURCE":"IMAGERY, http://www.psc.state.fl.us/publications/pdf/electricgas/transmissionreport2007.pdf, EIA 861","SOURCEDATE":1407283200000,"VAL_METHOD":"IMAGERY","VAL_DATE":1444348800000,"OWNER":"GEORGIA POWER CO","VOLTAGE":230,"VOLT_CLASS":"220-287","INFERRED":"Y","SUB_1":"UNKNOWN116162","SUB_2":"UNKNOWN116163","SHAPE__Len":4758.49224247641,"GlobalID":"3f255e76-42ca-474a-81f7-d2743a971dda","Shape__Length":4758.492253547648}},{"type":"Feature","id":16310,"geometry":{"type":"LineString","coordinates":[[-84.3529820032863,33.8095171301591],[-84.3528390040695,33.8096003525639],[-84.3524721635485,33.8093999806303],[-84.3497766212148,33.812627626144],[-84.3482825495224,33.8145296297707],[-84.3471057879413,33.8159467976053],[-84.346106461595,33.8170900076282],[-84.3452936057388,33.8180556114422],[-84.3394751251171,33.8249805784549],[-84.3370864679457,33.8277704808581],[-84.3328865277855,33.8327934760915],[-84.3314452150481,33.8344293059887],[-84.3305113695978,33.8355125159042],[-84.3281064690895,33.8377299787015],[-84.3250035856902,33.8403309499851],[-84.3216095385444,33.8431203618656],[-84.3192921546059,33.8450687679476],[-84.3174310178138,33.846596748471],[-84.3157487427812,33.8479879998768],[-84.3135739026137,33.8499185867061],[-84.3121972101863,33.8510441484845],[-84.3057848632117,33.8563792341679],[-84.3029295851491,33.858770770762],[-84.3027759292181,33.8590400091736]]},"properties":{"OBJECTID_1":16310,"OBJECTID":22356,"ID":"105957","TYPE":"AC; OVERHEAD","STATUS":"IN SERVICE","NAICS_CODE":"221121","NAICS_DESC":"ELECTRIC BULK POWER TRANSMISSION AND CONTROL","SOURCE":"IMAGERY, EIA 861","SOURCEDATE":1408320000000,"VAL_METHOD":"IMAGERY","VAL_DATE":1514937600000,"OWNER":"GEORGIA POWER CO","VOLTAGE":230,"VOLT_CLASS":"220-287","INFERRED":"Y","SUB_1":"UNKNOWN116565","SUB_2":"UNKNOWN116569","SHAPE__Len":8753.14821701988,"GlobalID":"59d54258-0c90-4fcd-9def-a1539b2e8694","Shape__Length":8753.148249520318}},{"type":"Feature","id":16415,"geometry":{"type":"LineString","coordinates":[[-84.4121281326216,33.5754552086349],[-84.412158139047,33.5748404710211],[-84.4126430047216,33.5698441237521],[-84.413117133732,33.5642619830974],[-84.4134519493131,33.5608553975436],[-84.4140084744962,33.555486187679],[-84.4145967326668,33.5484950025502],[-84.4154274227763,33.5451789690434],[-84.4159657678547,33.5433545005074],[-84.4165504597136,33.5413992481364],[-84.4173781799928,33.5386881665859],[-84.4187935619612,33.5339472849852],[-84.4196919922297,33.5311002538634],[-84.4202267709964,33.5294538067395],[-84.4212107648974,33.527420965626],[-84.4224942355545,33.5275814548396],[-84.4228221152433,33.5276413316561]]},"properties":{"OBJECTID_1":16415,"OBJECTID":20547,"ID":"103537","TYPE":"AC; OVERHEAD","STATUS":"IN SERVICE","NAICS_CODE":"221121","NAICS_DESC":"ELECTRIC BULK POWER TRANSMISSION AND CONTROL","SOURCE":"IMAGERY, EIA 861, EIA 860","SOURCEDATE":1407888000000,"VAL_METHOD":"IMAGERY","VAL_DATE":1513296000000,"OWNER":"GEORGIA POWER CO","VOLTAGE":115,"VOLT_CLASS":"100-161","INFERRED":"Y","SUB_1":"UNKNOWN116358","SUB_2":"TAP142627","SHAPE__Len":6706.34666306551,"GlobalID":"934181d3-bbc8-4686-a1b8-fada67627f11","Shape__Length":6706.346701249254}},{"type":"Feature","id":16426,"geometry":{"type":"LineString","coordinates":[[-84.5202955695565,33.9421437526517],[-84.5244981768148,33.9476764810784],[-84.5262936898788,33.9495836036578],[-84.5331056694755,33.9565159645626],[-84.5337484481973,33.9572712710833],[-84.5340436076502,33.9577048079083],[-84.5337477591895,33.9581645217469]]},"properties":{"OBJECTID_1":16426,"OBJECTID":20564,"ID":"103565","TYPE":"AC; OVERHEAD","STATUS":"IN SERVICE","NAICS_CODE":"221121","NAICS_DESC":"ELECTRIC BULK POWER TRANSMISSION AND CONTROL","SOURCE":"IMAGERY, EIA 861, EIA 860","SOURCEDATE":1408320000000,"VAL_METHOD":"IMAGERY","VAL_DATE":1514937600000,"OWNER":"GEORGIA POWER CO","VOLTAGE":115,"VOLT_CLASS":"100-161","INFERRED":"Y","SUB_1":"UNKNOWN116280","SUB_2":"TAP151313","SHAPE__Len":2663.32688797585,"GlobalID":"9ffa1d6b-c931-47b7-bc85-7e7de16b6d09","Shape__Length":2663.326879025392}},{"type":"Feature","id":16497,"geometry":{"type":"LineString","coordinates":[[-84.5414239998362,33.5435879995658],[-84.5407822999911,33.5441199995967],[-84.5391133999748,33.5444836998635],[-84.5365899002893,33.5450579998106],[-84.5341188002327,33.5456127998622],[-84.5315876999016,33.5461966995266],[-84.52891180013,33.5467936995186],[-84.525869899762,33.5474851999688],[-84.5231307999168,33.5480931995904],[-84.5203389995072,33.5487165995802],[-84.5175102998989,33.5493728996472],[-84.5155928998239,33.5497964999183],[-84.511355199879,33.5507512996766],[-84.5098012994904,33.5507227999531],[-84.5080064996887,33.5506835001456],[-84.5080045000389,33.5515270997448],[-84.5046554000983,33.5523349001722],[-84.5030391000352,33.5527261995113],[-84.498822799757,33.5537479997231],[-84.4974517002405,33.5540691997592],[-84.4943806998473,33.5548077001064],[-84.492296399979,33.5553110999107],[-84.489887500171,33.5559005995031],[-84.4863985999143,33.5567522001098],[-84.4847497997025,33.5571549996067],[-84.4817014997365,33.5579100997776],[-84.4790130999076,33.5585897996444],[-84.4761736995677,33.5592987995315],[-84.4737244995394,33.5599028997871],[-84.4721763995726,33.5602950998091],[-84.4707064000349,33.5606685000387],[-84.4689417997964,33.5611026999723],[-84.4674793002931,33.5614677001127],[-84.4660847996634,33.5618095997394],[-84.4648890997995,33.5621052994866],[-84.4637337001558,33.5623821998343],[-84.4617502002455,33.5637602994652],[-84.4597740997582,33.5651152999761],[-84.4585149896149,33.5659665484926],[-84.457959200152,33.5663422999956],[-84.4562696002566,33.5675075000294],[-84.4548765998136,33.5684492994392],[-84.4536279002461,33.5692945997538],[-84.4521139003275,33.5703629998704],[-84.4496807001927,33.5713949001638],[-84.4480225997228,33.5721199999952],[-84.4458725997695,33.5730488995359],[-84.4434625995253,33.5741000994554],[-84.4416962996743,33.5748508998407],[-84.4390879999244,33.5759920995185],[-84.4362866998306,33.5771956001319],[-84.4338972997525,33.5782360000736],[-84.4317396003389,33.5791755000897],[-84.4298342996725,33.5800056996994],[-84.4278954999307,33.5808443997924],[-84.4247645001614,33.5822086994657],[-84.4219266000079,33.5834439999257],[-84.4193681001624,33.5845586000353],[-84.4181288248206,33.5849816146305],[-84.4178917046199,33.585113434474]]},"properties":{"OBJECTID_1":16497,"OBJECTID":20668,"ID":"103706","TYPE":"AC; OVERHEAD","STATUS":"IN SERVICE","NAICS_CODE":"221121","NAICS_DESC":"ELECTRIC BULK POWER TRANSMISSION AND CONTROL","SOURCE":"IMAGERY, OpenStreetMap, EIA 861, EIA 860","SOURCEDATE":1397088000000,"VAL_METHOD":"IMAGERY","VAL_DATE":1514937600000,"OWNER":"GEORGIA POWER CO","VOLTAGE":115,"VOLT_CLASS":"100-161","INFERRED":"Y","SUB_1":"UNKNOWN113563","SUB_2":"UNKNOWN116038","SHAPE__Len":15083.3471762209,"GlobalID":"d7d89e16-6a7d-4bd0-b1b5-5dae8e12593c","Shape__Length":15083.347173469756}},{"type":"Feature","id":16529,"geometry":{"type":"LineString","coordinates":[[-84.253328999837,33.9229359997428],[-84.2490430001742,33.9259019994856],[-84.2477839996254,33.9265669998448],[-84.248788999731,33.9278900001379],[-84.2491200001671,33.9290249998511],[-84.248355000261,33.9302649995599],[-84.2471290002225,33.9309579996597],[-84.2450129997061,33.9320679995532],[-84.2439259995848,33.9329059999795],[-84.2449440001092,33.9349089996846],[-84.244945999759,33.9360109994804],[-84.2449269994924,33.9370369998851]]},"properties":{"OBJECTID_1":16529,"OBJECTID":20718,"ID":"165769","TYPE":"AC; OVERHEAD","STATUS":"IN SERVICE","NAICS_CODE":"221121","NAICS_DESC":"ELECTRIC BULK POWER TRANSMISSION AND CONTROL","SOURCE":"IMAGERY, https://www.rd.usda.gov/files/UWP_GA110-GTC_EastWalton_AES%20%26%20MCS.pdf","SOURCEDATE":1551398400000,"VAL_METHOD":"IMAGERY","VAL_DATE":1551398400000,"OWNER":"GEORGIA POWER CO","VOLTAGE":115,"VOLT_CLASS":"100-161","INFERRED":"N","SUB_1":"TAP161070","SUB_2":"UNKNOWN161822","SHAPE__Len":2526.97443362577,"GlobalID":"fd4c65ef-bfd0-493b-b82d-b0d9eca4fb9b","Shape__Length":2526.9745484946297}},{"type":"Feature","id":16530,"geometry":{"type":"LineString","coordinates":[[-84.2449269994924,33.9370369998851],[-84.2510869019059,33.9385553339305],[-84.254238466807,33.9393756136222],[-84.2586118132581,33.9405035211595],[-84.2596009598956,33.9407593075998]]},"properties":{"OBJECTID_1":16530,"OBJECTID":20719,"ID":"165768","TYPE":"AC; OVERHEAD","STATUS":"IN SERVICE","NAICS_CODE":"221121","NAICS_DESC":"ELECTRIC BULK POWER TRANSMISSION AND CONTROL","SOURCE":"IMAGERY, https://www.rd.usda.gov/files/UWP_GA110-GTC_EastWalton_AES%20%26%20MCS.pdf","SOURCEDATE":1551398400000,"VAL_METHOD":"IMAGERY","VAL_DATE":1551398400000,"OWNER":"GEORGIA POWER CO","VOLTAGE":115,"VOLT_CLASS":"100-161","INFERRED":"N","SUB_1":"TAP151316","SUB_2":"TAP161070","SHAPE__Len":1708.18799041872,"GlobalID":"95b83881-3162-490d-806c-7ea2ba72b29e","Shape__Length":1708.1880218676974}},{"type":"Feature","id":16531,"geometry":{"type":"LineString","coordinates":[[-84.3089157902175,33.9215420356683],[-84.308927000294,33.922011999789],[-84.309292000167,33.9220130001429],[-84.3093130000834,33.9258519997139],[-84.3116820003197,33.927529000146],[-84.3131760001468,33.9285679997575],[-84.3136139998148,33.9290150001167],[-84.314156999963,33.9298969996067],[-84.3150399998698,33.9308009999526],[-84.3166240001086,33.931932000172],[-84.3160939994809,33.9344839997969],[-84.315695000171,33.9357539995872],[-84.3154719996899,33.9371339998982],[-84.3152759998714,33.9383159995784],[-84.3151899996576,33.9389689995272],[-84.3154189999865,33.939775999834],[-84.3158829995937,33.9414459994582],[-84.3163460002743,33.9434519997892],[-84.3164519996812,33.9446560001368],[-84.3166719997892,33.945870999915],[-84.3168550000873,33.9467839996555],[-84.317590999681,33.9479620000388],[-84.318660000259,33.9484660001785],[-84.3194569999522,33.9492439996414],[-84.3195409996177,33.9509300000412],[-84.3195080000058,33.9518089997849],[-84.3194319998378,33.9542989998143],[-84.3194361967668,33.9561408921238]]},"properties":{"OBJECTID_1":16531,"OBJECTID":20720,"ID":"165770","TYPE":"AC; OVERHEAD","STATUS":"IN SERVICE","NAICS_CODE":"221121","NAICS_DESC":"ELECTRIC BULK POWER TRANSMISSION AND CONTROL","SOURCE":"IMAGERY, https://www.rd.usda.gov/files/UWP_GA110-GTC_EastWalton_AES%20%26%20MCS.pdf","SOURCEDATE":1551398400000,"VAL_METHOD":"IMAGERY","VAL_DATE":1551398400000,"OWNER":"GEORGIA POWER CO","VOLTAGE":115,"VOLT_CLASS":"100-161","INFERRED":"N","SUB_1":"UNKNOWN116573","SUB_2":"TAP161071","SHAPE__Len":5184.06942802674,"GlobalID":"4f9a6f72-219e-4e88-a6b8-677d32dce74d","Shape__Length":5184.069434186497}},{"type":"Feature","id":16553,"geometry":{"type":"LineString","coordinates":[[-84.3331541278238,33.605777486531],[-84.3331222672756,33.606050841834],[-84.3331408085031,33.6071531627663],[-84.3326576307629,33.6084871217887],[-84.3323728791908,33.6092863691167],[-84.3319768892372,33.6103480084403],[-84.3316532118673,33.6112137486673],[-84.3312523180105,33.6123013329695],[-84.3307136971493,33.6137464880193],[-84.3301785312087,33.6151824965798],[-84.3297059517922,33.616473539523],[-84.32926053204,33.6176821929107],[-84.3288930258674,33.6186756086673],[-84.3283914748847,33.620032246109],[-84.3279990934636,33.6210644971169],[-84.3273668223357,33.6227917209713],[-84.3268218099612,33.6242467504505],[-84.3263452501097,33.6255407438629],[-84.3258687073263,33.626840159489],[-84.3254188813376,33.6280337287645],[-84.3248186270648,33.6296481965925],[-84.3244255880768,33.6309195549667],[-84.324029375341,33.6321917958515],[-84.3235731308896,33.633653716593],[-84.3231168280478,33.6351807279993],[-84.3226125048641,33.6367928009476],[-84.3222492629942,33.6379875388873],[-84.3218589225454,33.6391974498095],[-84.3215602641544,33.6402247094457],[-84.3212664647509,33.6411642505894],[-84.3212475111967,33.6429343205403],[-84.3212092142195,33.6442471046758],[-84.3212050136972,33.6455387889493],[-84.3211799075817,33.6464305086756],[-84.3211333110695,33.6491058285475],[-84.3210978141411,33.6512457387769],[-84.3210861144828,33.6535054904422],[-84.3210743115183,33.6543775581776],[-84.3210579109762,33.6554071610672],[-84.3210385118576,33.6563723027659],[-84.3210246113269,33.6575106827967],[-84.3209969126734,33.6586073939598],[-84.3209901142234,33.6596588256709],[-84.3209741143298,33.6607656721695],[-84.3209599128635,33.6622644755544],[-84.3209294114664,33.6637099228511],[-84.3209044104537,33.6657093415095],[-84.320868807524,33.6673017951111],[-84.3213014999453,33.6682548995722],[-84.322062199616,33.6698468597192],[-84.323164550149,33.6716649669242],[-84.3236723857454,33.6726294769422],[-84.3255419711928,33.6763437430852],[-84.326464667652,33.6782023368795],[-84.3271186851963,33.6794592765859],[-84.3277634887207,33.6807243818183],[-84.3287000659478,33.6825847339932],[-84.3291848292144,33.6835596605338],[-84.3297494679812,33.6846678417092],[-84.3308037047475,33.6867472139076],[-84.3317542831165,33.6886345721367],[-84.3328178210393,33.6907178449239],[-84.333679092496,33.6924484906681],[-84.3342860473026,33.6936269000017],[-84.3349308921495,33.6949034898221],[-84.3356985726284,33.6964155540793],[-84.3361799788908,33.6973629995301],[-84.3370837110161,33.698662090183],[-84.3379421213387,33.6998801618083],[-84.3394661177098,33.7020311168241],[-84.3402448160256,33.703113516085],[-84.3408495421119,33.7039667968197],[-84.3422036329268,33.7050089415703],[-84.3445828020922,33.7068027428426],[-84.3456759233339,33.7076307688603],[-84.3476937613459,33.7088072340275],[-84.3486334108111,33.7093476207332],[-84.3497960320114,33.7100643366658],[-84.3511559996049,33.710880700099],[-84.3531615998678,33.7120620996878],[-84.3556514998666,33.7135263995404],[-84.3570452998104,33.7143374000531],[-84.3582371998007,33.7150313997612],[-84.3601033994978,33.7161389000824],[-84.3619436998669,33.7172249001771],[-84.3628610998592,33.7177556996066],[-84.3638166000977,33.7183172997332],[-84.365052799608,33.7191953997618],[-84.3667741001514,33.7204188998516],[-84.3682132003383,33.7214457999314],[-84.3697927997305,33.7225750996054],[-84.3709830998213,33.7234154995615],[-84.3725256347249,33.7244537495262],[-84.3724662147621,33.7261241499521],[-84.3727259994575,33.7267550001013]]},"properties":{"OBJECTID_1":16553,"OBJECTID":20763,"ID":"103818","TYPE":"AC; OVERHEAD","STATUS":"IN SERVICE","NAICS_CODE":"221121","NAICS_DESC":"ELECTRIC BULK POWER TRANSMISSION AND CONTROL","SOURCE":"IMAGERY, OpenStreetMap, http://www.psc.state.fl.us/publications/pdf/electricgas/transmissionreport2007.pdf, EIA 861","SOURCEDATE":1397088000000,"VAL_METHOD":"IMAGERY","VAL_DATE":1514937600000,"OWNER":"GEORGIA POWER CO","VOLTAGE":230,"VOLT_CLASS":"220-287","INFERRED":"Y","SUB_1":"UNKNOWN111360","SUB_2":"UNKNOWN116018","SHAPE__Len":18595.5497011033,"GlobalID":"e82df421-fe13-43c5-94b9-90c4b301b767","Shape__Length":18595.54976586537}},{"type":"Feature","id":16564,"geometry":{"type":"LineString","coordinates":[[-84.4778294033324,33.6515912599943],[-84.4780316302726,33.6549146657723],[-84.4783881500493,33.6601850234632],[-84.4784042092316,33.6603859684851],[-84.47612248302,33.6626174600082],[-84.4744111888105,33.6642593879677],[-84.4722705025901,33.6664276767215],[-84.4700171811079,33.668632588055],[-84.4678176794909,33.6707820456453],[-84.4661270770757,33.6725562828634],[-84.4641487316985,33.6748566221785],[-84.4638504182606,33.6752262258292],[-84.4630456714965,33.6755833158225],[-84.4634153614736,33.6760333940593]]},"properties":{"OBJECTID_1":16564,"OBJECTID":20784,"ID":"103839","TYPE":"AC; OVERHEAD","STATUS":"IN SERVICE","NAICS_CODE":"221121","NAICS_DESC":"ELECTRIC BULK POWER TRANSMISSION AND CONTROL","SOURCE":"IMAGERY, OpenStreetMap, EIA 861, EIA 860","SOURCEDATE":1401926400000,"VAL_METHOD":"IMAGERY","VAL_DATE":1513641600000,"OWNER":"GEORGIA POWER CO","VOLTAGE":115,"VOLT_CLASS":"100-161","INFERRED":"Y","SUB_1":"UNKNOWN111352","SUB_2":"TAP142588","SHAPE__Len":3915.98626384648,"GlobalID":"d7b82faf-65c4-46eb-a553-a195447ff5a4","Shape__Length":3915.9863315426387}},{"type":"Feature","id":16696,"geometry":{"type":"LineString","coordinates":[[-84.4709426731243,33.8672298929157],[-84.4703423002738,33.8659856986858],[-84.4697193132344,33.8646214847219],[-84.469528647612,33.8642352096572],[-84.4680403574768,33.8609048909722],[-84.4669589305035,33.8586697077635],[-84.4649800991377,33.8542727875872],[-84.4630192457558,33.8499253310013],[-84.4631924777735,33.8491140078683],[-84.4641242597935,33.8456237069357],[-84.46479932217,33.8432309688334],[-84.4652080744889,33.8417861289028],[-84.4659686106663,33.8389119127622],[-84.4664059554624,33.8372930109948],[-84.4667125145362,33.8361554666286]]},"properties":{"OBJECTID_1":16696,"OBJECTID":20980,"ID":"104119","TYPE":"AC; OVERHEAD","STATUS":"IN SERVICE","NAICS_CODE":"221121","NAICS_DESC":"ELECTRIC BULK POWER TRANSMISSION AND CONTROL","SOURCE":"IMAGERY, EIA 861, EIA 860","SOURCEDATE":1408060800000,"VAL_METHOD":"IMAGERY","VAL_DATE":1514937600000,"OWNER":"GEORGIA POWER CO","VOLTAGE":115,"VOLT_CLASS":"100-161","INFERRED":"Y","SUB_1":"TAP142610","SUB_2":"TAP142615","SHAPE__Len":4372.8236286988,"GlobalID":"f4eb81f7-62d5-420e-a98d-be62f0cd39dd","Shape__Length":4372.823676314305}},{"type":"Feature","id":16699,"geometry":{"type":"LineString","coordinates":[[-84.6067596041241,33.4891704848893],[-84.6065979819331,33.4890475868192],[-84.6048403157903,33.4885738527665],[-84.6036994535828,33.488407344853],[-84.6024516352627,33.488389505075],[-84.6024445053343,33.4896680419095],[-84.5974888816958,33.4895966830651],[-84.595891675324,33.4895907360551],[-84.5958774136706,33.4868492880103],[-84.5906936188482,33.4868373936125],[-84.5836987045304,33.4868017126569],[-84.5831639248654,33.4880802736815],[-84.5825721030781,33.4880624338361]]},"properties":{"OBJECTID_1":16699,"OBJECTID":20985,"ID":"104127","TYPE":"AC; OVERHEAD","STATUS":"IN SERVICE","NAICS_CODE":"221121","NAICS_DESC":"ELECTRIC BULK POWER TRANSMISSION AND CONTROL","SOURCE":"IMAGERY, OpenStreetMap, EIA 861, EIA 860","SOURCEDATE":1407888000000,"VAL_METHOD":"IMAGERY","VAL_DATE":1514937600000,"OWNER":"GEORGIA POWER CO","VOLTAGE":115,"VOLT_CLASS":"100-161","INFERRED":"Y","SUB_1":"UNKNOWN116332","SUB_2":"TAP142603","SHAPE__Len":3366.36476343291,"GlobalID":"db3c5c66-390c-4c23-b478-72ffc01ec7f1","Shape__Length":3366.3647143793737}},{"type":"Feature","id":16984,"geometry":{"type":"LineString","coordinates":[[-84.3119563323328,33.8513972494934],[-84.3119792986613,33.8509733081747],[-84.3116842164635,33.8458260890041],[-84.3116002500356,33.8442976537536],[-84.3102281111684,33.8432288700293],[-84.3099633147721,33.8418054258383],[-84.3105944836671,33.8402680478726],[-84.3095585518713,33.8380496100427],[-84.3088102264936,33.836557829946],[-84.3080543058601,33.8350354781787],[-84.3075254101601,33.8339635184899],[-84.3054037924783,33.8320066628736],[-84.3028868343248,33.8296730215628],[-84.2997479662118,33.8267910579372],[-84.2997050680638,33.8201148339508],[-84.2984394370499,33.8165054916906],[-84.2975318331857,33.8139642144584],[-84.2973097750373,33.8124822737934],[-84.2968711950578,33.8092252009857],[-84.2967345280654,33.8082088756784],[-84.2906270809763,33.8051804619362],[-84.2847941437668,33.8023067081729],[-84.2791982809438,33.7994940970199],[-84.2783723707699,33.7985127699626],[-84.2747335138445,33.7941919820591],[-84.2722987955569,33.7934234646127],[-84.2721558493407,33.792154213462],[-84.2720718667431,33.79162921459],[-84.2715656085883,33.7909536678105]]},"properties":{"OBJECTID_1":16984,"OBJECTID":22917,"ID":"106642","TYPE":"AC; OVERHEAD","STATUS":"IN SERVICE","NAICS_CODE":"221121","NAICS_DESC":"ELECTRIC BULK POWER TRANSMISSION AND CONTROL","SOURCE":"IMAGERY, EIA 861, EIA 860","SOURCEDATE":1408406400000,"VAL_METHOD":"IMAGERY","VAL_DATE":1514937600000,"OWNER":"GEORGIA POWER CO","VOLTAGE":115,"VOLT_CLASS":"100-161","INFERRED":"Y","SUB_1":"UNKNOWN116571","SUB_2":"TAP142249","SHAPE__Len":10087.2709733069,"GlobalID":"fade0a1f-fc4a-48f9-ae4f-33d1ba3eec2e","Shape__Length":10087.270959655243}},{"type":"Feature","id":16995,"geometry":{"type":"LineString","coordinates":[[-84.394335999493,33.8117750001385],[-84.3943020117343,33.8115601899991],[-84.3946494962558,33.8115426909962],[-84.3946280103508,33.8113314375549],[-84.3976193131104,33.811241169439],[-84.3997470357429,33.8111262577059],[-84.4028521110315,33.8095943037194],[-84.4049310677205,33.8084713071306],[-84.4075447187346,33.8071173241743],[-84.4128567193176,33.8043912284576],[-84.4140971570794,33.8039472200314],[-84.4156212648416,33.8035060025378],[-84.415954522744,33.8049313205138],[-84.4165250346961,33.8078072298693],[-84.4169133018332,33.8096878211662],[-84.4178174408954,33.8108851020679],[-84.4197037116509,33.8121845807442],[-84.4210635921077,33.8131090230603],[-84.4240680497963,33.81526558688],[-84.4269773848794,33.8172877799766],[-84.4326539757037,33.8214271968278],[-84.4404217986953,33.8273668918831],[-84.4495486864735,33.8343956351019],[-84.4558807186718,33.8392287386596],[-84.4571480034842,33.8402338584838],[-84.4580559720643,33.8412182196995],[-84.4588849949007,33.8426111844673],[-84.4594271209882,33.8435117298523],[-84.4611384196892,33.846553743698],[-84.4620984177923,33.8482036048305],[-84.4628319209679,33.8493926098698],[-84.463412006266,33.8473827320321],[-84.4646003318598,33.8429769490065],[-84.4667574752162,33.8353062725622],[-84.4681330636141,33.8331221705483],[-84.4695367647889,33.8321048875073],[-84.474160221978,33.8286672641342],[-84.4786343953366,33.8264348448542],[-84.4780006626498,33.8243991821358],[-84.4776104838977,33.8226453326374],[-84.4767799995024,33.8228379994786]]},"properties":{"OBJECTID_1":16995,"OBJECTID":22936,"ID":"106684","TYPE":"AC; OVERHEAD","STATUS":"IN SERVICE","NAICS_CODE":"221121","NAICS_DESC":"ELECTRIC BULK POWER TRANSMISSION AND CONTROL","SOURCE":"IMAGERY, EIA 860, OpenStreetMap","SOURCEDATE":1408060800000,"VAL_METHOD":"IMAGERY","VAL_DATE":1470787200000,"OWNER":"GEORGIA POWER CO","VOLTAGE":230,"VOLT_CLASS":"220-287","INFERRED":"N","SUB_1":"SHEPHERD CENTER","SUB_2":"JACK MCDONOUGH","SHAPE__Len":15377.322046108,"GlobalID":"a4d53946-d78a-4245-959a-821c0a3bb1a8","Shape__Length":15377.322318066983}},{"type":"Feature","id":17032,"geometry":{"type":"LineString","coordinates":[[-84.5150797992016,33.8582770037961],[-84.5154541442484,33.8580796298898],[-84.5165950064559,33.8593280108223],[-84.5196734700525,33.8625320720955],[-84.5261233540296,33.8692470787784],[-84.5283232356339,33.871571001439],[-84.5298218842426,33.8730886059661],[-84.5303589995274,33.873925999683],[-84.531830278266,33.8773608944629],[-84.5320744107159,33.8783204870662],[-84.5331137480248,33.8808091578238],[-84.5335356301199,33.8819585477299],[-84.5350140369904,33.8861156789462],[-84.537498938763,33.8926870839022],[-84.5383070497178,33.8947142556444],[-84.5398460254963,33.8946797308828],[-84.5400539962643,33.8947882398923],[-84.5403974428587,33.8948928027451]]},"properties":{"OBJECTID_1":17032,"OBJECTID":22998,"ID":"106756","TYPE":"AC; OVERHEAD","STATUS":"IN SERVICE","NAICS_CODE":"221121","NAICS_DESC":"ELECTRIC BULK POWER TRANSMISSION AND CONTROL","SOURCE":"IMAGERY, EIA 861, EIA 860","SOURCEDATE":1408060800000,"VAL_METHOD":"IMAGERY","VAL_DATE":1514937600000,"OWNER":"GEORGIA POWER CO","VOLTAGE":115,"VOLT_CLASS":"100-161","INFERRED":"Y","SUB_1":"UNKNOWN116285","SUB_2":"UNKNOWN116536","SHAPE__Len":5912.31642426052,"GlobalID":"d8baf1c0-2067-4fe0-bb8f-d5c275f444c8","Shape__Length":5912.316372610923}},{"type":"Feature","id":17188,"geometry":{"type":"LineString","coordinates":[[-84.4064603381006,33.638581872683],[-84.4061848131249,33.6387638321177],[-84.4061941358409,33.6373589665494],[-84.4037983244866,33.6373193898324],[-84.4018303357863,33.636626796957],[-84.3972193499082,33.6366505437788],[-84.3970933800543,33.6377962859307]]},"properties":{"OBJECTID_1":17188,"OBJECTID":24253,"ID":"108320","TYPE":"AC; OVERHEAD","STATUS":"IN SERVICE","NAICS_CODE":"221121","NAICS_DESC":"ELECTRIC BULK POWER TRANSMISSION AND CONTROL","SOURCE":"IMAGERY, EIA 861, EIA 860","SOURCEDATE":1407801600000,"VAL_METHOD":"IMAGERY","VAL_DATE":1514937600000,"OWNER":"GEORGIA POWER CO","VOLTAGE":115,"VOLT_CLASS":"100-161","INFERRED":"Y","SUB_1":"UNKNOWN116338","SUB_2":"UNKNOWN116347","SHAPE__Len":1398.72811989325,"GlobalID":"0ea88710-87e3-4483-98b3-206752ffb32d","Shape__Length":1398.7282362041874}},{"type":"Feature","id":17415,"geometry":{"type":"LineString","coordinates":[[-84.3790139998338,33.9668869999614],[-84.3796396108522,33.9663558340614],[-84.3797465669648,33.9663952581637],[-84.3794585760679,33.9670401565779],[-84.3806088086021,33.9674364126171],[-84.3860754424832,33.9669485369599],[-84.3903655618199,33.9666282128411],[-84.3940673960365,33.9664159335337],[-84.3952094745629,33.9662122826716]]},"properties":{"OBJECTID_1":17415,"OBJECTID":24605,"ID":"108773","TYPE":"AC; OVERHEAD","STATUS":"IN SERVICE","NAICS_CODE":"221121","NAICS_DESC":"ELECTRIC BULK POWER TRANSMISSION AND CONTROL","SOURCE":"IMAGERY, OpenStreetMap, EIA 861, EIA 860","SOURCEDATE":1397088000000,"VAL_METHOD":"IMAGERY","VAL_DATE":1512950400000,"OWNER":"GEORGIA POWER CO","VOLTAGE":230,"VOLT_CLASS":"220-287","INFERRED":"Y","SUB_1":"UNKNOWN116276","SUB_2":"BULL SLUICE","SHAPE__Len":1978.32315810555,"GlobalID":"b9d96dc5-7e45-49d1-8585-ba0c88fa25a5","Shape__Length":1978.3230355321161}},{"type":"Feature","id":17494,"geometry":{"type":"LineString","coordinates":[[-84.1682112012154,33.8056328785473],[-84.1678342851902,33.8057049216224],[-84.1678019997388,33.8063209995522],[-84.1682871888069,33.8092513318946],[-84.168590107009,33.8100339029767],[-84.1691139999911,33.8125959999524],[-84.1698299994933,33.8123039999296],[-84.1723240003015,33.8111449995315],[-84.1726354156678,33.8108514868454],[-84.1730774999753,33.8113886399047],[-84.1736051488136,33.8119850328971],[-84.1746129112387,33.8126920099972],[-84.1753019999099,33.8130450000188],[-84.1751279998327,33.8136219998023],[-84.1777168869894,33.8144034150955],[-84.1787105099318,33.8146983717392],[-84.1793997809611,33.8148958458506],[-84.1801270812697,33.8151999548218],[-84.1808258591696,33.8154843157602],[-84.1814010001404,33.8158519995506],[-84.1826512385219,33.8170798775961],[-84.1854745491368,33.8199556718803],[-84.187118999706,33.8218579998898],[-84.1881930003069,33.8228529998419],[-84.1907133361259,33.8242555908475],[-84.1915024333395,33.8246070547834],[-84.1921879997165,33.8248730001093],[-84.1937794038699,33.8254560917036],[-84.1951436860717,33.8259181218696],[-84.195548501973,33.8256129950476],[-84.1960618900562,33.8252457390401],[-84.1962853091522,33.824953512053],[-84.1964606252613,33.824175664819]]},"properties":{"OBJECTID_1":17494,"OBJECTID":24744,"ID":"108962","TYPE":"AC; OVERHEAD","STATUS":"IN SERVICE","NAICS_CODE":"221121","NAICS_DESC":"ELECTRIC BULK POWER TRANSMISSION AND CONTROL","SOURCE":"IMAGERY, EIA 861, EIA 860","SOURCEDATE":1408406400000,"VAL_METHOD":"IMAGERY","VAL_DATE":1514937600000,"OWNER":"GEORGIA POWER CO","VOLTAGE":115,"VOLT_CLASS":"100-161","INFERRED":"Y","SUB_1":"UNKNOWN116180","SUB_2":"UNKNOWN116181","SHAPE__Len":5079.42423230574,"GlobalID":"a9c38bb9-70a3-4d08-8492-a5bbc1dff432","Shape__Length":5079.4243289739925}},{"type":"Feature","id":17563,"geometry":{"type":"LineString","coordinates":[[-84.312152747173,33.5350270067166],[-84.3119343846937,33.5352646555865],[-84.3120570999514,33.5355479998941],[-84.312372103189,33.5368128031734],[-84.312794335627,33.5383601555554],[-84.3132590853275,33.5397579036985],[-84.313680379026,33.5411418554892],[-84.3142320721713,33.5429338335897],[-84.3146536919583,33.544325798866],[-84.3151922894633,33.5460493125698],[-84.3155757074945,33.5472286684652],[-84.3159819705818,33.5485123515352],[-84.3165067493028,33.5501685680011],[-84.3170680166923,33.5521081116124],[-84.3175765215336,33.5538929255417],[-84.3179315995143,33.555115695125],[-84.3187944520059,33.5581149806205],[-84.31948323525,33.5602026086719],[-84.319923352247,33.5616843420971],[-84.3203134950665,33.562776120739],[-84.3206650633294,33.5637930271319],[-84.3210752825971,33.5649632864462],[-84.3216686800294,33.5666584778177],[-84.321854262984,33.5675459598423],[-84.3221779116078,33.568865783025],[-84.3228854597599,33.5711731899116],[-84.323534074836,33.573324841942],[-84.3240696018994,33.5750506286302],[-84.3247282870899,33.5771920795468],[-84.3251713739173,33.5786358359373],[-84.3255960542645,33.5800305705017],[-84.3260720751268,33.5816048398395],[-84.3265995281324,33.5833098890143],[-84.3270598760879,33.5848874990633],[-84.3273413065884,33.5857062508447],[-84.3279000452203,33.5875753421769],[-84.3285114969932,33.5895735121051],[-84.3288808141695,33.5907613640627],[-84.3293751651551,33.5923575077574],[-84.3298240595908,33.5938541898873],[-84.3302669685518,33.5952899177017],[-84.3306084819717,33.596421062878],[-84.3311888879683,33.5982831594661],[-84.33175776319,33.6003100159064],[-84.3319723994574,33.6023857999898],[-84.3328201997782,33.6044867001243],[-84.3327276382696,33.605582818463],[-84.3331541278238,33.605777486531]]},"properties":{"OBJECTID_1":17563,"OBJECTID":24846,"ID":"109114","TYPE":"AC; OVERHEAD","STATUS":"IN SERVICE","NAICS_CODE":"221121","NAICS_DESC":"ELECTRIC BULK POWER TRANSMISSION AND CONTROL","SOURCE":"IMAGERY, OpenStreetMap, EIA 861","SOURCEDATE":1397088000000,"VAL_METHOD":"IMAGERY","VAL_DATE":1509580800000,"OWNER":"GEORGIA POWER CO","VOLTAGE":230,"VOLT_CLASS":"220-287","INFERRED":"Y","SUB_1":"UNKNOWN116018","SUB_2":"UNKNOWN116019","SHAPE__Len":9783.31421972643,"GlobalID":"b0fdbc14-b179-4431-b574-47416dda270b","Shape__Length":9783.314200060975}},{"type":"Feature","id":17601,"geometry":{"type":"LineString","coordinates":[[-84.5074369525272,33.9637909274884],[-84.5075371039016,33.9620555841405],[-84.5079055074912,33.9616366736697],[-84.5080540564998,33.9554907875835],[-84.5080778250239,33.9547859786034],[-84.5106031716456,33.9547613348063],[-84.5110844737035,33.9543423899086],[-84.5111201260405,33.9530411819206],[-84.5108646200208,33.9530313236043]]},"properties":{"OBJECTID_1":17601,"OBJECTID":24902,"ID":"109179","TYPE":"AC; OVERHEAD","STATUS":"IN SERVICE","NAICS_CODE":"221121","NAICS_DESC":"ELECTRIC BULK POWER TRANSMISSION AND CONTROL","SOURCE":"IMAGERY, EIA 861, EIA 860","SOURCEDATE":1408320000000,"VAL_METHOD":"IMAGERY","VAL_DATE":1514937600000,"OWNER":"GEORGIA POWER CO","VOLTAGE":115,"VOLT_CLASS":"100-161","INFERRED":"Y","SUB_1":"UNKNOWN116559","SUB_2":"TAP155363","SHAPE__Len":1784.35102540009,"GlobalID":"42f24284-5d40-4587-9bce-ca9d632a287b","Shape__Length":1784.3509300952956}},{"type":"Feature","id":17603,"geometry":{"type":"LineString","coordinates":[[-84.312152747173,33.5350270067166],[-84.3122173890425,33.5355418246672],[-84.3125814465828,33.5355168407142],[-84.3125615560858,33.534630770562],[-84.3138830560221,33.5339016921311],[-84.3176740471324,33.5317362120412],[-84.3294082959211,33.5278063120731],[-84.3405792426362,33.5233362919623],[-84.3420366298273,33.5233517011293]]},"properties":{"OBJECTID_1":17603,"OBJECTID":24905,"ID":"109182","TYPE":"AC; OVERHEAD","STATUS":"IN SERVICE","NAICS_CODE":"221121","NAICS_DESC":"ELECTRIC BULK POWER TRANSMISSION AND CONTROL","SOURCE":"IMAGERY, EIA 861, EIA 860","SOURCEDATE":1406851200000,"VAL_METHOD":"IMAGERY","VAL_DATE":1513296000000,"OWNER":"GEORGIA POWER CO","VOLTAGE":115,"VOLT_CLASS":"100-161","INFERRED":"Y","SUB_1":"UNKNOWN116019","SUB_2":"TAP142243","SHAPE__Len":3865.51134891653,"GlobalID":"08c1e9bc-95bc-47ea-9b0e-dc00c70ac1fb","Shape__Length":3865.5112536027327}},{"type":"Feature","id":17658,"geometry":{"type":"LineString","coordinates":[[-84.3340973624654,33.9274828057097],[-84.3336047721776,33.9272269205025],[-84.3329808625684,33.9271973388177],[-84.3319231879495,33.9270297068402],[-84.3279895874912,33.9271184527838],[-84.3274964025188,33.9248504581303],[-84.3278172699585,33.9232085890557],[-84.3277756770625,33.9223851779308],[-84.3276330686129,33.9215568278667],[-84.3274488672672,33.9206495777242],[-84.3267061177324,33.9206298550794],[-84.3245432323447,33.9209651438925],[-84.3235865705846,33.9209651438925],[-84.3214890475153,33.9206594390449],[-84.3188210933423,33.9206840927143],[-84.3173058851896,33.920713676661],[-84.3156302415205,33.9209355600332],[-84.3148637252582,33.9210292425918],[-84.3128137383388,33.9208862528327],[-84.3091772376945,33.9209059746727],[-84.3089157902175,33.9215420356683]]},"properties":{"OBJECTID_1":17658,"OBJECTID":24982,"ID":"109278","TYPE":"AC; OVERHEAD","STATUS":"IN SERVICE","NAICS_CODE":"221121","NAICS_DESC":"ELECTRIC BULK POWER TRANSMISSION AND CONTROL","SOURCE":"IMAGERY, EIA 861, EIA 860","SOURCEDATE":1408406400000,"VAL_METHOD":"IMAGERY","VAL_DATE":1514937600000,"OWNER":"GEORGIA POWER CO","VOLTAGE":230,"VOLT_CLASS":"220-287","INFERRED":"Y","SUB_1":"UNKNOWN116563","SUB_2":"UNKNOWN116573","SHAPE__Len":3706.82875173404,"GlobalID":"7fe3eaea-a329-424b-b342-768fc6d8949f","Shape__Length":3706.8288146089735}},{"type":"Feature","id":17706,"geometry":{"type":"LineString","coordinates":[[-84.4290899996455,33.6662699996403],[-84.4290355195185,33.6664953815477],[-84.4285540000683,33.6663700000657],[-84.4286239994902,33.6671059995603],[-84.4337319998587,33.6686999995704],[-84.4336104883435,33.6703053494944],[-84.433602549033,33.6719549536106],[-84.4363559994649,33.6722069994365],[-84.4378119996572,33.6736509997976],[-84.4379229999852,33.674977999988],[-84.4381420002684,33.6760330000922],[-84.4380889996666,33.6773219997343],[-84.4380700002983,33.6785279997371],[-84.4379996110076,33.6799181090627],[-84.4379937144661,33.6815681357662],[-84.4379568278439,33.6829263641648],[-84.4378855240682,33.6838638260048],[-84.4392117769908,33.6847597448639],[-84.4396039491045,33.6850860705706],[-84.4387340412446,33.6863201654364],[-84.4379496979155,33.6875779738584],[-84.4371724845148,33.6886340451802],[-84.4367731824727,33.6884857206384],[-84.4350262368245,33.6880407477194],[-84.4337071147287,33.6877262999668],[-84.4325377301127,33.6883492624915],[-84.4325733815514,33.688100078173],[-84.4324061916023,33.6879148497604]]},"properties":{"OBJECTID_1":17706,"OBJECTID":23555,"ID":"107469","TYPE":"AC; OVERHEAD","STATUS":"IN SERVICE","NAICS_CODE":"221121","NAICS_DESC":"ELECTRIC BULK POWER TRANSMISSION AND CONTROL","SOURCE":"IMAGERY, EIA 861, EIA 860","SOURCEDATE":1408579200000,"VAL_METHOD":"IMAGERY","VAL_DATE":1514937600000,"OWNER":"GEORGIA POWER CO","VOLTAGE":115,"VOLT_CLASS":"100-161","INFERRED":"Y","SUB_1":"UNKNOWN111562","SUB_2":"UNKNOWN113571","SHAPE__Len":4581.04359036505,"GlobalID":"368c4131-a91f-4098-a5f2-df545f12568d","Shape__Length":4581.043424706362}},{"type":"Feature","id":17741,"geometry":{"type":"LineString","coordinates":[[-84.4565618608461,33.8881639987847],[-84.4545669999424,33.8868269996847],[-84.4514260001273,33.8835489995122],[-84.4534990000877,33.8796149997699],[-84.4522239996454,33.8784140001756],[-84.4535009997375,33.8768909996539],[-84.4529966657741,33.8724294901117],[-84.4528799997715,33.8707549999923],[-84.4554719995906,33.8690460000673],[-84.4574900001977,33.8706899997775],[-84.4594853219371,33.8695522116571],[-84.4615080000718,33.8704870001189],[-84.4641969999753,33.8711010001653],[-84.4653569998916,33.8696009995802],[-84.4688080002264,33.8670259996444],[-84.4700929674768,33.8671248031181],[-84.4709426731243,33.8672298929157]]},"properties":{"OBJECTID_1":17741,"OBJECTID":23616,"ID":"107544","TYPE":"AC; OVERHEAD","STATUS":"IN SERVICE","NAICS_CODE":"221121","NAICS_DESC":"ELECTRIC BULK POWER TRANSMISSION AND CONTROL","SOURCE":"IMAGERY, EIA 861, EIA 860","SOURCEDATE":1408320000000,"VAL_METHOD":"IMAGERY","VAL_DATE":1514937600000,"OWNER":"GEORGIA POWER CO","VOLTAGE":115,"VOLT_CLASS":"100-161","INFERRED":"Y","SUB_1":"UNKNOWN115920","SUB_2":"TAP142615","SHAPE__Len":5227.55816103614,"GlobalID":"2b50b395-99da-4a6a-a09c-506525810da7","Shape__Length":5227.558234217047}},{"type":"Feature","id":18080,"geometry":{"type":"LineString","coordinates":[[-84.4767799995024,33.8228379994786],[-84.4755111147905,33.8233631830213],[-84.4743550692581,33.8225877057141],[-84.4726468365071,33.8240179245003],[-84.4733133532102,33.8251536721805],[-84.4728720001313,33.8257419998701]]},"properties":{"OBJECTID_1":18080,"OBJECTID":23169,"ID":"106968","TYPE":"AC; OVERHEAD","STATUS":"IN SERVICE","NAICS_CODE":"221121","NAICS_DESC":"ELECTRIC BULK POWER TRANSMISSION AND CONTROL","SOURCE":"IMAGERY, EIA 861, EIA 860","SOURCEDATE":1408060800000,"VAL_METHOD":"IMAGERY","VAL_DATE":1514937600000,"OWNER":"GEORGIA POWER CO","VOLTAGE":115,"VOLT_CLASS":"100-161","INFERRED":"Y","SUB_1":"UNKNOWN111548","SUB_2":"JACK MCDONOUGH","SHAPE__Len":855.400687680185,"GlobalID":"2a6ec2da-15b5-444b-861d-7a85c010d1c5","Shape__Length":855.4008008961804}},{"type":"Feature","id":18114,"geometry":{"type":"LineString","coordinates":[[-84.3663609999866,33.7911629998848],[-84.3658579317494,33.7909645534732],[-84.3657341995988,33.7911977404458],[-84.3648514197792,33.7931607958989],[-84.3645872998143,33.7936581036298],[-84.3638163548577,33.7949311151526],[-84.3632745377907,33.796032031174],[-84.3624490857576,33.7973003275257],[-84.3618199272921,33.7982128231445],[-84.3591469299771,33.8016532456705],[-84.3574181491623,33.8036969911675],[-84.3559682152931,33.8054350747751],[-84.3546872311727,33.806977369566],[-84.3529830866545,33.8089739679632],[-84.3511648165694,33.8111542256433],[-84.3499988877723,33.8125258584767],[-84.3487187148305,33.8140961334885],[-84.3483385765484,33.8145695629693],[-84.3471109325929,33.8159970468906],[-84.3461422891035,33.8171573010736],[-84.3452987207461,33.8181473680082],[-84.3432166199536,33.8206058190666],[-84.3408135457202,33.8234552846451],[-84.3382467229835,33.826553139687],[-84.3356584350032,33.8295621269137],[-84.3329346496369,33.8328257149061],[-84.3315927651301,33.8343791070822],[-84.3314277913248,33.8347841806889]]},"properties":{"OBJECTID_1":18114,"OBJECTID":23231,"ID":"107048","TYPE":"AC; OVERHEAD","STATUS":"IN SERVICE","NAICS_CODE":"221121","NAICS_DESC":"ELECTRIC BULK POWER TRANSMISSION AND CONTROL","SOURCE":"IMAGERY, EIA 861, EIA 860","SOURCEDATE":1408320000000,"VAL_METHOD":"IMAGERY","VAL_DATE":1514937600000,"OWNER":"GEORGIA POWER CO","VOLTAGE":115,"VOLT_CLASS":"100-161","INFERRED":"Y","SUB_1":"BOULEVARD","SUB_2":"UNKNOWN116568","SHAPE__Len":7091.21276647,"GlobalID":"b47ea980-608f-4221-ad07-ab8159d7bd7a","Shape__Length":7091.21280993303}},{"type":"Feature","id":18118,"geometry":{"type":"LineString","coordinates":[[-84.3211093170683,33.6584002260073],[-84.3211036873264,33.658649939046],[-84.3210876856363,33.6609157268495],[-84.3210381866675,33.6638399729331],[-84.3210185890212,33.6657042096035],[-84.3209802767727,33.6671024400313],[-84.3224817407015,33.6700699789358],[-84.3233948135091,33.67185372464],[-84.3256321261147,33.6763140498846],[-84.3266071359645,33.6782109680529],[-84.328054680315,33.6810879561538],[-84.3292625882837,33.6834804710852],[-84.3299414963479,33.6848261869511],[-84.3309198281677,33.6867590501318],[-84.3318316118928,33.6885477199528],[-84.3337017956182,33.6922605861313],[-84.3350328392561,33.6948853698198],[-84.3362752937357,33.6973185326482],[-84.3380304715452,33.6998067271129],[-84.3402100260713,33.7028907606325],[-84.3408538621101,33.7038118909054],[-84.3423177261544,33.7049570518399],[-84.3447439625491,33.7067875300975],[-84.3457597460313,33.7075597134405],[-84.3478448948076,33.708775023991],[-84.3495010073058,33.7097550696423],[-84.3503736496374,33.7102714735546],[-84.3507457174551,33.7104819554533],[-84.3531923168606,33.7119350360897],[-84.3557557628301,33.7134197198391],[-84.3582725862364,33.7148895155636],[-84.3617095566831,33.7169211980095],[-84.3639159375985,33.7182140907445],[-84.3653086640554,33.7192125328285],[-84.3672915728742,33.7206026400427],[-84.368691225342,33.7216049045098],[-84.3711998812657,33.7233737441395],[-84.3726653002937,33.724416089709],[-84.3730663567456,33.7263168860547],[-84.3727259994575,33.7267550001013]]},"properties":{"OBJECTID_1":18118,"OBJECTID":23243,"ID":"107058","TYPE":"AC; OVERHEAD","STATUS":"IN SERVICE","NAICS_CODE":"221121","NAICS_DESC":"ELECTRIC BULK POWER TRANSMISSION AND CONTROL","SOURCE":"IMAGERY, OpenStreetMap, http://www.psc.state.fl.us/publications/pdf/electricgas/transmissionreport2007.pdf, EIA 861","SOURCEDATE":1407801600000,"VAL_METHOD":"IMAGERY","VAL_DATE":1514937600000,"OWNER":"GEORGIA POWER CO","VOLTAGE":115,"VOLT_CLASS":"100-161","INFERRED":"N","SUB_1":"UNKNOWN111360","SUB_2":"TAP142237","SHAPE__Len":11380.2888148535,"GlobalID":"b2d73041-1089-4139-95be-e9ba6d973cb2","Shape__Length":11380.288867941948}},{"type":"Feature","id":18155,"geometry":{"type":"LineString","coordinates":[[-84.1264480295832,33.6380134160893],[-84.1259747656505,33.6380211687778],[-84.1246548000367,33.6382487000777],[-84.1229445999752,33.6384804997431],[-84.1215126997853,33.6372694995242],[-84.1190552999351,33.6370014995157],[-84.1174453994701,33.6365431995065],[-84.1149162996871,33.6358647995477],[-84.1124287002737,33.635206199924],[-84.1101492000874,33.6346050995349],[-84.1082735995209,33.6341014001564],[-84.1066796998477,33.6336883997703],[-84.1049033999509,33.6332007001508],[-84.1032485998913,33.6327744000404],[-84.100272099571,33.6319669000262],[-84.0983645001157,33.6314711995325],[-84.0950902999069,33.6305865000664],[-84.0930339996277,33.6300291997055],[-84.0888412998887,33.6288964998876],[-84.0871952224705,33.6285700081514]]},"properties":{"OBJECTID_1":18155,"OBJECTID":23301,"ID":"107132","TYPE":"AC; OVERHEAD","STATUS":"IN SERVICE","NAICS_CODE":"221121","NAICS_DESC":"ELECTRIC BULK POWER TRANSMISSION AND CONTROL","SOURCE":"IMAGERY, OpenStreetMap, http://www.psc.state.fl.us/publications/pdf/electricgas/transmissionreport2007.pdf, EIA 861","SOURCEDATE":1397088000000,"VAL_METHOD":"IMAGERY","VAL_DATE":1444262400000,"OWNER":"GEORGIA POWER CO","VOLTAGE":230,"VOLT_CLASS":"220-287","INFERRED":"Y","SUB_1":"UNKNOWN116041","SUB_2":"KLONDIKE","SHAPE__Len":4620.85002668784,"GlobalID":"6cb06029-2de8-494a-9e17-ecbf02dd39d4","Shape__Length":4620.850027752026}},{"type":"Feature","id":18260,"geometry":{"type":"LineString","coordinates":[[-84.3421982744761,33.5232709497547],[-84.3429778720056,33.5233616531311],[-84.3503241120411,33.5234393264854],[-84.3514031782419,33.5230608706129]]},"properties":{"OBJECTID_1":18260,"OBJECTID":23455,"ID":"107330","TYPE":"AC; OVERHEAD","STATUS":"IN SERVICE","NAICS_CODE":"221121","NAICS_DESC":"ELECTRIC BULK POWER TRANSMISSION AND CONTROL","SOURCE":"IMAGERY, EIA 861, EIA 860","SOURCEDATE":1407456000000,"VAL_METHOD":"IMAGERY","VAL_DATE":1513296000000,"OWNER":"GEORGIA POWER CO","VOLTAGE":115,"VOLT_CLASS":"100-161","INFERRED":"Y","SUB_1":"UNKNOWN116020","SUB_2":"TAP142242","SHAPE__Len":1035.78938610556,"GlobalID":"f3045441-9d7c-4a1d-87cd-a3f7c5015d77","Shape__Length":1035.7894682850374}},{"type":"Feature","id":18264,"geometry":{"type":"LineString","coordinates":[[-84.6326591997785,33.8644389999428],[-84.6355509997473,33.8633249998687],[-84.6376530000199,33.8624459995036],[-84.6412249998302,33.8607549995053],[-84.642404999838,33.8602509997425],[-84.6427110001598,33.8601200000911],[-84.6430090000856,33.8599930000892],[-84.6433670002859,33.8598400000828],[-84.6443630001706,33.8594149996213],[-84.6443909997597,33.8594029999882],[-84.6447719995262,33.8592409995557],[-84.6448870000523,33.8591909994799],[-84.6454989997975,33.8589289997079],[-84.6464739997658,33.8585150000867],[-84.6477119994999,33.8577759994446],[-84.648042999936,33.857564000119],[-84.6501710001479,33.8561329998587],[-84.6541339997705,33.8539040000608],[-84.6550040001569,33.8533800000989],[-84.6551699998382,33.8532259997666],[-84.6565209995502,33.8524370000593],[-84.6613140002745,33.8495309999712],[-84.6662369997968,33.8465159995143],[-84.6666229995862,33.8460180000446],[-84.6678948631115,33.8444895637507],[-84.6685320453291,33.843617215046],[-84.6763800285868,33.8454726366886],[-84.6875937575673,33.8482224191046],[-84.6975905675784,33.85062075674],[-84.7103896209144,33.8537592199498],[-84.7233098911182,33.8569271746669],[-84.7261620475352,33.8576140429225],[-84.7332353955571,33.8596746137975]]},"properties":{"OBJECTID_1":18264,"OBJECTID":23462,"ID":"107340","TYPE":"AC; OVERHEAD","STATUS":"IN SERVICE","NAICS_CODE":"221121","NAICS_DESC":"ELECTRIC BULK POWER TRANSMISSION AND CONTROL","SOURCE":"IMAGERY, OpenStreetMap, EIA 861, EIA 860","SOURCEDATE":1408320000000,"VAL_METHOD":"IMAGERY","VAL_DATE":1514937600000,"OWNER":"GEORGIA POWER CO","VOLTAGE":115,"VOLT_CLASS":"100-161","INFERRED":"Y","SUB_1":"TAP142614","SUB_2":"TAP142618","SHAPE__Len":12441.855113054,"GlobalID":"6ccd38ff-60bb-476c-b09d-d41d80f72001","Shape__Length":12441.85503986566}},{"type":"Feature","id":18268,"geometry":{"type":"LineString","coordinates":[[-84.5682975498199,33.994173061561],[-84.5667748838538,33.9936241501356],[-84.5672059000187,33.9925387995377],[-84.5648329678563,33.9902787056743],[-84.5634317298621,33.9889479695902],[-84.5611459414688,33.9867910794645],[-84.5596570844967,33.9853743209235],[-84.5585093510756,33.9842831875179],[-84.5568594216815,33.9827222610394],[-84.5551746259762,33.9811282635153],[-84.5529832289598,33.979053666757],[-84.5511885288711,33.9773546658965],[-84.5503413286249,33.9765526659327],[-84.5494707299606,33.9757284656052],[-84.5485154300464,33.9748239657767],[-84.5470674284534,33.973453164625],[-84.5458213295087,33.9722733656666],[-84.5446032292548,33.9711200645453],[-84.5432774299815,33.9698648644558],[-84.5417026302878,33.968373763468],[-84.5401537290238,33.9669072639568],[-84.5386660200986,33.9654987166602],[-84.537373319252,33.9641201887558],[-84.536426271262,33.9620009794599],[-84.5351535417607,33.9621293199246],[-84.5351384994713,33.9618639915045],[-84.5354743831493,33.9616517025419]]},"properties":{"OBJECTID_1":18268,"OBJECTID":23466,"ID":"107348","TYPE":"AC; OVERHEAD","STATUS":"IN SERVICE","NAICS_CODE":"221121","NAICS_DESC":"ELECTRIC BULK POWER TRANSMISSION AND CONTROL","SOURCE":"IMAGERY, OpenStreetMap, EIA 861, EIA 860","SOURCEDATE":1397088000000,"VAL_METHOD":"IMAGERY","VAL_DATE":1512950400000,"OWNER":"GEORGIA POWER CO","VOLTAGE":230,"VOLT_CLASS":"220-287","INFERRED":"Y","SUB_1":"UNKNOWN116279","SUB_2":"BIG SHANTY","SHAPE__Len":5925.27626723459,"GlobalID":"b1b7facd-48c8-4a25-a2ad-c28628930b80","Shape__Length":5925.276490798306}},{"type":"Feature","id":18330,"geometry":{"type":"LineString","coordinates":[[-84.5094759404743,33.5530444207927],[-84.5101859050945,33.5518540838219],[-84.5108991000564,33.5518894998856],[-84.5115883001188,33.5519338996471],[-84.5115338999418,33.5540281998505],[-84.5114964994833,33.5556941997183],[-84.5083982001869,33.5556388998746],[-84.5083442994732,33.5581275995859],[-84.508306899913,33.5610930996488],[-84.5082736999767,33.5644974998386],[-84.5082512995868,33.568674999442],[-84.5082277996589,33.5718664996042],[-84.5117123996803,33.5729023996647],[-84.5160022001151,33.5741218000271],[-84.5184802998444,33.5773380998832],[-84.5205735002205,33.5800486997196],[-84.5227634994584,33.5828786999628],[-84.5237070997143,33.584126399449],[-84.5238669998349,33.5857589997663]]},"properties":{"OBJECTID_1":18330,"OBJECTID":27050,"ID":"111933","TYPE":"AC; OVERHEAD","STATUS":"IN SERVICE","NAICS_CODE":"221121","NAICS_DESC":"ELECTRIC BULK POWER TRANSMISSION AND CONTROL","SOURCE":"IMAGERY, OpenStreetMap, http://www.psc.state.fl.us/publications/pdf/electricgas/transmissionreport2007.pdf, EIA 861","SOURCEDATE":1397088000000,"VAL_METHOD":"IMAGERY","VAL_DATE":1509580800000,"OWNER":"GEORGIA POWER CO","VOLTAGE":230,"VOLT_CLASS":"220-287","INFERRED":"Y","SUB_1":"UNKNOWN111558","SUB_2":"UNION","SHAPE__Len":6073.0243279298,"GlobalID":"ed360d56-cb67-4f02-b7d3-5de8378a881d","Shape__Length":6073.024272933538}},{"type":"Feature","id":18347,"geometry":{"type":"LineString","coordinates":[[-84.5709820707234,33.8182916046768],[-84.5710105922337,33.8186746879736],[-84.5703165673199,33.8188524059845],[-84.5699410338019,33.8188287110174],[-84.5697651508558,33.8200134908866],[-84.5697746577264,33.820795435878],[-84.569170951228,33.8233110417596],[-84.5649160000363,33.824859000101],[-84.5567450544677,33.8293608286586],[-84.5569161835294,33.8299491990365]]},"properties":{"OBJECTID_1":18347,"OBJECTID":27073,"ID":"111964","TYPE":"AC; OVERHEAD","STATUS":"IN SERVICE","NAICS_CODE":"221121","NAICS_DESC":"ELECTRIC BULK POWER TRANSMISSION AND CONTROL","SOURCE":"IMAGERY, EIA 861, EIA 860","SOURCEDATE":1408060800000,"VAL_METHOD":"IMAGERY","VAL_DATE":1514937600000,"OWNER":"GEORGIA POWER CO","VOLTAGE":115,"VOLT_CLASS":"100-161","INFERRED":"Y","SUB_1":"UNKNOWN116539","SUB_2":"UNKNOWN116540","SHAPE__Len":2472.29754578237,"GlobalID":"f8f7f97a-fd0b-4896-a146-7d95503fc544","Shape__Length":2472.297700214667}},{"type":"Feature","id":18388,"geometry":{"type":"LineString","coordinates":[[-84.4305700001272,33.7791279994525],[-84.4295740002425,33.7788459996415],[-84.4286260000383,33.7794349996819],[-84.4271729696763,33.7794014318404],[-84.4261720003114,33.7762100001558],[-84.425779999776,33.7755260000636],[-84.4257833001863,33.7740897915456],[-84.4249957938891,33.7740188964427],[-84.4249688327525,33.7731791580301],[-84.4247219999669,33.7726979994995],[-84.4231672479755,33.7730343420377],[-84.4223785675802,33.7731573836751],[-84.4209478432851,33.7731783321578],[-84.4184553615281,33.7730481720592],[-84.4174319998581,33.7729809999951],[-84.4173909998502,33.763420999945],[-84.412307022229,33.763352790489],[-84.4076290956926,33.7633559151232],[-84.4048369997372,33.7633709998463],[-84.4044700002144,33.7631709999067]]},"properties":{"OBJECTID_1":18388,"OBJECTID":27144,"ID":"112061","TYPE":"AC; OVERHEAD","STATUS":"IN SERVICE","NAICS_CODE":"221121","NAICS_DESC":"ELECTRIC BULK POWER TRANSMISSION AND CONTROL","SOURCE":"IMAGERY, EIA 861, EIA 860","SOURCEDATE":1401840000000,"VAL_METHOD":"IMAGERY","VAL_DATE":1514937600000,"OWNER":"GEORGIA POWER CO","VOLTAGE":115,"VOLT_CLASS":"100-161","INFERRED":"Y","SUB_1":"UNKNOWN111356","SUB_2":"UNKNOWN111552","SHAPE__Len":4963.30955345832,"GlobalID":"0ae2154e-4879-443d-ab80-e6dc18e97a49","Shape__Length":4963.309648403431}},{"type":"Feature","id":18407,"geometry":{"type":"LineString","coordinates":[[-84.3194361967668,33.9561408921238],[-84.3211280963493,33.9565840608828],[-84.3226612492481,33.9572642647993],[-84.3258237331715,33.9580754795717],[-84.328311566147,33.9587554338782],[-84.3324541803173,33.9599382315797],[-84.3362832043001,33.9610086878111],[-84.3389570855574,33.9617715951613],[-84.3431642499691,33.9629900974931],[-84.3437346819712,33.9634218140564],[-84.3438260002114,33.9636419999179]]},"properties":{"OBJECTID_1":18407,"OBJECTID":27169,"ID":"165771","TYPE":"AC; OVERHEAD","STATUS":"IN SERVICE","NAICS_CODE":"221121","NAICS_DESC":"ELECTRIC BULK POWER TRANSMISSION AND CONTROL","SOURCE":"IMAGERY, https://www.rd.usda.gov/files/UWP_GA110-GTC_EastWalton_AES%20%26%20MCS.pdf","SOURCEDATE":1551398400000,"VAL_METHOD":"IMAGERY","VAL_DATE":1551398400000,"OWNER":"GEORGIA POWER CO","VOLTAGE":115,"VOLT_CLASS":"100-161","INFERRED":"N","SUB_1":"UNKNOWN111540","SUB_2":"TAP161071","SHAPE__Len":2916.72917468443,"GlobalID":"40be3eb3-d57e-49a1-9348-d8a90f5c87dc","Shape__Length":2916.729210722147}},{"type":"Feature","id":18418,"geometry":{"type":"LineString","coordinates":[[-84.4784707591228,33.6604136648408],[-84.4761700191699,33.6626649370634],[-84.4744777387017,33.6643029089558],[-84.4723386020752,33.6664764376295],[-84.4700855896134,33.6686810441756],[-84.467887089618,33.6708295226801],[-84.4661988389921,33.672601291854],[-84.4642225579435,33.6748992280055],[-84.4639150556386,33.6752802147539],[-84.4633343711642,33.675679792595],[-84.4634153614736,33.6760333940593]]},"properties":{"OBJECTID_1":18418,"OBJECTID":27183,"ID":"112111","TYPE":"AC; OVERHEAD","STATUS":"IN SERVICE","NAICS_CODE":"221121","NAICS_DESC":"ELECTRIC BULK POWER TRANSMISSION AND CONTROL","SOURCE":"IMAGERY, OpenStreetMap, EIA 861, EIA 860","SOURCEDATE":1401926400000,"VAL_METHOD":"IMAGERY","VAL_DATE":1513641600000,"OWNER":"GEORGIA POWER CO","VOLTAGE":115,"VOLT_CLASS":"100-161","INFERRED":"Y","SUB_1":"UNKNOWN111352","SUB_2":"TAP142587","SHAPE__Len":2698.47592591688,"GlobalID":"5ffc6ad5-4805-4125-a3f8-ac89a2945d41","Shape__Length":2698.4759372456433}},{"type":"Feature","id":18433,"geometry":{"type":"LineString","coordinates":[[-84.4796779996432,34.0113499995094],[-84.4793039995494,34.0124889999655],[-84.4811759996683,34.0131160001595],[-84.4817589999995,34.0132820000936],[-84.4821149996516,34.0134930000079],[-84.4824879999205,34.0141179994576],[-84.4832100001689,34.0149439994659],[-84.4843459997957,34.0159459995275],[-84.4856959996828,34.0158699999373],[-84.4874399997552,34.0163199994979],[-84.4879229996289,34.0169139995245],[-84.4899000002281,34.0174809997679],[-84.4918601529242,34.0178706060837]]},"properties":{"OBJECTID_1":18433,"OBJECTID":27202,"ID":"165772","TYPE":"AC; OVERHEAD","STATUS":"IN SERVICE","NAICS_CODE":"221121","NAICS_DESC":"ELECTRIC BULK POWER TRANSMISSION AND CONTROL","SOURCE":"IMAGERY, EIA 861, EIA 860","SOURCEDATE":1551398400000,"VAL_METHOD":"IMAGERY","VAL_DATE":1551398400000,"OWNER":"GEORGIA POWER CO","VOLTAGE":115,"VOLT_CLASS":"100-161","INFERRED":"Y","SUB_1":"UNKNOWN157053","SUB_2":"TAP161072","SHAPE__Len":1823.35072621889,"GlobalID":"5adcc689-8c59-4870-83be-ab0944500527","Shape__Length":1823.3507653360634}},{"type":"Feature","id":18442,"geometry":{"type":"LineString","coordinates":[[-84.0408746827047,34.0341222194894],[-84.0409483625243,34.03459690671],[-84.0403101930582,34.0349898521317],[-84.0397896750466,34.0344166835951],[-84.0396755881072,34.0342955497499],[-84.0381211631025,34.0351966635267],[-84.0364704773269,34.0359057301041],[-84.0349271114817,34.036071407798],[-84.0321860003085,34.0363159995296],[-84.030848000117,34.038624999694],[-84.0183370670354,34.0446033600375],[-84.0189170050098,34.0465885108893],[-84.0205617493281,34.049054129919],[-84.0184891814574,34.0499836419201],[-84.0207518930293,34.0543317318631],[-84.0195444800324,34.0548515969328],[-84.018022141053,34.0555575445104],[-84.0180102572401,34.0558824565053]]},"properties":{"OBJECTID_1":18442,"OBJECTID":27213,"ID":"112163","TYPE":"AC; OVERHEAD","STATUS":"IN SERVICE","NAICS_CODE":"221121","NAICS_DESC":"ELECTRIC BULK POWER TRANSMISSION AND CONTROL","SOURCE":"IMAGERY, EIA 861, EIA 860","SOURCEDATE":1407110400000,"VAL_METHOD":"IMAGERY","VAL_DATE":1514851200000,"OWNER":"GEORGIA POWER CO","VOLTAGE":115,"VOLT_CLASS":"100-161","INFERRED":"Y","SUB_1":"UNKNOWN116107","SUB_2":"UNKNOWN116227","SHAPE__Len":5060.65813646868,"GlobalID":"9d72fdc8-f520-4d0f-9136-5b1263baeddc","Shape__Length":5060.65831375402}},{"type":"Feature","id":18489,"geometry":{"type":"LineString","coordinates":[[-84.2137904476155,33.9324796671368],[-84.2154292495782,33.9327360284783],[-84.2181245376887,33.9322962691533],[-84.2184513465857,33.9316913480835],[-84.2172463105309,33.9309814115907],[-84.2173639619854,33.9302714699254],[-84.2196480651392,33.9282865577483],[-84.2250647859282,33.9236593535137],[-84.2309045772834,33.9188755918709],[-84.2347728136266,33.9156685167073],[-84.2366588032094,33.9140945197335]]},"properties":{"OBJECTID_1":18489,"OBJECTID":27291,"ID":"112259","TYPE":"AC; OVERHEAD","STATUS":"IN SERVICE","NAICS_CODE":"221121","NAICS_DESC":"ELECTRIC BULK POWER TRANSMISSION AND CONTROL","SOURCE":"IMAGERY, https://www.rd.usda.gov/files/UWP_GA110-GTC_EastWalton_AES%20%26%20MCS.pdf","SOURCEDATE":1407369600000,"VAL_METHOD":"IMAGERY","VAL_DATE":1493078400000,"OWNER":"GEORGIA POWER CO","VOLTAGE":115,"VOLT_CLASS":"100-161","INFERRED":"Y","SUB_1":"TAP142326","SUB_2":"NORCROSS","SHAPE__Len":3894.58881177525,"GlobalID":"65324581-ce18-4ebe-a112-313b0fba0c62","Shape__Length":3894.588832155512}},{"type":"Feature","id":18490,"geometry":{"type":"LineString","coordinates":[[-84.4796779996432,34.0113499995094],[-84.479722059313,34.0113760945854],[-84.4793670109767,34.0124573748804],[-84.4811907940227,34.0130682244468],[-84.4817789219375,34.0132356846763],[-84.4821514236415,34.013456466023],[-84.4825286199411,34.0140884956388],[-84.4832455087755,34.0149086500296],[-84.4843636822338,34.0158949246057],[-84.4857009574849,34.015819642018],[-84.4874684179592,34.0162756946536],[-84.4879518840586,34.0168702675793],[-84.4899117861247,34.0174323650276],[-84.4918958205325,34.0178254450361]]},"properties":{"OBJECTID_1":18490,"OBJECTID":27292,"ID":"165773","TYPE":"AC; OVERHEAD","STATUS":"IN SERVICE","NAICS_CODE":"221121","NAICS_DESC":"ELECTRIC BULK POWER TRANSMISSION AND CONTROL","SOURCE":"IMAGERY, EIA 861, EIA 860","SOURCEDATE":1551398400000,"VAL_METHOD":"IMAGERY","VAL_DATE":1553558400000,"OWNER":"GEORGIA POWER CO","VOLTAGE":115,"VOLT_CLASS":"100-161","INFERRED":"Y","SUB_1":"UNKNOWN157053","SUB_2":"TAP161823","SHAPE__Len":1817.69189727259,"GlobalID":"e8bbe724-a857-4f4a-a02d-d1a0cd78751f","Shape__Length":1817.6918995018546}},{"type":"Feature","id":18538,"geometry":{"type":"LineString","coordinates":[[-84.3879868409138,33.5580818390779],[-84.3880248701931,33.5583274389264],[-84.3879535655191,33.5585730380766],[-84.3889993572234,33.5596980321683],[-84.3904729706835,33.5623757735142],[-84.3919941211917,33.5653029745591],[-84.3928355075413,33.5657901720552],[-84.3933108672436,33.5661624998498],[-84.3940571812934,33.5662654825758],[-84.3951410004804,33.5663447019891],[-84.3958540400338,33.566138733609],[-84.3963911957428,33.5665704741113],[-84.3970471922756,33.5669388366641],[-84.3990104270914,33.5682617626824],[-84.4019291342979,33.5695688258972],[-84.4028750989196,33.5696361585171],[-84.4034930670716,33.5698698440216],[-84.4108136018152,33.5741315081759],[-84.4121281326216,33.5754552086349]]},"properties":{"OBJECTID_1":18538,"OBJECTID":27365,"ID":"112340","TYPE":"AC; OVERHEAD","STATUS":"IN SERVICE","NAICS_CODE":"221121","NAICS_DESC":"ELECTRIC BULK POWER TRANSMISSION AND CONTROL","SOURCE":"IMAGERY, EIA 861, EIA 860","SOURCEDATE":1406851200000,"VAL_METHOD":"IMAGERY","VAL_DATE":1513296000000,"OWNER":"GEORGIA POWER CO","VOLTAGE":115,"VOLT_CLASS":"100-161","INFERRED":"Y","SUB_1":"UNKNOWN116021","SUB_2":"TAP142627","SHAPE__Len":3778.61613338011,"GlobalID":"a28014d5-8b46-4e4e-a661-ec9af50e18f9","Shape__Length":3778.616115616208}},{"type":"Feature","id":18600,"geometry":{"type":"LineString","coordinates":[[-84.6646089695327,33.7080525446829],[-84.6654289651987,33.7077905656218],[-84.6692615510017,33.7086160458405],[-84.6716145800906,33.7074643261325],[-84.6715551601278,33.7057836765154],[-84.6715373339593,33.7020218707402],[-84.6769564316905,33.7019180599875],[-84.6769861416719,33.6992584936008],[-84.6769683155034,33.697735880077],[-84.6769326640647,33.6965444650086],[-84.6769861416719,33.6954074147939],[-84.6774139652243,33.6945521446576],[-84.678020048665,33.6934496748524],[-84.6779130925523,33.6925301159247],[-84.6697487936185,33.6905920869202],[-84.6669441724531,33.6910864857083],[-84.6594097254841,33.6903844376693],[-84.6521129574679,33.6897516011826],[-84.6408707069771,33.6886935665729],[-84.633971619544,33.688119040499],[-84.6171510000221,33.6866929997194]]},"properties":{"OBJECTID_1":18600,"OBJECTID":27471,"ID":"112475","TYPE":"AC; OVERHEAD","STATUS":"IN SERVICE","NAICS_CODE":"221121","NAICS_DESC":"ELECTRIC BULK POWER TRANSMISSION AND CONTROL","SOURCE":"IMAGERY, EIA 861, EIA 860","SOURCEDATE":1401840000000,"VAL_METHOD":"IMAGERY","VAL_DATE":1513641600000,"OWNER":"GEORGIA POWER CO","VOLTAGE":115,"VOLT_CLASS":"100-161","INFERRED":"Y","SUB_1":"UNKNOWN111354","SUB_2":"UNKNOWN115646","SHAPE__Len":10293.6309050336,"GlobalID":"100965e7-d837-49d1-9083-cb5a9aabc8a8","Shape__Length":10293.630921870677}},{"type":"Feature","id":18601,"geometry":{"type":"LineString","coordinates":[[-84.4665586708573,33.814856615872],[-84.4664731063265,33.8148980849189],[-84.4667749178041,33.8153476446078]]},"properties":{"OBJECTID_1":18601,"OBJECTID":27474,"ID":"112481","TYPE":"AC; OVERHEAD","STATUS":"IN SERVICE","NAICS_CODE":"221121","NAICS_DESC":"ELECTRIC BULK POWER TRANSMISSION AND CONTROL","SOURCE":"IMAGERY, EIA 861, EIA 860","SOURCEDATE":1408060800000,"VAL_METHOD":"IMAGERY","VAL_DATE":1514937600000,"OWNER":"GEORGIA POWER CO","VOLTAGE":115,"VOLT_CLASS":"100-161","INFERRED":"Y","SUB_1":"TAP142611","SUB_2":"TAP142612","SHAPE__Len":79.9977736985882,"GlobalID":"1acee264-f330-417e-b0f4-a5b1adfd0b44","Shape__Length":79.99766702697835}},{"type":"Feature","id":18606,"geometry":{"type":"LineString","coordinates":[[-84.623533832848,33.5177451488428],[-84.6235416697506,33.5184017327449],[-84.622858800116,33.5186553001507],[-84.6205166002178,33.5190820998416],[-84.6185469999399,33.5197510000944],[-84.6133869996928,33.5215134997939],[-84.6089454001447,33.5230141996035],[-84.6064126002012,33.5238959995839],[-84.6028889998217,33.5250883998527],[-84.5976856001666,33.5265849997674],[-84.5936405996299,33.5277151999916],[-84.5900034000963,33.5287517995302],[-84.5868089002161,33.5296673000185],[-84.5820823002627,33.5311669994394],[-84.5779440995153,33.5325021000723],[-84.5756422995504,33.5332564999007],[-84.5723644997922,33.534324599973],[-84.5699621001936,33.5351006995162],[-84.5679656995776,33.5357371995891],[-84.5638759997707,33.5370969997498],[-84.5597787999295,33.538450700091],[-84.559234767617,33.5386299349531],[-84.5589722241954,33.5389229241801]]},"properties":{"OBJECTID_1":18606,"OBJECTID":27481,"ID":"112492","TYPE":"AC; OVERHEAD","STATUS":"IN SERVICE","NAICS_CODE":"221121","NAICS_DESC":"ELECTRIC BULK POWER TRANSMISSION AND CONTROL","SOURCE":"IMAGERY, OpenStreetMap, EIA 861, EIA 860","SOURCEDATE":1397088000000,"VAL_METHOD":"IMAGERY","VAL_DATE":1509580800000,"OWNER":"GEORGIA POWER CO","VOLTAGE":230,"VOLT_CLASS":"220-287","INFERRED":"Y","SUB_1":"UNKNOWN113564","SUB_2":"UNKNOWN113566","SHAPE__Len":7792.78861412466,"GlobalID":"d7480273-214e-4d87-92b5-9aea84f29e50","Shape__Length":7792.788618571833}},{"type":"Feature","id":18658,"geometry":{"type":"LineString","coordinates":[[-84.4810700002614,33.9276679999668],[-84.481537229312,33.9265084837424],[-84.4823430001556,33.9265110001481],[-84.4824319998441,33.9228789995517],[-84.4824546715252,33.9225009649523]]},"properties":{"OBJECTID_1":18658,"OBJECTID":26557,"ID":"111310","TYPE":"AC; OVERHEAD","STATUS":"IN SERVICE","NAICS_CODE":"221121","NAICS_DESC":"ELECTRIC BULK POWER TRANSMISSION AND CONTROL","SOURCE":"IMAGERY, EIA 861, EIA 860","SOURCEDATE":1408320000000,"VAL_METHOD":"IMAGERY","VAL_DATE":1514937600000,"OWNER":"GEORGIA POWER CO","VOLTAGE":115,"VOLT_CLASS":"100-161","INFERRED":"Y","SUB_1":"UNKNOWN116561","SUB_2":"TAP142621","SHAPE__Len":791.860189925537,"GlobalID":"eb7b4e61-3c71-4e4b-a999-f78c914c49e1","Shape__Length":791.8602268993147}},{"type":"Feature","id":18672,"geometry":{"type":"LineString","coordinates":[[-84.3420366298273,33.5233517011293],[-84.3421982744761,33.5232709497547]]},"properties":{"OBJECTID_1":18672,"OBJECTID":26583,"ID":"111345","TYPE":"AC; OVERHEAD","STATUS":"IN SERVICE","NAICS_CODE":"221121","NAICS_DESC":"ELECTRIC BULK POWER TRANSMISSION AND CONTROL","SOURCE":"IMAGERY, EIA 861, EIA 860","SOURCEDATE":1407456000000,"VAL_METHOD":"IMAGERY","VAL_DATE":1513296000000,"OWNER":"GEORGIA POWER CO","VOLTAGE":115,"VOLT_CLASS":"100-161","INFERRED":"Y","SUB_1":"TAP142242","SUB_2":"TAP142243","SHAPE__Len":20.9776151537262,"GlobalID":"f8a23e46-6ffa-4e05-a39c-0accaad83b01","Shape__Length":20.977607336949124}},{"type":"Feature","id":18727,"geometry":{"type":"LineString","coordinates":[[-84.468375999508,33.8175749998918],[-84.467974053724,33.8172292307038],[-84.4665586708573,33.814856615872]]},"properties":{"OBJECTID_1":18727,"OBJECTID":26672,"ID":"111449","TYPE":"AC; OVERHEAD","STATUS":"IN SERVICE","NAICS_CODE":"221121","NAICS_DESC":"ELECTRIC BULK POWER TRANSMISSION AND CONTROL","SOURCE":"IMAGERY, EIA 861, EIA 860","SOURCEDATE":1408060800000,"VAL_METHOD":"IMAGERY","VAL_DATE":1514937600000,"OWNER":"GEORGIA POWER CO","VOLTAGE":115,"VOLT_CLASS":"100-161","INFERRED":"Y","SUB_1":"UNKNOWN111551","SUB_2":"TAP142612","SHAPE__Len":419.209484632233,"GlobalID":"89d35b89-1d33-4327-a1e2-602dc31afc41","Shape__Length":419.2094592626032}},{"type":"Feature","id":19030,"geometry":{"type":"LineString","coordinates":[[-84.1765221995267,33.5013141995985],[-84.1770416000341,33.5020327001362],[-84.1775452000739,33.5027442995334],[-84.1780879001848,33.5035088000956],[-84.1795142002772,33.5054977998093],[-84.1805594997047,33.5069640995113],[-84.1815472997676,33.5083527998919],[-84.1831043002422,33.5105318995977],[-84.1846148003244,33.5126499997116],[-84.1860720994806,33.5146905001501],[-84.1872857997863,33.5163762996012],[-84.1885139997989,33.518113799693],[-84.1892986000462,33.5192068994838],[-84.1902861997847,33.5206137996978],[-84.1912442000346,33.5219008998437],[-84.1923907997818,33.5223637999212],[-84.1943209999513,33.5231079999192],[-84.1970747998278,33.5241506000688],[-84.1995212995204,33.5250829997134],[-84.201768299558,33.5259525001662],[-84.2040436001203,33.5268241995165],[-84.2065854002847,33.5277940997992],[-84.2088088994962,33.5286107000802],[-84.2096788998826,33.5268569995858],[-84.2106501996902,33.5250188001122],[-84.2122041997918,33.5250566999596],[-84.2141033999992,33.5250325996456],[-84.2163951002054,33.5253875000915],[-84.2170841996564,33.5261043000131],[-84.2185075002741,33.5274320996015],[-84.2192866001368,33.5292146000363],[-84.2195789002522,33.5310237001422],[-84.2198421003422,33.5322925997235],[-84.2227284996395,33.5320542994517],[-84.224056199748,33.5319037995114],[-84.2245083478816,33.5319194774744]]},"properties":{"OBJECTID_1":19030,"OBJECTID":25672,"ID":"110134","TYPE":"AC; OVERHEAD","STATUS":"IN SERVICE","NAICS_CODE":"221121","NAICS_DESC":"ELECTRIC BULK POWER TRANSMISSION AND CONTROL","SOURCE":"IMAGERY, OpenStreetMap, EIA 861, EIA 860","SOURCEDATE":1406851200000,"VAL_METHOD":"IMAGERY","VAL_DATE":1513296000000,"OWNER":"GEORGIA POWER CO","VOLTAGE":115,"VOLT_CLASS":"100-161","INFERRED":"Y","SUB_1":"UNKNOWN116014","SUB_2":"TAP142222","SHAPE__Len":8068.58289154936,"GlobalID":"9d12a3b0-9ff3-41fe-b099-d6f68afd32a5","Shape__Length":8068.582901455514}},{"type":"Feature","id":19105,"geometry":{"type":"LineString","coordinates":[[-84.6712591481737,34.0458574946103],[-84.671249641303,34.046184412539],[-84.6708645991177,34.0462592498749]]},"properties":{"OBJECTID_1":19105,"OBJECTID":25788,"ID":"110299","TYPE":"AC; OVERHEAD","STATUS":"IN SERVICE","NAICS_CODE":"221121","NAICS_DESC":"ELECTRIC BULK POWER TRANSMISSION AND CONTROL","SOURCE":"IMAGERY, EIA 861","SOURCEDATE":1408320000000,"VAL_METHOD":"IMAGERY","VAL_DATE":1553644800000,"OWNER":"GEORGIA POWER CO","VOLTAGE":115,"VOLT_CLASS":"100-161","INFERRED":"Y","SUB_1":"UNKNOWN115908","SUB_2":"TAP155359","SHAPE__Len":87.959756467081,"GlobalID":"f470478d-359b-44c6-85e4-b7976cf09334","Shape__Length":87.95977693589205}},{"type":"Feature","id":19172,"geometry":{"type":"LineString","coordinates":[[-84.4625066490884,33.6768449578321],[-84.4620128308036,33.6766797427657],[-84.461831000112,33.6774249999502],[-84.4615070002469,33.6778609996641],[-84.4575649996424,33.6777739997932],[-84.4577699996818,33.6735310001612],[-84.4506413307098,33.6734673281288],[-84.4427800002836,33.6734240001697],[-84.4415099998642,33.6733120001687],[-84.4399499487109,33.673403416821],[-84.4392489995829,33.6733179995718],[-84.4408759994794,33.66939999977],[-84.439543535605,33.669120465995],[-84.4356350107195,33.6678786546122],[-84.4353379998388,33.6679529995452]]},"properties":{"OBJECTID_1":19172,"OBJECTID":25900,"ID":"110446","TYPE":"AC; OVERHEAD","STATUS":"IN SERVICE","NAICS_CODE":"221121","NAICS_DESC":"ELECTRIC BULK POWER TRANSMISSION AND CONTROL","SOURCE":"IMAGERY, EIA 861, EIA 860","SOURCEDATE":1401926400000,"VAL_METHOD":"IMAGERY","VAL_DATE":1514937600000,"OWNER":"GEORGIA POWER CO","VOLTAGE":115,"VOLT_CLASS":"100-161","INFERRED":"Y","SUB_1":"UNKNOWN111351","SUB_2":"UNKNOWN111561","SHAPE__Len":4508.1272254775,"GlobalID":"2fdcfd31-568e-4226-b8e9-3181ce1b5791","Shape__Length":4508.127206364306}},{"type":"Feature","id":19387,"geometry":{"type":"LineString","coordinates":[[-84.1789510859515,33.49342520215],[-84.1794038656007,33.4935114246931],[-84.179126400264,33.4942609999835],[-84.1784310000295,33.4961459998771],[-84.1778059001525,33.4978272996116],[-84.1771423999921,33.4996554996267],[-84.1765221995267,33.5013141995985]]},"properties":{"OBJECTID_1":19387,"OBJECTID":26262,"ID":"111008","TYPE":"AC; OVERHEAD","STATUS":"IN SERVICE","NAICS_CODE":"221121","NAICS_DESC":"ELECTRIC BULK POWER TRANSMISSION AND CONTROL","SOURCE":"IMAGERY, OpenStreetMap, EIA 861, EIA 860","SOURCEDATE":1397088000000,"VAL_METHOD":"IMAGERY","VAL_DATE":1513296000000,"OWNER":"GEORGIA POWER CO","VOLTAGE":115,"VOLT_CLASS":"100-161","INFERRED":"Y","SUB_1":"UNKNOWN116013","SUB_2":"TAP142222","SHAPE__Len":1141.58290986249,"GlobalID":"256f70ec-b835-4314-af3e-0359e95811ff","Shape__Length":1141.582848612244}},{"type":"Feature","id":19490,"geometry":{"type":"LineString","coordinates":[[-84.4939832267751,33.9643829546196],[-84.4938651010102,33.9646453315022],[-84.4941800260943,33.9647488236755],[-84.4941859675515,33.9654289101582],[-84.492373659585,33.9653894848629],[-84.4900503404774,33.9684300939795],[-84.4893439996611,33.9692889996546]]},"properties":{"OBJECTID_1":19490,"OBJECTID":26429,"ID":"111139","TYPE":"AC; OVERHEAD","STATUS":"IN SERVICE","NAICS_CODE":"221121","NAICS_DESC":"ELECTRIC BULK POWER TRANSMISSION AND CONTROL","SOURCE":"IMAGERY, EIA 861, EIA 860","SOURCEDATE":1408060800000,"VAL_METHOD":"IMAGERY","VAL_DATE":1514937600000,"OWNER":"GEORGIA POWER CO","VOLTAGE":115,"VOLT_CLASS":"100-161","INFERRED":"Y","SUB_1":"UNKNOWN116278","SUB_2":"TAP155357","SHAPE__Len":991.11629265062,"GlobalID":"00f73410-60b9-4e82-8750-2ce11b35260f","Shape__Length":991.1163197301079}},{"type":"Feature","id":19557,"geometry":{"type":"LineString","coordinates":[[-84.4353379998388,33.6679529995452],[-84.4352549999982,33.6677539996072],[-84.4293929995942,33.6659389999674],[-84.4290899996455,33.6662699996403]]},"properties":{"OBJECTID_1":19557,"OBJECTID":25042,"ID":"109371","TYPE":"AC; OVERHEAD","STATUS":"IN SERVICE","NAICS_CODE":"221121","NAICS_DESC":"ELECTRIC BULK POWER TRANSMISSION AND CONTROL","SOURCE":"IMAGERY, EIA 861, EIA 860","SOURCEDATE":1401926400000,"VAL_METHOD":"IMAGERY","VAL_DATE":1514937600000,"OWNER":"GEORGIA POWER CO","VOLTAGE":115,"VOLT_CLASS":"100-161","INFERRED":"Y","SUB_1":"UNKNOWN111561","SUB_2":"UNKNOWN111562","SHAPE__Len":780.08028963244,"GlobalID":"7e34e3c4-37f2-4c46-bf82-16832a2a542c","Shape__Length":780.0802630680422}},{"type":"Feature","id":19712,"geometry":{"type":"LineString","coordinates":[[-84.2763741878963,33.8813061527031],[-84.2788782579205,33.8791839531493],[-84.279752794799,33.8784578957991],[-84.2816400393283,33.8768831566658],[-84.2827619192355,33.8759438305596],[-84.285376309563,33.8737534820907],[-84.2873444069594,33.8721233658331],[-84.28858515464,33.8710695045039],[-84.2913373878546,33.8687724707991],[-84.2927063592622,33.8676239445667],[-84.2942988135461,33.8663056226291],[-84.2983632958464,33.8628951271352],[-84.2994660479262,33.8619636376586],[-84.301177892803,33.8605421407724],[-84.302686879224,33.8592704578647],[-84.3035127768215,33.8585152037379]]},"properties":{"OBJECTID_1":19712,"OBJECTID":25283,"ID":"109658","TYPE":"AC; OVERHEAD","STATUS":"IN SERVICE","NAICS_CODE":"221121","NAICS_DESC":"ELECTRIC BULK POWER TRANSMISSION AND CONTROL","SOURCE":"IMAGERY, EIA 861, EIA 860","SOURCEDATE":1407369600000,"VAL_METHOD":"IMAGERY","VAL_DATE":1514937600000,"OWNER":"GEORGIA POWER CO","VOLTAGE":115,"VOLT_CLASS":"100-161","INFERRED":"Y","SUB_1":"TAP142251","SUB_2":"UNKNOWN153385","SHAPE__Len":4297.06600954032,"GlobalID":"f73f471d-eb2d-48c9-b73a-ec76db3ee33a","Shape__Length":4297.066002080322}},{"type":"Feature","id":19955,"geometry":{"type":"LineString","coordinates":[[-84.5852820714569,34.0500305297428],[-84.5850933965012,34.049782148881],[-84.584574899699,34.0490064994822],[-84.5831997999846,34.0494549999474],[-84.58192349968,34.0498768000194],[-84.5804153998962,34.0505061997148],[-84.5788958995931,34.0515400996882],[-84.5776162000635,34.0521258997885],[-84.5763492000171,34.0526840996204],[-84.5748055997116,34.0530733001721],[-84.5737102003424,34.0543828997531],[-84.5725591997486,34.0552751995274],[-84.5716000002478,34.0562680997742],[-84.5708896996577,34.0569526000313],[-84.5697813995827,34.0580318996797],[-84.5683459995565,34.0587662999001],[-84.5664055002022,34.0588750000795],[-84.5648446001409,34.0598312994887],[-84.5633309002596,34.0602188999213],[-84.5622154001876,34.0603971994992],[-84.5610154000884,34.0605129995466],[-84.5590851999188,34.0605160999095],[-84.5586610998833,34.0596185996668],[-84.5580063996194,34.0591002001752],[-84.5575806996844,34.0581676995902],[-84.5570347997744,34.0569100995978],[-84.5564744001575,34.0559304001282],[-84.5558687002974,34.0559514995112],[-84.5551088998401,34.0569061000637],[-84.5545701999272,34.0568861998858]]},"properties":{"OBJECTID_1":19955,"OBJECTID":28670,"ID":"114148","TYPE":"AC; OVERHEAD","STATUS":"IN SERVICE","NAICS_CODE":"221121","NAICS_DESC":"ELECTRIC BULK POWER TRANSMISSION AND CONTROL","SOURCE":"IMAGERY, OpenStreetMap, EIA 861, EIA 860","SOURCEDATE":1397088000000,"VAL_METHOD":"IMAGERY","VAL_DATE":1514851200000,"OWNER":"GEORGIA POWER CO","VOLTAGE":230,"VOLT_CLASS":"220-287","INFERRED":"Y","SUB_1":"UNKNOWN115918","SUB_2":"UNKNOWN115919","SHAPE__Len":4500.41666614128,"GlobalID":"13d4f845-d097-45a2-9cbc-436a237bb994","Shape__Length":4500.4166666826}},{"type":"Feature","id":20036,"geometry":{"type":"LineString","coordinates":[[-84.5682975498199,33.994173061561],[-84.567102907273,33.994314574926],[-84.5669530000117,33.9953923999518],[-84.5687545003471,33.9955757997277],[-84.5705797997493,33.9957568999895],[-84.5719690003187,33.997042699928],[-84.5730718997223,33.9980405998423],[-84.5736339001371,33.9986186999957],[-84.5743655994956,33.9993791995047],[-84.5757786997432,34.0007198998116],[-84.5764281996599,34.0013396997677],[-84.5775681994847,34.002416600093],[-84.578073316779,34.0029220291022],[-84.580911705616,34.005812203036],[-84.5815189829177,34.0063334646213],[-84.5834329110042,34.0080043356936],[-84.5835169888232,34.009293748729],[-84.5837573555353,34.0108226939262],[-84.5839712677607,34.0121082419745],[-84.5825748986353,34.0131622776665],[-84.5825392471966,34.0138321255403],[-84.5804120141459,34.0145265946106],[-84.5806972301469,34.0194615949549],[-84.5836860517596,34.0197423198696],[-84.5836385156098,34.0217221430613],[-84.5899769132701,34.0219464076535],[-84.5912257880091,34.0208839618383],[-84.5921071817282,34.020375765745],[-84.5952258521203,34.0191769176843],[-84.5980767410144,34.0217940051818],[-84.599650463628,34.0232993037538],[-84.6024454261075,34.0259663785712],[-84.6056206930574,34.0289406779398],[-84.6072939606826,34.0305086130197],[-84.607671563919,34.030902901038],[-84.6084047652607,34.0313394488673],[-84.6099076700872,34.0321127205134],[-84.6136653875994,34.0339740754876],[-84.618086571136,34.0362491849582],[-84.6222024595284,34.0383712830594],[-84.6241291104542,34.0395657271033],[-84.6311208869567,34.043851807084],[-84.6327425526571,34.0454204610069],[-84.6382183008451,34.0505423478351],[-84.6462136473352,34.0578748451088],[-84.6482172865759,34.0596588407979],[-84.6482893790723,34.0597225209051],[-84.6483539760261,34.0612845979209],[-84.6491145274749,34.0616101659254]]},"properties":{"OBJECTID_1":20036,"OBJECTID":28793,"ID":"114295","TYPE":"AC; OVERHEAD","STATUS":"IN SERVICE","NAICS_CODE":"221121","NAICS_DESC":"ELECTRIC BULK POWER TRANSMISSION AND CONTROL","SOURCE":"IMAGERY, OpenStreetMap, EIA 861, EIA 860","SOURCEDATE":1397088000000,"VAL_METHOD":"IMAGERY","VAL_DATE":1512950400000,"OWNER":"GEORGIA POWER CO","VOLTAGE":230,"VOLT_CLASS":"220-287","INFERRED":"Y","SUB_1":"UNKNOWN115907","SUB_2":"BIG SHANTY","SHAPE__Len":15055.5649965374,"GlobalID":"0fe34e27-2a92-4a94-a5f4-0815f56346f4","Shape__Length":15055.564974602217}},{"type":"Feature","id":20057,"geometry":{"type":"LineString","coordinates":[[-84.5262789997289,33.6143809997689],[-84.5258311033215,33.6145468835432],[-84.5251673875655,33.6150494105322],[-84.5227224311786,33.6174566659842],[-84.5201151357451,33.6200134625205],[-84.5172656751723,33.6228593217377],[-84.516033262061,33.6240458265369],[-84.5131217377835,33.6269109539982],[-84.5111003559177,33.6288947339184],[-84.5086092135488,33.6313492726828],[-84.5062064294712,33.6336839570455],[-84.5042373214701,33.6356260656379],[-84.5014220480821,33.6383985359936],[-84.4983253531768,33.6414155340492],[-84.4957747549125,33.6439633311679],[-84.4940994319419,33.6455728399102],[-84.4912686042247,33.6483381744925],[-84.4885426332574,33.6510254437214],[-84.4864618538867,33.6530479198663],[-84.4847214048547,33.6547541657698],[-84.4830611681909,33.6563624049785],[-84.481662635024,33.6577393395058],[-84.4803725177321,33.6590036531431],[-84.4793271329646,33.6600245355339],[-84.478357622601,33.6609690338857],[-84.4753929539913,33.6637830878223],[-84.4724747983504,33.6665739616056],[-84.4702224102177,33.6687779555873],[-84.4680259098721,33.670924476671],[-84.4663423610284,33.6726913075218],[-84.4643702122301,33.6749844395963],[-84.4634153614736,33.6760333940593]]},"properties":{"OBJECTID_1":20057,"OBJECTID":28820,"ID":"114335","TYPE":"AC; OVERHEAD","STATUS":"IN SERVICE","NAICS_CODE":"221121","NAICS_DESC":"ELECTRIC BULK POWER TRANSMISSION AND CONTROL","SOURCE":"IMAGERY, OpenStreetMap, http://www.psc.state.fl.us/publications/pdf/electricgas/transmissionreport2007.pdf, EIA 861","SOURCEDATE":1401926400000,"VAL_METHOD":"IMAGERY","VAL_DATE":1444262400000,"OWNER":"GEORGIA POWER CO","VOLTAGE":230,"VOLT_CLASS":"220-287","INFERRED":"Y","SUB_1":"UNKNOWN111352","SUB_2":"UNKNOWN111557","SHAPE__Len":10821.8863101804,"GlobalID":"550de5b9-93b7-461f-9d39-cd3992d3f264","Shape__Length":10821.88635988785}},{"type":"Feature","id":20075,"geometry":{"type":"LineString","coordinates":[[-84.5697586138155,33.9060650345329],[-84.5674852078001,33.9076480570124],[-84.5535381605316,33.9069615906835],[-84.5497091410404,33.9067722195604],[-84.54649333402,33.9093760305944],[-84.544696872335,33.9094890701241]]},"properties":{"OBJECTID_1":20075,"OBJECTID":28859,"ID":"114380","TYPE":"AC; OVERHEAD","STATUS":"IN SERVICE","NAICS_CODE":"221121","NAICS_DESC":"ELECTRIC BULK POWER TRANSMISSION AND CONTROL","SOURCE":"IMAGERY, EIA 861, EIA 860","SOURCEDATE":1408320000000,"VAL_METHOD":"IMAGERY","VAL_DATE":1514937600000,"OWNER":"GEORGIA POWER CO","VOLTAGE":115,"VOLT_CLASS":"100-161","INFERRED":"Y","SUB_1":"TAP142616","SUB_2":"TAP142617","SHAPE__Len":3013.33750454782,"GlobalID":"73d21811-b32d-4865-9165-e23de21f9679","Shape__Length":3013.337499302953}},{"type":"Feature","id":20100,"geometry":{"type":"LineString","coordinates":[[-84.3496469997092,33.7588559996001],[-84.3490259997431,33.7585279997122],[-84.3451650002278,33.758472999599],[-84.3450969995574,33.7604540001188],[-84.34384100028,33.7603119998355],[-84.3437469996704,33.7613249997967],[-84.3425353017095,33.7615698088387],[-84.3410735720623,33.7618721319287],[-84.3396760144658,33.7622218759956],[-84.3382142848186,33.7623937837631],[-84.3364673391704,33.7626012581183],[-84.3352337807071,33.7625953299238],[-84.3340643969894,33.7624649177563],[-84.3328379702511,33.7621744524588],[-84.3319252792275,33.7617298621525],[-84.3296435539143,33.7608288179886],[-84.3271407855489,33.7601826678487],[-84.3271407855489,33.7595424419908],[-84.3270266995079,33.7592934635205]]},"properties":{"OBJECTID_1":20100,"OBJECTID":28900,"ID":"114434","TYPE":"AC; OVERHEAD","STATUS":"IN SERVICE","NAICS_CODE":"221121","NAICS_DESC":"ELECTRIC BULK POWER TRANSMISSION AND CONTROL","SOURCE":"IMAGERY, EIA 861, EIA 860","SOURCEDATE":1408406400000,"VAL_METHOD":"IMAGERY","VAL_DATE":1514937600000,"OWNER":"GEORGIA POWER CO","VOLTAGE":115,"VOLT_CLASS":"100-161","INFERRED":"Y","SUB_1":"UNKNOWN111358","SUB_2":"UNKNOWN116596","SHAPE__Len":3106.7254859143,"GlobalID":"e0a4bfc7-31fd-4148-b52e-ef84c07bdcf2","Shape__Length":3106.7254594151977}},{"type":"Feature","id":20156,"geometry":{"type":"LineString","coordinates":[[-84.1792884518497,33.7015610614542],[-84.1793716403366,33.7013682697765],[-84.1793775808955,33.7011952509676],[-84.1842678422156,33.7012298546077],[-84.1850105908521,33.7001225267238],[-84.1851947930961,33.698990467686],[-84.1852304445348,33.6979523216201],[-84.1852779806846,33.6971514570855],[-84.1853374006474,33.6962121625806],[-84.1853611691715,33.6949811769345],[-84.1901860672749,33.6950306137435],[-84.1933353235058,33.6951097140736],[-84.1943632881433,33.6950553325111],[-84.1960686399972,33.6954804937518],[-84.197785875664,33.6963802474495],[-84.2004478892781,33.697571664795],[-84.2019512136178,33.6981599518368],[-84.2036149716775,33.6982439931546],[-84.206984081591,33.6983181459153],[-84.2068890101895,33.699138774097],[-84.2074594412932,33.6998160317292],[-84.2080239309397,33.7003993611539],[-84.2101808739718,33.7027276911503],[-84.2107988412254,33.7032467365252],[-84.211624779247,33.7036273674581],[-84.2134846215669,33.7042403299054],[-84.2138530260548,33.7039140769311],[-84.2140847635503,33.7037410625023]]},"properties":{"OBJECTID_1":20156,"OBJECTID":28980,"ID":"114536","TYPE":"AC; OVERHEAD","STATUS":"IN SERVICE","NAICS_CODE":"221121","NAICS_DESC":"ELECTRIC BULK POWER TRANSMISSION AND CONTROL","SOURCE":"IMAGERY, EIA 861, EIA 860","SOURCEDATE":1408406400000,"VAL_METHOD":"IMAGERY","VAL_DATE":1514937600000,"OWNER":"GEORGIA POWER CO","VOLTAGE":230,"VOLT_CLASS":"220-287","INFERRED":"Y","SUB_1":"UNKNOWN116605","SUB_2":"UNKNOWN116606","SHAPE__Len":5197.73729370929,"GlobalID":"5c5237bf-e253-40e2-a0c7-df34873fa6c7","Shape__Length":5197.737128134631}},{"type":"Feature","id":20164,"geometry":{"type":"LineString","coordinates":[[-84.4757190002186,33.8819740000922],[-84.4757710000971,33.8817570000444],[-84.4768719995639,33.8810409997834],[-84.479406447916,33.8875839220718],[-84.481281742157,33.8912774070566],[-84.4817380872197,33.8923723995668],[-84.4836632918579,33.8958585264841],[-84.4842907668805,33.8966575340424],[-84.4855385852006,33.8982436891094],[-84.4871357924707,33.8971961199605],[-84.4887472622926,33.8993326734572],[-84.4889896951299,33.9002204239129],[-84.4893551279909,33.9008211290981]]},"properties":{"OBJECTID_1":20164,"OBJECTID":28995,"ID":"114558","TYPE":"AC; OVERHEAD","STATUS":"IN SERVICE","NAICS_CODE":"221121","NAICS_DESC":"ELECTRIC BULK POWER TRANSMISSION AND CONTROL","SOURCE":"IMAGERY, EIA 861, EIA 860","SOURCEDATE":1514937600000,"VAL_METHOD":"IMAGERY","VAL_DATE":1514937600000,"OWNER":"GEORGIA POWER CO","VOLTAGE":115,"VOLT_CLASS":"100-161","INFERRED":"Y","SUB_1":"UNKNOWN116281","SUB_2":"UNKNOWN116282","SHAPE__Len":3473.12810516549,"GlobalID":"abf247c0-6b6d-4e46-931c-d235db78834b","Shape__Length":3473.1281562128565}},{"type":"Feature","id":20171,"geometry":{"type":"LineString","coordinates":[[-84.5406827298267,33.9359343560146],[-84.538196600057,33.9365732621119],[-84.5382346293363,33.9368729937337],[-84.5382679038327,33.9374211856496],[-84.5348167948017,33.9375237249244],[-84.531360930988,33.9381389557443],[-84.5289746265043,33.9389671445457],[-84.5271064639883,33.9396572954779],[-84.5223861450553,33.9415660278637],[-84.5209267905538,33.9420471481092],[-84.5202955695565,33.9421437526517]]},"properties":{"OBJECTID_1":20171,"OBJECTID":29502,"ID":"115304","TYPE":"AC; OVERHEAD","STATUS":"IN SERVICE","NAICS_CODE":"221121","NAICS_DESC":"ELECTRIC BULK POWER TRANSMISSION AND CONTROL","SOURCE":"IMAGERY, EIA 861, EIA 860","SOURCEDATE":1408320000000,"VAL_METHOD":"IMAGERY","VAL_DATE":1514937600000,"OWNER":"GEORGIA POWER CO","VOLTAGE":115,"VOLT_CLASS":"100-161","INFERRED":"Y","SUB_1":"TAP151313","SUB_2":"TAP151314","SHAPE__Len":2528.11908058319,"GlobalID":"4937d6db-8fa0-48f9-b9b2-ef60ce3e040b","Shape__Length":2528.1190331362804}},{"type":"Feature","id":20346,"geometry":{"type":"LineString","coordinates":[[-84.2830835691078,33.9002694090368],[-84.282288761304,33.8998111146657],[-84.28161946162,33.9001589341141],[-84.2808874083254,33.9009677649769],[-84.2800222543499,33.9019580790038],[-84.2795278800081,33.9024039141823],[-84.2790000003027,33.9030999994794],[-84.2775966449793,33.9039807007864],[-84.2773559997894,33.9041349994865],[-84.2760619999789,33.905680999604],[-84.2752071820191,33.9064126346232],[-84.2734309279365,33.9076452545056],[-84.2721110000518,33.9086759997202],[-84.2711676091034,33.9096615467623],[-84.2704330001017,33.9102209997431],[-84.269429999646,33.9102960001027],[-84.2677359998023,33.910876999599],[-84.2672759994948,33.9104759996528],[-84.2665851240744,33.9085600559878],[-84.2662523737201,33.9075053668755],[-84.2661239999744,33.9070030001138],[-84.2657267011754,33.9039811734828],[-84.2654879999398,33.9026640000293],[-84.2651919996638,33.9019670000547],[-84.2661449998908,33.9019659994655],[-84.2662239995335,33.8981679996238],[-84.2666289995895,33.8968540000307],[-84.2649153895232,33.8946718060159],[-84.264520087679,33.894214790945],[-84.2635099995157,33.8934759994533],[-84.2633704121003,33.8929955160918],[-84.2631707606301,33.8926226298239],[-84.2630331746612,33.8924373959426]]},"properties":{"OBJECTID_1":20346,"OBJECTID":29745,"ID":"115559","TYPE":"AC; OVERHEAD","STATUS":"IN SERVICE","NAICS_CODE":"221121","NAICS_DESC":"ELECTRIC BULK POWER TRANSMISSION AND CONTROL","SOURCE":"IMAGERY, EIA 861, EIA 860","SOURCEDATE":1408406400000,"VAL_METHOD":"IMAGERY","VAL_DATE":1514937600000,"OWNER":"GEORGIA POWER CO","VOLTAGE":115,"VOLT_CLASS":"100-161","INFERRED":"Y","SUB_1":"UNKNOWN116577","SUB_2":"TAP142250","SHAPE__Len":5126.70967153298,"GlobalID":"6305b266-6d4f-4d4d-ab52-89f045fda2cd","Shape__Length":5126.709646137245}},{"type":"Feature","id":20454,"geometry":{"type":"LineString","coordinates":[[-84.4292660002709,33.8465969998997],[-84.4289180908462,33.8467724447641],[-84.4297596865033,33.8478352365041],[-84.430025888763,33.8484984896385],[-84.4305963198667,33.850630341916],[-84.4303681477845,33.8515778149888],[-84.4308244928472,33.8534727288612],[-84.4310336511881,33.8544043795887],[-84.4313949239509,33.8560781668895],[-84.4316611253123,33.85663082548],[-84.4337336922847,33.859251957093],[-84.4361104898977,33.862204580593],[-84.4373115652804,33.8617545885062],[-84.43979769505,33.8632111338237],[-84.4438287429537,33.8636137516444],[-84.4491242468748,33.8641071535767],[-84.4501415161706,33.8642926719954],[-84.4515723482635,33.8649636921419],[-84.4532194686258,33.8666422058936],[-84.4541696679058,33.8675772298509],[-84.4553279996506,33.8688959998215],[-84.452719000113,33.8707009998517],[-84.4528157531607,33.8724146998309],[-84.4533529995995,33.8769019996748],[-84.4519790003213,33.8784320000912],[-84.4532429999947,33.8796059995645],[-84.4511619996384,33.8835639996581],[-84.4544230000024,33.8869639994835],[-84.4565618608461,33.8881639987847]]},"properties":{"OBJECTID_1":20454,"OBJECTID":29902,"ID":"115783","TYPE":"AC; OVERHEAD","STATUS":"IN SERVICE","NAICS_CODE":"221121","NAICS_DESC":"ELECTRIC BULK POWER TRANSMISSION AND CONTROL","SOURCE":"IMAGERY, EIA 861, EIA 860","SOURCEDATE":1401840000000,"VAL_METHOD":"IMAGERY","VAL_DATE":1514937600000,"OWNER":"GEORGIA POWER CO","VOLTAGE":115,"VOLT_CLASS":"100-161","INFERRED":"Y","SUB_1":"UNKNOWN111532","SUB_2":"UNKNOWN115920","SHAPE__Len":7953.47478637712,"GlobalID":"919aced4-0b21-40bd-96c7-511262bbf0b8","Shape__Length":7953.474693425895}},{"type":"Feature","id":20632,"geometry":{"type":"LineString","coordinates":[[-84.6646089695327,33.7080525446829],[-84.6654586751801,33.7078795400847],[-84.6692793771701,33.7086852471282],[-84.6717571876419,33.7075038698356],[-84.6716264639035,33.702091078088],[-84.6771406339345,33.7019971539768],[-84.6770336778218,33.6965296338565],[-84.6770871563273,33.6954024707622],[-84.6781507733018,33.6934743948222],[-84.6781270047777,33.6925647230549],[-84.6801948178656,33.693064054661],[-84.6841284183239,33.6936573159496],[-84.6900288172146,33.6945175390752],[-84.7013304876682,33.6961885196404],[-84.7081816059635,33.6972019696226],[-84.71133680455,33.697671613122],[-84.7170054659452,33.6978594699525]]},"properties":{"OBJECTID_1":20632,"OBJECTID":27657,"ID":"112743","TYPE":"AC; OVERHEAD","STATUS":"IN SERVICE","NAICS_CODE":"221121","NAICS_DESC":"ELECTRIC BULK POWER TRANSMISSION AND CONTROL","SOURCE":"IMAGERY, EIA 861, EIA 860","SOURCEDATE":1406160000000,"VAL_METHOD":"IMAGERY","VAL_DATE":1515024000000,"OWNER":"GEORGIA POWER CO","VOLTAGE":115,"VOLT_CLASS":"100-161","INFERRED":"Y","SUB_1":"UNKNOWN115646","SUB_2":"UNKNOWN115647","SHAPE__Len":7872.98457945953,"GlobalID":"64551dfe-ef3a-4745-86e4-4966bedece00","Shape__Length":7872.9845818047315}},{"type":"Feature","id":20804,"geometry":{"type":"LineString","coordinates":[[-84.3188895243057,33.5580872521275],[-84.3195703646461,33.5601843906976],[-84.3200100477568,33.5616646580096],[-84.3203997045877,33.5627550790327],[-84.3207513366309,33.5637721728084],[-84.3211615172712,33.5649423126405],[-84.3217563196685,33.5666415217049],[-84.3219425368337,33.5675320398501],[-84.3222654874665,33.5688490167152],[-84.3229725397486,33.571154809587],[-84.3236211251803,33.57330635804],[-84.3241565983448,33.5750319707106],[-84.3248153131797,33.5771735201336],[-84.3252584260582,33.5786173636503],[-84.3256831459313,33.5800122287347],[-84.3261591245728,33.5815863599558],[-84.3266866719015,33.5832917110891],[-84.3271482469557,33.5848735234956],[-84.3272179157975,33.5852614866585]]},"properties":{"OBJECTID_1":20804,"OBJECTID":27894,"ID":"113057","TYPE":"AC; OVERHEAD","STATUS":"IN SERVICE","NAICS_CODE":"221121","NAICS_DESC":"ELECTRIC BULK POWER TRANSMISSION AND CONTROL","SOURCE":"IMAGERY, OpenStreetMap, EIA 861, EIA 860","SOURCEDATE":1397088000000,"VAL_METHOD":"IMAGERY","VAL_DATE":1513296000000,"OWNER":"GEORGIA POWER CO","VOLTAGE":115,"VOLT_CLASS":"100-161","INFERRED":"Y","SUB_1":"UNKNOWN116354","SUB_2":"TAP142240","SHAPE__Len":3748.44577269765,"GlobalID":"5cfc9fc4-b56c-4df6-af2e-d08de5868c15","Shape__Length":3748.4456998468972}},{"type":"Feature","id":20843,"geometry":{"type":"LineString","coordinates":[[-83.9352498121972,33.9954134674708],[-83.9354542157552,33.994983884778],[-83.9387722250038,33.9946646516355],[-83.9462733974764,33.9939867697172],[-83.9499812009981,33.9936123570822],[-83.9541738719911,33.9932261176639],[-83.9588133802777,33.9929344667682],[-83.9639353781951,33.9925994607029],[-83.9683336412172,33.9923728387516],[-83.9708340317419,33.9960381337554],[-83.9730301925244,33.9992106536686],[-83.9747129652236,34.0016618859727],[-83.980816580998,33.9987653260981],[-83.9832516101027,33.997647068524],[-83.9896475709081,33.9947119461445],[-83.9908312162793,33.9922644540616],[-83.9919982239531,33.9898907931203],[-83.9962942847471,33.9886837370815],[-84.0017312077485,33.9872056866732],[-84.0016301939914,33.9867918280416],[-84.0012083127947,33.9860724967135],[-84.0009765752991,33.986057716471]]},"properties":{"OBJECTID_1":20843,"OBJECTID":27949,"ID":"113125","TYPE":"AC; OVERHEAD","STATUS":"IN SERVICE","NAICS_CODE":"221121","NAICS_DESC":"ELECTRIC BULK POWER TRANSMISSION AND CONTROL","SOURCE":"IMAGERY, EIA 861","SOURCEDATE":1407110400000,"VAL_METHOD":"IMAGERY","VAL_DATE":1493078400000,"OWNER":"GEORGIA POWER CO","VOLTAGE":230,"VOLT_CLASS":"220-287","INFERRED":"Y","SUB_1":"UNKNOWN116105","SUB_2":"UNKNOWN116106","SHAPE__Len":9111.51134114051,"GlobalID":"e161231d-ad52-4a77-b580-f21628179a89","Shape__Length":9111.511264402454}},{"type":"Feature","id":21029,"geometry":{"type":"LineString","coordinates":[[-84.3514031782419,33.5230608706129],[-84.3516788855756,33.5229419838056],[-84.3518832909303,33.5229419838056],[-84.3519593476921,33.5225773960784],[-84.358756987482,33.5224703966121],[-84.3615901310559,33.5223673609348],[-84.3631635698019,33.5223673609348],[-84.3630827591556,33.523461122911],[-84.3629639192301,33.5261835787188],[-84.3629258908491,33.5275190169004],[-84.3635438581027,33.5284542078707],[-84.3639146377363,33.5308040286563],[-84.3645230981192,33.5340017428352],[-84.3646609526844,33.5348061046554],[-84.3650697615972,33.5366446209576],[-84.3655165997892,33.5379006536409],[-84.3664150291593,33.5398500430993],[-84.3677650497077,33.5424689711623],[-84.3693004609711,33.5454602361552],[-84.3695286339515,33.5461218654458],[-84.369856632218,33.5472985250928],[-84.3701941364567,33.5496597186641],[-84.370892915255,33.5496914117822],[-84.3717723299855,33.5500123079715],[-84.3724378324907,33.5506263628922],[-84.3731936552079,33.5526982738945],[-84.3740635630678,33.5545324471435],[-84.3744771249667,33.5553722720837],[-84.375085586248,33.5561328608994],[-84.3756797849775,33.5563982728557],[-84.3766305034837,33.5565567274668],[-84.3814268809751,33.5570637807182],[-84.3869695716181,33.5584779669652],[-84.3874591920755,33.5585968056509],[-84.3879868409138,33.5580818390779]]},"properties":{"OBJECTID_1":21029,"OBJECTID":28229,"ID":"113503","TYPE":"AC; OVERHEAD","STATUS":"IN SERVICE","NAICS_CODE":"221121","NAICS_DESC":"ELECTRIC BULK POWER TRANSMISSION AND CONTROL","SOURCE":"IMAGERY, EIA 861, EIA 860","SOURCEDATE":1406851200000,"VAL_METHOD":"IMAGERY","VAL_DATE":1513296000000,"OWNER":"GEORGIA POWER CO","VOLTAGE":115,"VOLT_CLASS":"100-161","INFERRED":"Y","SUB_1":"UNKNOWN116020","SUB_2":"UNKNOWN116021","SHAPE__Len":7737.66608464621,"GlobalID":"77542169-93f0-4431-b65d-d8f1d6159246","Shape__Length":7737.665973801731}},{"type":"Feature","id":21075,"geometry":{"type":"LineString","coordinates":[[-84.4380138106773,34.0311279364567],[-84.4376988846949,34.0314874128434],[-84.437687000882,34.031699158118],[-84.4336642722762,34.0301529151517],[-84.4323035545895,34.0298229798618],[-84.4316499996775,34.0291880001412],[-84.4315209998061,34.0286469996173],[-84.4303419996233,34.0278149998196],[-84.4294489996707,34.0274909994954],[-84.4278879998964,34.027318999896],[-84.4214964938364,34.0271037646447],[-84.4170266907817,34.0269963236331],[-84.4142874319347,34.0269372288969],[-84.4131465688289,34.0263216554749],[-84.4121186050897,34.0259129116125],[-84.4112867247124,34.0245290791101],[-84.410965858171,34.0234850339553],[-84.4107400621328,34.0207763647859],[-84.4107400621328,34.0199932971286],[-84.4120888951083,34.0196780974783],[-84.4119997651642,34.0193284224392],[-84.4122315017614,34.0191215716225]]},"properties":{"OBJECTID_1":21075,"OBJECTID":28301,"ID":"113609","TYPE":"AC; OVERHEAD","STATUS":"IN SERVICE","NAICS_CODE":"221121","NAICS_DESC":"ELECTRIC BULK POWER TRANSMISSION AND CONTROL","SOURCE":"IMAGERY, EIA 861, EIA 860","SOURCEDATE":1408060800000,"VAL_METHOD":"IMAGERY","VAL_DATE":1514937600000,"OWNER":"GEORGIA POWER CO","VOLTAGE":115,"VOLT_CLASS":"100-161","INFERRED":"Y","SUB_1":"UNKNOWN116272","SUB_2":"UNKNOWN116273","SHAPE__Len":4239.47286560759,"GlobalID":"f63b4306-d998-4823-b2a3-85efded48207","Shape__Length":4239.472917478767}},{"type":"Feature","id":21089,"geometry":{"type":"LineString","coordinates":[[-84.6136692907793,33.5328088799063],[-84.6125724002067,33.5338202901669],[-84.6115563184838,33.5347653179976],[-84.6109057343005,33.5354099276443]]},"properties":{"OBJECTID_1":21089,"OBJECTID":28326,"ID":"113637","TYPE":"AC; OVERHEAD","STATUS":"IN SERVICE","NAICS_CODE":"221121","NAICS_DESC":"ELECTRIC BULK POWER TRANSMISSION AND CONTROL","SOURCE":"IMAGERY, OpenStreetMap, EIA 861, EIA 860","SOURCEDATE":1408579200000,"VAL_METHOD":"IMAGERY","VAL_DATE":1509580800000,"OWNER":"GEORGIA POWER CO","VOLTAGE":115,"VOLT_CLASS":"100-161","INFERRED":"Y","SUB_1":"TAP142199","SUB_2":"TAP142625","SHAPE__Len":464.055685161637,"GlobalID":"08b5dc00-d3fe-4f35-b5dc-93eb38dca7a3","Shape__Length":464.05562131351087}},{"type":"Feature","id":21106,"geometry":{"type":"LineString","coordinates":[[-84.3868046975258,33.9995749131569],[-84.3875272439499,33.9996379666175],[-84.3883828910546,33.9993384561187],[-84.3885540210146,33.999779841015],[-84.3888220001419,33.9999280000177]]},"properties":{"OBJECTID_1":21106,"OBJECTID":28345,"ID":"113682","TYPE":"AC; OVERHEAD","STATUS":"IN SERVICE","NAICS_CODE":"221121","NAICS_DESC":"ELECTRIC BULK POWER TRANSMISSION AND CONTROL","SOURCE":"IMAGERY, EIA 861, EIA 860","SOURCEDATE":1408492800000,"VAL_METHOD":"IMAGERY","VAL_DATE":1514937600000,"OWNER":"GEORGIA POWER CO","VOLTAGE":115,"VOLT_CLASS":"100-161","INFERRED":"Y","SUB_1":"UNKNOWN111527","SUB_2":"TAP155364","SHAPE__Len":282.379914020822,"GlobalID":"8d361c22-691c-4ec8-9567-efc8cf4e0c94","Shape__Length":282.3799353306033}},{"type":"Feature","id":21159,"geometry":{"type":"LineString","coordinates":[[-84.4893551279909,33.9008211290981],[-84.4898489067497,33.9008803107717],[-84.490211368882,33.901225541602],[-84.4904431072759,33.9014721334508],[-84.4928555563276,33.9002440970523],[-84.496961472522,33.8977435799772],[-84.4992194311077,33.8962787455997],[-84.5000513096884,33.8958792421003],[-84.5012159395216,33.8953761588583],[-84.502475642553,33.8950555661738],[-84.5036937508917,33.8948286836429],[-84.5058744633462,33.8946511236611],[-84.5107706652253,33.8946116655887],[-84.5181625046429,33.8947201746848],[-84.5192796001229,33.8941924247712],[-84.5269744808118,33.894256543606],[-84.5311517016802,33.8943157305815],[-84.5378067339187,33.8943798500693],[-84.5391555668942,33.894369985708],[-84.5400052716433,33.8946708530634],[-84.5475516033236,33.8948286836429],[-84.5521209963057,33.894868141615],[-84.5534282336903,33.89466098799],[-84.5561972025187,33.8947004460397],[-84.5634286091148,33.8947448358577],[-84.5661559841489,33.8947892256526],[-84.5672790210862,33.8950900915289],[-84.5692517618743,33.8951295486344],[-84.5691863995559,33.8985820261268],[-84.5723653666665,33.8986165500542],[-84.5738984009877,33.8988976740076],[-84.5760494025624,33.8999235219233],[-84.5763999799835,33.9001701175377],[-84.5772734532568,33.8995536260461],[-84.5781231580059,33.9003969858574],[-84.5807019831331,33.8985376375606],[-84.5824469030803,33.8973108197686],[-84.5925577937427,33.8903858969095],[-84.5971435980467,33.8872185186086],[-84.5971221166333,33.8855860621552],[-84.5977360181119,33.8856003385765],[-84.597968227223,33.8865273425726]]},"properties":{"OBJECTID_1":21159,"OBJECTID":28425,"ID":"113771","TYPE":"AC; OVERHEAD","STATUS":"IN SERVICE","NAICS_CODE":"221121","NAICS_DESC":"ELECTRIC BULK POWER TRANSMISSION AND CONTROL","SOURCE":"IMAGERY, EIA 861, EIA 860","SOURCEDATE":1408060800000,"VAL_METHOD":"IMAGERY","VAL_DATE":1512950400000,"OWNER":"GEORGIA POWER CO","VOLTAGE":230,"VOLT_CLASS":"220-287","INFERRED":"Y","SUB_1":"UNKNOWN116281","SUB_2":"UNKNOWN116287","SHAPE__Len":14000.9791179774,"GlobalID":"e56431fd-10f3-4d9e-832d-09a697e4fde3","Shape__Length":14000.979042759327}},{"type":"Feature","id":21241,"geometry":{"type":"LineString","coordinates":[[-84.3798020002044,33.9018570000398],[-84.3798725781413,33.9017826804412],[-84.3794362960522,33.9014825256209],[-84.3798237421292,33.900608207749],[-84.3805440239005,33.8997359499932],[-84.3809956150786,33.8989813588922],[-84.3812867725369,33.8983599264827],[-84.3814412647995,33.8975658664989],[-84.3814056124625,33.8965745157187],[-84.3810786598351,33.8931792260981],[-84.3810459997863,33.8927629997182],[-84.3811280554976,33.8915924324822],[-84.3813580098373,33.8887745845557],[-84.3815185100324,33.8873608079393],[-84.3815779299952,33.886990857572],[-84.3815125676768,33.8864531938095],[-84.3813996710052,33.8858711314994],[-84.3812214111168,33.8855159738707],[-84.3806747467406,33.8846971309767],[-84.3802112717495,33.883883212638],[-84.379943881917,33.8830347570595],[-84.3796764929828,33.8819149790632],[-84.3796883767957,33.8802673495557],[-84.3796756566513,33.877588706492],[-84.3796900925779,33.8773817920743],[-84.3798730003495,33.8767369999582],[-84.3801676845936,33.8761844275055],[-84.3805261977319,33.8764194696602],[-84.3807970002642,33.8764619999702]]},"properties":{"OBJECTID_1":21241,"OBJECTID":29048,"ID":"114638","TYPE":"AC; OVERHEAD","STATUS":"IN SERVICE","NAICS_CODE":"221121","NAICS_DESC":"ELECTRIC BULK POWER TRANSMISSION AND CONTROL","SOURCE":"IMAGERY, EIA 861, EIA 860","SOURCEDATE":1401840000000,"VAL_METHOD":"IMAGERY","VAL_DATE":1512950400000,"OWNER":"GEORGIA POWER CO","VOLTAGE":230,"VOLT_CLASS":"220-287","INFERRED":"Y","SUB_1":"UNKNOWN111529","SUB_2":"UNKNOWN111530","SHAPE__Len":3654.37257976543,"GlobalID":"f75e9027-7cd4-4bd3-8e4a-dad80d6b0dc8","Shape__Length":3654.3727081549887}},{"type":"Feature","id":21257,"geometry":{"type":"LineString","coordinates":[[-84.5134509999795,34.0852630001125],[-84.5131763041488,34.0856037976178],[-84.5125083995486,34.0855142998019],[-84.512037349963,34.0885189835204],[-84.5117768996161,34.0900354999858],[-84.5101467151919,34.0905849200488],[-84.5085550208827,34.0910973569089],[-84.5063178600924,34.091850242861],[-84.5034330229653,34.0928097936971],[-84.5005214456873,34.0937693336561],[-84.4968151001313,34.0950491000962],[-84.4959966181264,34.0950782276041],[-84.4932317366326,34.0953115917329],[-84.4897601235552,34.095599012067],[-84.4862641248112,34.0958730480016],[-84.4845998744748,34.0960131397794],[-84.4815527000979,34.0978261001174],[-84.4772845796042,34.0982139626142],[-84.47350713958,34.0985714317121],[-84.4706891299236,34.098831003895],[-84.4683014276613,34.0990433858181],[-84.4673684230342,34.0991112071812],[-84.4670982879502,34.0991353397131],[-84.4645122637243,34.0993631828487],[-84.4605049843447,34.0997381137074],[-84.4565992909491,34.1001288305512],[-84.4536277205831,34.1003639801419],[-84.4488503577312,34.1007831888537],[-84.4463048079988,34.1010282179329],[-84.444835947525,34.101172873617],[-84.4448644690352,34.099705639681],[-84.4448929905455,34.097954962812],[-84.4449393382242,34.0955488286973],[-84.4449215120557,34.0937833036163],[-84.4449286428825,34.093121960836],[-84.4439803013185,34.0918022109498],[-84.442629092299,34.0917697338785],[-84.4425649175535,34.0899244107962],[-84.4417164012754,34.0875682439696],[-84.4409356224614,34.0853891745617],[-84.4409427541865,34.0839925330405],[-84.4409427541865,34.0830801260408],[-84.4381369445499,34.0830594567535],[-84.4363115642994,34.0830535508167],[-84.4338123622457,34.0809688566397],[-84.4314022901362,34.0789608876045],[-84.4307177720931,34.0783968757159],[-84.430703511338,34.0768583750627],[-84.4302257746935,34.0761998517954],[-84.4294200406809,34.0748916511493],[-84.4287146547737,34.0736129245878],[-84.4277576345857,34.0713809291376],[-84.4281438643438,34.0708247417512],[-84.4278229969041,34.0702045637679],[-84.4271218411636,34.0692103020725],[-84.4266405400041,34.0687180885524],[-84.4256957629551,34.0685064357108],[-84.4252204041512,34.068092974153],[-84.4247272182804,34.0671872866759],[-84.4244776537181,34.0672561991765],[-84.424234033308,34.0671971317475]]},"properties":{"OBJECTID_1":21257,"OBJECTID":29080,"ID":"114675","TYPE":"AC; OVERHEAD","STATUS":"IN SERVICE","NAICS_CODE":"221121","NAICS_DESC":"ELECTRIC BULK POWER TRANSMISSION AND CONTROL","SOURCE":"IMAGERY, EIA 861, EIA 860","SOURCEDATE":1401408000000,"VAL_METHOD":"IMAGERY","VAL_DATE":1514937600000,"OWNER":"GEORGIA POWER CO","VOLTAGE":115,"VOLT_CLASS":"100-161","INFERRED":"Y","SUB_1":"UNKNOWN111158","SUB_2":"UNKNOWN116616","SHAPE__Len":14276.6096187436,"GlobalID":"6529618e-9185-4d28-bb3b-321c9b8af67f","Shape__Length":14276.609749881774}},{"type":"Feature","id":21302,"geometry":{"type":"LineString","coordinates":[[-84.2354284032227,33.7356932310426],[-84.2351073453401,33.7358483521111],[-84.2350170269248,33.7364492237858],[-84.2358584132744,33.7364334119384],[-84.2358726740296,33.7375402708263],[-84.2372322023469,33.7375600365008],[-84.2451707052425,33.7378999980667],[-84.2511601667038,33.7380557979268],[-84.2576679803386,33.7381521955869],[-84.2635958146764,33.7382168468452],[-84.2667472708815,33.7383071575755],[-84.2814976752204,33.7386629276202],[-84.2815347998961,33.7390882494667]]},"properties":{"OBJECTID_1":21302,"OBJECTID":29151,"ID":"114768","TYPE":"AC; OVERHEAD","STATUS":"IN SERVICE","NAICS_CODE":"221121","NAICS_DESC":"ELECTRIC BULK POWER TRANSMISSION AND CONTROL","SOURCE":"IMAGERY, EIA 861, EIA 860","SOURCEDATE":1408406400000,"VAL_METHOD":"IMAGERY","VAL_DATE":1514937600000,"OWNER":"GEORGIA POWER CO","VOLTAGE":115,"VOLT_CLASS":"100-161","INFERRED":"Y","SUB_1":"UNKNOWN116598","SUB_2":"UNKNOWN116604","SHAPE__Len":5502.88385346357,"GlobalID":"099e9b5e-5d56-42d2-b873-9a9ae62c7ef5","Shape__Length":5502.883831695295}},{"type":"Feature","id":21314,"geometry":{"type":"LineString","coordinates":[[-84.4305502183263,33.6158693415025],[-84.4307462855186,33.6159452140669]]},"properties":{"OBJECTID_1":21314,"OBJECTID":29165,"ID":"114787","TYPE":"AC; OVERHEAD","STATUS":"IN SERVICE","NAICS_CODE":"221121","NAICS_DESC":"ELECTRIC BULK POWER TRANSMISSION AND CONTROL","SOURCE":"IMAGERY, EIA 861, EIA 860","SOURCEDATE":1407801600000,"VAL_METHOD":"IMAGERY","VAL_DATE":1513641600000,"OWNER":"GEORGIA POWER CO","VOLTAGE":115,"VOLT_CLASS":"100-161","INFERRED":"Y","SUB_1":"TAP142600","SUB_2":"TAP142601","SHAPE__Len":24.0675145653077,"GlobalID":"946d5b92-0071-4283-9497-e11ab7e2c442","Shape__Length":24.067464804386308}},{"type":"Feature","id":21318,"geometry":{"type":"LineString","coordinates":[[-84.3027759292181,33.8590400091736],[-84.3023984023385,33.8590185125329],[-84.3021838280548,33.8592820054593],[-84.3007583589041,33.8604462336972],[-84.299397905322,33.8615914944988],[-84.2967230871219,33.8639647986173],[-84.2925224552589,33.8674438985762],[-84.2871586515283,33.8719497996503],[-84.2825476845149,33.8758018115681],[-84.2814448740446,33.8767203056093],[-84.2803508895219,33.8776314390791],[-84.2806788437709,33.8778602967521],[-84.2800822680991,33.8785371311571],[-84.2801963541402,33.8786880847444]]},"properties":{"OBJECTID_1":21318,"OBJECTID":29172,"ID":"114823","TYPE":"AC; OVERHEAD","STATUS":"IN SERVICE","NAICS_CODE":"221121","NAICS_DESC":"ELECTRIC BULK POWER TRANSMISSION AND CONTROL","SOURCE":"IMAGERY, EIA 861","SOURCEDATE":1408320000000,"VAL_METHOD":"IMAGERY","VAL_DATE":1493078400000,"OWNER":"GEORGIA POWER CO","VOLTAGE":230,"VOLT_CLASS":"220-287","INFERRED":"Y","SUB_1":"UNKNOWN116565","SUB_2":"UNKNOWN116566","SHAPE__Len":3727.18987818139,"GlobalID":"6333516a-bede-4f79-a64c-f2f2ba0ad949","Shape__Length":3727.1899512962887}},{"type":"Feature","id":21368,"geometry":{"type":"LineString","coordinates":[[-84.178043845905,33.9407654917347],[-84.1800389457605,33.9403842998625],[-84.1883199367481,33.938597747543],[-84.1936155242126,33.937450088555],[-84.1993911462121,33.936223555875],[-84.2065834626187,33.9346778527409],[-84.2089113981684,33.9341790634388],[-84.2093842919952,33.9340116419659],[-84.2092994892358,33.9334913067881],[-84.209213924705,33.932674896045],[-84.2106663136698,33.9321681430716],[-84.2116430105557,33.9316376101239],[-84.2143668210748,33.9308763995898],[-84.2148706492867,33.9311672407239],[-84.2150074680944,33.9317204660997],[-84.2150610058887,33.9323629195336],[-84.2137904476155,33.9324796671368]]},"properties":{"OBJECTID_1":21368,"OBJECTID":29250,"ID":"114886","TYPE":"AC; OVERHEAD","STATUS":"IN SERVICE","NAICS_CODE":"221121","NAICS_DESC":"ELECTRIC BULK POWER TRANSMISSION AND CONTROL","SOURCE":"IMAGERY, https://www.rd.usda.gov/files/UWP_GA110-GTC_EastWalton_AES%20%26%20MCS.pdf","SOURCEDATE":1407369600000,"VAL_METHOD":"IMAGERY","VAL_DATE":1493078400000,"OWNER":"GEORGIA POWER CO","VOLTAGE":115,"VOLT_CLASS":"100-161","INFERRED":"Y","SUB_1":"UNKNOWN116214","SUB_2":"NORCROSS","SHAPE__Len":4783.80331278362,"GlobalID":"4607ca87-3086-43d2-b09a-ef74bf056bf4","Shape__Length":4783.803391602967}},{"type":"Feature","id":21375,"geometry":{"type":"LineString","coordinates":[[-84.1971745173159,33.7316643059412],[-84.1973349501375,33.732128819065],[-84.1981192934666,33.7322227087245],[-84.1996285601619,33.7323165997755],[-84.2014170996044,33.7323758989012],[-84.2042514298529,33.7325340299518],[-84.2068837325872,33.7326378036922],[-84.20806024803,33.7327465184421],[-84.209391254837,33.7330034794877],[-84.2103419742415,33.7332604405108],[-84.2121780489356,33.7338633085309],[-84.2143231090531,33.7346490061381],[-84.215380783672,33.7352617456354],[-84.216843000206,33.7366559996918],[-84.2229033468281,33.7368232254958],[-84.2329156060655,33.7371740608146],[-84.2341860035403,33.7372214966857],[-84.2342050181799,33.7363883855839],[-84.2344004376868,33.7358068836272],[-84.2354284032227,33.7356932310426]]},"properties":{"OBJECTID_1":21375,"OBJECTID":29262,"ID":"114901","TYPE":"AC; OVERHEAD","STATUS":"IN SERVICE","NAICS_CODE":"221121","NAICS_DESC":"ELECTRIC BULK POWER TRANSMISSION AND CONTROL","SOURCE":"IMAGERY, EIA 861, EIA 860","SOURCEDATE":1408406400000,"VAL_METHOD":"IMAGERY","VAL_DATE":1514937600000,"OWNER":"GEORGIA POWER CO","VOLTAGE":230,"VOLT_CLASS":"220-287","INFERRED":"Y","SUB_1":"UNKNOWN116603","SUB_2":"UNKNOWN116604","SHAPE__Len":4637.11394442028,"GlobalID":"379bdf70-1ffe-4fcb-9a31-f3218f005daa","Shape__Length":4637.113915251144}},{"type":"Feature","id":21433,"geometry":{"type":"LineString","coordinates":[[-84.2137904476155,33.9324796671368],[-84.2134921602287,33.9315074557345],[-84.2140863589583,33.9313615245704],[-84.2148474188535,33.931374449482],[-84.2190244995847,33.9314818996125],[-84.2223519995343,33.9310965995992],[-84.2247665003381,33.9308031994605],[-84.226898700174,33.9317949995894],[-84.2282577002819,33.9324145999271],[-84.2307645002862,33.9333253999464],[-84.2332739000149,33.9342218995878],[-84.2359366996548,33.9349330000674],[-84.2383090003015,33.9355469997356],[-84.2414381001341,33.9363566998864],[-84.2438886000246,33.9370101001761],[-84.246805899571,33.9377634997296],[-84.2504963000307,33.9387133999888],[-84.2540845000589,33.9396452996795],[-84.258912699471,33.9408977000559],[-84.2628209000646,33.941905599914],[-84.2665190996976,33.9428778997722],[-84.2694055996062,33.9436242996126],[-84.2733229001337,33.9446786995957],[-84.2762911997337,33.945422299522],[-84.279029200041,33.9461527996329],[-84.2819066997288,33.9468752996871],[-84.2854484002629,33.947769500062],[-84.2886820002141,33.9486117000813],[-84.2933303003124,33.9498091995496],[-84.2965158996848,33.9507312995216],[-84.2984117994818,33.9512860997321],[-84.3014384994568,33.9519167996867],[-84.3049416002815,33.9528269000199],[-84.3077470002862,33.9535612999985],[-84.3093300995148,33.9539683995192],[-84.3115869001722,33.9544074999706],[-84.3153498997782,33.9553734001752],[-84.318306400007,33.9561587996253],[-84.321065899694,33.9568869998057],[-84.3225324002936,33.9575529995227],[-84.325703599672,33.9583883997836],[-84.3281433000161,33.9590552997452],[-84.3321734001972,33.9602002995499],[-84.3341970000034,33.9607621997403],[-84.3374468001725,33.9625544000902],[-84.340489699467,33.9625402997289],[-84.3428376997869,33.9631287995088],[-84.344440400255,33.9637553995604],[-84.3492352003048,33.965603499692],[-84.3532854002904,33.9671739996429],[-84.3567829998322,33.9684953996286],[-84.3620883995946,33.9685399000017],[-84.3650226997578,33.968504299556],[-84.3677532000307,33.9686109995265],[-84.3698184996325,33.9686732996596],[-84.374356800126,33.9686688996207],[-84.3772991186514,33.9686634818954],[-84.3790139998338,33.9668869999614]]},"properties":{"OBJECTID_1":21433,"OBJECTID":29343,"ID":"115016","TYPE":"AC; OVERHEAD","STATUS":"IN SERVICE","NAICS_CODE":"221121","NAICS_DESC":"ELECTRIC BULK POWER TRANSMISSION AND CONTROL","SOURCE":"IMAGERY, OpenStreetMap, http://www.psc.state.fl.us/publications/pdf/electricgas/transmissionreport2007.pdf, EIA 861","SOURCEDATE":1397088000000,"VAL_METHOD":"IMAGERY","VAL_DATE":1443744000000,"OWNER":"GEORGIA POWER CO","VOLTAGE":500,"VOLT_CLASS":"500","INFERRED":"Y","SUB_1":"NORCROSS","SUB_2":"BULL SLUICE","SHAPE__Len":19591.3745627639,"GlobalID":"5d4d5226-39fd-4249-9636-3d19eac84060","Shape__Length":19591.374579319443}},{"type":"Feature","id":21488,"geometry":{"type":"LineString","coordinates":[[-84.4634153614736,33.6760333940593],[-84.4625314183357,33.6759082425281],[-84.4618477869298,33.6767848129942],[-84.4619277019557,33.6775040484561],[-84.4603496296995,33.6793459628007],[-84.4591617002627,33.6805846999788],[-84.4583292997609,33.6816871000891],[-84.45722610032,33.6831131999957],[-84.4564534000554,33.6841032999327],[-84.4557028998563,33.6850721000408],[-84.4548239001474,33.6861990996395],[-84.4535772999428,33.6877859998844],[-84.4527497000379,33.6887867996298],[-84.4524291550933,33.6904567375817],[-84.4525208030152,33.6926378560024],[-84.4524114708586,33.7034207907347],[-84.4521968139299,33.7086996846063],[-84.4527369870799,33.7104153755297],[-84.4536220585018,33.711549756674],[-84.4559919777147,33.7132017786969],[-84.4642329236036,33.7190854977444],[-84.4662083269982,33.7273291056587],[-84.4662060228195,33.7309123449086],[-84.4660347572139,33.7422533300443],[-84.4659168326716,33.7477517198589],[-84.4658601346042,33.7533459599828],[-84.4655302929948,33.7538919711756],[-84.4648626201598,33.7553451145285],[-84.4582274712319,33.75966711393],[-84.4419412918119,33.7703809296124],[-84.4419362980772,33.7760146208639],[-84.440140995219,33.777888446864],[-84.4318461935322,33.7775886346211],[-84.4305015664689,33.7781672869062],[-84.4294999997243,33.7773689994807],[-84.4295259996636,33.7757739994967],[-84.4270740570787,33.775542243015],[-84.4174319998581,33.7754900001825],[-84.4174407404658,33.7763264947132],[-84.4104589999416,33.776231999983],[-84.4104849998809,33.7740390001831],[-84.409053999803,33.7739669999028],[-84.4090205411519,33.7736804296304],[-84.4091679016894,33.7732536806433],[-84.4086424348589,33.7732842020405],[-84.407550999755,33.772905000128],[-84.4069622340363,33.7724752521604],[-84.4069950000864,33.7723279999005]]},"properties":{"OBJECTID_1":21488,"OBJECTID":29429,"ID":"115124","TYPE":"AC; OVERHEAD","STATUS":"IN SERVICE","NAICS_CODE":"221121","NAICS_DESC":"ELECTRIC BULK POWER TRANSMISSION AND CONTROL","SOURCE":"IMAGERY, http://www.psc.state.fl.us/publications/pdf/electricgas/transmissionreport2007.pdf, EIA 861","SOURCEDATE":1401840000000,"VAL_METHOD":"IMAGERY","VAL_DATE":1514937600000,"OWNER":"GEORGIA POWER CO","VOLTAGE":230,"VOLT_CLASS":"220-287","INFERRED":"Y","SUB_1":"UNKNOWN111352","SUB_2":"UNKNOWN111355","SHAPE__Len":20570.2365968219,"GlobalID":"b9e9f05a-bc93-47c6-8425-d0e36a39c254","Shape__Length":20570.23650450192}},{"type":"Feature","id":21496,"geometry":{"type":"LineString","coordinates":[[-84.2291549995714,34.0574669997543],[-84.2295843861924,34.0575855470441],[-84.2304277003266,34.0584673999219],[-84.2319356994991,34.0600465997918],[-84.2340322002856,34.0621975998894],[-84.2351981003366,34.0672127000553],[-84.2356091999534,34.0689686999005],[-84.2363620995526,34.0721286001084],[-84.2369250000793,34.0745429998959],[-84.2376236998258,34.0773532995103],[-84.2385895001473,34.0812628001661],[-84.2392762999113,34.0840053997743],[-84.2397726002411,34.0862620997112],[-84.2407696996638,34.090149000158],[-84.2414256997899,34.0925064000042],[-84.2423478994808,34.0957456000042],[-84.2427890288791,34.0973501415984],[-84.2431010003026,34.0974210001007]]},"properties":{"OBJECTID_1":21496,"OBJECTID":29446,"ID":"115149","TYPE":"AC; OVERHEAD","STATUS":"IN SERVICE","NAICS_CODE":"221121","NAICS_DESC":"ELECTRIC BULK POWER TRANSMISSION AND CONTROL","SOURCE":"IMAGERY, OpenStreetMap, EIA 861","SOURCEDATE":1397088000000,"VAL_METHOD":"IMAGERY","VAL_DATE":1493078400000,"OWNER":"GEORGIA POWER CO","VOLTAGE":230,"VOLT_CLASS":"220-287","INFERRED":"Y","SUB_1":"UNKNOWN111511","SUB_2":"UNKNOWN111516","SHAPE__Len":5704.2380707764,"GlobalID":"bb38667c-d67e-4b45-9ba4-65e08b4ea8b4","Shape__Length":5704.238154570765}},{"type":"Feature","id":21505,"geometry":{"type":"LineString","coordinates":[[-84.3672669500523,33.4820237916718],[-84.3647124989137,33.4834526765522],[-84.363246300148,33.4853821995614],[-84.3595394003315,33.4853105996831],[-84.356045500052,33.4852537998379],[-84.3520979002483,33.4851781001184],[-84.3483241999106,33.4849888999787],[-84.3449285995776,33.4848059996491],[-84.3426031002589,33.4846671998286],[-84.3388407995422,33.4846450999349],[-84.3355889000103,33.4846103995616],[-84.331221499508,33.4845693996833],[-84.3268427999962,33.4845189999928],[-84.3240089997537,33.4821518994817],[-84.3214188998714,33.4800482998835],[-84.3174863998494,33.4786194997115],[-84.3133874994973,33.4772444000299],[-84.3071542999466,33.4771333995019],[-84.3033209999831,33.4770684997071],[-84.2996379998446,33.4769959001458],[-84.2962348994774,33.4769454997953],[-84.2914893998687,33.4769075998574],[-84.2868234002643,33.4777591999189],[-84.2836319995719,33.4783489996778],[-84.2793478001329,33.4791184997526],[-84.2758388000718,33.4803642995678],[-84.2711078998831,33.4820206995256],[-84.2631417001306,33.4848549996233],[-84.2589032994998,33.4863396997064],[-84.2560257998121,33.4873487995485],[-84.2513824000236,33.4889886999405],[-84.2485085995982,33.4898969001574],[-84.2444929003095,33.4911772000061],[-84.2406019994716,33.4923817994891],[-84.2372517999931,33.4918741001652],[-84.2329638994952,33.491851999863],[-84.2288081995661,33.4918407998772],[-84.2234554001978,33.4917918001096],[-84.2206074002856,33.4917294000199],[-84.2188957997506,33.4921810997487],[-84.2159522002276,33.492180600059],[-84.2115671999323,33.4921895000798],[-84.2081501999326,33.492180600059],[-84.2048988995771,33.4921717000373],[-84.2017546002499,33.4921048000132],[-84.1944702999515,33.4918261994387],[-84.1901647996606,33.4917062995467],[-84.1867389997644,33.4917126000168],[-84.1830787997662,33.4917314999264],[-84.1804507999621,33.4917251994575],[-84.1797058998605,33.4937275994704],[-84.1787487997225,33.4963138997655],[-84.1771739003159,33.5006346995579],[-84.1769571997199,33.5033483995526],[-84.1769533001332,33.5056747996637],[-84.1769533001332,33.5086915997408],[-84.1768902994857,33.511776899956],[-84.1736740001885,33.513792400048],[-84.1704003003413,33.5159281997779],[-84.1666507000061,33.5158830999722],[-84.1624289002417,33.5158153000539],[-84.156802500089,33.5157410995036],[-84.1529948003144,33.5156700999308],[-84.1529986999011,33.5183252995947],[-84.1529784994853,33.520787599983],[-84.1530017002741,33.5237877997862],[-84.1484820002969,33.5237038997482],[-84.1444188996056,33.523716800078],[-84.1403339994973,33.5236982995696],[-84.1361859002138,33.5236846997762],[-84.1314795994908,33.5236161997714],[-84.1278458997935,33.5235568998075],[-84.1278286000378,33.5269585995937],[-84.1278057998975,33.5307896998752],[-84.127753700306,33.5327447998598],[-84.127793800202,33.5356607997305],[-84.1277904997916,33.5386944995758],[-84.1277188995719,33.5417252994355],[-84.1276473999635,33.5445933996257],[-84.1275303000746,33.5480332995053],[-84.1275172996558,33.5505568997527],[-84.1274717999867,33.5536903995987],[-84.1274132001858,33.5571597996132],[-84.1273547000978,33.5612902994369],[-84.1273741998277,33.5647539995248],[-84.1273351994696,33.5677080998541],[-84.1273676996183,33.5707432994635],[-84.1278230996533,33.5740944995484],[-84.1277631999901,33.5768667997686],[-84.1276737996531,33.5805531999581],[-84.1271747998858,33.5835648996814],[-84.1271747998858,33.5858941994597],[-84.1271372000012,33.5896234000957],[-84.1271606999291,33.5929327996043],[-84.1272389000712,33.5972101994618],[-84.1273706999913,33.6004174000837],[-84.1273847999481,33.6037890997607],[-84.127450699459,33.6069803995985],[-84.1272577000134,33.6094423999146],[-84.1268811001952,33.6139702995253],[-84.1267382995061,33.6157606000866],[-84.1264793996513,33.6193406999045],[-84.1260395000465,33.621582700149],[-84.125452900166,33.6248698996635],[-84.1246636996462,33.6292348995995],[-84.1243556996746,33.632204599946],[-84.1240228909298,33.6352721208441],[-84.1264480295832,33.6380134160893]]},"properties":{"OBJECTID_1":21505,"OBJECTID":29460,"ID":"115182","TYPE":"AC; OVERHEAD","STATUS":"IN SERVICE","NAICS_CODE":"221121","NAICS_DESC":"ELECTRIC BULK POWER TRANSMISSION AND CONTROL","SOURCE":"IMAGERY, OpenStreetMap, http://www.psc.state.fl.us/publications/pdf/electricgas/transmissionreport2007.pdf, EIA 861","SOURCEDATE":1397088000000,"VAL_METHOD":"IMAGERY","VAL_DATE":1443744000000,"OWNER":"GEORGIA POWER CO","VOLTAGE":500,"VOLT_CLASS":"500","INFERRED":"Y","SUB_1":"KLONDIKE","SUB_2":"O'HARA","SHAPE__Len":46595.7523816035,"GlobalID":"4bace018-023d-4452-8978-e7d9ce818fe2","Shape__Length":46595.75235267822}},{"type":"Feature","id":21506,"geometry":{"type":"LineString","coordinates":[[-84.5094759404743,33.5530444207927],[-84.5099267519148,33.5516571387402],[-84.511163900046,33.5513973001208],[-84.5158172001672,33.5503386000338],[-84.5212180001144,33.5491093999139],[-84.5250655994606,33.5482433000013],[-84.529468199549,33.5472405994835],[-84.5333977000963,33.5463590001573],[-84.5364967000786,33.5456667000706],[-84.5410295999006,33.5446608999609],[-84.5441620998565,33.543608599707],[-84.547298299973,33.5425902996629],[-84.5511094995839,33.5413223995489],[-84.5562691000807,33.5396167001644],[-84.5584274588577,33.5388971595035],[-84.5589722241954,33.5389229241801]]},"properties":{"OBJECTID_1":21506,"OBJECTID":29462,"ID":"115171","TYPE":"AC; OVERHEAD","STATUS":"IN SERVICE","NAICS_CODE":"221121","NAICS_DESC":"ELECTRIC BULK POWER TRANSMISSION AND CONTROL","SOURCE":"IMAGERY, OpenStreetMap, http://www.psc.state.fl.us/publications/pdf/electricgas/transmissionreport2007.pdf, EIA 861","SOURCEDATE":1397088000000,"VAL_METHOD":"IMAGERY","VAL_DATE":1509580800000,"OWNER":"GEORGIA POWER CO","VOLTAGE":230,"VOLT_CLASS":"220-287","INFERRED":"Y","SUB_1":"UNKNOWN113564","SUB_2":"UNION","SHAPE__Len":5923.11454762266,"GlobalID":"da05a26d-8f50-4b9f-b6a0-67e36f5f7e81","Shape__Length":5923.114620384793}},{"type":"Feature","id":21629,"geometry":{"type":"LineString","coordinates":[[-84.4305700001272,33.7791279994525],[-84.430676802628,33.7788452746244],[-84.4306905172074,33.7782029795249],[-84.432374667024,33.777814159753],[-84.4359936675883,33.7779576408183],[-84.4391401345502,33.7780698366181],[-84.4422320531132,33.778177215462],[-84.4441985559999,33.779394638676],[-84.4449294118404,33.7806462548235],[-84.4457849538422,33.782138127577],[-84.4473256337248,33.7848059939799],[-84.4484738369647,33.7867974988875],[-84.4503296224927,33.7900131028024],[-84.4514711889794,33.791934935948],[-84.453150939746,33.7944248228074],[-84.4550710715978,33.7972874211204],[-84.4560134618231,33.7986639067675],[-84.4580850325638,33.8017458618485],[-84.4600339958446,33.8046986076235],[-84.4617058180806,33.8071658924752],[-84.4632701622826,33.8094964585246],[-84.4654155637599,33.8126924757355],[-84.4666234950848,33.8141037799779],[-84.4673324706599,33.8152469974669],[-84.4687521717281,33.8174871997721],[-84.4708008228527,33.8207908446118],[-84.4723633210169,33.8233468566037],[-84.4739861473406,33.8218374521375],[-84.4767799995024,33.8228379994786]]},"properties":{"OBJECTID_1":21629,"OBJECTID":30146,"ID":"116129","TYPE":"AC; OVERHEAD","STATUS":"IN SERVICE","NAICS_CODE":"221121","NAICS_DESC":"ELECTRIC BULK POWER TRANSMISSION AND CONTROL","SOURCE":"IMAGERY, OpenStreetMap, http://www.psc.state.fl.us/publications/pdf/electricgas/transmissionreport2007.pdf, EIA 861","SOURCEDATE":1408060800000,"VAL_METHOD":"IMAGERY","VAL_DATE":1444262400000,"OWNER":"GEORGIA POWER CO","VOLTAGE":230,"VOLT_CLASS":"220-287","INFERRED":"Y","SUB_1":"JACK MCDONOUGH","SUB_2":"UNKNOWN111552","SHAPE__Len":8976.4540204483,"GlobalID":"b15a68ae-2ba2-4c9d-a021-7406335a3607","Shape__Length":8976.453828555634}},{"type":"Feature","id":21678,"geometry":{"type":"LineString","coordinates":[[-84.2137904476155,33.9324796671368],[-84.2146208062467,33.9336597257745],[-84.2125319339536,33.9341657260489],[-84.2106780321927,33.9336135696933],[-84.207659498802,33.9342682684988],[-84.2039992305318,33.9350610005043],[-84.2002409210299,33.9358745935007],[-84.1965758988752,33.9366554790419],[-84.194679214849,33.9370695816646],[-84.1923119250049,33.9375625587061],[-84.1861797877203,33.9388876657433],[-84.1827714609547,33.9396211985235],[-84.1797713295526,33.940294121938],[-84.1771099294879,33.9408910628156],[-84.1721376699486,33.9421017551616],[-84.1681874326913,33.9431034210285],[-84.1645176575505,33.943955222533],[-84.1627207988101,33.9443968949976],[-84.1591223283433,33.9452762878754],[-84.1547632821732,33.9463173505394],[-84.1513882299041,33.9471454597796],[-84.1496911955514,33.9475752849529]]},"properties":{"OBJECTID_1":21678,"OBJECTID":30209,"ID":"116213","TYPE":"AC; OVERHEAD","STATUS":"IN SERVICE","NAICS_CODE":"221121","NAICS_DESC":"ELECTRIC BULK POWER TRANSMISSION AND CONTROL","SOURCE":"IMAGERY, EIA 861","SOURCEDATE":1407369600000,"VAL_METHOD":"IMAGERY","VAL_DATE":1496275200000,"OWNER":"GEORGIA POWER CO","VOLTAGE":230,"VOLT_CLASS":"220-287","INFERRED":"Y","SUB_1":"UNKNOWN116084","SUB_2":"NORCROSS","SHAPE__Len":7688.52823348353,"GlobalID":"7c255111-da00-428a-91b5-c4b35f29593c","Shape__Length":7688.528339040983}},{"type":"Feature","id":21702,"geometry":{"type":"LineString","coordinates":[[-84.2682470001635,33.7855960001101],[-84.2682704021749,33.7868228646589],[-84.2679851861739,33.7886747689018],[-84.2687160509975,33.7889562540576],[-84.2692780002083,33.7896260000197],[-84.2699519855047,33.7909661354441],[-84.2707838649837,33.7915340297512],[-84.271288933769,33.791514276521],[-84.2715656085883,33.7909536678105]]},"properties":{"OBJECTID_1":21702,"OBJECTID":30252,"ID":"116294","TYPE":"AC; OVERHEAD","STATUS":"IN SERVICE","NAICS_CODE":"221121","NAICS_DESC":"ELECTRIC BULK POWER TRANSMISSION AND CONTROL","SOURCE":"IMAGERY, EIA 861, EIA 860","SOURCEDATE":1408492800000,"VAL_METHOD":"IMAGERY","VAL_DATE":1514937600000,"OWNER":"GEORGIA POWER CO","VOLTAGE":115,"VOLT_CLASS":"100-161","INFERRED":"Y","SUB_1":"UNKNOWN116571","SUB_2":"TAP142253","SHAPE__Len":1065.29874261793,"GlobalID":"d24662c8-12b2-4444-ab46-500864826a62","Shape__Length":1065.2986147646443}},{"type":"Feature","id":21719,"geometry":{"type":"LineString","coordinates":[[-84.4784707591228,33.6604136648408],[-84.4784327298435,33.6591861227203],[-84.4776852785266,33.6479219550166],[-84.4775380365667,33.6474010216346],[-84.4773159972829,33.646914273877],[-84.4750245575882,33.6439383254972],[-84.4726808808597,33.6405354194918],[-84.470818662496,33.6379798168595],[-84.467453090148,33.6333017374987],[-84.465519731502,33.6305675504878],[-84.4644079998625,33.6302779995096]]},"properties":{"OBJECTID_1":21719,"OBJECTID":30279,"ID":"116312","TYPE":"AC; OVERHEAD","STATUS":"IN SERVICE","NAICS_CODE":"221121","NAICS_DESC":"ELECTRIC BULK POWER TRANSMISSION AND CONTROL","SOURCE":"IMAGERY, EIA 861, EIA 860","SOURCEDATE":1401926400000,"VAL_METHOD":"IMAGERY","VAL_DATE":1513641600000,"OWNER":"GEORGIA POWER CO","VOLTAGE":115,"VOLT_CLASS":"100-161","INFERRED":"Y","SUB_1":"UNKNOWN111555","SUB_2":"TAP142587","SHAPE__Len":4493.94565382152,"GlobalID":"47a9551f-9f18-49f0-9734-748977f36cdb","Shape__Length":4493.945674904986}},{"type":"Feature","id":21782,"geometry":{"type":"LineString","coordinates":[[-84.4062990770324,33.7357425398299],[-84.4061799999515,33.7354629999801],[-84.4050679997159,33.7354699998239],[-84.4056159998869,33.7331349995446],[-84.405672272153,33.7320066538782],[-84.4025809994787,33.7320119999722],[-84.4025319999732,33.730557999552],[-84.3999589995224,33.730556999944],[-84.3975390001307,33.7311610001164],[-84.3974181740301,33.7317814161216],[-84.3958138359332,33.7317517659849],[-84.392647942005,33.7317161855086],[-84.3862264618589,33.7316444320758],[-84.3861557195303,33.7303078065729],[-84.3861129381632,33.7294805588236],[-84.3833160002884,33.7294429998295],[-84.3811273224723,33.7292176514965],[-84.3787146344687,33.729150528763],[-84.37674400023,33.7291419998299],[-84.3767816315555,33.7271974317618],[-84.3761398957778,33.7269394641397],[-84.3753519879337,33.7267615546223],[-84.37426103792,33.7264205619686],[-84.3736121722139,33.7264235265693],[-84.3727259994575,33.7267550001013]]},"properties":{"OBJECTID_1":21782,"OBJECTID":30362,"ID":"116427","TYPE":"AC; OVERHEAD","STATUS":"IN SERVICE","NAICS_CODE":"221121","NAICS_DESC":"ELECTRIC BULK POWER TRANSMISSION AND CONTROL","SOURCE":"IMAGERY, EIA 861, EIA 860","SOURCEDATE":1408492800000,"VAL_METHOD":"IMAGERY","VAL_DATE":1514937600000,"OWNER":"GEORGIA POWER CO","VOLTAGE":115,"VOLT_CLASS":"100-161","INFERRED":"Y","SUB_1":"UNKNOWN111360","SUB_2":"UNKNOWN116619","SHAPE__Len":5145.33233758792,"GlobalID":"f2857b88-dd4a-454f-baaf-0efa34d5106e","Shape__Length":5145.332539690875}},{"type":"Feature","id":21862,"geometry":{"type":"LineString","coordinates":[[-84.468375999508,33.8175749998918],[-84.4684021773137,33.818072000069],[-84.4690880302533,33.8191379041115],[-84.4712664636819,33.8226129310243],[-84.4720719677258,33.8241689767011],[-84.4726356111593,33.8250160485704],[-84.4727287269284,33.825154762476],[-84.4728572417096,33.8253911928345],[-84.4728720001313,33.8257419998701]]},"properties":{"OBJECTID_1":21862,"OBJECTID":30495,"ID":"116614","TYPE":"AC; OVERHEAD","STATUS":"IN SERVICE","NAICS_CODE":"221121","NAICS_DESC":"ELECTRIC BULK POWER TRANSMISSION AND CONTROL","SOURCE":"IMAGERY, EIA 861, EIA 860","SOURCEDATE":1408060800000,"VAL_METHOD":"IMAGERY","VAL_DATE":1514937600000,"OWNER":"GEORGIA POWER CO","VOLTAGE":115,"VOLT_CLASS":"100-161","INFERRED":"Y","SUB_1":"UNKNOWN111548","SUB_2":"UNKNOWN111551","SHAPE__Len":1213.34526057208,"GlobalID":"b5a4d482-04c0-433f-adbe-50e401c0b657","Shape__Length":1213.345237081346}},{"type":"Feature","id":21879,"geometry":{"type":"LineString","coordinates":[[-84.2964103000282,33.4845328996383],[-84.2988420996894,33.484575299837],[-84.3021963002642,33.4846387996997],[-84.3037789997424,33.4846646996646],[-84.3066225997063,33.4846905996217],[-84.3089894996816,33.4847163999243],[-84.3121038994828,33.4847446996316],[-84.3144990002697,33.4847728996829],[-84.3175880999193,33.4848105998833],[-84.3195796999385,33.4848457999085],[-84.3229096998995,33.4849003995532],[-84.3258286999568,33.4849195998894],[-84.3282397000259,33.4849102997856],[-84.3310792000788,33.48493270005],[-84.333034800113,33.4849339999514],[-84.3358981998441,33.4849520000256],[-84.3392895996547,33.4849789001086],[-84.3425866997168,33.485003599718],[-84.3444454002779,33.4851046996927],[-84.3460805002833,33.4851945994532],[-84.3493317997406,33.4853787996062],[-84.3521196996653,33.4855833001566],[-84.3549588996809,33.4855787996093],[-84.3585495997205,33.4856326997728],[-84.3615501003302,33.4856683999404],[-84.3636323996504,33.4857492995376],[-84.366002799462,33.4854123001727],[-84.3686668998624,33.4850483994434],[-84.3686937999136,33.4833116995287],[-84.36870982496,33.4826263999221],[-84.3672669500523,33.4820237916718]]},"properties":{"OBJECTID_1":21879,"OBJECTID":31012,"ID":"117254","TYPE":"AC; OVERHEAD","STATUS":"IN SERVICE","NAICS_CODE":"221121","NAICS_DESC":"ELECTRIC BULK POWER TRANSMISSION AND CONTROL","SOURCE":"IMAGERY, OpenStreetMap, EIA 861","SOURCEDATE":1397088000000,"VAL_METHOD":"IMAGERY","VAL_DATE":1493078400000,"OWNER":"GEORGIA POWER CO","VOLTAGE":230,"VOLT_CLASS":"220-287","INFERRED":"Y","SUB_1":"TAP142239","SUB_2":"O'HARA","SHAPE__Len":8557.97947774335,"GlobalID":"82d17123-e25e-40d4-9b82-cf0b462cf041","Shape__Length":8557.97940668157}},{"type":"Feature","id":21899,"geometry":{"type":"LineString","coordinates":[[-84.645532636315,33.5032781216467],[-84.6460939028062,33.5027888631129],[-84.6483253727692,33.5006907095154],[-84.6526158352622,33.4967269666548],[-84.6555155278291,33.4940709761513],[-84.658586000013,33.4912589994524],[-84.6628340000409,33.4872659999693],[-84.6629239995543,33.4871919997029],[-84.6637599996054,33.4864039999304],[-84.6654970000051,33.4847789998655],[-84.6673869996673,33.4829989997575],[-84.6694744580122,33.4811268091691],[-84.6725072521581,33.4783196721167],[-84.6734009267454,33.4773680791217],[-84.675958361189,33.4744735867778],[-84.6770644172725,33.4732436231421],[-84.6798601244553,33.470807480909],[-84.6831933323002,33.4682639811508],[-84.6842272392933,33.4673836556728],[-84.68740026315,33.4644392607723],[-84.6906802440177,33.4613638965913],[-84.6923131027265,33.4598588918763],[-84.7014899179699,33.4513042558291],[-84.7070269168872,33.4461929095741],[-84.7102959508848,33.443165265124],[-84.7135188887319,33.4401069968771],[-84.7152159221863,33.4384707201818],[-84.719137637035,33.4348231975969],[-84.7264035065987,33.4280573230444],[-84.7308671319393,33.4238737606818],[-84.7346198808696,33.4203471364475]]},"properties":{"OBJECTID_1":21899,"OBJECTID":31044,"ID":"117305","TYPE":"AC; OVERHEAD","STATUS":"IN SERVICE","NAICS_CODE":"221121","NAICS_DESC":"ELECTRIC BULK POWER TRANSMISSION AND CONTROL","SOURCE":"IMAGERY, OpenStreetMap, EIA 861, EIA 860","SOURCEDATE":1397088000000,"VAL_METHOD":"IMAGERY","VAL_DATE":1509580800000,"OWNER":"GEORGIA POWER CO","VOLTAGE":115,"VOLT_CLASS":"100-161","INFERRED":"Y","SUB_1":"TAP142605","SUB_2":"TAP142607","SHAPE__Len":14866.023796329,"GlobalID":"54ed9f92-10ca-4654-a6e0-38b63a4d3a8a","Shape__Length":14866.023781749573}},{"type":"Feature","id":22002,"geometry":{"type":"LineString","coordinates":[[-84.3663609999866,33.7911629998848],[-84.3668398119145,33.7914139955297],[-84.3674505046109,33.7913121108062],[-84.3682952722193,33.791868199007],[-84.3691471311285,33.7928568377864],[-84.3706998655038,33.7956066507029],[-84.3731399521236,33.7998841896516],[-84.377060720148,33.8065495548999],[-84.3790535849951,33.8094883816951],[-84.3804497888305,33.8107702047843],[-84.3843505630517,33.8117124837941],[-84.393867062745,33.8113645771403],[-84.394335999493,33.8117750001385]]},"properties":{"OBJECTID_1":22002,"OBJECTID":31211,"ID":"117484","TYPE":"AC; OVERHEAD","STATUS":"IN SERVICE","NAICS_CODE":"221121","NAICS_DESC":"ELECTRIC BULK POWER TRANSMISSION AND CONTROL","SOURCE":"IMAGERY, EIA 861","SOURCEDATE":1408060800000,"VAL_METHOD":"IMAGERY","VAL_DATE":1514937600000,"OWNER":"GEORGIA POWER CO","VOLTAGE":230,"VOLT_CLASS":"220-287","INFERRED":"Y","SUB_1":"SHEPHERD CENTER","SUB_2":"BOULEVARD","SHAPE__Len":4722.08204680302,"GlobalID":"fa132568-72e1-4679-86fe-0bd6d39a4b41","Shape__Length":4722.081961524331}},{"type":"Feature","id":22022,"geometry":{"type":"LineString","coordinates":[[-84.2915815221011,33.7707753500749],[-84.2915784642359,33.7714203846311],[-84.2884268310627,33.772522841744],[-84.2858242383098,33.7733822738152],[-84.2826975657251,33.7743884205524],[-84.2815209999767,33.7746580001272],[-84.2792001036255,33.7747514198432],[-84.2760556012791,33.7749647908722],[-84.2762695126061,33.7758538325992],[-84.2767318000244,33.7768959757486],[-84.2770170160254,33.7776812798201],[-84.277171508288,33.7781257881142],[-84.2762980350147,33.7790049186037],[-84.2742660620117,33.7815584008135],[-84.2724059996046,33.7838779995912],[-84.2714965479059,33.7845429008798],[-84.270899000257,33.7848799995247],[-84.2700409995662,33.7851870000416],[-84.2682470001635,33.7855960001101]]},"properties":{"OBJECTID_1":22022,"OBJECTID":31247,"ID":"117521","TYPE":"AC; OVERHEAD","STATUS":"IN SERVICE","NAICS_CODE":"221121","NAICS_DESC":"ELECTRIC BULK POWER TRANSMISSION AND CONTROL","SOURCE":"IMAGERY, EIA 861, EIA 860","SOURCEDATE":1408492800000,"VAL_METHOD":"IMAGERY","VAL_DATE":1514937600000,"OWNER":"GEORGIA POWER CO","VOLTAGE":115,"VOLT_CLASS":"100-161","INFERRED":"Y","SUB_1":"UNKNOWN116597","SUB_2":"TAP142253","SHAPE__Len":3802.10171755349,"GlobalID":"0ff4aa00-627d-466e-ad57-dcd954065d57","Shape__Length":3802.1016738365124}},{"type":"Feature","id":22035,"geometry":{"type":"LineString","coordinates":[[-84.3331541278238,33.605777486531],[-84.3329305506243,33.6062554161343],[-84.332996210285,33.6068889079104],[-84.3333734308391,33.607020066566],[-84.3331802795783,33.6076642536478],[-84.3326955279898,33.6089726061332],[-84.3318602259296,33.6112375084794],[-84.3314624986341,33.6123102827182],[-84.3308648431874,33.6139072327842],[-84.3303479534713,33.6152608414496],[-84.3298528011883,33.6166639077136],[-84.3290864825554,33.6187237248658],[-84.3282269026264,33.621008572651],[-84.3274171962636,33.6232077178267],[-84.3267661260917,33.6250285150443],[-84.3260216598764,33.6269737860772],[-84.3259584517181,33.6271445509315],[-84.3263587041777,33.6273009914607]]},"properties":{"OBJECTID_1":22035,"OBJECTID":31271,"ID":"117545","TYPE":"AC; OVERHEAD","STATUS":"IN SERVICE","NAICS_CODE":"221121","NAICS_DESC":"ELECTRIC BULK POWER TRANSMISSION AND CONTROL","SOURCE":"IMAGERY, OpenStreetMap, EIA 861, EIA 860","SOURCEDATE":1407801600000,"VAL_METHOD":"IMAGERY","VAL_DATE":1514937600000,"OWNER":"GEORGIA POWER CO","VOLTAGE":115,"VOLT_CLASS":"100-161","INFERRED":"Y","SUB_1":"UNKNOWN116018","SUB_2":"UNKNOWN116351","SHAPE__Len":3062.39798268509,"GlobalID":"5b158c7d-f1d3-4583-99fe-bdb9dd2470f2","Shape__Length":3062.3980497366833}},{"type":"Feature","id":22088,"geometry":{"type":"LineString","coordinates":[[-84.2137904476155,33.9324796671368],[-84.2120255715942,33.9319021100625],[-84.2079902998121,33.9332607000811],[-84.2050258997987,33.9338746998822],[-84.2015646999921,33.9346278998584],[-84.197989900133,33.9354213000338],[-84.1944151999869,33.9360743996938],[-84.1920862996466,33.9327307001402],[-84.1900019000653,33.9297167995876],[-84.1876883995438,33.9263913999858],[-84.1853517000301,33.9231431994546],[-84.1832539002797,33.9200787999441],[-84.1815256000636,33.9176823999272],[-84.1767539001913,33.9179023000802],[-84.1729385997711,33.9180323000766],[-84.1713341996905,33.9157199000939],[-84.1696820002536,33.9133933996791],[-84.1678153001949,33.9106482998423],[-84.1653013001936,33.907009799543],[-84.1632865002839,33.9040091997517],[-84.161335399911,33.9011902999704],[-84.160352599871,33.8990230995264],[-84.1590759995292,33.8960759999383],[-84.156228800016,33.8919451995053],[-84.1540562002468,33.8888099998489],[-84.1521821995798,33.8858305999789],[-84.1505056998162,33.8833669996695],[-84.1488098997487,33.8809074001779],[-84.1471863996885,33.8785437001664],[-84.1456110996332,33.8762638999078],[-84.1446187001961,33.8748279996846],[-84.1420798995065,33.8737982997344],[-84.1391805995034,33.8726207998872],[-84.135988799959,33.8713140995934],[-84.1318396999522,33.8696311994472],[-84.1280489998961,33.8680657001636],[-84.1247490000723,33.86671769958],[-84.1209239996437,33.8653096001711],[-84.1164195997724,33.8638014999715],[-84.1121960994972,33.8624638998469],[-84.1080145999531,33.861107800031],[-84.1047193998279,33.8600235994608],[-84.101713300019,33.8590795001079],[-84.0979701001801,33.8578674000639],[-84.0927189999835,33.8560751000974],[-84.0906090002132,33.8521983997054],[-84.0891395998518,33.8496177995525],[-84.0871933997888,33.8475532997088],[-84.0837296002578,33.8439202996856],[-84.0808873001561,33.8409634000085],[-84.0814798001714,33.8367378000242],[-84.0791915000886,33.8328803001373],[-84.0788494997819,33.8302070998851],[-84.0785026997765,33.8276010997764],[-84.0782312998646,33.8254212001255],[-84.0778015000186,33.8224233995884],[-84.0773978995378,33.8193133001124],[-84.0747219000531,33.8155369999125],[-84.07237579967,33.812182799882],[-84.0689458001499,33.8073074000799],[-84.06698020007,33.8044813000205],[-84.0644509996757,33.8008183996714],[-84.0624035999044,33.7978279999391],[-84.0609775998493,33.795762200111],[-84.0602645998218,33.7927034996051],[-84.0593252000881,33.7891522996413],[-84.0583713994622,33.7855408001061],[-84.0574994003243,33.7823736001586],[-84.0565936999902,33.7791823001221],[-84.0557892002628,33.7762350995068],[-84.0549429998416,33.7730241000097],[-84.0538061001028,33.7690154997952],[-84.0529244997712,33.7654151998374],[-84.0521440003332,33.7622311999852],[-84.0510407999941,33.7575973001056],[-84.0528136997674,33.7530671997493],[-84.0544130998252,33.7489574997021],[-84.0561280995852,33.7446073001634],[-84.0573167000635,33.7414967998164],[-84.0580600002656,33.7394272995957],[-84.0591439003009,33.7367191998366],[-84.0603387000529,33.7336422995498],[-84.0614659994962,33.7307216997714],[-84.063754299579,33.7276165996639],[-84.0660956002636,33.7243630999537],[-84.0685042997473,33.7211095000762],[-84.0703687001189,33.7185129995594],[-84.0731869002181,33.7146861999365],[-84.0754511002985,33.7108030998489],[-84.0771373000705,33.7078815996119],[-84.07907479995,33.7051747000346],[-84.0792121002547,33.7035213996195],[-84.0794096002598,33.7011789999119],[-84.0792894002849,33.6976223998037],[-84.0793837997465,33.6943048999063],[-84.079443899734,33.6912051999219],[-84.0795168995289,33.6872016998272],[-84.0795683999442,33.6835588995787],[-84.0796328001669,33.6802015001259],[-84.0796757001116,33.6774976994904],[-84.08292909983,33.6744759998672],[-84.0854092001074,33.6722166995302],[-84.0879323000426,33.6698168996179],[-84.0870765002242,33.6661492996232],[-84.0864026999807,33.6633756998183],[-84.0857936997103,33.6609156999324],[-84.0848190994922,33.6568457995638],[-84.0864931001427,33.655148799897],[-84.0892572001023,33.6523549001637],[-84.0923346998066,33.6492463997913],[-84.0954464001704,33.646027099963],[-84.0978114002088,33.6436259996678],[-84.0994509998755,33.6419643996395],[-84.1035972001205,33.6415177994765],[-84.10708090003,33.6411459001373],[-84.1114107994623,33.6406885996547],[-84.1147675000485,33.6403297995186],[-84.1198828001271,33.6397797994439],[-84.1233032999631,33.6394117995428],[-84.1233481905744,33.6377461775125],[-84.1256145942222,33.6377642459837],[-84.1264480295832,33.6380134160893]]},"properties":{"OBJECTID_1":22088,"OBJECTID":31356,"ID":"117642","TYPE":"AC; OVERHEAD","STATUS":"IN SERVICE","NAICS_CODE":"221121","NAICS_DESC":"ELECTRIC BULK POWER TRANSMISSION AND CONTROL","SOURCE":"IMAGERY, OpenStreetMap, http://www.psc.state.fl.us/publications/pdf/electricgas/transmissionreport2007.pdf, EIA 861","SOURCEDATE":1397088000000,"VAL_METHOD":"IMAGERY","VAL_DATE":1443744000000,"OWNER":"GEORGIA POWER CO","VOLTAGE":500,"VOLT_CLASS":"500","INFERRED":"Y","SUB_1":"NORCROSS","SUB_2":"KLONDIKE","SHAPE__Len":53661.1007128871,"GlobalID":"aeef79ce-2c90-43b9-a8e3-1d281004353d","Shape__Length":53661.10080360179}},{"type":"Feature","id":22154,"geometry":{"type":"LineString","coordinates":[[-84.0625227497487,33.8818837387173],[-84.0621234477066,33.8815995987076],[-84.061467452072,33.8819823974655],[-84.0599510563466,33.8827914007143],[-84.0570371021263,33.8841607697547],[-84.0585012087157,33.8864614169867],[-84.0552164757602,33.8881661434644],[-84.0534766600404,33.8894565060832],[-84.0509097187261,33.8905653329919],[-84.049626248069,33.8911059297358],[-84.0498924503287,33.891536037705],[-84.0430995626267,33.8947558589292],[-84.0392729191794,33.8965945749956],[-84.0385408658847,33.8971745911737],[-84.0360167068359,33.8983701206953],[-84.0352561320309,33.8985989667279],[-84.0305215523428,33.9008242598957],[-84.0277216850619,33.9021578290499],[-84.0321805556196,33.9086636148612],[-84.0336161415971,33.9103205576161],[-84.0317147036863,33.9111726877648]]},"properties":{"OBJECTID_1":22154,"OBJECTID":31447,"ID":"117764","TYPE":"AC; OVERHEAD","STATUS":"IN SERVICE","NAICS_CODE":"221121","NAICS_DESC":"ELECTRIC BULK POWER TRANSMISSION AND CONTROL","SOURCE":"IMAGERY, EIA 861, EIA 860","SOURCEDATE":1407283200000,"VAL_METHOD":"IMAGERY","VAL_DATE":1514851200000,"OWNER":"GEORGIA POWER CO","VOLTAGE":115,"VOLT_CLASS":"100-161","INFERRED":"Y","SUB_1":"UNKNOWN116171","SUB_2":"TAP142232","SHAPE__Len":6680.69928308149,"GlobalID":"a6deb1c4-b8ac-457e-899a-1ea5ab478b3f","Shape__Length":6680.699206800007}},{"type":"Feature","id":22156,"geometry":{"type":"LineString","coordinates":[[-84.0408746827047,34.0341222194894],[-84.0404943953022,34.0336494986618],[-84.0374704459686,34.0301489627462],[-84.0356733231236,34.0280567498088],[-84.0324219212584,34.0241328800587],[-84.0297767357845,34.0210895567679],[-84.0274319541282,34.0183663485059],[-84.0261259177912,34.0171595980618],[-84.0256113996274,34.0164191987215],[-84.022410935832,34.0125905827478],[-84.0187387756641,34.0083999368493],[-84.0160647030657,34.005196023641],[-84.0135498325969,34.002222468066],[-84.0120302110212,34.0004514708482],[-84.0102181276335,33.9982956174824],[-84.0082955703304,33.9955483785639],[-84.0070043499073,33.9936202265659],[-84.0061235302117,33.9922210997001],[-84.0051062600176,33.9922013936387],[-84.0030997964737,33.9899143348242],[-84.0018880769533,33.9885221379843],[-84.0011607766448,33.9878215436996],[-84.0010966027975,33.9872214528964],[-84.0007400839191,33.9863286981004],[-84.0009765752991,33.986057716471]]},"properties":{"OBJECTID_1":22156,"OBJECTID":31450,"ID":"117767","TYPE":"AC; OVERHEAD","STATUS":"IN SERVICE","NAICS_CODE":"221121","NAICS_DESC":"ELECTRIC BULK POWER TRANSMISSION AND CONTROL","SOURCE":"IMAGERY, EIA 861, EIA 860","SOURCEDATE":1407110400000,"VAL_METHOD":"IMAGERY","VAL_DATE":1514851200000,"OWNER":"GEORGIA POWER CO","VOLTAGE":115,"VOLT_CLASS":"100-161","INFERRED":"Y","SUB_1":"UNKNOWN116106","SUB_2":"UNKNOWN116107","SHAPE__Len":7935.24003097364,"GlobalID":"12815d43-c2a4-4462-aab1-547bc9ff0826","Shape__Length":7935.240065334853}},{"type":"Feature","id":22175,"geometry":{"type":"LineString","coordinates":[[-84.0693906719297,34.0660348219819],[-84.0704305455329,34.0652455698816],[-84.0707196512391,34.0646209619444],[-84.0737222215673,34.0615991265133],[-84.077522397053,34.0579665080652],[-84.0850449036153,34.0507415950274],[-84.0888128673116,34.0471670359465],[-84.0902803434817,34.0495366105273],[-84.090696886889,34.0501244645899],[-84.092310129087,34.0497374796816],[-84.0957945126144,34.0507654480929],[-84.0969638981287,34.0503046357208],[-84.0997162292597,34.0503203894842],[-84.1012041034749,34.0505251955849],[-84.1032529028215,34.050615782798],[-84.1058483656461,34.0506787998357],[-84.1089191881729,34.0507300004465],[-84.1099744858495,34.0507221236032],[-84.1127173101099,34.0507260616528],[-84.1152985121793,34.0507615085565],[-84.1163574354564,34.0512630905181],[-84.1187817701176,34.0517199589332],[-84.1219299995742,34.0524429996081],[-84.1232846707007,34.0524319746318],[-84.1241507939583,34.053255267658],[-84.127096566506,34.0543260248739],[-84.1284861722156,34.0549351678957],[-84.1298043941995,34.0557394247965],[-84.1308745446211,34.0564455101075],[-84.1318745249409,34.0569719859257],[-84.1332979998316,34.0572160001339],[-84.1344977025885,34.0572710578859],[-84.135110367087,34.0571785539356],[-84.1350804819342,34.0567628549971],[-84.1350257853131,34.055299065458],[-84.1343127457597,34.055299065458],[-84.1344019996714,34.0549710000521]]},"properties":{"OBJECTID_1":22175,"OBJECTID":31476,"ID":"117801","TYPE":"AC; OVERHEAD","STATUS":"IN SERVICE","NAICS_CODE":"221121","NAICS_DESC":"ELECTRIC BULK POWER TRANSMISSION AND CONTROL","SOURCE":"IMAGERY, OpenStreetMap, EIA 861","SOURCEDATE":1407456000000,"VAL_METHOD":"IMAGERY","VAL_DATE":1553644800000,"OWNER":"GEORGIA POWER CO","VOLTAGE":230,"VOLT_CLASS":"220-287","INFERRED":"Y","SUB_1":"UNKNOWN111512","SUB_2":"UNKNOWN116232","SHAPE__Len":9389.98748664782,"GlobalID":"98a9784b-070b-47c3-b227-572beb026fe1","Shape__Length":9389.987559013603}},{"type":"Feature","id":22317,"geometry":{"type":"LineString","coordinates":[[-84.407587999565,33.7011770000117],[-84.4079687765493,33.7012692965525],[-84.4079830382027,33.7035590461821],[-84.4079259951822,33.7053623274748],[-84.40787608209,33.7072070950805],[-84.40787608209,33.7111159708715],[-84.4077762559058,33.7157245375454],[-84.4077833867325,33.7167268828739],[-84.4077691259774,33.7202320345562],[-84.4078119082428,33.7256585097739],[-84.4079188634572,33.7292996900728],[-84.4080199302148,33.7329105424505],[-84.4080258195698,33.7348797660577],[-84.4082682533054,33.7360004809888],[-84.4072272154856,33.7359945517021],[-84.4065569590959,33.735988621668],[-84.4062990770324,33.7357425398299]]},"properties":{"OBJECTID_1":22317,"OBJECTID":31694,"ID":"118071","TYPE":"AC; OVERHEAD","STATUS":"IN SERVICE","NAICS_CODE":"221121","NAICS_DESC":"ELECTRIC BULK POWER TRANSMISSION AND CONTROL","SOURCE":"IMAGERY, EIA 861, EIA 860","SOURCEDATE":1408579200000,"VAL_METHOD":"IMAGERY","VAL_DATE":1514937600000,"OWNER":"GEORGIA POWER CO","VOLTAGE":115,"VOLT_CLASS":"100-161","INFERRED":"Y","SUB_1":"UNKNOWN113572","SUB_2":"UNKNOWN116619","SHAPE__Len":4929.51752818319,"GlobalID":"24546edd-1ea0-4f36-b2b4-4b13e252c249","Shape__Length":4929.517594989255}},{"type":"Feature","id":22403,"geometry":{"type":"LineString","coordinates":[[-84.2191823784959,33.8516063359361],[-84.2188743911007,33.8515380699175],[-84.2185939280859,33.8510445961088],[-84.2184370597794,33.8503576750213],[-84.218223147554,33.8498365591734],[-84.2175671519195,33.848131065611],[-84.2172011252721,33.847432276456],[-84.2169289995214,33.8466479996332],[-84.216405190981,33.8456321578728],[-84.2159899995381,33.845005999889],[-84.2154420002653,33.8443819995106],[-84.2146215240006,33.8437433627247],[-84.2137405075739,33.8429551588321],[-84.2130987726945,33.8423866187227],[-84.2121290395486,33.8413600790933],[-84.2117392452755,33.8407599424407],[-84.2110784948582,33.8406099081787],[-84.2097474889494,33.840621753018],[-84.2084972936871,33.8407638909625],[-84.2069839998443,33.8412080000062],[-84.2043045804733,33.8412245796803],[-84.2032060001696,33.8413179998648],[-84.2007459996967,33.8413010001401],[-84.2006889997952,33.8374129995084],[-84.2009248165405,33.8367089099846],[-84.2007822098874,33.8359981826847],[-84.200777456003,33.8353150901468],[-84.2005017477709,33.8345688134855],[-84.2001167055856,33.8341028819864],[-84.1989045396025,33.8326458395665],[-84.1977930002025,33.8314289998721],[-84.1970879996726,33.8310640000299],[-84.1966039999739,33.8303519997514],[-84.196137533593,33.8292866690483],[-84.1957347892067,33.8277416079363],[-84.1956625880141,33.8259486565812],[-84.196940544812,33.8259892030972],[-84.1967028649609,33.8250848857762],[-84.1965364888854,33.8246899848943],[-84.1964606252613,33.824175664819]]},"properties":{"OBJECTID_1":22403,"OBJECTID":31840,"ID":"118278","TYPE":"AC; OVERHEAD","STATUS":"IN SERVICE","NAICS_CODE":"221121","NAICS_DESC":"ELECTRIC BULK POWER TRANSMISSION AND CONTROL","SOURCE":"IMAGERY, EIA 861, EIA 860","SOURCEDATE":1408406400000,"VAL_METHOD":"IMAGERY","VAL_DATE":1514937600000,"OWNER":"GEORGIA POWER CO","VOLTAGE":115,"VOLT_CLASS":"100-161","INFERRED":"Y","SUB_1":"UNKNOWN116181","SUB_2":"UNKNOWN116242","SHAPE__Len":5581.46904895057,"GlobalID":"bdd75931-a7ae-4398-831a-aebbc2c02bed","Shape__Length":5581.469171951213}},{"type":"Feature","id":22476,"geometry":{"type":"LineString","coordinates":[[-84.597968227223,33.8865273425726],[-84.5973362687088,33.8865426046919],[-84.5973378057263,33.8869945690525],[-84.5925119419339,33.8903399604839],[-84.5824010431867,33.8972648937835],[-84.5806485046276,33.8984587249939],[-84.5791748911675,33.899479646678],[-84.5774160608081,33.9007126270194]]},"properties":{"OBJECTID_1":22476,"OBJECTID":31963,"ID":"118396","TYPE":"AC; OVERHEAD","STATUS":"IN SERVICE","NAICS_CODE":"221121","NAICS_DESC":"ELECTRIC BULK POWER TRANSMISSION AND CONTROL","SOURCE":"IMAGERY, EIA 861, EIA 860","SOURCEDATE":1408060800000,"VAL_METHOD":"IMAGERY","VAL_DATE":1514937600000,"OWNER":"GEORGIA POWER CO","VOLTAGE":115,"VOLT_CLASS":"100-161","INFERRED":"Y","SUB_1":"UNKNOWN116286","SUB_2":"UNKNOWN116287","SHAPE__Len":3012.43460638012,"GlobalID":"80713633-c2b1-4e95-b1a2-fbac54b300c7","Shape__Length":3012.434702492189}},{"type":"Feature","id":22682,"geometry":{"type":"LineString","coordinates":[[-84.0216388697779,34.1135427009612],[-84.0228218468025,34.1124490990547],[-84.0257204667809,34.1097501738775],[-84.0268413765076,34.1085507479828],[-84.0288093975472,34.1064449991152],[-84.0308201280887,34.1043038499618],[-84.0339809707902,34.100901375755],[-84.0359418277654,34.0987167447142],[-84.0384377240187,34.0960298840945],[-84.0420389855511,34.0921716330395],[-84.0455218338577,34.0886474288883],[-84.0492418113482,34.0851138101452],[-84.0516304083325,34.0827910568833],[-84.0582974258935,34.0763831461494],[-84.0610069792507,34.0737844448579],[-84.0665095304718,34.0684979525603],[-84.0689615943292,34.0662310516695],[-84.0693906719297,34.0660348219819]]},"properties":{"OBJECTID_1":22682,"OBJECTID":32260,"ID":"118750","TYPE":"AC; OVERHEAD","STATUS":"IN SERVICE","NAICS_CODE":"221121","NAICS_DESC":"ELECTRIC BULK POWER TRANSMISSION AND CONTROL","SOURCE":"IMAGERY, OpenStreetMap, EIA 861","SOURCEDATE":1407456000000,"VAL_METHOD":"IMAGERY","VAL_DATE":1493078400000,"OWNER":"GEORGIA POWER CO","VOLTAGE":115,"VOLT_CLASS":"100-161","INFERRED":"Y","SUB_1":"UNKNOWN116232","SUB_2":"TAP155236","SHAPE__Len":8316.11745771121,"GlobalID":"6464994c-4bae-437c-ba83-762be6606be4","Shape__Length":8316.117470415424}},{"type":"Feature","id":22972,"geometry":{"type":"LineString","coordinates":[[-84.2108360889703,33.9347553454989],[-84.2106584228684,33.9350167956495],[-84.2086342095128,33.9343154318876],[-84.2107847430653,33.9338546516148],[-84.2117148667953,33.9336398458985],[-84.212808204531,33.9329981205901],[-84.2137904476155,33.9324796671368]]},"properties":{"OBJECTID_1":22972,"OBJECTID":30735,"ID":"116909","TYPE":"AC; OVERHEAD","STATUS":"IN SERVICE","NAICS_CODE":"221121","NAICS_DESC":"ELECTRIC BULK POWER TRANSMISSION AND CONTROL","SOURCE":"IMAGERY, EIA 861, EIA 860","SOURCEDATE":1407369600000,"VAL_METHOD":"IMAGERY","VAL_DATE":1514937600000,"OWNER":"GEORGIA POWER CO","VOLTAGE":115,"VOLT_CLASS":"100-161","INFERRED":"Y","SUB_1":"UNKNOWN116080","SUB_2":"NORCROSS","SHAPE__Len":917.872502421772,"GlobalID":"32558fa4-70e3-4fab-9e20-cce0760dca4c","Shape__Length":917.872547787422}},{"type":"Feature","id":23033,"geometry":{"type":"LineString","coordinates":[[-84.2964103000282,33.4845328996383],[-84.296784667533,33.4859018981535],[-84.2970310906868,33.4867037028961],[-84.2974722865604,33.4881385880436],[-84.2979295856339,33.4896317867483],[-84.298445184471,33.4913088827901],[-84.2989917886602,33.4930948956137],[-84.2994867846362,33.4947001818913],[-84.2999301607211,33.4961535016217],[-84.3003770662868,33.4976298179479],[-84.3007827212146,33.4989543989633],[-84.3011987076664,33.5002729557554],[-84.3017245455011,33.5020069536828],[-84.302082068696,33.5031937268106],[-84.3024498838891,33.5043861779782],[-84.3030240106619,33.5062693649472],[-84.3034640225561,33.5076682040575],[-84.3039348673257,33.5091985195856],[-84.3043748899997,33.5106574987735],[-84.3048355056532,33.512127846959],[-84.305296187782,33.513638187867],[-84.3061783819,33.5164917689883],[-84.306751272591,33.5183783398164],[-84.3072790022777,33.5200965345213],[-84.3077147831069,33.5215005721748],[-84.3082224516166,33.5231772686895],[-84.3087421647378,33.524891810902],[-84.3091504526276,33.52622707208],[-84.3095515495037,33.5275623628145],[-84.3101810735834,33.5296251428133],[-84.3107304778213,33.5314204545382],[-84.3111944998864,33.5329854996519],[-84.3118628994584,33.5333258998195],[-84.312166101528,33.5345208215362],[-84.312152747173,33.5350270067166]]},"properties":{"OBJECTID_1":23033,"OBJECTID":30840,"ID":"117029","TYPE":"AC; OVERHEAD","STATUS":"IN SERVICE","NAICS_CODE":"221121","NAICS_DESC":"ELECTRIC BULK POWER TRANSMISSION AND CONTROL","SOURCE":"IMAGERY, OpenStreetMap, EIA 861","SOURCEDATE":1397088000000,"VAL_METHOD":"IMAGERY","VAL_DATE":1493078400000,"OWNER":"GEORGIA POWER CO","VOLTAGE":230,"VOLT_CLASS":"220-287","INFERRED":"Y","SUB_1":"UNKNOWN116019","SUB_2":"TAP142239","SHAPE__Len":6992.91038725803,"GlobalID":"dcc9145c-5f50-4857-bf65-b8b8ce9641b1","Shape__Length":6992.910344424332}},{"type":"Feature","id":23190,"geometry":{"type":"LineString","coordinates":[[-83.9737434404869,33.9110853715114],[-83.9743059996538,33.9119220001128],[-83.9779460001345,33.9114519997228],[-83.9902359997586,33.917486999491],[-83.9932397037606,33.918653704625],[-83.995895894495,33.9226324308717],[-83.9965850002343,33.9236399997962],[-83.9980070000914,33.9244209997569],[-83.9971227955437,33.9273378657048],[-83.998054501207,33.9276889061213],[-83.999699244627,33.9298069469747],[-84.0000224890089,33.9303315188581]]},"properties":{"OBJECTID_1":23190,"OBJECTID":34595,"ID":"121500","TYPE":"AC; OVERHEAD","STATUS":"IN SERVICE","NAICS_CODE":"221121","NAICS_DESC":"ELECTRIC BULK POWER TRANSMISSION AND CONTROL","SOURCE":"IMAGERY, EIA 861, EIA 860","SOURCEDATE":1407283200000,"VAL_METHOD":"IMAGERY","VAL_DATE":1514851200000,"OWNER":"GEORGIA POWER CO","VOLTAGE":115,"VOLT_CLASS":"100-161","INFERRED":"Y","SUB_1":"UNKNOWN116173","SUB_2":"TAP142235","SHAPE__Len":4387.39560429767,"GlobalID":"658afbbe-60dc-4075-92db-99b27f9993f1","Shape__Length":4387.395783269784}},{"type":"Feature","id":23203,"geometry":{"type":"LineString","coordinates":[[-84.042453279577,33.6973950359696],[-84.040971699857,33.6982775000939],[-84.0396830998196,33.6993440001698],[-84.0351777001235,33.7021143001469],[-84.0310484995969,33.7046804996364],[-84.0276554001737,33.7068153998266],[-84.0233136995734,33.7095147996128],[-84.0216574002256,33.7105445994787],[-84.0200348999903,33.7139291994965],[-84.0184784995903,33.717124399999],[-84.0167979996288,33.7206229998889],[-84.0150204995828,33.7242634994772],[-84.0132913001531,33.7279196999218],[-84.011944599778,33.7301332995846],[-84.010432100046,33.7327019996563],[-84.0085207995317,33.7360136999275],[-84.0066517997859,33.7392376997775],[-84.0044113996706,33.7430663000791],[-84.0024872999602,33.7463749000265],[-84.0012841997749,33.7484471001036],[-84.0009141001661,33.7491562996233]]},"properties":{"OBJECTID_1":23203,"OBJECTID":34621,"ID":"121532","TYPE":"AC; OVERHEAD","STATUS":"IN SERVICE","NAICS_CODE":"221121","NAICS_DESC":"ELECTRIC BULK POWER TRANSMISSION AND CONTROL","SOURCE":"IMAGERY, OpenStreetMap, EIA 861, EIA 860","SOURCEDATE":1397088000000,"VAL_METHOD":"IMAGERY","VAL_DATE":1514937600000,"OWNER":"GEORGIA POWER CO","VOLTAGE":230,"VOLT_CLASS":"220-287","INFERRED":"Y","SUB_1":"UNKNOWN115870","SUB_2":"UNKNOWN115871","SHAPE__Len":8574.00878905709,"GlobalID":"93436bfb-3858-4788-a7d3-be30c505f8ad","Shape__Length":8574.008715596206}},{"type":"Feature","id":23273,"geometry":{"type":"LineString","coordinates":[[-84.0009765752991,33.986057716471],[-84.001324775778,33.9859384837738],[-84.0021162499338,33.987094339082],[-84.0012891243393,33.987735816595],[-84.0019558162139,33.9884837088174],[-84.003157733318,33.9898790747761],[-84.0051918245484,33.9920555665573],[-84.0062233545993,33.9920713318807],[-84.0070680898683,33.9935926625154],[-84.0083580715146,33.9955189651144],[-84.0102787935596,33.9982635819663],[-84.0120889509594,34.0004171446002],[-84.0132047447805,34.0017145415644],[-84.0147085209728,34.0009722380669],[-84.0150365201376,34.0008185438186]]},"properties":{"OBJECTID_1":23273,"OBJECTID":34728,"ID":"121669","TYPE":"AC; OVERHEAD","STATUS":"IN SERVICE","NAICS_CODE":"221121","NAICS_DESC":"ELECTRIC BULK POWER TRANSMISSION AND CONTROL","SOURCE":"IMAGERY, EIA 861","SOURCEDATE":1407110400000,"VAL_METHOD":"IMAGERY","VAL_DATE":1493078400000,"OWNER":"GEORGIA POWER CO","VOLTAGE":230,"VOLT_CLASS":"220-287","INFERRED":"Y","SUB_1":"UNKNOWN116106","SUB_2":"UNKNOWN116108","SHAPE__Len":2935.99177287069,"GlobalID":"aa22b618-902c-4fe9-8b75-246c98fe9bc1","Shape__Length":2935.9916097258747}},{"type":"Feature","id":23304,"geometry":{"type":"LineString","coordinates":[[-84.327598604747,33.7889418106741],[-84.3272242597001,33.7891837896607],[-84.3277233870281,33.7897912015658],[-84.3281389997809,33.7906340000507],[-84.3292267104696,33.7908726811539],[-84.3304219998035,33.790630999595],[-84.33197699973,33.7903060001167],[-84.3329420975689,33.7893241175395],[-84.3344759996627,33.7900639996648],[-84.3381849997403,33.791086000077],[-84.3387601739488,33.7899789709647],[-84.3396109997954,33.7880849999581],[-84.3401005591674,33.7870405291726],[-84.3403382390185,33.7865664359627],[-84.3410059325147,33.7856078017997],[-84.3431340001003,33.782862999464],[-84.3451140001742,33.7793789997611],[-84.3465209891829,33.7780509949618],[-84.3477084847334,33.7767810350779],[-84.3489880001083,33.7751699999113],[-84.349012533997,33.7750824691542],[-84.3490569997053,33.7689379999098],[-84.3489414664783,33.7675305988474],[-84.349045681831,33.7654083749456],[-84.3492919998819,33.7652319999579],[-84.349327000042,33.7593860000454],[-84.3496469997092,33.7588559996001]]},"properties":{"OBJECTID_1":23304,"OBJECTID":34779,"ID":"121727","TYPE":"AC; OVERHEAD","STATUS":"IN SERVICE","NAICS_CODE":"221121","NAICS_DESC":"ELECTRIC BULK POWER TRANSMISSION AND CONTROL","SOURCE":"IMAGERY, EIA 861, EIA 860","SOURCEDATE":1401840000000,"VAL_METHOD":"IMAGERY","VAL_DATE":1514937600000,"OWNER":"GEORGIA POWER CO","VOLTAGE":115,"VOLT_CLASS":"100-161","INFERRED":"Y","SUB_1":"UNKNOWN111358","SUB_2":"UNKNOWN116572","SHAPE__Len":6186.76624065921,"GlobalID":"92d776c1-0ec5-4567-af8d-9fd505867d04","Shape__Length":6186.766454903661}},{"type":"Feature","id":23310,"geometry":{"type":"LineString","coordinates":[[-84.0180102572401,34.0558824565053],[-84.0166851927887,34.0557200006636],[-84.0149620147663,34.05371143317],[-84.0135656456409,34.0520868221124],[-84.0103747956157,34.0528006701093],[-84.0070591642076,34.0482762468739],[-84.0063045308599,34.0486602656765],[-84.0052527976983,34.0489113538959],[-84.0033157083489,34.0490245898666],[-83.9995068910701,34.0480645429798],[-83.998764140637,34.04751804992],[-83.9973974832896,34.0468977021179],[-83.9958466228,34.0462724260267],[-83.9944621374875,34.0457111508119],[-83.9930301178217,34.045317271041],[-83.992061573147,34.0459080900113],[-83.9910752023037,34.0467450757617],[-83.9898452101521,34.0476952909965],[-83.989857093965,34.047911918724],[-83.9895778203196,34.0483205565955]]},"properties":{"OBJECTID_1":23310,"OBJECTID":34791,"ID":"121741","TYPE":"AC; OVERHEAD","STATUS":"IN SERVICE","NAICS_CODE":"221121","NAICS_DESC":"ELECTRIC BULK POWER TRANSMISSION AND CONTROL","SOURCE":"IMAGERY, EIA 861, EIA 860","SOURCEDATE":1407456000000,"VAL_METHOD":"IMAGERY","VAL_DATE":1514851200000,"OWNER":"GEORGIA POWER CO","VOLTAGE":115,"VOLT_CLASS":"100-161","INFERRED":"Y","SUB_1":"UNKNOWN116227","SUB_2":"UNKNOWN116228","SHAPE__Len":4093.11623027111,"GlobalID":"a341ba19-4aca-4a5c-9180-b0a179b8caa9","Shape__Length":4093.1161423174217}},{"type":"Feature","id":23311,"geometry":{"type":"LineString","coordinates":[[-84.2630331746612,33.8924373959426],[-84.2649619599841,33.8908363241679],[-84.2684857615862,33.8879062266738],[-84.2694126486862,33.8871170575137],[-84.2705850642181,33.8861500460959],[-84.2709672506591,33.8862029297929]]},"properties":{"OBJECTID_1":23311,"OBJECTID":34792,"ID":"121742","TYPE":"AC; OVERHEAD","STATUS":"IN SERVICE","NAICS_CODE":"221121","NAICS_DESC":"ELECTRIC BULK POWER TRANSMISSION AND CONTROL","SOURCE":"IMAGERY, EIA 861, EIA 860","SOURCEDATE":1408406400000,"VAL_METHOD":"IMAGERY","VAL_DATE":1514937600000,"OWNER":"GEORGIA POWER CO","VOLTAGE":115,"VOLT_CLASS":"100-161","INFERRED":"Y","SUB_1":"UNKNOWN116567","SUB_2":"TAP142250","SHAPE__Len":1233.7801784423,"GlobalID":"a2a8716c-f649-46e1-ae55-099d02f28c10","Shape__Length":1233.780140156171}},{"type":"Feature","id":23392,"geometry":{"type":"LineString","coordinates":[[-84.597968227223,33.8865273425726],[-84.5984377200281,33.8854758605413],[-84.5993101000517,33.8854745994954],[-84.605749850134,33.8810133328893],[-84.6080387880207,33.8794024610217],[-84.6079298178851,33.8731682125203],[-84.6120226626938,33.8731445318661],[-84.6143115188338,33.8678280474979],[-84.6155236848169,33.8649150895403],[-84.6157019447053,33.8601961246596],[-84.6157019447053,33.8554117625578],[-84.6198732241164,33.8516101347495],[-84.6245650215391,33.8475833044425],[-84.6311891562233,33.8474471001611],[-84.6313246338463,33.8446578131134],[-84.6315884582655,33.8386880744909],[-84.631745326572,33.8354779851026],[-84.637185815885,33.8355016754561],[-84.6408579679681,33.8332154496041],[-84.6454356793497,33.8332154496041],[-84.6454713307884,33.8300643854625],[-84.6481380982869,33.8284295764689],[-84.6495784372505,33.8246741378358],[-84.6510116462858,33.8209481520569],[-84.6521382477381,33.8180513678181],[-84.6610084545003,33.8221625206881],[-84.6686878868612,33.8257225970701],[-84.6710052636131,33.8267947369609],[-84.6764314921711,33.8234834985556],[-84.679704342212,33.8217952506074],[-84.6843248358591,33.8194197995617],[-84.687831473351,33.8183506017642],[-84.6996195267337,33.8145620635543],[-84.7038050668999,33.8128795634635],[-84.7113775431481,33.8098462410149],[-84.7151138681801,33.8082465934848],[-84.7156700385287,33.8005974991074],[-84.729346129653,33.7996731619786],[-84.7342946215665,33.7957090655729],[-84.7386085085289,33.7922188508704],[-84.7428582225424,33.7887403451537],[-84.7454679461221,33.7866128761621],[-84.7517426909581,33.7815339959108],[-84.7547873680186,33.7789499928592],[-84.7585878668978,33.7756487566171],[-84.7635149681277,33.7713990429356],[-84.7671799884857,33.7682160637001],[-84.7698396251575,33.7659695324755],[-84.7721641327362,33.7628930535308],[-84.7743840620427,33.7599686154911],[-84.7767323381455,33.7570282711166],[-84.7790045556897,33.7569215625901],[-84.7794656537385,33.7569097061619],[-84.7799267526857,33.757107312835]]},"properties":{"OBJECTID_1":23392,"OBJECTID":34940,"ID":"121903","TYPE":"AC; OVERHEAD","STATUS":"IN SERVICE","NAICS_CODE":"221121","NAICS_DESC":"ELECTRIC BULK POWER TRANSMISSION AND CONTROL","SOURCE":"IMAGERY, OpenStreetMap, EIA 861, EIA 860","SOURCEDATE":1397088000000,"VAL_METHOD":"IMAGERY","VAL_DATE":1512950400000,"OWNER":"GEORGIA POWER CO","VOLTAGE":230,"VOLT_CLASS":"220-287","INFERRED":"Y","SUB_1":"UNKNOWN115642","SUB_2":"UNKNOWN116287","SHAPE__Len":31563.2714519783,"GlobalID":"53a53d8f-2c90-440e-b52d-afd70bd4020e","Shape__Length":31563.271601503242}},{"type":"Feature","id":23480,"geometry":{"type":"LineString","coordinates":[[-84.3311079856938,33.476612525109],[-84.3312044045682,33.4768151116807],[-84.331189499721,33.4772792996677],[-84.3290636994832,33.4772079995511],[-84.326327500298,33.4771267997536],[-84.3242539999761,33.4770712998067],[-84.3227243999143,33.4765442995516],[-84.3203812001912,33.4757358998221],[-84.3189614003082,33.4759825000977],[-84.31690919994,33.476333099926],[-84.313589500062,33.4769134997836],[-84.3114104997965,33.4768446997557],[-84.3083101999519,33.476808199453],[-84.3061940000096,33.4767717995402],[-84.3032884998344,33.47672700003],[-84.3006236996463,33.4766808997222],[-84.2975787000907,33.4766233996223],[-84.2949342997444,33.4765816998688],[-84.2939698001834,33.4765684995383]]},"properties":{"OBJECTID_1":23480,"OBJECTID":34104,"ID":"120894","TYPE":"AC; OVERHEAD","STATUS":"IN SERVICE","NAICS_CODE":"221121","NAICS_DESC":"ELECTRIC BULK POWER TRANSMISSION AND CONTROL","SOURCE":"IMAGERY, OpenStreetMap, EIA 861, EIA 860","SOURCEDATE":1397088000000,"VAL_METHOD":"IMAGERY","VAL_DATE":1513296000000,"OWNER":"GEORGIA POWER CO","VOLTAGE":230,"VOLT_CLASS":"220-287","INFERRED":"Y","SUB_1":"UNKNOWN116244","SUB_2":"TAP142221","SHAPE__Len":4286.92272028744,"GlobalID":"9fc7830d-4ee7-4a8d-9973-434b5eb7fa5f","Shape__Length":4286.922608047283}},{"type":"Feature","id":23508,"geometry":{"type":"LineString","coordinates":[[-84.5682975498199,33.994173061561],[-84.5716552735872,33.9947622964721],[-84.5724069002736,33.9947168996993],[-84.5755921996087,33.9945355000514],[-84.5804242932175,33.9943335260283],[-84.5835700487137,33.9941312774428],[-84.5863233087028,33.9939381006665],[-84.5900855555206,33.9937061674479],[-84.5928513766523,33.9935003475709],[-84.5950470765989,33.9927834385144],[-84.5998021486553,33.9912736268304],[-84.6035988189148,33.9921307197613],[-84.6061471597128,33.9926640305429],[-84.6103949701962,33.9935351480682],[-84.6132801639544,33.9942568196565],[-84.6165918831994,33.9950646219897],[-84.6184408118868,33.9955203161388],[-84.6219232388836,33.995469650475],[-84.6265156071773,33.9954476505091],[-84.6299565347029,33.9953984400972],[-84.6325726435076,33.9953712549707],[-84.6352414950976,33.9953616570199],[-84.6390865584998,33.9953349827993],[-84.6431992713476,33.995441550785],[-84.6447229910376,33.9954906487106],[-84.6489648088597,33.9956031747066],[-84.6534597907936,33.9957127795472],[-84.6564412031018,33.995787680017],[-84.6605657207108,33.9958878677081],[-84.6648889600337,33.9960125471145],[-84.668524699805,33.9961221566403],[-84.6719348537439,33.9962115760482],[-84.6761574071948,33.9963143379073],[-84.6788635101229,33.9973223870383],[-84.6810658019072,33.998152931804],[-84.6833601449569,33.9990171026635],[-84.6860687730493,33.9992138769207],[-84.6885565988382,33.9994204120587],[-84.6937338817731,33.9998277738964],[-84.6964951897687,34.0000401589388],[-84.7010371778464,34.0004503850272],[-84.7051141134915,34.0007898210692],[-84.7090881318493,34.0011351904858],[-84.7135409702199,34.0014775177893],[-84.7169470952147,34.0017991248232],[-84.7208253702313,34.0021268239261],[-84.7259163178808,34.002560710696],[-84.7294983330082,34.0028676457826],[-84.7351867582381,34.0033339816548],[-84.7391495359768,34.0036975547161],[-84.7398632995723,34.0037630410437],[-84.7432054348745,34.0037097276583],[-84.746944701889,34.0036684166502],[-84.7498649056888,34.0035978558261],[-84.7544284991474,34.0038951186865],[-84.7577520087804,34.0041048334866],[-84.7615091971849,34.0042968775421],[-84.7651311639863,34.004391408148],[-84.7682541022743,34.0045228994815],[-84.7718055531225,34.004685784768],[-84.7748080300259,34.0047693277073],[-84.7775315279312,34.0048611180564],[-84.7824334969944,34.005015791708],[-84.7851092000351,34.0053407997493],[-84.7883766997102,34.0078755998097],[-84.7901432995985,34.0093059998025],[-84.7934472996202,34.0119049001453],[-84.7965787000382,34.0144360001292],[-84.7992088998164,34.0165459000847],[-84.8021315003214,34.0188679001596],[-84.8046136002486,34.0208633994887],[-84.808578400095,34.0240357000709],[-84.8100117995731,34.0251696999022],[-84.8126924002287,34.0273026998657],[-84.815343399599,34.0294223996997],[-84.8191042998423,34.0324436995552],[-84.8225932998119,34.0351941994687],[-84.8249805996289,34.037110900107],[-84.8284282995534,34.0398569997337],[-84.8313200995222,34.0421741994786],[-84.8346910994911,34.0448708998422],[-84.8358696999236,34.0458476001667],[-84.8396650999653,34.0488975000894],[-84.8429452003089,34.0514534001227],[-84.8450168995087,34.053300700113],[-84.8472978998815,34.0553318996149],[-84.8500028996785,34.0577424994472],[-84.8525812001896,34.0600682994719],[-84.8550620002546,34.0622849999122],[-84.8575525003281,34.0645218994517],[-84.8595383996385,34.0662656995637],[-84.8623850996884,34.0687922995267],[-84.86621749954,34.0722666000647],[-84.8690468998342,34.0747387001821],[-84.8711467001328,34.0767772997298],[-84.8735854994667,34.0796689996354],[-84.8746605996055,34.0809416996682],[-84.8766460201138,34.0825864716082],[-84.8774330997113,34.0832384998886],[-84.8797366999,34.085155799447],[-84.8817393995028,34.0868450000747],[-84.8838529000078,34.0885677999401],[-84.886590900315,34.0909149000889],[-84.8891751000625,34.0931271995184],[-84.8919351001111,34.0954009995946],[-84.8948209002321,34.0978732999303],[-84.89778060026,34.1003638998054],[-84.9003745000159,34.1027045994523],[-84.9031715995874,34.1052377996294],[-84.9054254995848,34.1073030000702],[-84.9075131995764,34.1091874998856],[-84.9099259998694,34.1113719000093],[-84.9124183001667,34.1136281001421],[-84.9148988001944,34.1154283997327],[-84.91877530014,34.1182428997942],[-84.9206439001355,34.1195910998102],[-84.9207353998354,34.1203805994553],[-84.9208414360732,34.12116786071],[-84.9224020001646,34.1214899999644]]},"properties":{"OBJECTID_1":23508,"OBJECTID":34159,"ID":"120959","TYPE":"AC; OVERHEAD","STATUS":"IN SERVICE","NAICS_CODE":"221121","NAICS_DESC":"ELECTRIC BULK POWER TRANSMISSION AND CONTROL","SOURCE":"IMAGERY, OpenStreetMap, http://www.psc.state.fl.us/publications/pdf/electricgas/transmissionreport2007.pdf, EIA 861","SOURCEDATE":1397088000000,"VAL_METHOD":"IMAGERY","VAL_DATE":1443744000000,"OWNER":"GEORGIA POWER CO","VOLTAGE":500,"VOLT_CLASS":"500","INFERRED":"Y","SUB_1":"BOWEN SUBSTATION","SUB_2":"BIG SHANTY","SHAPE__Len":46343.2227699707,"GlobalID":"4816d559-ba68-41cb-89f7-557bf6e1cc26","Shape__Length":46343.222805743455}},{"type":"Feature","id":23555,"geometry":{"type":"LineString","coordinates":[[-84.2245083478816,33.5319194774744],[-84.2242011015966,33.531642174723],[-84.2252832400356,33.531795012177],[-84.2261686141897,33.5318446437617],[-84.2279417547116,33.5318378579845],[-84.2302840812722,33.531868864983],[-84.2329998976836,33.5319116650762],[-84.2357499129578,33.5319497640828],[-84.2381620772436,33.531980163003],[-84.2407950671891,33.5320131625478],[-84.2432243569574,33.5320428635502],[-84.2458209390828,33.5320840655868],[-84.2485078728611,33.5321251650163],[-84.2508931739266,33.5321571648391],[-84.2528343838483,33.5321868627967],[-84.2553293000397,33.5322120626215],[-84.257953294256,33.5322439635688],[-84.260642948133,33.5322805625567],[-84.2632641629618,33.5323079631147],[-84.2658497488098,33.5323445650707],[-84.2685776206122,33.532381766061],[-84.2699375109506,33.5324046639814],[-84.2713076564562,33.5324177771734],[-84.2738638440382,33.5324821697164],[-84.2742113096951,33.5324807260085],[-84.2748904468297,33.5324626497046],[-84.2763570165996,33.5324824639992],[-84.2789969613021,33.5325170650588],[-84.2816106662151,33.5325566651638],[-84.2843254082414,33.5325927638141],[-84.2870135322875,33.5326276636047],[-84.2893538061977,33.5326608635834],[-84.2916837845164,33.532688864566],[-84.2938230657717,33.532725465612],[-84.2956854152895,33.5327534628296],[-84.2979166822332,33.5327708621496],[-84.299997271161,33.5327918624862],[-84.3023608842006,33.5328180647889],[-84.3042037968706,33.5328512616993],[-84.3066917996276,33.5328615817702],[-84.308212679743,33.5331762055606],[-84.3103919216554,33.5332743139571],[-84.3116745999984,33.5333657998242],[-84.3120015885585,33.5345720494805],[-84.312152747173,33.5350270067166]]},"properties":{"OBJECTID_1":23555,"OBJECTID":34235,"ID":"121049","TYPE":"AC; OVERHEAD","STATUS":"IN SERVICE","NAICS_CODE":"221121","NAICS_DESC":"ELECTRIC BULK POWER TRANSMISSION AND CONTROL","SOURCE":"IMAGERY, OpenStreetMap, EIA 861","SOURCEDATE":1397088000000,"VAL_METHOD":"IMAGERY","VAL_DATE":1513296000000,"OWNER":"GEORGIA POWER CO","VOLTAGE":230,"VOLT_CLASS":"220-287","INFERRED":"Y","SUB_1":"UNKNOWN116014","SUB_2":"UNKNOWN116019","SHAPE__Len":10025.3001756718,"GlobalID":"800cac4c-db17-454d-acc9-a5f9130b2fbb","Shape__Length":10025.300209853061}},{"type":"Feature","id":23566,"geometry":{"type":"LineString","coordinates":[[-84.5298325607198,33.9308333150493],[-84.5301359999446,33.9308179997402],[-84.5310430001409,33.9310569996395],[-84.5326309996794,33.9306860001164],[-84.537073899988,33.93181487766],[-84.5407279995271,33.9328809995444],[-84.5407708078436,33.9338355648013],[-84.5407949994742,33.9343749994787],[-84.5409939996659,33.9353060001169],[-84.5406827298267,33.9359343560146]]},"properties":{"OBJECTID_1":23566,"OBJECTID":34256,"ID":"121078","TYPE":"AC; OVERHEAD","STATUS":"IN SERVICE","NAICS_CODE":"221121","NAICS_DESC":"ELECTRIC BULK POWER TRANSMISSION AND CONTROL","SOURCE":"IMAGERY, EIA 861, EIA 860","SOURCEDATE":1408320000000,"VAL_METHOD":"IMAGERY","VAL_DATE":1514937600000,"OWNER":"GEORGIA POWER CO","VOLTAGE":115,"VOLT_CLASS":"100-161","INFERRED":"Y","SUB_1":"UNKNOWN116562","SUB_2":"TAP151314","SHAPE__Len":1690.47489157865,"GlobalID":"04b2b371-25c8-48f6-a42a-0f53591601de","Shape__Length":1690.474889893869}},{"type":"Feature","id":23595,"geometry":{"type":"LineString","coordinates":[[-84.0693906719297,34.0660348219819],[-84.068855893163,34.0661765846452],[-84.0685421556517,34.0659639409334],[-84.0693835420013,34.0651547095666],[-84.0686776332746,34.0643159364918],[-84.0682925919877,34.0629278077407],[-84.0674725972199,34.0619531505303],[-84.0662675611652,34.0605236327637],[-84.0652336541721,34.0592358651591],[-84.064763047456,34.0586510459581],[-84.0616840233106,34.0572370337042],[-84.0607080801112,34.0568327591141],[-84.0594955269542,34.0558578956122],[-84.058487989108,34.0547449055527],[-84.0546731701847,34.0505090205891],[-84.0495389452981,34.0447837416401],[-84.0486768842222,34.04379884788],[-84.0451972527827,34.0394029496842],[-84.042286500158,34.0356782388478]]},"properties":{"OBJECTID_1":23595,"OBJECTID":34302,"ID":"121137","TYPE":"AC; OVERHEAD","STATUS":"IN SERVICE","NAICS_CODE":"221121","NAICS_DESC":"ELECTRIC BULK POWER TRANSMISSION AND CONTROL","SOURCE":"IMAGERY, EIA 861","SOURCEDATE":1407456000000,"VAL_METHOD":"IMAGERY","VAL_DATE":1493078400000,"OWNER":"GEORGIA POWER CO","VOLTAGE":115,"VOLT_CLASS":"100-161","INFERRED":"Y","SUB_1":"UNKNOWN116232","SUB_2":"TAP152056","SHAPE__Len":5298.72741330802,"GlobalID":"bb8527f8-fa18-488e-a70f-06e43352c43b","Shape__Length":5298.727379343454}},{"type":"Feature","id":23600,"geometry":{"type":"LineString","coordinates":[[-84.1496911955514,33.9475752849529],[-84.1487832602089,33.9477803389188],[-84.1444717492904,33.9488134846566],[-84.1436636383355,33.9490303646862],[-84.1421995308478,33.9493931446724],[-84.1397067454602,33.9499555700466],[-84.135268789479,33.9521652075711],[-84.1288134087107,33.9552407911048],[-84.1266410155541,33.9562344167341],[-84.1248156362018,33.9538291907749],[-84.1219729857571,33.9530563501637],[-84.1127510131027,33.9511833639171],[-84.1112488772341,33.951849757757],[-84.1062005600347,33.9543299565486],[-84.0995407739117,33.9575079770407],[-84.0960706502411,33.9591757980604],[-84.0957521588453,33.9585646616159],[-84.0952958137827,33.9584227199084]]},"properties":{"OBJECTID_1":23600,"OBJECTID":34310,"ID":"121147","TYPE":"AC; OVERHEAD","STATUS":"IN SERVICE","NAICS_CODE":"221121","NAICS_DESC":"ELECTRIC BULK POWER TRANSMISSION AND CONTROL","SOURCE":"IMAGERY, EIA 861","SOURCEDATE":1407369600000,"VAL_METHOD":"IMAGERY","VAL_DATE":1493078400000,"OWNER":"GEORGIA POWER CO","VOLTAGE":230,"VOLT_CLASS":"220-287","INFERRED":"Y","SUB_1":"UNKNOWN116084","SUB_2":"UNKNOWN116085","SHAPE__Len":6897.09850854414,"GlobalID":"31413c84-7cc6-491d-bf4d-4c347e05965d","Shape__Length":6897.098510350175}},{"type":"Feature","id":23614,"geometry":{"type":"LineString","coordinates":[[-84.4072208176841,33.484199356979],[-84.4068690517919,33.4838980404932],[-84.4056949141897,33.4840328406553],[-84.4027762069832,33.484330191758],[-84.4007416674935,33.4845323901645],[-84.3971479509111,33.4848892091575],[-84.3937348702611,33.4852460259313],[-84.3916718101594,33.4854442565873],[-84.3859627425426,33.4859913730317],[-84.3820315199249,33.4859636206578],[-84.381732044067,33.4862014964687],[-84.3805151233011,33.4852182740677],[-84.3794313041142,33.4852063794459],[-84.3698528107848,33.4851151925357],[-84.3700001722206,33.4825103878558],[-84.3695533340286,33.4823319740179],[-84.3672669500523,33.4820237916718]]},"properties":{"OBJECTID_1":23614,"OBJECTID":34332,"ID":"121181","TYPE":"AC; OVERHEAD","STATUS":"IN SERVICE","NAICS_CODE":"221121","NAICS_DESC":"ELECTRIC BULK POWER TRANSMISSION AND CONTROL","SOURCE":"IMAGERY, EIA 861, EIA 860","SOURCEDATE":1407888000000,"VAL_METHOD":"IMAGERY","VAL_DATE":1513296000000,"OWNER":"GEORGIA POWER CO","VOLTAGE":115,"VOLT_CLASS":"100-161","INFERRED":"Y","SUB_1":"UNKNOWN116359","SUB_2":"O'HARA","SHAPE__Len":4920.4665682132,"GlobalID":"d70865f6-1804-4e7c-a574-4f4d17152fc7","Shape__Length":4920.466530110875}},{"type":"Feature","id":23631,"geometry":{"type":"LineString","coordinates":[[-84.3292263304822,33.7026841896109],[-84.3294875893129,33.7031389327751],[-84.3316908800238,33.7052922005806],[-84.3375663219193,33.7055057459459],[-84.3405396961024,33.7055532000674],[-84.3423786741515,33.704902148159]]},"properties":{"OBJECTID_1":23631,"OBJECTID":34355,"ID":"121217","TYPE":"AC; OVERHEAD","STATUS":"IN SERVICE","NAICS_CODE":"221121","NAICS_DESC":"ELECTRIC BULK POWER TRANSMISSION AND CONTROL","SOURCE":"IMAGERY, EIA 861, EIA 860","SOURCEDATE":1408406400000,"VAL_METHOD":"IMAGERY","VAL_DATE":1514937600000,"OWNER":"GEORGIA POWER CO","VOLTAGE":115,"VOLT_CLASS":"100-161","INFERRED":"Y","SUB_1":"UNKNOWN116608","SUB_2":"TAP142254","SHAPE__Len":1654.0403355578,"GlobalID":"8a7e2756-f2ff-4c6b-82fe-8a5f6f536cf6","Shape__Length":1654.0403660028721}},{"type":"Feature","id":23668,"geometry":{"type":"LineString","coordinates":[[-84.3663609999866,33.7911629998848],[-84.3659483516743,33.7911049418913],[-84.3657556145368,33.7912762631399],[-84.3649299415182,33.7931798320655],[-84.364642026978,33.7936747597124],[-84.3638805996718,33.7949525301169],[-84.3633383002095,33.7960595986843],[-84.3625118779959,33.7973293816743],[-84.3618813352266,33.798243885072],[-84.3592065376878,33.801686624143],[-84.3574770786449,33.8037311705339],[-84.3560273190489,33.8054690429516],[-84.3547461166379,33.8070116021111],[-84.3530419325938,33.8090082459868],[-84.3512237029329,33.8111884535317],[-84.350057994223,33.8125598290628],[-84.3487783566772,33.8141294459054],[-84.3483983585322,33.8146026990613],[-84.3471845926496,33.8160397684997],[-84.3462161467895,33.8171997847683],[-84.3453721885633,33.8181903161731],[-84.3432901398731,33.820648702561],[-84.3408873297443,33.8234978525263],[-84.3383202707508,33.8265959918413],[-84.3357318947355,33.8296050790468],[-84.3330080599619,33.8328687265878],[-84.33166891891,33.8344189429621],[-84.3314277913248,33.8347841806889]]},"properties":{"OBJECTID_1":23668,"OBJECTID":34416,"ID":"121282","TYPE":"AC; OVERHEAD","STATUS":"IN SERVICE","NAICS_CODE":"221121","NAICS_DESC":"ELECTRIC BULK POWER TRANSMISSION AND CONTROL","SOURCE":"IMAGERY, EIA 861, EIA 860","SOURCEDATE":1408320000000,"VAL_METHOD":"IMAGERY","VAL_DATE":1514937600000,"OWNER":"GEORGIA POWER CO","VOLTAGE":115,"VOLT_CLASS":"100-161","INFERRED":"Y","SUB_1":"BOULEVARD","SUB_2":"UNKNOWN116568","SHAPE__Len":7064.18875391513,"GlobalID":"ca34c60d-1ab6-449e-9aa4-5debf33d3475","Shape__Length":7064.188731419338}},{"type":"Feature","id":23756,"geometry":{"type":"LineString","coordinates":[[-84.3109690002922,34.0359799995835],[-84.3109848411839,34.0358305947959],[-84.3115196199506,34.0358246855672],[-84.3114910993387,34.0356474196814],[-84.3121399641465,34.0356474196814],[-84.3121043118095,34.033319288869],[-84.3121542249016,34.0298387910322],[-84.3122183987489,34.028408731791],[-84.3122611810143,34.0264586125049],[-84.3122683109427,34.0249457617366],[-84.3122897025246,34.0238111059617],[-84.31233248479,34.0235333488021],[-84.3130098720064,34.023444704182],[-84.3136658676409,34.0230014729918],[-84.3141578650406,34.0225168706402],[-84.3152773365645,34.021742683611],[-84.3156980301885,34.0215358386779],[-84.3162256790268,34.021193065837],[-84.3169030662432,34.0206552650754],[-84.3172524551932,34.0203715880275],[-84.3173739999461,34.0199549998397],[-84.3161615051795,34.020011080985],[-84.3136617255092,34.0187732568584],[-84.3123919236174,34.0180893009813],[-84.3114304998879,34.0174081191271],[-84.310345635062,34.0164633136197],[-84.308707000186,34.01518299981],[-84.3087458981361,34.0148515200852],[-84.3058792797413,34.0130769447208],[-84.3035159999767,34.011576999744],[-84.3025995000963,34.0114943868509],[-84.3018793306145,34.0110097188055],[-84.3015727239299,34.0102176960271],[-84.3002189996277,34.008406999982],[-84.2990414349527,34.0074869305925],[-84.2980510001311,34.0068149996916],[-84.2973060003165,34.0052879997016],[-84.2973649998678,34.004687999494],[-84.2967525788127,34.0041235947401],[-84.2959824962388,34.0037039077918],[-84.2946491124895,34.0034142626169],[-84.2922604319619,34.003100972662],[-84.2908200929983,34.0045078141436],[-84.2889162781453,34.0059914748698],[-84.2875828952943,34.0066357645962],[-84.2863921190964,34.006949041512],[-84.2852655176441,34.0077470067072],[-84.2844170004678,34.0085686081702],[-84.2838893516294,34.0093133607221],[-84.2843528266205,34.0094315746939],[-84.2845149994787,34.0095459997047]]},"properties":{"OBJECTID_1":23756,"OBJECTID":33061,"ID":"119687","TYPE":"AC; OVERHEAD","STATUS":"IN SERVICE","NAICS_CODE":"221121","NAICS_DESC":"ELECTRIC BULK POWER TRANSMISSION AND CONTROL","SOURCE":"IMAGERY, EIA 861, EIA 860","SOURCEDATE":1401840000000,"VAL_METHOD":"IMAGERY","VAL_DATE":1514851200000,"OWNER":"GEORGIA POWER CO","VOLTAGE":230,"VOLT_CLASS":"220-287","INFERRED":"Y","SUB_1":"UNKNOWN111518","SUB_2":"UNKNOWN111519","SHAPE__Len":7744.92925467582,"GlobalID":"226ce0a6-945d-4f93-af42-95db3024e5ee","Shape__Length":7744.929239484084}},{"type":"Feature","id":23821,"geometry":{"type":"LineString","coordinates":[[-84.2915815221011,33.7707753500749],[-84.2915019996389,33.7713819994449],[-84.289007999729,33.7722319998364],[-84.2883371935704,33.7713147289988],[-84.2877025886194,33.7704908398462],[-84.286141032788,33.7691986818785],[-84.2845010432525,33.768072472974],[-84.2804780002363,33.7656089999514],[-84.2793319996654,33.7639689999213],[-84.2777057795066,33.7615223856879],[-84.2765078742786,33.7600700356264],[-84.2759749999402,33.7596500001437],[-84.2751809997219,33.7590310000743],[-84.2733999998396,33.757990999691],[-84.2706350527687,33.7563688197668],[-84.26759799971,33.7546929995405],[-84.275804664091,33.7498215196668],[-84.2771923923217,33.7491440216001],[-84.2781549946408,33.7487882950281],[-84.2800445478404,33.7481183388504],[-84.2801657647082,33.7461736600773],[-84.2801942871168,33.7453910319664],[-84.2801301132695,33.7447032624485],[-84.2800730702489,33.7438198270673],[-84.280001765575,33.7429778857203],[-84.2800588085955,33.7416793840999],[-84.2801657647082,33.7396752637923],[-84.2814920176307,33.7396989821602],[-84.2815347998961,33.7390882494667]]},"properties":{"OBJECTID_1":23821,"OBJECTID":33172,"ID":"119815","TYPE":"AC; OVERHEAD","STATUS":"IN SERVICE","NAICS_CODE":"221121","NAICS_DESC":"ELECTRIC BULK POWER TRANSMISSION AND CONTROL","SOURCE":"IMAGERY, EIA 861, EIA 860","SOURCEDATE":1408406400000,"VAL_METHOD":"IMAGERY","VAL_DATE":1514937600000,"OWNER":"GEORGIA POWER CO","VOLTAGE":115,"VOLT_CLASS":"100-161","INFERRED":"Y","SUB_1":"UNKNOWN116597","SUB_2":"UNKNOWN116598","SHAPE__Len":6795.51711809133,"GlobalID":"4b66f01a-472e-4ddb-b662-a2116fc2364e","Shape__Length":6795.517157317559}},{"type":"Feature","id":23843,"geometry":{"type":"LineString","coordinates":[[-84.3421982744761,33.5232709497547],[-84.3421813942336,33.5206992664642],[-84.3422146651368,33.5181632114535],[-84.3423064927218,33.5143168518249],[-84.3422885937897,33.5131848085446],[-84.3423741583206,33.5085871986704],[-84.3424502159807,33.5062645209176],[-84.342469229722,33.5035731489931],[-84.3470374351313,33.5020986059582],[-84.3523804752024,33.5014842048641],[-84.3567823027396,33.5015198797696],[-84.3580705281795,33.5005725058477],[-84.362786093228,33.4977065375613],[-84.368423857069,33.4943013435203],[-84.3798182228801,33.4873874748373],[-84.3807309130054,33.4868522608603],[-84.3814819809397,33.4862218945058],[-84.3805074939094,33.4853179637609],[-84.3794426884638,33.4852743524375],[-84.3778977712281,33.4852584944501],[-84.3753403367844,33.485246600583],[-84.3717418663176,33.4852109189721],[-84.3696835592021,33.4852109189721],[-84.3698023991277,33.4831572150124],[-84.3698974705291,33.4825228567684],[-84.3695590500088,33.4824183154973],[-84.3672669500523,33.4820237916718]]},"properties":{"OBJECTID_1":23843,"OBJECTID":33212,"ID":"119858","TYPE":"AC; OVERHEAD","STATUS":"IN SERVICE","NAICS_CODE":"221121","NAICS_DESC":"ELECTRIC BULK POWER TRANSMISSION AND CONTROL","SOURCE":"IMAGERY, EIA 861, EIA 860","SOURCEDATE":1407456000000,"VAL_METHOD":"IMAGERY","VAL_DATE":1513296000000,"OWNER":"GEORGIA POWER CO","VOLTAGE":115,"VOLT_CLASS":"100-161","INFERRED":"Y","SUB_1":"TAP142242","SUB_2":"O'HARA","SHAPE__Len":9720.97331277998,"GlobalID":"ae243d46-2b6f-4b06-84a0-d68abbf215e9","Shape__Length":9720.97323990715}},{"type":"Feature","id":23957,"geometry":{"type":"LineString","coordinates":[[-84.3790139998338,33.9668869999614],[-84.3797941031147,33.9659517299993],[-84.3800139567974,33.9659812974732],[-84.3806022140696,33.9652765761462],[-84.3823966958677,33.9646901237129],[-84.3826700280558,33.9635911327125],[-84.3819260900499,33.9620061934604],[-84.3806552191629,33.9604813529305],[-84.371453762233,33.9487658255534],[-84.3705436179332,33.947510660003],[-84.3703354145015,33.9450479174434],[-84.3706179759808,33.9442240296211],[-84.3709229998339,33.9439799998743]]},"properties":{"OBJECTID_1":23957,"OBJECTID":33391,"ID":"120062","TYPE":"AC; OVERHEAD","STATUS":"IN SERVICE","NAICS_CODE":"221121","NAICS_DESC":"ELECTRIC BULK POWER TRANSMISSION AND CONTROL","SOURCE":"IMAGERY, OpenStreetMap, EIA 861, EIA 860","SOURCEDATE":1401840000000,"VAL_METHOD":"IMAGERY","VAL_DATE":1512950400000,"OWNER":"GEORGIA POWER CO","VOLTAGE":230,"VOLT_CLASS":"220-287","INFERRED":"Y","SUB_1":"UNKNOWN111523","SUB_2":"BULL SLUICE","SHAPE__Len":3701.33078830267,"GlobalID":"527ef575-08ab-4ed7-8773-cd247cea5164","Shape__Length":3701.3307143333323}},{"type":"Feature","id":23976,"geometry":{"type":"LineString","coordinates":[[-84.4305567670447,33.6157900830213],[-84.4308249941071,33.6158902139079],[-84.4318398963421,33.6162859096494],[-84.4343350200443,33.6171962010511],[-84.4354364668721,33.618758458938],[-84.4483856152173,33.6252781348943],[-84.449838807276,33.6256945767744],[-84.4530536495058,33.6252305766288],[-84.4568069167641,33.6272915578239],[-84.4580596165294,33.6277747379178],[-84.4584889276919,33.6279298630956],[-84.4595394130936,33.6283094391828],[-84.4617977328021,33.6287726126879],[-84.4627649093427,33.628970976481],[-84.4638677162197,33.6299424985239],[-84.4644079998625,33.6302779995096]]},"properties":{"OBJECTID_1":23976,"OBJECTID":33424,"ID":"120107","TYPE":"AC; OVERHEAD","STATUS":"IN SERVICE","NAICS_CODE":"221121","NAICS_DESC":"ELECTRIC BULK POWER TRANSMISSION AND CONTROL","SOURCE":"IMAGERY, EIA 861, EIA 860","SOURCEDATE":1407801600000,"VAL_METHOD":"IMAGERY","VAL_DATE":1513641600000,"OWNER":"GEORGIA POWER CO","VOLTAGE":115,"VOLT_CLASS":"100-161","INFERRED":"Y","SUB_1":"UNKNOWN111555","SUB_2":"TAP142599","SHAPE__Len":4378.96145372232,"GlobalID":"e625811c-0bbc-4bfd-928b-129e2bf46658","Shape__Length":4378.961438901874}},{"type":"Feature","id":23989,"geometry":{"type":"LineString","coordinates":[[-84.5238669998349,33.5857589997663],[-84.5242949994571,33.5848580998545],[-84.5249298002408,33.5856888000722],[-84.5267884001906,33.5881189996329],[-84.5289704996439,33.5909505999737],[-84.5311291000676,33.5937919001111],[-84.53275389999,33.5959295000719],[-84.5343786999124,33.5979620999749],[-84.5362317994777,33.6004171995601],[-84.5378138997797,33.6024009997767],[-84.5359835994563,33.6042316001689],[-84.5325138000775,33.6074333997853],[-84.5308483001846,33.609340899914],[-84.528065999459,33.6120704997539],[-84.5269192999989,33.6131930998287],[-84.5259480037844,33.6141577317041],[-84.5250988002952,33.6150011000216],[-84.5226538996039,33.6174082999693],[-84.5200464002528,33.6199652999148],[-84.5171972001915,33.6228108996609],[-84.5159649999809,33.6239972001701],[-84.5130531999206,33.6268626000218],[-84.5110318000885,33.628846399755],[-84.5085407996534,33.6313008000291],[-84.5061380003045,33.6336354999165],[-84.5041687000639,33.6355777995725],[-84.5013536000507,33.6383500994667],[-84.4982567003295,33.6413672996476],[-84.4957062996946,33.6439149000149],[-84.4940313001175,33.6455241000607],[-84.4912000995995,33.6482897996427],[-84.4884741995991,33.6509770000902],[-84.4863935001784,33.6529993996058],[-84.4846530996554,33.6547056001107],[-84.4829928001096,33.6563139000459],[-84.481594099856,33.6576909998489],[-84.4803041002434,33.6589551997963],[-84.4792587999176,33.6599759997666],[-84.478289700084,33.6609201001287],[-84.4753253000706,33.6637338999619],[-84.4724066997637,33.6665252000052],[-84.4701539999156,33.6687294995212],[-84.467956499745,33.6708769996886],[-84.4662706000103,33.6726463000735],[-84.4642963850868,33.6749418338115],[-84.4639852158589,33.6753273641117],[-84.4634928762011,33.6756952044679],[-84.4634153614736,33.6760333940593]]},"properties":{"OBJECTID_1":23989,"OBJECTID":33458,"ID":"120146","TYPE":"AC; OVERHEAD","STATUS":"IN SERVICE","NAICS_CODE":"221121","NAICS_DESC":"ELECTRIC BULK POWER TRANSMISSION AND CONTROL","SOURCE":"IMAGERY, OpenStreetMap, http://www.psc.state.fl.us/publications/pdf/electricgas/transmissionreport2007.pdf, EIA 861","SOURCEDATE":1397088000000,"VAL_METHOD":"IMAGERY","VAL_DATE":1444262400000,"OWNER":"GEORGIA POWER CO","VOLTAGE":230,"VOLT_CLASS":"220-287","INFERRED":"Y","SUB_1":"UNKNOWN111352","SUB_2":"UNKNOWN111558","SHAPE__Len":15790.8115518726,"GlobalID":"62d0ca14-28d4-40c6-af53-60aae11f0326","Shape__Length":15790.81157226844}},{"type":"Feature","id":24015,"geometry":{"type":"LineString","coordinates":[[-84.4665586708573,33.814856615872],[-84.4652752002002,33.8129726936835],[-84.4639040108522,33.8110027451661],[-84.4621689490169,33.8083998829216],[-84.4604481479367,33.8058324897282],[-84.4578669458673,33.8019062058703],[-84.4548341526197,33.7973990511233],[-84.4509789876622,33.7916472447357],[-84.4486212046888,33.7878151266754],[-84.4470667787858,33.7848243757265],[-84.4455551360465,33.7822207165736],[-84.4440339855382,33.7795853704883],[-84.4420802584914,33.7784039815105],[-84.4369511297473,33.7782419836359],[-84.4323258831142,33.7780562784511],[-84.4314333799299,33.7785675956257],[-84.4312219641228,33.7792148264486],[-84.4305700001272,33.7791279994525]]},"properties":{"OBJECTID_1":24015,"OBJECTID":33510,"ID":"120209","TYPE":"AC; OVERHEAD","STATUS":"IN SERVICE","NAICS_CODE":"221121","NAICS_DESC":"ELECTRIC BULK POWER TRANSMISSION AND CONTROL","SOURCE":"IMAGERY, EIA 861, EIA 860","SOURCEDATE":1401840000000,"VAL_METHOD":"IMAGERY","VAL_DATE":1514937600000,"OWNER":"GEORGIA POWER CO","VOLTAGE":115,"VOLT_CLASS":"100-161","INFERRED":"Y","SUB_1":"UNKNOWN111552","SUB_2":"TAP142612","SHAPE__Len":6991.6625418434,"GlobalID":"cb215e01-57fb-4be1-957c-9e55b86f973d","Shape__Length":6991.662539835382}},{"type":"Feature","id":24052,"geometry":{"type":"LineString","coordinates":[[-84.1869135981197,33.8611908409313],[-84.1872760584553,33.8619358974451],[-84.1875909853361,33.8627204195518],[-84.188030691803,33.8637812420262],[-84.1887106490995,33.865714536089],[-84.1893286172514,33.8673279084848],[-84.190956722974,33.8675992688409],[-84.1917707762845,33.8689757878063],[-84.1930601875006,33.8702733466803],[-84.1933691720257,33.8722615826091],[-84.1932681582687,33.8740179021187],[-84.1931552598004,33.8749108474943],[-84.1927036686222,33.8758383181661],[-84.1942664129248,33.8798342165297],[-84.1955082897876,33.8828137534709],[-84.1964887182752,33.885309775944],[-84.1980336373076,33.8892411074571],[-84.1991210210095,33.8918010625589],[-84.1999588419458,33.8939811571605],[-84.2012779649399,33.8972511927092],[-84.2016166585481,33.8981438949344],[-84.2018365122308,33.8979318176647]]},"properties":{"OBJECTID_1":24052,"OBJECTID":33563,"ID":"120267","TYPE":"AC; OVERHEAD","STATUS":"IN SERVICE","NAICS_CODE":"221121","NAICS_DESC":"ELECTRIC BULK POWER TRANSMISSION AND CONTROL","SOURCE":"IMAGERY, EIA 861, EIA 860","SOURCEDATE":1407456000000,"VAL_METHOD":"IMAGERY","VAL_DATE":1512691200000,"OWNER":"GEORGIA POWER CO","VOLTAGE":230,"VOLT_CLASS":"220-287","INFERRED":"Y","SUB_1":"UNKNOWN116243","SUB_2":"UNKNOWN116595","SHAPE__Len":5430.06102185605,"GlobalID":"80b17807-7ff3-4dbb-b1e8-c3e85f3e085a","Shape__Length":5430.0610087302075}},{"type":"Feature","id":24059,"geometry":{"type":"LineString","coordinates":[[-84.4079767338261,33.6387639218644],[-84.4064603381006,33.638581872683]]},"properties":{"OBJECTID_1":24059,"OBJECTID":33575,"ID":"120383","TYPE":"AC; OVERHEAD","STATUS":"IN SERVICE","NAICS_CODE":"221121","NAICS_DESC":"ELECTRIC BULK POWER TRANSMISSION AND CONTROL","SOURCE":"IMAGERY, EIA 861, EIA 860","SOURCEDATE":1407801600000,"VAL_METHOD":"IMAGERY","VAL_DATE":1514937600000,"OWNER":"GEORGIA POWER CO","VOLTAGE":115,"VOLT_CLASS":"100-161","INFERRED":"Y","SUB_1":"UNKNOWN116346","SUB_2":"UNKNOWN116347","SHAPE__Len":170.550441086364,"GlobalID":"3f40d033-6999-41d9-91eb-5fa01703382b","Shape__Length":170.5504143020992}},{"type":"Feature","id":24151,"geometry":{"type":"LineString","coordinates":[[-84.6136692907793,33.5328088799063],[-84.6139972890457,33.5324998079618],[-84.6154994249144,33.5311129329359],[-84.622677353005,33.5244833664823],[-84.6245017127694,33.5228429350564],[-84.625439191905,33.5219431529295],[-84.6265943148676,33.5208771129475],[-84.6324959031278,33.5154312857544],[-84.6337544167897,33.5141382668511],[-84.6353287996651,33.5127958999582],[-84.6370092502193,33.5112359721185],[-84.6438050475645,33.5049620041582],[-84.6447292783462,33.5040510608683],[-84.645532636315,33.5032781216467]]},"properties":{"OBJECTID_1":24151,"OBJECTID":33745,"ID":"120484","TYPE":"AC; OVERHEAD","STATUS":"IN SERVICE","NAICS_CODE":"221121","NAICS_DESC":"ELECTRIC BULK POWER TRANSMISSION AND CONTROL","SOURCE":"IMAGERY, OpenStreetMap, EIA 861, EIA 860","SOURCEDATE":1408579200000,"VAL_METHOD":"IMAGERY","VAL_DATE":1509580800000,"OWNER":"GEORGIA POWER CO","VOLTAGE":115,"VOLT_CLASS":"100-161","INFERRED":"Y","SUB_1":"TAP142199","SUB_2":"TAP142605","SHAPE__Len":5304.32316620989,"GlobalID":"e50c4450-ea04-4972-9828-5a2c4db3a60c","Shape__Length":5304.323232097688}},{"type":"Feature","id":24227,"geometry":{"type":"LineString","coordinates":[[-83.9541643228996,33.5948072618528],[-83.9572629994884,33.5956302998311],[-83.9583776003469,33.5959172996723],[-83.9598534003063,33.5967015996589],[-83.9611156994688,33.5973458997458],[-83.9631252999297,33.5983875995987],[-83.9645290002062,33.5991247997803],[-83.9660014000423,33.5998853996965],[-83.9679429001197,33.6009081995674],[-83.9700137001059,33.6019799994806],[-83.9718757998921,33.6029605999698],[-83.973812599984,33.6039172995438],[-83.9760993001673,33.6050504997947],[-83.9780850000517,33.6057166994745],[-83.9798453997679,33.6063217998787],[-83.982747799857,33.6073103997222],[-83.9838974996903,33.6077024000415],[-83.9853237000696,33.6082270995909],[-83.9875341997606,33.6086264994448],[-83.9891341998929,33.6089260997433],[-83.9912299002805,33.6093389001228],[-83.9958200003282,33.6102212000286],[-83.9981730994857,33.6106793999193],[-84.0004006995065,33.6111271998737],[-84.0022282994941,33.6114736997621],[-84.0057552999969,33.6121693998151],[-84.0066674996421,33.6123399994982],[-84.0097522002417,33.6129492997065],[-84.0108884765497,33.6131892754833]]},"properties":{"OBJECTID_1":24227,"OBJECTID":33866,"ID":"120630","TYPE":"AC; OVERHEAD","STATUS":"IN SERVICE","NAICS_CODE":"221121","NAICS_DESC":"ELECTRIC BULK POWER TRANSMISSION AND CONTROL","SOURCE":"IMAGERY, OpenStreetMap, http://www.psc.state.fl.us/publications/pdf/electricgas/transmissionreport2007.pdf, EIA 861","SOURCEDATE":1397088000000,"VAL_METHOD":"IMAGERY","VAL_DATE":1444262400000,"OWNER":"GEORGIA POWER CO","VOLTAGE":230,"VOLT_CLASS":"220-287","INFERRED":"Y","SUB_1":"UNKNOWN115873","SUB_2":"UNKNOWN116130","SHAPE__Len":6845.38772663683,"GlobalID":"91033546-002f-4742-a955-270d7e5927a3","Shape__Length":6845.3876781659565}},{"type":"Feature","id":24252,"geometry":{"type":"LineString","coordinates":[[-84.6192989042058,33.518971087039],[-84.6185104654573,33.5192921174992],[-84.6135006778988,33.5210004488754],[-84.6093492773066,33.5224116485497],[-84.6064700169209,33.523399069173],[-84.6027019202739,33.5246904226901],[-84.598172815834,33.5259733568786],[-84.5947646965793,33.5269437624489],[-84.5902821895498,33.5282171371125],[-84.5866204022285,33.5292448860945],[-84.5815151767558,33.530896185838],[-84.5775437787837,33.5321761854611],[-84.5743121623126,33.5332211915166],[-84.5708846619056,33.5343285251574],[-84.5669177240688,33.5356294706173],[-84.5632042072619,33.5368526768593],[-84.5592154538384,33.5381638947861],[-84.5565632983363,33.5390439124829],[-84.5518404326795,33.5406086024523],[-84.5489351957107,33.5415679145159],[-84.5456723142745,33.5426544098473],[-84.5428641465603,33.5435794327687],[-84.5408625896145,33.5442243787425],[-84.536205325228,33.5452762514773],[-84.5327227419244,33.5460523709833],[-84.5287148957079,33.5469712819496],[-84.5243644796527,33.5479490628814],[-84.5208856189677,33.5487344770821],[-84.5156002201951,33.5499357769884],[-84.5109042402165,33.5509957861612],[-84.5081646112635,33.551621018106],[-84.504945376272,33.5523925528565],[-84.5027507255576,33.5529286648295],[-84.4983249076124,33.5539986448985],[-84.4937670283373,33.5550962408626],[-84.4912180542271,33.5557103584652],[-84.4864262617368,33.5568792068969],[-84.4819941457032,33.5579827355189],[-84.4781067950073,33.5589498241011],[-84.4742265392056,33.5599080379962],[-84.470068572827,33.560952229656],[-84.4668565018999,33.5617407339587],[-84.4659979999491,33.5619089998269]]},"properties":{"OBJECTID_1":24252,"OBJECTID":33903,"ID":"120678","TYPE":"AC; OVERHEAD","STATUS":"IN SERVICE","NAICS_CODE":"221121","NAICS_DESC":"ELECTRIC BULK POWER TRANSMISSION AND CONTROL","SOURCE":"IMAGERY, OpenStreetMap, http://www.psc.state.fl.us/publications/pdf/electricgas/transmissionreport2007.pdf, EIA 861","SOURCEDATE":1407801600000,"VAL_METHOD":"IMAGERY","VAL_DATE":1514937600000,"OWNER":"GEORGIA POWER CO","VOLTAGE":115,"VOLT_CLASS":"100-161","INFERRED":"Y","SUB_1":"UNKNOWN113562","SUB_2":"UNKNOWN113565","SHAPE__Len":18025.4313079857,"GlobalID":"d7a56792-f3f8-43b5-96a8-0b5f09b782b0","Shape__Length":18025.43131217001}},{"type":"Feature","id":24255,"geometry":{"type":"LineString","coordinates":[[-84.5164100918479,34.0534686488238],[-84.5161938035787,34.0534076024502],[-84.5164504980694,34.0485277485791],[-84.5168022639616,34.0398583247434],[-84.5166644102948,34.0371363917341],[-84.5164457441849,34.0338431687434],[-84.5162318319596,34.0315977165727],[-84.5159133414621,34.0265432626892],[-84.5157529077423,34.0243517888793],[-84.5154439241155,34.0196830227727],[-84.516002470508,34.0194761728202]]},"properties":{"OBJECTID_1":24255,"OBJECTID":33913,"ID":"120687","TYPE":"AC; OVERHEAD","STATUS":"IN SERVICE","NAICS_CODE":"221121","NAICS_DESC":"ELECTRIC BULK POWER TRANSMISSION AND CONTROL","SOURCE":"IMAGERY, EIA 861, EIA 860","SOURCEDATE":1408060800000,"VAL_METHOD":"IMAGERY","VAL_DATE":1514937600000,"OWNER":"GEORGIA POWER CO","VOLTAGE":115,"VOLT_CLASS":"100-161","INFERRED":"Y","SUB_1":"UNKNOWN116269","SUB_2":"UNKNOWN116270","SHAPE__Len":4629.49357192803,"GlobalID":"30bcea0c-3aab-4a5b-9843-7aea3e20e852","Shape__Length":4629.4935105955265}},{"type":"Feature","id":24312,"geometry":{"type":"LineString","coordinates":[[-84.0258204726283,33.489836603899],[-84.0161231402716,33.4897176706928],[-84.0109108230406,33.4896700976642],[-84.0096059617,33.4890873244453],[-84.0060621573114,33.4874400777573],[-84.004429296806,33.4864053297782],[-84.0024826996876,33.486137720543],[-84.001812443298,33.484924547757],[-84.0018766171452,33.4778711557313],[-83.9968354298742,33.4778473667162],[-83.9968639504862,33.4758787369506],[-83.9946250083367,33.4763961757345],[-83.9934128414552,33.4765686546423],[-83.9888565207572,33.4769017156659],[-83.9869812283127,33.4770147185969],[-83.9854624547467,33.4776035208792],[-83.9802144860771,33.4795483221566],[-83.9785673657149,33.4801371057213],[-83.9752374726534,33.4757954708317],[-83.9696187243503,33.4684439316819],[-83.9685420350917,33.4670223237684],[-83.9679929946715,33.4659992291715]]},"properties":{"OBJECTID_1":24312,"OBJECTID":32513,"ID":"119045","TYPE":"AC; OVERHEAD","STATUS":"IN SERVICE","NAICS_CODE":"221121","NAICS_DESC":"ELECTRIC BULK POWER TRANSMISSION AND CONTROL","SOURCE":"IMAGERY, EIA 861, EIA 860","SOURCEDATE":1406851200000,"VAL_METHOD":"IMAGERY","VAL_DATE":1513296000000,"OWNER":"GEORGIA POWER CO","VOLTAGE":115,"VOLT_CLASS":"100-161","INFERRED":"Y","SUB_1":"UNKNOWN116044","SUB_2":"TAP142212","SHAPE__Len":9032.34043534626,"GlobalID":"93809579-6fe5-490a-838c-594d3ecf5dd6","Shape__Length":9032.340276738116}},{"type":"Feature","id":24504,"geometry":{"type":"LineString","coordinates":[[-84.0301609030107,33.4824497110834],[-84.0298847959267,33.4824565209638],[-84.0292929732411,33.4820996919494],[-84.0287360698672,33.4817884855535],[-84.0284587177182,33.4824386784616],[-84.0269114226419,33.4856262864777],[-84.0265263804566,33.4864172234861],[-84.0265620327936,33.4873925034776],[-84.0263623822217,33.4883856137673],[-84.0258204726283,33.489836603899]]},"properties":{"OBJECTID_1":24504,"OBJECTID":32799,"ID":"119381","TYPE":"AC; OVERHEAD","STATUS":"IN SERVICE","NAICS_CODE":"221121","NAICS_DESC":"ELECTRIC BULK POWER TRANSMISSION AND CONTROL","SOURCE":"IMAGERY, EIA 861, EIA 860","SOURCEDATE":1406851200000,"VAL_METHOD":"IMAGERY","VAL_DATE":1513296000000,"OWNER":"GEORGIA POWER CO","VOLTAGE":115,"VOLT_CLASS":"100-161","INFERRED":"Y","SUB_1":"UNKNOWN116031","SUB_2":"TAP142212","SHAPE__Len":1319.20197870329,"GlobalID":"0f8b3ec2-1af4-4da0-8e9c-fb87e5a4d203","Shape__Length":1319.2020990017916}},{"type":"Feature","id":24675,"geometry":{"type":"LineString","coordinates":[[-84.2250859089138,33.5554336740374],[-84.2256147471215,33.5571667750432],[-84.2255909785974,33.5596623805103],[-84.2252166326522,33.5605140390969],[-84.2251096765395,33.5652178138758],[-84.2254780810274,33.5655445926801],[-84.2254840224847,33.5684904998366],[-84.2251750388579,33.5714115529597],[-84.2250680827453,33.5724660780374],[-84.2252404011763,33.5747087574822],[-84.2252404011763,33.5767583077903],[-84.2252166326522,33.5792731476258],[-84.2252582273448,33.5798721447449],[-84.2251393865209,33.5806394486468],[-84.2250264898493,33.5820651300869],[-84.2247472162039,33.5866142818323],[-84.2247056215113,33.5894951214438],[-84.2246224339227,33.5927767868215],[-84.2245867815857,33.5962266078921],[-84.2245095354544,33.599894056681],[-84.2246521439041,33.6004830116687],[-84.2248779399423,33.6013540637663],[-84.2248541723165,33.6028437407471],[-84.224265914146,33.6029377731271],[-84.2242599717904,33.6031060394898]]},"properties":{"OBJECTID_1":24675,"OBJECTID":35562,"ID":"122685","TYPE":"AC; OVERHEAD","STATUS":"IN SERVICE","NAICS_CODE":"221121","NAICS_DESC":"ELECTRIC BULK POWER TRANSMISSION AND CONTROL","SOURCE":"IMAGERY, EIA 861, EIA 860","SOURCEDATE":1406851200000,"VAL_METHOD":"IMAGERY","VAL_DATE":1513296000000,"OWNER":"GEORGIA POWER CO","VOLTAGE":115,"VOLT_CLASS":"100-161","INFERRED":"Y","SUB_1":"UNKNOWN116016","SUB_2":"TAP142211","SHAPE__Len":6464.43706883446,"GlobalID":"7b6cd165-5137-433a-981c-bc232ef7c985","Shape__Length":6464.437041235979}},{"type":"Feature","id":24677,"geometry":{"type":"LineString","coordinates":[[-84.3292263304822,33.7026841896109],[-84.3278559172786,33.7011141398966],[-84.3262396944706,33.7011586309712],[-84.3234766679978,33.7011882909274],[-84.3201194418972,33.7011734605769],[-84.3101309520822,33.7011932338788],[-84.3076234298324,33.7014206295127],[-84.3036363526652,33.7018358741751],[-84.3009208623423,33.7025427707812],[-84.2973021878664,33.702953065675],[-84.2935824996335,33.7033781878342],[-84.2834038661173,33.7034968267743],[-84.2802011322792,33.7035067131584],[-84.2800228714925,33.7052121216791],[-84.2787631684612,33.7052318947987],[-84.2763626041207,33.705098428582],[-84.2740868211631,33.7050835996539],[-84.2715971259801,33.7051626907285],[-84.2719892971955,33.706195806999],[-84.2721913247096,33.7068384076285],[-84.2723042231779,33.7085140925827],[-84.2720368333454,33.7100266309311],[-84.2711039401093,33.7099327154971],[-84.2683468550938,33.7098486871092],[-84.2684349663485,33.7091732646773]]},"properties":{"OBJECTID_1":24677,"OBJECTID":35564,"ID":"122687","TYPE":"AC; OVERHEAD","STATUS":"IN SERVICE","NAICS_CODE":"221121","NAICS_DESC":"ELECTRIC BULK POWER TRANSMISSION AND CONTROL","SOURCE":"IMAGERY, EIA 861, EIA 860","SOURCEDATE":1408406400000,"VAL_METHOD":"IMAGERY","VAL_DATE":1514937600000,"OWNER":"GEORGIA POWER CO","VOLTAGE":115,"VOLT_CLASS":"100-161","INFERRED":"Y","SUB_1":"UNKNOWN116353","SUB_2":"UNKNOWN116608","SHAPE__Len":7925.48560946759,"GlobalID":"c0778d9f-8299-4bff-ab6f-4ef685e3e3ef","Shape__Length":7925.485525064892}},{"type":"Feature","id":24683,"geometry":{"type":"LineString","coordinates":[[-84.4893551279909,33.9008211290981],[-84.4886128024609,33.8999130900458],[-84.4872984432327,33.9007417765002],[-84.4857353979945,33.9015063624418],[-84.4819163462097,33.8974506145182],[-84.4776523723394,33.9002440970523],[-84.4772102880319,33.9008655157299],[-84.4757984696802,33.9008122511724],[-84.4746076952789,33.9010253077118],[-84.4737948295413,33.901179181548],[-84.4727609225482,33.901871612984],[-84.4717270155551,33.9027948441628],[-84.4713063228294,33.9033038005894],[-84.4710282376551,33.9035050147881],[-84.4696819999125,33.9039580001728],[-84.469256999765,33.9044569999745],[-84.4691720002745,33.9047499995146]]},"properties":{"OBJECTID_1":24683,"OBJECTID":35573,"ID":"122696","TYPE":"AC; OVERHEAD","STATUS":"IN SERVICE","NAICS_CODE":"221121","NAICS_DESC":"ELECTRIC BULK POWER TRANSMISSION AND CONTROL","SOURCE":"IMAGERY, EIA 861, EIA 860","SOURCEDATE":1408060800000,"VAL_METHOD":"IMAGERY","VAL_DATE":1514937600000,"OWNER":"GEORGIA POWER CO","VOLTAGE":115,"VOLT_CLASS":"100-161","INFERRED":"Y","SUB_1":"UNKNOWN116281","SUB_2":"UNKNOWN116284","SHAPE__Len":3035.37446611992,"GlobalID":"f2fb8089-d9be-4a23-bc85-2be79daba0b6","Shape__Length":3035.374346991069}},{"type":"Feature","id":24692,"geometry":{"type":"LineString","coordinates":[[-84.7170054659452,33.6978594699525],[-84.7227454311162,33.697997889804],[-84.7377905583268,33.6984032625451],[-84.7483435377882,33.6986702148283],[-84.757281483811,33.6989381535528]]},"properties":{"OBJECTID_1":24692,"OBJECTID":35585,"ID":"122721","TYPE":"AC; OVERHEAD","STATUS":"IN SERVICE","NAICS_CODE":"221121","NAICS_DESC":"ELECTRIC BULK POWER TRANSMISSION AND CONTROL","SOURCE":"IMAGERY, EIA 861, EIA 860","SOURCEDATE":1406160000000,"VAL_METHOD":"IMAGERY","VAL_DATE":1515024000000,"OWNER":"GEORGIA POWER CO","VOLTAGE":115,"VOLT_CLASS":"100-161","INFERRED":"Y","SUB_1":"UNKNOWN115647","SUB_2":"UNKNOWN115648","SHAPE__Len":4485.84082334156,"GlobalID":"0ce05ed4-996d-4339-a758-e5cc8cc81bd3","Shape__Length":4485.84080653623}},{"type":"Feature","id":24699,"geometry":{"type":"LineString","coordinates":[[-84.1214962462426,33.7563406449748],[-84.1215390276097,33.7568109530678],[-84.1222235456528,33.7569532310083],[-84.1250994696956,33.7597671139386],[-84.1266824171089,33.7613202440264],[-84.1267394601294,33.7643276230636],[-84.129762745608,33.7645686828335],[-84.1472512212211,33.782002240901],[-84.1480450705225,33.7827529266571],[-84.1489292400359,33.7834640971564],[-84.1503695789995,33.7848706145372],[-84.1538349487856,33.7882840906302],[-84.1564731938755,33.7908283060268],[-84.1575522600763,33.7919107594626],[-84.1591304536051,33.7934514555065],[-84.1628667786371,33.7965130115884],[-84.1659613687897,33.7991557376053],[-84.1670589995741,33.7990429998563],[-84.166972719086,33.8012258455534],[-84.1672733609571,33.8036193494864],[-84.1674825192979,33.8045633934716],[-84.1678152705505,33.8055745758328],[-84.1682112012154,33.8056328785473]]},"properties":{"OBJECTID_1":24699,"OBJECTID":35599,"ID":"122738","TYPE":"AC; OVERHEAD","STATUS":"IN SERVICE","NAICS_CODE":"221121","NAICS_DESC":"ELECTRIC BULK POWER TRANSMISSION AND CONTROL","SOURCE":"IMAGERY, EIA 861, EIA 860","SOURCEDATE":1408406400000,"VAL_METHOD":"IMAGERY","VAL_DATE":1514937600000,"OWNER":"GEORGIA POWER CO","VOLTAGE":115,"VOLT_CLASS":"100-161","INFERRED":"Y","SUB_1":"UNKNOWN116180","SUB_2":"UNKNOWN116600","SHAPE__Len":8844.94622864208,"GlobalID":"8c8bcf2b-360d-4e78-9854-4baa7e374e29","Shape__Length":8844.94622024911}},{"type":"Feature","id":24707,"geometry":{"type":"LineString","coordinates":[[-84.6192989042058,33.518971087039],[-84.6182032003076,33.519257499914],[-84.6144920002558,33.5205288001697],[-84.6126003997958,33.5211766995631],[-84.6089613003253,33.5224255001731],[-84.606920399865,33.5231162998927],[-84.6046993997666,33.5238844000952],[-84.6026636996535,33.5245752997454],[-84.6013124996172,33.5249549996144],[-84.5980156995925,33.5258818998842],[-84.5946830001941,33.5268155000074],[-84.5918235997626,33.5276346998129],[-84.5898028997181,33.5282305999027],[-84.5878901996287,33.5287615996443],[-84.5865817998241,33.5291342001002],[-84.5838974999062,33.5299901995515],[-84.5812673001279,33.5308376000038],[-84.5770053995693,33.5322105994398],[-84.5753993995892,33.5327255000572],[-84.5721797998816,33.5337616995749],[-84.5695804994542,33.5346369001777],[-84.5677506994924,33.5352140001263],[-84.5654600997225,33.5359755997803],[-84.5639313997726,33.5364753998614],[-84.5611106996619,33.53741069987],[-84.5594970999345,33.5379513000392],[-84.5578319000788,33.5384918998225],[-84.5566224002955,33.5388843999583],[-84.5525841002925,33.5402409998965],[-84.5500636000818,33.5410619997458],[-84.5474798000846,33.5419246997765],[-84.5449777997789,33.5427589000767],[-84.5428970994599,33.5434064996357],[-84.5414239998362,33.5435879995658]]},"properties":{"OBJECTID_1":24707,"OBJECTID":35610,"ID":"122746","TYPE":"AC; OVERHEAD","STATUS":"IN SERVICE","NAICS_CODE":"221121","NAICS_DESC":"ELECTRIC BULK POWER TRANSMISSION AND CONTROL","SOURCE":"IMAGERY, OpenStreetMap, EIA 861, EIA 860","SOURCEDATE":1397088000000,"VAL_METHOD":"IMAGERY","VAL_DATE":1514937600000,"OWNER":"GEORGIA POWER CO","VOLTAGE":115,"VOLT_CLASS":"100-161","INFERRED":"Y","SUB_1":"UNKNOWN113563","SUB_2":"UNKNOWN113565","SHAPE__Len":9277.77119901605,"GlobalID":"64342c6b-8618-4fb3-b2b4-299fe23b5a2e","Shape__Length":9277.771214596432}},{"type":"Feature","id":24852,"geometry":{"type":"LineString","coordinates":[[-84.2366588032094,33.9140945197335],[-84.2349060804956,33.9141017256341],[-84.2317045351287,33.9140543877905],[-84.2270376938029,33.9150544117586],[-84.2252051827256,33.9154597437514],[-84.2236079745572,33.9155869638655],[-84.2215829437347,33.9170425909996],[-84.2200035617348,33.9172615237035],[-84.2199179981023,33.9168443660189],[-84.2196933896368,33.9160899271025]]},"properties":{"OBJECTID_1":24852,"OBJECTID":35825,"ID":"123022","TYPE":"AC; OVERHEAD","STATUS":"IN SERVICE","NAICS_CODE":"221121","NAICS_DESC":"ELECTRIC BULK POWER TRANSMISSION AND CONTROL","SOURCE":"IMAGERY, EIA 861, EIA 860","SOURCEDATE":1407456000000,"VAL_METHOD":"IMAGERY","VAL_DATE":1514937600000,"OWNER":"GEORGIA POWER CO","VOLTAGE":115,"VOLT_CLASS":"100-161","INFERRED":"Y","SUB_1":"UNKNOWN116240","SUB_2":"TAP142326","SHAPE__Len":2115.34660194339,"GlobalID":"ae84bd0d-f029-4d26-ac98-1da0edced41c","Shape__Length":2115.3466160094463}},{"type":"Feature","id":24854,"geometry":{"type":"LineString","coordinates":[[-84.4324061916023,33.6879148497604],[-84.4324806870921,33.688100078173],[-84.4324450347551,33.6883848609398],[-84.429565545299,33.6897692065296],[-84.4277175858937,33.6906344121344],[-84.4262855653297,33.6914551129526],[-84.4246931110457,33.6916677031161],[-84.4221024021057,33.6916627588693],[-84.4183411200784,33.6916034316225],[-84.418311410097,33.6946537938506],[-84.4182935839285,33.696072644924],[-84.4181866278159,33.6974272061782],[-84.4159940333451,33.6971997999742],[-84.4138014379761,33.6971899121169],[-84.4119237676911,33.6973135027778],[-84.4080079942997,33.6972690097119],[-84.4079842257755,33.7010705717735],[-84.407587999565,33.7011770000117]]},"properties":{"OBJECTID_1":24854,"OBJECTID":35827,"ID":"123030","TYPE":"AC; OVERHEAD","STATUS":"IN SERVICE","NAICS_CODE":"221121","NAICS_DESC":"ELECTRIC BULK POWER TRANSMISSION AND CONTROL","SOURCE":"IMAGERY, EIA 861, EIA 860","SOURCEDATE":1408492800000,"VAL_METHOD":"IMAGERY","VAL_DATE":1514937600000,"OWNER":"GEORGIA POWER CO","VOLTAGE":115,"VOLT_CLASS":"100-161","INFERRED":"Y","SUB_1":"UNKNOWN113571","SUB_2":"UNKNOWN113572","SHAPE__Len":4221.26949501925,"GlobalID":"0fe31c7d-1829-4f06-bff9-7bdd8507f9f6","Shape__Length":4221.2695768698895}},{"type":"Feature","id":24865,"geometry":{"type":"LineString","coordinates":[[-84.0871952224705,33.6285700081514],[-84.0856821002059,33.628300099902],[-84.0838126998114,33.6279232000587],[-84.0811497995602,33.6273992995886],[-84.0789317998349,33.6270022000356],[-84.0769069998795,33.6266542995029],[-84.0725275996816,33.6258742999845],[-84.064715499628,33.6240348995012],[-84.0629559003107,33.6236491999842],[-84.0614780998031,33.6233250999891],[-84.0586739996606,33.6227068997824],[-84.0568838998445,33.622320599635],[-84.0552203996013,33.6219700994761],[-84.0533826998549,33.6215610997846],[-84.0517667995421,33.6212370001636],[-84.0492433995696,33.6207376001805],[-84.0472087998927,33.620321099931],[-84.0447667998614,33.6198404999636],[-84.0426077996874,33.6194050994483],[-84.0406772994805,33.6190338998142],[-84.0383959999687,33.6185720997645],[-84.0361780999564,33.6181329996265],[-84.0342566996834,33.6177447998175],[-84.0318327998068,33.6172585001036],[-84.0292166002723,33.6167477997503],[-84.0273087995944,33.6163745995154],[-84.0256633995059,33.6160466995581],[-84.0236491996708,33.6156583998325],[-84.019749799872,33.6149101996132],[-84.017488900202,33.6144729996947],[-84.0155652002419,33.6141148998031],[-84.0130644000854,33.6136059994721],[-84.0120046997655,33.6133914994899],[-84.0108884765497,33.6131892754833]]},"properties":{"OBJECTID_1":24865,"OBJECTID":35850,"ID":"123053","TYPE":"AC; OVERHEAD","STATUS":"IN SERVICE","NAICS_CODE":"221121","NAICS_DESC":"ELECTRIC BULK POWER TRANSMISSION AND CONTROL","SOURCE":"IMAGERY, OpenStreetMap, http://www.psc.state.fl.us/publications/pdf/electricgas/transmissionreport2007.pdf, EIA 861","SOURCEDATE":1397088000000,"VAL_METHOD":"IMAGERY","VAL_DATE":1444262400000,"OWNER":"GEORGIA POWER CO","VOLTAGE":230,"VOLT_CLASS":"220-287","INFERRED":"Y","SUB_1":"UNKNOWN115873","SUB_2":"UNKNOWN116041","SHAPE__Len":8741.24878385509,"GlobalID":"b1d12592-91c1-403c-81d5-7b0106f66bca","Shape__Length":8741.248797452325}},{"type":"Feature","id":24885,"geometry":{"type":"LineString","coordinates":[[-84.2845149994787,34.0095459997047],[-84.2839469893347,34.0095305801649],[-84.2837093094835,34.009491174579],[-84.2805829998183,34.0095219995216],[-84.2803223725032,34.0088311435617],[-84.2799183174749,34.008102149129],[-84.2793241187454,34.0077080940094],[-84.2774345646475,34.0061023047155],[-84.277066161058,34.0057772027792],[-84.2766977574684,34.0048807020301],[-84.276555149917,34.0043979667085],[-84.2763531215046,34.0043093006174],[-84.2762223977661,34.0012157885455],[-84.2750339985105,33.9997970698065],[-84.2746537120063,33.9993143055917],[-84.2742734237055,33.9980137857042],[-84.2740238609397,33.9972945501168],[-84.2737029926017,33.9962304649113],[-84.2735603850504,33.9944766635034],[-84.273308999603,33.9887489996149],[-84.2718138625087,33.9873035099069],[-84.2688067907226,33.9852439850337],[-84.2680937511692,33.9847118678945],[-84.2675827400283,33.9840614975643],[-84.2673159996777,33.9834319998224],[-84.2667049997575,33.9788079997439],[-84.2633163892157,33.9741476755175],[-84.2629799997862,33.9734200000535],[-84.2623655081145,33.9725880804477],[-84.2611899350044,33.9709010617209],[-84.2607512256674,33.9703367476671],[-84.2597354781178,33.9693241155178],[-84.2596380001297,33.9692289998085],[-84.2592699998836,33.9694989995275],[-84.2587779997891,33.9696679998894]]},"properties":{"OBJECTID_1":24885,"OBJECTID":35880,"ID":"123082","TYPE":"AC; OVERHEAD","STATUS":"IN SERVICE","NAICS_CODE":"221121","NAICS_DESC":"ELECTRIC BULK POWER TRANSMISSION AND CONTROL","SOURCE":"IMAGERY, EIA 861, EIA 860","SOURCEDATE":1401840000000,"VAL_METHOD":"IMAGERY","VAL_DATE":1514851200000,"OWNER":"GEORGIA POWER CO","VOLTAGE":230,"VOLT_CLASS":"220-287","INFERRED":"Y","SUB_1":"UNKNOWN111518","SUB_2":"UNKNOWN111538","SHAPE__Len":6706.59360005616,"GlobalID":"07f9595a-5149-4d43-a229-b38cb65d0578","Shape__Length":6706.593494646197}},{"type":"Feature","id":24989,"geometry":{"type":"LineString","coordinates":[[-84.516002470508,34.0194761728202],[-84.5154498655728,34.0194712475138],[-84.5155152278911,34.0147825128691],[-84.5155746478539,34.0085271788903],[-84.5156637777981,34.0063204639691],[-84.5156340678167,34.0054732271764],[-84.5172443482691,34.0016605581324],[-84.5202391131358,33.994591397639],[-84.5216830166145,33.9911132526654],[-84.5234715569552,33.9864229515033],[-84.524178654153,33.984659095993],[-84.524612420061,33.9841417557704],[-84.5266029870177,33.9794165786917],[-84.5290213793233,33.9739027191798],[-84.5320280271045,33.9668460338798],[-84.5330381655735,33.9644361786859],[-84.5337690312954,33.9638447941616],[-84.5347732283071,33.9638349370972],[-84.5347791697644,33.9623761676268],[-84.5356169907006,33.9621987491496],[-84.5354743831493,33.9616517025419]]},"properties":{"OBJECTID_1":24989,"OBJECTID":35017,"ID":"122008","TYPE":"AC; OVERHEAD","STATUS":"IN SERVICE","NAICS_CODE":"221121","NAICS_DESC":"ELECTRIC BULK POWER TRANSMISSION AND CONTROL","SOURCE":"IMAGERY, EIA 861, EIA 860","SOURCEDATE":1408060800000,"VAL_METHOD":"IMAGERY","VAL_DATE":1514937600000,"OWNER":"GEORGIA POWER CO","VOLTAGE":115,"VOLT_CLASS":"100-161","INFERRED":"Y","SUB_1":"UNKNOWN116270","SUB_2":"UNKNOWN116279","SHAPE__Len":8377.81310908262,"GlobalID":"660b6391-3d44-452b-8239-e2125d17800f","Shape__Length":8377.813182108106}},{"type":"Feature","id":25038,"geometry":{"type":"LineString","coordinates":[[-84.3519449270369,33.6423385397662],[-84.3522649994676,33.6426039998982],[-84.3473693787985,33.6471586449391],[-84.3436237597965,33.6506447750372],[-84.3429582554947,33.6513323078388],[-84.3414371058848,33.6531821907415],[-84.3402724751532,33.6546511870088],[-84.3378124899516,33.6578017789679],[-84.3371588712593,33.6575841588595],[-84.336618150137,33.6577721025454],[-84.3360298919664,33.657791886579],[-84.3353519998968,33.6576570000409],[-84.3326543330475,33.6574921451589],[-84.3302669999928,33.6575939996793],[-84.3265279997779,33.6576900001406],[-84.3258512575518,33.6581084237685],[-84.3245261931004,33.6581133684495],[-84.3231951871917,33.658147990181],[-84.3211093170683,33.6584002260073]]},"properties":{"OBJECTID_1":25038,"OBJECTID":36523,"ID":"123876","TYPE":"AC; OVERHEAD","STATUS":"IN SERVICE","NAICS_CODE":"221121","NAICS_DESC":"ELECTRIC BULK POWER TRANSMISSION AND CONTROL","SOURCE":"IMAGERY, EIA 861, EIA 860","SOURCEDATE":1407801600000,"VAL_METHOD":"IMAGERY","VAL_DATE":1514937600000,"OWNER":"GEORGIA POWER CO","VOLTAGE":115,"VOLT_CLASS":"100-161","INFERRED":"Y","SUB_1":"UNKNOWN116350","SUB_2":"TAP142237","SHAPE__Len":4543.36211883231,"GlobalID":"c6d8d460-d3dc-4413-971d-5468d5c8740c","Shape__Length":4543.361987422123}},{"type":"Feature","id":25106,"geometry":{"type":"LineString","coordinates":[[-84.4544633936475,33.8213338825212],[-84.455371309227,33.8213897079763],[-84.4556280028195,33.8211961975371],[-84.4575437014854,33.8211961975371],[-84.4581570891277,33.8211421436757],[-84.4585032450409,33.8210438206224],[-84.4590410834695,33.820781532968],[-84.459430878641,33.8206077676723],[-84.4615319680219,33.8197033934399],[-84.4618179996932,33.8194599998974],[-84.4627359997602,33.81875599984],[-84.4657572388766,33.8161511105808],[-84.4667749178041,33.8153476446078]]},"properties":{"OBJECTID_1":25106,"OBJECTID":35108,"ID":"122131","TYPE":"AC; OVERHEAD","STATUS":"IN SERVICE","NAICS_CODE":"221121","NAICS_DESC":"ELECTRIC BULK POWER TRANSMISSION AND CONTROL","SOURCE":"IMAGERY, EIA 861, EIA 860","SOURCEDATE":1401840000000,"VAL_METHOD":"IMAGERY","VAL_DATE":1514937600000,"OWNER":"GEORGIA POWER CO","VOLTAGE":115,"VOLT_CLASS":"100-161","INFERRED":"Y","SUB_1":"TAP142586","SUB_2":"TAP142611","SHAPE__Len":1670.2905436986,"GlobalID":"fdae8d46-754b-4c17-8060-8dfd2c7fd7dd","Shape__Length":1670.2906197651248}},{"type":"Feature","id":25114,"geometry":{"type":"LineString","coordinates":[[-84.0408746827047,34.0341222194894],[-84.0411551448212,34.0344728184607],[-84.042286500158,34.0356782388478]]},"properties":{"OBJECTID_1":25114,"OBJECTID":35119,"ID":"122142","TYPE":"AC; OVERHEAD","STATUS":"IN SERVICE","NAICS_CODE":"221121","NAICS_DESC":"ELECTRIC BULK POWER TRANSMISSION AND CONTROL","SOURCE":"IMAGERY, EIA 861","SOURCEDATE":1407110400000,"VAL_METHOD":"IMAGERY","VAL_DATE":1493078400000,"OWNER":"GEORGIA POWER CO","VOLTAGE":115,"VOLT_CLASS":"100-161","INFERRED":"Y","SUB_1":"UNKNOWN116107","SUB_2":"TAP152056","SHAPE__Len":261.641540244376,"GlobalID":"200e8201-fbf7-46da-9054-20546be41bba","Shape__Length":261.64160825765833}},{"type":"Feature","id":25134,"geometry":{"type":"LineString","coordinates":[[-84.0693906719297,34.0660348219819],[-84.0695377494979,34.0656840461627],[-84.0736536217206,34.0615510707464],[-84.0774544448917,34.0579178317843],[-84.0849770637434,34.0506928066753],[-84.0923878791731,34.043662229982],[-84.1035111343297,34.0329203704447],[-84.1061396506651,34.0303717674969],[-84.1088251462407,34.0276970906317],[-84.1095004879932,34.0270151974595],[-84.1122968796923,34.024358614671],[-84.1135157327344,34.023324838991],[-84.114487337071,34.0219774670727],[-84.115342836852,34.020752361821],[-84.1162037570675,34.0195223485774],[-84.1169891092047,34.0185084581738],[-84.1175683959004,34.0178198517449],[-84.1189924502046,34.0164324145041],[-84.1234372199073,34.0121866500879],[-84.126645861965,34.009127937587],[-84.1311202545126,34.0048326297635],[-84.1330101346989,34.0030491438135],[-84.1365353565374,33.999811238463],[-84.1385697343304,33.9983143129915]]},"properties":{"OBJECTID_1":25134,"OBJECTID":35150,"ID":"122180","TYPE":"AC; OVERHEAD","STATUS":"IN SERVICE","NAICS_CODE":"221121","NAICS_DESC":"ELECTRIC BULK POWER TRANSMISSION AND CONTROL","SOURCE":"IMAGERY, OpenStreetMap, EIA 861","SOURCEDATE":1407456000000,"VAL_METHOD":"IMAGERY","VAL_DATE":1493078400000,"OWNER":"GEORGIA POWER CO","VOLTAGE":115,"VOLT_CLASS":"100-161","INFERRED":"Y","SUB_1":"UNKNOWN116219","SUB_2":"UNKNOWN116232","SHAPE__Len":11937.1741537889,"GlobalID":"361689c3-2747-45a8-aab3-65432b61f46f","Shape__Length":11937.174208781176}},{"type":"Feature","id":25140,"geometry":{"type":"LineString","coordinates":[[-84.0919564372068,33.8078216499165],[-84.086157052073,33.8088634040015],[-84.085473722501,33.8091596344554],[-84.0851944488556,33.8102359319192],[-84.0803279569579,33.8124526679917],[-84.0736432138397,33.8155431647676],[-84.0676477426492,33.8183570985314],[-84.062365311012,33.8207908296857],[-84.05345826434,33.8248682851814],[-84.050249587248,33.8263392808258],[-84.0499168359954,33.8294194039521],[-84.0496197361815,33.8319367298386],[-84.050249587248,33.8341775806435],[-84.0482391082348,33.8358036166403],[-84.0472408526804,33.8381786125138],[-84.0470483320369,33.8387175667493],[-84.0474832855177,33.8388656307751],[-84.0481464128773,33.8387708708131]]},"properties":{"OBJECTID_1":25140,"OBJECTID":35156,"ID":"122186","TYPE":"AC; OVERHEAD","STATUS":"IN SERVICE","NAICS_CODE":"221121","NAICS_DESC":"ELECTRIC BULK POWER TRANSMISSION AND CONTROL","SOURCE":"IMAGERY, EIA 861, EIA 860","SOURCEDATE":1407283200000,"VAL_METHOD":"IMAGERY","VAL_DATE":1514851200000,"OWNER":"GEORGIA POWER CO","VOLTAGE":115,"VOLT_CLASS":"100-161","INFERRED":"Y","SUB_1":"UNKNOWN116163","SUB_2":"UNKNOWN116170","SHAPE__Len":7256.05141460006,"GlobalID":"8c34f50e-08bf-4489-9fa9-b44e200ea09b","Shape__Length":7256.05145070726}},{"type":"Feature","id":25196,"geometry":{"type":"LineString","coordinates":[[-84.361885880702,33.6072755458194],[-84.3616245410229,33.6073538739347],[-84.360935746999,33.6073450351476],[-84.3564435660122,33.607305443894],[-84.3506347476697,33.6072381406664],[-84.3470109060843,33.606977962824],[-84.3417620929984,33.6066186197625],[-84.3387294928886,33.6064958489732],[-84.3357008848919,33.6064008134363],[-84.3346107397688,33.6063295135216],[-84.3339169196709,33.606264005892],[-84.3331541278238,33.605777486531]]},"properties":{"OBJECTID_1":25196,"OBJECTID":35236,"ID":"122289","TYPE":"AC; OVERHEAD","STATUS":"IN SERVICE","NAICS_CODE":"221121","NAICS_DESC":"ELECTRIC BULK POWER TRANSMISSION AND CONTROL","SOURCE":"IMAGERY, EIA 861, EIA 860","SOURCEDATE":1407801600000,"VAL_METHOD":"IMAGERY","VAL_DATE":1513296000000,"OWNER":"GEORGIA POWER CO","VOLTAGE":115,"VOLT_CLASS":"100-161","INFERRED":"Y","SUB_1":"UNKNOWN116018","SUB_2":"UNKNOWN116349","SHAPE__Len":3227.34243186376,"GlobalID":"19ec0117-623d-4054-abf3-c7b4c993b297","Shape__Length":3227.3424525634964}},{"type":"Feature","id":25274,"geometry":{"type":"LineString","coordinates":[[-84.394335999493,33.8117750001385],[-84.3943883281549,33.8116306181319],[-84.3947467541567,33.8116125690578],[-84.3947254577963,33.8114031854875],[-84.3976238567891,33.8113157201318],[-84.3997743696804,33.8111995777045],[-84.4028995447734,33.8096577075906],[-84.404979318031,33.8085342707048],[-84.407592245003,33.8071806634494],[-84.4128983131119,33.804457616748],[-84.414129745263,33.8040168318419],[-84.4155528653192,33.8036048496069],[-84.4158660952824,33.8049445109077],[-84.4164364473344,33.8078196099566],[-84.4168277678452,33.8097149886852],[-84.4177490090336,33.8109349154487],[-84.41964659946,33.812242193032],[-84.4210057756377,33.813166154809],[-84.4240098623221,33.8153224507405],[-84.4269189270123,33.8173444559091],[-84.4325939197337,33.8214827050451],[-84.4403608426134,33.8274217074589],[-84.4494877591377,33.8344504670642],[-84.4558193026525,33.8392831966881],[-84.4570809298752,33.8402838271268],[-84.4579793278043,33.8412578136315],[-84.4588045552586,33.8426444007185],[-84.4593462492564,33.8435442235228],[-84.461057538076,33.8465862056224],[-84.4620179916249,33.8482368509885],[-84.4628626828765,33.8496060887576],[-84.4634995183443,33.8473995820784],[-84.4646879894652,33.8429932589914],[-84.4668423570274,33.8353324708667],[-84.468204838107,33.833169182441],[-84.469596251227,33.8321608059217],[-84.4742137822302,33.828727589825],[-84.4787381633284,33.8264701210863],[-84.4780884244598,33.8243830380067],[-84.477680000026,33.8225471747497],[-84.4767799995024,33.8228379994786]]},"properties":{"OBJECTID_1":25274,"OBJECTID":35353,"ID":"122425","TYPE":"AC; OVERHEAD","STATUS":"IN SERVICE","NAICS_CODE":"221121","NAICS_DESC":"ELECTRIC BULK POWER TRANSMISSION AND CONTROL","SOURCE":"IMAGERY, EIA 860, OpenStreetMap","SOURCEDATE":1408060800000,"VAL_METHOD":"IMAGERY","VAL_DATE":1470787200000,"OWNER":"GEORGIA POWER CO","VOLTAGE":230,"VOLT_CLASS":"220-287","INFERRED":"N","SUB_1":"SHEPHERD CENTER","SUB_2":"JACK MCDONOUGH","SHAPE__Len":15425.1607972176,"GlobalID":"765df2dd-5a4b-459a-a104-03c5abf5e91b","Shape__Length":15425.161056201556}},{"type":"Feature","id":25310,"geometry":{"type":"LineString","coordinates":[[-84.3709229998339,33.9439799998743],[-84.3707759995208,33.943613999774],[-84.3727389998763,33.9406330000104],[-84.3735890001712,33.9372789999961],[-84.372801875658,33.9372223969526],[-84.3716253611135,33.9373900088681],[-84.3704607312802,33.9374886041337],[-84.3698308793154,33.9374393065152],[-84.3679413252175,33.9369660476269],[-84.365766556017,33.9363153136646],[-84.3647801851738,33.9359702249803],[-84.3640077256576,33.9355561170112],[-84.3642691740328,33.9352406048968],[-84.3634372945539,33.9346490159724],[-84.3626648350377,33.9341067225144],[-84.3616071613171,33.9335841467437],[-84.3603949935373,33.933239046991],[-84.3567822623154,33.9331996067812],[-84.355784006761,33.9331503066795],[-84.3558671952479,33.9336827456709],[-84.3553561841069,33.9353490615261],[-84.3538469183098,33.9353392026513],[-84.352690427213,33.9354752077706],[-84.3524129996055,33.935807000084]]},"properties":{"OBJECTID_1":25310,"OBJECTID":35402,"ID":"122478","TYPE":"AC; OVERHEAD","STATUS":"IN SERVICE","NAICS_CODE":"221121","NAICS_DESC":"ELECTRIC BULK POWER TRANSMISSION AND CONTROL","SOURCE":"IMAGERY, EIA 861, EIA 860","SOURCEDATE":1401840000000,"VAL_METHOD":"IMAGERY","VAL_DATE":1514937600000,"OWNER":"GEORGIA POWER CO","VOLTAGE":230,"VOLT_CLASS":"220-287","INFERRED":"Y","SUB_1":"UNKNOWN111522","SUB_2":"UNKNOWN111523","SHAPE__Len":3821.80729799019,"GlobalID":"c4188e21-5215-44bb-bdd3-77808c76b110","Shape__Length":3821.807482917412}},{"type":"Feature","id":25328,"geometry":{"type":"LineString","coordinates":[[-84.3785910002345,34.1056599995996],[-84.3787450828653,34.1053339560276],[-84.3787510252209,34.1044877090288],[-84.3819723775415,34.1039222270579],[-84.3937993207895,34.1040481817888],[-84.4060635944604,34.1042056238232],[-84.4140876627852,34.1019856526282],[-84.4164454448602,34.1019069295823],[-84.4185133082538,34.1017632949628],[-84.420575398175,34.1016761298189],[-84.4243616937913,34.1015374867566],[-84.4286142141418,34.1013630778101],[-84.4328390600933,34.1013258095658],[-84.4369391587979,34.1013012506898],[-84.4399159771218,34.1012900996665],[-84.444657700213,34.1012856001303],[-84.4454902660048,34.1012146221288],[-84.4491932410819,34.1008852326919],[-84.4532818970465,34.1004997798821],[-84.4558096206104,34.1002399881729],[-84.459364121239,34.0999122939187],[-84.4634698299225,34.0994957930197],[-84.4671942998877,34.0992035998837],[-84.4671493212414,34.0988435909104],[-84.4672070002692,34.0986729999084]]},"properties":{"OBJECTID_1":25328,"OBJECTID":35431,"ID":"122521","TYPE":"AC; OVERHEAD","STATUS":"IN SERVICE","NAICS_CODE":"221121","NAICS_DESC":"ELECTRIC BULK POWER TRANSMISSION AND CONTROL","SOURCE":"IMAGERY, EIA 861, EIA 860","SOURCEDATE":1401408000000,"VAL_METHOD":"IMAGERY","VAL_DATE":1514851200000,"OWNER":"GEORGIA POWER CO","VOLTAGE":230,"VOLT_CLASS":"220-287","INFERRED":"Y","SUB_1":"UNKNOWN111160","SUB_2":"UNKNOWN111524","SHAPE__Len":10153.592148278,"GlobalID":"4894a9c0-4013-464c-ab20-48871da1e521","Shape__Length":10153.59204281311}},{"type":"Feature","id":25457,"geometry":{"type":"LineString","coordinates":[[-84.5354743831493,33.9616517025419],[-84.5359047022215,33.960880114681],[-84.5348113761639,33.9606336947852],[-84.5346450000885,33.9597613601295],[-84.5342112341805,33.9590713714625],[-84.5284593851967,33.9629795891458],[-84.5074369525272,33.9637909274884]]},"properties":{"OBJECTID_1":25457,"OBJECTID":36176,"ID":"123433","TYPE":"AC; OVERHEAD","STATUS":"IN SERVICE","NAICS_CODE":"221121","NAICS_DESC":"ELECTRIC BULK POWER TRANSMISSION AND CONTROL","SOURCE":"IMAGERY, EIA 861, EIA 860","SOURCEDATE":1408060800000,"VAL_METHOD":"IMAGERY","VAL_DATE":1514937600000,"OWNER":"GEORGIA POWER CO","VOLTAGE":115,"VOLT_CLASS":"100-161","INFERRED":"Y","SUB_1":"UNKNOWN116279","SUB_2":"TAP155363","SHAPE__Len":3633.64967552755,"GlobalID":"e8dea780-181c-4ea0-b59e-187682229123","Shape__Length":3633.6498218445504}},{"type":"Feature","id":25485,"geometry":{"type":"LineString","coordinates":[[-84.3119563323328,33.8513972494934],[-84.3125247574985,33.850896277151],[-84.317530715539,33.8467091646551],[-84.3248251093079,33.8406151967597],[-84.3280185527693,33.8379449529235],[-84.3305303851358,33.8355914866764],[-84.3314277913248,33.8347841806889]]},"properties":{"OBJECTID_1":25485,"OBJECTID":36218,"ID":"123484","TYPE":"AC; OVERHEAD","STATUS":"IN SERVICE","NAICS_CODE":"221121","NAICS_DESC":"ELECTRIC BULK POWER TRANSMISSION AND CONTROL","SOURCE":"IMAGERY, EIA 861, EIA 860","SOURCEDATE":1408320000000,"VAL_METHOD":"IMAGERY","VAL_DATE":1514937600000,"OWNER":"GEORGIA POWER CO","VOLTAGE":115,"VOLT_CLASS":"100-161","INFERRED":"Y","SUB_1":"UNKNOWN116568","SUB_2":"TAP142249","SHAPE__Len":3108.08343755653,"GlobalID":"2f805918-c016-4d4b-9dcd-0108620528f2","Shape__Length":3108.083417530078}},{"type":"Feature","id":25498,"geometry":{"type":"LineString","coordinates":[[-84.3035127768215,33.8585152037379],[-84.3050998987059,33.8571610121111],[-84.3087508361752,33.854093581804],[-84.311476187305,33.8518204150713],[-84.3119563323328,33.8513972494934]]},"properties":{"OBJECTID_1":25498,"OBJECTID":36242,"ID":"123575","TYPE":"AC; OVERHEAD","STATUS":"IN SERVICE","NAICS_CODE":"221121","NAICS_DESC":"ELECTRIC BULK POWER TRANSMISSION AND CONTROL","SOURCE":"IMAGERY, EIA 861, EIA 860","SOURCEDATE":1408406400000,"VAL_METHOD":"IMAGERY","VAL_DATE":1514937600000,"OWNER":"GEORGIA POWER CO","VOLTAGE":115,"VOLT_CLASS":"100-161","INFERRED":"Y","SUB_1":"TAP142249","SUB_2":"UNKNOWN153385","SHAPE__Len":1339.38058512361,"GlobalID":"e2dc3be0-1602-45dc-a257-73af91cca3e2","Shape__Length":1339.3806495991614}},{"type":"Feature","id":25580,"geometry":{"type":"LineString","coordinates":[[-84.0000224890089,33.9303315188581],[-84.000369501915,33.9305405579821],[-84.0013297281901,33.9318894386445],[-84.0021425921312,33.9329779946027],[-84.0035781781086,33.934911525531],[-84.0056673827784,33.9375913810729],[-84.0069437226088,33.9386680321662],[-84.0087904935429,33.9413891778457],[-84.0121774296249,33.9464526420991],[-84.0152648898491,33.9507646309157],[-84.0162061014847,33.952509475022],[-84.0179173956942,33.9555850461126],[-84.019022606463,33.957560449868],[-84.019486081454,33.9580040217859],[-84.0199852087821,33.9580631644838]]},"properties":{"OBJECTID_1":25580,"OBJECTID":36372,"ID":"123686","TYPE":"AC; OVERHEAD","STATUS":"IN SERVICE","NAICS_CODE":"221121","NAICS_DESC":"ELECTRIC BULK POWER TRANSMISSION AND CONTROL","SOURCE":"IMAGERY, EIA 861, EIA 860","SOURCEDATE":1407283200000,"VAL_METHOD":"IMAGERY","VAL_DATE":1514851200000,"OWNER":"GEORGIA POWER CO","VOLTAGE":115,"VOLT_CLASS":"100-161","INFERRED":"Y","SUB_1":"UNKNOWN116173","SUB_2":"UNKNOWN116175","SHAPE__Len":4372.66912059409,"GlobalID":"b0e9c2be-b0e6-41c5-8f0b-9780d8ae732d","Shape__Length":4372.669100288466}},{"type":"Feature","id":25622,"geometry":{"type":"LineString","coordinates":[[-84.468375999508,33.8175749998918],[-84.4684721964985,33.8180541740135],[-84.4691515896529,33.8191100395375],[-84.4713314316399,33.8225873131661],[-84.4721365817476,33.8241426787058],[-84.4726984411269,33.8249870687484],[-84.4729524200105,33.8253376550551],[-84.4728720001313,33.8257419998701]]},"properties":{"OBJECTID_1":25622,"OBJECTID":36431,"ID":"123766","TYPE":"AC; OVERHEAD","STATUS":"IN SERVICE","NAICS_CODE":"221121","NAICS_DESC":"ELECTRIC BULK POWER TRANSMISSION AND CONTROL","SOURCE":"IMAGERY, EIA 861, EIA 860","SOURCEDATE":1408060800000,"VAL_METHOD":"IMAGERY","VAL_DATE":1514937600000,"OWNER":"GEORGIA POWER CO","VOLTAGE":115,"VOLT_CLASS":"100-161","INFERRED":"Y","SUB_1":"UNKNOWN111548","SUB_2":"UNKNOWN111551","SHAPE__Len":1216.74948403398,"GlobalID":"cd490358-38ee-46ea-b4e1-12ca95213a92","Shape__Length":1216.7495012170123}},{"type":"Feature","id":25629,"geometry":{"type":"LineString","coordinates":[[-84.5682975498199,33.994173061561],[-84.5670174999474,33.9936639809121],[-84.5672275997227,33.9928610995601],[-84.5673786002337,33.9927565996283],[-84.5690347899871,33.9930349237168],[-84.5715973726756,33.9934090916245],[-84.5731311265473,33.9924891658825],[-84.573712008651,33.993921939461],[-84.5759353731152,33.9937928567584],[-84.5781872860391,33.9936546479146],[-84.578248096594,33.9917687208775],[-84.5782970026747,33.9897878067474],[-84.5805412969867,33.989805660985],[-84.5826070960517,33.9898271671023],[-84.5841804081352,33.989874485904],[-84.5862488087213,33.990763081628],[-84.5897572015213,33.9901070805577],[-84.5915244859259,33.9898104099986],[-84.5951485098692,33.9899300759656],[-84.5989706060446,33.9900029101756],[-84.6015799792813,33.9879008255898],[-84.602936668024,33.9868184006648],[-84.6039989231525,33.9847177054494],[-84.6051041743455,33.9824174148461],[-84.605486199988,33.9815144000012],[-84.605674200309,33.9811890996838],[-84.6055166933003,33.9811065496036],[-84.6053541961503,33.9809474076911]]},"properties":{"OBJECTID_1":25629,"OBJECTID":36446,"ID":"123781","TYPE":"AC; OVERHEAD","STATUS":"IN SERVICE","NAICS_CODE":"221121","NAICS_DESC":"ELECTRIC BULK POWER TRANSMISSION AND CONTROL","SOURCE":"IMAGERY, OpenStreetMap, EIA 861, EIA 860","SOURCEDATE":1397088000000,"VAL_METHOD":"IMAGERY","VAL_DATE":1512950400000,"OWNER":"GEORGIA POWER CO","VOLTAGE":230,"VOLT_CLASS":"220-287","INFERRED":"Y","SUB_1":"UNKNOWN116556","SUB_2":"BIG SHANTY","SHAPE__Len":6023.76082933745,"GlobalID":"6d995988-5e01-4b55-a2b2-3c2afeeda614","Shape__Length":6023.760877729154}},{"type":"Feature","id":25662,"geometry":{"type":"LineString","coordinates":[[-84.4062990770324,33.7357425398299],[-84.4063929599627,33.7361250041324],[-84.4082611224787,33.7361487227348],[-84.4082611224787,33.7372397735968],[-84.4083110355708,33.7407085108215],[-84.4083395570811,33.7424220747684],[-84.4089242498383,33.7423627825863]]},"properties":{"OBJECTID_1":25662,"OBJECTID":36494,"ID":"123835","TYPE":"AC; OVERHEAD","STATUS":"IN SERVICE","NAICS_CODE":"221121","NAICS_DESC":"ELECTRIC BULK POWER TRANSMISSION AND CONTROL","SOURCE":"IMAGERY, EIA 861, EIA 860","SOURCEDATE":1408579200000,"VAL_METHOD":"IMAGERY","VAL_DATE":1514937600000,"OWNER":"GEORGIA POWER CO","VOLTAGE":115,"VOLT_CLASS":"100-161","INFERRED":"Y","SUB_1":"UNKNOWN115972","SUB_2":"UNKNOWN116619","SHAPE__Len":1165.65420004906,"GlobalID":"92c10ff4-d3d5-4252-9536-b4d30cfa4b60","Shape__Length":1165.654165004933}},{"type":"Feature","id":25768,"geometry":{"type":"LineString","coordinates":[[-84.5682975498199,33.994173061561],[-84.5665406113125,33.9942555624552],[-84.5664738000116,33.9947545000828],[-84.56561699947,33.9948001001612],[-84.5656186326072,33.9940755739424],[-84.5656175483406,33.9930416030666],[-84.5667494732093,33.992354594776],[-84.564662269986,33.9903011978164],[-84.5633152165731,33.9890227568502],[-84.5611680579911,33.9870000946171],[-84.5595534907781,33.9854569264481],[-84.5586374122076,33.9845889506611],[-84.5570348572666,33.9830778939344],[-84.5557105770444,33.9818133081384],[-84.5547602555935,33.9808985911303],[-84.5528974542232,33.9791565961146],[-84.5514172237727,33.977756060835],[-84.5503141240448,33.9767121609801],[-84.5493079237901,33.9757600611575],[-84.5484839252311,33.9749802607545],[-84.5481670238534,33.9746803608896],[-84.546910523316,33.9734913599624],[-84.5456028241973,33.9722539596772],[-84.5444061649326,33.9711214986514],[-84.5432341904736,33.9700046228457],[-84.5416679310634,33.9685156654758],[-84.5401570761466,33.9670905136132],[-84.5385467759312,33.965573877699],[-84.5372445035352,33.9642127054813],[-84.5367311190452,33.9629648466119],[-84.5364334047837,33.9623822637633],[-84.5349536621184,33.9624377399267],[-84.5346482061757,33.961427538043],[-84.5347888940273,33.9610701389081],[-84.5354743831493,33.9616517025419]]},"properties":{"OBJECTID_1":25768,"OBJECTID":36691,"ID":"124071","TYPE":"AC; OVERHEAD","STATUS":"IN SERVICE","NAICS_CODE":"221121","NAICS_DESC":"ELECTRIC BULK POWER TRANSMISSION AND CONTROL","SOURCE":"IMAGERY, OpenStreetMap, EIA 861, EIA 860","SOURCEDATE":1397088000000,"VAL_METHOD":"IMAGERY","VAL_DATE":1512950400000,"OWNER":"GEORGIA POWER CO","VOLTAGE":230,"VOLT_CLASS":"220-287","INFERRED":"Y","SUB_1":"UNKNOWN116279","SUB_2":"BIG SHANTY","SHAPE__Len":6483.6078260363,"GlobalID":"bd38a8ed-8fc7-4cb4-8371-79d4166856cb","Shape__Length":6483.607911075419}},{"type":"Feature","id":25815,"geometry":{"type":"LineString","coordinates":[[-84.4824546715252,33.9225009649523],[-84.4782239730496,33.9224102418255],[-84.4775869911564,33.9223984075892],[-84.4769024740116,33.9226192996445],[-84.475799640185,33.9224654645126],[-84.474478141147,33.922627189115],[-84.4737936231038,33.9227613018035],[-84.4729379759991,33.9230058597357],[-84.4720110251187,33.9236290848164],[-84.470832133632,33.9241694726583],[-84.4700240226771,33.9242523060831],[-84.4691968970826,33.9241931391463],[-84.4687215382786,33.9241497508283],[-84.468203396311,33.9230492486363],[-84.4677613111051,33.922011845487],[-84.4674000383423,33.9210927665178],[-84.4692206647084,33.9211243234703],[-84.469239679348,33.9209902074595],[-84.4687179908316,33.9208175554644]]},"properties":{"OBJECTID_1":25815,"OBJECTID":36765,"ID":"124171","TYPE":"AC; OVERHEAD","STATUS":"IN SERVICE","NAICS_CODE":"221121","NAICS_DESC":"ELECTRIC BULK POWER TRANSMISSION AND CONTROL","SOURCE":"IMAGERY, EIA 861, EIA 860","SOURCEDATE":1408320000000,"VAL_METHOD":"IMAGERY","VAL_DATE":1514937600000,"OWNER":"GEORGIA POWER CO","VOLTAGE":115,"VOLT_CLASS":"100-161","INFERRED":"Y","SUB_1":"UNKNOWN116541","SUB_2":"TAP142621","SHAPE__Len":2314.22279453848,"GlobalID":"9c21edaa-f8b1-4b85-a3ab-e1da57ac7fab","Shape__Length":2314.222748386716}},{"type":"Feature","id":25841,"geometry":{"type":"LineString","coordinates":[[-84.2593964072172,33.8512074431763],[-84.2597857649091,33.8510664431574],[-84.2597921438459,33.8506300748322],[-84.2605515310781,33.8506182321262],[-84.2594641455795,33.8501267255562],[-84.257653026084,33.8493420877581],[-84.2563125133047,33.8487114104689],[-84.2559381664611,33.8481281044751],[-84.2556779074554,33.8477698279011],[-84.2555596622145,33.8471320751699],[-84.2554319092047,33.8463367080724],[-84.255498040481,33.8459593510724],[-84.2556244298482,33.8455520347189],[-84.2555879995701,33.8452170000309],[-84.256882000279,33.8443700000039],[-84.2568630000125,33.8402390000996],[-84.2569102855324,33.8355934006165],[-84.2570809995724,33.8343140000848],[-84.2583226590429,33.8322697108036],[-84.2586349996739,33.8316719996736],[-84.2592573650792,33.8299547890058],[-84.2588795597218,33.8294585436729],[-84.2581628487539,33.8279379258518],[-84.2566690321831,33.8268154506826],[-84.2569863351077,33.8264156205664]]},"properties":{"OBJECTID_1":25841,"OBJECTID":36806,"ID":"124215","TYPE":"AC; OVERHEAD","STATUS":"IN SERVICE","NAICS_CODE":"221121","NAICS_DESC":"ELECTRIC BULK POWER TRANSMISSION AND CONTROL","SOURCE":"IMAGERY, EIA 861, EIA 860","SOURCEDATE":1408406400000,"VAL_METHOD":"IMAGERY","VAL_DATE":1514937600000,"OWNER":"GEORGIA POWER CO","VOLTAGE":115,"VOLT_CLASS":"100-161","INFERRED":"Y","SUB_1":"UNKNOWN116578","SUB_2":"UNKNOWN116579","SHAPE__Len":3970.97561596239,"GlobalID":"8324f996-23eb-412a-a927-616764118f71","Shape__Length":3970.975744600428}},{"type":"Feature","id":25895,"geometry":{"type":"LineString","coordinates":[[-84.645532636315,33.5032781216467],[-84.6459548606682,33.5036539636979],[-84.6456411240552,33.5040820516113]]},"properties":{"OBJECTID_1":25895,"OBJECTID":36894,"ID":"124359","TYPE":"AC; OVERHEAD","STATUS":"IN SERVICE","NAICS_CODE":"221121","NAICS_DESC":"ELECTRIC BULK POWER TRANSMISSION AND CONTROL","SOURCE":"IMAGERY, EIA 861, EIA 860","SOURCEDATE":1407974400000,"VAL_METHOD":"IMAGERY","VAL_DATE":1509580800000,"OWNER":"GEORGIA POWER CO","VOLTAGE":115,"VOLT_CLASS":"100-161","INFERRED":"Y","SUB_1":"UNKNOWN116440","SUB_2":"TAP142605","SHAPE__Len":135.727858994806,"GlobalID":"ae9f71e8-1539-4972-9986-9acd14ed97ef","Shape__Length":135.72778244401792}},{"type":"Feature","id":25926,"geometry":{"type":"LineString","coordinates":[[-84.4305567670447,33.6157900830213],[-84.4296442116667,33.6153619918531]]},"properties":{"OBJECTID_1":25926,"OBJECTID":36944,"ID":"124370","TYPE":"AC; OVERHEAD","STATUS":"IN SERVICE","NAICS_CODE":"221121","NAICS_DESC":"ELECTRIC BULK POWER TRANSMISSION AND CONTROL","SOURCE":"IMAGERY, EIA 861, EIA 860","SOURCEDATE":1407801600000,"VAL_METHOD":"IMAGERY","VAL_DATE":1513641600000,"OWNER":"GEORGIA POWER CO","VOLTAGE":115,"VOLT_CLASS":"100-161","INFERRED":"Y","SUB_1":"UNKNOWN116334","SUB_2":"TAP142599","SHAPE__Len":116.594104214657,"GlobalID":"b37e419e-9d83-4d3b-b0ee-9a19c298e4a1","Shape__Length":116.59415190933547}},{"type":"Feature","id":25983,"geometry":{"type":"LineString","coordinates":[[-84.2137904476155,33.9324796671368],[-84.2147791693498,33.9319474867074],[-84.2156182811651,33.9317273179661],[-84.2165279628325,33.9309012299299],[-84.217511402473,33.930380898853],[-84.2227534889741,33.9258872751265],[-84.226655786738,33.9225624721778],[-84.2281813048551,33.9213202604716],[-84.2310524750134,33.9189889974875],[-84.2330682343239,33.9173478108565],[-84.2349461264927,33.9157776035844],[-84.2390677641029,33.9123255965588],[-84.2410683113423,33.9105943555184],[-84.2428052183172,33.9092675900998],[-84.2434225738181,33.9096761300386]]},"properties":{"OBJECTID_1":25983,"OBJECTID":37054,"ID":"124506","TYPE":"AC; OVERHEAD","STATUS":"IN SERVICE","NAICS_CODE":"221121","NAICS_DESC":"ELECTRIC BULK POWER TRANSMISSION AND CONTROL","SOURCE":"IMAGERY, EIA 861","SOURCEDATE":1407369600000,"VAL_METHOD":"IMAGERY","VAL_DATE":1493078400000,"OWNER":"GEORGIA POWER CO","VOLTAGE":230,"VOLT_CLASS":"220-287","INFERRED":"Y","SUB_1":"UNKNOWN116083","SUB_2":"NORCROSS","SHAPE__Len":4591.31029660025,"GlobalID":"698c975b-cc4c-4e24-88c6-91fe57a5c000","Shape__Length":4591.310312706461}},{"type":"Feature","id":26033,"geometry":{"type":"LineString","coordinates":[[-84.3782189997905,33.7452339994942],[-84.3776059750676,33.745500565658],[-84.3765149999011,33.7455189999078],[-84.3765364166358,33.7467693659758],[-84.3765808688693,33.7491415686842],[-84.3764599996495,33.7577909998942],[-84.3720169996279,33.7577380001312],[-84.3718346110825,33.7650997076505],[-84.371473837783,33.7650877948507],[-84.3714199999513,33.7653089998596]]},"properties":{"OBJECTID_1":26033,"OBJECTID":37133,"ID":"124601","TYPE":"AC; OVERHEAD","STATUS":"IN SERVICE","NAICS_CODE":"221121","NAICS_DESC":"ELECTRIC BULK POWER TRANSMISSION AND CONTROL","SOURCE":"IMAGERY, EIA 861, EIA 860","SOURCEDATE":1401840000000,"VAL_METHOD":"IMAGERY","VAL_DATE":1514937600000,"OWNER":"GEORGIA POWER CO","VOLTAGE":230,"VOLT_CLASS":"220-287","INFERRED":"Y","SUB_1":"UNKNOWN111357","SUB_2":"UNKNOWN111545","SHAPE__Len":3392.66032308604,"GlobalID":"08424be3-4864-46c3-bb1a-eb8677c2810f","Shape__Length":3392.6602898518763}},{"type":"Feature","id":26097,"geometry":{"type":"LineString","coordinates":[[-84.3874572490196,33.6076927278408],[-84.3868481948502,33.6076476938866],[-84.3855540288513,33.6076595709181],[-84.3837643000394,33.6076031544425],[-84.3767985234761,33.6075390266405],[-84.3720971778603,33.6074994369723],[-84.370870947853,33.6074836028955],[-84.3671060986158,33.607424216852],[-84.3622302417813,33.6073567176987],[-84.361885880702,33.6072755458194]]},"properties":{"OBJECTID_1":26097,"OBJECTID":37218,"ID":"124706","TYPE":"AC; OVERHEAD","STATUS":"IN SERVICE","NAICS_CODE":"221121","NAICS_DESC":"ELECTRIC BULK POWER TRANSMISSION AND CONTROL","SOURCE":"IMAGERY, EIA 861, EIA 860","SOURCEDATE":1407801600000,"VAL_METHOD":"IMAGERY","VAL_DATE":1513296000000,"OWNER":"GEORGIA POWER CO","VOLTAGE":115,"VOLT_CLASS":"100-161","INFERRED":"Y","SUB_1":"UNKNOWN116337","SUB_2":"UNKNOWN116349","SHAPE__Len":2848.75617175955,"GlobalID":"18c3edef-a4e4-49f0-a1e3-e8b0a23dc1c8","Shape__Length":2848.7562041021974}},{"type":"Feature","id":26160,"geometry":{"type":"LineString","coordinates":[[-84.2434225738181,33.9096761300386],[-84.2431553609537,33.9092250686904],[-84.245359655981,33.9075535456055],[-84.2468101971113,33.9063268948208],[-84.2481181495549,33.9051179940166],[-84.2498348471308,33.9035107706815],[-84.2514977266381,33.9020813146833],[-84.2538446004707,33.9001186099526],[-84.256732278969,33.8977020437657],[-84.2587288358919,33.8960596150889],[-84.2629417791659,33.8925132620204],[-84.2630331746612,33.8924373959426]]},"properties":{"OBJECTID_1":26160,"OBJECTID":37323,"ID":"124834","TYPE":"AC; OVERHEAD","STATUS":"IN SERVICE","NAICS_CODE":"221121","NAICS_DESC":"ELECTRIC BULK POWER TRANSMISSION AND CONTROL","SOURCE":"IMAGERY, EIA 861, EIA 860","SOURCEDATE":1408320000000,"VAL_METHOD":"IMAGERY","VAL_DATE":1514937600000,"OWNER":"GEORGIA POWER CO","VOLTAGE":115,"VOLT_CLASS":"100-161","INFERRED":"Y","SUB_1":"UNKNOWN116083","SUB_2":"TAP142250","SHAPE__Len":3225.43104093822,"GlobalID":"0f61bd27-f860-4d15-93a5-43b6060b428a","Shape__Length":3225.4310297228767}},{"type":"Feature","id":26208,"geometry":{"type":"LineString","coordinates":[[-84.211849959041,33.9173059017749],[-84.2118749160362,33.9180751227283],[-84.2114827439225,33.9181224598292],[-84.2106057061342,33.9180632886353],[-84.2100531003007,33.9180307450574],[-84.209705222317,33.9170049935318],[-84.2094551546981,33.9162701648936],[-84.2093044093086,33.9156579704622],[-84.2086804996994,33.9138739089921],[-84.2079211124672,33.9128975400514],[-84.2076786796299,33.9125424949757],[-84.2072569996558,33.9116420000974],[-84.20730282721,33.9113945348496],[-84.2066625988053,33.9099949977733],[-84.2066500861717,33.9088970071214],[-84.2057670503322,33.9033230806395],[-84.2055929999493,33.9021569999495],[-84.2058419994713,33.9011479997039],[-84.2063189994973,33.9003509996489],[-84.2067624249896,33.8996503719851],[-84.207268682246,33.8994284339404],[-84.2099033619226,33.8964100208208],[-84.2102919686229,33.8957530581052],[-84.2104524023428,33.895075374522],[-84.2099924918668,33.8938383666004],[-84.2098605796572,33.8933027190455],[-84.2096359729884,33.8925895038523],[-84.2101386648315,33.8920094564896],[-84.2106877052517,33.891920673983],[-84.2116217869588,33.8912577566581],[-84.2122884779352,33.8908167967072],[-84.2132082988872,33.8902633728745],[-84.2164519994955,33.8885850000335],[-84.2167189994591,33.8878039997973],[-84.2170009994915,33.8873209997327],[-84.2172105000904,33.8870750485567],[-84.2182480003447,33.8860139995308],[-84.2201029998468,33.8841999999877],[-84.2197840000046,33.8832540000841],[-84.218634000134,33.8798049994941],[-84.2185599996159,33.8786790001658],[-84.2181229997729,33.8778049996741],[-84.2182969998502,33.876520000017],[-84.2181930000931,33.8752649998856],[-84.2178840002966,33.8748019999503],[-84.2178002081419,33.8742736815449],[-84.2176709998613,33.8734589999769],[-84.2169860003212,33.8728819998616],[-84.2166594079181,33.8722973508334],[-84.2165774088007,33.8719391756494],[-84.2164840001808,33.8713929999789],[-84.2169688317194,33.8702172436189],[-84.2176587953498,33.868544000487],[-84.2181460002374,33.8671059997208],[-84.218163920729,33.8667587921474],[-84.2179357486469,33.8663206645931],[-84.21793244105,33.865406386439],[-84.21804599978,33.8644059995329],[-84.2191456841131,33.8607356165894],[-84.2190500000607,33.8597809995537],[-84.2187549996096,33.8592479997281],[-84.2182440001467,33.8585809994797],[-84.2179720001602,33.8576319994815],[-84.2180719997193,33.8567799998292],[-84.2171610002233,33.8545950001586],[-84.2179590392672,33.8539475748193],[-84.218711000127,33.8531319995144],[-84.218668991311,33.8526307784747],[-84.2189328148319,33.8516714745212],[-84.2191823784959,33.8516063359361]]},"properties":{"OBJECTID_1":26208,"OBJECTID":37404,"ID":"124926","TYPE":"AC; OVERHEAD","STATUS":"IN SERVICE","NAICS_CODE":"221121","NAICS_DESC":"ELECTRIC BULK POWER TRANSMISSION AND CONTROL","SOURCE":"IMAGERY, EIA 861, EIA 860","SOURCEDATE":1407456000000,"VAL_METHOD":"IMAGERY","VAL_DATE":1514937600000,"OWNER":"GEORGIA POWER CO","VOLTAGE":115,"VOLT_CLASS":"100-161","INFERRED":"Y","SUB_1":"UNKNOWN116241","SUB_2":"UNKNOWN116242","SHAPE__Len":10287.891865163,"GlobalID":"0583db3b-8c15-4417-85c2-b0040587c256","Shape__Length":10287.891861500822}},{"type":"Feature","id":26243,"geometry":{"type":"LineString","coordinates":[[-84.6712591481737,34.0458574946103],[-84.671563377916,34.0458653726498]]},"properties":{"OBJECTID_1":26243,"OBJECTID":37463,"ID":"125017","TYPE":"AC; OVERHEAD","STATUS":"IN SERVICE","NAICS_CODE":"221121","NAICS_DESC":"ELECTRIC BULK POWER TRANSMISSION AND CONTROL","SOURCE":"IMAGERY, EIA 861","SOURCEDATE":1408320000000,"VAL_METHOD":"IMAGERY","VAL_DATE":1553644800000,"OWNER":"GEORGIA POWER CO","VOLTAGE":115,"VOLT_CLASS":"100-161","INFERRED":"Y","SUB_1":"TAP155359","SUB_2":"TAP155360","SHAPE__Len":33.8832629911899,"GlobalID":"89821289-9041-4d55-b81e-3798b56c16e1","Shape__Length":33.88323449018543}},{"type":"Feature","id":26386,"geometry":{"type":"LineString","coordinates":[[-84.3019943158692,33.6085488158962],[-84.3019656335605,33.6091709130124],[-84.3017873736721,33.6129912135038],[-84.3014962162138,33.6150546995656],[-84.3014783900453,33.6191864718942],[-84.3014130277269,33.6224323705282],[-84.3013357815956,33.6268754931715],[-84.3013120139698,33.6294482426781],[-84.3012466525498,33.6345193027146],[-84.3011575226056,33.6387837095194],[-84.3011099864557,33.6433793368895],[-84.293403221954,33.6433001889713],[-84.2914007702861,33.6433199755837],[-84.2912997556307,33.6494091788809],[-84.2912106256866,33.6515657704835],[-84.2880613694557,33.6541872449186],[-84.2874374598465,33.6558886856851],[-84.2844367535225,33.6558886856851],[-84.2844011020838,33.6583270310361],[-84.2843713921024,33.6611065605777],[-84.2863263076204,33.6616505856758],[-84.2862609462003,33.6651075404631],[-84.2861599315449,33.6707501398371],[-84.2814063372172,33.6707748655872],[-84.281281554936,33.6746201255147],[-84.281245902599,33.6753618615469]]},"properties":{"OBJECTID_1":26386,"OBJECTID":39184,"ID":"127030","TYPE":"AC; OVERHEAD","STATUS":"IN SERVICE","NAICS_CODE":"221121","NAICS_DESC":"ELECTRIC BULK POWER TRANSMISSION AND CONTROL","SOURCE":"IMAGERY, EIA 861, EIA 860","SOURCEDATE":1407801600000,"VAL_METHOD":"IMAGERY","VAL_DATE":1514937600000,"OWNER":"GEORGIA POWER CO","VOLTAGE":115,"VOLT_CLASS":"100-161","INFERRED":"Y","SUB_1":"UNKNOWN116017","SUB_2":"UNKNOWN116352","SHAPE__Len":11198.2318951672,"GlobalID":"8ee7c013-b2ea-40d9-9146-b087282f2552","Shape__Length":11198.231717828126}},{"type":"Feature","id":26400,"geometry":{"type":"LineString","coordinates":[[-84.4757190002186,33.8819740000922],[-84.4756392253298,33.8818796198234],[-84.4756427898448,33.881672434654],[-84.475605949935,33.8810074658479]]},"properties":{"OBJECTID_1":26400,"OBJECTID":39204,"ID":"127057","TYPE":"AC; OVERHEAD","STATUS":"IN SERVICE","NAICS_CODE":"221121","NAICS_DESC":"ELECTRIC BULK POWER TRANSMISSION AND CONTROL","SOURCE":"IMAGERY, EIA 861, EIA 860","SOURCEDATE":1408060800000,"VAL_METHOD":"IMAGERY","VAL_DATE":1514937600000,"OWNER":"GEORGIA POWER CO","VOLTAGE":115,"VOLT_CLASS":"100-161","INFERRED":"Y","SUB_1":"UNKNOWN116282","SUB_2":"UNKNOWN116283","SHAPE__Len":132.503425873078,"GlobalID":"a94a1a8f-0937-4c0e-8d8e-d46578405ec2","Shape__Length":132.50344376499962}},{"type":"Feature","id":26445,"geometry":{"type":"LineString","coordinates":[[-84.2104940886635,33.7703644504579],[-84.2101990001776,33.7706749999941],[-84.2096660000751,33.7706249996473],[-84.2079289996754,33.769605999694],[-84.2067360136219,33.768072941942],[-84.2049847282126,33.7658035919651],[-84.2043100000094,33.7647709997979],[-84.2040210955258,33.7640670666751],[-84.2038220001128,33.7637299996388],[-84.2024289996697,33.7636579996575],[-84.2009979995917,33.7634289997191],[-84.1998068200503,33.7627811276189],[-84.1980836420279,33.7620648467149],[-84.1973765439318,33.7618524308563],[-84.1963520000789,33.7615819999449],[-84.1966657178272,33.7593584931735],[-84.1970794450162,33.7557069711128],[-84.1971415725012,33.7547959846563],[-84.1974469996978,33.7544499999755],[-84.1973587177633,33.7530638917506],[-84.1973040462951,33.7518310666798],[-84.1975119999952,33.7499150000691],[-84.1972161111102,33.7479948810728],[-84.1969368365665,33.746853571102],[-84.1965981429583,33.7458505901453],[-84.1959189995355,33.7453169997832],[-84.1957000001507,33.744795999969],[-84.195725000265,33.743800999543],[-84.1962629994921,33.742833000024],[-84.1963589997516,33.7421480000019],[-84.1962128986521,33.7414617567366],[-84.1955310000963,33.7403620001807],[-84.1949582261863,33.7395424928034],[-84.1941989997526,33.7387969997844],[-84.1940349997211,33.7373449998524],[-84.1938570003441,33.7338319998874],[-84.1937949995215,33.7326949995866],[-84.1941203315882,33.7312590894531],[-84.1954394545823,33.7317680799863],[-84.1969130689407,33.7320448109069],[-84.1971745173159,33.7316643059412]]},"properties":{"OBJECTID_1":26445,"OBJECTID":39259,"ID":"127123","TYPE":"AC; OVERHEAD","STATUS":"IN SERVICE","NAICS_CODE":"221121","NAICS_DESC":"ELECTRIC BULK POWER TRANSMISSION AND CONTROL","SOURCE":"IMAGERY, EIA 861, EIA 860","SOURCEDATE":1408406400000,"VAL_METHOD":"IMAGERY","VAL_DATE":1514937600000,"OWNER":"GEORGIA POWER CO","VOLTAGE":230,"VOLT_CLASS":"220-287","INFERRED":"Y","SUB_1":"UNKNOWN116602","SUB_2":"UNKNOWN116603","SHAPE__Len":6755.01859369009,"GlobalID":"233596e3-c338-42c4-aca0-dd4f7671f317","Shape__Length":6755.018778496754}},{"type":"Feature","id":26505,"geometry":{"type":"LineString","coordinates":[[-84.3663609999866,33.7911629998848],[-84.3667636689144,33.7909975897078],[-84.3671764582622,33.7910073346145],[-84.367699353216,33.7913944908767],[-84.3704159996707,33.7917300000026],[-84.370484000341,33.7937559997817],[-84.3718269996571,33.7931840000291],[-84.3728660000979,33.7931160001593],[-84.377942999606,33.78764900002],[-84.3780049995303,33.7863759996738],[-84.3880404775228,33.7865672296019],[-84.3903392411821,33.7864919555421],[-84.3903692943199,33.7852536548363],[-84.3900159994951,33.785264999645]]},"properties":{"OBJECTID_1":26505,"OBJECTID":39338,"ID":"127215","TYPE":"AC; OVERHEAD","STATUS":"IN SERVICE","NAICS_CODE":"221121","NAICS_DESC":"ELECTRIC BULK POWER TRANSMISSION AND CONTROL","SOURCE":"IMAGERY, EIA 861, EIA 860","SOURCEDATE":1401840000000,"VAL_METHOD":"IMAGERY","VAL_DATE":1514937600000,"OWNER":"GEORGIA POWER CO","VOLTAGE":115,"VOLT_CLASS":"100-161","INFERRED":"Y","SUB_1":"BOULEVARD","SUB_2":"UNKNOWN111543","SHAPE__Len":3709.60917591233,"GlobalID":"1cfb27c2-3ce1-4a76-a072-4de5d5a2924f","Shape__Length":3709.609268295457}},{"type":"Feature","id":26536,"geometry":{"type":"LineString","coordinates":[[-84.4550100355658,33.8259864247738],[-84.4545159998888,33.8256609998671],[-84.4530370001303,33.8243519997476],[-84.4522949997905,33.8238859998774],[-84.4505359996495,33.8230069996887],[-84.4501749999745,33.8224140000601],[-84.450262999838,33.8217679996082],[-84.4484140001837,33.8194789996151],[-84.4476950003083,33.8185909997347],[-84.4469139996105,33.8175739998059],[-84.4464259997138,33.8167639995599],[-84.4454399998748,33.8158509994446]]},"properties":{"OBJECTID_1":26536,"OBJECTID":39395,"ID":"163335","TYPE":"AC; OVERHEAD","STATUS":"IN SERVICE","NAICS_CODE":"221121","NAICS_DESC":"ELECTRIC BULK POWER TRANSMISSION AND CONTROL","SOURCE":"IMAGERY, EIA 861, EIA 860","SOURCEDATE":1551312000000,"VAL_METHOD":"IMAGERY","VAL_DATE":1553644800000,"OWNER":"GEORGIA POWER CO","VOLTAGE":115,"VOLT_CLASS":"100-161","INFERRED":"Y","SUB_1":"UNKNOWN111550","SUB_2":"TAP160949","SHAPE__Len":1779.09992940431,"GlobalID":"14b974df-d430-4453-b74a-a2f03cab9f4e","Shape__Length":1779.0999449746982}},{"type":"Feature","id":26538,"geometry":{"type":"LineString","coordinates":[[-84.4333410000465,33.8099609999626],[-84.4335571912977,33.8101903464713],[-84.4344621909458,33.8095183467961],[-84.4350870536676,33.8090035055528],[-84.4354145767252,33.8086613897318],[-84.4356060328651,33.8084614014943],[-84.4361504667245,33.8088163608317],[-84.4368053547363,33.8092145818729],[-84.4377858110717,33.809875952961],[-84.4390301906409,33.8107153464402],[-84.4392480276057,33.8119844999807],[-84.4393906360554,33.8126124859077],[-84.4397910017028,33.813310324494],[-84.4403321908474,33.813967346949],[-84.4411411911344,33.814509346708],[-84.4420181911935,33.8148723468254],[-84.4432377260569,33.8152160730694],[-84.4454120586762,33.81583730844],[-84.4454399998748,33.8158509994446]]},"properties":{"OBJECTID_1":26538,"OBJECTID":39399,"ID":"163688","TYPE":"AC; OVERHEAD","STATUS":"IN SERVICE","NAICS_CODE":"221121","NAICS_DESC":"ELECTRIC BULK POWER TRANSMISSION AND CONTROL","SOURCE":"IMAGERY, EIA 861, EIA 860","SOURCEDATE":1551312000000,"VAL_METHOD":"IMAGERY","VAL_DATE":1553644800000,"OWNER":"GEORGIA POWER CO","VOLTAGE":115,"VOLT_CLASS":"100-161","INFERRED":"Y","SUB_1":"UNKNOWN111547","SUB_2":"TAP160949","SHAPE__Len":1946.60575274141,"GlobalID":"fb8013c1-e3f7-4076-b310-4a28cb36b4af","Shape__Length":1946.6056846015442}},{"type":"Feature","id":26539,"geometry":{"type":"LineString","coordinates":[[-84.4918525468887,33.8162665678588],[-84.4919904014538,33.8160217039362],[-84.4949328771844,33.8136006731027],[-84.4964873021891,33.8122380715257],[-84.4993242357553,33.8098779376383]]},"properties":{"OBJECTID_1":26539,"OBJECTID":39400,"ID":"163338","TYPE":"AC; OVERHEAD","STATUS":"IN SERVICE","NAICS_CODE":"221121","NAICS_DESC":"ELECTRIC BULK POWER TRANSMISSION AND CONTROL","SOURCE":"IMAGERY, EIA 861, EIA 860","SOURCEDATE":1551312000000,"VAL_METHOD":"IMAGERY","VAL_DATE":1551312000000,"OWNER":"GEORGIA POWER CO","VOLTAGE":115,"VOLT_CLASS":"100-161","INFERRED":"Y","SUB_1":"UNKNOWN116537","SUB_2":"TAP160953","SHAPE__Len":1195.65136544252,"GlobalID":"adaeafa4-3256-4f5b-ad87-7bf282ff3b38","Shape__Length":1195.6513892989099}},{"type":"Feature","id":26551,"geometry":{"type":"LineString","coordinates":[[-84.4993242357553,33.8098779376383],[-84.4997089994628,33.8111620000281],[-84.5008149998508,33.8137320000786],[-84.5017649997047,33.8143600000464],[-84.5053549999568,33.8167530000032],[-84.5098499998569,33.8196900000851],[-84.5114459997913,33.8207429997527],[-84.5135120000789,33.8221109996102],[-84.5153630002814,33.8233369997058],[-84.5185500001273,33.8254380000247],[-84.5203729998424,33.8265759996943],[-84.5229260002017,33.8282629995684],[-84.5240660000265,33.8289809997965],[-84.5273709998732,33.8311129994778],[-84.5286389997445,33.8318819999867],[-84.5316769996274,33.833926000064],[-84.534111999986,33.8354969999156],[-84.5365270002531,33.8367430000513],[-84.5376620000551,33.8373859997198],[-84.5388229997962,33.8380070001606],[-84.5398639998868,33.8385009999479],[-84.5416619994875,33.839485999675],[-84.5441670001663,33.8408430001393],[-84.5455909996733,33.841588999672],[-84.5488179997021,33.8433169996091],[-84.5493650000483,33.8436240001284]]},"properties":{"OBJECTID_1":26551,"OBJECTID":39413,"ID":"163341","TYPE":"AC; OVERHEAD","STATUS":"IN SERVICE","NAICS_CODE":"221121","NAICS_DESC":"ELECTRIC BULK POWER TRANSMISSION AND CONTROL","SOURCE":"IMAGERY, EIA 861, EIA 860","SOURCEDATE":1551312000000,"VAL_METHOD":"IMAGERY","VAL_DATE":1551312000000,"OWNER":"GEORGIA POWER CO","VOLTAGE":115,"VOLT_CLASS":"100-161","INFERRED":"Y","SUB_1":"TAP160953","SUB_2":"TAP160954","SHAPE__Len":7277.33184529798,"GlobalID":"db3d594a-b232-4526-9594-dba1e7795704","Shape__Length":7277.331928051678}},{"type":"Feature","id":26556,"geometry":{"type":"LineString","coordinates":[[-84.5569161835294,33.8299491990365],[-84.556630969325,33.8294240096795],[-84.5540307526159,33.8308258235398],[-84.5508743655583,33.8328988864637],[-84.5499141401814,33.8334872324909],[-84.5498475884936,33.8357260697647],[-84.5498190678817,33.8374831399722],[-84.5494768088601,33.8383715331113],[-84.5494197658396,33.8410958795119],[-84.5493650000483,33.8436240001284]]},"properties":{"OBJECTID_1":26556,"OBJECTID":39419,"ID":"163340","TYPE":"AC; OVERHEAD","STATUS":"IN SERVICE","NAICS_CODE":"221121","NAICS_DESC":"ELECTRIC BULK POWER TRANSMISSION AND CONTROL","SOURCE":"IMAGERY, EIA 861, EIA 860","SOURCEDATE":1551312000000,"VAL_METHOD":"IMAGERY","VAL_DATE":1551312000000,"OWNER":"GEORGIA POWER CO","VOLTAGE":115,"VOLT_CLASS":"100-161","INFERRED":"Y","SUB_1":"UNKNOWN116540","SUB_2":"TAP160954","SHAPE__Len":2367.74631353647,"GlobalID":"22647d72-b04c-4660-a32c-d03b1bda7fde","Shape__Length":2367.746407952362}},{"type":"Feature","id":26563,"geometry":{"type":"LineString","coordinates":[[-84.3874572490196,33.6076927278408],[-84.3902862315971,33.607713017914],[-84.3940138268012,33.6077622317959],[-84.3962670198244,33.6078216161103],[-84.3987293792733,33.607881001132],[-84.4067248380529,33.6080908261351],[-84.4103248455371,33.6081659798361],[-84.4114700430141,33.6080591260252],[-84.4137165947924,33.6080710179632],[-84.4177530262996,33.6081230447051],[-84.4178154358556,33.610362042724],[-84.4189719880379,33.6114188276719],[-84.4237548773253,33.6132128499673],[-84.4252717850905,33.6137633017133],[-84.4271592712666,33.6145217608574],[-84.4305567670447,33.6157900830213]]},"properties":{"OBJECTID_1":26563,"OBJECTID":39430,"ID":"127326","TYPE":"AC; OVERHEAD","STATUS":"IN SERVICE","NAICS_CODE":"221121","NAICS_DESC":"ELECTRIC BULK POWER TRANSMISSION AND CONTROL","SOURCE":"IMAGERY, EIA 861, EIA 860","SOURCEDATE":1407801600000,"VAL_METHOD":"IMAGERY","VAL_DATE":1513641600000,"OWNER":"GEORGIA POWER CO","VOLTAGE":115,"VOLT_CLASS":"100-161","INFERRED":"Y","SUB_1":"UNKNOWN116337","SUB_2":"TAP142599","SHAPE__Len":5280.61929958207,"GlobalID":"f30e5668-5a80-4f1c-8638-b514a5135f16","Shape__Length":5280.619357499089}},{"type":"Feature","id":26587,"geometry":{"type":"LineString","coordinates":[[-84.2137904476155,33.9324796671368],[-84.211134427561,33.9326813639914],[-84.2081238002431,33.9335692999897],[-84.2044941995584,33.934347299954],[-84.1991649998309,33.9355028994754],[-84.1946177000149,33.9364205000652],[-84.1923635996933,33.9372300994942],[-84.1878152003394,33.9381979997109],[-84.184020299761,33.9390288999801],[-84.1797759001807,33.9399331998658],[-84.1757630000424,33.9408036995135],[-84.1702241002899,33.94149319986],[-84.1670930996223,33.9418641999941],[-84.164141099953,33.9433091997014],[-84.1622627999491,33.9441189996711],[-84.1591716997514,33.944924699936],[-84.155227699497,33.9458979996634],[-84.1496536998715,33.9472290995185],[-84.1460234002975,33.9481237000703],[-84.1430146998659,33.9488440998561],[-84.1399147000586,33.9505300001284],[-84.1371284000334,33.9518554999521],[-84.1313157000706,33.9546106001242],[-84.1266003003121,33.9568914995544],[-84.1245926995011,33.9540672997191],[-84.1215249995182,33.9533083001275],[-84.1165895996517,33.9522359996206],[-84.1128310997069,33.9515169996445],[-84.1090800997965,33.9532741999934],[-84.1064236997546,33.9546253999909],[-84.104010199674,33.9557192998829],[-84.0991272003347,33.9580217999921],[-84.0956151999005,33.9597726996493],[-84.09186419999,33.9615668997618],[-84.089701000192,33.962639099812],[-84.0849701000033,33.9648725995743],[-84.079959999831,33.9661398996831],[-84.076211400219,33.9671988000248],[-84.0718946997331,33.9684449994692],[-84.0674175996633,33.9697228000537],[-84.0653135000278,33.9732135000568],[-84.0635838002364,33.9761893000194],[-84.0613623994895,33.98013029981],[-84.0591875000332,33.9827519001503],[-84.056740499979,33.9856906996476],[-84.0546184996149,33.9882426997301],[-84.0524048001248,33.9909340998837],[-84.0513838998387,33.9942625999518],[-84.0504395997952,33.9974229996668],[-84.0491854995563,34.0007924998637],[-84.0477517003279,34.0046150996801],[-84.0445285998858,34.0065929001209],[-84.0417795997078,34.0082440994927],[-84.0391184996804,34.0098002999559],[-84.0343659995007,34.0116639001642],[-84.0304085002626,34.0132183997858],[-84.0269790002058,34.0160896999814],[-84.024145800038,34.018504500014],[-84.0215917998537,34.0206784996862],[-84.0192289997894,34.0226938996486],[-84.0153336001886,34.0261334001543],[-84.0123054000271,34.0289344994727],[-84.0096596998186,34.0314029001054],[-84.0069909003309,34.0339122996728],[-84.0034932001777,34.0370280001572],[-84.0000709001179,34.0394798996305],[-83.9971033003054,34.0415725998019],[-83.9942710999625,34.0435264998798],[-83.9917578994618,34.0456045000325],[-83.9880771001958,34.048605200099],[-83.9856986999883,34.0505719997471],[-83.9833706997599,34.0525041999972],[-83.979321000136,34.0558010001394],[-83.9748448001781,34.0592565997971],[-83.9718710999065,34.0615677995502],[-83.9698246999601,34.0631722996835],[-83.9662054002568,34.065976099735],[-83.963360900181,34.0681152998264],[-83.9597692003164,34.0708644001275],[-83.9555159999413,34.07408600003],[-83.9520423000776,34.0767001998533],[-83.9486488000058,34.0793065995675],[-83.9448565997631,34.0812277997859],[-83.9413428997164,34.0830329001231],[-83.9373988994621,34.0850257997931],[-83.9336934998321,34.0869183001669],[-83.9300820999133,34.088745899992],[-83.9272913999399,34.0901784998371],[-83.9240064998978,34.0919812995754],[-83.9210014996268,34.0936175996096],[-83.9174682001372,34.0955260996231],[-83.9135045995417,34.09768399989],[-83.909752299769,34.0997285000401],[-83.9053151998822,34.1021746998105],[-83.901850299915,34.1040881994928],[-83.8974023995835,34.1063182000161],[-83.8946426896907,34.1077026268213],[-83.8932626995479,34.1083948997847],[-83.8903007995459,34.1098948994405],[-83.8873115000295,34.1115340996215],[-83.882115299473,34.1143750998147],[-83.877994599704,34.1166520995804],[-83.8764079000278,34.118686199675],[-83.8736578003119,34.1221905999323],[-83.8700959002603,34.1266812996232],[-83.8686415996805,34.1285288996375],[-83.8649857996306,34.1331758001207],[-83.8629637000109,34.1357444998308],[-83.8598243998083,34.1386178996387],[-83.8567852994891,34.141355400161],[-83.8539222995084,34.1438110997809],[-83.8499341003454,34.1472144995254],[-83.8477278999914,34.1491364996803],[-83.8453293999794,34.1522280998061],[-83.8428106999925,34.1556178994564],[-83.8400357995883,34.1592858996274],[-83.8363479997514,34.1616946995076],[-83.833545099758,34.1635401997321],[-83.8306403002688,34.1654343001078],[-83.8292018998695,34.1663831000095],[-83.8283298998334,34.1681658997049],[-83.8271122999411,34.1706719999142],[-83.8258709997966,34.1732593995858],[-83.8242373002647,34.1766085996795],[-83.822775699975,34.1796264000827],[-83.8204855996683,34.183665399482],[-83.8180143998987,34.1880532998472],[-83.8156534000583,34.1921708996625],[-83.8134812997525,34.1960994001056],[-83.8115097995377,34.1995949000164],[-83.8095383999344,34.2030739999625],[-83.8070553998952,34.2073763001123],[-83.8051075999326,34.2108354994677],[-83.8038443997599,34.2144962999061],[-83.8028444535761,34.2192078848331]]},"properties":{"OBJECTID_1":26587,"OBJECTID":39464,"ID":"127368","TYPE":"AC; OVERHEAD","STATUS":"IN SERVICE","NAICS_CODE":"221121","NAICS_DESC":"ELECTRIC BULK POWER TRANSMISSION AND CONTROL","SOURCE":"IMAGERY, OpenStreetMap, http://www.psc.state.fl.us/publications/pdf/electricgas/transmissionreport2007.pdf, EIA 861","SOURCEDATE":1397088000000,"VAL_METHOD":"IMAGERY","VAL_DATE":1493078400000,"OWNER":"GEORGIA POWER CO","VOLTAGE":500,"VOLT_CLASS":"500","INFERRED":"Y","SUB_1":"SOUTH HALL","SUB_2":"NORCROSS","SHAPE__Len":63714.5221262528,"GlobalID":"e97ca374-17e6-41b3-b860-fe943e312692","Shape__Length":63714.52199994092}},{"type":"Feature","id":26659,"geometry":{"type":"LineString","coordinates":[[-84.1880655446394,33.4144422945837],[-84.1880594190275,33.4156294316192],[-84.1880689258982,33.4186131764883],[-84.1878502606866,33.4198590186879],[-84.1878122323057,33.4242232921534],[-84.1875840593252,33.4319594190523],[-84.189475989467,33.4341730148449],[-84.1883636487698,33.4348156605561],[-84.1882020265789,33.4380129540906],[-84.1879738535984,33.442677774906],[-84.1858822719864,33.4427095079606],[-84.1807959255077,33.4518480186742],[-84.1878692753262,33.4540293788935],[-84.1877266668766,33.4588836991493],[-84.1889245730029,33.4592009646345],[-84.1911397475266,33.4591613069807],[-84.1911777768059,33.4580825955035],[-84.1916055994599,33.4581063906938],[-84.1916436287392,33.4586060896796]]},"properties":{"OBJECTID_1":26659,"OBJECTID":39552,"ID":"127463","TYPE":"AC; OVERHEAD","STATUS":"IN SERVICE","NAICS_CODE":"221121","NAICS_DESC":"ELECTRIC BULK POWER TRANSMISSION AND CONTROL","SOURCE":"IMAGERY, EIA 861, EIA 860","SOURCEDATE":1406851200000,"VAL_METHOD":"IMAGERY","VAL_DATE":1513296000000,"OWNER":"GEORGIA POWER CO","VOLTAGE":115,"VOLT_CLASS":"100-161","INFERRED":"Y","SUB_1":"UNKNOWN116043","SUB_2":"TAP142325","SHAPE__Len":7611.07606689538,"GlobalID":"85e60745-4dfd-42c4-9b23-b386e2c48ae0","Shape__Length":7611.076093776343}},{"type":"Feature","id":26663,"geometry":{"type":"LineString","coordinates":[[-84.5091038169611,33.9917734221135],[-84.5084917920631,33.9917980544411],[-84.5079154186037,33.9918374674911],[-84.5078975933336,33.9946800738742],[-84.5077906372209,33.9961038039884],[-84.5069587577419,33.996369826936],[-84.5054078981506,33.9977147088855],[-84.5046176124659,33.9986309898467],[-84.5029954482006,34.0007590875379],[-84.5001848855779,34.0044782057066],[-84.499376774623,34.0055668181658],[-84.4990677909962,34.006808112915],[-84.4981408401158,34.0077587754583],[-84.4978675079276,34.0090098907405],[-84.4969821508415,34.0098029107029],[-84.4964592558876,34.0108619008194],[-84.4959779538298,34.0119799836644],[-84.4950034676978,34.0142801328969],[-84.493286232031,34.0161024765038],[-84.4926147862719,34.0169151320441],[-84.4918958205325,34.0178254450361]]},"properties":{"OBJECTID_1":26663,"OBJECTID":39560,"ID":"163233","TYPE":"AC; OVERHEAD","STATUS":"IN SERVICE","NAICS_CODE":"221121","NAICS_DESC":"ELECTRIC BULK POWER TRANSMISSION AND CONTROL","SOURCE":"IMAGERY, EIA 861, EIA 860","SOURCEDATE":1553558400000,"VAL_METHOD":"IMAGERY","VAL_DATE":1553558400000,"OWNER":"GEORGIA POWER CO","VOLTAGE":115,"VOLT_CLASS":"100-161","INFERRED":"Y","SUB_1":"UNKNOWN116271","SUB_2":"TAP161823","SHAPE__Len":4184.74113855197,"GlobalID":"fce0764d-6579-4772-8ad8-2140729a050e","Shape__Length":4184.741319819914}},{"type":"Feature","id":26670,"geometry":{"type":"LineString","coordinates":[[-84.4224881332988,33.7756857816479],[-84.422538123646,33.7756858585578]]},"properties":{"OBJECTID_1":26670,"OBJECTID":39572,"ID":"163232","TYPE":"AC; OVERHEAD","STATUS":"IN SERVICE","NAICS_CODE":"221121","NAICS_DESC":"ELECTRIC BULK POWER TRANSMISSION AND CONTROL","SOURCE":"IMAGERY, EIA 860","SOURCEDATE":1553558400000,"VAL_METHOD":"IMAGERY","VAL_DATE":1553558400000,"OWNER":"GEORGIA POWER CO","VOLTAGE":115,"VOLT_CLASS":"100-161","INFERRED":"Y","SUB_1":"TAP160957","SUB_2":"TAP161821","SHAPE__Len":5.56498222131551,"GlobalID":"df7d46a4-6a23-42c5-90e5-386e63643eb8","Shape__Length":5.564909531712771}},{"type":"Feature","id":26671,"geometry":{"type":"LineString","coordinates":[[-84.4893439996611,33.9692889996546],[-84.4883729998907,33.9692610000793],[-84.4866270001685,33.9693319999156],[-84.4854949998414,33.9694670000912],[-84.4812150718916,33.9690192786471],[-84.4808910001613,33.9680059997803],[-84.480015999752,33.9672649999031],[-84.4794860000226,33.9664940001269],[-84.4790276041062,33.9653431560013],[-84.4785292906518,33.9648255060146],[-84.4780776994736,33.9638102959211],[-84.4775963992123,33.9625634436919],[-84.4775845145011,33.9622086049135],[-84.4777924834726,33.9615876336761],[-84.4780182795108,33.9533223684873],[-84.4776320497527,33.9533174400908]]},"properties":{"OBJECTID_1":26671,"OBJECTID":39573,"ID":"127488","TYPE":"AC; OVERHEAD","STATUS":"IN SERVICE","NAICS_CODE":"221121","NAICS_DESC":"ELECTRIC BULK POWER TRANSMISSION AND CONTROL","SOURCE":"IMAGERY, EIA 861, EIA 860","SOURCEDATE":1408060800000,"VAL_METHOD":"IMAGERY","VAL_DATE":1514937600000,"OWNER":"GEORGIA POWER CO","VOLTAGE":115,"VOLT_CLASS":"100-161","INFERRED":"Y","SUB_1":"UNKNOWN116275","SUB_2":"TAP155357","SHAPE__Len":3168.5613949381,"GlobalID":"d09b8991-4bfc-4784-8aa5-9575167617a7","Shape__Length":3168.5613965433836}},{"type":"Feature","id":26675,"geometry":{"type":"LineString","coordinates":[[-84.4918958205325,34.0178254450361],[-84.4918601529242,34.0178706060837]]},"properties":{"OBJECTID_1":26675,"OBJECTID":39577,"ID":"163234","TYPE":"AC; OVERHEAD","STATUS":"IN SERVICE","NAICS_CODE":"221121","NAICS_DESC":"ELECTRIC BULK POWER TRANSMISSION AND CONTROL","SOURCE":"IMAGERY, EIA 861, EIA 860","SOURCEDATE":1553558400000,"VAL_METHOD":"IMAGERY","VAL_DATE":1553558400000,"OWNER":"GEORGIA POWER CO","VOLTAGE":115,"VOLT_CLASS":"100-161","INFERRED":"Y","SUB_1":"TAP161072","SUB_2":"TAP161823","SHAPE__Len":7.24934501159474,"GlobalID":"492ec17e-1803-4b59-a42d-5d2b385cd2d9","Shape__Length":7.249326477077815}},{"type":"Feature","id":26720,"geometry":{"type":"LineString","coordinates":[[-84.394335999493,33.8117750001385],[-84.3943526380887,33.8115823516658],[-84.3946916856331,33.8115652788533],[-84.3946702814749,33.8113548278339],[-84.397621753833,33.8112657606806],[-84.3997614393302,33.8111502026078],[-84.4028765937162,33.8096132765188],[-84.4049559348842,33.8084900726766],[-84.4075693307767,33.807136223627],[-84.4075999255987,33.8071205226009],[-84.4077280280531,33.8072325891249],[-84.4077372717174,33.809246399648],[-84.4077048398407,33.810777786635],[-84.4075957690939,33.8170357108509],[-84.4074698342742,33.82542511055],[-84.4073719996549,33.8374350000207],[-84.4081593541368,33.8385965250122],[-84.4091290872827,33.8391966761115],[-84.4100227627683,33.8397020640667],[-84.4108213668525,33.8399389638051],[-84.411638984678,33.8400811028853],[-84.416430608285,33.8398126165141],[-84.4169820247491,33.8398126165141],[-84.4177425995541,33.839875790556],[-84.4187693766188,33.8401284825261],[-84.4196060090839,33.8403653810824],[-84.4231046551631,33.8427501205164],[-84.4245497480112,33.8438240210388],[-84.4274399328091,33.8457191069023],[-84.4288229116469,33.846644549018],[-84.4292660002709,33.8465969998997]]},"properties":{"OBJECTID_1":26720,"OBJECTID":39638,"ID":"127571","TYPE":"AC; OVERHEAD","STATUS":"IN SERVICE","NAICS_CODE":"221121","NAICS_DESC":"ELECTRIC BULK POWER TRANSMISSION AND CONTROL","SOURCE":"IMAGERY, EIA 861, EIA 860","SOURCEDATE":1401840000000,"VAL_METHOD":"IMAGERY","VAL_DATE":1514937600000,"OWNER":"GEORGIA POWER CO","VOLTAGE":115,"VOLT_CLASS":"100-161","INFERRED":"Y","SUB_1":"UNKNOWN111532","SUB_2":"SHEPHERD CENTER","SHAPE__Len":8650.37129954413,"GlobalID":"6fc37815-225b-46ae-bd77-1be1f5a797ce","Shape__Length":8650.37149192924}},{"type":"Feature","id":26730,"geometry":{"type":"LineString","coordinates":[[-84.4070439995918,33.7881589996827],[-84.4079877489681,33.7885672904847],[-84.4080649950994,33.7896537241343],[-84.4081303565194,33.7910413749615],[-84.4093246972324,33.7908339694766],[-84.4110419337975,33.7905426126463],[-84.4119391737982,33.7903895278865],[-84.4122735806459,33.790903930893],[-84.4138398930568,33.7931993288463],[-84.4141251090578,33.7930985907028],[-84.4159718808902,33.7945503808887],[-84.4165922250861,33.7939696676195],[-84.4190379486342,33.7929089677485],[-84.4260542545339,33.792802304652],[-84.4289349324611,33.7907875278337],[-84.4294982821455,33.7903777537325],[-84.4297779995586,33.7909260001093],[-84.4331151968217,33.7964775341327],[-84.435276328698,33.799999712925],[-84.4356803316239,33.8006339034772],[-84.4365170000217,33.8024579995145],[-84.4376114795161,33.8057936108969],[-84.438918717799,33.8103556187953],[-84.4355549995738,33.8081280001422],[-84.4346671236116,33.8090369729663],[-84.4335824267706,33.8098502238061],[-84.4334368475923,33.8098576295878],[-84.4333410000465,33.8099609999626]]},"properties":{"OBJECTID_1":26730,"OBJECTID":39656,"ID":"127592","TYPE":"AC; OVERHEAD","STATUS":"IN SERVICE","NAICS_CODE":"221121","NAICS_DESC":"ELECTRIC BULK POWER TRANSMISSION AND CONTROL","SOURCE":"IMAGERY, EIA 861, EIA 860","SOURCEDATE":1401840000000,"VAL_METHOD":"IMAGERY","VAL_DATE":1514937600000,"OWNER":"GEORGIA POWER CO","VOLTAGE":115,"VOLT_CLASS":"100-161","INFERRED":"Y","SUB_1":"UNKNOWN111544","SUB_2":"UNKNOWN111547","SHAPE__Len":7048.91445627868,"GlobalID":"fe6fc36d-749e-403a-ba1c-1768340f59f2","Shape__Length":7048.914586315605}},{"type":"Feature","id":26779,"geometry":{"type":"LineString","coordinates":[[-84.0180102572401,34.0558824565053],[-84.0183964869982,34.0562812096214],[-84.0214625547422,34.0570393289518],[-84.0246652894785,34.0531846691635],[-84.0273451292611,34.052465901009],[-84.028830626534,34.050240633701],[-84.0297991721071,34.0488030421224],[-84.0323839386915,34.0448790779438],[-84.0331861081891,34.0437220395576],[-84.0343447965651,34.042555138941],[-84.0361273945502,34.0406447344732],[-84.0383081061064,34.0389263196863],[-84.0420099681708,34.0359817899173],[-84.042286500158,34.0356782388478]]},"properties":{"OBJECTID_1":26779,"OBJECTID":39730,"ID":"127679","TYPE":"AC; OVERHEAD","STATUS":"IN SERVICE","NAICS_CODE":"221121","NAICS_DESC":"ELECTRIC BULK POWER TRANSMISSION AND CONTROL","SOURCE":"IMAGERY, EIA 861","SOURCEDATE":1407456000000,"VAL_METHOD":"IMAGERY","VAL_DATE":1493078400000,"OWNER":"GEORGIA POWER CO","VOLTAGE":115,"VOLT_CLASS":"100-161","INFERRED":"Y","SUB_1":"UNKNOWN116227","SUB_2":"TAP152056","SHAPE__Len":4194.66594481212,"GlobalID":"edf6054e-5f70-4520-b415-7729b9b8bbb1","Shape__Length":4194.666005083036}},{"type":"Feature","id":26800,"geometry":{"type":"LineString","coordinates":[[-84.3672669500523,33.4820237916718],[-84.3688756997755,33.4819920737546],[-84.3688756997755,33.4802248999625],[-84.3688184995498,33.4778946000695],[-84.3724278001057,33.4779482997109],[-84.3724829997832,33.4742780997352],[-84.3725245001527,33.4709814996021],[-84.3725750995577,33.468199099442],[-84.3726072996691,33.4667962999399],[-84.3763537999183,33.4668262998476],[-84.3788082002938,33.4656246999896],[-84.3813069001892,33.4644056996379],[-84.3842776000877,33.4629586001675],[-84.3860476998123,33.4639699994842],[-84.3894700995851,33.4659212996875],[-84.3928274002459,33.4678317999524],[-84.3965180001316,33.4699613000294],[-84.3995503002041,33.4716825996831],[-84.4032866997963,33.4738184994847],[-84.4072101995975,33.4760629996233],[-84.4115335997188,33.4785395997357],[-84.4157711002377,33.4809497995865],[-84.4198495998496,33.4832751000544],[-84.4262519997791,33.4832883001123],[-84.4320057999037,33.4833068999179],[-84.4361479999507,33.4834075995333],[-84.4393459996673,33.4831132999087],[-84.4424295001177,33.4828799994699],[-84.4450234995866,33.4826545999138],[-84.4482152003163,33.4827394995306],[-84.4511875001144,33.4827368000127],[-84.4551228998982,33.4833702995637],[-84.4589127995554,33.4839833000205],[-84.4605456995867,33.4842607000885]]},"properties":{"OBJECTID_1":26800,"OBJECTID":39763,"ID":"127721","TYPE":"AC; OVERHEAD","STATUS":"IN SERVICE","NAICS_CODE":"221121","NAICS_DESC":"ELECTRIC BULK POWER TRANSMISSION AND CONTROL","SOURCE":"IMAGERY, OpenStreetMap, EIA 861","SOURCEDATE":1397088000000,"VAL_METHOD":"IMAGERY","VAL_DATE":1493078400000,"OWNER":"GEORGIA POWER CO","VOLTAGE":230,"VOLT_CLASS":"220-287","INFERRED":"Y","SUB_1":"UNKNOWN116411","SUB_2":"O'HARA","SHAPE__Len":13409.9661818173,"GlobalID":"08a23640-48f4-415b-a541-d308463495ef","Shape__Length":13409.966095605314}},{"type":"Feature","id":26823,"geometry":{"type":"LineString","coordinates":[[-84.0625227497487,33.8818837387173],[-84.0623373599319,33.8813746537068],[-84.0618572472435,33.8815798670277],[-84.058653324036,33.8769151021455],[-84.0595802749164,33.876275748007],[-84.0641793778799,33.8741149358279],[-84.0630741671111,33.8724987306687],[-84.0588387147511,33.8663829239448],[-84.0587531502203,33.8657553330122],[-84.0577192432272,33.864281069134],[-84.05643577257,33.8624219197801],[-84.0557084731598,33.8619067981095],[-84.054567610054,33.8602785196993],[-84.0491912936899,33.8524505091403],[-84.0473659143376,33.8498982560848],[-84.0470664375814,33.8491106550863],[-84.0463676587832,33.8480980141352],[-84.0428595058333,33.8428569600976],[-84.0453798209911,33.8416077288524],[-84.047411981742,33.8406009217684],[-84.0471196358126,33.8390314625078],[-84.0474191125687,33.8390492297214],[-84.0481464128773,33.8387708708131]]},"properties":{"OBJECTID_1":26823,"OBJECTID":39793,"ID":"127770","TYPE":"AC; OVERHEAD","STATUS":"IN SERVICE","NAICS_CODE":"221121","NAICS_DESC":"ELECTRIC BULK POWER TRANSMISSION AND CONTROL","SOURCE":"IMAGERY, EIA 861, EIA 860","SOURCEDATE":1407283200000,"VAL_METHOD":"IMAGERY","VAL_DATE":1514851200000,"OWNER":"GEORGIA POWER CO","VOLTAGE":115,"VOLT_CLASS":"100-161","INFERRED":"Y","SUB_1":"UNKNOWN116163","SUB_2":"UNKNOWN116171","SHAPE__Len":7330.84472616108,"GlobalID":"7d02a423-2431-4f38-ab74-b2b2696ab687","Shape__Length":7330.844731391831}},{"type":"Feature","id":26826,"geometry":{"type":"LineString","coordinates":[[-84.6184902713297,34.0895888100673],[-84.6171837445125,34.0893956467526],[-84.616784444267,34.0892499866883],[-84.6170649054853,34.0890098440339],[-84.6179538279848,34.0880492658605],[-84.6181770305868,34.0874568755299],[-84.6182609997097,34.086695999633],[-84.6192943407641,34.0857461948873],[-84.6198885412903,34.0851517171753],[-84.6203959995943,34.084735000053],[-84.6210629995911,34.0841689999683],[-84.6213909996541,34.0834819994924],[-84.622529999654,34.0829319998808],[-84.6231637664768,34.0824902945734],[-84.6236248663223,34.0819351644688],[-84.6235917184883,34.0816228868868],[-84.6235698993084,34.0810028318589],[-84.6240433159547,34.080931746822],[-84.6243769996585,34.0808759998498],[-84.6254882749538,34.080187073141],[-84.6275879997938,34.0790610001723],[-84.6296619313071,34.0778089811414],[-84.6299287596926,34.0774674216014],[-84.6301453084733,34.0771591060339],[-84.6308108118768,34.0767653716498],[-84.6315654452245,34.0761550819324],[-84.6322012377483,34.0755989258913],[-84.6327241336005,34.074880347831],[-84.6334609407797,34.0737729375113],[-84.6337342720695,34.0731380167733],[-84.6347087590998,34.0731035636662],[-84.6462897040971,34.0661584889912],[-84.6463728916856,34.0640418758204],[-84.6480128821195,34.0641058666758],[-84.648131722045,34.0634413377168],[-84.6495637417108,34.0635151745252],[-84.6510670669489,34.0631115326696],[-84.6508531547235,34.0625257571392],[-84.6503421426843,34.0617775325841],[-84.6491145274749,34.0616101659254]]},"properties":{"OBJECTID_1":26826,"OBJECTID":39799,"ID":"127777","TYPE":"AC; OVERHEAD","STATUS":"IN SERVICE","NAICS_CODE":"221121","NAICS_DESC":"ELECTRIC BULK POWER TRANSMISSION AND CONTROL","SOURCE":"IMAGERY, EIA 861, EIA 860","SOURCEDATE":1401408000000,"VAL_METHOD":"IMAGERY","VAL_DATE":1514851200000,"OWNER":"GEORGIA POWER CO","VOLTAGE":115,"VOLT_CLASS":"100-161","INFERRED":"Y","SUB_1":"UNKNOWN111162","SUB_2":"UNKNOWN115907","SHAPE__Len":6132.83247663737,"GlobalID":"126ab626-d180-4c07-a20a-4c8536411c16","Shape__Length":6132.8325249216}},{"type":"Feature","id":26849,"geometry":{"type":"LineString","coordinates":[[-84.1385697343304,33.9983143129915],[-84.1391905142092,33.9974549587897],[-84.1399828839853,33.9966382375169],[-84.1407387291603,33.9957987607647],[-84.1437559096883,33.9926999448605],[-84.1472218337349,33.9893827921426],[-84.1541749898667,33.9827659167125],[-84.1598032073113,33.9780791260932],[-84.1674922812901,33.9717519889835],[-84.1707781658858,33.9690614125999],[-84.1825908322089,33.9592937107294],[-84.1915276589309,33.9519597379396],[-84.193571772665,33.950283831931],[-84.2019854457183,33.943437306038],[-84.2044572509525,33.9413620507197],[-84.2048666249055,33.9410243821152]]},"properties":{"OBJECTID_1":26849,"OBJECTID":39830,"ID":"127806","TYPE":"AC; OVERHEAD","STATUS":"IN SERVICE","NAICS_CODE":"221121","NAICS_DESC":"ELECTRIC BULK POWER TRANSMISSION AND CONTROL","SOURCE":"IMAGERY, EIA 861","SOURCEDATE":1407369600000,"VAL_METHOD":"IMAGERY","VAL_DATE":1493078400000,"OWNER":"GEORGIA POWER CO","VOLTAGE":115,"VOLT_CLASS":"100-161","INFERRED":"Y","SUB_1":"UNKNOWN116219","SUB_2":"TAP151311","SHAPE__Len":10669.8565434219,"GlobalID":"3f3bfcfc-f158-4961-a443-581cbfc50881","Shape__Length":10669.85650700532}},{"type":"Feature","id":26856,"geometry":{"type":"LineString","coordinates":[[-84.0316529067813,33.9112003031272],[-84.0285345490029,33.9125889398014],[-84.0276456265034,33.9132161855039],[-84.0272653399992,33.9137171909051],[-84.0267281824936,33.9139459949959],[-84.0251547437476,33.9141945226112],[-84.0189560556735,33.9171294665445],[-84.0178342081056,33.9180762021465],[-84.016831199565,33.9189400879747],[-84.016422389754,33.919882857106],[-84.0158044225003,33.9205810531054],[-84.0137984063175,33.9223442657136],[-84.0119635191962,33.923819498574],[-84.0106610338995,33.9246083824493],[-84.009824400536,33.9257680296382],[-84.00877860973,33.9267541109709],[-84.0077138051827,33.9272510915049],[-84.0050042563171,33.927937393651],[-84.0039061754768,33.9281543268644],[-84.0015721610275,33.9294795810522],[-84.0005691524868,33.9304971728973],[-84.0002126327101,33.9302999660616],[-84.0000224890089,33.9303315188581]]},"properties":{"OBJECTID_1":26856,"OBJECTID":39842,"ID":"127822","TYPE":"AC; OVERHEAD","STATUS":"IN SERVICE","NAICS_CODE":"221121","NAICS_DESC":"ELECTRIC BULK POWER TRANSMISSION AND CONTROL","SOURCE":"IMAGERY, EIA 861, EIA 860","SOURCEDATE":1407283200000,"VAL_METHOD":"IMAGERY","VAL_DATE":1514851200000,"OWNER":"GEORGIA POWER CO","VOLTAGE":115,"VOLT_CLASS":"100-161","INFERRED":"Y","SUB_1":"UNKNOWN116173","SUB_2":"TAP142233","SHAPE__Len":4517.15099444522,"GlobalID":"e3f45116-630f-4372-a275-f295b1a1cf21","Shape__Length":4517.150984561385}},{"type":"Feature","id":26912,"geometry":{"type":"LineString","coordinates":[[-84.1268330708702,33.5921956991487],[-84.126836133227,33.5923499881689]]},"properties":{"OBJECTID_1":26912,"OBJECTID":39939,"ID":"127943","TYPE":"AC; OVERHEAD","STATUS":"IN SERVICE","NAICS_CODE":"221121","NAICS_DESC":"ELECTRIC BULK POWER TRANSMISSION AND CONTROL","SOURCE":"IMAGERY, EIA 861","SOURCEDATE":1406851200000,"VAL_METHOD":"IMAGERY","VAL_DATE":1495411200000,"OWNER":"GEORGIA POWER CO","VOLTAGE":230,"VOLT_CLASS":"220-287","INFERRED":"Y","SUB_1":"TAP142209","SUB_2":"TAP142210","SHAPE__Len":20.621614577621,"GlobalID":"46e42ba8-4a87-482c-b0f2-6c701f3b3ce7","Shape__Length":20.621617934186933}},{"type":"Feature","id":27000,"geometry":{"type":"LineString","coordinates":[[-84.1264480295832,33.6380134160893],[-84.1268363865519,33.6380345359189],[-84.1285031000688,33.6380932995609],[-84.1298879995047,33.6381654998378],[-84.1316856999664,33.6383772001122],[-84.1341327997336,33.6386532999795],[-84.1368992999916,33.6389701999786],[-84.1400042001087,33.639332999483],[-84.1433670999687,33.6397309000078],[-84.1451903000081,33.6399245994681],[-84.1474323000228,33.6401888001389],[-84.150059200289,33.6404845999433],[-84.1529906995052,33.6408226998495],[-84.1553346996271,33.6410867997937],[-84.1578980997826,33.6413855999455],[-84.1601084997606,33.6416395997507],[-84.1626330001692,33.6419433996837],[-84.1645746996727,33.6421476001047],[-84.1668673997037,33.6424011998016],[-84.1686799996228,33.6426229999263],[-84.1710799001083,33.6429007000473],[-84.1735298996372,33.6431652999129],[-84.1758040000503,33.643422199861],[-84.1777233000622,33.6436225999546],[-84.1806917002735,33.6439617001196],[-84.1833946995224,33.6442698996373],[-84.1853695001475,33.6444907997839],[-84.1879984997765,33.644788799902],[-84.1912138001471,33.6451381998793],[-84.1933736995347,33.6453795996122],[-84.1951263997906,33.6455774001788],[-84.1979620999699,33.6458958997229],[-84.1996870000627,33.6460885996795],[-84.2028343994759,33.6464353994365],[-84.2049047997119,33.6466665997447],[-84.2081726003226,33.6470339000892],[-84.2104558994842,33.6472958998108],[-84.2120696995359,33.6474756998394],[-84.2139858994617,33.6476888997676],[-84.2176023003016,33.6480895996089],[-84.2193965997417,33.6482909998723],[-84.2222420996424,33.6486127999041],[-84.2240821996872,33.6488100994923],[-84.2264615000066,33.6490764998443],[-84.2288052998043,33.6493404996898],[-84.2316619999,33.6496611000743],[-84.2333344994657,33.6498452996641],[-84.2349770995054,33.6500283996062],[-84.2366161997088,33.6501776997947],[-84.2383281002811,33.6503380999025],[-84.2398650000529,33.6505105996592],[-84.2421190877981,33.6508389277774],[-84.244821505837,33.6513256421259],[-84.2466201001225,33.6516874997107],[-84.2490853997573,33.6522153995725],[-84.2516988001414,33.6528294995894],[-84.2530973997837,33.6531698997415],[-84.2545558002744,33.6535156996269],[-84.2566342000079,33.6540283998408],[-84.2591022996915,33.6546074001732],[-84.2620356000297,33.6553084998234],[-84.2640009000723,33.6557899001204],[-84.2650275998819,33.6560375001455],[-84.2663768999814,33.6563548999469],[-84.2687066995354,33.6569129997345],[-84.270950599487,33.6574541995169],[-84.2737739999334,33.6581316001356],[-84.2753618997588,33.6585100000282],[-84.2785543002762,33.6592997995377],[-84.2798850995724,33.6596151998975],[-84.2834609998677,33.6604858000406],[-84.2851486001132,33.6608900995334],[-84.287642600023,33.661520799958],[-84.2897741000713,33.6618443001146],[-84.2910251002242,33.6620452995808],[-84.294148299922,33.6626594999217],[-84.2964304501383,33.6631500316013],[-84.2984478524674,33.6634835325095],[-84.2999482689606,33.663731751899],[-84.3032625088783,33.664294675641],[-84.3057003946256,33.664711473878],[-84.3072006332523,33.6649654639162],[-84.3099736939068,33.665432756465],[-84.3121590847873,33.6657993726146],[-84.3139985281637,33.6661159625864],[-84.3161096481331,33.6664653664483],[-84.3182389347325,33.6668334989081],[-84.3202591999924,33.6669870995481],[-84.3207789921653,33.667300404498],[-84.3208145888067,33.665708258157],[-84.3208395880228,33.6637088768571],[-84.320870086725,33.6622635237512],[-84.3208842854964,33.660764927462],[-84.3209002862882,33.6596581736697],[-84.3209070865349,33.6586064054779],[-84.3209347887817,33.6575095170911],[-84.3209486875157,33.6563712970604],[-84.3209680893292,33.6554060387023],[-84.3209844880747,33.6543766421793],[-84.3209962847511,33.6535049086839],[-84.3210079862059,33.6512450605395],[-84.3210434885243,33.649104771159],[-84.3210900922229,33.6464290908036],[-84.3211151857621,33.6455378107869],[-84.3211193862843,33.6442460950895],[-84.3211576886514,33.6429330791041],[-84.3211767347321,33.6411543488095],[-84.3214731356567,33.6402064896718],[-84.3217718766926,33.639178950109],[-84.3221623366174,33.6379686604913],[-84.3225254949441,33.6367741990152],[-84.3230297723136,33.6351622715632],[-84.3234860688672,33.6336352830156],[-84.3239424247097,33.6321730036949],[-84.3243386122927,33.6309008448077],[-84.3247321732018,33.6296278024798],[-84.3253331191774,33.6280114710446],[-84.3257828930638,33.6268180398395],[-84.326259349609,33.6255188557611],[-84.3267359903089,33.6242246488354],[-84.3272809775305,33.6227696788253],[-84.3279133061506,33.6210423026762],[-84.328305725301,33.6200099541557],[-84.3288071738757,33.6186535909025],[-84.3291746674719,33.6176602070592],[-84.3296200476982,33.616451659591],[-84.3300926693355,33.6151605026098],[-84.3306279026498,33.6137243118929],[-84.3311664821885,33.6122792664447],[-84.3315673877234,33.6111916504427],[-84.3318911109074,33.6103257910401],[-84.332286921198,33.6092646310041],[-84.3325715685654,33.6084656774985],[-84.3330507910234,33.607142636849],[-84.333035395696,33.6062274367563],[-84.3331541278238,33.605777486531]]},"properties":{"OBJECTID_1":27000,"OBJECTID":38071,"ID":"125695","TYPE":"AC; OVERHEAD","STATUS":"IN SERVICE","NAICS_CODE":"221121","NAICS_DESC":"ELECTRIC BULK POWER TRANSMISSION AND CONTROL","SOURCE":"IMAGERY, OpenStreetMap, http://www.psc.state.fl.us/publications/pdf/electricgas/transmissionreport2007.pdf, EIA 861","SOURCEDATE":1397088000000,"VAL_METHOD":"IMAGERY","VAL_DATE":1444262400000,"OWNER":"GEORGIA POWER CO","VOLTAGE":230,"VOLT_CLASS":"220-287","INFERRED":"Y","SUB_1":"UNKNOWN116018","SUB_2":"KLONDIKE","SHAPE__Len":30452.3578812243,"GlobalID":"ae928fd0-885d-4843-9a3a-c2e1bdfc7835","Shape__Length":30452.357942552007}},{"type":"Feature","id":27036,"geometry":{"type":"LineString","coordinates":[[-84.3970933800543,33.6377962859307],[-84.3967772647024,33.6374658229216],[-84.3968485684781,33.6369671579693],[-84.3966346580494,33.6369829888727],[-84.3958930969857,33.6358233830212],[-84.3922839805845,33.6315179645152],[-84.3904644914855,33.6295224555091],[-84.3895613091292,33.6284656584388],[-84.3890811955424,33.6268428380516],[-84.3878483557313,33.6244685554433],[-84.3873699022312,33.6225164858466],[-84.386946831665,33.6214596035824],[-84.3859248084848,33.6190093290092],[-84.385515999572,33.6180711597725],[-84.3854922319463,33.6172240287497],[-84.3855492749668,33.6151734596024],[-84.3854304350412,33.6149636495946]]},"properties":{"OBJECTID_1":27036,"OBJECTID":38118,"ID":"125751","TYPE":"AC; OVERHEAD","STATUS":"IN SERVICE","NAICS_CODE":"221121","NAICS_DESC":"ELECTRIC BULK POWER TRANSMISSION AND CONTROL","SOURCE":"IMAGERY, EIA 861, EIA 860","SOURCEDATE":1407801600000,"VAL_METHOD":"IMAGERY","VAL_DATE":1514937600000,"OWNER":"GEORGIA POWER CO","VOLTAGE":115,"VOLT_CLASS":"100-161","INFERRED":"Y","SUB_1":"UNKNOWN116338","SUB_2":"UNKNOWN116348","SHAPE__Len":3416.71270581735,"GlobalID":"dbc86a57-f7ef-4624-913d-f9ed608cdca2","Shape__Length":3416.7126878481095}},{"type":"Feature","id":27155,"geometry":{"type":"LineString","coordinates":[[-84.597968227223,33.8865273425726],[-84.5988454994716,33.8865660996701],[-84.5998401994941,33.8865728000554],[-84.5999999001887,33.8852963995838],[-84.6008013995431,33.8847583000668],[-84.6019412996548,33.8839815998574],[-84.6027696002457,33.8834051996302],[-84.6035124000862,33.8828952996303],[-84.6044809995581,33.8822224001615],[-84.605165399922,33.881746099837],[-84.6059588997787,33.8812053997769],[-84.6071563998665,33.8803702999245],[-84.6082084995408,33.8796345998992],[-84.6100925002536,33.878265399857],[-84.6108493003377,33.8777259001191],[-84.6116714995712,33.8771678001422],[-84.6156376001781,33.8744419997742],[-84.619619499456,33.8716913997658],[-84.6211979256484,33.8706348725871],[-84.6228284092116,33.8695139458248],[-84.6237268385818,33.8688903251312],[-84.6241345003459,33.8685998995292],[-84.624498600107,33.8676900995242],[-84.6242207996986,33.8672684999018],[-84.6242223995981,33.8666321995869],[-84.6242623000681,33.8659573996004],[-84.6252170996207,33.866218599825],[-84.6261878002521,33.8665035996069],[-84.6271872999732,33.8667820001789],[-84.6280293995851,33.8663953999771],[-84.628915499578,33.8660148995667],[-84.630782300248,33.8652133001312],[-84.6316344996187,33.8648601995527],[-84.6326591997785,33.8644389999428]]},"properties":{"OBJECTID_1":27155,"OBJECTID":38285,"ID":"125940","TYPE":"AC; OVERHEAD","STATUS":"IN SERVICE","NAICS_CODE":"221121","NAICS_DESC":"ELECTRIC BULK POWER TRANSMISSION AND CONTROL","SOURCE":"IMAGERY, OpenStreetMap, EIA 861, EIA 860","SOURCEDATE":1397088000000,"VAL_METHOD":"IMAGERY","VAL_DATE":1514937600000,"OWNER":"GEORGIA POWER CO","VOLTAGE":115,"VOLT_CLASS":"100-161","INFERRED":"Y","SUB_1":"UNKNOWN116287","SUB_2":"TAP142614","SHAPE__Len":5276.03997938417,"GlobalID":"9b8e33bf-f019-452f-87d7-0cece645ff55","Shape__Length":5276.040008592679}},{"type":"Feature","id":27233,"geometry":{"type":"LineString","coordinates":[[-84.4843050276356,33.8217550864452],[-84.4841338976757,33.8218439426694],[-84.4755417760878,33.8215240611735],[-84.4747360420752,33.8223415344756],[-84.476240554886,33.8229279784843],[-84.4767799995024,33.8228379994786]]},"properties":{"OBJECTID_1":27233,"OBJECTID":38412,"ID":"126079","TYPE":"AC; OVERHEAD","STATUS":"IN SERVICE","NAICS_CODE":"221121","NAICS_DESC":"ELECTRIC BULK POWER TRANSMISSION AND CONTROL","SOURCE":"IMAGERY, EIA 861, EIA 860","SOURCEDATE":1408060800000,"VAL_METHOD":"IMAGERY","VAL_DATE":1514937600000,"OWNER":"GEORGIA POWER CO","VOLTAGE":115,"VOLT_CLASS":"100-161","INFERRED":"Y","SUB_1":"JACK MCDONOUGH","SUB_2":"UNKNOWN116534","SHAPE__Len":1367.71992904083,"GlobalID":"9ff42e3a-5fa6-40b6-af92-3a97b5728b72","Shape__Length":1367.7197605812253}},{"type":"Feature","id":27267,"geometry":{"type":"LineString","coordinates":[[-84.2377984499963,33.8096892221618],[-84.2373028880816,33.8096122024461],[-84.2379339276193,33.8102757529236],[-84.2374954087251,33.8108919016905],[-84.2370390636625,33.811466576076],[-84.236671848544,33.8126277597453],[-84.2365149802375,33.8136704427529],[-84.2358839398016,33.8145857417908],[-84.2347787290328,33.8162445118938],[-84.2339302127548,33.8171568219256],[-84.2331030871603,33.8175981630712],[-84.2322189185452,33.8180217296128],[-84.2309354478881,33.818436407563],[-84.2296282096052,33.8185252679816],[-84.2281367699766,33.8184462814449],[-84.2261164921403,33.8181747656949],[-84.2232108572178,33.8178291996945],[-84.2202576870438,33.8175033780417],[-84.2162171304728,33.8170492008989],[-84.2131094689345,33.8175132520313],[-84.2118497659032,33.8179427426111],[-84.2109409996191,33.8183960000139],[-84.2114338270621,33.818989309613],[-84.2083677575214,33.8209540575547],[-84.2042856089528,33.8236197238648],[-84.2032517019597,33.8241775275217],[-84.2020395350782,33.8249377157896],[-84.2008689628894,33.8254115964502],[-84.1981415878553,33.8258410481106],[-84.1970898546937,33.8259940709465],[-84.1968224648612,33.8250956767991],[-84.1964606252613,33.824175664819]]},"properties":{"OBJECTID_1":27267,"OBJECTID":38464,"ID":"126137","TYPE":"AC; OVERHEAD","STATUS":"IN SERVICE","NAICS_CODE":"221121","NAICS_DESC":"ELECTRIC BULK POWER TRANSMISSION AND CONTROL","SOURCE":"IMAGERY, EIA 861, EIA 860","SOURCEDATE":1408406400000,"VAL_METHOD":"IMAGERY","VAL_DATE":1514937600000,"OWNER":"GEORGIA POWER CO","VOLTAGE":115,"VOLT_CLASS":"100-161","INFERRED":"Y","SUB_1":"UNKNOWN116181","SUB_2":"UNKNOWN116580","SHAPE__Len":6097.40123603033,"GlobalID":"9961c64a-826b-4fd0-920c-ce386651456a","Shape__Length":6097.401309034507}},{"type":"Feature","id":27282,"geometry":{"type":"LineString","coordinates":[[-84.3672669500523,33.4820237916718],[-84.3687065452109,33.4819288064664],[-84.3686305998401,33.4802158998094],[-84.3685649994682,33.4776793995539],[-84.3721808999464,33.4777323994965],[-84.3722373994862,33.4738896000746],[-84.3722820996548,33.4709754996094],[-84.3723339001073,33.4679847995685],[-84.372355100348,33.4665825998498],[-84.3762978995548,33.4666254000103],[-84.3787698997233,33.4653995995139],[-84.3811216002039,33.4642410000409],[-84.3840666002005,33.462828899953],[-84.3832168002299,33.4619452000856],[-84.3829154001807,33.4582942000931],[-84.3830372000551,33.4541194000845],[-84.3831270998555,33.4507612001179],[-84.3832566998016,33.4458149000702],[-84.3833367001675,33.4424990999169],[-84.3834309002032,33.439171399521],[-84.3791040002455,33.4366343001398],[-84.37482560033,33.4341033000435],[-84.370744299771,33.4316999999238],[-84.3673265002708,33.4296950001147],[-84.3634845998367,33.4274416996703],[-84.3635840999325,33.4236654999913],[-84.3636062999982,33.4212759001226],[-84.3636582001637,33.4165547996124],[-84.3637146997035,33.4125893996433],[-84.3637477002138,33.4091073000438],[-84.3638795001339,33.4055386001607],[-84.3639233001905,33.4042358998382]]},"properties":{"OBJECTID_1":27282,"OBJECTID":38488,"ID":"126165","TYPE":"AC; OVERHEAD","STATUS":"IN SERVICE","NAICS_CODE":"221121","NAICS_DESC":"ELECTRIC BULK POWER TRANSMISSION AND CONTROL","SOURCE":"IMAGERY, OpenStreetMap, EIA 861","SOURCEDATE":1397088000000,"VAL_METHOD":"IMAGERY","VAL_DATE":1493078400000,"OWNER":"GEORGIA POWER CO","VOLTAGE":230,"VOLT_CLASS":"220-287","INFERRED":"Y","SUB_1":"UNKNOWN116356","SUB_2":"O'HARA","SHAPE__Len":13063.1422297478,"GlobalID":"62ee6785-b241-4217-848c-650ba494d416","Shape__Length":13063.142284176382}},{"type":"Feature","id":27360,"geometry":{"type":"LineString","coordinates":[[-84.8965182561817,33.4612738746781],[-84.8966713874966,33.4609035001568],[-84.8951105925382,33.4601546164749],[-84.8909957695478,33.458180328866],[-84.8883793822653,33.4587582804365],[-84.8852924233011,33.4594428949654],[-84.8816461067656,33.4599922260648],[-84.876564604003,33.4607600268092],[-84.8709955630778,33.4615996538724],[-84.8665388969858,33.4624201139493],[-84.862986777791,33.4630774179809],[-84.8592228169876,33.4637733106822],[-84.8545716368905,33.4646267079823],[-84.8501535857792,33.4654399984595],[-84.8462759818042,33.4661438996087],[-84.8416219253015,33.4670012108006],[-84.8365910147574,33.467926013025],[-84.8327951889142,33.4686266634776],[-84.8281378643406,33.470166464181],[-84.8231119834637,33.4718248575126],[-84.8198693859866,33.4728940268999],[-84.8158716386305,33.4740850025715],[-84.8129012657188,33.4749637958274],[-84.8083689731579,33.4763087020591],[-84.8039318732711,33.4777594988835],[-84.798898868754,33.4793899676892],[-84.7946972056251,33.4807451884451],[-84.7897086335786,33.4823756797292],[-84.7852594019439,33.4838048907148],[-84.7806642183299,33.4853136197867],[-84.7763167128163,33.4867268886151],[-84.7704045055711,33.4886420875794],[-84.7660024372854,33.4894790928153],[-84.7600646523091,33.4906270095001],[-84.7537591365814,33.491847212712],[-84.7494552559529,33.4926818098977],[-84.7442716147425,33.4936811179047],[-84.7400799390828,33.4945008135024],[-84.7348110270907,33.4955113359864],[-84.7323605972688,33.4960016417306],[-84.7275901101222,33.4969222209998],[-84.7226454576082,33.4978890091212],[-84.7184505165725,33.4987751238242],[-84.7137877679712,33.4997893351476],[-84.7106465795099,33.5004591688461],[-84.7076131188141,33.5010802994873],[-84.7034482830185,33.5019111064857],[-84.7001091965984,33.5025997246726],[-84.697730623016,33.5030825198387],[-84.6931888792801,33.5040143091121],[-84.6892164150077,33.504811542467],[-84.6859997761473,33.505558627469],[-84.6833136077336,33.5055063568967],[-84.6801105325357,33.5054487575852],[-84.6760893409474,33.5053668427098],[-84.6726867139923,33.5053930495759],[-84.6701554438796,33.5054192504417],[-84.6665026945084,33.505456791844],[-84.6638014361945,33.5058952510562],[-84.6607722110553,33.5063966391643],[-84.657321135262,33.5069467189685],[-84.6542691575932,33.5074369479585],[-84.6508043950682,33.5080132586819],[-84.6475407051483,33.5085455547542],[-84.6441922412149,33.5098759270789],[-84.6404808210758,33.5113202969455],[-84.6359613825084,33.5130977120654],[-84.6335693566547,33.5140331226324],[-84.6310571757418,33.5150243207984],[-84.6279211903226,33.5160941409768],[-84.6240673000744,33.5173824999404],[-84.624180000015,33.5176074001673],[-84.6239107668396,33.5179013016895],[-84.623533832848,33.5177451488428]]},"properties":{"OBJECTID_1":27360,"OBJECTID":38618,"ID":"126321","TYPE":"AC; OVERHEAD","STATUS":"IN SERVICE","NAICS_CODE":"221121","NAICS_DESC":"ELECTRIC BULK POWER TRANSMISSION AND CONTROL","SOURCE":"IMAGERY, OpenStreetMap, http://www.psc.state.fl.us/publications/pdf/electricgas/transmissionreport2007.pdf, EIA 861","SOURCEDATE":1397088000000,"VAL_METHOD":"IMAGERY","VAL_DATE":1509580800000,"OWNER":"GEORGIA POWER CO","VOLTAGE":230,"VOLT_CLASS":"220-287","INFERRED":"Y","SUB_1":"UNKNOWN113566","SUB_2":"YATES","SHAPE__Len":31834.1558303267,"GlobalID":"8a0a24cc-851b-4039-b127-6d80705a1851","Shape__Length":31834.155675537957}},{"type":"Feature","id":27387,"geometry":{"type":"LineString","coordinates":[[-84.042453279577,33.6973950359696],[-84.0430553529383,33.6977915125458],[-84.0447072271851,33.6963430274897],[-84.0483793792681,33.6987209028514],[-84.0563357065356,33.7038768594877],[-84.0588609821903,33.7056247570963],[-84.0676552040559,33.7111876047171],[-84.0708994598231,33.7128018985539],[-84.0776495652596,33.7164989808034],[-84.0854335758927,33.7208878231502],[-84.0872922306397,33.7219988365622],[-84.0882334431736,33.7229595950921],[-84.0890979997693,33.7230889996527],[-84.0919440000316,33.7231009997274],[-84.0933939994778,33.7223929999216],[-84.0945199999572,33.7222899998083],[-84.1007759996482,33.7200799995148],[-84.1014883654651,33.7196605504767],[-84.10189242229,33.7198107975007]]},"properties":{"OBJECTID_1":27387,"OBJECTID":38664,"ID":"126369","TYPE":"AC; OVERHEAD","STATUS":"IN SERVICE","NAICS_CODE":"221121","NAICS_DESC":"ELECTRIC BULK POWER TRANSMISSION AND CONTROL","SOURCE":"IMAGERY, EIA 861, EIA 860","SOURCEDATE":1407196800000,"VAL_METHOD":"IMAGERY","VAL_DATE":1514937600000,"OWNER":"GEORGIA POWER CO","VOLTAGE":115,"VOLT_CLASS":"100-161","INFERRED":"Y","SUB_1":"UNKNOWN115871","SUB_2":"UNKNOWN116599","SHAPE__Len":8007.80493333455,"GlobalID":"6b2e938b-2a8d-48f7-917c-0b55a2f05f99","Shape__Length":8007.805021833499}},{"type":"Feature","id":27419,"geometry":{"type":"LineString","coordinates":[[-84.2830835691078,33.9002694090368],[-84.282420999602,33.8996729999298],[-84.283550452307,33.8981139020045],[-84.2846130002863,33.8967719996981],[-84.2852083183167,33.8957053849682],[-84.2861459995732,33.8939760001388],[-84.2864560000929,33.8935310000376],[-84.2865409995834,33.8921930000958],[-84.2860818984895,33.8910649786414],[-84.2855590026373,33.8894816497575],[-84.2853129558776,33.8882545339042],[-84.284832999496,33.8857589995401],[-84.284143999758,33.8848819998455],[-84.2822552550422,33.8833108239277],[-84.2809739996305,33.8827629998108],[-84.2768789997635,33.8815319995255],[-84.2763741878963,33.8813061527031]]},"properties":{"OBJECTID_1":27419,"OBJECTID":38709,"ID":"126419","TYPE":"AC; OVERHEAD","STATUS":"IN SERVICE","NAICS_CODE":"221121","NAICS_DESC":"ELECTRIC BULK POWER TRANSMISSION AND CONTROL","SOURCE":"IMAGERY, EIA 861, EIA 860","SOURCEDATE":1408406400000,"VAL_METHOD":"IMAGERY","VAL_DATE":1514937600000,"OWNER":"GEORGIA POWER CO","VOLTAGE":115,"VOLT_CLASS":"100-161","INFERRED":"Y","SUB_1":"UNKNOWN116577","SUB_2":"TAP142251","SHAPE__Len":3261.43592209324,"GlobalID":"d01c2e02-20e6-4628-a021-9b2bddcd903f","Shape__Length":3261.4359945443284}},{"type":"Feature","id":27473,"geometry":{"type":"LineString","coordinates":[[-84.4104790000331,33.7874320000299],[-84.4103780150221,33.7877846059764],[-84.4117469999044,33.787803999463]]},"properties":{"OBJECTID_1":27473,"OBJECTID":38787,"ID":"126528","TYPE":"AC; OVERHEAD","STATUS":"IN SERVICE","NAICS_CODE":"221121","NAICS_DESC":"ELECTRIC BULK POWER TRANSMISSION AND CONTROL","SOURCE":"IMAGERY, EIA 861, EIA 860","SOURCEDATE":1514937600000,"VAL_METHOD":"IMAGERY","VAL_DATE":1514937600000,"OWNER":"GEORGIA POWER CO","VOLTAGE":115,"VOLT_CLASS":"100-161","INFERRED":"Y","SUB_1":"UNKNOWN111546","SUB_2":"TAP155949","SHAPE__Len":200.964918694108,"GlobalID":"6055d133-584c-4be4-a2ea-594b419515e4","Shape__Length":200.96489773356097}},{"type":"Feature","id":27593,"geometry":{"type":"LineString","coordinates":[[-84.0481464128773,33.8387708708131],[-84.0488309300221,33.8390551526225],[-84.0492159722074,33.8390610747771],[-84.0539434210688,33.8396118699191],[-84.0569025335984,33.838362212936],[-84.0589379462506,33.8412437170716],[-84.0595174566269,33.8413124225766],[-84.0601401768667,33.8417941086707],[-84.0604539152763,33.8422994805188],[-84.0601544376218,33.8423942380605],[-84.0621747154582,33.8450671317662],[-84.0630731448283,33.8463778850555],[-84.0635722730547,33.8472780288957],[-84.0638907635522,33.8483360805691],[-84.0640951680085,33.8492322571395],[-84.0641617178997,33.8503139708575],[-84.0673656411072,33.8512930294878],[-84.0732030546219,33.853105047962],[-84.0766161361702,33.8541867141307],[-84.0765115569998,33.8544748925385],[-84.0786601816324,33.8551065134947],[-84.0788408175646,33.8556947066269],[-84.0791139997341,33.8562529999617],[-84.0795010002467,33.8568509994411],[-84.0801459996039,33.8576739998066],[-84.080693999775,33.8583380001064],[-84.0816670000935,33.859213999951],[-84.082596999856,33.8594809998106],[-84.0850730002225,33.8610269998938],[-84.0860330001222,33.8617819998161],[-84.0863000000859,33.8622760001361],[-84.086551000156,33.8628049999915],[-84.086619999753,33.8634649994953],[-84.0865179996458,33.8639089994783],[-84.0867570000204,33.8642489995776],[-84.0876359997292,33.8650649998115],[-84.0898929998126,33.8664139998983],[-84.0921669996144,33.8677740000062],[-84.092694999694,33.8680260000601],[-84.0936789998832,33.8683709998689],[-84.0948379999746,33.8687699996798],[-84.0960999999981,33.8691629999866],[-84.0973050001202,33.869201999924],[-84.0985639997707,33.8688910001568],[-84.099831999642,33.8688449999464],[-84.1005859996774,33.8689739999225],[-84.1015499997751,33.8694689998779],[-84.103822999752,33.8715469996213],[-84.104483999901,33.8722189994877],[-84.1048889999569,33.8727719996283],[-84.1051640003165,33.8736259996702],[-84.1056940000459,33.8743460001669],[-84.1060480000483,33.8748499995109],[-84.1064079998984,33.8752950001041],[-84.1068129999544,33.875687999456],[-84.1073100000718,33.8760739996976],[-84.1080509996884,33.8765360000487],[-84.1092890003208,33.8771680000199],[-84.1102190000833,33.8775520000201],[-84.1109770003167,33.8776109994552],[-84.1117399996746,33.8780959995485],[-84.1124090002195,33.8794029994841],[-84.1127289998867,33.8798929995998],[-84.1134779998992,33.8804320001316],[-84.1142100001933,33.8810629994997],[-84.1151659998951,33.8819450000627],[-84.1159989995732,33.8827919995621],[-84.1156689998603,33.8833620001068],[-84.1154349995086,33.8838999995506],[-84.1149059996041,33.8849469996918],[-84.1139779994914,33.8859309999304],[-84.1130779998661,33.8866949997793],[-84.1119160003,33.8874819998095],[-84.1117580001163,33.8881819996263],[-84.1116049999554,33.888899999609],[-84.1122009998071,33.8903619995613],[-84.112678999658,33.8914039995996],[-84.1137359996421,33.8927159997469],[-84.1140029996058,33.8933079998893],[-84.1142789997903,33.8940569994952],[-84.1159919999005,33.895227999685],[-84.11740600026,33.8969619999847],[-84.1184990002291,33.898620999943],[-84.1195179996801,33.9000620001122],[-84.1183171857072,33.9006438470298],[-84.1184239998861,33.9010128606017]]},"properties":{"OBJECTID_1":27593,"OBJECTID":38959,"ID":"126740","TYPE":"AC; OVERHEAD","STATUS":"IN SERVICE","NAICS_CODE":"221121","NAICS_DESC":"ELECTRIC BULK POWER TRANSMISSION AND CONTROL","SOURCE":"IMAGERY, EIA 861, EIA 860","SOURCEDATE":1407283200000,"VAL_METHOD":"IMAGERY","VAL_DATE":1514851200000,"OWNER":"GEORGIA POWER CO","VOLTAGE":115,"VOLT_CLASS":"100-161","INFERRED":"Y","SUB_1":"UNKNOWN116163","SUB_2":"UNKNOWN116224","SHAPE__Len":13609.340276324,"GlobalID":"ba1287e1-0014-44bb-ad55-38f588f2bfe3","Shape__Length":13609.340227763241}},{"type":"Feature","id":27718,"geometry":{"type":"LineString","coordinates":[[-84.4767799995024,33.8228379994786],[-84.4755011327111,33.8234524047451],[-84.4742430996478,33.8227849660833],[-84.4728535963461,33.8239289996387],[-84.4737948295413,33.8247761410496],[-84.4728720001313,33.8257419998701]]},"properties":{"OBJECTID_1":27718,"OBJECTID":37666,"ID":"125219","TYPE":"AC; OVERHEAD","STATUS":"IN SERVICE","NAICS_CODE":"221121","NAICS_DESC":"ELECTRIC BULK POWER TRANSMISSION AND CONTROL","SOURCE":"IMAGERY, EIA 861, EIA 860","SOURCEDATE":1408060800000,"VAL_METHOD":"IMAGERY","VAL_DATE":1514937600000,"OWNER":"GEORGIA POWER CO","VOLTAGE":115,"VOLT_CLASS":"100-161","INFERRED":"Y","SUB_1":"UNKNOWN111548","SUB_2":"JACK MCDONOUGH","SHAPE__Len":868.114335052452,"GlobalID":"781da62f-d247-49fa-ad98-5c3328a2c03f","Shape__Length":868.1141372176962}},{"type":"Feature","id":27771,"geometry":{"type":"LineString","coordinates":[[-84.0255395451844,33.681765856883],[-84.0253874298641,33.6818667250957],[-84.0251972861628,33.6820704375904],[-84.0241895237378,33.6814632515349],[-84.0174370431556,33.6774857775176],[-84.0151125346786,33.6761388149377],[-84.0126739410589,33.6753140117332],[-84.00768266688,33.6716586750929],[-83.9954635515184,33.6627253901006]]},"properties":{"OBJECTID_1":27771,"OBJECTID":37745,"ID":"125336","TYPE":"AC; OVERHEAD","STATUS":"IN SERVICE","NAICS_CODE":"221121","NAICS_DESC":"ELECTRIC BULK POWER TRANSMISSION AND CONTROL","SOURCE":"IMAGERY, EIA 861, EIA 860","SOURCEDATE":1407196800000,"VAL_METHOD":"IMAGERY","VAL_DATE":1514937600000,"OWNER":"GEORGIA POWER CO","VOLTAGE":115,"VOLT_CLASS":"100-161","INFERRED":"Y","SUB_1":"UNKNOWN115875","SUB_2":"TAP142229","SHAPE__Len":4274.57597727102,"GlobalID":"fd87cf8a-66e9-4238-a659-9086bd9a3cb6","Shape__Length":4274.575950435729}},{"type":"Feature","id":27874,"geometry":{"type":"LineString","coordinates":[[-84.3782189997905,33.7452339994942],[-84.3793929999505,33.7452479998276],[-84.3793849995545,33.7445519998022],[-84.3765249999469,33.744528999867],[-84.3763629061403,33.7380794995608],[-84.3764585560568,33.7340145429609],[-84.3765961096864,33.7284101057343],[-84.3766349995517,33.7271969999262],[-84.3743636201356,33.7272879767326],[-84.3718604268671,33.7271261728804],[-84.3719984359426,33.72589361304],[-84.3727259994575,33.7267550001013]]},"properties":{"OBJECTID_1":27874,"OBJECTID":37900,"ID":"125498","TYPE":"AC; OVERHEAD","STATUS":"IN SERVICE","NAICS_CODE":"221121","NAICS_DESC":"ELECTRIC BULK POWER TRANSMISSION AND CONTROL","SOURCE":"IMAGERY, EIA 861, EIA 860","SOURCEDATE":1401840000000,"VAL_METHOD":"IMAGERY","VAL_DATE":1514937600000,"OWNER":"GEORGIA POWER CO","VOLTAGE":230,"VOLT_CLASS":"220-287","INFERRED":"Y","SUB_1":"UNKNOWN111357","SUB_2":"UNKNOWN111360","SHAPE__Len":3702.07497902049,"GlobalID":"56adc7f7-130b-4377-ba09-878cf17f0156","Shape__Length":3702.0748650129744}},{"type":"Feature","id":27941,"geometry":{"type":"LineString","coordinates":[[-83.8128408719218,33.0606335041711],[-83.8138115968077,33.0612707421058],[-83.8144161998248,33.0612324994675],[-83.8168760996865,33.0610694997849],[-83.8185756996276,33.0640860995355],[-83.821034100201,33.0670415996244],[-83.8231525001175,33.0696409997367],[-83.8243542995423,33.0711262998678],[-83.8282997999831,33.0702259995814],[-83.8324031002834,33.0692441996561],[-83.8365247001644,33.0682980996819],[-83.8409860994796,33.0672755998649],[-83.8444824000576,33.0664566998141],[-83.8487626001969,33.0654823996947],[-83.8503448999249,33.0656360997823],[-83.854800899467,33.0659455001663],[-83.8594145003408,33.0662053997437],[-83.859347663887,33.0704155677967],[-83.8592525915873,33.0737616568565],[-83.8592050563357,33.0769980811088],[-83.8587296966334,33.0805430714635],[-83.8591250002742,33.0866130000369],[-83.858848536559,33.0961552677054],[-83.8587178128205,33.1034924398228],[-83.8582543369311,33.1066381768364],[-83.8579334694914,33.1090869958007],[-83.8572085470235,33.1129691290709],[-83.8557468155797,33.1208921309132],[-83.8542137821568,33.1291229348533],[-83.8530253829012,33.135492071535],[-83.8519082892178,33.1418209438775],[-83.8517300293294,33.1477215090719],[-83.8512190181885,33.1520994125996],[-83.8521935043205,33.1584071897569],[-83.8519082892178,33.1713098555171],[-83.8517537969552,33.1780359978908],[-83.8519106661601,33.1831205465183],[-83.8519249260168,33.189666768058],[-83.8520746652932,33.1962542654335],[-83.8520393767739,33.208263042686],[-83.8519538122431,33.2193946937412],[-83.8518254645486,33.2245245600954],[-83.8519249996787,33.2310939997389],[-83.8528379808582,33.235296298452],[-83.8546063180882,33.243085003172],[-83.8555617904789,33.2469612048355],[-83.8566028282987,33.2510757541804],[-83.8578014791284,33.2559918669229],[-83.8577294297511,33.2597216395251],[-83.8576296035668,33.2667569701525],[-83.8576010829548,33.2727663629303],[-83.8575868221997,33.2764624111285],[-83.8576420003177,33.2856139996078],[-83.8573871707295,33.2973123435695],[-83.8658723371031,33.3074911180062],[-83.8680827586406,33.3101250101797],[-83.8701933548922,33.3126515644704],[-83.8747710662739,33.3181692105546],[-83.8827428436659,33.3278093570521],[-83.8877769010085,33.3337668859039],[-83.8904436667104,33.3371624961486],[-83.892411656309,33.3394619030755],[-83.8948217275201,33.3424164934674],[-83.8983726627353,33.344822980534],[-83.9084835587876,33.3518395370368],[-83.9154143001564,33.3566519245289],[-83.9154428207684,33.3647871131073],[-83.9155426469526,33.3744816437326],[-83.9154143001564,33.3805431548159],[-83.9149722149506,33.3839726630548],[-83.91491517193,33.3899858841019],[-83.9149009111749,33.3939031849843],[-83.9148153466441,33.4013681890469],[-83.9146869998479,33.4105110535365],[-83.9226730379951,33.4191054206069],[-83.9275502261328,33.424485394474],[-83.9327981948025,33.4301387690225],[-83.9396718931508,33.437517356881],[-83.942751999766,33.4408039996864],[-83.9446816995739,33.4429456997477],[-83.9482109108307,33.4467633728065],[-83.9518901928421,33.4507376060315],[-83.9548849577087,33.453593230109],[-83.9609220226936,33.4594152375108],[-83.965970339893,33.4642058081311],[-83.9677147001898,33.4664370271388],[-83.9696591296734,33.4690357656662],[-83.9740894796192,33.4748250154544],[-83.9762476120207,33.4777036359385],[-83.9784627865444,33.480582160781],[-83.9828836296196,33.4863627109568],[-83.9847994001507,33.4895395998431],[-83.9871396120771,33.4933768011004],[-83.9916935558329,33.5010116257751],[-83.9935949937437,33.5041906228687],[-83.9962000002698,33.5086360001793],[-83.9993088143466,33.5140519038251],[-84.0014003959586,33.5164774161163],[-84.0019220000334,33.5171349997445],[-84.0071047087925,33.5232304459787],[-84.0146344027754,33.5276212174596],[-84.0216507086751,33.5316868417318],[-84.0253014691762,33.5338424164429],[-84.0323554001133,33.5379611994449],[-84.0357859179613,33.5400304805405],[-84.0414902316935,33.5433823707443],[-84.0432728296787,33.5444283239631],[-84.0487774919408,33.5518209488609],[-84.0578473501732,33.5631820150733],[-84.0678441601844,33.57577726498],[-84.0722587186458,33.5816616520052],[-84.0740190788361,33.5838562697092],[-84.0824360001975,33.5910590000275],[-84.0929146171197,33.6001426688933],[-84.1122589995334,33.6075579999877],[-84.1190619995705,33.6101170001665],[-84.1221527997309,33.6112105997941],[-84.1265713997128,33.6128699001389],[-84.1263503997799,33.6153644994594],[-84.1260332001615,33.6192954999822],[-84.1254067995239,33.6227226001576],[-84.1246090003302,33.6272166997998],[-84.1242608995644,33.6291311999329],[-84.1238482000481,33.6318430995168],[-84.1233780038621,33.6352826867051],[-84.1264480295832,33.6380134160893]]},"properties":{"OBJECTID_1":27941,"OBJECTID":40535,"ID":"128650","TYPE":"AC; OVERHEAD","STATUS":"IN SERVICE","NAICS_CODE":"221121","NAICS_DESC":"ELECTRIC BULK POWER TRANSMISSION AND CONTROL","SOURCE":"IMAGERY, OpenStreetMap, http://www.psc.state.fl.us/publications/pdf/electricgas/transmissionreport2007.pdf, EIA 861","SOURCEDATE":1397088000000,"VAL_METHOD":"IMAGERY","VAL_DATE":1443744000000,"OWNER":"GEORGIA POWER CO","VOLTAGE":500,"VOLT_CLASS":"500","INFERRED":"Y","SUB_1":"UNKNOWN115783","SUB_2":"KLONDIKE","SHAPE__Len":94572.7647876168,"GlobalID":"13a131a2-1d1d-4a9f-b649-c2f56b7ce6e8","Shape__Length":94572.76487088099}},{"type":"Feature","id":28070,"geometry":{"type":"LineString","coordinates":[[-84.4739349999633,33.7787929994595],[-84.4740114906114,33.7786557037326],[-84.4743934120494,33.7785875459773],[-84.4741317130442,33.7777558485446],[-84.4738570001455,33.7772309995878],[-84.4738944473164,33.7767560225028],[-84.4736303830471,33.7761299680179],[-84.4734667647995,33.7729360279268],[-84.4734237974812,33.7716032195691],[-84.4735109996407,33.7708799997668],[-84.47207798015,33.7693766549679],[-84.4710405921852,33.7683505324886],[-84.4707987360663,33.7680897396588],[-84.4704101338576,33.7674212986614],[-84.4701313075732,33.7668606024369],[-84.4699941851349,33.7663045407932],[-84.4699246609218,33.7643623237276],[-84.4699160002642,33.7632449994981],[-84.4694149999488,33.7602169997619],[-84.46943185953,33.7592479749229],[-84.4693053435003,33.7577134517687],[-84.4691696430952,33.7568528639952],[-84.4689820003037,33.7559150001468],[-84.4754956242417,33.7559064701403],[-84.4796417130956,33.7559586711379],[-84.4820970001083,33.7559809995591],[-84.4822115155441,33.7549269417631],[-84.4866429335867,33.7553935471373],[-84.4900324047145,33.7557176924617],[-84.4928952591682,33.7559855509833],[-84.4953687765912,33.7562790665463],[-84.4957032687788,33.7565286908477]]},"properties":{"OBJECTID_1":28070,"OBJECTID":40735,"ID":"128863","TYPE":"AC; OVERHEAD","STATUS":"IN SERVICE","NAICS_CODE":"221121","NAICS_DESC":"ELECTRIC BULK POWER TRANSMISSION AND CONTROL","SOURCE":"IMAGERY, EIA 861, EIA 860","SOURCEDATE":1401840000000,"VAL_METHOD":"IMAGERY","VAL_DATE":1514937600000,"OWNER":"GEORGIA POWER CO","VOLTAGE":115,"VOLT_CLASS":"100-161","INFERRED":"Y","SUB_1":"UNKNOWN111346","SUB_2":"TAP142584","SHAPE__Len":6375.22091219263,"GlobalID":"1aab7b3a-ca2a-46e2-ac54-f380ddf89db0","Shape__Length":6375.220849313908}},{"type":"Feature","id":28076,"geometry":{"type":"LineString","coordinates":[[-84.2137904476155,33.9324796671368],[-84.2148374268926,33.9320734300433],[-84.2156574216604,33.9319373598641],[-84.2165915024692,33.9310795216064],[-84.2183954929345,33.9311268507362],[-84.221057504752,33.9308448469952],[-84.2249061102113,33.9304199885646],[-84.2284962353291,33.9321074216538],[-84.2334717297017,33.9338602988781],[-84.2358601497179,33.9344709374747],[-84.2414412487291,33.9359736697477],[-84.2440918950616,33.9366819309426],[-84.2444261761451,33.9363545959195]]},"properties":{"OBJECTID_1":28076,"OBJECTID":40748,"ID":"128879","TYPE":"AC; OVERHEAD","STATUS":"IN SERVICE","NAICS_CODE":"221121","NAICS_DESC":"ELECTRIC BULK POWER TRANSMISSION AND CONTROL","SOURCE":"IMAGERY, EIA 861","SOURCEDATE":1407369600000,"VAL_METHOD":"IMAGERY","VAL_DATE":1493078400000,"OWNER":"GEORGIA POWER CO","VOLTAGE":230,"VOLT_CLASS":"220-287","INFERRED":"Y","SUB_1":"UNKNOWN116082","SUB_2":"NORCROSS","SHAPE__Len":3668.73372699077,"GlobalID":"1ead49ea-041c-4b97-b33e-cc0f02a62938","Shape__Length":3668.7338517384696}},{"type":"Feature","id":28098,"geometry":{"type":"LineString","coordinates":[[-84.2366588032094,33.9140945197335],[-84.2393006128144,33.9118547798257],[-84.2409227770798,33.9104848698624],[-84.2428729387132,33.9090113788099],[-84.2452913301205,33.9071487657407],[-84.2467500899374,33.9059528657507],[-84.2472438821709,33.9054677951483],[-84.2515598523265,33.9015992857173]]},"properties":{"OBJECTID_1":28098,"OBJECTID":40781,"ID":"128987","TYPE":"AC; OVERHEAD","STATUS":"IN SERVICE","NAICS_CODE":"221121","NAICS_DESC":"ELECTRIC BULK POWER TRANSMISSION AND CONTROL","SOURCE":"IMAGERY, EIA 861, EIA 860","SOURCEDATE":1407369600000,"VAL_METHOD":"IMAGERY","VAL_DATE":1514937600000,"OWNER":"GEORGIA POWER CO","VOLTAGE":115,"VOLT_CLASS":"100-161","INFERRED":"Y","SUB_1":"TAP142252","SUB_2":"TAP142326","SHAPE__Len":2359.47271689088,"GlobalID":"08ddf307-095b-409c-b24b-46f5a7500fd6","Shape__Length":2359.4727233744884}},{"type":"Feature","id":28124,"geometry":{"type":"LineString","coordinates":[[-84.1754349999794,34.0936880000096],[-84.1741589997121,34.0938290000028],[-84.1716599997794,34.0924320000205],[-84.1710124842412,34.0920998930506],[-84.1702060001353,34.0921909997164],[-84.1674269998201,34.0898809999426],[-84.1670429996805,34.088543999921],[-84.1662493821445,34.0877773628447],[-84.1652796489986,34.0877301209477],[-84.1648440002218,34.086730999985],[-84.1638155415109,34.0867144115534],[-84.1625789997425,34.0858949998449],[-84.1622900000375,34.0847219995112],[-84.1612649998405,34.0839509999781],[-84.160951999846,34.0829980001716],[-84.156784000184,34.0830159999715],[-84.156556999505,34.0852879996194],[-84.152597058646,34.0852920000457],[-84.1523219442003,34.0852602138745],[-84.1523397694705,34.0846253777614]]},"properties":{"OBJECTID_1":28124,"OBJECTID":40823,"ID":"128965","TYPE":"AC; OVERHEAD","STATUS":"IN SERVICE","NAICS_CODE":"221121","NAICS_DESC":"ELECTRIC BULK POWER TRANSMISSION AND CONTROL","SOURCE":"IMAGERY, EIA 861, EIA 860","SOURCEDATE":1401408000000,"VAL_METHOD":"IMAGERY","VAL_DATE":1514851200000,"OWNER":"GEORGIA POWER CO","VOLTAGE":115,"VOLT_CLASS":"100-161","INFERRED":"Y","SUB_1":"UNKNOWN111177","SUB_2":"UNKNOWN111178","SHAPE__Len":3730.12638523436,"GlobalID":"eb9d702c-04ea-4a6a-8bc0-881963097e3e","Shape__Length":3730.126235736186}},{"type":"Feature","id":28206,"geometry":{"type":"LineString","coordinates":[[-84.2137904476155,33.9324796671368],[-84.2153026787513,33.932485207164],[-84.2161662040811,33.9316755417525],[-84.2175929659075,33.9304266340747],[-84.2186412701996,33.929527249462],[-84.2214149695563,33.9271410100795],[-84.2228314402829,33.9259223038017],[-84.2244334733027,33.9245259339961],[-84.2254749252458,33.9236380841029],[-84.2267444522531,33.9225885915281],[-84.2282324567241,33.9213696270549],[-84.2299058429269,33.9200086468303],[-84.2311132487373,33.9190343280849],[-84.2331141445231,33.9174054655352],[-84.2349677525349,33.9158396389865],[-84.2367694522962,33.9143168564528],[-84.2402300529265,33.9114252231439],[-84.2411672751439,33.9106316255494],[-84.2428681668624,33.9093418584414],[-84.2434225738181,33.9096761300386]]},"properties":{"OBJECTID_1":28206,"OBJECTID":40946,"ID":"129102","TYPE":"AC; OVERHEAD","STATUS":"IN SERVICE","NAICS_CODE":"221121","NAICS_DESC":"ELECTRIC BULK POWER TRANSMISSION AND CONTROL","SOURCE":"IMAGERY, https://www.rd.usda.gov/files/UWP_GA110-GTC_EastWalton_AES%20%26%20MCS.pdf","SOURCEDATE":1407369600000,"VAL_METHOD":"IMAGERY","VAL_DATE":1493078400000,"OWNER":"GEORGIA POWER CO","VOLTAGE":115,"VOLT_CLASS":"100-161","INFERRED":"Y","SUB_1":"UNKNOWN116083","SUB_2":"NORCROSS","SHAPE__Len":4610.71577842023,"GlobalID":"6ebc9171-c241-48b0-a0c4-3dc31183b595","Shape__Length":4610.715911187772}},{"type":"Feature","id":28229,"geometry":{"type":"LineString","coordinates":[[-84.6107851776944,33.9323834764668],[-84.6106758446395,33.9322493796731],[-84.6099435443081,33.9318589120048]]},"properties":{"OBJECTID_1":28229,"OBJECTID":40989,"ID":"129154","TYPE":"AC; OVERHEAD","STATUS":"IN SERVICE","NAICS_CODE":"221121","NAICS_DESC":"ELECTRIC BULK POWER TRANSMISSION AND CONTROL","SOURCE":"IMAGERY, EIA 861, EIA 860","SOURCEDATE":1408320000000,"VAL_METHOD":"IMAGERY","VAL_DATE":1512950400000,"OWNER":"GEORGIA POWER CO","VOLTAGE":230,"VOLT_CLASS":"220-287","INFERRED":"Y","SUB_1":"UNKNOWN116555","SUB_2":"TAP142244","SHAPE__Len":118.623425841368,"GlobalID":"83023bea-914d-4543-b271-1305f59f26f9","Shape__Length":118.62331966415817}},{"type":"Feature","id":28268,"geometry":{"type":"LineString","coordinates":[[-84.2569863351077,33.8264156205664],[-84.2565299900451,33.8267206766151],[-84.2553998231794,33.8259980201504],[-84.253132357723,33.8256574207938],[-84.251496999901,33.8244399995374],[-84.2511097631315,33.823605302003],[-84.2503051583012,33.8216352908873],[-84.2500413329837,33.8210132961001],[-84.2497347262992,33.8205038474473],[-84.2473030002998,33.8187019996642],[-84.2462379999197,33.8180929995083],[-84.2455009996028,33.8173779999173],[-84.2441060345441,33.8149897478459],[-84.2428639995778,33.8131289996964],[-84.2422513799951,33.8123730115708],[-84.2413339997657,33.8117979999379],[-84.2404638152247,33.8113555981053],[-84.2396703719618,33.8110587378381],[-84.238502999572,33.8104939997028],[-84.2379624491295,33.8100506200627],[-84.2377984499963,33.8096892221618]]},"properties":{"OBJECTID_1":28268,"OBJECTID":41557,"ID":"129825","TYPE":"AC; OVERHEAD","STATUS":"IN SERVICE","NAICS_CODE":"221121","NAICS_DESC":"ELECTRIC BULK POWER TRANSMISSION AND CONTROL","SOURCE":"IMAGERY, EIA 861, EIA 860","SOURCEDATE":1408406400000,"VAL_METHOD":"IMAGERY","VAL_DATE":1514937600000,"OWNER":"GEORGIA POWER CO","VOLTAGE":115,"VOLT_CLASS":"100-161","INFERRED":"Y","SUB_1":"UNKNOWN116579","SUB_2":"UNKNOWN116580","SHAPE__Len":3308.90548219866,"GlobalID":"1a3b226c-ae7b-4acc-ac5d-5dde0b3f0107","Shape__Length":3308.905453380125}},{"type":"Feature","id":28326,"geometry":{"type":"LineString","coordinates":[[-84.2449823195442,33.8850965130955],[-84.2449110157686,33.8856174137519],[-84.2480555190133,33.885700283899],[-84.2482908219222,33.8862270997531],[-84.2490537736694,33.8882396277974],[-84.2493603812523,33.8889203246721],[-84.249895160019,33.8899739148472],[-84.2506652416946,33.8912464930226],[-84.250779328634,33.89258415809],[-84.2506010687457,33.8937679144997],[-84.2504798518779,33.8950345170492],[-84.2503800265919,33.8963188560859],[-84.2506367210827,33.8980233870436],[-84.2508577632365,33.8996154346594],[-84.2508862847467,33.9006215466644],[-84.2511001960737,33.9011305168104],[-84.2513782821463,33.9014323459969],[-84.2515598523265,33.9015992857173]]},"properties":{"OBJECTID_1":28326,"OBJECTID":41635,"ID":"129919","TYPE":"AC; OVERHEAD","STATUS":"IN SERVICE","NAICS_CODE":"221121","NAICS_DESC":"ELECTRIC BULK POWER TRANSMISSION AND CONTROL","SOURCE":"IMAGERY, EIA 861, EIA 860","SOURCEDATE":1408406400000,"VAL_METHOD":"IMAGERY","VAL_DATE":1514937600000,"OWNER":"GEORGIA POWER CO","VOLTAGE":115,"VOLT_CLASS":"100-161","INFERRED":"Y","SUB_1":"UNKNOWN116581","SUB_2":"TAP142252","SHAPE__Len":2637.068650197,"GlobalID":"199b9290-a5d1-497b-b391-e076fd6fd31e","Shape__Length":2637.068628022251}},{"type":"Feature","id":28330,"geometry":{"type":"LineString","coordinates":[[-84.6150240661104,33.5405630497999],[-84.6145201848979,33.5407294581148],[-84.6133175248871,33.5387959366712],[-84.6119817650939,33.536961430125],[-84.6109057343005,33.5354099276443]]},"properties":{"OBJECTID_1":28330,"OBJECTID":41642,"ID":"129928","TYPE":"AC; OVERHEAD","STATUS":"IN SERVICE","NAICS_CODE":"221121","NAICS_DESC":"ELECTRIC BULK POWER TRANSMISSION AND CONTROL","SOURCE":"IMAGERY, EIA 861, EIA 860","SOURCEDATE":1408579200000,"VAL_METHOD":"IMAGERY","VAL_DATE":1509580800000,"OWNER":"GEORGIA POWER CO","VOLTAGE":115,"VOLT_CLASS":"100-161","INFERRED":"Y","SUB_1":"UNKNOWN115973","SUB_2":"TAP142625","SHAPE__Len":877.14236100831,"GlobalID":"a4b62e21-e4d2-491b-a10a-e65276ec0d8f","Shape__Length":877.1424319578483}},{"type":"Feature","id":28366,"geometry":{"type":"LineString","coordinates":[[-84.4625066490884,33.6768449578321],[-84.4629010777701,33.6767364960001],[-84.4634153614736,33.6760333940593]]},"properties":{"OBJECTID_1":28366,"OBJECTID":41692,"ID":"129988","TYPE":"AC; OVERHEAD","STATUS":"IN SERVICE","NAICS_CODE":"221121","NAICS_DESC":"ELECTRIC BULK POWER TRANSMISSION AND CONTROL","SOURCE":"IMAGERY, EIA 861, EIA 860","SOURCEDATE":1408579200000,"VAL_METHOD":"IMAGERY","VAL_DATE":1514937600000,"OWNER":"GEORGIA POWER CO","VOLTAGE":115,"VOLT_CLASS":"100-161","INFERRED":"Y","SUB_1":"UNKNOWN111351","SUB_2":"UNKNOWN111352","SHAPE__Len":156.349167713974,"GlobalID":"d0fe3a22-5e7c-41ae-a0fd-d0f951ae2a59","Shape__Length":156.34910309913158}},{"type":"Feature","id":28435,"geometry":{"type":"LineString","coordinates":[[-84.4703532282793,33.8643006325047],[-84.4701050255629,33.8644631096803],[-84.4698910648285,33.8644971304909],[-84.4697987431701,33.8646271186702],[-84.4704088474701,33.8659631229697],[-84.4713518117188,33.8680279789121],[-84.474503604792,33.8749511216694],[-84.4753025205916,33.876842312108],[-84.4764342631023,33.8798314235498],[-84.4768371305578,33.88095024297],[-84.4751900101956,33.8816428371577],[-84.4756213991613,33.8827024370878],[-84.4754966168801,33.8835962774813],[-84.472095420043,33.8857657298184],[-84.4712540336934,33.8862274338415]]},"properties":{"OBJECTID_1":28435,"OBJECTID":41815,"ID":"167918","TYPE":"AC; OVERHEAD","STATUS":"IN SERVICE","NAICS_CODE":"221121","NAICS_DESC":"ELECTRIC BULK POWER TRANSMISSION AND CONTROL","SOURCE":"IMAGERY, EIA 861, EIA 860","SOURCEDATE":1514937600000,"VAL_METHOD":"IMAGERY","VAL_DATE":1586736000000,"OWNER":"GEORGIA POWER CO","VOLTAGE":230,"VOLT_CLASS":"220-287","INFERRED":"Y","SUB_1":"UNKNOWN116533","SUB_2":"TAP172425","SHAPE__Len":3470.92417859563,"GlobalID":"2b75176f-13f6-4c0b-8853-e0e9fbf6293f","Shape__Length":3470.924146774828}},{"type":"Feature","id":28467,"geometry":{"type":"LineString","coordinates":[[-84.1869135981197,33.8611908409313],[-84.1869254819326,33.8607911716369],[-84.1867353382313,33.8602928167654],[-84.1864560636876,33.8594934686457],[-84.1859866472392,33.8582401554897],[-84.1853865052558,33.8566660855191],[-84.1849230302647,33.8552992377191],[-84.1835326025966,33.8520572021318],[-84.181868844537,33.8485584290475],[-84.1812687043502,33.8469101557037],[-84.181042908312,33.8460563980179],[-84.1805437809839,33.8435049410305],[-84.18024668117,33.8422760688591],[-84.1791890056528,33.8393000528086],[-84.1780600281565,33.8362301567763],[-84.177572783743,33.8350554728245],[-84.176711195181,33.8327060564892],[-84.1755287391793,33.8294138035006],[-84.1772935109959,33.829384187889],[-84.1784343732034,33.8295125236242],[-84.1797594376548,33.8291670034389],[-84.1819579744812,33.8301986257822],[-84.1840495569915,33.8310870938886],[-84.1876919990931,33.8321581800248],[-84.1889576426834,33.8323654846022],[-84.1889338750577,33.830835361686],[-84.1889635850391,33.8290830911512],[-84.1922019712141,33.8291176424456],[-84.1937052955539,33.8291225787701],[-84.1937112379095,33.8253809921442],[-84.1951313737624,33.8258746141591],[-84.1960820931669,33.8249219195234],[-84.1960999193354,33.8240037698727],[-84.1965633943265,33.8236532907853],[-84.1964606252613,33.824175664819]]},"properties":{"OBJECTID_1":28467,"OBJECTID":41872,"ID":"130173","TYPE":"AC; OVERHEAD","STATUS":"IN SERVICE","NAICS_CODE":"221121","NAICS_DESC":"ELECTRIC BULK POWER TRANSMISSION AND CONTROL","SOURCE":"IMAGERY, EIA 861, EIA 860","SOURCEDATE":1408406400000,"VAL_METHOD":"IMAGERY","VAL_DATE":1512691200000,"OWNER":"GEORGIA POWER CO","VOLTAGE":230,"VOLT_CLASS":"220-287","INFERRED":"Y","SUB_1":"UNKNOWN116181","SUB_2":"UNKNOWN116595","SHAPE__Len":8118.66414028789,"GlobalID":"c3336c98-de83-454e-811d-be0e1c57cd05","Shape__Length":8118.664026035455}},{"type":"Feature","id":28642,"geometry":{"type":"LineString","coordinates":[[-84.2299743188061,33.7883282005441],[-84.2299600580509,33.7879607837245],[-84.2299600580509,33.787682257779],[-84.2300527525101,33.7869296404752],[-84.2290188473137,33.786935566986],[-84.2280509997316,33.7868320000677],[-84.2254940000726,33.7857159999311],[-84.2243559998976,33.7856820000237],[-84.220826999745,33.786332999703],[-84.2149933663411,33.7869533450228],[-84.213538765724,33.7871548341593],[-84.2110146066751,33.7871726121506],[-84.2093960078232,33.7871074251691],[-84.2057951595158,33.7862599831736],[-84.2037119996096,33.786274999656],[-84.2037097969405,33.7827533365605],[-84.2037915202752,33.7816255728716],[-84.2050179479118,33.7785378018772],[-84.2055170752398,33.7774057885628],[-84.2057500003081,33.776457999849],[-84.2064139999319,33.7753890000207],[-84.207178999838,33.7743859997207],[-84.2084191447489,33.7737014526568],[-84.2094245302318,33.7727590449188],[-84.209378000195,33.7722229995215],[-84.2098167005488,33.7716091740228],[-84.210175999713,33.771096999877],[-84.2105867840211,33.7707260151331],[-84.2104940886635,33.7703644504579]]},"properties":{"OBJECTID_1":28642,"OBJECTID":41157,"ID":"129337","TYPE":"AC; OVERHEAD","STATUS":"IN SERVICE","NAICS_CODE":"221121","NAICS_DESC":"ELECTRIC BULK POWER TRANSMISSION AND CONTROL","SOURCE":"IMAGERY, EIA 861, EIA 860","SOURCEDATE":1408406400000,"VAL_METHOD":"IMAGERY","VAL_DATE":1514937600000,"OWNER":"GEORGIA POWER CO","VOLTAGE":230,"VOLT_CLASS":"220-287","INFERRED":"Y","SUB_1":"UNKNOWN116601","SUB_2":"UNKNOWN116602","SHAPE__Len":5559.12731893811,"GlobalID":"4805b0ad-61d3-4727-97b6-7b6d20117520","Shape__Length":5559.1273673556}},{"type":"Feature","id":28691,"geometry":{"type":"LineString","coordinates":[[-84.8563455391837,33.7407280740752],[-84.8536288594914,33.7415324838041],[-84.8536145987362,33.7424890705896],[-84.8499067952145,33.7424791886943],[-84.8392753811506,33.7424495430017],[-84.8336281113372,33.7424376838253],[-84.819395848966,33.7424021085275],[-84.8105327721322,33.7424317549836],[-84.807160095907,33.7440859935138],[-84.7997017056998,33.747684889488],[-84.792806616668,33.7510464899672],[-84.7842905527402,33.7551588847048],[-84.7813148025132,33.7566330547101],[-84.7787953982472,33.7567160499406],[-84.7765707150562,33.7568425184599],[-84.7744220913219,33.7595536535331],[-84.769656612283,33.7658490046455],[-84.7632535197525,33.7713318665917],[-84.7539840109482,33.7793510326402],[-84.7491567359025,33.7833573707765],[-84.7464115346999,33.7855738137952],[-84.7398729645464,33.7909072665471],[-84.7345037799074,33.7878494617022],[-84.7261326995749,33.7853071325865],[-84.7200076940153,33.7833929290788],[-84.7200148239437,33.7810045587836],[-84.7133051247286,33.786462746155],[-84.7107667058229,33.7885309586281],[-84.7075081165371,33.785917536029],[-84.7055757810722,33.7840863141419],[-84.7044241992684,33.7826275521204],[-84.7041862094985,33.7818781285871]]},"properties":{"OBJECTID_1":28691,"OBJECTID":41233,"ID":"129432","TYPE":"AC; OVERHEAD","STATUS":"IN SERVICE","NAICS_CODE":"221121","NAICS_DESC":"ELECTRIC BULK POWER TRANSMISSION AND CONTROL","SOURCE":"IMAGERY, EIA 861, EIA 860","SOURCEDATE":1406160000000,"VAL_METHOD":"IMAGERY","VAL_DATE":1513641600000,"OWNER":"GEORGIA POWER CO","VOLTAGE":230,"VOLT_CLASS":"220-287","INFERRED":"Y","SUB_1":"UNKNOWN115650","SUB_2":"VILLA RICA","SHAPE__Len":21063.7352556427,"GlobalID":"7d0adb10-00db-4c94-af63-b8d4dec35f81","Shape__Length":21063.735253157036}},{"type":"Feature","id":28742,"geometry":{"type":"LineString","coordinates":[[-84.2047682917213,33.9407376951699],[-84.2048666249055,33.9410243821152]]},"properties":{"OBJECTID_1":28742,"OBJECTID":41318,"ID":"129527","TYPE":"AC; OVERHEAD","STATUS":"IN SERVICE","NAICS_CODE":"221121","NAICS_DESC":"ELECTRIC BULK POWER TRANSMISSION AND CONTROL","SOURCE":"IMAGERY, EIA 861","SOURCEDATE":1407369600000,"VAL_METHOD":"IMAGERY","VAL_DATE":1553644800000,"OWNER":"GEORGIA POWER CO","VOLTAGE":115,"VOLT_CLASS":"100-161","INFERRED":"Y","SUB_1":"UNKNOWN116218","SUB_2":"TAP151311","SHAPE__Len":39.9954234074624,"GlobalID":"93303013-be70-404a-8534-74d3ff7c67ef","Shape__Length":39.99542196092444}},{"type":"Feature","id":28864,"geometry":{"type":"LineString","coordinates":[[-84.5682975498199,33.994173061561],[-84.5667100623212,33.9942967670679],[-84.566549299818,33.9954322999083],[-84.5653347002987,33.9954748996621],[-84.5618517001768,33.9963442001773],[-84.5561796997437,33.9976938996232],[-84.5484726998833,33.9974493001073],[-84.5471828996967,33.997328500033],[-84.5464591998358,33.9985847997486],[-84.5459512995607,33.9997489998758],[-84.5456046998797,34.0006701994417],[-84.5453226001344,34.0015127998342],[-84.5452191995536,34.0028874000103],[-84.54553600032,34.0034396995765],[-84.5455496996281,34.0039976001794],[-84.5456867996084,34.0048634995893],[-84.5459866994711,34.0056461996688],[-84.5464079994579,34.0066808995747],[-84.5467170001527,34.0074291999167],[-84.5470428002416,34.0082356996729],[-84.5474691999642,34.0092859000582],[-84.5478924996008,34.0103183998652],[-84.5483127000497,34.0113533995246],[-84.5483249000696,34.0126318998405],[-84.5482959994703,34.0136618994894],[-84.5490877997145,34.0137287996064],[-84.5500083995059,34.0140338998089],[-84.5512837996985,34.0142207999661],[-84.5523043999473,34.0142323995376],[-84.5534123002721,34.0142181997795],[-84.5542319994941,34.0142207999661],[-84.5561007001009,34.0142885998784],[-84.5574360996697,34.0143259994884],[-84.5582635001487,34.0145663001711],[-84.5603734002059,34.0151772000894],[-84.5601660995811,34.0160709994501],[-84.5597640998982,34.0171752999035],[-84.559510099455,34.0182241001087],[-84.5595848994737,34.0193206000114],[-84.5597297995257,34.0204080996779],[-84.5599281996427,34.0214922997182],[-84.5601588995841,34.0226287994459],[-84.560390999999,34.0237111001172],[-84.5607150995771,34.0254507000205],[-84.5608949000761,34.0263318001168],[-84.5611572000543,34.0269418998953],[-84.5616075785068,34.0280619701799]]},"properties":{"OBJECTID_1":28864,"OBJECTID":41494,"ID":"129749","TYPE":"AC; OVERHEAD","STATUS":"IN SERVICE","NAICS_CODE":"221121","NAICS_DESC":"ELECTRIC BULK POWER TRANSMISSION AND CONTROL","SOURCE":"IMAGERY, OpenStreetMap, EIA 861, EIA 860","SOURCEDATE":1397088000000,"VAL_METHOD":"IMAGERY","VAL_DATE":1512950400000,"OWNER":"GEORGIA POWER CO","VOLTAGE":230,"VOLT_CLASS":"220-287","INFERRED":"Y","SUB_1":"UNKNOWN133885","SUB_2":"BIG SHANTY","SHAPE__Len":7961.66848637067,"GlobalID":"91dc11d2-43cc-4c24-b288-1b1a9fb122f9","Shape__Length":7961.668541628539}},{"type":"Feature","id":28884,"geometry":{"type":"LineString","coordinates":[[-84.5134509999795,34.0852630001125],[-84.5129894905023,34.085381661774],[-84.5127446995874,34.0853544995217],[-84.5127631994924,34.0846139001595],[-84.5131658980646,34.0824639758489],[-84.5134083318002,34.0809846047031],[-84.5137299520281,34.078968166588],[-84.5137551821112,34.0788293717485],[-84.5140473816152,34.0770141719569],[-84.5144021676434,34.0748038586062],[-84.5147271709267,34.0726896386468],[-84.5151147769038,34.0702987999503],[-84.5153412700347,34.0688564170179],[-84.5154930026727,34.0660177748161],[-84.5156137057042,34.0637873251083],[-84.5157000041586,34.0622869526683],[-84.515782701267,34.0606924081148],[-84.5158847022725,34.0587680934739],[-84.5159336002684,34.0570529998341],[-84.516060899629,34.0558785000891],[-84.5161767840973,34.0535689016669],[-84.5161758058319,34.0535139858981],[-84.5161747889391,34.0534568328239],[-84.5164100918479,34.0534686488238]]},"properties":{"OBJECTID_1":28884,"OBJECTID":42024,"ID":"130368","TYPE":"AC; OVERHEAD","STATUS":"IN SERVICE","NAICS_CODE":"221121","NAICS_DESC":"ELECTRIC BULK POWER TRANSMISSION AND CONTROL","SOURCE":"IMAGERY, OpenStreetMap, EIA 861, EIA 860","SOURCEDATE":1397088000000,"VAL_METHOD":"IMAGERY","VAL_DATE":1514937600000,"OWNER":"GEORGIA POWER CO","VOLTAGE":115,"VOLT_CLASS":"100-161","INFERRED":"Y","SUB_1":"UNKNOWN111158","SUB_2":"UNKNOWN116269","SHAPE__Len":4415.88145333887,"GlobalID":"6e4aae1c-b00d-4a4e-b1cb-75327602718c","Shape__Length":4415.881441054781}},{"type":"Feature","id":28918,"geometry":{"type":"LineString","coordinates":[[-84.70364687268,34.0929594119921],[-84.7007177953219,34.0954386044589],[-84.6968399946158,34.0986398574769],[-84.6926884790393,34.0999801651679],[-84.6905053132858,34.0977038436202],[-84.6857620486855,34.0940852651669],[-84.6854137377138,34.0938199860026]]},"properties":{"OBJECTID_1":28918,"OBJECTID":42081,"ID":"160458","TYPE":"AC; OVERHEAD","STATUS":"IN SERVICE","NAICS_CODE":"221121","NAICS_DESC":"ELECTRIC BULK POWER TRANSMISSION AND CONTROL","SOURCE":"IMAGERY, EIA 861, EIA 860","SOURCEDATE":1401235200000,"VAL_METHOD":"IMAGERY","VAL_DATE":1551312000000,"OWNER":"GEORGIA POWER CO","VOLTAGE":115,"VOLT_CLASS":"100-161","INFERRED":"Y","SUB_1":"TAP161006","SUB_2":"UNKNOWN161008","SHAPE__Len":2733.1937949909,"GlobalID":"9eacecce-b809-4efc-a0db-615619f73d74","Shape__Length":2733.1937935581855}},{"type":"Feature","id":28948,"geometry":{"type":"LineString","coordinates":[[-83.9177579696984,33.9772958047894],[-83.9178221435456,33.977455454134],[-83.9175868406368,33.9791701871755],[-83.9153051153235,33.9819077751195],[-83.9151339862619,33.9844265139886],[-83.9148701618427,33.9880862399461],[-83.9147346842198,33.9902796337229],[-83.9146348589338,33.9918108390871],[-83.9165244121334,33.994542107784],[-83.9166598897563,33.9965993688842],[-83.9199612613075,33.9962683185915],[-83.9324109247953,33.9950859860126],[-83.9401474010751,33.9943411079575],[-83.9529250628292,33.9931410127036],[-83.9603549306278,33.992626681722],[-83.9747012790401,33.9917221598573],[-83.9840941840251,33.9911835549819],[-83.9851530471151,33.991121479147],[-83.9864579084558,33.9910357546265],[-83.988739633769,33.9904415981643],[-83.9962051548029,33.9884817387207],[-84.0009326036643,33.9872165257192],[-84.0005939109544,33.9863828938757],[-84.0009765752991,33.986057716471]]},"properties":{"OBJECTID_1":28948,"OBJECTID":42131,"ID":"130504","TYPE":"AC; OVERHEAD","STATUS":"IN SERVICE","NAICS_CODE":"221121","NAICS_DESC":"ELECTRIC BULK POWER TRANSMISSION AND CONTROL","SOURCE":"IMAGERY, EIA 861, EIA 860","SOURCEDATE":1407283200000,"VAL_METHOD":"IMAGERY","VAL_DATE":1514851200000,"OWNER":"GEORGIA POWER CO","VOLTAGE":115,"VOLT_CLASS":"100-161","INFERRED":"Y","SUB_1":"UNKNOWN116106","SUB_2":"UNKNOWN116182","SHAPE__Len":12409.3121864685,"GlobalID":"b09432b4-5dbb-4630-9751-1b57da7c86d5","Shape__Length":12409.312189844868}},{"type":"Feature","id":29144,"geometry":{"type":"LineString","coordinates":[[-84.623533832848,33.5177451488428],[-84.6239374243456,33.5179993854757],[-84.6245128994897,33.5176601000616],[-84.6243906998649,33.5173967994873],[-84.6279552095224,33.5161634588032],[-84.6310934236618,33.5150928785369],[-84.6336076428521,33.5141008767622],[-84.6359996166035,33.5131654878992],[-84.6405189788142,33.5113881026333],[-84.6442305588534,33.50994367248],[-84.6475690946062,33.5086172447756],[-84.6508218053168,33.5080867408059],[-84.6542864420776,33.5075104515446],[-84.6573380649118,33.5070202798974],[-84.6607893886401,33.5064701608618],[-84.663818763798,33.5059687484613],[-84.666511904935,33.5055316079398],[-84.6701565559939,33.5054941489649],[-84.6726876859694,33.5054679496198],[-84.6760886591261,33.5054417555102],[-84.6801084673089,33.5055236418511],[-84.6833115919141,33.5055812426108],[-84.686011023953,33.5056337715579],[-84.6892389851792,33.5048840565405],[-84.6932101208433,33.504087090518],[-84.6977519768687,33.5031552795561],[-84.7001306025533,33.502672475058],[-84.7034695164969,33.5019838926565],[-84.7076342813255,33.5011530998401],[-84.7106684202494,33.50053183114],[-84.7138102321415,33.4998618646651],[-84.7184728828265,33.4988476759154],[-84.7226667422906,33.4979617911828],[-84.727610490201,33.4969951791678],[-84.7323812028248,33.4960745579742],[-84.7348315724596,33.4955842638799],[-84.7401002607712,33.4945737856972],[-84.7442919849398,33.4937540818005],[-84.7494755435053,33.4927547896188],[-84.7537794627613,33.4919201871432],[-84.7600849479464,33.4906999894546],[-84.766022563141,33.4895521067013],[-84.7704308935826,33.4887139117082],[-84.7763492866268,33.4867967109537],[-84.780696981685,33.485383379581],[-84.7852919982122,33.483874708666],[-84.7897411660666,33.4824455198111],[-84.7947297938086,33.4808150111102],[-84.7989313311734,33.4794598319072],[-84.8039645270317,33.4778293007272],[-84.8084004267693,33.4763788977031],[-84.812931334128,33.4750344039313],[-84.8159017609386,33.4741555971545],[-84.8199010138711,33.4729641728575],[-84.8231450163133,33.4718945419956],[-84.8281709358178,33.47023613576],[-84.8328216110617,33.4686985356753],[-84.8366103851299,33.4679991867086],[-84.8416412750127,33.4670743890118],[-84.8462952183277,33.4662170995265],[-84.8501728142179,33.4655132004706],[-84.8545909632455,33.4646998919452],[-84.8592421828685,33.463846488621],[-84.8630062218253,33.463150581519],[-84.8665583032909,33.4624932855364],[-84.8710132365327,33.4616731461559],[-84.8765805958117,33.4608337731123],[-84.8816620931844,33.4600659737703],[-84.8853119769299,33.4595161050386],[-84.8884024177642,33.4588307191559],[-84.8909830296404,33.4582606710544],[-84.8950658070297,33.4602195828961],[-84.896604095597,33.4609576659808],[-84.8965182561817,33.4612738746781]]},"properties":{"OBJECTID_1":29144,"OBJECTID":42452,"ID":"130885","TYPE":"AC; OVERHEAD","STATUS":"IN SERVICE","NAICS_CODE":"221121","NAICS_DESC":"ELECTRIC BULK POWER TRANSMISSION AND CONTROL","SOURCE":"IMAGERY, OpenStreetMap, http://www.psc.state.fl.us/publications/pdf/electricgas/transmissionreport2007.pdf, EIA 861","SOURCEDATE":1397088000000,"VAL_METHOD":"IMAGERY","VAL_DATE":1509580800000,"OWNER":"GEORGIA POWER CO","VOLTAGE":230,"VOLT_CLASS":"220-287","INFERRED":"Y","SUB_1":"UNKNOWN113566","SUB_2":"YATES","SHAPE__Len":31823.8147643621,"GlobalID":"88d3db7a-1079-442b-83a5-5c9dddbcc583","Shape__Length":31823.814591335205}},{"type":"Feature","id":29178,"geometry":{"type":"LineString","coordinates":[[-84.3027759292181,33.8590400091736],[-84.3024797995847,33.8591083385715],[-84.3022406096656,33.8593193359577],[-84.3008087966123,33.8604887436195],[-84.2994383106452,33.8616250465063],[-84.2967748426587,33.8640062207178],[-84.292573496635,33.8674859045178],[-84.2872096237342,33.8719918615515],[-84.2825986189915,33.8758439036415],[-84.2814885725916,33.8767684241674],[-84.280501371705,33.8775906209827],[-84.2808333360335,33.8778543765417],[-84.2801773395006,33.8785765959195],[-84.2801963541402,33.8786880847444]]},"properties":{"OBJECTID_1":29178,"OBJECTID":40015,"ID":"128039","TYPE":"AC; OVERHEAD","STATUS":"IN SERVICE","NAICS_CODE":"221121","NAICS_DESC":"ELECTRIC BULK POWER TRANSMISSION AND CONTROL","SOURCE":"IMAGERY, EIA 861","SOURCEDATE":1408320000000,"VAL_METHOD":"IMAGERY","VAL_DATE":1493078400000,"OWNER":"GEORGIA POWER CO","VOLTAGE":230,"VOLT_CLASS":"220-287","INFERRED":"Y","SUB_1":"UNKNOWN116565","SUB_2":"UNKNOWN116566","SHAPE__Len":3704.24432161903,"GlobalID":"2e351f92-860d-41cc-8a0a-4c36938aaaad","Shape__Length":3704.2444484299917}},{"type":"Feature","id":29228,"geometry":{"type":"LineString","coordinates":[[-84.3331541278238,33.605777486531],[-84.3338904526077,33.6059689205512],[-84.3338812996732,33.6057014995239],[-84.3335027002052,33.604807299881],[-84.3329425000142,33.6034393001171],[-84.3323615999441,33.6020044000592],[-84.3318452366407,33.6002929841002],[-84.3312761116874,33.5982652398459],[-84.3306955179429,33.5964025367826],[-84.3303540305741,33.5952714819037],[-84.3299111395795,33.5938358099034],[-84.3294622352624,33.5923390915365],[-84.328967785462,33.5907426354574],[-84.3285985033201,33.5895548880063],[-84.3279871548534,33.5875570581386],[-84.3274276930777,33.5856855484913],[-84.3272179157975,33.5852614866585]]},"properties":{"OBJECTID_1":29228,"OBJECTID":40098,"ID":"128140","TYPE":"AC; OVERHEAD","STATUS":"IN SERVICE","NAICS_CODE":"221121","NAICS_DESC":"ELECTRIC BULK POWER TRANSMISSION AND CONTROL","SOURCE":"IMAGERY, OpenStreetMap, EIA 861, EIA 860","SOURCEDATE":1397088000000,"VAL_METHOD":"IMAGERY","VAL_DATE":1513296000000,"OWNER":"GEORGIA POWER CO","VOLTAGE":115,"VOLT_CLASS":"100-161","INFERRED":"Y","SUB_1":"UNKNOWN116018","SUB_2":"UNKNOWN116354","SHAPE__Len":2954.22549959443,"GlobalID":"25e98d7e-6d82-47a4-9ba3-507bce204705","Shape__Length":2954.225464554257}},{"type":"Feature","id":29259,"geometry":{"type":"LineString","coordinates":[[-84.3663609999866,33.7911629998848],[-84.3668279137285,33.7914520671423],[-84.3674194947673,33.791367888661],[-84.3682427279617,33.7919098008839],[-84.3690848688961,33.7928871618283],[-84.3706348679014,33.7956321265896],[-84.3730751979646,33.7999100934952],[-84.3769963558579,33.8065761188082],[-84.379010755119,33.8095669040308],[-84.3804142110537,33.8108237949739],[-84.3843418808344,33.8117725699144],[-84.3938397593503,33.8114253427166],[-84.394335999493,33.8117750001385]]},"properties":{"OBJECTID_1":29259,"OBJECTID":40142,"ID":"128172","TYPE":"AC; OVERHEAD","STATUS":"IN SERVICE","NAICS_CODE":"221121","NAICS_DESC":"ELECTRIC BULK POWER TRANSMISSION AND CONTROL","SOURCE":"IMAGERY, EIA 861","SOURCEDATE":1408060800000,"VAL_METHOD":"IMAGERY","VAL_DATE":1514937600000,"OWNER":"GEORGIA POWER CO","VOLTAGE":230,"VOLT_CLASS":"220-287","INFERRED":"Y","SUB_1":"SHEPHERD CENTER","SUB_2":"BOULEVARD","SHAPE__Len":4718.86025466523,"GlobalID":"0e6df7d3-0ab3-4f56-bce9-a247a210dfb8","Shape__Length":4718.860314243661}},{"type":"Feature","id":29303,"geometry":{"type":"LineString","coordinates":[[-84.0258204726283,33.489836603899],[-84.0247521017693,33.4930100638327],[-84.0232131259908,33.4975817436149],[-84.0223479720154,33.5002614107793],[-84.0221673351848,33.5026635266762],[-84.022081770654,33.503844741023],[-84.0187637623037,33.511835351151],[-84.0159401256004,33.5185808166934],[-84.013867558628,33.5236455157341],[-84.0122893659976,33.5274497890503],[-84.0102167990252,33.5323554700245],[-84.0017839217877,33.5330449369211],[-84.0014511696368,33.5382276548384],[-84.0011089106152,33.5449869097555],[-84.001042360724,33.5470866880233],[-84.0106731440878,33.547150076884],[-84.0107016646998,33.5485129235209],[-84.011661890975,33.5492894197329]]},"properties":{"OBJECTID_1":29303,"OBJECTID":40227,"ID":"128279","TYPE":"AC; OVERHEAD","STATUS":"IN SERVICE","NAICS_CODE":"221121","NAICS_DESC":"ELECTRIC BULK POWER TRANSMISSION AND CONTROL","SOURCE":"IMAGERY, EIA 861, EIA 860","SOURCEDATE":1406851200000,"VAL_METHOD":"IMAGERY","VAL_DATE":1513296000000,"OWNER":"GEORGIA POWER CO","VOLTAGE":115,"VOLT_CLASS":"100-161","INFERRED":"Y","SUB_1":"UNKNOWN116045","SUB_2":"TAP142212","SHAPE__Len":10176.6830761668,"GlobalID":"268e2ac2-4890-4585-965d-fd35d420b7fa","Shape__Length":10176.683143153035}},{"type":"Feature","id":29328,"geometry":{"type":"LineString","coordinates":[[-84.3952094745629,33.9662122826716],[-84.3957678853098,33.9663749359338],[-84.3971900324906,33.9663204219398],[-84.4013901684836,33.9660050864452],[-84.4050545420546,33.9659804585635],[-84.4169561200313,33.9658966830333],[-84.419564464697,33.9659016107012],[-84.4223112208833,33.9658789407445],[-84.4260368065561,33.9658740138203],[-84.428864146115,33.9658493300229],[-84.4320119874994,33.9652691659639],[-84.434027553672,33.965809995817],[-84.4448551597939,33.9657360248116],[-84.4548318008303,33.9656818158736],[-84.4590743606609,33.9656473191233],[-84.4644527467435,33.965622674002],[-84.4677217124691,33.9654895787506],[-84.4750897411419,33.9652185329297],[-84.4796294466004,33.9650411181458],[-84.486308250058,33.9647897810817],[-84.4932271920556,33.9645186346844],[-84.4954161770955,33.9644202070737],[-84.4987209541599,33.9643068224735],[-84.5024763917479,33.9641639016639],[-84.5067605669324,33.9640012709952],[-84.5137662188127,33.9637351437547],[-84.522750349021,33.9633803165696],[-84.5258342600015,33.9632817505509],[-84.5285529905476,33.9631727230333],[-84.5345617568044,33.9590612336889],[-84.535207099318,33.9602751426485],[-84.5351322427053,33.961032896163],[-84.5354743831493,33.9616517025419]]},"properties":{"OBJECTID_1":29328,"OBJECTID":40264,"ID":"128332","TYPE":"AC; OVERHEAD","STATUS":"IN SERVICE","NAICS_CODE":"221121","NAICS_DESC":"ELECTRIC BULK POWER TRANSMISSION AND CONTROL","SOURCE":"IMAGERY, EIA 861, EIA 860","SOURCEDATE":1408060800000,"VAL_METHOD":"IMAGERY","VAL_DATE":1512950400000,"OWNER":"GEORGIA POWER CO","VOLTAGE":230,"VOLT_CLASS":"220-287","INFERRED":"Y","SUB_1":"UNKNOWN116276","SUB_2":"UNKNOWN116279","SHAPE__Len":16115.928150978,"GlobalID":"76704412-fc44-4227-ba76-1ba41a94c3fd","Shape__Length":16115.928245108737}},{"type":"Feature","id":29450,"geometry":{"type":"LineString","coordinates":[[-84.4305700001272,33.7791279994525],[-84.4311572872189,33.7794832611311],[-84.431160851734,33.7799959160161],[-84.43162076221,33.7811516005071],[-84.4327758860709,33.7835577469366],[-84.4307330281816,33.78780389494],[-84.4299522502659,33.7892972556174]]},"properties":{"OBJECTID_1":29450,"OBJECTID":40462,"ID":"128649","TYPE":"AC; OVERHEAD","STATUS":"IN SERVICE","NAICS_CODE":"221121","NAICS_DESC":"ELECTRIC BULK POWER TRANSMISSION AND CONTROL","SOURCE":"IMAGERY, EIA 861, EIA 860","SOURCEDATE":1401840000000,"VAL_METHOD":"IMAGERY","VAL_DATE":1514937600000,"OWNER":"GEORGIA POWER CO","VOLTAGE":115,"VOLT_CLASS":"100-161","INFERRED":"Y","SUB_1":"UNKNOWN111552","SUB_2":"TAP142623","SHAPE__Len":1490.11417691267,"GlobalID":"01cd9bdf-9b81-4c73-bdb1-1d5ba511332f","Shape__Length":1490.1141750201243}},{"type":"Feature","id":29524,"geometry":{"type":"LineString","coordinates":[[-84.4728720001313,33.8257419998701],[-84.4730107736731,33.8259158107026],[-84.4757358256639,33.82379337483]]},"properties":{"OBJECTID_1":29524,"OBJECTID":42600,"ID":"131041","TYPE":"OVERHEAD","STATUS":"NOT AVAILABLE","NAICS_CODE":"221121","NAICS_DESC":"ELECTRIC BULK POWER TRANSMISSION AND CONTROL","SOURCE":"IMAGERY, EIA 861, EIA 860","SOURCEDATE":1408060800000,"VAL_METHOD":"IMAGERY","VAL_DATE":1611187200000,"OWNER":"GEORGIA POWER CO","VOLTAGE":115,"VOLT_CLASS":"100-161","INFERRED":"Y","SUB_1":"UNKNOWN111548","SUB_2":"NOT AVAILABLE","SHAPE__Len":443.771686379518,"GlobalID":"d83b9210-6929-4d61-96b9-6de41555f724","Shape__Length":443.7716270469432}},{"type":"Feature","id":29705,"geometry":{"type":"LineString","coordinates":[[-84.5134509999795,34.0852630001125],[-84.5132948000196,34.0848221000605],[-84.5124554995581,34.0847197995224],[-84.5120997011286,34.0870699018906],[-84.5117970110986,34.0889845368842],[-84.5116027001128,34.0902179996182],[-84.5082490079845,34.0912794279769],[-84.5052661269307,34.092273430606],[-84.502104986887,34.0933166287773],[-84.4986497177579,34.0944656090201],[-84.4968790035856,34.0950806876897],[-84.4932751845496,34.0953562421148],[-84.4894485420006,34.0956662388408],[-84.4864002986285,34.0959098075912],[-84.4846355268118,34.0960574245393],[-84.4815754005251,34.0978657101432],[-84.4786489687055,34.0981486354905],[-84.4757136238016,34.0984167984741],[-84.4728495835718,34.0986874220765],[-84.4696379357511,34.0989851059981],[-84.4673413558964,34.0992335851271],[-84.4672225159708,34.0989211407495],[-84.4672070002692,34.0986729999084]]},"properties":{"OBJECTID_1":29705,"OBJECTID":42865,"ID":"131390","TYPE":"AC; OVERHEAD","STATUS":"IN SERVICE","NAICS_CODE":"221121","NAICS_DESC":"ELECTRIC BULK POWER TRANSMISSION AND CONTROL","SOURCE":"IMAGERY, EIA 861, EIA 860","SOURCEDATE":1401408000000,"VAL_METHOD":"IMAGERY","VAL_DATE":1514851200000,"OWNER":"GEORGIA POWER CO","VOLTAGE":230,"VOLT_CLASS":"220-287","INFERRED":"Y","SUB_1":"UNKNOWN111158","SUB_2":"UNKNOWN111160","SHAPE__Len":6126.3325728324,"GlobalID":"3607cdb7-1d0d-48e4-8da7-5964ed4e9e98","Shape__Length":6126.332728851122}},{"type":"Feature","id":29786,"geometry":{"type":"LineString","coordinates":[[-84.3331541278238,33.605777486531],[-84.332838953008,33.6062415959073],[-84.3329113895593,33.6069404917034],[-84.3332675688745,33.607064332483],[-84.3330937197142,33.607644146114],[-84.3326096715065,33.6089505941192],[-84.3317743739379,33.6112154910587],[-84.3313767005414,33.6122881166959],[-84.3307791564857,33.6138847671823],[-84.330262045784,33.6152389567212],[-84.329766799178,33.6166422919027],[-84.329000716802,33.6187014744656],[-84.3281410973471,33.6209864268188],[-84.3273312041347,33.6231860819645],[-84.3266802741,33.6250064846907],[-84.3259359399371,33.6269514136407],[-84.3249040568483,33.6297391465273],[-84.3241647972684,33.6321424956949],[-84.3237190900553,33.6335829171543],[-84.3232280008524,33.6351872797827],[-84.3226997160069,33.6368801339451],[-84.321957271001,33.6392796775499],[-84.3213807583028,33.6411890267224],[-84.3213313886914,33.6442762585338],[-84.321288187811,33.6465795907581],[-84.3212489871287,33.6493875929726],[-84.3212262947863,33.6512461665076],[-84.3211786822796,33.6521243896253],[-84.3211831837375,33.6542007329294],[-84.3211554886773,33.6563524488664],[-84.3211093170683,33.6584002260073]]},"properties":{"OBJECTID_1":29786,"OBJECTID":42987,"ID":"131576","TYPE":"AC; OVERHEAD","STATUS":"IN SERVICE","NAICS_CODE":"221121","NAICS_DESC":"ELECTRIC BULK POWER TRANSMISSION AND CONTROL","SOURCE":"IMAGERY, OpenStreetMap, EIA 861, EIA 860","SOURCEDATE":1407801600000,"VAL_METHOD":"IMAGERY","VAL_DATE":1514937600000,"OWNER":"GEORGIA POWER CO","VOLTAGE":115,"VOLT_CLASS":"100-161","INFERRED":"Y","SUB_1":"UNKNOWN116018","SUB_2":"TAP142237","SHAPE__Len":7261.29304035598,"GlobalID":"32fc2ade-5608-4346-af4e-460536d221d4","Shape__Length":7261.293118949379}},{"type":"Feature","id":29789,"geometry":{"type":"LineString","coordinates":[[-84.4290899996455,33.6662699996403],[-84.4290549994854,33.6655849996194],[-84.4274176348271,33.6652439076489],[-84.4252610645959,33.6646545915864],[-84.4239300002967,33.6644679997612],[-84.4223336383413,33.6639154914614],[-84.4171313463089,33.6626233644538],[-84.4152490002929,33.662244999848],[-84.4147316030286,33.6620087017842],[-84.414001419128,33.6615375295575],[-84.4145683890229,33.6608985230892],[-84.4167640000364,33.6589419996529],[-84.4160209998716,33.6582849994738],[-84.4146286812499,33.6578136588059],[-84.4138950002079,33.6574660001438],[-84.4134240000297,33.6569289996963],[-84.4120449998303,33.6562229998639],[-84.4129169998665,33.6552589997945],[-84.4090320000617,33.6528679998703],[-84.4079666205926,33.6528259230188],[-84.4068620000169,33.6529939999894]]},"properties":{"OBJECTID_1":29789,"OBJECTID":42991,"ID":"131581","TYPE":"AC; OVERHEAD","STATUS":"IN SERVICE","NAICS_CODE":"221121","NAICS_DESC":"ELECTRIC BULK POWER TRANSMISSION AND CONTROL","SOURCE":"IMAGERY, EIA 861, EIA 860","SOURCEDATE":1401926400000,"VAL_METHOD":"IMAGERY","VAL_DATE":1514937600000,"OWNER":"GEORGIA POWER CO","VOLTAGE":115,"VOLT_CLASS":"100-161","INFERRED":"Y","SUB_1":"UNKNOWN111562","SUB_2":"UNKNOWN111563","SHAPE__Len":3921.84188754831,"GlobalID":"97d1be5b-211d-453c-a5ad-2000a7e113ba","Shape__Length":3921.841836229244}},{"type":"Feature","id":29790,"geometry":{"type":"LineString","coordinates":[[-84.623533832848,33.5177451488428],[-84.6239069463046,33.5172321107734],[-84.6244548782038,33.5170884640924],[-84.6265818839807,33.5163672095869],[-84.6284150310652,33.515746160949],[-84.6299386411607,33.5152185579714],[-84.6309495512826,33.5148765601392],[-84.6327411908111,33.5141534469739],[-84.6342274157194,33.5135969470831],[-84.6353765810551,33.512827393132],[-84.6367705732382,33.5116621545428],[-84.6383321281713,33.5101996397681],[-84.6444927869663,33.504412753676],[-84.6448362335606,33.5040827707061],[-84.6476788840052,33.5014943915961],[-84.6544907845502,33.495181671925],[-84.6572573773347,33.4926009549834],[-84.6608701085566,33.4892510620622],[-84.6619301601178,33.4882797669848],[-84.6680100082664,33.4826153141266],[-84.6697640838429,33.4810006539049],[-84.6729050216743,33.4780924069714],[-84.6760887417711,33.4745268449464],[-84.6771713724869,33.4733328390907],[-84.6799508632822,33.4708733235725],[-84.6821688674991,33.4691663340928],[-84.6832702352751,33.4683524348751],[-84.6850277846369,33.4668243956747],[-84.6880856256095,33.4639824500817],[-84.690914015299,33.4613413178653],[-84.6937471570764,33.4586961398443],[-84.6981917677773,33.4545675956985],[-84.7007492022209,33.4521998411395],[-84.7024890170423,33.4505657750208],[-84.7084209090704,33.445040657881],[-84.7114150792523,33.4422720174501],[-84.7207036026962,33.4335688687664],[-84.727520258024,33.4271698711357],[-84.7318079995201,33.4231509157353],[-84.7324711268797,33.4225339717238],[-84.7368682005324,33.4184433850384],[-84.741303305261,33.414286142695],[-84.7461709856298,33.4096555078616],[-84.7469505759727,33.4097130448672],[-84.7472099896638,33.4095600496942]]},"properties":{"OBJECTID_1":29790,"OBJECTID":42993,"ID":"131582","TYPE":"AC; OVERHEAD","STATUS":"IN SERVICE","NAICS_CODE":"221121","NAICS_DESC":"ELECTRIC BULK POWER TRANSMISSION AND CONTROL","SOURCE":"IMAGERY, OpenStreetMap, EIA 861, EIA 860","SOURCEDATE":1408579200000,"VAL_METHOD":"IMAGERY","VAL_DATE":1514937600000,"OWNER":"GEORGIA POWER CO","VOLTAGE":115,"VOLT_CLASS":"100-161","INFERRED":"Y","SUB_1":"UNKNOWN113566","SUB_2":"UNKNOWN116441","SHAPE__Len":20104.5473034659,"GlobalID":"a0d0c9b8-c5d4-4c32-b8bc-853143b7f619","Shape__Length":20104.54731173438}},{"type":"Feature","id":29961,"geometry":{"type":"LineString","coordinates":[[-84.2959800707875,33.8120767914968],[-84.2961226792372,33.8116561579162],[-84.2972944982876,33.8116921381135],[-84.2973990190676,33.8124737270281],[-84.2976200612213,33.8139488848821],[-84.2985256205199,33.8164844388711],[-84.2997948313202,33.820103988565],[-84.2998376126873,33.8267621399094],[-84.3029535935234,33.8296230907438],[-84.3054706217456,33.8319567968452],[-84.307602609579,33.8339232205061],[-84.3081373892441,33.8350071039206],[-84.3088932110629,33.8365292547281],[-84.309641902055,33.8380217658086],[-84.3106900689049,33.8402664056302],[-84.3100554639539,33.841812152867],[-84.310312159343,33.8431920488061],[-84.311688323561,33.8442639695944],[-84.3117738889901,33.8458214886369],[-84.3119949311439,33.8486245569963],[-84.3120555386795,33.8498681417487],[-84.3121446686236,33.8509991957993],[-84.3098535936449,33.8529100419205],[-84.3057339431082,33.8563371198149],[-84.3028724765516,33.858713663521],[-84.3027759292181,33.8590400091736]]},"properties":{"OBJECTID_1":29961,"OBJECTID":43754,"ID":"132517","TYPE":"AC; OVERHEAD","STATUS":"IN SERVICE","NAICS_CODE":"221121","NAICS_DESC":"ELECTRIC BULK POWER TRANSMISSION AND CONTROL","SOURCE":"IMAGERY, EIA 861","SOURCEDATE":1408320000000,"VAL_METHOD":"IMAGERY","VAL_DATE":1493078400000,"OWNER":"GEORGIA POWER CO","VOLTAGE":230,"VOLT_CLASS":"220-287","INFERRED":"Y","SUB_1":"UNKNOWN116565","SUB_2":"UNKNOWN116570","SHAPE__Len":7480.29020282099,"GlobalID":"45e2035b-e3d3-40b5-b4b9-82539d001ac1","Shape__Length":7480.290144860933}},{"type":"Feature","id":30083,"geometry":{"type":"LineString","coordinates":[[-84.4597479578851,33.8299037875183],[-84.4600379268723,33.8298761465888],[-84.4606083588744,33.8311436965012],[-84.4613974560879,33.8322927677726],[-84.4623909568595,33.8330785508432],[-84.4638978457144,33.8337498154646],[-84.465571111543,33.834243389907],[-84.4662128473207,33.8348001385469],[-84.4665265839336,33.8351160215921],[-84.4667125145362,33.8361554666286]]},"properties":{"OBJECTID_1":30083,"OBJECTID":43938,"ID":"132763","TYPE":"AC; OVERHEAD","STATUS":"IN SERVICE","NAICS_CODE":"221121","NAICS_DESC":"ELECTRIC BULK POWER TRANSMISSION AND CONTROL","SOURCE":"IMAGERY, EIA 861, EIA 860","SOURCEDATE":1408060800000,"VAL_METHOD":"IMAGERY","VAL_DATE":1514937600000,"OWNER":"GEORGIA POWER CO","VOLTAGE":115,"VOLT_CLASS":"100-161","INFERRED":"Y","SUB_1":"UNKNOWN116535","SUB_2":"TAP142610","SHAPE__Len":1230.84499992612,"GlobalID":"9994e1ae-5628-4224-83fc-30b4794200d8","Shape__Length":1230.8449822435118}},{"type":"Feature","id":30106,"geometry":{"type":"LineString","coordinates":[[-84.1545661917999,33.4265938068191],[-84.154845464547,33.4264202366003],[-84.1548692330711,33.4257904226488],[-84.1539244560222,33.4255672588098],[-84.1503949114905,33.4255920548203],[-84.1472100038209,33.4259590346467],[-84.1442687165615,33.4266880309566],[-84.1445063973109,33.4274666121015],[-84.1451659574605,33.4298320654458],[-84.1455759557427,33.4310668379391],[-84.1443340788799,33.430804015546],[-84.1409768527792,33.4307891401834],[-84.1401865679928,33.4310222074805],[-84.1388139682898,33.4309775777486],[-84.1389190415337,33.433926001771],[-84.1389903462077,33.4359283108083],[-84.1389618237991,33.4377937190055],[-84.1390057945356,33.4413875668706],[-84.1390236207041,33.4438914701468],[-84.1387384047031,33.4450070465125],[-84.1386570002704,33.4476000000551],[-84.1406101326325,33.4475604255421],[-84.1416688430089,33.4477737475293],[-84.1417569380938,33.4502525470979],[-84.1416559243368,33.451601055922],[-84.1414569996036,33.4523039998925],[-84.1412459269529,33.4559240725306],[-84.1414369995121,33.45867899993],[-84.1416023919324,33.4611132295356],[-84.1447380000591,33.4611439995743],[-84.1505875210672,33.4682169321376],[-84.1538072995395,33.4721532946514],[-84.1574367996128,33.4766067000918],[-84.1586884995533,33.4781592001823],[-84.1596576002852,33.4793511996662],[-84.1607366000106,33.480679699441],[-84.1614744995412,33.4815911995789],[-84.1620840001732,33.4823391997386],[-84.1632195003368,33.4837465996579],[-84.1643276000875,33.485115600112],[-84.1652307995118,33.4862338998714],[-84.165968999978,33.4871386998728],[-84.1672949995756,33.4887802996589],[-84.1682692997564,33.4899825995411],[-84.1693537998663,33.491332899601],[-84.1702642998989,33.4925577001803],[-84.1715625999448,33.4943949000296],[-84.1726346997105,33.4958957001286],[-84.1737861000545,33.4974909000949],[-84.1749283995665,33.4990822996974],[-84.1757360002782,33.5002116996466],[-84.1765221995267,33.5013141995985]]},"properties":{"OBJECTID_1":30106,"OBJECTID":43969,"ID":"132798","TYPE":"AC; OVERHEAD","STATUS":"IN SERVICE","NAICS_CODE":"221121","NAICS_DESC":"ELECTRIC BULK POWER TRANSMISSION AND CONTROL","SOURCE":"IMAGERY, OpenStreetMap, EIA 861, EIA 860","SOURCEDATE":1397088000000,"VAL_METHOD":"IMAGERY","VAL_DATE":1513296000000,"OWNER":"GEORGIA POWER CO","VOLTAGE":115,"VOLT_CLASS":"100-161","INFERRED":"Y","SUB_1":"UNKNOWN116028","SUB_2":"TAP142222","SHAPE__Len":13808.4193846407,"GlobalID":"97bd43e2-f366-4715-ac49-ce50827584ae","Shape__Length":13808.419371939532}},{"type":"Feature","id":30107,"geometry":{"type":"LineString","coordinates":[[-84.3855730425926,33.6078179321801],[-84.38688503476,33.6076952027512],[-84.3874572490196,33.6076927278408]]},"properties":{"OBJECTID_1":30107,"OBJECTID":43970,"ID":"132801","TYPE":"AC; OVERHEAD","STATUS":"IN SERVICE","NAICS_CODE":"221121","NAICS_DESC":"ELECTRIC BULK POWER TRANSMISSION AND CONTROL","SOURCE":"IMAGERY, EIA 861, EIA 860","SOURCEDATE":1407801600000,"VAL_METHOD":"IMAGERY","VAL_DATE":1513296000000,"OWNER":"GEORGIA POWER CO","VOLTAGE":115,"VOLT_CLASS":"100-161","INFERRED":"Y","SUB_1":"UNKNOWN116337","SUB_2":"TAP142236","SHAPE__Len":210.66806821113,"GlobalID":"5bc46473-f3ed-47b9-a079-b2289bcd1c2f","Shape__Length":210.66812196276211}},{"type":"Feature","id":30272,"geometry":{"type":"LineString","coordinates":[[-84.3331541278238,33.605777486531],[-84.3340306886067,33.6060463056588],[-84.3340229999261,33.6056268995701],[-84.3337093001441,33.6048899001219],[-84.3331609002227,33.6035614998968],[-84.3326396994915,33.6022691001042],[-84.333757599862,33.6023161001598],[-84.335257825014,33.6024057389073],[-84.3355449580198,33.6013481207012],[-84.335527481296,33.5986008110345],[-84.3355846949965,33.5967760539423],[-84.33563237847,33.5946959647108],[-84.338192452164,33.594553077584],[-84.3428059542231,33.5942705680949],[-84.3468706242712,33.5943162899661],[-84.3507138506187,33.5943619908613],[-84.3530954452353,33.5943999904918],[-84.3572036126078,33.5944479496338],[-84.3609491570496,33.5927074496286],[-84.3661496910789,33.5929005214819],[-84.37097229758,33.5930779799185],[-84.3750731212251,33.5948157330276],[-84.3767214695843,33.5952993316451],[-84.3808018323021,33.5951116384759],[-84.3851331618525,33.5949298674544],[-84.3886635597837,33.5940274230827],[-84.3930696830646,33.5929080911577],[-84.3965215897995,33.5920436891589],[-84.4002866178015,33.5910882070544],[-84.4043794446439,33.5900507996633],[-84.4080171310644,33.5891318030409],[-84.4108247552978,33.5884185125366],[-84.4132705911353,33.5873602977538],[-84.4169605720818,33.5857624489087],[-84.4176873001635,33.5853351964764],[-84.4178917046199,33.585113434474]]},"properties":{"OBJECTID_1":30272,"OBJECTID":44764,"ID":"133674","TYPE":"AC; OVERHEAD","STATUS":"IN SERVICE","NAICS_CODE":"221121","NAICS_DESC":"ELECTRIC BULK POWER TRANSMISSION AND CONTROL","SOURCE":"IMAGERY, OpenStreetMap, EIA 861, EIA 860","SOURCEDATE":1397088000000,"VAL_METHOD":"IMAGERY","VAL_DATE":1513296000000,"OWNER":"GEORGIA POWER CO","VOLTAGE":115,"VOLT_CLASS":"100-161","INFERRED":"Y","SUB_1":"UNKNOWN116018","SUB_2":"UNKNOWN116038","SHAPE__Len":11498.4340283777,"GlobalID":"ee6129bb-33b3-4989-a23c-34689b8e495a","Shape__Length":11498.434074545601}},{"type":"Feature","id":30314,"geometry":{"type":"LineString","coordinates":[[-84.2245083478816,33.5319194774744],[-84.2259356145612,33.5320036810488],[-84.2262743081694,33.53445048284],[-84.2264585095151,33.5364266956747],[-84.2259772074572,33.538640595019],[-84.2254424286904,33.5392547307478],[-84.2254959071959,33.5435089921312],[-84.2257692384858,33.543890330142],[-84.2257573546729,33.5483127365512],[-84.2252582273448,33.5509522064393],[-84.224664027717,33.5539926970745],[-84.2250859089138,33.5554336740374]]},"properties":{"OBJECTID_1":30314,"OBJECTID":44830,"ID":"133758","TYPE":"AC; OVERHEAD","STATUS":"IN SERVICE","NAICS_CODE":"221121","NAICS_DESC":"ELECTRIC BULK POWER TRANSMISSION AND CONTROL","SOURCE":"IMAGERY, EIA 861, EIA 860","SOURCEDATE":1406851200000,"VAL_METHOD":"IMAGERY","VAL_DATE":1513296000000,"OWNER":"GEORGIA POWER CO","VOLTAGE":115,"VOLT_CLASS":"100-161","INFERRED":"Y","SUB_1":"UNKNOWN116014","SUB_2":"TAP142211","SHAPE__Len":3339.52954853529,"GlobalID":"0c12ebfc-b3da-4484-858f-1a4b9cc5e8da","Shape__Length":3339.529475070918}},{"type":"Feature","id":30340,"geometry":{"type":"LineString","coordinates":[[-84.042453279577,33.6973950359696],[-84.0439091001063,33.6960378000413],[-84.0456518003164,33.6946841997188],[-84.0482658995898,33.6926815001541],[-84.0497131995986,33.6915635995663],[-84.0513644998219,33.6902884998595],[-84.0537989001058,33.6883997996367],[-84.0554261003266,33.6871420996646],[-84.057293500173,33.685702099906],[-84.0590698000697,33.6843533001408],[-84.0604377995001,33.6832936001725],[-84.0620191003015,33.6820892995849],[-84.0632652001445,33.6811209001711],[-84.0648281995686,33.6799521000723],[-84.0660834999567,33.6783673995113],[-84.0671680997796,33.677038899698],[-84.068219199629,33.6757533996632],[-84.0692520996106,33.6744855995294],[-84.0711593999269,33.6721579995549],[-84.0731275997313,33.6697416000897],[-84.0749801001203,33.6674841999876],[-84.0768306996742,33.6652158995787],[-84.0785439998217,33.6631400000115],[-84.0789712996563,33.6625980000829]]},"properties":{"OBJECTID_1":30340,"OBJECTID":44879,"ID":"133814","TYPE":"AC; OVERHEAD","STATUS":"IN SERVICE","NAICS_CODE":"221121","NAICS_DESC":"ELECTRIC BULK POWER TRANSMISSION AND CONTROL","SOURCE":"IMAGERY, OpenStreetMap, EIA 861, EIA 860","SOURCEDATE":1397088000000,"VAL_METHOD":"IMAGERY","VAL_DATE":1514937600000,"OWNER":"GEORGIA POWER CO","VOLTAGE":230,"VOLT_CLASS":"220-287","INFERRED":"Y","SUB_1":"UNKNOWN115871","SUB_2":"UNKNOWN115872","SHAPE__Len":6219.14863675198,"GlobalID":"ed2b0c63-48c8-4f0c-8b3c-0b4586d3f10f","Shape__Length":6219.148626264693}},{"type":"Feature","id":30368,"geometry":{"type":"LineString","coordinates":[[-84.6663764515666,33.7395165019782],[-84.6665047992611,33.7402754654909],[-84.6678025297751,33.7402754654909],[-84.6706475562636,33.7402221008199],[-84.6745692720107,33.7410581395335],[-84.6768367356705,33.7430385108409],[-84.6784909868594,33.7445445099406],[-84.6830972197513,33.7484694715625],[-84.6845918933149,33.7497307191268],[-84.6854332787662,33.7505014488257],[-84.6863459697898,33.7516318405001],[-84.687510932898,33.7530701059183],[-84.6904058715804,33.7565559880118],[-84.6936858515498,33.7586486349277],[-84.6977430449198,33.7612747460489],[-84.6992546876591,33.7622587746422],[-84.7046310040232,33.7633850606967],[-84.7076257679916,33.7658331974718],[-84.7099074942031,33.7676825916197],[-84.7130947788149,33.7702847167845],[-84.7147276393203,33.7731297744422],[-84.7204034297457,33.7730823576883],[-84.7202251707557,33.7788196055818],[-84.7202109100005,33.783252670623],[-84.7262360911725,33.7851076146481],[-84.7346143005351,33.7876677275758],[-84.7367391575418,33.7888588660665],[-84.7398337476944,33.7906485036208],[-84.7462653617352,33.7854157805589],[-84.7514135051189,33.7812732290247],[-84.7561053016432,33.7771838180696],[-84.7630930860326,33.771161952621],[-84.7694391346443,33.7656909357643],[-84.7714285140281,33.763070888114],[-84.7741653959329,33.7594943739429],[-84.7764138467497,33.7566370071147],[-84.7812720202478,33.756419638034],[-84.784162205944,33.7549810344534],[-84.792457227718,33.7509536075824],[-84.7995091859547,33.7475445725789],[-84.8104472067031,33.7422143498911],[-84.8194172396496,33.742220278748],[-84.824786425187,33.7422143498911],[-84.8392611194972,33.7422499245199],[-84.8499210559696,33.7422558541213],[-84.8533911796402,33.7422637595087],[-84.8534482226608,33.7415324838041],[-84.8563455391837,33.7407280740752]]},"properties":{"OBJECTID_1":30368,"OBJECTID":44927,"ID":"133871","TYPE":"AC; OVERHEAD","STATUS":"IN SERVICE","NAICS_CODE":"221121","NAICS_DESC":"ELECTRIC BULK POWER TRANSMISSION AND CONTROL","SOURCE":"IMAGERY, EIA 861, EIA 860","SOURCEDATE":1406160000000,"VAL_METHOD":"IMAGERY","VAL_DATE":1513641600000,"OWNER":"GEORGIA POWER CO","VOLTAGE":230,"VOLT_CLASS":"220-287","INFERRED":"Y","SUB_1":"UNKNOWN115644","SUB_2":"VILLA RICA","SHAPE__Len":27417.4770831971,"GlobalID":"04b2f7fc-287d-46ee-84a8-62508feacc75","Shape__Length":27417.476858469046}},{"type":"Feature","id":30417,"geometry":{"type":"LineString","coordinates":[[-84.1264480295832,33.6380134160893],[-84.1268108645164,33.6378669988891],[-84.1293928822561,33.6379896696433],[-84.1298991395125,33.6363749438253],[-84.1297494020328,33.6358169068257],[-84.1268330708702,33.6307291008414],[-84.1248793438234,33.6307112896882],[-84.1249934298645,33.6292923498237],[-84.1254069926617,33.6273212320385],[-84.1260843798781,33.6234857326373],[-84.1268687232072,33.6193591148471],[-84.1272751560761,33.613961557922],[-84.1278527171082,33.6069958926043],[-84.1277101095568,33.6009977260495],[-84.126954287738,33.6007482880234],[-84.1269685484932,33.5993941851092],[-84.1268615932788,33.5936330678623],[-84.126836133227,33.5923499881689]]},"properties":{"OBJECTID_1":30417,"OBJECTID":44027,"ID":"132853","TYPE":"AC; OVERHEAD","STATUS":"IN SERVICE","NAICS_CODE":"221121","NAICS_DESC":"ELECTRIC BULK POWER TRANSMISSION AND CONTROL","SOURCE":"IMAGERY, EIA 861","SOURCEDATE":1406851200000,"VAL_METHOD":"IMAGERY","VAL_DATE":1495411200000,"OWNER":"GEORGIA POWER CO","VOLTAGE":230,"VOLT_CLASS":"220-287","INFERRED":"Y","SUB_1":"TAP142210","SUB_2":"KLONDIKE","SHAPE__Len":6809.14080385334,"GlobalID":"c173e54e-c283-4b0d-a396-dd979f7e7264","Shape__Length":6809.140763037558}},{"type":"Feature","id":30437,"geometry":{"type":"LineString","coordinates":[[-84.5278539997469,33.9312179998579],[-84.5224228951336,33.9330173395137],[-84.5192676965471,33.9336927500745],[-84.5171998825609,33.9345604217204],[-84.5154584570601,33.9355496105275]]},"properties":{"OBJECTID_1":30437,"OBJECTID":44061,"ID":"167980","TYPE":"AC; OVERHEAD","STATUS":"IN SERVICE","NAICS_CODE":"221121","NAICS_DESC":"ELECTRIC BULK POWER TRANSMISSION AND CONTROL","SOURCE":"IMAGERY, EIA 861, EIA 860","SOURCEDATE":1408320000000,"VAL_METHOD":"IMAGERY","VAL_DATE":1586736000000,"OWNER":"GEORGIA POWER CO","VOLTAGE":115,"VOLT_CLASS":"100-161","INFERRED":"Y","SUB_1":"TAP151315","SUB_2":"UNKNOWN172554","SHAPE__Len":1506.63016216589,"GlobalID":"438ebef9-508a-407e-a933-cefd0bab11db","Shape__Length":1506.6301037916398}},{"type":"Feature","id":30443,"geometry":{"type":"LineString","coordinates":[[-84.3937127465523,33.7649378324836],[-84.3941448227292,33.7650942859527],[-84.3946254735085,33.7651180809305],[-84.3946587120723,33.7647244364842],[-84.3959897188793,33.7647441958932],[-84.3962606741252,33.7644122448344],[-84.3970735380663,33.7640565808654],[-84.3973064640329,33.7633768645087],[-84.3993172349986,33.7633412986447],[-84.4018461470336,33.7633492020883],[-84.4038331494752,33.7633571055312],[-84.4041041047211,33.7633650097202],[-84.4044700002144,33.7631709999067]]},"properties":{"OBJECTID_1":30443,"OBJECTID":44069,"ID":"132907","TYPE":"AC; OVERHEAD","STATUS":"IN SERVICE","NAICS_CODE":"221121","NAICS_DESC":"ELECTRIC BULK POWER TRANSMISSION AND CONTROL","SOURCE":"IMAGERY, EIA 861, EIA 860","SOURCEDATE":1408492800000,"VAL_METHOD":"IMAGERY","VAL_DATE":1514937600000,"OWNER":"GEORGIA POWER CO","VOLTAGE":115,"VOLT_CLASS":"100-161","INFERRED":"Y","SUB_1":"UNKNOWN111356","SUB_2":"UNKNOWN116617","SHAPE__Len":1362.80099774359,"GlobalID":"02318228-64a4-4a19-82e8-1f688292c2ef","Shape__Length":1362.8011172594058}},{"type":"Feature","id":30470,"geometry":{"type":"LineString","coordinates":[[-84.2060517614801,33.9699650238515],[-84.2056477073501,33.9643224178568],[-84.2040909036065,33.961833638784],[-84.2012803418822,33.9573684380424],[-84.2006386061044,33.9562890660976],[-84.1967109489001,33.9544358665715],[-84.1915908230718,33.9520127216408],[-84.1936348011603,33.9503369299418],[-84.2020488515061,33.943490099794],[-84.2045207851992,33.9414147384467],[-84.2082949149317,33.9383016261555],[-84.211223351791,33.9358799328217],[-84.2119793649509,33.9352369156399],[-84.2128364412753,33.9345106558419],[-84.2151561841897,33.9339036211337],[-84.2137904476155,33.9324796671368]]},"properties":{"OBJECTID_1":30470,"OBJECTID":44115,"ID":"132969","TYPE":"AC; OVERHEAD","STATUS":"IN SERVICE","NAICS_CODE":"221121","NAICS_DESC":"ELECTRIC BULK POWER TRANSMISSION AND CONTROL","SOURCE":"IMAGERY, EIA 861","SOURCEDATE":1407369600000,"VAL_METHOD":"IMAGERY","VAL_DATE":1493078400000,"OWNER":"GEORGIA POWER CO","VOLTAGE":230,"VOLT_CLASS":"220-287","INFERRED":"Y","SUB_1":"UNKNOWN116221","SUB_2":"NORCROSS","SHAPE__Len":6979.83649010538,"GlobalID":"ef03b3f0-0a43-42b7-ae87-e5c68a5fe705","Shape__Length":6979.836516005545}},{"type":"Feature","id":30565,"geometry":{"type":"LineString","coordinates":[[-84.3834309999161,33.8559420000246],[-84.3831589963363,33.8556736119843],[-84.3836866451746,33.8550814715928],[-84.3829308224575,33.8544301117492],[-84.3811624861258,33.852736553804],[-84.3788665000574,33.850569223718],[-84.377269291889,33.8495506778831],[-84.3760571259058,33.8490177126924],[-84.3746025261871,33.8485439636452],[-84.373960789511,33.8481768061587],[-84.3734331406727,33.8475846137966],[-84.3726345365885,33.8459264517038],[-84.3711228938492,33.8427877007267],[-84.3698822054575,33.8403713755212],[-84.3689695162305,33.8386301576828],[-84.3681994336566,33.8388907505528],[-84.3681169997545,33.8387259997157]]},"properties":{"OBJECTID_1":30565,"OBJECTID":44271,"ID":"133132","TYPE":"AC; OVERHEAD","STATUS":"IN SERVICE","NAICS_CODE":"221121","NAICS_DESC":"ELECTRIC BULK POWER TRANSMISSION AND CONTROL","SOURCE":"IMAGERY, EIA 861, EIA 860","SOURCEDATE":1401840000000,"VAL_METHOD":"IMAGERY","VAL_DATE":1512950400000,"OWNER":"GEORGIA POWER CO","VOLTAGE":230,"VOLT_CLASS":"220-287","INFERRED":"Y","SUB_1":"UNKNOWN111531","SUB_2":"UNKNOWN111533","SHAPE__Len":3106.24907968904,"GlobalID":"fd11cd6f-e42a-4523-9e61-7d932f35d425","Shape__Length":3106.2491388688286}},{"type":"Feature","id":30599,"geometry":{"type":"LineString","coordinates":[[-84.3727259994575,33.7267550001013],[-84.3720689995064,33.7274239994671],[-84.3710689985254,33.7275245847125],[-84.3685185781275,33.7275181781791],[-84.3683978059258,33.7304496114968],[-84.3683048365821,33.7357818075483],[-84.3682497644653,33.7388258384646],[-84.3682643791567,33.7402341619944],[-84.3638959994908,33.7401769995121],[-84.3633599999135,33.7410949994808],[-84.3620629997299,33.7405429994957],[-84.358952000052,33.7397179995789],[-84.3549309998048,33.7397039998368],[-84.3524339995219,33.7402279999342],[-84.3511930317542,33.7405158070436],[-84.3500997047983,33.7404762777993],[-84.3493429999355,33.7404509998999],[-84.3493058348356,33.7434209075076],[-84.3492850433284,33.7440350409511],[-84.3494639122745,33.7449923565027],[-84.3493655503441,33.7459902779007],[-84.3493391299933,33.7498194566643],[-84.3493569561618,33.7521513871381],[-84.3493034776563,33.7581439586291],[-84.3496469997092,33.7588559996001]]},"properties":{"OBJECTID_1":30599,"OBJECTID":44344,"ID":"133226","TYPE":"AC; OVERHEAD","STATUS":"IN SERVICE","NAICS_CODE":"221121","NAICS_DESC":"ELECTRIC BULK POWER TRANSMISSION AND CONTROL","SOURCE":"IMAGERY, EIA 861, EIA 860","SOURCEDATE":1408492800000,"VAL_METHOD":"IMAGERY","VAL_DATE":1514937600000,"OWNER":"GEORGIA POWER CO","VOLTAGE":115,"VOLT_CLASS":"100-161","INFERRED":"Y","SUB_1":"UNKNOWN111358","SUB_2":"UNKNOWN111360","SHAPE__Len":6920.20271827114,"GlobalID":"7f336f2a-5e5d-443b-b0d7-320de40621c5","Shape__Length":6920.20257324101}},{"type":"Feature","id":30665,"geometry":{"type":"LineString","coordinates":[[-84.2715656085883,33.7909536678105],[-84.2708421602558,33.7909158707123],[-84.2709015802185,33.7916615398442],[-84.2708540440687,33.7927479334841],[-84.2708005655631,33.7938046861535],[-84.2691368075035,33.7937651807364],[-84.2659875512726,33.7937009864477],[-84.2628858311917,33.7937009864477],[-84.2613112030762,33.7934738346279],[-84.2601168614649,33.7930590349413],[-84.2589094484679,33.7921918995235],[-84.2540607827388,33.7902126645573],[-84.2537530001595,33.7901149995238],[-84.2525739999766,33.7898909999312],[-84.2510159996771,33.7894449998173],[-84.24991899951,33.7889559994731],[-84.2484649998659,33.7878210001169],[-84.2440739997228,33.7857919996312],[-84.2428029994785,33.7854840000756],[-84.236954973267,33.7855488366387],[-84.236170629938,33.7856732878206],[-84.235364895027,33.7863133184403],[-84.2341170767069,33.786864452562],[-84.2323843909155,33.786905935921],[-84.2302310132968,33.7869237147105],[-84.2301739702763,33.7876644798936],[-84.2301739702763,33.7879844887333],[-84.2299743188061,33.7883282005441]]},"properties":{"OBJECTID_1":30665,"OBJECTID":44442,"ID":"133329","TYPE":"AC; OVERHEAD","STATUS":"IN SERVICE","NAICS_CODE":"221121","NAICS_DESC":"ELECTRIC BULK POWER TRANSMISSION AND CONTROL","SOURCE":"IMAGERY, EIA 861, EIA 860","SOURCEDATE":1408406400000,"VAL_METHOD":"IMAGERY","VAL_DATE":1514937600000,"OWNER":"GEORGIA POWER CO","VOLTAGE":230,"VOLT_CLASS":"220-287","INFERRED":"Y","SUB_1":"UNKNOWN116571","SUB_2":"UNKNOWN116601","SHAPE__Len":5519.76435134345,"GlobalID":"5e946f23-66d7-48bd-989b-6f631829abca","Shape__Length":5519.764229303016}},{"type":"Feature","id":30668,"geometry":{"type":"LineString","coordinates":[[-84.5134509999795,34.0852630001125],[-84.5135179999267,34.0864379994614],[-84.5159262583376,34.085918610149],[-84.5170397686413,34.0859154824444],[-84.517931999636,34.0859909996647],[-84.5202375374908,34.0861327936583],[-84.5228069994777,34.0862889997914],[-84.5255534565251,34.0864194066941],[-84.5282649996507,34.0866109995682],[-84.5307960002687,34.0862649997451],[-84.5340779214974,34.086007423818],[-84.5365852991184,34.0858252171666],[-84.5368479979486,34.0851753388465],[-84.5401517455437,34.0849233737664],[-84.5409598564985,34.0849233737664],[-84.5425679998589,34.0853249996498],[-84.5455049994595,34.0871199995224],[-84.5455803510439,34.0906160324416],[-84.5455898579145,34.0934149798867],[-84.5456136255403,34.0953674958343],[-84.5496874557094,34.0972687935396],[-84.5530244795976,34.0989692965663],[-84.5563472418324,34.1006146585174],[-84.5601909999824,34.1024570000613],[-84.5613052415148,34.1030039198079],[-84.5667446528495,34.1031331576915],[-84.5675704785818,34.1045035687532],[-84.5712530529188,34.1062742501309],[-84.5738049995543,34.1062979997924],[-84.5755470107566,34.1064833808082],[-84.5818289996071,34.1064949997426],[-84.5818265085788,34.1068140010111],[-84.5822733000584,34.1070151538693]]},"properties":{"OBJECTID_1":30668,"OBJECTID":44447,"ID":"133335","TYPE":"AC; OVERHEAD","STATUS":"IN SERVICE","NAICS_CODE":"221121","NAICS_DESC":"ELECTRIC BULK POWER TRANSMISSION AND CONTROL","SOURCE":"IMAGERY, EIA 861, EIA 860","SOURCEDATE":1401408000000,"VAL_METHOD":"IMAGERY","VAL_DATE":1514937600000,"OWNER":"GEORGIA POWER CO","VOLTAGE":115,"VOLT_CLASS":"100-161","INFERRED":"Y","SUB_1":"UNKNOWN111158","SUB_2":"UNKNOWN111161","SHAPE__Len":9588.8850955488,"GlobalID":"237e29ae-5441-4273-a61b-2bd7bb667665","Shape__Length":9588.885137425515}},{"type":"Feature","id":30739,"geometry":{"type":"LineString","coordinates":[[-84.4985071317661,33.7490536296604],[-84.4980281401752,33.7495129164985],[-84.4973063842686,33.7518626100044],[-84.4967163636034,33.753836171905],[-84.4953820132669,33.7565941976038],[-84.4943723392269,33.7606923000492],[-84.4944028199628,33.7632219358708],[-84.4959479581841,33.7651568848846],[-84.4961090117415,33.7669976191041],[-84.4963423356618,33.7694623747062],[-84.4966007234769,33.7719434949553],[-84.4977051338468,33.7751608199497],[-84.4987849276829,33.7782570485649],[-84.4998137798559,33.7806673739522],[-84.500620586457,33.7826310911822],[-84.5015859591804,33.7848857238439],[-84.5023410758217,33.7865276618636],[-84.5032254851853,33.7885787177255],[-84.5046520817217,33.7919324626066],[-84.5046023941067,33.7950473349042],[-84.5044794740331,33.7981341500473],[-84.5044421122021,33.7990723915751],[-84.5043142118686,33.8019438891314],[-84.5041794690675,33.8053105605082],[-84.5013096302125,33.807863688158],[-84.4991168381124,33.8097752456414],[-84.4955597961498,33.8127388480221],[-84.4936512938877,33.8143288670935],[-84.4903520639201,33.8170439101135],[-84.4866259069188,33.8201210589269],[-84.4843542705845,33.822003784831],[-84.4792591763117,33.821813466942],[-84.4773686538299,33.8222273854394],[-84.4767799995024,33.8228379994786]]},"properties":{"OBJECTID_1":30739,"OBJECTID":43073,"ID":"131689","TYPE":"AC; OVERHEAD","STATUS":"IN SERVICE","NAICS_CODE":"221121","NAICS_DESC":"ELECTRIC BULK POWER TRANSMISSION AND CONTROL","SOURCE":"IMAGERY, EIA 860, OpenStreetMap","SOURCEDATE":1408060800000,"VAL_METHOD":"IMAGERY","VAL_DATE":1513641600000,"OWNER":"GEORGIA POWER CO","VOLTAGE":230,"VOLT_CLASS":"220-287","INFERRED":"Y","SUB_1":"UNKNOWN111348","SUB_2":"JACK MCDONOUGH","SHAPE__Len":11848.0543386684,"GlobalID":"40b40294-06ce-4706-b54e-cddfe2fd120e","Shape__Length":11848.054348238245}},{"type":"Feature","id":30776,"geometry":{"type":"LineString","coordinates":[[-84.3524129996055,33.935807000084],[-84.3520999717633,33.9357631719928],[-84.3520880879504,33.935496958672],[-84.3499014340387,33.9353885014857],[-84.3484872396431,33.9374294471371],[-84.347916807641,33.9381886270875],[-84.3476700000083,33.9384200000083],[-84.3450662825646,33.9399507157883],[-84.3436996243189,33.9407986049453],[-84.3423091975491,33.9414542344714],[-84.3407167432652,33.9420852114806],[-84.3394986349264,33.9427408318434],[-84.3381260343251,33.9432929290107],[-84.3379656006052,33.9431795527716],[-84.3383280618392,33.942410557779],[-84.3384350179519,33.9417450767396],[-84.3381498019509,33.9412767716245],[-84.3379121229981,33.9390485907897],[-84.3376328484543,33.9345969851485],[-84.3375140085288,33.933270824531],[-84.3372109681559,33.9307811380428],[-84.3373238648275,33.9296767778618],[-84.3372228510705,33.9285033797586],[-84.3372822710332,33.9272067066877],[-84.3352798202638,33.9272905225435],[-84.3344657669533,33.9273989900431],[-84.3340973624654,33.9274828057097]]},"properties":{"OBJECTID_1":30776,"OBJECTID":43135,"ID":"131774","TYPE":"AC; OVERHEAD","STATUS":"IN SERVICE","NAICS_CODE":"221121","NAICS_DESC":"ELECTRIC BULK POWER TRANSMISSION AND CONTROL","SOURCE":"IMAGERY, EIA 861, EIA 860","SOURCEDATE":1401840000000,"VAL_METHOD":"IMAGERY","VAL_DATE":1514937600000,"OWNER":"GEORGIA POWER CO","VOLTAGE":230,"VOLT_CLASS":"220-287","INFERRED":"Y","SUB_1":"UNKNOWN111522","SUB_2":"UNKNOWN116563","SHAPE__Len":4588.72415254986,"GlobalID":"348ac8a7-8e8b-419d-b37a-94b0731e114e","Shape__Length":4588.724347936199}},{"type":"Feature","id":30889,"geometry":{"type":"LineString","coordinates":[[-84.5810478066697,34.0060201876686],[-84.5808470385936,34.0058952898644],[-84.5779307092277,34.0030047851277],[-84.5742543000285,33.999446099703],[-84.573504399904,33.9987302000539],[-84.5729002002305,33.9981632995143],[-84.5717484001361,33.9970742994735],[-84.5705271997961,33.9959042996371],[-84.569416600034,33.9958290998711],[-84.5681373002547,33.9957833998005],[-84.5665457002686,33.9957639999228],[-84.5655536996835,33.995729399938],[-84.5655314996179,33.9948500996441],[-84.5655467664861,33.9940756260777],[-84.5655456516769,33.9930113970286],[-84.5666449272766,33.9923442047575],[-84.5646077296719,33.9903400015516],[-84.5632611829087,33.9890620430761],[-84.5611139416818,33.9870393050585],[-84.5594993088918,33.9854960727983],[-84.5585833875264,33.98462824862],[-84.5569807427539,33.9831171054405],[-84.5556562226815,33.9818522915447],[-84.5547061437758,33.980937808856],[-84.552843546323,33.9791960038535],[-84.5513631757353,33.9777953388601],[-84.5502600760075,33.9767514387425],[-84.5492538757527,33.9757993386148],[-84.5486906500358,33.9752663257689],[-84.5485630021289,33.9747569255099],[-84.548602218981,33.9739586504524],[-84.5485130890368,33.9733495921573],[-84.549596909122,33.9732549808264],[-84.5497879996476,33.9731629998875]]},"properties":{"OBJECTID_1":30889,"OBJECTID":43314,"ID":"131989","TYPE":"AC; OVERHEAD","STATUS":"IN SERVICE","NAICS_CODE":"221121","NAICS_DESC":"ELECTRIC BULK POWER TRANSMISSION AND CONTROL","SOURCE":"IMAGERY, EIA 861, EIA 860","SOURCEDATE":1408320000000,"VAL_METHOD":"IMAGERY","VAL_DATE":1514937600000,"OWNER":"GEORGIA POWER CO","VOLTAGE":115,"VOLT_CLASS":"100-161","INFERRED":"Y","SUB_1":"UNKNOWN115917","SUB_2":"UNKNOWN116558","SHAPE__Len":6312.16278224774,"GlobalID":"29253fb7-76bb-4416-a887-b5e962297186","Shape__Length":6312.162778802999}},{"type":"Feature","id":30950,"geometry":{"type":"LineString","coordinates":[[-84.8563455391837,33.7407280740752],[-84.8558080726576,33.7394560917493],[-84.8549488996654,33.7359608996119],[-84.8536251000419,33.7305473998218],[-84.8526792000988,33.7267205995042],[-84.8517204003483,33.7235452000543],[-84.8507317001736,33.7202200998323],[-84.8497814999953,33.7170693001086],[-84.8487842002483,33.7137830998072],[-84.8479110000629,33.7108599000466],[-84.8483646995871,33.7080256998862],[-84.8487455996406,33.7056079994563],[-84.8491651003018,33.7029266998187],[-84.8465926999256,33.7027486000409],[-84.8419525996492,33.7024125998752],[-84.8368790002644,33.7020460000877],[-84.8322324994916,33.7017105001352],[-84.8270322996355,33.7013349994564],[-84.8243779998549,33.7011396999216],[-84.8198070994997,33.700806899595],[-84.813747599989,33.7003765997488],[-84.8107321999219,33.7001562997365],[-84.807758900299,33.6999459995516],[-84.8050925999244,33.7001263001243],[-84.8025888002932,33.7001762997212],[-84.7978542996568,33.7002516996442],[-84.7937952997748,33.7003234000974],[-84.7896868997386,33.700405399771],[-84.7861328994716,33.7004720001592],[-84.7836382994872,33.7005129999349],[-84.7799241996736,33.7003900999472],[-84.7750353999125,33.700212000142],[-84.7711210000451,33.7000860998354],[-84.7676163999322,33.6999602994902],[-84.7629833999398,33.6998133995318],[-84.759188800297,33.6996770998759],[-84.7553562998341,33.6995616999543],[-84.752034499695,33.6994464000242],[-84.7478815998146,33.6993424994653],[-84.7445277998885,33.6992500999602],[-84.7411739999623,33.6991703001719],[-84.7376837998434,33.6990736001427],[-84.7328147001365,33.6989348995197],[-84.7276073999964,33.6988028995703],[-84.724566900102,33.6987211995565],[-84.7206979001908,33.6986161000878],[-84.7166672996481,33.6985110998908],[-84.7135003996068,33.6984227995681],[-84.7111835995732,33.6983635995574],[-84.7074891998139,33.6978133994583],[-84.7025246999221,33.6970704998945],[-84.700203199903,33.6967258997772],[-84.6956901995612,33.6960500998635],[-84.6912426998783,33.6953706996532],[-84.6862066994798,33.6946478998255],[-84.6799421999296,33.6936939996837],[-84.6725103001418,33.6919519000375],[-84.6696727997387,33.6912468999799],[-84.6669004999573,33.6917330000342],[-84.6628181995734,33.6913943998237],[-84.6593440002463,33.6910981995031],[-84.654330799988,33.6905934995798],[-84.6497738001636,33.6901555000028],[-84.6460940995372,33.6898676996869],[-84.6419883001238,33.6894922997302],[-84.6377271002511,33.6891043999919],[-84.6335862000662,33.6887163998388],[-84.6330793427352,33.6886690036885],[-84.630598300125,33.6884369998659],[-84.6259712002674,33.6880198001188],[-84.6227276002704,33.6877110995404],[-84.6183629001039,33.6873242000967],[-84.6156360002786,33.6870622998437],[-84.6105007001085,33.6865779000366],[-84.6064202996615,33.6862206994836],[-84.602077099773,33.6858522994469],[-84.5988601995029,33.6855372001054],[-84.5948070997556,33.6851605994588],[-84.5920132996961,33.6849354996842],[-84.5891651057479,33.6849426860348],[-84.5864912478468,33.6849107458639],[-84.5844530998245,33.6848864001651],[-84.5844727998787,33.6833146999203],[-84.5844678995689,33.6799543000574],[-84.5845710998253,33.6767575001744],[-84.5846055996238,33.6729505998452],[-84.5845957001894,33.6699378000837],[-84.5845760998482,33.6656474999293],[-84.5843941002733,33.6623150998097],[-84.5843400001337,33.6597644999046],[-84.5843055003352,33.6579916999041],[-84.5808278002735,33.6579816998649],[-84.5783192000453,33.6579305997514],[-84.5737273994868,33.6579374997378],[-84.573728599636,33.6552954995164],[-84.5737209998887,33.6518909000804],[-84.5737795996897,33.6492491995482],[-84.5738030996175,33.6465392001621],[-84.5738148001741,33.6439022995797],[-84.5738383001019,33.6408843999739],[-84.569225499627,33.640803799639],[-84.5646330998921,33.6407335998889],[-84.5606967999964,33.6407135995384],[-84.5577234994752,33.6406834999109],[-84.5551890996321,33.640344599979],[-84.5552174998698,33.6384762001128],[-84.5552018997266,33.6354779997072],[-84.5550876995995,33.6337671997596],[-84.5549787995325,33.6325790996057],[-84.5549787995325,33.6298183001782],[-84.5550150995548,33.6267938998543],[-84.5550462001283,33.622568200169],[-84.5550825001506,33.6196342994646],[-84.555139599765,33.616099699983],[-84.5529685998954,33.6147681995612],[-84.5493469996066,33.6125923994484],[-84.5456246002581,33.6103457999425],[-84.5438403996785,33.6092800001555],[-84.5412245001812,33.6058775998699],[-84.5388082997649,33.6027408001709],[-84.5374200002057,33.6008972995269],[-84.5346875002829,33.5973777998356],[-84.5321923002238,33.5941630999398],[-84.529369599565,33.5904226995451],[-84.5270260000917,33.5874157995371],[-84.5253339001848,33.585248199637],[-84.5234615003156,33.5828016996866],[-84.5210597996063,33.579634599863],[-84.5186358000167,33.5765185996095],[-84.5164092995339,33.573653500119],[-84.5132300997596,33.5727146996861],[-84.5089000000029,33.5714640000021],[-84.5089016996154,33.5687800996625],[-84.5089197000571,33.5644732997384],[-84.508978299858,33.5610224996227],[-84.5090311001355,33.5576350999933],[-84.5091769982157,33.5548693098283],[-84.5094759404743,33.5530444207927]]},"properties":{"OBJECTID_1":30950,"OBJECTID":43431,"ID":"132137","TYPE":"AC; OVERHEAD","STATUS":"IN SERVICE","NAICS_CODE":"221121","NAICS_DESC":"ELECTRIC BULK POWER TRANSMISSION AND CONTROL","SOURCE":"IMAGERY, OpenStreetMap, http://www.psc.state.fl.us/publications/pdf/electricgas/transmissionreport2007.pdf, EIA 861","SOURCEDATE":1397088000000,"VAL_METHOD":"IMAGERY","VAL_DATE":1509580800000,"OWNER":"GEORGIA POWER CO","VOLTAGE":500,"VOLT_CLASS":"500","INFERRED":"Y","SUB_1":"VILLA RICA","SUB_2":"UNION","SHAPE__Len":57766.1757291039,"GlobalID":"b5127a0e-820d-4e79-a53e-b4d6f05cff9f","Shape__Length":57766.175960715875}},{"type":"Feature","id":30961,"geometry":{"type":"LineString","coordinates":[[-84.3423786741515,33.704902148159],[-84.344804437134,33.7067322688833],[-84.34581605423,33.7075012857004],[-84.3478967051416,33.7087139756149],[-84.3495530790496,33.7096941781429],[-84.3504249497283,33.7102101258404],[-84.3507970822247,33.7104206437582],[-84.3532440831772,33.7118739638061],[-84.3558072371942,33.713358479735],[-84.3583244136384,33.7148284834899],[-84.3617614424756,33.7168602017516],[-84.3639712621419,33.7181551091069],[-84.3653669359713,33.7191556656786],[-84.3673498268238,33.7205457596172],[-84.368749574513,33.7215480949823],[-84.3712581190456,33.7233168558372],[-84.3727549000568,33.7243815096069],[-84.3731733128583,33.7263465380693],[-84.3727259994575,33.7267550001013]]},"properties":{"OBJECTID_1":30961,"OBJECTID":43446,"ID":"132154","TYPE":"AC; OVERHEAD","STATUS":"IN SERVICE","NAICS_CODE":"221121","NAICS_DESC":"ELECTRIC BULK POWER TRANSMISSION AND CONTROL","SOURCE":"IMAGERY, OpenStreetMap, http://www.psc.state.fl.us/publications/pdf/electricgas/transmissionreport2007.pdf, EIA 861","SOURCEDATE":1408406400000,"VAL_METHOD":"IMAGERY","VAL_DATE":1514937600000,"OWNER":"GEORGIA POWER CO","VOLTAGE":115,"VOLT_CLASS":"100-161","INFERRED":"N","SUB_1":"UNKNOWN111360","SUB_2":"TAP142254","SHAPE__Len":4616.22358693119,"GlobalID":"e656abc2-d22a-43bf-a264-297965db527e","Shape__Length":4616.223616442443}},{"type":"Feature","id":30974,"geometry":{"type":"LineString","coordinates":[[-84.3805139995087,33.9233509994617],[-84.3801580627386,33.922905131477],[-84.3790658290324,33.9230077016475],[-84.3788962926838,33.9200363495273],[-84.3789855232393,33.9179721679279],[-84.3791431623003,33.9158425500632],[-84.3792026478401,33.9149145608898],[-84.3794108512718,33.9140579549592],[-84.3794495165583,33.9131031956473],[-84.3793989539842,33.9098106164914],[-84.3795357727919,33.9075709488995],[-84.379437620169,33.9060153757703],[-84.3794822349975,33.9037221705085],[-84.3786583469313,33.9029518201749],[-84.3789696652796,33.9021151780885],[-84.3792311118582,33.9016614499893],[-84.3798020002044,33.9018570000398]]},"properties":{"OBJECTID_1":30974,"OBJECTID":43466,"ID":"132184","TYPE":"AC; OVERHEAD","STATUS":"IN SERVICE","NAICS_CODE":"221121","NAICS_DESC":"ELECTRIC BULK POWER TRANSMISSION AND CONTROL","SOURCE":"IMAGERY, EIA 861, EIA 860","SOURCEDATE":1401840000000,"VAL_METHOD":"IMAGERY","VAL_DATE":1512950400000,"OWNER":"GEORGIA POWER CO","VOLTAGE":230,"VOLT_CLASS":"220-287","INFERRED":"Y","SUB_1":"UNKNOWN111528","SUB_2":"UNKNOWN111529","SHAPE__Len":3177.32842188939,"GlobalID":"1a73745c-d2eb-4564-851e-3189be772a2b","Shape__Length":3177.328389888353}},{"type":"Feature","id":31085,"geometry":{"type":"LineString","coordinates":[[-84.4778294033324,33.6515912599943],[-84.4770405055449,33.6515671075108],[-84.4766055520641,33.6515314945685],[-84.4757356442042,33.6514305915258],[-84.4747659110584,33.651216912564],[-84.4732043552269,33.6507242631753],[-84.4725626203475,33.6504927761461],[-84.4694038563477,33.6494362371601],[-84.4683628185278,33.6492106819447],[-84.4673574339433,33.6490444835378],[-84.4677496051587,33.6507954897133],[-84.4658814426427,33.6518994957577],[-84.4639134539424,33.6526117495069],[-84.4608473583507,33.6525594849186],[-84.460868776882,33.6533655460495],[-84.4557063727432,33.6533299338513],[-84.4520859995531,33.6533739995046],[-84.4520270907317,33.6528729089595]]},"properties":{"OBJECTID_1":31085,"OBJECTID":46147,"ID":"135251","TYPE":"AC; OVERHEAD","STATUS":"IN SERVICE","NAICS_CODE":"221121","NAICS_DESC":"ELECTRIC BULK POWER TRANSMISSION AND CONTROL","SOURCE":"IMAGERY, EIA 861, EIA 860","SOURCEDATE":1401926400000,"VAL_METHOD":"IMAGERY","VAL_DATE":1513641600000,"OWNER":"GEORGIA POWER CO","VOLTAGE":115,"VOLT_CLASS":"100-161","INFERRED":"Y","SUB_1":"UNKNOWN111554","SUB_2":"TAP142588","SHAPE__Len":3448.95231924241,"GlobalID":"647ecca9-3ee7-4637-a1a6-9f6c57693afa","Shape__Length":3448.952330728142}},{"type":"Feature","id":31133,"geometry":{"type":"LineString","coordinates":[[-84.5471129999878,33.7473670000826],[-84.5472949142227,33.7473005705216],[-84.5475609997014,33.7466840000056],[-84.5484479998062,33.7470919999643],[-84.5498450938721,33.7480899536983],[-84.5504443052009,33.7487999404507],[-84.551206000205,33.7499079999101],[-84.553113313996,33.7485159846982],[-84.5564931201497,33.746067352602],[-84.557067385263,33.7456650119636],[-84.559138495168,33.7449349111034],[-84.5602223152532,33.7445020887921],[-84.5616840449004,33.7438320991301],[-84.5622363677647,33.7433296990623],[-84.5627970826903,33.742765728834],[-84.5634982429223,33.7416196290146],[-84.5650665801358,33.7380795660461],[-84.5668751906367,33.7342323991406],[-84.5674274973313,33.7333826965488],[-84.5678939169998,33.7328339415235],[-84.5693353923323,33.7315406541457],[-84.5708459409236,33.7306688468912],[-84.5715489831262,33.7303282395735],[-84.5754782492132,33.7285565137418],[-84.5807435823173,33.7261970526025],[-84.5818487930861,33.725574363786],[-84.5827030001914,33.7248140000885],[-84.583335999853,33.7240159995482],[-84.5839919999791,33.7226130000687],[-84.5850289477694,33.7228226178851],[-84.5851550002684,33.7227309997659]]},"properties":{"OBJECTID_1":31133,"OBJECTID":46233,"ID":"135342","TYPE":"AC; OVERHEAD","STATUS":"IN SERVICE","NAICS_CODE":"221121","NAICS_DESC":"ELECTRIC BULK POWER TRANSMISSION AND CONTROL","SOURCE":"IMAGERY, EIA 861, EIA 860","SOURCEDATE":1401840000000,"VAL_METHOD":"IMAGERY","VAL_DATE":1513641600000,"OWNER":"GEORGIA POWER CO","VOLTAGE":230,"VOLT_CLASS":"220-287","INFERRED":"Y","SUB_1":"UNKNOWN111349","SUB_2":"UNKNOWN111350","SHAPE__Len":6237.7203699459,"GlobalID":"17016088-a613-49d1-ae1c-497cd500ed99","Shape__Length":6237.720351183596}},{"type":"Feature","id":31174,"geometry":{"type":"LineString","coordinates":[[-84.4755429995932,33.8024499996529],[-84.475479421329,33.8007531536573],[-84.4753631451952,33.799984307691],[-84.4751159575751,33.7984437299728],[-84.4745930626213,33.796255271913],[-84.4740321392865,33.7938850369711],[-84.4740226315175,33.793877135598],[-84.4739180532454,33.7932608650651],[-84.4738990377075,33.7928658157764],[-84.4739655875987,33.7925655781728],[-84.4740511530278,33.7921231194626],[-84.4743268621582,33.7915858469637],[-84.4752775806644,33.7903216609265],[-84.4761237200002,33.7892786941587],[-84.4766339999125,33.788708000132],[-84.4767679998068,33.7877063174967],[-84.476761999959,33.7850434840501],[-84.476761999959,33.7822799998551],[-84.4767090002556,33.7807769999539],[-84.4764640000332,33.7800349999499],[-84.4750880002068,33.7787019996341],[-84.4739349999633,33.7787929994595]]},"properties":{"OBJECTID_1":31174,"OBJECTID":46299,"ID":"135413","TYPE":"AC; OVERHEAD","STATUS":"IN SERVICE","NAICS_CODE":"221121","NAICS_DESC":"ELECTRIC BULK POWER TRANSMISSION AND CONTROL","SOURCE":"IMAGERY, EIA 861, EIA 860","SOURCEDATE":1401840000000,"VAL_METHOD":"IMAGERY","VAL_DATE":1514937600000,"OWNER":"GEORGIA POWER CO","VOLTAGE":115,"VOLT_CLASS":"100-161","INFERRED":"Y","SUB_1":"UNKNOWN111346","SUB_2":"TAP155950","SHAPE__Len":3472.6715982765,"GlobalID":"c7b598ac-9232-488b-ae9d-2f997752459e","Shape__Length":3472.6716434654845}},{"type":"Feature","id":31195,"geometry":{"type":"LineString","coordinates":[[-84.2738782332524,33.9343243599857],[-84.2737071041908,33.9348863706609],[-84.2715896843363,33.9348079776897],[-84.2699351259235,33.9355903591434],[-84.2672968808335,33.9368208457676],[-84.2603304889243,33.9400862797991],[-84.2597315363103,33.9405890991325],[-84.2596009598956,33.9407593075998]]},"properties":{"OBJECTID_1":31195,"OBJECTID":46331,"ID":"135455","TYPE":"AC; OVERHEAD","STATUS":"IN SERVICE","NAICS_CODE":"221121","NAICS_DESC":"ELECTRIC BULK POWER TRANSMISSION AND CONTROL","SOURCE":"IMAGERY, EIA 861, EIA 860","SOURCEDATE":1408406400000,"VAL_METHOD":"IMAGERY","VAL_DATE":1514937600000,"OWNER":"GEORGIA POWER CO","VOLTAGE":115,"VOLT_CLASS":"100-161","INFERRED":"Y","SUB_1":"UNKNOWN116575","SUB_2":"TAP151316","SHAPE__Len":1875.2736122931,"GlobalID":"2a2202f4-edca-4813-9f5e-9bebcd159260","Shape__Length":1875.273568819116}},{"type":"Feature","id":31204,"geometry":{"type":"LineString","coordinates":[[-84.4224881332988,33.7756857816479],[-84.4224349997464,33.7800269994862],[-84.4209243137128,33.780317912742]]},"properties":{"OBJECTID_1":31204,"OBJECTID":46352,"ID":"160489","TYPE":"AC; OVERHEAD","STATUS":"IN SERVICE","NAICS_CODE":"221121","NAICS_DESC":"ELECTRIC BULK POWER TRANSMISSION AND CONTROL","SOURCE":"IMAGERY, EIA 860","SOURCEDATE":1551312000000,"VAL_METHOD":"IMAGERY","VAL_DATE":1553558400000,"OWNER":"GEORGIA POWER CO","VOLTAGE":115,"VOLT_CLASS":"100-161","INFERRED":"Y","SUB_1":"UNKNOWN160948","SUB_2":"TAP160957","SHAPE__Len":754.056734718912,"GlobalID":"530b568e-24e1-4a07-9077-1589f8d977eb","Shape__Length":754.0567250611265}},{"type":"Feature","id":31206,"geometry":{"type":"LineString","coordinates":[[-84.422538123646,33.7756858585578],[-84.4224844978168,33.7800683868515],[-84.4209455840221,33.7803647356317],[-84.4209243137128,33.780317912742]]},"properties":{"OBJECTID_1":31206,"OBJECTID":46354,"ID":"160488","TYPE":"AC; OVERHEAD","STATUS":"IN SERVICE","NAICS_CODE":"221121","NAICS_DESC":"ELECTRIC BULK POWER TRANSMISSION AND CONTROL","SOURCE":"IMAGERY, EIA 860","SOURCEDATE":1551312000000,"VAL_METHOD":"IMAGERY","VAL_DATE":1553558400000,"OWNER":"GEORGIA POWER CO","VOLTAGE":115,"VOLT_CLASS":"100-161","INFERRED":"Y","SUB_1":"UNKNOWN160948","SUB_2":"TAP161821","SHAPE__Len":769.518343494827,"GlobalID":"c45b7cc1-2ca0-480a-8e8f-1cd838af6290","Shape__Length":769.5183520806273}},{"type":"Feature","id":31210,"geometry":{"type":"LineString","coordinates":[[-84.5094699999153,33.7659719998457],[-84.5090780002781,33.767028000096],[-84.5089479996835,33.7677559996098],[-84.5088899999572,33.7684219998205],[-84.5087379996212,33.7692819994876],[-84.5085819999856,33.7699979997809],[-84.5084039997104,33.7706129995],[-84.5082129999146,33.7713909998481],[-84.5079080003161,33.7719849997291],[-84.5071640003265,33.7732440001745],[-84.5067590002705,33.7738320000543],[-84.5061569996727,33.7743099996064],[-84.5056460002099,33.7747240000407],[-84.504872000083,33.7752360001771],[-84.5042699994852,33.7755859995828],[-84.5035749998994,33.7758350001626],[-84.5029470002606,33.7759499995983],[-84.5024860001282,33.7762690001208],[-84.4985360000261,33.7801909995103],[-84.4982599998416,33.7809760000986],[-84.498320000116,33.7816089995627],[-84.4983479997051,33.7820799999996],[-84.4982819995829,33.78251599992],[-84.4979510000451,33.7831009996466],[-84.497591000195,33.7837169998588],[-84.497438999859,33.7841790000967],[-84.497258000109,33.7849050000214],[-84.4970630001154,33.7855089996494],[-84.4965679996477,33.7862560000311],[-84.4958589998182,33.7868320000677],[-84.4949719997134,33.7875600000252],[-84.4943790002348,33.7876599995851],[-84.4940799995857,33.7882629995104],[-84.4937309996062,33.7890189998024],[-84.493559999902,33.7894909994678],[-84.4934860002822,33.7899729998701],[-84.49345500032,33.7907259995425],[-84.4935299997648,33.791565999679],[-84.4935909998642,33.7924090001796],[-84.4929990002104,33.7931969996248],[-84.4924960002452,33.7937849998893],[-84.4918939996474,33.794521999917],[-84.4914240001925,33.7950930000858],[-84.490991999474,33.7956109999537],[-84.4895339996319,33.7971449996403],[-84.4891100002077,33.7976119999399],[-84.4889920002069,33.7979979998594],[-84.4886790002125,33.7989859997647],[-84.4879560001392,33.8005259996499],[-84.4874769995651,33.8011429994387],[-84.4869009998049,33.801826999456]]},"properties":{"OBJECTID_1":31210,"OBJECTID":46358,"ID":"160502","TYPE":"AC; OVERHEAD","STATUS":"IN SERVICE","NAICS_CODE":"221121","NAICS_DESC":"ELECTRIC BULK POWER TRANSMISSION AND CONTROL","SOURCE":"IMAGERY","SOURCEDATE":1551312000000,"VAL_METHOD":"IMAGERY","VAL_DATE":1589760000000,"OWNER":"GEORGIA POWER CO","VOLTAGE":115,"VOLT_CLASS":"100-161","INFERRED":"Y","SUB_1":"TAP160951","SUB_2":"UNKNOWN160950","SHAPE__Len":5683.72612918354,"GlobalID":"b89367bf-5ff0-4054-b50a-a40360518314","Shape__Length":5683.72609816673}},{"type":"Feature","id":31224,"geometry":{"type":"LineString","coordinates":[[-84.7084015261215,34.0950247581062],[-84.7082850002561,34.0951289996795],[-84.7078190001008,34.0946990001308],[-84.7070419996008,34.0945689995085],[-84.7064059995662,34.0946649999072],[-84.7055489995986,34.0947030001125],[-84.7048719995561,34.0947519996863],[-84.7040399997029,34.0935269995983],[-84.70364687268,34.0929594119921]]},"properties":{"OBJECTID_1":31224,"OBJECTID":46380,"ID":"160457","TYPE":"AC; OVERHEAD","STATUS":"IN SERVICE","NAICS_CODE":"221121","NAICS_DESC":"ELECTRIC BULK POWER TRANSMISSION AND CONTROL","SOURCE":"IMAGERY, EIA 861, EIA 860","SOURCEDATE":1551312000000,"VAL_METHOD":"IMAGERY","VAL_DATE":1551312000000,"OWNER":"GEORGIA POWER CO","VOLTAGE":115,"VOLT_CLASS":"100-161","INFERRED":"Y","SUB_1":"UNKNOWN161007","SUB_2":"UNKNOWN161008","SHAPE__Len":705.045487801933,"GlobalID":"1da3ca58-4066-4854-a77d-4c48021ffc6f","Shape__Length":705.0454416791723}},{"type":"Feature","id":31231,"geometry":{"type":"LineString","coordinates":[[-84.7188320759895,34.0867914978492],[-84.7185384472658,34.0874008895753],[-84.7172601607862,34.0873539986222],[-84.714957328657,34.0867232008856],[-84.7111743621972,34.0866752955175],[-84.709850081975,34.0877625906411],[-84.7044854257432,34.0922496539466],[-84.70364687268,34.0929594119921]]},"properties":{"OBJECTID_1":31231,"OBJECTID":46390,"ID":"160459","TYPE":"AC; OVERHEAD","STATUS":"IN SERVICE","NAICS_CODE":"221121","NAICS_DESC":"ELECTRIC BULK POWER TRANSMISSION AND CONTROL","SOURCE":"IMAGERY, EIA 861, EIA 860","SOURCEDATE":1551312000000,"VAL_METHOD":"IMAGERY","VAL_DATE":1551312000000,"OWNER":"GEORGIA POWER CO","VOLTAGE":115,"VOLT_CLASS":"100-161","INFERRED":"Y","SUB_1":"UNKNOWN110852","SUB_2":"UNKNOWN161008","SHAPE__Len":2111.6405779472,"GlobalID":"b428df53-63c0-451a-81c2-2ca10a765fcf","Shape__Length":2111.6406144756384}},{"type":"Feature","id":31275,"geometry":{"type":"LineString","coordinates":[[-84.0301609030107,33.4824497110834],[-84.0306600303388,33.4818054358331],[-84.0302678582251,33.4815873716522],[-84.0299945269353,33.4813792195463],[-84.0304461181134,33.4803087147803],[-84.031361185181,33.4781329730842],[-84.0354433346479,33.4781874907928],[-84.0382420125594,33.4809034415333],[-84.0394185280022,33.4826330809189],[-84.0408208376865,33.4845113608809],[-84.0405071010736,33.4876275306538],[-84.0408778807071,33.4948902298133],[-84.0425131181547,33.4956354939092],[-84.0449089295091,33.4962221866792],[-84.0479132012464,33.4964045370133],[-84.0485596900103,33.4974669149566],[-84.052267493532,33.4975144837015],[-84.0523720727024,33.5035396584489],[-84.0529234900648,33.5067344167496],[-84.0598257090251,33.5067423437771],[-84.0606052984697,33.5063380509667],[-84.0607098776401,33.503262192799],[-84.0725843570379,33.5029609426443],[-84.0726128785482,33.5033493958069],[-84.0728125300184,33.5035238030574]]},"properties":{"OBJECTID_1":31275,"OBJECTID":46460,"ID":"135611","TYPE":"AC; OVERHEAD","STATUS":"IN SERVICE","NAICS_CODE":"221121","NAICS_DESC":"ELECTRIC BULK POWER TRANSMISSION AND CONTROL","SOURCE":"IMAGERY, EIA 861, EIA 860","SOURCEDATE":1406764800000,"VAL_METHOD":"IMAGERY","VAL_DATE":1513296000000,"OWNER":"GEORGIA POWER CO","VOLTAGE":230,"VOLT_CLASS":"220-287","INFERRED":"Y","SUB_1":"UNKNOWN116031","SUB_2":"UNKNOWN116032","SHAPE__Len":8851.97534959337,"GlobalID":"514cc220-23b6-4140-a12d-20c4921ee591","Shape__Length":8851.975408540438}},{"type":"Feature","id":31296,"geometry":{"type":"LineString","coordinates":[[-84.06080967418,33.8408232254635],[-84.061429677016,33.8416296394963],[-84.0622399996231,33.8421920000715],[-84.0645531291404,33.8430006738408],[-84.0714339583154,33.839797654941],[-84.083234756097,33.8398173955319],[-84.0967646751549,33.8398272669448],[-84.1139310930605,33.8318710240146],[-84.1221726372274,33.8280703240561],[-84.1240324813438,33.8272657380054]]},"properties":{"OBJECTID_1":31296,"OBJECTID":46490,"ID":"135646","TYPE":"AC; OVERHEAD","STATUS":"IN SERVICE","NAICS_CODE":"221121","NAICS_DESC":"ELECTRIC BULK POWER TRANSMISSION AND CONTROL","SOURCE":"IMAGERY, EIA 861, EIA 860","SOURCEDATE":1407283200000,"VAL_METHOD":"IMAGERY","VAL_DATE":1514851200000,"OWNER":"GEORGIA POWER CO","VOLTAGE":115,"VOLT_CLASS":"100-161","INFERRED":"Y","SUB_1":"UNKNOWN116178","SUB_2":"UNKNOWN116179","SHAPE__Len":7694.11193580474,"GlobalID":"5b326596-d262-45ab-9ea2-9e2d4b6fe867","Shape__Length":7694.111993565481}},{"type":"Feature","id":31304,"geometry":{"type":"LineString","coordinates":[[-84.3263587041777,33.6273009914607],[-84.3259019405002,33.6272972238404],[-84.3249905430506,33.6297594531014],[-84.3242518026969,33.6321611038633],[-84.3238061098569,33.6336014831272],[-84.3233149990944,33.6352059194539],[-84.3227866837062,33.6368988659903],[-84.3220443285318,33.6392981218853],[-84.3214704416092,33.6411987729417],[-84.3214212112366,33.6442773406605],[-84.3213780121529,33.6465806085432],[-84.3213388132672,33.6493884065759],[-84.3213161047551,33.6512482326263],[-84.3212685182996,33.6521260100501],[-84.3212730161642,33.654201067176],[-84.3212453112225,33.6563535510301],[-84.3211935125666,33.6586508609806],[-84.3211775135714,33.660916473051],[-84.321128012806,33.6638408267739],[-84.3211084106682,33.6657053901513],[-84.3210705233228,33.6670881600457],[-84.3225644584712,33.6700408211059],[-84.323477586076,33.6718246750695],[-84.3257148735288,33.6762849494913],[-84.3266898636157,33.6781818316719],[-84.3281375202556,33.6810590435092],[-84.3293454120546,33.6834515278502],[-84.3300243039491,33.6847972127747],[-84.3310025719885,33.6867299495365],[-84.331914388053,33.6885186797596],[-84.3337846041177,33.6922316137135],[-84.3351155606191,33.6948562301215],[-84.3363557055301,33.6972848668901],[-84.3381079278822,33.6997688726347],[-84.3402875740365,33.7028530390437],[-84.3409249377137,33.7037649088783],[-84.3423786741515,33.704902148159]]},"properties":{"OBJECTID_1":31304,"OBJECTID":45011,"ID":"133962","TYPE":"AC; OVERHEAD","STATUS":"IN SERVICE","NAICS_CODE":"221121","NAICS_DESC":"ELECTRIC BULK POWER TRANSMISSION AND CONTROL","SOURCE":"IMAGERY, OpenStreetMap, http://www.psc.state.fl.us/publications/pdf/electricgas/transmissionreport2007.pdf, EIA 861","SOURCEDATE":1407801600000,"VAL_METHOD":"IMAGERY","VAL_DATE":1514937600000,"OWNER":"GEORGIA POWER CO","VOLTAGE":115,"VOLT_CLASS":"100-161","INFERRED":"N","SUB_1":"UNKNOWN116351","SUB_2":"TAP142254","SHAPE__Len":11047.6510219868,"GlobalID":"874c8ffa-ccd6-42cf-b2bb-eb1412e5e5f3","Shape__Length":11047.651131014272}},{"type":"Feature","id":31314,"geometry":{"type":"LineString","coordinates":[[-84.2291549995714,34.0574669997543],[-84.2290819117416,34.0570787489263],[-84.2284954996089,34.0564481000692],[-84.2257801000159,34.0535942000474],[-84.2228624995338,34.0505680996493],[-84.2208223994724,34.0484671995697],[-84.2198867996125,34.0474867996281],[-84.2170334996401,34.044526099881],[-84.2170340000017,34.0418070998736],[-84.2170399998495,34.0394641996824],[-84.21973619975,34.0370840997963],[-84.2197517001802,34.03413639954],[-84.2199166003237,34.0290562998392],[-84.2199235002834,34.0220344998978],[-84.2198798996528,34.0177611996017],[-84.2198485996533,34.0160602996021],[-84.2198303000727,34.015006299889],[-84.2210028000461,34.0150757000746],[-84.2223533002948,34.0152478994683],[-84.2232865995693,34.0153670999665],[-84.2236488982083,34.0154119801177],[-84.2239690002833,34.0153570001794]]},"properties":{"OBJECTID_1":31314,"OBJECTID":45028,"ID":"133976","TYPE":"AC; OVERHEAD","STATUS":"IN SERVICE","NAICS_CODE":"221121","NAICS_DESC":"ELECTRIC BULK POWER TRANSMISSION AND CONTROL","SOURCE":"IMAGERY, OpenStreetMap, EIA 861","SOURCEDATE":1397088000000,"VAL_METHOD":"IMAGERY","VAL_DATE":1493078400000,"OWNER":"GEORGIA POWER CO","VOLTAGE":230,"VOLT_CLASS":"220-287","INFERRED":"Y","SUB_1":"UNKNOWN111515","SUB_2":"UNKNOWN111516","SHAPE__Len":6757.18541548105,"GlobalID":"efde722c-a373-46ac-a640-cff5f0de0468","Shape__Length":6757.185421443947}},{"type":"Feature","id":31341,"geometry":{"type":"LineString","coordinates":[[-84.623533832848,33.5177451488428],[-84.6234822057703,33.5182095398215],[-84.6228534003428,33.5183988995309],[-84.6216973997262,33.5184769997397],[-84.6202797001044,33.518940199738],[-84.6184386002346,33.5195604997392],[-84.6132892001079,33.5213170996799],[-84.6088505003215,33.5228317997412],[-84.6063140002173,33.5237074000469],[-84.6028016000328,33.5249028995216],[-84.5976093996743,33.5263839996656],[-84.593553199841,33.5275267001436],[-84.5899215995065,33.5285667997974],[-84.5867258994771,33.5294640995089],[-84.5819991998107,33.530979300121],[-84.5778833994532,33.5323174999924],[-84.5755629998704,33.5330594997047],[-84.5722590995616,33.5341400000405],[-84.569994499731,33.5348633998807],[-84.5637965994794,33.5369094001633],[-84.5595951995568,33.5382940999001],[-84.5563458997493,33.5393799999469],[-84.5510301999039,33.5411427996456],[-84.5472050000493,33.5424062998902],[-84.5440725000934,33.5434153000495],[-84.5409623996291,33.5444739000343],[-84.538850499922,33.5449177999625],[-84.5364369001285,33.5454641997663],[-84.5329319999782,33.5462432996245],[-84.5311328999413,33.5466654994688],[-84.529218399628,33.5470969996564],[-84.5251659996683,33.5480034999311],[-84.5211655995872,33.5489067998691],[-84.5160441999479,33.5500770999184],[-84.5117421994933,33.5510517994463],[-84.5098768792468,33.551479702942],[-84.5094759404743,33.5530444207927]]},"properties":{"OBJECTID_1":31341,"OBJECTID":45083,"ID":"134035","TYPE":"AC; OVERHEAD","STATUS":"IN SERVICE","NAICS_CODE":"221121","NAICS_DESC":"ELECTRIC BULK POWER TRANSMISSION AND CONTROL","SOURCE":"IMAGERY, OpenStreetMap, http://www.psc.state.fl.us/publications/pdf/electricgas/transmissionreport2007.pdf, EIA 861","SOURCEDATE":1397088000000,"VAL_METHOD":"IMAGERY","VAL_DATE":1509580800000,"OWNER":"GEORGIA POWER CO","VOLTAGE":230,"VOLT_CLASS":"220-287","INFERRED":"Y","SUB_1":"UNKNOWN113566","SUB_2":"UNION","SHAPE__Len":13701.0914657028,"GlobalID":"2ede1d1d-511d-4d6d-b646-694dc2085215","Shape__Length":13701.091414615212}},{"type":"Feature","id":31342,"geometry":{"type":"LineString","coordinates":[[-84.623533832848,33.5177451488428],[-84.6231893927169,33.517387506617],[-84.6226153000801,33.5175718000471],[-84.6222112998491,33.5179024999893],[-84.6217653994982,33.5180649001764],[-84.6202203996175,33.5185852997975],[-84.6192989042058,33.518971087039]]},"properties":{"OBJECTID_1":31342,"OBJECTID":45084,"ID":"134036","TYPE":"AC; OVERHEAD","STATUS":"IN SERVICE","NAICS_CODE":"221121","NAICS_DESC":"ELECTRIC BULK POWER TRANSMISSION AND CONTROL","SOURCE":"IMAGERY, OpenStreetMap, EIA 861, EIA 860","SOURCEDATE":1397088000000,"VAL_METHOD":"IMAGERY","VAL_DATE":1514937600000,"OWNER":"GEORGIA POWER CO","VOLTAGE":115,"VOLT_CLASS":"100-161","INFERRED":"Y","SUB_1":"UNKNOWN113565","SUB_2":"UNKNOWN113566","SHAPE__Len":547.19883162026,"GlobalID":"c1689dfb-e843-4fbe-8807-bc40c2af3603","Shape__Length":547.1988305987524}},{"type":"Feature","id":31385,"geometry":{"type":"LineString","coordinates":[[-84.8563455391837,33.7407280740752],[-84.8562196708394,33.7394002786032],[-84.8554977999484,33.7364830997963],[-84.8542249994802,33.7313321999134],[-84.8539355003119,33.7301440995873],[-84.8530729002468,33.7266528001636],[-84.8520788002989,33.7232994000717],[-84.8512303999036,33.7204645995748],[-84.8504904001119,33.7179878999751],[-84.8498684003209,33.7159984000681],[-84.849094400194,33.7133961996989],[-84.8483298997513,33.7108584996764],[-84.8487777997519,33.7079832995428],[-84.8492378997725,33.7050474999504],[-84.8496131997285,33.7026252996911],[-84.8463614996226,33.7023997001056],[-84.8417499999082,33.7020544001811],[-84.8363023995313,33.7016577997875],[-84.8324166999389,33.7013852001331],[-84.8282885001356,33.7010841996594],[-84.8245304996541,33.7008186995046],[-84.8201108001343,33.7004957996121],[-84.8154418998699,33.7001627000909],[-84.8112534994678,33.6998501994676],[-84.80783500018,33.6996093001052],[-84.805032400224,33.69977329999],[-84.8025810002216,33.6998245000503],[-84.7977334996073,33.6999116001703],[-84.7939576999068,33.6999679995137],[-84.7902866994639,33.7000397996021],[-84.786905199986,33.7001012001693],[-84.7836468002447,33.7001678994442],[-84.7795200000166,33.7000192996038],[-84.7749952003035,33.6998723997463],[-84.7710997998044,33.6997307999109],[-84.7676392000724,33.6996154000614],[-84.7630756003256,33.6994475995401],[-84.7591675003433,33.6993374996078],[-84.7553477002619,33.6992064001032],[-84.75218969983,33.6991119997562],[-84.7479279995957,33.6990031998103],[-84.7442761997437,33.6988980999392],[-84.7375482997626,33.6987216001459],[-84.7328054995914,33.6985997999653],[-84.7281485999208,33.6984778994644],[-84.7256332003443,33.6984065001562],[-84.7227593002059,33.6983265994365],[-84.7193965997719,33.6982363998508],[-84.716780199913,33.6981704995129],[-84.7136016002134,33.6980812997494],[-84.7112264995179,33.698018899994],[-84.7079953995782,33.6975229999954],[-84.7033888998866,33.6968505994767],[-84.7006613999867,33.6964471999882],[-84.695832799926,33.6957453997822],[-84.6914576002505,33.6950322998786],[-84.6862831002964,33.6942947994523],[-84.6800098996643,33.693357600115],[-84.6725566002099,33.6915862997746],[-84.6696990000023,33.6909272999222],[-84.666881600302,33.6913985996438],[-84.6624750000157,33.6909982001788],[-84.6589807996989,33.6906687001243],[-84.6551558001685,33.6903224994751],[-84.6527344003033,33.69009719945],[-84.6473250995986,33.6896174995049],[-84.6423812995859,33.6891972999874],[-84.6378599997091,33.6887711000912],[-84.6337940001544,33.6883876997857],[-84.6306568002129,33.6880985996959],[-84.6261795995318,33.6876797994802],[-84.6231168995718,33.6874084000105],[-84.6185404000175,33.6869984001361],[-84.6154990000112,33.6867004998616],[-84.6105933002447,33.686239299698],[-84.6065453999463,33.6858988995895],[-84.6020996995889,33.6854773999581],[-84.5989554999747,33.6851995001252],[-84.5949835046229,33.6848536878174],[-84.5920649995374,33.684565999812],[-84.5898563997832,33.6845514999738],[-84.587084400039,33.6845630995455],[-84.5848827002446,33.6845283000781],[-84.5848862000809,33.6827512996708],[-84.5849494998674,33.6793785995006],[-84.5849642996117,33.6770822998438],[-84.58500860003,33.6736520994969],[-84.5850233000613,33.6701194001677],[-84.5849791002543,33.6656572000152],[-84.5848117998125,33.6623738999629],[-84.5847429996415,33.6597045995858],[-84.5846952002852,33.6576717997654],[-84.5807477999075,33.6576111996141],[-84.5782494000494,33.6575758000315],[-84.5741247997955,33.6575931001652],[-84.5741375001769,33.6553446996784],[-84.5741457997118,33.6530310001792],[-84.5741538001078,33.6513507996935],[-84.5741675003142,33.6492502995595],[-84.5742026999003,33.6467842999176],[-84.5742320002499,33.6439398997097],[-84.574267199836,33.6405532996614],[-84.5697471001085,33.6404515999775],[-84.5657411996429,33.6403920997921],[-84.5616724997524,33.6403708997701],[-84.5577697995433,33.6403424999441],[-84.5556077998944,33.6400377999001],[-84.5556459998536,33.6380974997402],[-84.5556615999968,33.6354839000315],[-84.5555058995002,33.6338334994869],[-84.5554072995163,33.6327447995067],[-84.5554177002106,33.6293575998523],[-84.5554332994555,33.6268040994906],[-84.555474799825,33.6224228997047],[-84.5555317997265,33.6192210995555],[-84.5555630000129,33.615902499756],[-84.553438000174,33.6146251998149],[-84.549779299464,33.6124228999985],[-84.546301099939,33.610331099815],[-84.5441345000177,33.6090397000216],[-84.5412722995375,33.6053070996724],[-84.5390955001444,33.6024594001537],[-84.5377674999987,33.6007432996446],[-84.5353771000956,33.5976125999366],[-84.5335823002939,33.5953331996842],[-84.5318680003214,33.5930752995582],[-84.5297462002816,33.5903840995151],[-84.5275815002971,33.5875225996041],[-84.525743300189,33.5851046996738],[-84.5238309998499,33.5826250994545],[-84.5213098995646,33.5793156001784],[-84.5189719999017,33.5763237996428],[-84.5166951003381,33.5733624998116],[-84.5136285996062,33.5724672995318],[-84.5093106001563,33.57122329961],[-84.5093106001563,33.5687554995682],[-84.509347399642,33.5643724998481],[-84.5093929999224,33.5611996994853],[-84.5094468997378,33.557649999992],[-84.5096415547784,33.5540777340742],[-84.5094759404743,33.5530444207927]]},"properties":{"OBJECTID_1":31385,"OBJECTID":45155,"ID":"134119","TYPE":"AC; OVERHEAD","STATUS":"IN SERVICE","NAICS_CODE":"221121","NAICS_DESC":"ELECTRIC BULK POWER TRANSMISSION AND CONTROL","SOURCE":"IMAGERY, OpenStreetMap, http://www.psc.state.fl.us/publications/pdf/electricgas/transmissionreport2007.pdf, EIA 861","SOURCEDATE":1397088000000,"VAL_METHOD":"IMAGERY","VAL_DATE":1509580800000,"OWNER":"GEORGIA POWER CO","VOLTAGE":500,"VOLT_CLASS":"500","INFERRED":"Y","SUB_1":"VILLA RICA","SUB_2":"UNION","SHAPE__Len":57749.6886486573,"GlobalID":"06e884c7-897c-45ac-9110-e5462fc5126d","Shape__Length":57749.68880519025}},{"type":"Feature","id":31401,"geometry":{"type":"LineString","coordinates":[[-84.5094759404743,33.5530444207927],[-84.507177908942,33.5538190451389],[-84.5071788000708,33.552652599598],[-84.5071788000708,33.5514144995423],[-84.507255199989,33.5463982001098],[-84.5073103996666,33.5435354996562],[-84.5026276994828,33.5434630995929],[-84.4963376994566,33.5433761998206],[-84.4941586964962,33.5433359929701],[-84.4918287002111,33.543293000123],[-84.4885360998104,33.543256799623],[-84.4884449001478,33.5401937998128],[-84.4884361999642,33.537427599573],[-84.4884959002014,33.5335432997721],[-84.4884959002014,33.5300688995916],[-84.4885839997779,33.5276006000289],[-84.4886027997202,33.525100700127],[-84.4883954002807,33.5219246999715],[-84.4881247001563,33.5182059996068],[-84.4878490997221,33.5138104001143],[-84.4879458994822,33.5105578996734],[-84.4880439002898,33.5068219001428],[-84.4881416998747,33.5034858997687],[-84.488186199719,33.5013358997234],[-84.4882737998322,33.4976809995726],[-84.4853462002027,33.4947864001682],[-84.4830385998161,33.4925076999444],[-84.4809617999821,33.4904558996068],[-84.4789657003016,33.4884016000433],[-84.4766092001225,33.4861441000856],[-84.4734701999572,33.4861365997214],[-84.4703812997336,33.4861213997004],[-84.4666464003279,33.4855256995767],[-84.4627385994846,33.4848996997789],[-84.4577799000146,33.4841293999329],[-84.4543560997683,33.4835755001458],[-84.4511073003224,33.4830753000233],[-84.4482750999795,33.4830341001209],[-84.4450480002376,33.4829970996862],[-84.4425415002707,33.4831751997218],[-84.4391076999786,33.4834452995787],[-84.4361611000825,33.4836785999934],[-84.4329420995513,33.4836662998248],[-84.4289293997373,33.4836387999469],[-84.4256891998637,33.4835960995962],[-84.4206705001192,33.4836000001099],[-84.4170297998509,33.4835689001391],[-84.4137057997377,33.4835727999047],[-84.4105074002708,33.4835843995526],[-84.4070482998271,33.4835261997538],[-84.4037645999342,33.4838397000496],[-84.4002036997075,33.4841993996851],[-84.3971944998125,33.4845177000852],[-84.3930456998431,33.4849456998127],[-84.3891032994883,33.4853304996991],[-84.3858635999763,33.4856165998539],[-84.3814756999193,33.4855688994533],[-84.3779118999308,33.4855529995637],[-84.3733333998284,33.4855012998034],[-84.3684499998404,33.4854615994911],[-84.3667621354902,33.4838571549103],[-84.3672669500523,33.4820237916718]]},"properties":{"OBJECTID_1":31401,"OBJECTID":45185,"ID":"134145","TYPE":"AC; OVERHEAD","STATUS":"IN SERVICE","NAICS_CODE":"221121","NAICS_DESC":"ELECTRIC BULK POWER TRANSMISSION AND CONTROL","SOURCE":"IMAGERY, OpenStreetMap, http://www.psc.state.fl.us/publications/pdf/electricgas/transmissionreport2007.pdf, EIA 861","SOURCEDATE":1397088000000,"VAL_METHOD":"IMAGERY","VAL_DATE":1509580800000,"OWNER":"GEORGIA POWER CO","VOLTAGE":500,"VOLT_CLASS":"500","INFERRED":"Y","SUB_1":"UNION","SUB_2":"O'HARA","SHAPE__Len":24478.581210545,"GlobalID":"36b7f0ec-6441-4115-989e-308f3d464c72","Shape__Length":24478.581218044186}},{"type":"Feature","id":31421,"geometry":{"type":"LineString","coordinates":[[-84.3109199998884,34.0640179997005],[-84.3105641475599,34.0637552465905],[-84.3077534367152,34.0637046447245],[-84.3077840000961,34.0611649997846],[-84.3025971231541,34.0611719126623],[-84.3022928925134,34.0570762229882],[-84.3022168357516,34.0555166591444],[-84.3076169188432,34.0554378921491],[-84.3077690341635,34.0467731130682],[-84.3077690341635,34.0461114017294],[-84.3092521562909,34.045008540008],[-84.3103930176,34.0442522841273],[-84.3116099392643,34.0438899074995],[-84.3125986861514,34.0438111304464],[-84.3125606568722,34.0398248957834],[-84.3124893539948,34.0388795157957],[-84.3123752670554,34.0388854248115],[-84.3112843170417,34.0380345736493],[-84.3122255286773,34.0370478126891],[-84.3121185725646,34.0360846756075],[-84.3112629254599,34.0360846756075],[-84.3109690002922,34.0359799995835]]},"properties":{"OBJECTID_1":31421,"OBJECTID":45213,"ID":"134182","TYPE":"AC; OVERHEAD","STATUS":"IN SERVICE","NAICS_CODE":"221121","NAICS_DESC":"ELECTRIC BULK POWER TRANSMISSION AND CONTROL","SOURCE":"IMAGERY, EIA 861, EIA 860","SOURCEDATE":1401840000000,"VAL_METHOD":"IMAGERY","VAL_DATE":1514851200000,"OWNER":"GEORGIA POWER CO","VOLTAGE":230,"VOLT_CLASS":"220-287","INFERRED":"Y","SUB_1":"UNKNOWN111519","SUB_2":"UNKNOWN111525","SHAPE__Len":5811.26061490716,"GlobalID":"6ca159c1-187f-4864-9704-f66c72025a12","Shape__Length":5811.260500176014}},{"type":"Feature","id":31452,"geometry":{"type":"LineString","coordinates":[[-84.6099435443081,33.9318589120048],[-84.6100909946771,33.9275112565659],[-84.6101491363373,33.9246887407301],[-84.609811359909,33.9224832106345],[-84.6094421172929,33.9201835591363],[-84.6075476745632,33.9191054249897],[-84.6073942728555,33.9169757504655],[-84.6072462834972,33.9151328914946],[-84.6074184492147,33.9130028418498],[-84.6064864704636,33.9103747108594],[-84.6059235007667,33.9087493776614],[-84.6039894378414,33.9073939925062],[-84.6028720540022,33.9066124040544],[-84.6017217621792,33.9058078085993],[-84.6017668899458,33.9033711879205],[-84.6018206846583,33.9008185306627],[-84.6018273860903,33.8984026717803],[-84.6018946115146,33.8970782719132],[-84.6019730101844,33.8948470089305],[-84.6020373771694,33.8935156049481],[-84.6008035132789,33.8921562611315],[-84.6011831287416,33.8901187066224],[-84.6015605469251,33.8881592284379],[-84.6015337843161,33.8860049664422],[-84.599770031189,33.8857949336268],[-84.5984639858687,33.8856498071334],[-84.597968227223,33.8865273425726]]},"properties":{"OBJECTID_1":31452,"OBJECTID":45265,"ID":"134242","TYPE":"AC; OVERHEAD","STATUS":"IN SERVICE","NAICS_CODE":"221121","NAICS_DESC":"ELECTRIC BULK POWER TRANSMISSION AND CONTROL","SOURCE":"IMAGERY, OpenStreetMap, EIA 861, EIA 860","SOURCEDATE":1408320000000,"VAL_METHOD":"IMAGERY","VAL_DATE":1512950400000,"OWNER":"GEORGIA POWER CO","VOLTAGE":230,"VOLT_CLASS":"220-287","INFERRED":"Y","SUB_1":"UNKNOWN116287","SUB_2":"TAP142244","SHAPE__Len":7037.88897241331,"GlobalID":"ceb35fb3-0283-49bd-9a63-1a1e4e4c960f","Shape__Length":7037.889028404132}},{"type":"Feature","id":31504,"geometry":{"type":"LineString","coordinates":[[-84.6591540002755,33.8773679998005],[-84.6588926722745,33.8766011740619],[-84.6578765905516,33.8768330371501],[-84.6525109713259,33.8769169025418],[-84.6504966349468,33.8766603725416],[-84.6458797058149,33.8764285089843],[-84.6440436311208,33.8756835789496],[-84.6426532034527,33.8748794405011],[-84.641684658778,33.874129563967],[-84.6401478156,33.8735883860398],[-84.6392900358948,33.8734142149723],[-84.6377760000436,33.8723569998111],[-84.6364599995934,33.8714239995224],[-84.635409913942,33.8708586420676],[-84.6340079995163,33.869498999896],[-84.6328310888148,33.8682832578946],[-84.6326647136377,33.8670350071437],[-84.6326647136377,33.8651699981592],[-84.6326591997785,33.8644389999428]]},"properties":{"OBJECTID_1":31504,"OBJECTID":45358,"ID":"134361","TYPE":"AC; OVERHEAD","STATUS":"IN SERVICE","NAICS_CODE":"221121","NAICS_DESC":"ELECTRIC BULK POWER TRANSMISSION AND CONTROL","SOURCE":"IMAGERY, EIA 861, EIA 860","SOURCEDATE":1408320000000,"VAL_METHOD":"IMAGERY","VAL_DATE":1514937600000,"OWNER":"GEORGIA POWER CO","VOLTAGE":115,"VOLT_CLASS":"100-161","INFERRED":"Y","SUB_1":"UNKNOWN115914","SUB_2":"TAP142614","SHAPE__Len":3928.66150739742,"GlobalID":"1fe50bb4-00e9-40e8-a409-112af60850f0","Shape__Length":3928.66151756203}},{"type":"Feature","id":31530,"geometry":{"type":"LineString","coordinates":[[-84.3321246207789,33.8939045400114],[-84.3319392309622,33.8937151398863],[-84.3317509997742,33.8932770000934],[-84.3300579997554,33.8934660000211],[-84.3289949999235,33.8934829998008],[-84.3276149998992,33.8928119995655],[-84.3266080001438,33.8922179997928],[-84.3251339995099,33.8917960001073],[-84.3211909999788,33.8904509999423],[-84.3200779999182,33.8899739998571],[-84.3189740000784,33.8893499999675],[-84.3184485296546,33.888344691596],[-84.3180064462454,33.8873305435025],[-84.3167895245812,33.8868372758145],[-84.3151447820595,33.8860164731338],[-84.3155678517274,33.8854284889048],[-84.3163331795185,33.8842446160126],[-84.3171650589975,33.8830449411717],[-84.3184009935047,33.8821096556047],[-84.3201217945849,33.8810757008486],[-84.3211485716496,33.8800851450795],[-84.3223227092518,33.878699925049],[-84.3231355740912,33.8784315608143],[-84.3247422891302,33.8773502017752],[-84.3252224018187,33.8762372554763],[-84.3249799689814,33.8754084577263],[-84.324328726333,33.8726654719387],[-84.3237250198345,33.8698000414864],[-84.3197795355633,33.8683633440619],[-84.3164044841925,33.8672739636105],[-84.3164425125734,33.8653556731485],[-84.3161050083347,33.8643412510817],[-84.3156059995842,33.8645339999669],[-84.3149889998162,33.8646350000807],[-84.3147169998296,33.8635389996529],[-84.3140799757156,33.8628176220044],[-84.3140419482329,33.861787379584],[-84.3140752227294,33.8602084419603],[-84.3140704688449,33.8589847446615],[-84.3132120001318,33.8582619999518],[-84.311536607991,33.8581911529466],[-84.310072696336,33.8594702780283],[-84.3084992557934,33.8594189614542],[-84.3046583515909,33.8590873775546],[-84.3035935470436,33.8589650077533],[-84.3031181873413,33.8594268567728],[-84.3027759292181,33.8590400091736]]},"properties":{"OBJECTID_1":31530,"OBJECTID":45391,"ID":"134399","TYPE":"AC; OVERHEAD","STATUS":"IN SERVICE","NAICS_CODE":"221121","NAICS_DESC":"ELECTRIC BULK POWER TRANSMISSION AND CONTROL","SOURCE":"IMAGERY, EIA 861, EIA 860","SOURCEDATE":1408320000000,"VAL_METHOD":"IMAGERY","VAL_DATE":1514937600000,"OWNER":"GEORGIA POWER CO","VOLTAGE":230,"VOLT_CLASS":"220-287","INFERRED":"Y","SUB_1":"UNKNOWN116564","SUB_2":"UNKNOWN116565","SHAPE__Len":8585.45909269537,"GlobalID":"02a147e0-34cb-4a87-9a97-3178536fa9ab","Shape__Length":8585.459012175215}},{"type":"Feature","id":31617,"geometry":{"type":"LineString","coordinates":[[-84.0180150003448,33.656111999625],[-84.0179480551949,33.6569190481361],[-84.0180966042035,33.6569833448099],[-84.0177282006139,33.657745016978],[-84.016420962331,33.6572553719456],[-84.0130221415377,33.6562315584693],[-84.0089399929691,33.6551088141146],[-84.0072129998017,33.654662999984],[-84.0058670001126,33.6546169998095],[-84.004205000056,33.6543019998719],[-84.0034989997012,33.6537199997173],[-84.0016900002298,33.6553179999314],[-84.0005639997504,33.6579070001189],[-83.9973590479719,33.6609301147803],[-83.9954635515184,33.6627253901006]]},"properties":{"OBJECTID_1":31617,"OBJECTID":47037,"ID":"136235","TYPE":"AC; OVERHEAD","STATUS":"IN SERVICE","NAICS_CODE":"221121","NAICS_DESC":"ELECTRIC BULK POWER TRANSMISSION AND CONTROL","SOURCE":"IMAGERY, EIA 861, EIA 860","SOURCEDATE":1407196800000,"VAL_METHOD":"IMAGERY","VAL_DATE":1514937600000,"OWNER":"GEORGIA POWER CO","VOLTAGE":115,"VOLT_CLASS":"100-161","INFERRED":"Y","SUB_1":"UNKNOWN115874","SUB_2":"TAP142229","SHAPE__Len":3449.51627878198,"GlobalID":"9854871a-a835-4dd0-b510-0a1230c88dc9","Shape__Length":3449.516408979681}},{"type":"Feature","id":31629,"geometry":{"type":"LineString","coordinates":[[-84.3672669500523,33.4820237916718],[-84.3658593403077,33.4799912695602],[-84.3647624003278,33.478570099842],[-84.3628216000379,33.4760157000824],[-84.3629653996536,33.4717580998827],[-84.3630429997211,33.468620799706],[-84.3630782999185,33.464235399762],[-84.3630854002026,33.4605738999835],[-84.363131100196,33.4567191996373],[-84.3632097000884,33.4529365999242],[-84.3633015995386,33.4494853001515],[-84.3634181002512,33.4453668998321],[-84.3657043000728,33.4426024997425],[-84.367454299993,33.4404886998299],[-84.3696139999547,33.4379186995188],[-84.3715249995333,33.4356244995968],[-84.3736456003222,33.4330511998469],[-84.3758410002316,33.4303861999597],[-84.3791789996902,33.4263552995926],[-84.3819032997911,33.4230154998184],[-84.385220600269,33.4190571999924],[-84.3880565995872,33.4156587998797],[-84.3905757002227,33.4126253998346],[-84.3906180998058,33.4110350994645],[-84.3907379997434,33.4080133996494],[-84.390872100249,33.4047795001721],[-84.3909708996589,33.4014747996325],[-84.3911191001212,33.3978695999372],[-84.3912813996419,33.3935394995068],[-84.3914294994929,33.3898749999222],[-84.3915354000851,33.3862928001205],[-84.3916624003068,33.3831857994492],[-84.3917826999947,33.3800370000993],[-84.3916978002172,33.3765620998222],[-84.3916330002442,33.3725078995223],[-84.3916728998158,33.3699035995677],[-84.3886286000478,33.3698918999445],[-84.3860989001902,33.3698270999834],[-84.3820576995272,33.3697782998604],[-84.3776774001158,33.3697127998614],[-84.3731431995333,33.3696200998884],[-84.3693081002442,33.3696082996978],[-84.3652154000643,33.3695935001304],[-84.3614103997271,33.368584399565],[-84.3569497999125,33.3673425996869],[-84.3498547000843,33.3654382001227],[-84.3465166000144,33.3645130995835],[-84.3429890003353,33.3635962999567],[-84.3381141999196,33.3622752996763],[-84.3341025996435,33.3611584001775],[-84.3288187001591,33.3611458995673],[-84.3255904999811,33.3611458995673],[-84.3220927998279,33.361141799973],[-84.3171780998405,33.3611208998421],[-84.3122285003043,33.3611083999769],[-84.3071940000923,33.3610959001099],[-84.3038261002094,33.3611000994952],[-84.3003682996279,33.3610875996269],[-84.297070199741,33.3610833994907],[-84.2949147003016,33.3610501000114],[-84.291327200061,33.3610416997352],[-84.2881688995918,33.3609666996981],[-84.2847858999274,33.3609374997783],[-84.2814928000633,33.3608624996515],[-84.2782047002221,33.3608624996515],[-84.2731072999739,33.3608470998615],[-84.2680238002564,33.3608541998965],[-84.2643331994723,33.3608758001158],[-84.2597777995475,33.3608798997227],[-84.2556015003506,33.3608758001158],[-84.2530375001205,33.3601232999073],[-84.2501408995549,33.3592010000376],[-84.2461193998444,33.3579612001477],[-84.2414891001877,33.3565066994388],[-84.2373128998055,33.3551563994346],[-84.2332813003362,33.3537977000178],[-84.2286311003011,33.3523597998992],[-84.2226037002904,33.3504092997646],[-84.2187417997648,33.3492006000769],[-84.2138370998231,33.3476250998038],[-84.2086878003077,33.3461745994736],[-84.205379800088,33.3452200994845],[-84.1983645003015,33.3431901997803],[-84.194198200252,33.3418896999898],[-84.1908003002319,33.3408225995737],[-84.1870231997708,33.3396346000529],[-84.1820186996961,33.3380588996774],[-84.1783314002207,33.3369126000601],[-84.1760262998455,33.3361748000276],[-84.1734117002104,33.3336860998116],[-84.1701744000985,33.3306425998208],[-84.1674303002305,33.3281019000033],[-84.1651833999058,33.3259859998],[-84.1626342003185,33.3234848995832],[-84.160168500035,33.3211773994398],[-84.1582263001699,33.3193386997163],[-84.1547537995571,33.3160532996429],[-84.1523733996998,33.3138133001141],[-84.1488812996441,33.3105338995609],[-84.1441214997544,33.3060059997576],[-84.1423642001242,33.3043298997185],[-84.1418722997426,33.3019287000383],[-84.1409325999717,33.2971348999826],[-84.1403378002692,33.2940804997636],[-84.1396187994956,33.290550199724],[-84.1388537995896,33.2865162994703],[-84.1380176998254,33.2822387999821],[-84.1373413995705,33.2787678997221],[-84.1367688996466,33.2757428000484],[-84.1362876999967,33.2733285001577],[-84.1356044000691,33.2697827995093],[-84.1350247998613,33.2668888001687],[-84.1344475999519,33.2639718999169],[-84.1339373002766,33.2614368998217],[-84.1310219994817,33.2590432995436],[-84.1287916003105,33.2572948995105],[-84.1261247995743,33.2551851000242],[-84.1234901001348,33.2530743999592],[-84.1210960000711,33.2512187998089],[-84.1182495003455,33.2489542997668],[-84.1147099997855,33.2461454999535],[-84.111783300268,33.2438721999427],[-84.1089203002872,33.2416108995074],[-84.1062744994674,33.2394971998343],[-84.1031665998755,33.2370521998897],[-84.0998995996637,33.2344496998421],[-84.0976684998066,33.2319841994752],[-84.0955888002109,33.2296384997808],[-84.0932637994572,33.2269497001592],[-84.0902971994696,33.223649699442],[-84.0880305002762,33.2211649997425],[-84.085713199881,33.2185685997052],[-84.0839814995416,33.2166334995159],[-84.08142280027,33.2138146998191],[-84.079371800051,33.2115300995681],[-84.07636679978,33.2081563001142],[-84.0740455997982,33.2055701000515],[-84.0718635003449,33.2018362996744],[-84.0701399998273,33.1988422996956],[-84.0683633001803,33.1957968996211],[-84.0669753994731,33.1934037996316],[-84.065574899894,33.1909975995622],[-84.0636753996493,33.1877222999615],[-84.0622670999986,33.1852896998268],[-84.0601868003283,33.1817674996759],[-84.0582917997449,33.1786070996728],[-84.0566600001498,33.17561979966],[-84.0551316999502,33.172978799709],[-84.0529685998652,33.1692276995372],[-84.0510123997564,33.1658896996995],[-84.0492113997826,33.1628035997735],[-84.047877399789,33.1604910999891],[-84.0457559994995,33.1583142998425],[-84.0438440000959,33.1563797001351],[-84.0417459003082,33.1543112999182],[-84.0393550997566,33.15188939973],[-84.0367832994549,33.1492971995432],[-84.0336280002571,33.1461199001273],[-84.0310558002052,33.143477999539],[-84.0290296994892,33.1414400999128],[-84.0268817000841,33.1392740001427],[-84.0220566995728,33.1398057995218],[-84.019164700178,33.1401484001409],[-84.013667599934,33.140746899646],[-84.0104793999389,33.140321599605],[-84.005631199537,33.1396561999384],[-84.0020244996039,33.1391757997453],[-83.9975243002549,33.1385575998036],[-83.9928923998004,33.1379314995531],[-83.9885285997458,33.1373605999476],[-83.9850394003502,33.1368840994826],[-83.9802005999194,33.1362304994859],[-83.9767207995966,33.1357618995668],[-83.9736360001823,33.1353445001405],[-83.9703301999367,33.1349113995554],[-83.967438300255,33.132749499471],[-83.9637187000569,33.1300362994348],[-83.9611934998607,33.1282090996134],[-83.9577042995667,33.1256492995281],[-83.9545027003008,33.1233015996091],[-83.9509124997245,33.1206885000977],[-83.9478587002724,33.1184203000043],[-83.9442659996846,33.115805199834],[-83.9409217003409,33.1133449996509],[-83.9383634996344,33.1114492997672],[-83.9349748998725,33.1089771000353],[-83.9331905995798,33.1076552000722],[-83.9298695001266,33.1052142995477],[-83.9269193994959,33.1030394995011],[-83.9242588995431,33.1010879994593],[-83.9208999001681,33.0986013001134],[-83.9182807002606,33.0967035000663],[-83.9155282999592,33.0946632000516],[-83.912334700191,33.092322599914],[-83.9099591000322,33.0905864001631],[-83.9075696999541,33.0888038996308],[-83.90413260015,33.0862399000403],[-83.9014950000504,33.0842224995621],[-83.898682899512,33.0819431998379],[-83.8948551996459,33.078917000161],[-83.8918269994844,33.0765104995966],[-83.8886426999743,33.0739962000314],[-83.8854169000947,33.0714586994527],[-83.8825267000254,33.0691559994516],[-83.8805323996704,33.0675771998593],[-83.8784553995121,33.0659212997871],[-83.8764151997378,33.0643462997174],[-83.8754732999927,33.0614387999193],[-83.8743749999634,33.0582615996396],[-83.8711585003419,33.0571254998184],[-83.8683745000039,33.056170200009],[-83.8643103994876,33.0546680997156],[-83.8609846000489,33.0535647994705],[-83.856482899615,33.0542120994961],[-83.8533149997487,33.0546827997914],[-83.8494121001136,33.0552132996693],[-83.8452794994637,33.0557956999835],[-83.8421274000649,33.0562585999489],[-83.8363946995697,33.0571091994797],[-83.8319895994699,33.057763799887],[-83.8271455995903,33.0584109997748],[-83.8172788000553,33.0602468995758],[-83.8137956346434,33.0601081708228],[-83.8128408719218,33.0606335041711]]},"properties":{"OBJECTID_1":31629,"OBJECTID":47058,"ID":"136257","TYPE":"AC; OVERHEAD","STATUS":"IN SERVICE","NAICS_CODE":"221121","NAICS_DESC":"ELECTRIC BULK POWER TRANSMISSION AND CONTROL","SOURCE":"IMAGERY, OpenStreetMap, http://www.psc.state.fl.us/publications/pdf/electricgas/transmissionreport2007.pdf, EIA 861","SOURCEDATE":1397088000000,"VAL_METHOD":"IMAGERY","VAL_DATE":1443744000000,"OWNER":"GEORGIA POWER CO","VOLTAGE":500,"VOLT_CLASS":"500","INFERRED":"Y","SUB_1":"UNKNOWN115783","SUB_2":"O'HARA","SHAPE__Len":100954.734712934,"GlobalID":"7a81e1bd-8460-4b0f-a4e0-dad44acba5da","Shape__Length":100954.73476272903}},{"type":"Feature","id":31663,"geometry":{"type":"LineString","coordinates":[[-84.2526729997108,33.5688899998581],[-84.252665096333,33.5685413438723],[-84.2528865642882,33.5681251139608],[-84.2497824672649,33.5658396838146],[-84.2471204536509,33.5647543797788],[-84.244391891044,33.5632373085905],[-84.242711495287,33.5620767106882],[-84.2401207863469,33.5596802055925],[-84.2380767408848,33.5583036705294],[-84.2365318218525,33.5574321838227],[-84.2354028434579,33.5571449878643],[-84.2354979157577,33.5563131026429],[-84.235390959645,33.5558080265533],[-84.2343332850261,33.5542828747955],[-84.2336915501467,33.5532528871418],[-84.2335251740712,33.5527081768514],[-84.2250859089138,33.5554336740374]]},"properties":{"OBJECTID_1":31663,"OBJECTID":47115,"ID":"136332","TYPE":"AC; OVERHEAD","STATUS":"IN SERVICE","NAICS_CODE":"221121","NAICS_DESC":"ELECTRIC BULK POWER TRANSMISSION AND CONTROL","SOURCE":"IMAGERY, EIA 861, EIA 860","SOURCEDATE":1406851200000,"VAL_METHOD":"IMAGERY","VAL_DATE":1513296000000,"OWNER":"GEORGIA POWER CO","VOLTAGE":115,"VOLT_CLASS":"100-161","INFERRED":"Y","SUB_1":"UNKNOWN116042","SUB_2":"TAP142211","SHAPE__Len":4222.1597268925,"GlobalID":"0bf887bd-7089-4d08-b1b6-92ea88ec3bc1","Shape__Length":4222.159824457319}},{"type":"Feature","id":31717,"geometry":{"type":"LineString","coordinates":[[-84.671563377916,34.0458653726498],[-84.6715776386711,34.046282883135],[-84.6708645991177,34.0462592498749]]},"properties":{"OBJECTID_1":31717,"OBJECTID":47195,"ID":"136413","TYPE":"AC; OVERHEAD","STATUS":"IN SERVICE","NAICS_CODE":"221121","NAICS_DESC":"ELECTRIC BULK POWER TRANSMISSION AND CONTROL","SOURCE":"IMAGERY, EIA 861","SOURCEDATE":1408320000000,"VAL_METHOD":"IMAGERY","VAL_DATE":1553644800000,"OWNER":"GEORGIA POWER CO","VOLTAGE":115,"VOLT_CLASS":"100-161","INFERRED":"Y","SUB_1":"UNKNOWN115908","SUB_2":"TAP155360","SHAPE__Len":135.553022387943,"GlobalID":"e58e75c5-09ca-43f8-a270-392c60acea50","Shape__Length":135.5530384975877}},{"type":"Feature","id":31742,"geometry":{"type":"LineString","coordinates":[[-84.6210629142511,33.6293751719347],[-84.6223392540815,33.6296838971235],[-84.6270952244532,33.6318271307939],[-84.626332272706,33.6338159567354],[-84.6255764517855,33.6357572441317],[-84.6263180119508,33.6423940966481],[-84.6253768012136,33.6448397485293],[-84.6239721127903,33.6480688539065],[-84.6235442901363,33.6488108181302],[-84.6229881188893,33.649695231662],[-84.6229239459404,33.651386869604],[-84.6228740328483,33.6529182191301],[-84.6225531645102,33.6531912469123],[-84.6223891662753,33.6573815286458],[-84.6216832575487,33.658004712515],[-84.6216903874771,33.66028967868],[-84.6149379068949,33.6602481348309],[-84.6137471315953,33.6617081084809],[-84.6144102580566,33.6649840567662],[-84.613297916461,33.6665982459489],[-84.613084005134,33.6690432108144],[-84.6129200060008,33.6730012948136],[-84.6124565310097,33.673826119453],[-84.6123852272341,33.6767693160949],[-84.6132765257775,33.6783892181113],[-84.6125658631664,33.6810968980065],[-84.6125563562957,33.6829639405154],[-84.6149105738557,33.6830460187974],[-84.6150115876128,33.685498426664],[-84.6155523087351,33.6855330366256],[-84.615712742455,33.6856714770801]]},"properties":{"OBJECTID_1":31742,"OBJECTID":47239,"ID":"136473","TYPE":"AC; OVERHEAD","STATUS":"IN SERVICE","NAICS_CODE":"221121","NAICS_DESC":"ELECTRIC BULK POWER TRANSMISSION AND CONTROL","SOURCE":"IMAGERY, EIA 861, EIA 860","SOURCEDATE":1408492800000,"VAL_METHOD":"IMAGERY","VAL_DATE":1513641600000,"OWNER":"GEORGIA POWER CO","VOLTAGE":230,"VOLT_CLASS":"220-287","INFERRED":"Y","SUB_1":"UNKNOWN116620","SUB_2":"UNKNOWN116621","SHAPE__Len":9292.1642342318,"GlobalID":"f2b5a49f-de1c-410d-8e19-ff3a3fd4d42e","Shape__Length":9292.164124476221}},{"type":"Feature","id":31787,"geometry":{"type":"LineString","coordinates":[[-84.6491145274749,34.0616101659254],[-84.6486127420319,34.06129649618],[-84.6485641018525,34.0599651868708],[-84.6492939758344,34.0606098958787],[-84.6500426668265,34.0611060940664],[-84.6505061418175,34.0610174879652],[-84.6512212259365,34.0617158760004],[-84.6512438329389,34.062453573057],[-84.6537151710491,34.0650599348397],[-84.6594189547753,34.0706431565128],[-84.664132320748,34.0750476890222],[-84.6676420457496,34.078189849755],[-84.6684261483301,34.0789122590977],[-84.6715516360369,34.0818552970741],[-84.6757823345125,34.085349406924],[-84.6767568215428,34.0868897226242],[-84.6781531897699,34.0879772768698],[-84.680779551047,34.0900883715266],[-84.6858837236941,34.0939757970691],[-84.6906373180218,34.0976022601272],[-84.6927467258023,34.0998016811167],[-84.6967397453251,34.0985125415919],[-84.7005901572964,34.0953338938659],[-84.7043573798827,34.0921452845914],[-84.7097230000067,34.0876574100368],[-84.7111015429636,34.0865255604711],[-84.7149876054754,34.0865747716041],[-84.7172871578554,34.0872046717287],[-84.7188356405045,34.0871723900462],[-84.7212100620736,34.0877127217875],[-84.722589791705,34.0883239124785],[-84.7239124801125,34.0888878589941],[-84.7265578551309,34.0895580930789],[-84.7273457638733,34.0923364077367],[-84.7278448912014,34.0940074854913],[-84.7283689746263,34.0957139598421],[-84.7289215795615,34.0976624868889],[-84.7294777508085,34.0995519234672],[-84.7302228772855,34.102093740955],[-84.730914525257,34.1042959966949],[-84.7313280880543,34.1057424880329],[-84.7317452144682,34.107115155908],[-84.732212255771,34.1086176840613],[-84.732672166247,34.1102116930253],[-84.7333566842901,34.11235470302],[-84.7339199845671,34.1142438115234],[-84.7346116325387,34.1166139939565],[-84.7350144999941,34.1179569701531],[-84.7354458889599,34.1193294390821],[-84.7359093639509,34.1208848769902],[-84.7362088407071,34.1218824680824],[-84.7365938819941,34.1231869909766],[-84.7370751831536,34.1247335048706],[-84.7375208328745,34.1262681838912],[-84.7379130040899,34.1275195180913],[-84.7382873500351,34.1288180527539],[-84.7391429971398,34.1317485347639],[-84.74062730684,34.1367534336974],[-84.7418077425307,34.1404517374585],[-84.7418410179254,34.140538293861],[-84.742530289853,34.1423913648912],[-84.7428392725815,34.1428674127072],[-84.7442463370487,34.1450587721731],[-84.7449213482212,34.1455859474727],[-84.7491330320571,34.1486269844532],[-84.7518663485485,34.1505349524839],[-84.7560162372761,34.1532335726113],[-84.7599046776284,34.1558298310104],[-84.7630372961619,34.1582489995639],[-84.7660130472872,34.1605579639075],[-84.7703293111919,34.161466583534],[-84.7730150906351,34.1620683928878],[-84.7745742695243,34.1642907185799],[-84.7761191885567,34.1666742478546],[-84.779185257199,34.1711028684471],[-84.7797747029424,34.1723771359569],[-84.7820231528608,34.1756335090524],[-84.7841860391468,34.1774346846308],[-84.7871094993395,34.1796762697272],[-84.7923954954917,34.1806633348232],[-84.7952096235278,34.1804077214819],[-84.8011326024715,34.1798728980052],[-84.8043987816232,34.1801613447697],[-84.8072552328855,34.1806397398238],[-84.809028324,34.1807183895487],[-84.8099837954924,34.1796290799127],[-84.8107490002144,34.1799259994894]]},"properties":{"OBJECTID_1":31787,"OBJECTID":47308,"ID":"136560","TYPE":"AC; OVERHEAD","STATUS":"IN SERVICE","NAICS_CODE":"221121","NAICS_DESC":"ELECTRIC BULK POWER TRANSMISSION AND CONTROL","SOURCE":"IMAGERY, EIA 861, EIA 860","SOURCEDATE":1401235200000,"VAL_METHOD":"IMAGERY","VAL_DATE":1514851200000,"OWNER":"GEORGIA POWER CO","VOLTAGE":230,"VOLT_CLASS":"220-287","INFERRED":"Y","SUB_1":"UNKNOWN110639","SUB_2":"UNKNOWN115907","SHAPE__Len":29482.2711669211,"GlobalID":"75c6f2af-e9bc-4299-b2f9-922934b3e73a","Shape__Length":29482.271163849025}},{"type":"Feature","id":31852,"geometry":{"type":"LineString","coordinates":[[-84.2347533929485,33.6508804769169],[-84.2347329715471,33.6505956708962],[-84.234790399945,33.6502145000398],[-84.2332504000871,33.6500418000294],[-84.2316265999896,33.6498563999045],[-84.2290309997228,33.649575200104],[-84.2264264998465,33.6492841994927],[-84.2243196998753,33.6490547994392],[-84.2222100001424,33.648827900172],[-84.2199245001083,33.6485562995674],[-84.2173294999161,33.6482711994462],[-84.2145616000829,33.6479656001785],[-84.2120529998548,33.6476726999178],[-84.2101862000831,33.6474594999495],[-84.2082268001752,33.6472462994532],[-84.2051504000088,33.6469071995128],[-84.2020986999195,33.6465655997647],[-84.1996054995103,33.646293299537],[-84.1972171998684,33.6460236001359],[-84.1950386999644,33.6457769995663],[-84.1927090001234,33.6455149997089],[-84.1909779995715,33.6453274996425],[-84.1879386001134,33.6449806999095],[-84.1852972998531,33.6446852999403],[-84.1833162999543,33.6444746000801],[-84.1803208002658,33.6441405999789],[-84.1776428999459,33.6438307996093],[-84.1754096998277,33.6435855994596],[-84.1732490000411,33.6433394996964],[-84.1706358996943,33.6430544997108],[-84.1684607999137,33.6427994997113],[-84.1667797995905,33.6426126997069],[-84.1644346999306,33.6423437994538],[-84.1623798001249,33.6421022999696],[-84.1601124999585,33.6418483000336],[-84.1578303003348,33.641589299872],[-84.1552938002306,33.6412929998001],[-84.152703400311,33.6409940998602],[-84.150026400103,33.6406829001169],[-84.1476006002896,33.6404163997509],[-84.1453333001232,33.6401573997693],[-84.1431930998914,33.6399108998141],[-84.1399342995015,33.6395342998227],[-84.1367155001929,33.6391490997389],[-84.1339531995588,33.6388458000068],[-84.131806400303,33.6385921995607],[-84.1298370003494,33.6383718997962],[-84.1284017000362,33.6382623999962],[-84.126872252688,33.6381598061162],[-84.1264480295832,33.6380134160893]]},"properties":{"OBJECTID_1":31852,"OBJECTID":47429,"ID":"136699","TYPE":"AC; OVERHEAD","STATUS":"IN SERVICE","NAICS_CODE":"221121","NAICS_DESC":"ELECTRIC BULK POWER TRANSMISSION AND CONTROL","SOURCE":"IMAGERY, OpenStreetMap, http://www.psc.state.fl.us/publications/pdf/electricgas/transmissionreport2007.pdf, EIA 861","SOURCEDATE":1397088000000,"VAL_METHOD":"IMAGERY","VAL_DATE":1444262400000,"OWNER":"GEORGIA POWER CO","VOLTAGE":230,"VOLT_CLASS":"220-287","INFERRED":"Y","SUB_1":"UNKNOWN116609","SUB_2":"KLONDIKE","SHAPE__Len":12262.1783605676,"GlobalID":"dd2251cc-85ae-41ef-8cdb-172cf4ed62ec","Shape__Length":12262.17839559195}},{"type":"Feature","id":31890,"geometry":{"type":"LineString","coordinates":[[-84.5682975498199,33.994173061561],[-84.5717185446276,33.9940088095353],[-84.5726059696356,33.9943828577124],[-84.5755120698853,33.9942000578947],[-84.5803855946934,33.994172769604],[-84.5835305947065,33.9939705697919],[-84.586284195157,33.993777368817],[-84.5900458949008,33.9935454686753],[-84.5927791952225,33.9933420689944],[-84.5949469952931,33.9926342675276],[-84.5997687951071,33.9911032654401],[-84.6036314951333,33.9919752666674],[-84.6061773952086,33.99250806749],[-84.6104299946108,33.9933801689992],[-84.6133196952168,33.994102969514],[-84.6166309949485,33.9949106697854],[-84.6184482948531,33.995358569916],[-84.6218986951134,33.9953083696422],[-84.6264910948482,33.9952863696345],[-84.6299312947383,33.9952371695561],[-84.6325487950334,33.9952099694824],[-84.6352180948827,33.9952003700238],[-84.6390669949895,33.9951736696853],[-84.6431847949968,33.9952803696992],[-84.6447085946368,33.9953294699522],[-84.6489493946678,33.9954419700945],[-84.6534441951419,33.9955515699297],[-84.6564255948738,33.9956264697968],[-84.6605505948781,33.9957266695944],[-84.664874595074,33.9958513708357],[-84.6685099952821,33.9959609708875],[-84.6719193946361,33.9960503711009],[-84.6761845947068,33.9961541706209],[-84.6789302944744,33.9971769716624],[-84.6811329949921,33.9980076727588],[-84.6833936952361,33.9988591739693],[-84.6860668946721,33.9990533740075],[-84.6885554948088,33.9992599735838],[-84.693731995311,33.9996672751221],[-84.69649479451,33.9998797737661],[-84.7010375946648,34.0002900751024],[-84.7051140946269,34.0006294745484],[-84.7090872946195,34.0009747746124],[-84.7135410950857,34.0013171755457],[-84.7169481947526,34.0016388755322],[-84.7208252947728,34.0019664754609],[-84.7259163951359,34.0024003764549],[-84.7294979952417,34.0027072771192],[-84.7351871948193,34.003173677917],[-84.7391354360201,34.0035359178959],[-84.7398510950609,34.0036015778645],[-84.7431798948726,34.0035484781084],[-84.7469180946886,34.0035071774478],[-84.7498481952279,34.0034363774387],[-84.7544230948826,34.0037343781217],[-84.7577447953087,34.0039439786344],[-84.7614971947944,34.0041357787918],[-84.7651179946842,34.0042302790443],[-84.7682434949674,34.0043618786085],[-84.7717930952862,34.0045246785637],[-84.7747939947479,34.004608178469],[-84.7775177944872,34.0046999779286],[-84.7825023950818,34.0048502790272],[-84.7852382699751,34.0050377549401],[-84.7885612702634,34.007590454758],[-84.7907576699977,34.0093341544785],[-84.7938974696636,34.011792853695],[-84.7975437700294,34.0147338527554],[-84.7996893700344,34.016468852645],[-84.8024185695468,34.0186321528084],[-84.8049316703345,34.0206881521068],[-84.808249870026,34.0232956518204],[-84.8104464700846,34.0250467511228],[-84.8137321696273,34.0277274511],[-84.8172644701903,34.0305275500893],[-84.8206803697537,34.0332581498227],[-84.823844970108,34.0357881485395],[-84.8264855696823,34.0378419486042],[-84.8290147700765,34.0398652475468],[-84.831772669864,34.0420600477195],[-84.8349467699024,34.0446102467249],[-84.8363543697655,34.0458127466768],[-84.8399450698051,34.0486585455755],[-84.8431934695006,34.0512249457811],[-84.8451272701178,34.0529466459092],[-84.847721569624,34.0552563446411],[-84.850279269969,34.0575240444439],[-84.8523220694677,34.0593843438393],[-84.8547958698601,34.061596343962],[-84.8573555698549,34.0638824428355],[-84.8598554698995,34.0660894431379],[-84.8626443696491,34.0685851414476],[-84.8671300701894,34.0726347419643],[-84.8693639700953,34.0746088407941],[-84.8713447696698,34.0764819410472],[-84.8733263696432,34.0782998397538],[-84.8755320696356,34.0800719398516],[-84.8779182699147,34.0821168400791],[-84.8784645201677,34.0825756871494],[-84.8799462696692,34.0838203385452],[-84.8820259701633,34.0856244387567],[-84.8838227696148,34.0870584387555],[-84.8877206701254,34.0903499374575],[-84.8902283702416,34.0924659371634],[-84.8930535700135,34.0948478369623],[-84.8959735698957,34.0973228358974],[-84.8987095696549,34.0996120357744],[-84.9012802695203,34.1019249350317],[-84.9041374699776,34.1045349348788],[-84.907209869946,34.1073168339133],[-84.9099977698707,34.1098614341445],[-84.9131186698813,34.1126539327105],[-84.9151194695473,34.1144621328783],[-84.916860669571,34.1159336327287],[-84.9193213698315,34.118039231666],[-84.9210636702914,34.1194906320983],[-84.9211160699202,34.1203749318694],[-84.9211469584913,34.1209097484743],[-84.9224020001646,34.1214899999644]]},"properties":{"OBJECTID_1":31890,"OBJECTID":47484,"ID":"136771","TYPE":"AC; OVERHEAD","STATUS":"IN SERVICE","NAICS_CODE":"221121","NAICS_DESC":"ELECTRIC BULK POWER TRANSMISSION AND CONTROL","SOURCE":"IMAGERY, OpenStreetMap, http://www.psc.state.fl.us/publications/pdf/electricgas/transmissionreport2007.pdf, EIA 861","SOURCEDATE":1397088000000,"VAL_METHOD":"IMAGERY","VAL_DATE":1455235200000,"OWNER":"GEORGIA POWER CO","VOLTAGE":500,"VOLT_CLASS":"500","INFERRED":"Y","SUB_1":"BOWEN SUBSTATION","SUB_2":"BIG SHANTY","SHAPE__Len":46348.1067325409,"GlobalID":"72b280e6-5f9a-4fd3-9f76-75ce4915caa9","Shape__Length":46348.10686431413}},{"type":"Feature","id":31907,"geometry":{"type":"LineString","coordinates":[[-84.5697586138155,33.9060650345329],[-84.5702517996862,33.9066666849066],[-84.5702339735177,33.9077318921093],[-84.5698418023024,33.9083138037318],[-84.5644761821783,33.9132401770891],[-84.5618854732383,33.916361544608],[-84.5613625782844,33.9180775089285],[-84.5599543262444,33.9193447358033],[-84.5578568022768,33.9199167074755]]},"properties":{"OBJECTID_1":31907,"OBJECTID":45503,"ID":"134529","TYPE":"AC; OVERHEAD","STATUS":"IN SERVICE","NAICS_CODE":"221121","NAICS_DESC":"ELECTRIC BULK POWER TRANSMISSION AND CONTROL","SOURCE":"IMAGERY, EIA 861, EIA 860","SOURCEDATE":1408320000000,"VAL_METHOD":"IMAGERY","VAL_DATE":1514937600000,"OWNER":"GEORGIA POWER CO","VOLTAGE":115,"VOLT_CLASS":"100-161","INFERRED":"Y","SUB_1":"UNKNOWN115921","SUB_2":"TAP142617","SHAPE__Len":2443.53631597193,"GlobalID":"13d82385-5d19-4a31-9fc3-c23e53785aeb","Shape__Length":2443.5362917550615}},{"type":"Feature","id":32056,"geometry":{"type":"LineString","coordinates":[[-84.1545661917999,33.4265938068191],[-84.1548278198382,33.4267794037863],[-84.1549372759623,33.4273266798519],[-84.1492778178071,33.4271045965639],[-84.1485410106279,33.4273971835541],[-84.1456710280425,33.427342633906],[-84.1445895848995,33.4274418158768],[-84.1440429223198,33.4279526006316],[-84.139847875283,33.4279377240306],[-84.1392536747568,33.4285129734898],[-84.1383920861948,33.4306750851559],[-84.1310286137771,33.4305404366666],[-84.1270641157647,33.4304571270029],[-84.1271211587852,33.4263391421804],[-84.126643423039,33.4253453209682],[-84.1228928372519,33.4252739076662],[-84.1036764306302,33.4251608380466],[-84.0999757570369,33.4251072788989],[-84.0971877735689,33.4250061096972],[-84.0953909148286,33.4268449739942],[-84.0875973973249,33.4268271207952],[-84.0874975720389,33.4250715717825],[-84.0835473347816,33.4249644525943],[-84.0811230010187,33.4252263000152],[-84.0786630158171,33.4255238528416],[-84.0769873739446,33.4257023835981],[-84.0749480814686,33.4257678451584],[-84.0722314026746,33.4248573325242],[-84.0673613444652,33.4248394796661],[-84.0675467351803,33.430469029138],[-84.0673969968022,33.4359197026187],[-84.0673756061187,33.4365028326291],[-84.067019086342,33.4373418197278],[-84.0666554357386,33.4429408079511],[-84.0667980441882,33.4441684521053],[-84.0653434435712,33.4479365535826],[-84.0646589273247,33.451030243004],[-84.061502540267,33.4507684726926],[-84.061369438688,33.4518472751615]]},"properties":{"OBJECTID_1":32056,"OBJECTID":45748,"ID":"134801","TYPE":"AC; OVERHEAD","STATUS":"IN SERVICE","NAICS_CODE":"221121","NAICS_DESC":"ELECTRIC BULK POWER TRANSMISSION AND CONTROL","SOURCE":"IMAGERY, EIA 861, EIA 860","SOURCEDATE":1406764800000,"VAL_METHOD":"IMAGERY","VAL_DATE":1513296000000,"OWNER":"GEORGIA POWER CO","VOLTAGE":115,"VOLT_CLASS":"100-161","INFERRED":"Y","SUB_1":"UNKNOWN116028","SUB_2":"UNKNOWN116030","SHAPE__Len":15194.8079826458,"GlobalID":"ddf9bbca-26cb-43ff-bc67-f4c39757cd24","Shape__Length":15194.808289030687}},{"type":"Feature","id":32074,"geometry":{"type":"LineString","coordinates":[[-84.6136692907793,33.5328088799063],[-84.6183112658397,33.5344697897455],[-84.6214011021078,33.5368669949015],[-84.6215199420334,33.5402942864906],[-84.6299100361071,33.5484360370874],[-84.632049153869,33.551407287824],[-84.6385378109304,33.561964304639],[-84.6415801110486,33.5665788806918],[-84.6457870418984,33.5681434238227],[-84.6463790002296,33.5689739997463]]},"properties":{"OBJECTID_1":32074,"OBJECTID":45787,"ID":"134853","TYPE":"AC; OVERHEAD","STATUS":"IN SERVICE","NAICS_CODE":"221121","NAICS_DESC":"ELECTRIC BULK POWER TRANSMISSION AND CONTROL","SOURCE":"IMAGERY, EIA 861, EIA 860","SOURCEDATE":1403654400000,"VAL_METHOD":"IMAGERY","VAL_DATE":1509580800000,"OWNER":"GEORGIA POWER CO","VOLTAGE":115,"VOLT_CLASS":"100-161","INFERRED":"Y","SUB_1":"UNKNOWN113569","SUB_2":"TAP142199","SHAPE__Len":6316.1912786023,"GlobalID":"4fdecec1-d510-439a-82a1-6999019640f5","Shape__Length":6316.191274802269}},{"type":"Feature","id":32081,"geometry":{"type":"LineString","coordinates":[[-84.4778294033324,33.6515912599943],[-84.4775515166858,33.6479384621692],[-84.4774089091345,33.6474339217209],[-84.4771949978074,33.6469649939096],[-84.4749097070808,33.643997032761],[-84.472609577084,33.6405769736045],[-84.4686593398267,33.6351114847439],[-84.4670977839953,33.6329485430595],[-84.4654601705037,33.6306153548777],[-84.4644079998625,33.6302779995096]]},"properties":{"OBJECTID_1":32081,"OBJECTID":45800,"ID":"134877","TYPE":"AC; OVERHEAD","STATUS":"IN SERVICE","NAICS_CODE":"221121","NAICS_DESC":"ELECTRIC BULK POWER TRANSMISSION AND CONTROL","SOURCE":"IMAGERY, EIA 861, EIA 860","SOURCEDATE":1401926400000,"VAL_METHOD":"IMAGERY","VAL_DATE":1513641600000,"OWNER":"GEORGIA POWER CO","VOLTAGE":115,"VOLT_CLASS":"100-161","INFERRED":"Y","SUB_1":"UNKNOWN111555","SUB_2":"TAP142588","SHAPE__Len":3298.48332198365,"GlobalID":"55dbbbf9-b781-4a3d-8805-108020bc15d5","Shape__Length":3298.4833397993452}},{"type":"Feature","id":32146,"geometry":{"type":"LineString","coordinates":[[-84.8965182561817,33.4612738746781],[-84.8962834778889,33.4614747374566],[-84.8948338000396,33.4607498000627],[-84.8908915002961,33.4588176997365],[-84.8880618996776,33.4592790995124],[-84.8853252998439,33.4598827997444],[-84.8814040997297,33.4604744995797],[-84.8766933002439,33.4611900999038],[-84.8711149994847,33.4620200994887],[-84.866380899497,33.4629039994352],[-84.8611007001733,33.4638651000944],[-84.8569328999373,33.4646189996706],[-84.8519865002001,33.4655401995137],[-84.8463885002851,33.466575300125],[-84.8410159002513,33.4675547999015],[-84.8385183996068,33.4680154000587],[-84.8356051999713,33.4685528001592],[-84.8329447000185,33.4690539001816],[-84.8297927003328,33.4700921001097],[-84.8283614999305,33.4705552997556],[-84.8251150998848,33.4716247995285],[-84.8230205996465,33.4723315998169],[-84.8206182997609,33.4731256997219],[-84.8175051998218,33.4740494999457],[-84.8158581998338,33.4745472000246],[-84.8130750996077,33.4753782998145],[-84.80854240011,33.4767266995633],[-84.8044872001016,33.4780436998876],[-84.8025832001957,33.4786603997549],[-84.8004258996341,33.47936319999],[-84.7972332996908,33.4803889000919],[-84.7936315000675,33.4815694000996],[-84.7888204997999,33.4831363000284],[-84.7850346003406,33.4843565001443],[-84.7808743001389,33.4857037000119],[-84.7773072994532,33.48684170005],[-84.7749304003305,33.4876409997601],[-84.7705892000918,33.4890833994555],[-84.7660066997915,33.4899357001703],[-84.7600565000979,33.4910974996553],[-84.7541602999328,33.492248700178],[-84.7496888996735,33.4930744999446],[-84.7465598995539,33.4936831001477],[-84.7442242995781,33.494132999982],[-84.7400003995526,33.4949429000929],[-84.7377854002004,33.4953741999167],[-84.7349133999988,33.495943200068],[-84.7325237995964,33.4964062997008],[-84.7272947997523,33.4974259998222],[-84.7225571002152,33.4983496997063],[-84.7186474003334,33.4991805995821],[-84.7141284001438,33.5001492000034],[-84.711868999762,33.5006386996817],[-84.7102821994744,33.5009800998359],[-84.7039035995101,33.5022794000755],[-84.6992917997584,33.5032158998732],[-84.6968284997734,33.5037300996979],[-84.694543599814,33.5041984999424],[-84.692528499867,33.5045848000168],[-84.689339200334,33.5052410995285],[-84.6860809003057,33.5060071000869],[-84.6831864000012,33.5059391995488],[-84.680295399533,33.505883599717],[-84.6760875002993,33.5058015998623],[-84.6727046003479,33.5058333000702],[-84.6701722001546,33.5058544994514],[-84.6665277000127,33.5059331001078],[-84.6621926999461,33.5066151000299],[-84.6561990999462,33.5075838996404],[-84.6537174994823,33.5079860998517],[-84.6512042001669,33.5083961996031],[-84.6476942999938,33.5089519000388],[-84.6440670996076,33.5103965999101],[-84.6415677547218,33.5113740515081],[-84.6404271997382,33.5118200994675],[-84.6362129000082,33.5134869997748],[-84.6324967996465,33.5149501997087],[-84.6312400996831,33.5154290995436],[-84.6274931996836,33.5167078998551],[-84.6268558997867,33.516932399652],[-84.6251078995164,33.5178940999068],[-84.6239561865586,33.5182864756087],[-84.623533832848,33.5177451488428]]},"properties":{"OBJECTID_1":32146,"OBJECTID":45908,"ID":"134985","TYPE":"AC; OVERHEAD","STATUS":"IN SERVICE","NAICS_CODE":"221121","NAICS_DESC":"ELECTRIC BULK POWER TRANSMISSION AND CONTROL","SOURCE":"IMAGERY, OpenStreetMap, http://www.psc.state.fl.us/publications/pdf/electricgas/transmissionreport2007.pdf, EIA 861","SOURCEDATE":1397088000000,"VAL_METHOD":"IMAGERY","VAL_DATE":1509580800000,"OWNER":"GEORGIA POWER CO","VOLTAGE":230,"VOLT_CLASS":"220-287","INFERRED":"Y","SUB_1":"UNKNOWN113566","SUB_2":"YATES","SHAPE__Len":31767.355317106,"GlobalID":"37a66fc9-9623-4cfe-85b0-3899727d3a00","Shape__Length":31767.35527720085}},{"type":"Feature","id":32149,"geometry":{"type":"LineString","coordinates":[[-84.4121281326216,33.5754552086349],[-84.4143766858463,33.5754444071658],[-84.4143970003482,33.5764859995089],[-84.4145349995421,33.5772070001207],[-84.4149644670115,33.5781271954817],[-84.4167520003408,33.5814610000369],[-84.4176159999811,33.5830879998221],[-84.4173688087677,33.5849550315188],[-84.4174876486933,33.5851371947426],[-84.4177158216738,33.5850263124357],[-84.4178917046199,33.585113434474]]},"properties":{"OBJECTID_1":32149,"OBJECTID":45912,"ID":"134992","TYPE":"AC; OVERHEAD","STATUS":"IN SERVICE","NAICS_CODE":"221121","NAICS_DESC":"ELECTRIC BULK POWER TRANSMISSION AND CONTROL","SOURCE":"IMAGERY, EIA 861, EIA 860","SOURCEDATE":1406851200000,"VAL_METHOD":"IMAGERY","VAL_DATE":1513296000000,"OWNER":"GEORGIA POWER CO","VOLTAGE":115,"VOLT_CLASS":"100-161","INFERRED":"Y","SUB_1":"UNKNOWN116038","SUB_2":"TAP142627","SHAPE__Len":1675.46471807435,"GlobalID":"f0c174ac-c14a-4ac2-a4e3-7c7b8eb4ab89","Shape__Length":1675.464702896954}},{"type":"Feature","id":32272,"geometry":{"type":"LineString","coordinates":[[-84.3952094745629,33.9662122826716],[-84.3957776652683,33.9662999775067],[-84.3971839068787,33.9662460736466],[-84.4013857487724,33.9659306104752],[-84.4050537955546,33.9659059579858],[-84.4169558415535,33.965822178657],[-84.4195645671049,33.9658271070743],[-84.4201171217345,33.9658643588959]]},"properties":{"OBJECTID_1":32272,"OBJECTID":46648,"ID":"135808","TYPE":"AC; OVERHEAD","STATUS":"IN SERVICE","NAICS_CODE":"221121","NAICS_DESC":"ELECTRIC BULK POWER TRANSMISSION AND CONTROL","SOURCE":"IMAGERY, EIA 861, EIA 860","SOURCEDATE":1408060800000,"VAL_METHOD":"IMAGERY","VAL_DATE":1512950400000,"OWNER":"GEORGIA POWER CO","VOLTAGE":230,"VOLT_CLASS":"220-287","INFERRED":"Y","SUB_1":"UNKNOWN116276","SUB_2":"UNKNOWN116277","SHAPE__Len":2776.1369251419,"GlobalID":"e316561a-0e33-412a-bd20-33e9abc37901","Shape__Length":2776.136938311643}},{"type":"Feature","id":32296,"geometry":{"type":"LineString","coordinates":[[-84.1264480295832,33.6380134160893],[-84.1259819045621,33.6381580724964],[-84.1248225999419,33.6384333997457],[-84.1222675999327,33.6391593001559],[-84.120270499529,33.6394027000407],[-84.1170580001055,33.6397421997408],[-84.114441000172,33.6400272996879],[-84.1124445995559,33.6402500998557],[-84.1097114995585,33.6405326994741],[-84.1063650999537,33.6408845996554],[-84.1035068996715,33.6411993996553],[-84.1012412003029,33.6414298998127],[-84.0992405003499,33.641652999984],[-84.0975523997427,33.6433854999153],[-84.0958495002895,33.6451278999608],[-84.0948371995756,33.6461688996762],[-84.0932473998134,33.6477872997864],[-84.0919790999047,33.6490710999818],[-84.0901242001156,33.6509670994389],[-84.0891507003338,33.6519459998894],[-84.0879329998302,33.6531826999688],[-84.0860096996204,33.655157899978],[-84.0845031997361,33.6566620994879],[-84.0832617001656,33.6579308995883],[-84.0817819997212,33.6594350999749],[-84.0804779998649,33.6607063998669],[-84.0793687996779,33.6621239001527],[-84.0789712996563,33.6625980000829]]},"properties":{"OBJECTID_1":32296,"OBJECTID":46691,"ID":"135853","TYPE":"AC; OVERHEAD","STATUS":"IN SERVICE","NAICS_CODE":"221121","NAICS_DESC":"ELECTRIC BULK POWER TRANSMISSION AND CONTROL","SOURCE":"IMAGERY, OpenStreetMap, http://www.psc.state.fl.us/publications/pdf/electricgas/transmissionreport2007.pdf, EIA 861","SOURCEDATE":1397088000000,"VAL_METHOD":"IMAGERY","VAL_DATE":1444262400000,"OWNER":"GEORGIA POWER CO","VOLTAGE":230,"VOLT_CLASS":"220-287","INFERRED":"Y","SUB_1":"UNKNOWN115872","SUB_2":"KLONDIKE","SHAPE__Len":6673.39594786523,"GlobalID":"17c536c2-9fb9-4bdb-9832-78bca1f24123","Shape__Length":6673.395918838207}},{"type":"Feature","id":32322,"geometry":{"type":"LineString","coordinates":[[-84.4454399998748,33.8158509994446],[-84.4464869998132,33.8155860000485],[-84.4551910002815,33.8156319998308],[-84.4573909995651,33.8156280001428],[-84.459775999695,33.8165380001054],[-84.4638310002775,33.8132769998162],[-84.4656199008427,33.8132074664447],[-84.4664410185045,33.8142582680262],[-84.4670970150374,33.8153957178835],[-84.4681950958778,33.8171492570598],[-84.4685979633332,33.8177831286998],[-84.4690656855589,33.8186519691481],[-84.4710128441244,33.8217975506913],[-84.4721403340105,33.8240040228605],[-84.4731693281174,33.8252334405791],[-84.4730357010239,33.8253138596464],[-84.4728720001313,33.8257419998701]]},"properties":{"OBJECTID_1":32322,"OBJECTID":46733,"ID":"165999","TYPE":"AC; OVERHEAD","STATUS":"IN SERVICE","NAICS_CODE":"221121","NAICS_DESC":"ELECTRIC BULK POWER TRANSMISSION AND CONTROL","SOURCE":"IMAGERY, EIA 861, EIA 860","SOURCEDATE":1401840000000,"VAL_METHOD":"IMAGERY","VAL_DATE":1553644800000,"OWNER":"GEORGIA POWER CO","VOLTAGE":115,"VOLT_CLASS":"100-161","INFERRED":"Y","SUB_1":"UNKNOWN111548","SUB_2":"TAP160949","SHAPE__Len":4355.06307441125,"GlobalID":"e3e9b898-9399-4e23-a314-78e1762285de","Shape__Length":4355.063126353592}},{"type":"Feature","id":32463,"geometry":{"type":"LineString","coordinates":[[-84.1268330708702,33.5921956991487],[-84.1265692473494,33.5922194567186],[-84.1264052482162,33.5923263698174]]},"properties":{"OBJECTID_1":32463,"OBJECTID":46953,"ID":"136142","TYPE":"AC; OVERHEAD","STATUS":"IN SERVICE","NAICS_CODE":"221121","NAICS_DESC":"ELECTRIC BULK POWER TRANSMISSION AND CONTROL","SOURCE":"IMAGERY, EIA 861","SOURCEDATE":1406851200000,"VAL_METHOD":"IMAGERY","VAL_DATE":1495411200000,"OWNER":"GEORGIA POWER CO","VOLTAGE":230,"VOLT_CLASS":"220-287","INFERRED":"Y","SUB_1":"UNKNOWN116039","SUB_2":"TAP142209","SHAPE__Len":52.7223454783396,"GlobalID":"2bbf2b96-6fa9-46a6-b99b-a023e469d400","Shape__Length":52.72230608805549}},{"type":"Feature","id":32566,"geometry":{"type":"LineString","coordinates":[[-84.5505249766084,33.7917381889988],[-84.5500115876269,33.7921292919769],[-84.5497905454731,33.7931900015081],[-84.5461326550435,33.7931366697783],[-84.546039959686,33.7965498170816],[-84.5372054052607,33.7964076048922],[-84.5272585083417,33.7962713190776],[-84.5235792263303,33.7962002131544],[-84.5151439721505,33.7960876275353],[-84.5137250238704,33.7951810187775],[-84.512413031703,33.7936344285604],[-84.5108499999396,33.7929499995038],[-84.5086508648353,33.7919325066534],[-84.5074317431969,33.7923601756485],[-84.5068899997918,33.7917579996622]]},"properties":{"OBJECTID_1":32566,"OBJECTID":49599,"ID":"168104","TYPE":"AC; OVERHEAD","STATUS":"IN SERVICE","NAICS_CODE":"221121","NAICS_DESC":"ELECTRIC BULK POWER TRANSMISSION AND CONTROL","SOURCE":"IMAGERY, EIA 861, EIA 860","SOURCEDATE":1401840000000,"VAL_METHOD":"IMAGERY","VAL_DATE":1586736000000,"OWNER":"GEORGIA POWER CO","VOLTAGE":115,"VOLT_CLASS":"100-161","INFERRED":"Y","SUB_1":"UNKNOWN116538","SUB_2":"UNKNOWN172429","SHAPE__Len":5703.79329342747,"GlobalID":"5c2a0c6d-1149-4603-b9c7-c5219bcbf7dc","Shape__Length":5703.793166097019}},{"type":"Feature","id":32583,"geometry":{"type":"LineString","coordinates":[[-84.6067596041241,33.4891704848893],[-84.6068831970358,33.4866847389559],[-84.606868937179,33.482862814139],[-84.606921226315,33.4799526456653],[-84.6069307331857,33.4797147534426],[-84.6066299996865,33.4789370001596],[-84.6068569994672,33.4781759998173],[-84.6068430001218,33.4733529996254],[-84.6061869999957,33.4725729996923],[-84.6060790000406,33.4715319999828],[-84.6066883003484,33.4702897120091],[-84.6067596041241,33.4662529275965],[-84.606807140274,33.4626482130794],[-84.6069877771045,33.4619502534348],[-84.607092356275,33.4585515851334],[-84.6071589061662,33.4510597671785],[-84.6072207030712,33.4462962360378],[-84.607967999878,33.4447560001119],[-84.6079844686921,33.4426144886633],[-84.6072859998126,33.4422699995496]]},"properties":{"OBJECTID_1":32583,"OBJECTID":49623,"ID":"139398","TYPE":"AC; OVERHEAD","STATUS":"IN SERVICE","NAICS_CODE":"221121","NAICS_DESC":"ELECTRIC BULK POWER TRANSMISSION AND CONTROL","SOURCE":"IMAGERY, EIA 861, EIA 860","SOURCEDATE":1407888000000,"VAL_METHOD":"IMAGERY","VAL_DATE":1514937600000,"OWNER":"GEORGIA POWER CO","VOLTAGE":115,"VOLT_CLASS":"100-161","INFERRED":"Y","SUB_1":"TAP142603","SUB_2":"TAP142604","SHAPE__Len":6367.14493434366,"GlobalID":"89884cba-f719-4317-a86e-5e6cda271b48","Shape__Length":6367.144983537456}},{"type":"Feature","id":32662,"geometry":{"type":"LineString","coordinates":[[-84.6071676207227,34.0310040411612],[-84.6072266705796,34.0305579326233],[-84.6055534092426,34.0289900036662],[-84.6023778736964,34.026015456616],[-84.5995826075864,34.0233480914844],[-84.5980094509114,34.0218433365514],[-84.5952035622231,34.01926756146],[-84.5921520660513,34.0204405854884],[-84.5912841380783,34.0209410177349],[-84.5900136085512,34.0220218836008],[-84.5834186619271,34.0218797388651],[-84.5835155847564,34.0199246075529],[-84.5804357817717,34.0196635196477],[-84.5801505657707,34.0143837619611],[-84.5822896835326,34.0136745147951],[-84.5823075097011,34.0130637708594],[-84.5835553280212,34.0120737640653],[-84.5834186619271,34.0108719490163],[-84.5834272911437,34.0092977966768],[-84.5833449946839,34.0080357315906],[-84.5814560469489,34.0063866691255],[-84.5810478066697,34.0060201876686]]},"properties":{"OBJECTID_1":32662,"OBJECTID":49727,"ID":"139539","TYPE":"AC; OVERHEAD","STATUS":"IN SERVICE","NAICS_CODE":"221121","NAICS_DESC":"ELECTRIC BULK POWER TRANSMISSION AND CONTROL","SOURCE":"IMAGERY, EIA 861, EIA 860","SOURCEDATE":1408320000000,"VAL_METHOD":"IMAGERY","VAL_DATE":1514937600000,"OWNER":"GEORGIA POWER CO","VOLTAGE":115,"VOLT_CLASS":"100-161","INFERRED":"Y","SUB_1":"UNKNOWN115916","SUB_2":"UNKNOWN115917","SHAPE__Len":6275.8107468767,"GlobalID":"4c2dab8b-7c75-4a6d-aea2-4694037ffa21","Shape__Length":6275.810846012602}},{"type":"Feature","id":32701,"geometry":{"type":"LineString","coordinates":[[-84.1240324813438,33.8272657380054],[-84.1273421712946,33.8257108427024],[-84.1300279516361,33.824486650531],[-84.1507298573273,33.8252468367971],[-84.1545089637264,33.8254837758528],[-84.1563450402171,33.8259675257544],[-84.1582286519593,33.8256861615848],[-84.1608015347309,33.8257404595865],[-84.1673912055493,33.8237412681594],[-84.1708494463053,33.8226750140177],[-84.1720913222698,33.82369190478]]},"properties":{"OBJECTID_1":32701,"OBJECTID":49787,"ID":"139626","TYPE":"AC; OVERHEAD","STATUS":"IN SERVICE","NAICS_CODE":"221121","NAICS_DESC":"ELECTRIC BULK POWER TRANSMISSION AND CONTROL","SOURCE":"IMAGERY, EIA 861, EIA 860","SOURCEDATE":1407283200000,"VAL_METHOD":"IMAGERY","VAL_DATE":1514851200000,"OWNER":"GEORGIA POWER CO","VOLTAGE":115,"VOLT_CLASS":"100-161","INFERRED":"Y","SUB_1":"UNKNOWN116179","SUB_2":"TAP142234","SHAPE__Len":5592.61120868778,"GlobalID":"e79a4ab9-f256-45ac-bbe6-9e202757a449","Shape__Length":5592.611196441088}},{"type":"Feature","id":32864,"geometry":{"type":"LineString","coordinates":[[-84.2434225738181,33.9096761300386],[-84.2429789596797,33.9091348741762],[-84.2432170545525,33.9089529990115],[-84.245188648192,33.9074469338573],[-84.2468451209146,33.906025995528],[-84.2513310738815,33.9019822325698],[-84.2547354076357,33.8991812695098],[-84.258574009456,33.8959457696019],[-84.2683604088748,33.8877975030901],[-84.2704564227744,33.8860482280148],[-84.2706932393446,33.8858501084462],[-84.272519906881,33.8843149066941],[-84.2769942697841,33.8805125589131],[-84.2795895772001,33.878350009643],[-84.2801244556798,33.8778898955604],[-84.2803187594791,33.8780240801266],[-84.2798873705134,33.878466092898],[-84.2801963541402,33.8786880847444]]},"properties":{"OBJECTID_1":32864,"OBJECTID":47547,"ID":"136850","TYPE":"AC; OVERHEAD","STATUS":"IN SERVICE","NAICS_CODE":"221121","NAICS_DESC":"ELECTRIC BULK POWER TRANSMISSION AND CONTROL","SOURCE":"IMAGERY, EIA 861","SOURCEDATE":1407369600000,"VAL_METHOD":"IMAGERY","VAL_DATE":1493078400000,"OWNER":"GEORGIA POWER CO","VOLTAGE":230,"VOLT_CLASS":"220-287","INFERRED":"Y","SUB_1":"UNKNOWN116083","SUB_2":"UNKNOWN116566","SHAPE__Len":6125.56157858273,"GlobalID":"cdb01971-e0a8-44d8-906a-f20641d9ebf2","Shape__Length":6125.561676690036}},{"type":"Feature","id":32997,"geometry":{"type":"LineString","coordinates":[[-84.6099397363496,33.9320678430334],[-84.6099392782088,33.9319846885171],[-84.6099435443081,33.9318589120048]]},"properties":{"OBJECTID_1":32997,"OBJECTID":47746,"ID":"137108","TYPE":"AC; OVERHEAD","STATUS":"IN SERVICE","NAICS_CODE":"221121","NAICS_DESC":"ELECTRIC BULK POWER TRANSMISSION AND CONTROL","SOURCE":"IMAGERY, OpenStreetMap, EIA 861, EIA 860","SOURCEDATE":1408320000000,"VAL_METHOD":"IMAGERY","VAL_DATE":1512950400000,"OWNER":"GEORGIA POWER CO","VOLTAGE":230,"VOLT_CLASS":"220-287","INFERRED":"Y","SUB_1":"TAP142244","SUB_2":"TAP142245","SHAPE__Len":28.0386932925492,"GlobalID":"df999fe3-4138-4972-af88-190a77e263fb","Shape__Length":28.03869753862336}},{"type":"Feature","id":33014,"geometry":{"type":"LineString","coordinates":[[-84.5114880139971,33.6854069996989],[-84.5112227926977,33.6855419369044],[-84.5094069202161,33.6833110408968],[-84.5084276793012,33.6816457414933],[-84.5068699997003,33.6789299994675],[-84.5048814979705,33.67698194258],[-84.5045677595609,33.6761670369923],[-84.5039925745727,33.6753877275123],[-84.5023620919078,33.673896337814]]},"properties":{"OBJECTID_1":33014,"OBJECTID":47775,"ID":"137144","TYPE":"AC; OVERHEAD","STATUS":"IN SERVICE","NAICS_CODE":"221121","NAICS_DESC":"ELECTRIC BULK POWER TRANSMISSION AND CONTROL","SOURCE":"IMAGERY, EIA 861, EIA 860","SOURCEDATE":1408492800000,"VAL_METHOD":"IMAGERY","VAL_DATE":1513641600000,"OWNER":"GEORGIA POWER CO","VOLTAGE":115,"VOLT_CLASS":"100-161","INFERRED":"Y","SUB_1":"UNKNOWN113570","SUB_2":"TAP142624","SHAPE__Len":1894.07896959896,"GlobalID":"5039c232-45f2-4bc1-86e6-3d336180ed18","Shape__Length":1894.078986613892}},{"type":"Feature","id":33035,"geometry":{"type":"LineString","coordinates":[[-84.5354743831493,33.9616517025419],[-84.5354281540481,33.9620767225084],[-84.5347935499954,33.9621062928194],[-84.5346543874832,33.9623810954986],[-84.5346187360445,33.9637166596852],[-84.5337512051269,33.9637018748109],[-84.5328836742092,33.9643770411636],[-84.5305187613074,33.9699703647588],[-84.5285163087413,33.9747059219202],[-84.5267099431303,33.978845006759],[-84.524475753967,33.984097412538],[-84.5186407155979,33.9839249660005],[-84.5148021892361,33.9846443140149],[-84.5145763931978,33.9872506710885],[-84.5091216431296,33.9879059426624],[-84.509216714531,33.9885710626371],[-84.5078975933336,33.9887139394441],[-84.5079154186037,33.9916748897524],[-84.5084739658946,33.9917389359491],[-84.5091038169611,33.9917734221135]]},"properties":{"OBJECTID_1":33035,"OBJECTID":47815,"ID":"137183","TYPE":"AC; OVERHEAD","STATUS":"IN SERVICE","NAICS_CODE":"221121","NAICS_DESC":"ELECTRIC BULK POWER TRANSMISSION AND CONTROL","SOURCE":"IMAGERY, EIA 861, EIA 860","SOURCEDATE":1408060800000,"VAL_METHOD":"IMAGERY","VAL_DATE":1514937600000,"OWNER":"GEORGIA POWER CO","VOLTAGE":115,"VOLT_CLASS":"100-161","INFERRED":"Y","SUB_1":"UNKNOWN116271","SUB_2":"UNKNOWN116279","SHAPE__Len":6205.15005208564,"GlobalID":"66d17234-168e-4c5a-bc59-30f8c49950fd","Shape__Length":6205.149970229242}},{"type":"Feature","id":33151,"geometry":{"type":"LineString","coordinates":[[-84.3316707209305,33.4850165537676],[-84.3229021001522,33.4849399510273],[-84.3121231422945,33.4847971827825],[-84.3021710459266,33.4846960554768],[-84.2964688935409,33.4845786069197],[-84.2968724760554,33.4858858649649],[-84.2971181086917,33.4866850970771],[-84.2975593126502,33.4881200117515],[-84.2980166135203,33.4896132130239],[-84.2985322150524,33.4912903169171],[-84.2990788111567,33.4930763039034],[-84.2995738152176,33.4946816174946],[-84.3000172389132,33.4961350978496],[-84.3004641336991,33.4976113815286],[-84.3008696790324,33.4989356010101],[-84.3012856915354,33.5002542434847],[-84.3018116542359,33.5019886455385],[-84.3021691307184,33.5031752728497],[-84.3025369162671,33.5043676216511],[-84.303110989141,33.506250634498],[-84.3035509767806,33.5076493960122],[-84.3040219329414,33.5091800796383],[-84.3044619098012,33.510638901098],[-84.3049224940137,33.5121091529801],[-84.3053832120751,33.5136196118034],[-84.3062654178713,33.5164732309849],[-84.3068383265285,33.5183598598851],[-84.3073659978248,33.5200778647318],[-84.3078018172815,33.5214820277558],[-84.308309547775,33.5231589305753],[-84.308829234845,33.5248733885282],[-84.3092375469894,33.5262087278726],[-84.3096386501536,33.527544036863],[-84.3102681257244,33.5296066570478],[-84.3108175218774,33.5314019444456],[-84.3113008002289,33.5330002998174],[-84.3116514001079,33.5342558994824],[-84.3118841473098,33.535089025154],[-84.312152747173,33.5350270067166]]},"properties":{"OBJECTID_1":33151,"OBJECTID":47998,"ID":"137398","TYPE":"AC; OVERHEAD","STATUS":"IN SERVICE","NAICS_CODE":"221121","NAICS_DESC":"ELECTRIC BULK POWER TRANSMISSION AND CONTROL","SOURCE":"IMAGERY, OpenStreetMap, EIA 861, EIA 860","SOURCEDATE":1397088000000,"VAL_METHOD":"IMAGERY","VAL_DATE":1513296000000,"OWNER":"GEORGIA POWER CO","VOLTAGE":115,"VOLT_CLASS":"100-161","INFERRED":"Y","SUB_1":"UNKNOWN116019","SUB_2":"TAP155942","SHAPE__Len":10908.8010420956,"GlobalID":"5bbb25c6-454c-4a0b-bb96-b0c4db190469","Shape__Length":10908.801137371594}},{"type":"Feature","id":33266,"geometry":{"type":"LineString","coordinates":[[-84.5337477591895,33.9581645217469],[-84.5339629218697,33.9577075201004],[-84.5336876502188,33.9573031946358],[-84.5330469582835,33.9565503405813],[-84.5262375119359,33.9496207880744],[-84.5244393066209,33.947710807014],[-84.5200648794965,33.9419518707396],[-84.5151878449707,33.9352950240265],[-84.5097915869055,33.9284413915908],[-84.5088139530768,33.9272737695161],[-84.4945277890936,33.9224801268482],[-84.4906503656799,33.9211466818332],[-84.4900788107838,33.9175444759108],[-84.4892832124625,33.9116816381573],[-84.4880082138168,33.9109520634958],[-84.487131450913,33.9099973655617],[-84.4874384726192,33.9085322407113],[-84.4832953535956,33.9053399970266],[-84.4834420017691,33.9038997235312],[-84.4834885982812,33.9029931010753],[-84.4858238012017,33.9016437621615],[-84.4874187932263,33.9008906165238],[-84.4885763030126,33.900160822002],[-84.4887894687379,33.9003806018381],[-84.4893551279909,33.9008211290981]]},"properties":{"OBJECTID_1":33266,"OBJECTID":49161,"ID":"138810","TYPE":"AC; OVERHEAD","STATUS":"IN SERVICE","NAICS_CODE":"221121","NAICS_DESC":"ELECTRIC BULK POWER TRANSMISSION AND CONTROL","SOURCE":"IMAGERY, EIA 861, EIA 860","SOURCEDATE":1408060800000,"VAL_METHOD":"IMAGERY","VAL_DATE":1514937600000,"OWNER":"GEORGIA POWER CO","VOLTAGE":115,"VOLT_CLASS":"100-161","INFERRED":"Y","SUB_1":"UNKNOWN116280","SUB_2":"UNKNOWN116281","SHAPE__Len":10770.8810027879,"GlobalID":"19d70006-0bf8-47e8-a54d-98988e959ba1","Shape__Length":10770.880927104188}},{"type":"Feature","id":33285,"geometry":{"type":"LineString","coordinates":[[-84.2140847635503,33.7037410625023],[-84.2140609959245,33.7040327136365],[-84.2138530260548,33.7044281716251],[-84.2151721481506,33.7050905601257],[-84.2163308365266,33.7060297568146],[-84.2182085068115,33.7069837740784],[-84.2188561840465,33.7070776919898],[-84.21963458502,33.7071320659425],[-84.2195929912257,33.7080514685896],[-84.2201990746665,33.7088818895568],[-84.2212389240152,33.7107700775384],[-84.2216905151933,33.7117388699282],[-84.2221718154546,33.7127669640622],[-84.2238712267495,33.713617109874],[-84.2249289004701,33.7145710421069],[-84.2266342532223,33.7160686444999],[-84.2279593176737,33.7175662215186],[-84.2295814819391,33.7195629499933],[-84.2311442262416,33.7213322897153],[-84.2331942140593,33.7231707818358],[-84.2341687010896,33.7242679285584],[-84.2346856536879,33.7252711626002],[-84.23532144711,33.7267142175659],[-84.23520854954,33.7273171308301],[-84.2344063800425,33.7288985214435],[-84.2344479738367,33.7299165274942],[-84.2343826115184,33.7325899685907],[-84.2344063800425,33.7356586420377],[-84.2352323171658,33.7356833491116],[-84.2354284032227,33.7356932310426]]},"properties":{"OBJECTID_1":33285,"OBJECTID":49187,"ID":"138842","TYPE":"AC; OVERHEAD","STATUS":"IN SERVICE","NAICS_CODE":"221121","NAICS_DESC":"ELECTRIC BULK POWER TRANSMISSION AND CONTROL","SOURCE":"IMAGERY, EIA 861, EIA 860","SOURCEDATE":1408406400000,"VAL_METHOD":"IMAGERY","VAL_DATE":1514937600000,"OWNER":"GEORGIA POWER CO","VOLTAGE":230,"VOLT_CLASS":"220-287","INFERRED":"Y","SUB_1":"UNKNOWN116604","SUB_2":"UNKNOWN116606","SHAPE__Len":5407.25523017605,"GlobalID":"0f919bb4-bbb5-46c7-b1a4-1d0340bab9b8","Shape__Length":5407.25532627505}},{"type":"Feature","id":33379,"geometry":{"type":"LineString","coordinates":[[-84.5403974428587,33.8948928027451],[-84.5400611270911,33.8949401519755],[-84.540037358567,33.8978994326757],[-84.543673858313,33.907220495841],[-84.544696872335,33.9094890701241]]},"properties":{"OBJECTID_1":33379,"OBJECTID":49325,"ID":"139055","TYPE":"AC; OVERHEAD","STATUS":"IN SERVICE","NAICS_CODE":"221121","NAICS_DESC":"ELECTRIC BULK POWER TRANSMISSION AND CONTROL","SOURCE":"IMAGERY, EIA 861, EIA 860","SOURCEDATE":1408320000000,"VAL_METHOD":"IMAGERY","VAL_DATE":1514937600000,"OWNER":"GEORGIA POWER CO","VOLTAGE":115,"VOLT_CLASS":"100-161","INFERRED":"Y","SUB_1":"UNKNOWN116285","SUB_2":"TAP142616","SHAPE__Len":2073.82286576789,"GlobalID":"9d5ca47e-6321-4eb1-86e5-3962f07bce9d","Shape__Length":2073.8228887020873}},{"type":"Feature","id":33441,"geometry":{"type":"LineString","coordinates":[[-84.4985071317661,33.7490536296604],[-84.498161269602,33.7495530988727],[-84.4973932163222,33.7518817897921],[-84.4968020359321,33.7538592276013],[-84.4954683871798,33.7566158021481],[-84.4944622605868,33.7606994994777],[-84.4944923802,33.7631990641666],[-84.496035842165,33.7651319144701],[-84.4961985881484,33.766991980962],[-84.4964318635597,33.7694562244541],[-84.4966894761287,33.7719299044561],[-84.4977914655388,33.7751401795933],[-84.4988704715525,33.7782341510067],[-84.4998986203446,33.7806428254379],[-84.5007054125726,33.7826065088855],[-84.501670240917,33.7848598759301],[-84.5024253243207,33.7865017375451],[-84.5033101145698,33.7885536817186],[-84.5047421180659,33.7919201369594],[-84.5046922058721,33.7950490646124],[-84.5045692561542,33.798136617984],[-84.5045318880349,33.799075008037],[-84.5044039877014,33.8019465107308],[-84.5042681309894,33.8053410391298],[-84.501374970073,33.807914911787],[-84.4991811619783,33.8098273541032],[-84.4956234040585,33.8127915517783],[-84.4937147059636,33.8143817325768],[-84.4904153358589,33.8170968888547],[-84.4866892929436,33.8201739409807],[-84.4843897288854,33.8220798149992],[-84.4792688242178,33.8218885330661],[-84.4774179479828,33.822293769591],[-84.4767799995024,33.8228379994786]]},"properties":{"OBJECTID_1":33441,"OBJECTID":49425,"ID":"139150","TYPE":"AC; OVERHEAD","STATUS":"IN SERVICE","NAICS_CODE":"221121","NAICS_DESC":"ELECTRIC BULK POWER TRANSMISSION AND CONTROL","SOURCE":"IMAGERY, EIA 860, OpenStreetMap","SOURCEDATE":1408060800000,"VAL_METHOD":"IMAGERY","VAL_DATE":1513641600000,"OWNER":"GEORGIA POWER CO","VOLTAGE":230,"VOLT_CLASS":"220-287","INFERRED":"Y","SUB_1":"UNKNOWN111348","SUB_2":"JACK MCDONOUGH","SHAPE__Len":11847.6712297737,"GlobalID":"1f0ffbee-decf-4080-8f33-1cbc050b37a0","Shape__Length":11847.671296978282}},{"type":"Feature","id":33466,"geometry":{"type":"LineString","coordinates":[[-84.7332353955571,33.8596746137975],[-84.7332211357003,33.8585140691095]]},"properties":{"OBJECTID_1":33466,"OBJECTID":49461,"ID":"139202","TYPE":"AC; OVERHEAD","STATUS":"IN SERVICE","NAICS_CODE":"221121","NAICS_DESC":"ELECTRIC BULK POWER TRANSMISSION AND CONTROL","SOURCE":"IMAGERY, EIA 861, EIA 860","SOURCEDATE":1408320000000,"VAL_METHOD":"IMAGERY","VAL_DATE":1514937600000,"OWNER":"GEORGIA POWER CO","VOLTAGE":115,"VOLT_CLASS":"100-161","INFERRED":"Y","SUB_1":"UNKNOWN115922","SUB_2":"TAP142618","SHAPE__Len":155.583340230486,"GlobalID":"691210b3-fb4e-49eb-b5b6-bcb93fcd6d62","Shape__Length":155.5832982471582}},{"type":"Feature","id":33507,"geometry":{"type":"LineString","coordinates":[[-84.2018365122308,33.8979318176647],[-84.2016820199682,33.8981882837057],[-84.2020741920819,33.8992585276244],[-84.2023950595216,33.9000575025794],[-84.2031199828879,33.9018527046584],[-84.2038567900671,33.903672526784],[-84.2028050569055,33.9044911875062],[-84.2037736015802,33.9056994381215],[-84.2044688149651,33.9072183561137],[-84.2059483716791,33.9094917517945],[-84.2059067778848,33.9102906315938],[-84.2061266306691,33.9105470604579],[-84.2070951762422,33.9116467370735],[-84.2074754636446,33.9129584406635],[-84.2079924171412,33.9131014444722],[-84.2087648757591,33.9154387868852],[-84.2093887862666,33.9173865226368],[-84.2100661725847,33.9192454598143],[-84.2103216786043,33.919994940466],[-84.2114684831674,33.9220411859657],[-84.2113555846991,33.9228054325148],[-84.2117715253369,33.9251227878836],[-84.2119379005141,33.9261581808635],[-84.2123300717294,33.9268730874882],[-84.212734127656,33.9274893821293],[-84.2146177402966,33.9301813029055],[-84.214938606838,33.9306841799856],[-84.2151204923268,33.9316312360106],[-84.2145970107731,33.9316252867384],[-84.2143174236156,33.9319286677865],[-84.2137904476155,33.9324796671368]]},"properties":{"OBJECTID_1":33507,"OBJECTID":48530,"ID":"138046","TYPE":"AC; OVERHEAD","STATUS":"IN SERVICE","NAICS_CODE":"221121","NAICS_DESC":"ELECTRIC BULK POWER TRANSMISSION AND CONTROL","SOURCE":"IMAGERY, EIA 861","SOURCEDATE":1407456000000,"VAL_METHOD":"IMAGERY","VAL_DATE":1493078400000,"OWNER":"GEORGIA POWER CO","VOLTAGE":230,"VOLT_CLASS":"220-287","INFERRED":"Y","SUB_1":"UNKNOWN116243","SUB_2":"NORCROSS","SHAPE__Len":5153.30735386951,"GlobalID":"b05026e1-85c4-4322-bdea-789b8d5778c7","Shape__Length":5153.307622545297}},{"type":"Feature","id":33510,"geometry":{"type":"LineString","coordinates":[[-84.5471129999878,33.7473670000826],[-84.5470310898035,33.7471938506349],[-84.5473730002788,33.7466249998399],[-84.545829000223,33.7462989998134],[-84.544134999481,33.7468889996453],[-84.5430209995955,33.7471599997687],[-84.542203410516,33.7472321898862],[-84.5403641728539,33.744347932025],[-84.5351585417836,33.744337502814],[-84.5352445518788,33.7403931346299],[-84.527401121283,33.7401856065312],[-84.5231371465143,33.7381458750078],[-84.5180816984882,33.7357325249303],[-84.5104829995185,33.7356889997714],[-84.5102900000729,33.7377999994478],[-84.5094182731246,33.737991706817],[-84.5045455002064,33.7380142998818],[-84.4997251439851,33.7449592509864],[-84.4988801931205,33.7476302469267],[-84.4985071317661,33.7490536296604]]},"properties":{"OBJECTID_1":33510,"OBJECTID":48533,"ID":"138061","TYPE":"AC; OVERHEAD","STATUS":"IN SERVICE","NAICS_CODE":"221121","NAICS_DESC":"ELECTRIC BULK POWER TRANSMISSION AND CONTROL","SOURCE":"IMAGERY, OpenStreetMap, EIA 861, EIA 860","SOURCEDATE":1397088000000,"VAL_METHOD":"IMAGERY","VAL_DATE":1513641600000,"OWNER":"GEORGIA POWER CO","VOLTAGE":230,"VOLT_CLASS":"220-287","INFERRED":"Y","SUB_1":"UNKNOWN111348","SUB_2":"UNKNOWN111349","SHAPE__Len":7737.66542981519,"GlobalID":"23f668cb-62d7-46c5-84de-6035a6cd28a3","Shape__Length":7737.665506989439}},{"type":"Feature","id":33553,"geometry":{"type":"LineString","coordinates":[[-84.4667749178041,33.8153476446078],[-84.4679170717889,33.8172558614518],[-84.468375999508,33.8175749998918]]},"properties":{"OBJECTID_1":33553,"OBJECTID":48593,"ID":"138124","TYPE":"AC; OVERHEAD","STATUS":"IN SERVICE","NAICS_CODE":"221121","NAICS_DESC":"ELECTRIC BULK POWER TRANSMISSION AND CONTROL","SOURCE":"IMAGERY, EIA 861, EIA 860","SOURCEDATE":1408060800000,"VAL_METHOD":"IMAGERY","VAL_DATE":1514937600000,"OWNER":"GEORGIA POWER CO","VOLTAGE":115,"VOLT_CLASS":"100-161","INFERRED":"Y","SUB_1":"UNKNOWN111551","SUB_2":"TAP142611","SHAPE__Len":352.165680135711,"GlobalID":"6074bb7d-dcc3-4907-9a97-24d9a7c7cce8","Shape__Length":352.1656745201351}},{"type":"Feature","id":33564,"geometry":{"type":"LineString","coordinates":[[-84.597968227223,33.8865273425726],[-84.598159629464,33.88631446682],[-84.5986137997053,33.8862475999546],[-84.5994187997943,33.8861627996346],[-84.5995803995274,33.88543260017],[-84.6080827587572,33.8795741341459],[-84.6100683921663,33.8781842840762],[-84.6107916006487,33.8776687294845],[-84.6116144278045,33.8771102040204],[-84.6155802319674,33.874384606172],[-84.6195625795046,33.8716336947818],[-84.621164651152,33.8705875098663],[-84.6223292818835,33.8697862845354],[-84.6237125778266,33.8688429606966],[-84.6237212995697,33.8685688997059],[-84.623728600178,33.8675003995315],[-84.6237900000277,33.8649286995844],[-84.6238188000157,33.8634530996405],[-84.6238713002559,33.8607563996642],[-84.6239217002349,33.858169800066],[-84.6239796002482,33.8551972000609],[-84.6239998994787,33.8548337997159]]},"properties":{"OBJECTID_1":33564,"OBJECTID":48618,"ID":"138153","TYPE":"AC; OVERHEAD","STATUS":"IN SERVICE","NAICS_CODE":"221121","NAICS_DESC":"ELECTRIC BULK POWER TRANSMISSION AND CONTROL","SOURCE":"IMAGERY, OpenStreetMap, EIA 861, EIA 860","SOURCEDATE":1397088000000,"VAL_METHOD":"IMAGERY","VAL_DATE":1514937600000,"OWNER":"GEORGIA POWER CO","VOLTAGE":115,"VOLT_CLASS":"100-161","INFERRED":"Y","SUB_1":"UNKNOWN116287","SUB_2":"TAP142620","SHAPE__Len":5643.0659008371,"GlobalID":"0920037e-269d-4f8c-811e-424cecb321fb","Shape__Length":5643.065849047113}},{"type":"Feature","id":33568,"geometry":{"type":"LineString","coordinates":[[-84.5154584570601,33.9355496105275],[-84.5201259900887,33.9419204929102],[-84.5202955695565,33.9421437526517]]},"properties":{"OBJECTID_1":33568,"OBJECTID":48629,"ID":"138168","TYPE":"AC; OVERHEAD","STATUS":"IN SERVICE","NAICS_CODE":"221121","NAICS_DESC":"ELECTRIC BULK POWER TRANSMISSION AND CONTROL","SOURCE":"IMAGERY, EIA 861, EIA 860","SOURCEDATE":1408320000000,"VAL_METHOD":"IMAGERY","VAL_DATE":1514937600000,"OWNER":"GEORGIA POWER CO","VOLTAGE":115,"VOLT_CLASS":"100-161","INFERRED":"Y","SUB_1":"TAP151313","SUB_2":"TAP151315","SHAPE__Len":1035.76885973606,"GlobalID":"22ddafe5-ead4-45ed-8013-52be74d65399","Shape__Length":1035.7688443341394}},{"type":"Feature","id":33640,"geometry":{"type":"LineString","coordinates":[[-84.623533832848,33.5177451488428],[-84.6239178545471,33.5180703981155],[-84.6248980000654,33.5177418999463],[-84.6266191002846,33.5167820995762],[-84.6275485996855,33.5164719997115],[-84.6311536000061,33.5152311000656],[-84.6331972996168,33.5144400001279],[-84.6365484998185,33.5131144000653],[-84.6403184999956,33.5116326997003],[-84.6410234358468,33.5113593809626],[-84.6417244002461,33.5110875998003],[-84.6439574000401,33.5102127001516],[-84.6476185998632,33.5087814997294],[-84.649928400224,33.5084151999841],[-84.6516800997566,33.5081082999148],[-84.6539301001673,33.5077483999886],[-84.6567195002785,33.5072986001261],[-84.6621344001824,33.5064174998428],[-84.6664979001997,33.5057071995241],[-84.670164499796,33.5056473000338],[-84.6727050998112,33.5056294001392],[-84.6745044998854,33.5056240999062],[-84.6760879997626,33.5055975994848],[-84.6785981998903,33.5056505995703],[-84.6803149998742,33.5056769996037],[-84.6831774994933,33.505729900018],[-84.6860474003321,33.5057973999827],[-84.689277799586,33.5050365000889],[-84.6924639002182,33.5043855997082],[-84.6945457000751,33.5039674997385],[-84.696765100274,33.503527600052],[-84.6992406999918,33.5030145997775],[-84.7038442999216,33.502086399793],[-84.7102260996849,33.500792400182],[-84.7120352994806,33.5003965997162],[-84.7140727998176,33.4999550001682],[-84.7185853995108,33.4989837996912],[-84.7205730999433,33.4985573001351],[-84.7225070002735,33.4981556995917],[-84.7272290996674,33.4972189000867],[-84.7324588999103,33.4962159000214],[-84.7348605997213,33.4957549995624],[-84.7397883001275,33.4947969000787],[-84.744181999708,33.493932399442],[-84.7464708001525,33.4934906994967],[-84.7492668001861,33.492940600104],[-84.7535927003188,33.4921390995796],[-84.7599902996514,33.4908951997052],[-84.7659627003088,33.4897386994614],[-84.7705038996657,33.48888909988],[-84.7725570998589,33.4881929998123],[-84.7748388000193,33.4874492996725],[-84.7768189995192,33.486806199655],[-84.7788088002129,33.4861551000194],[-84.7807889997128,33.485519899883],[-84.7849556995126,33.4841542001812],[-84.7887321001861,33.4829418994498],[-84.7922483002442,33.4817959001305],[-84.7936963000406,33.4813217000871],[-84.7973001002119,33.4801601995401],[-84.80033710027,33.4791781995592],[-84.8029423996469,33.4783205997253],[-84.8044021997128,33.4778546999586],[-84.8084547999968,33.4765446996753],[-84.810771399706,33.4758451997279],[-84.8129839996581,33.4751862998402],[-84.8157755000305,33.4743628000011],[-84.8178667995715,33.473741300125],[-84.8199760995541,33.47310489996],[-84.8233735001109,33.4719780996078],[-84.8282925003336,33.4703570994738],[-84.8328706995004,33.468861699603],[-84.8361657999126,33.4682417998879],[-84.840949900129,33.4673619994962],[-84.8463353999703,33.466377399487],[-84.8519286998998,33.4653515994661],[-84.8568778996857,33.4644274000183],[-84.8610556999674,33.4636706997421],[-84.8661975003469,33.4627164001159],[-84.8710663997295,33.4618356997893],[-84.8766445998774,33.4609861997762],[-84.8802471998995,33.4604412996366],[-84.8817664001653,33.460208899679],[-84.885353100007,33.4596952995583],[-84.8880931996771,33.459076099472],[-84.8909319999424,33.4585923994682],[-84.8948435997611,33.4603538997888],[-84.8965348813027,33.4611155565117],[-84.8965182561817,33.4612738746781]]},"properties":{"OBJECTID_1":33640,"OBJECTID":48751,"ID":"138308","TYPE":"AC; OVERHEAD","STATUS":"IN SERVICE","NAICS_CODE":"221121","NAICS_DESC":"ELECTRIC BULK POWER TRANSMISSION AND CONTROL","SOURCE":"IMAGERY, OpenStreetMap, http://www.psc.state.fl.us/publications/pdf/electricgas/transmissionreport2007.pdf, EIA 861","SOURCEDATE":1397088000000,"VAL_METHOD":"IMAGERY","VAL_DATE":1509580800000,"OWNER":"GEORGIA POWER CO","VOLTAGE":230,"VOLT_CLASS":"220-287","INFERRED":"Y","SUB_1":"UNKNOWN113566","SUB_2":"YATES","SHAPE__Len":31745.7240862533,"GlobalID":"39c330de-393b-406e-bc11-e20b95030322","Shape__Length":31745.724248793555}},{"type":"Feature","id":33642,"geometry":{"type":"LineString","coordinates":[[-84.0317147036863,33.9111726877648],[-84.0316529067813,33.9112003031272]]},"properties":{"OBJECTID_1":33642,"OBJECTID":48753,"ID":"138310","TYPE":"AC; OVERHEAD","STATUS":"IN SERVICE","NAICS_CODE":"221121","NAICS_DESC":"ELECTRIC BULK POWER TRANSMISSION AND CONTROL","SOURCE":"IMAGERY, EIA 861, EIA 860","SOURCEDATE":1407283200000,"VAL_METHOD":"IMAGERY","VAL_DATE":1514851200000,"OWNER":"GEORGIA POWER CO","VOLTAGE":115,"VOLT_CLASS":"100-161","INFERRED":"Y","SUB_1":"TAP142232","SUB_2":"TAP142233","SHAPE__Len":7.81308361497317,"GlobalID":"3f7cfefd-6ece-42b3-96fe-78c0b3fee5f6","Shape__Length":7.81309735351736}},{"type":"Feature","id":33650,"geometry":{"type":"LineString","coordinates":[[-84.623533832848,33.5177451488428],[-84.6232020670473,33.5174983731614],[-84.622811500223,33.5176387994701],[-84.622866099826,33.517796600173],[-84.6201076736258,33.518751156513],[-84.6192989042058,33.518971087039]]},"properties":{"OBJECTID_1":33650,"OBJECTID":48762,"ID":"138325","TYPE":"AC; OVERHEAD","STATUS":"IN SERVICE","NAICS_CODE":"221121","NAICS_DESC":"ELECTRIC BULK POWER TRANSMISSION AND CONTROL","SOURCE":"IMAGERY, OpenStreetMap, EIA 861, EIA 860","SOURCEDATE":1397088000000,"VAL_METHOD":"IMAGERY","VAL_DATE":1514937600000,"OWNER":"GEORGIA POWER CO","VOLTAGE":115,"VOLT_CLASS":"100-161","INFERRED":"Y","SUB_1":"UNKNOWN113565","SUB_2":"UNKNOWN113566","SHAPE__Len":545.939378833811,"GlobalID":"a93001ff-2d53-4b5b-878d-c172040c58f4","Shape__Length":545.9393045639121}},{"type":"Feature","id":33656,"geometry":{"type":"LineString","coordinates":[[-84.0135192988604,34.1210571470427],[-84.0137148073005,34.1209324737043],[-84.0174221526814,34.1175126066696],[-84.0202789812362,34.1149113109238],[-84.0228888710042,34.1124986186463],[-84.0257896352612,34.1097976995059],[-84.0269124224668,34.108596266069],[-84.0288803779294,34.1064905867642],[-84.0308911875226,34.1043493554565],[-84.0340526267054,34.1009462418801],[-84.0360134836806,34.0987616127413],[-84.0385088616061,34.096075307747],[-84.0421092957901,34.0922179484999],[-84.0455904642472,34.0886954447343],[-84.0493098632225,34.0851623778037],[-84.0516986281918,34.0828394629358],[-84.0583654436318,34.0764317500659],[-84.0610749889042,34.0738330569624],[-84.066577006526,34.0685470826402],[-84.069021148141,34.0662875055539],[-84.0693906719297,34.0660348219819]]},"properties":{"OBJECTID_1":33656,"OBJECTID":48773,"ID":"138368","TYPE":"AC; OVERHEAD","STATUS":"IN SERVICE","NAICS_CODE":"221121","NAICS_DESC":"ELECTRIC BULK POWER TRANSMISSION AND CONTROL","SOURCE":"IMAGERY, OpenStreetMap, EIA 861","SOURCEDATE":1407456000000,"VAL_METHOD":"IMAGERY","VAL_DATE":1493078400000,"OWNER":"GEORGIA POWER CO","VOLTAGE":115,"VOLT_CLASS":"100-161","INFERRED":"Y","SUB_1":"UNKNOWN116232","SUB_2":"UNKNOWN116233","SHAPE__Len":9669.83434504329,"GlobalID":"b485367a-844e-4427-bca2-4b388596a29f","Shape__Length":9669.834362083211}},{"type":"Feature","id":33671,"geometry":{"type":"LineString","coordinates":[[-84.4647380435929,33.9056917140898],[-84.467504635479,33.9047478008252],[-84.4690519305553,33.9044755729601],[-84.4691720002745,33.9047499995146]]},"properties":{"OBJECTID_1":33671,"OBJECTID":48792,"ID":"138357","TYPE":"AC; OVERHEAD","STATUS":"IN SERVICE","NAICS_CODE":"221121","NAICS_DESC":"ELECTRIC BULK POWER TRANSMISSION AND CONTROL","SOURCE":"IMAGERY, EIA 861, EIA 860","SOURCEDATE":1408320000000,"VAL_METHOD":"IMAGERY","VAL_DATE":1514937600000,"OWNER":"GEORGIA POWER CO","VOLTAGE":115,"VOLT_CLASS":"100-161","INFERRED":"Y","SUB_1":"UNKNOWN116284","SUB_2":"TAP142613","SHAPE__Len":548.213389666426,"GlobalID":"d5807111-0c96-48b5-981d-75825d24840b","Shape__Length":548.2133671699048}},{"type":"Feature","id":33702,"geometry":{"type":"LineString","coordinates":[[-84.2666277527279,34.0986893077889],[-84.2657983813452,34.098214796498],[-84.2647085236829,34.098199721127],[-84.2631274348839,34.0978321887616],[-84.2614212008844,34.0976486730399],[-84.2596853871592,34.0976961154564],[-84.2592957420064,34.098899797665],[-84.2585436041786,34.0999405777037],[-84.2576993081858,34.1011221111182],[-84.256525812879,34.1021783959521],[-84.2556540967104,34.1032589878896],[-84.254346221522,34.1043896906295],[-84.2531972493241,34.1044275399357],[-84.2518192678143,34.1045283900118],[-84.251082500161,34.1046548555874],[-84.2501579747318,34.1048478330841],[-84.2485410997469,34.1044164421355],[-84.2474895543332,34.1040858720696],[-84.246164359626,34.1037433310593],[-84.2448297927955,34.1046037240119],[-84.2452322865518,34.1063580701171],[-84.2455602848183,34.1075004766831],[-84.2459952391974,34.1090620370061],[-84.2484148684831,34.1111361949272],[-84.2508924723424,34.1133341291792],[-84.2520453755679,34.1144106755255],[-84.2553840775091,34.1173191508551],[-84.2589497477899,34.1204953358248],[-84.2591049003142,34.1206335997777],[-84.2590884997721,34.1240293995944],[-84.2591244997571,34.1267404995605],[-84.2591441000983,34.128772399804],[-84.259082199887,34.1331617994868],[-84.2590643997696,34.1343779000705],[-84.2591085995765,34.1348272994845],[-84.2588178625298,34.1349674710028],[-84.2543672995918,34.1348050999637],[-84.2499047998403,34.1347975997424],[-84.2492205000878,34.1359285998642],[-84.2477086722956,34.1360536659847],[-84.2457516996356,34.1347751994544],[-84.2441070999461,34.1347170996554],[-84.2416914996044,34.1352898997081],[-84.2390274477129,34.1333711997712],[-84.2372769088036,34.1325773875073],[-84.2365311750655,34.1313300037363],[-84.2348276997922,34.1306725995279],[-84.232987199997,34.1305958997197],[-84.2305254999116,34.1308164995959],[-84.2293986002186,34.1297770995733],[-84.2295684994866,34.1292686997494],[-84.2294809999846,34.1291009995114]]},"properties":{"OBJECTID_1":33702,"OBJECTID":48849,"ID":"138426","TYPE":"AC; OVERHEAD","STATUS":"IN SERVICE","NAICS_CODE":"221121","NAICS_DESC":"ELECTRIC BULK POWER TRANSMISSION AND CONTROL","SOURCE":"IMAGERY, EIA 861","SOURCEDATE":1401408000000,"VAL_METHOD":"IMAGERY","VAL_DATE":1493078400000,"OWNER":"GEORGIA POWER CO","VOLTAGE":230,"VOLT_CLASS":"220-287","INFERRED":"Y","SUB_1":"UNKNOWN111179","SUB_2":"UNKNOWN111537","SHAPE__Len":11564.9958268294,"GlobalID":"0db1fa0f-2972-44b6-aa10-d29f45cda875","Shape__Length":11564.995834984147}},{"type":"Feature","id":33752,"geometry":{"type":"LineString","coordinates":[[-84.5023620919078,33.673896337814],[-84.4995194432598,33.6740150174564],[-84.4965959821688,33.674153475711],[-84.4919988195664,33.674470162022],[-84.4796061990992,33.6750872878644],[-84.4647179410934,33.6757162769253],[-84.4642188128671,33.6760129675763],[-84.4634153614736,33.6760333940593]]},"properties":{"OBJECTID_1":33752,"OBJECTID":48930,"ID":"138516","TYPE":"AC; OVERHEAD","STATUS":"IN SERVICE","NAICS_CODE":"221121","NAICS_DESC":"ELECTRIC BULK POWER TRANSMISSION AND CONTROL","SOURCE":"IMAGERY, EIA 861, EIA 860","SOURCEDATE":1408492800000,"VAL_METHOD":"IMAGERY","VAL_DATE":1513641600000,"OWNER":"GEORGIA POWER CO","VOLTAGE":115,"VOLT_CLASS":"100-161","INFERRED":"Y","SUB_1":"UNKNOWN111352","SUB_2":"TAP142624","SHAPE__Len":4355.56711428479,"GlobalID":"e9e75806-2940-4ab0-9696-eb3d54c8e6f3","Shape__Length":4355.567134788097}},{"type":"Feature","id":33784,"geometry":{"type":"LineString","coordinates":[[-83.9359945002963,33.5638147916746],[-83.9363094262788,33.5638791585785],[-83.9364401491189,33.5634335416047],[-83.9403202710717,33.5633444177843],[-83.9412828742891,33.5630819981521],[-83.9479260218164,33.5631661706162],[-83.9555555419835,33.5632750996097],[-83.9583245099136,33.5639732326795],[-83.9616817369125,33.5635771299965],[-83.9687229980108,33.5635573250766],[-83.9710997956238,33.5635573250766],[-83.9795433682031,33.5607350356387],[-83.9906133011611,33.5602547421347],[-83.9993836826373,33.5597694948865],[-84.001332656698,33.5569916480111],[-84.0021585938213,33.5563924921357],[-84.0035267693216,33.5561648091633],[-84.0055871236976,33.555397191905],[-84.0066804506535,33.5550258081164],[-84.0089086974613,33.5537185255269],[-84.010554631149,33.5523517984542],[-84.0105011526435,33.5490537409867],[-84.0109586861773,33.5490190761719],[-84.011661890975,33.5492894197329]]},"properties":{"OBJECTID_1":33784,"OBJECTID":48983,"ID":"138580","TYPE":"AC; OVERHEAD","STATUS":"IN SERVICE","NAICS_CODE":"221121","NAICS_DESC":"ELECTRIC BULK POWER TRANSMISSION AND CONTROL","SOURCE":"IMAGERY, EIA 861, EIA 860","SOURCEDATE":1407196800000,"VAL_METHOD":"IMAGERY","VAL_DATE":1513296000000,"OWNER":"GEORGIA POWER CO","VOLTAGE":115,"VOLT_CLASS":"100-161","INFERRED":"Y","SUB_1":"UNKNOWN116045","SUB_2":"UNKNOWN116134","SHAPE__Len":9433.98786273685,"GlobalID":"b3ab2336-e4c2-41c8-9827-4488e8b093bf","Shape__Length":9433.98779968562}},{"type":"Feature","id":33815,"geometry":{"type":"LineString","coordinates":[[-84.5987599996195,33.7052699994607],[-84.5987787196117,33.7049736631334],[-84.5979480896893,33.7042092084967],[-84.6068020055038,33.69644897354],[-84.610272911607,33.6933702478687],[-84.6112300000669,33.6932939995696],[-84.6185550003358,33.6866929997194],[-84.6151415971906,33.6863839729613],[-84.6151660798754,33.6858148611477],[-84.6155701349036,33.6858395825661],[-84.615712742455,33.6856714770801]]},"properties":{"OBJECTID_1":33815,"OBJECTID":48039,"ID":"137465","TYPE":"AC; OVERHEAD","STATUS":"IN SERVICE","NAICS_CODE":"221121","NAICS_DESC":"ELECTRIC BULK POWER TRANSMISSION AND CONTROL","SOURCE":"IMAGERY, EIA 861, EIA 860","SOURCEDATE":1408492800000,"VAL_METHOD":"IMAGERY","VAL_DATE":1513641600000,"OWNER":"GEORGIA POWER CO","VOLTAGE":230,"VOLT_CLASS":"220-287","INFERRED":"Y","SUB_1":"UNKNOWN116620","SUB_2":"UNKNOWN116622","SHAPE__Len":4014.10764955755,"GlobalID":"33cd971b-8075-4ad6-a5af-4da81fb3e212","Shape__Length":4014.107533585274}},{"type":"Feature","id":33858,"geometry":{"type":"LineString","coordinates":[[-84.1575809998772,33.9355429997011],[-84.1577919997643,33.9355969997782],[-84.1584959995711,33.9351999999573],[-84.1589659999243,33.9356330000591],[-84.160074999787,33.936333999699],[-84.1606709996387,33.9376849998508],[-84.1615200881435,33.9381792097465],[-84.1629129996534,33.9383829999989],[-84.1640309997369,33.9383119996741],[-84.1651470001705,33.9379419998779],[-84.1677790001726,33.9365859999094],[-84.1684439996212,33.9378309999236],[-84.1684400003216,33.9388799998701],[-84.1682051582485,33.9394627018955],[-84.1676589996237,33.940206000093],[-84.1681665558441,33.9408110544419],[-84.168898000081,33.9416829998377],[-84.1696876668265,33.9428338010733],[-84.1735333249134,33.9419149467898],[-84.1772007006541,33.9410463044978],[-84.178043845905,33.9407654917347]]},"properties":{"OBJECTID_1":33858,"OBJECTID":48098,"ID":"137533","TYPE":"AC; OVERHEAD","STATUS":"IN SERVICE","NAICS_CODE":"221121","NAICS_DESC":"ELECTRIC BULK POWER TRANSMISSION AND CONTROL","SOURCE":"IMAGERY, EIA 861, EIA 860","SOURCEDATE":1407369600000,"VAL_METHOD":"IMAGERY","VAL_DATE":1514937600000,"OWNER":"GEORGIA POWER CO","VOLTAGE":115,"VOLT_CLASS":"100-161","INFERRED":"Y","SUB_1":"UNKNOWN116214","SUB_2":"UNKNOWN116222","SHAPE__Len":3335.22430503245,"GlobalID":"30c18afd-51b0-4784-a03b-ff255ac407ea","Shape__Length":3335.2243740298895}},{"type":"Feature","id":33981,"geometry":{"type":"LineString","coordinates":[[-84.4918601529242,34.0178706060837],[-84.4910045058194,34.0189935219635],[-84.4901726272388,34.02009672191],[-84.4899765411819,34.02035281994],[-84.4893229215913,34.0207074159941],[-84.489281327797,34.0211063345049],[-84.4883543769166,34.0215643496595],[-84.4876353959059,34.022120859499],[-84.4862984476416,34.0227758628302],[-84.4832383204566,34.0242188220799],[-84.4817765908094,34.0248147115165],[-84.4804515254596,34.025184063111],[-84.4795008069534,34.0256322078516],[-84.4774999578801,34.0260000214548],[-84.4759679548249,34.0264506299211],[-84.4736370000374,34.0272249995867],[-84.4717428519552,34.0276762388354],[-84.4695360847642,34.0290843154472],[-84.4682050779572,34.0299805606225],[-84.4668978396743,34.0312608939191],[-84.4657807450926,34.0326101478172],[-84.4649191556322,34.0335654459098],[-84.4643724930526,34.0341858904886],[-84.462708734993,34.0360176561381],[-84.459684260145,34.0368399680939],[-84.4580145597297,34.0372388107674],[-84.4503375052094,34.0374948570652],[-84.4483172264747,34.0374160725833],[-84.4466534693134,34.0365888426437],[-84.4457146337218,34.0351165510821],[-84.444145947962,34.0338116550917],[-84.4436349359227,34.0338608960979],[-84.4401529275409,34.0329351469993],[-84.4396835110925,34.0324870415721],[-84.4382871428654,34.0319650688108],[-84.4382455490712,34.031472639759],[-84.4380138106773,34.0311279364567]]},"properties":{"OBJECTID_1":33981,"OBJECTID":48296,"ID":"165861","TYPE":"AC; OVERHEAD","STATUS":"IN SERVICE","NAICS_CODE":"221121","NAICS_DESC":"ELECTRIC BULK POWER TRANSMISSION AND CONTROL","SOURCE":"IMAGERY, EIA 861, EIA 860","SOURCEDATE":1408060800000,"VAL_METHOD":"IMAGERY","VAL_DATE":1553558400000,"OWNER":"GEORGIA POWER CO","VOLTAGE":115,"VOLT_CLASS":"100-161","INFERRED":"Y","SUB_1":"UNKNOWN116272","SUB_2":"TAP161072","SHAPE__Len":7362.41961485993,"GlobalID":"1d04ce39-dbb7-416b-b1d3-4a25744f206c","Shape__Length":7362.419657441429}},{"type":"Feature","id":34004,"geometry":{"type":"LineString","coordinates":[[-84.312152747173,33.5350270067166],[-84.3122673578302,33.5355775169787],[-84.312459697014,33.5367961968696],[-84.3128814641247,33.5383418438725],[-84.3133459146862,33.53973869606],[-84.3137674212855,33.5411233437344],[-84.3143191279054,33.5429153656445],[-84.3147407081666,33.544307200943],[-84.3152791098389,33.5460300868636],[-84.3156624919375,33.5472093307188],[-84.3160688286866,33.548493247662],[-84.316593850851,33.5501502318685],[-84.3171553832436,33.5520906877366],[-84.3176638782034,33.553875473578],[-84.3180187998772,33.555097705154],[-84.3188895243057,33.5580872521275]]},"properties":{"OBJECTID_1":34004,"OBJECTID":48323,"ID":"137808","TYPE":"AC; OVERHEAD","STATUS":"IN SERVICE","NAICS_CODE":"221121","NAICS_DESC":"ELECTRIC BULK POWER TRANSMISSION AND CONTROL","SOURCE":"IMAGERY, OpenStreetMap, EIA 861, EIA 860","SOURCEDATE":1407888000000,"VAL_METHOD":"IMAGERY","VAL_DATE":1513296000000,"OWNER":"GEORGIA POWER CO","VOLTAGE":115,"VOLT_CLASS":"100-161","INFERRED":"Y","SUB_1":"UNKNOWN116019","SUB_2":"TAP142240","SHAPE__Len":3171.50855394078,"GlobalID":"10ee9d6f-cfba-4502-97ed-65c48a1a095b","Shape__Length":3171.5086093663463}},{"type":"Feature","id":34005,"geometry":{"type":"LineString","coordinates":[[-84.3331541278238,33.605777486531],[-84.3334866347346,33.6056280038794],[-84.3334249716786,33.6049859054725],[-84.3323718443316,33.6026380824362],[-84.3355113897743,33.6027034588924],[-84.3358844358573,33.6013785535595],[-84.3358712180462,33.5986163886005],[-84.3359142069241,33.5967724518482],[-84.3359595475915,33.594956842579],[-84.3382420167098,33.5948352239847],[-84.3428142420799,33.5945490346642],[-84.3469730465867,33.5946021081674],[-84.3505650132508,33.5946566085931],[-84.3530711017894,33.5946824105126],[-84.3572870077072,33.594716807822],[-84.3610350404823,33.5929866627962],[-84.36609886979,33.593181375762],[-84.3708822324896,33.5933579199666],[-84.3749461910721,33.5950739706419],[-84.3765574803326,33.5957547000933],[-84.3806745796539,33.5955616997276],[-84.385152079474,33.5953793998823],[-84.3888417801462,33.5944250000657],[-84.3931673802416,33.5933289995525],[-84.3965377801359,33.5924839997236],[-84.4004411801326,33.5914951999703],[-84.404405880266,33.5904864995957],[-84.4071932798291,33.5897661000783],[-84.4109678802787,33.5888557001464],[-84.4137414799224,33.5876250996163],[-84.4181751796859,33.5856928995336],[-84.4218754795801,33.5840776001431],[-84.4245226799751,33.5829188000989],[-84.4283277800252,33.581268499797],[-84.431258879491,33.5800056001622],[-84.4359243796321,33.5779827997965],[-84.4408628795846,33.5758376001254],[-84.4441224794751,33.5744218001046],[-84.4469158797843,33.5732031995913],[-84.4496189796445,33.5720126996005],[-84.4524554802227,33.5708173996631],[-84.455963679885,33.5684072000738],[-84.4584877886282,33.5666749938004],[-84.4589757795416,33.5663401001018],[-84.4612840797159,33.5647596000376],[-84.4640350795437,33.5629573000228],[-84.4674688798358,33.5620259998315],[-84.4704556802391,33.5612922000347],[-84.4754507803428,33.5600521001073],[-84.4804647801017,33.5588018997082],[-84.4852186798566,33.5576293994555],[-84.4903218796283,33.5563721001598],[-84.4941685797609,33.5554365000488],[-84.4990066795057,33.5542670998248],[-84.5036437803074,33.5531555994644],[-84.508123079453,33.5520784998554],[-84.5086931727902,33.5519428159807],[-84.5094759404743,33.5530444207927]]},"properties":{"OBJECTID_1":34005,"OBJECTID":48324,"ID":"137813","TYPE":"AC; OVERHEAD","STATUS":"IN SERVICE","NAICS_CODE":"221121","NAICS_DESC":"ELECTRIC BULK POWER TRANSMISSION AND CONTROL","SOURCE":"IMAGERY, OpenStreetMap, http://www.psc.state.fl.us/publications/pdf/electricgas/transmissionreport2007.pdf, EIA 861","SOURCEDATE":1397088000000,"VAL_METHOD":"IMAGERY","VAL_DATE":1509580800000,"OWNER":"GEORGIA POWER CO","VOLTAGE":230,"VOLT_CLASS":"220-287","INFERRED":"Y","SUB_1":"UNKNOWN116018","SUB_2":"UNION","SHAPE__Len":22701.0626242034,"GlobalID":"eaf73775-1ce0-469f-ba54-65f31e62bd71","Shape__Length":22701.062600573463}},{"type":"Feature","id":34060,"geometry":{"type":"LineString","coordinates":[[-84.6628619232732,34.068450278727],[-84.6627335755786,34.0693244507612],[-84.6593503827764,34.0706912264705],[-84.6536455390381,34.0651069705981],[-84.6511731391193,34.0624994910022],[-84.6504389433427,34.0617223065944],[-84.6491145274749,34.0616101659254]]},"properties":{"OBJECTID_1":34060,"OBJECTID":48418,"ID":"137919","TYPE":"AC; OVERHEAD","STATUS":"IN SERVICE","NAICS_CODE":"221121","NAICS_DESC":"ELECTRIC BULK POWER TRANSMISSION AND CONTROL","SOURCE":"IMAGERY, EIA 861, EIA 860","SOURCEDATE":1408320000000,"VAL_METHOD":"IMAGERY","VAL_DATE":1514851200000,"OWNER":"GEORGIA POWER CO","VOLTAGE":115,"VOLT_CLASS":"100-161","INFERRED":"Y","SUB_1":"UNKNOWN115906","SUB_2":"UNKNOWN115907","SHAPE__Len":2246.80712783503,"GlobalID":"0f1ad11a-3d94-4824-9fdb-eac3e4d46ada","Shape__Length":2246.8071440245767}},{"type":"Feature","id":34061,"geometry":{"type":"LineString","coordinates":[[-84.5094759404743,33.5530444207927],[-84.5100671064914,33.5517245265014],[-84.511824099796,33.5517573994738],[-84.5117771996534,33.5540331999135],[-84.511727499462,33.5558858998296],[-84.5086414998984,33.5558443999638],[-84.5086023998274,33.5581261001621],[-84.5085606003189,33.5610915995279],[-84.5085287999578,33.5644851999308],[-84.5085112001648,33.56870330013],[-84.5084818998152,33.5717089996905],[-84.5119274994785,33.5727357000453],[-84.5161590001496,33.5740131998153],[-84.5186949001792,33.5772236996944],[-84.5207823998466,33.579922399822],[-84.5229599996386,33.5827592997384],[-84.5242334001814,33.5844247999293],[-84.5251475994764,33.5855942998758],[-84.5270072001494,33.5880279997915],[-84.5291681999733,33.5908612995268],[-84.5313250001732,33.5936701998082],[-84.5329798999458,33.5958156999446],[-84.5345809996161,33.5978748001096],[-84.5365014000642,33.6003103997449],[-84.5381547969553,33.6023235261019],[-84.5361872547177,33.6043786708392],[-84.532723390508,33.6075749877138],[-84.5310603034899,33.6094797210672],[-84.5282713597229,33.6122158348801],[-84.5271251875738,33.6133379161181],[-84.5266758430821,33.6137841791173],[-84.5262789997289,33.6143809997689]]},"properties":{"OBJECTID_1":34061,"OBJECTID":48419,"ID":"137922","TYPE":"AC; OVERHEAD","STATUS":"IN SERVICE","NAICS_CODE":"221121","NAICS_DESC":"ELECTRIC BULK POWER TRANSMISSION AND CONTROL","SOURCE":"IMAGERY, OpenStreetMap, http://www.psc.state.fl.us/publications/pdf/electricgas/transmissionreport2007.pdf, EIA 861","SOURCEDATE":1397088000000,"VAL_METHOD":"IMAGERY","VAL_DATE":1509580800000,"OWNER":"GEORGIA POWER CO","VOLTAGE":230,"VOLT_CLASS":"220-287","INFERRED":"Y","SUB_1":"UNKNOWN111557","SUB_2":"UNION","SHAPE__Len":10900.7171842685,"GlobalID":"d7e0faa7-907b-40d3-8b18-2f6a55ca8775","Shape__Length":10900.717250443893}},{"type":"Feature","id":34101,"geometry":{"type":"LineString","coordinates":[[-84.0521066025696,34.0431489307702],[-84.0517857351299,34.04340298966],[-84.0512081731995,34.043597966146],[-84.0498320080831,34.0432848237467],[-84.0482989728636,34.0429894056377],[-84.0487838403349,34.0437456735248],[-84.049611682785,34.0447400538311],[-84.054745222257,34.0504645691067],[-84.058559920806,34.0547003238134],[-84.0595631548237,34.0558085594613],[-84.0607606737762,34.0567713370897],[-84.0617241968685,34.0571704678171],[-84.0649413082427,34.0585269929041],[-84.0659752152357,34.059844307572],[-84.0685421556517,34.062862830694],[-84.0690626736633,34.0643927261572],[-84.0695475411345,34.0650661076984],[-84.0699376031056,34.065492939511],[-84.0693906719297,34.0660348219819]]},"properties":{"OBJECTID_1":34101,"OBJECTID":48483,"ID":"137990","TYPE":"AC; OVERHEAD","STATUS":"IN SERVICE","NAICS_CODE":"221121","NAICS_DESC":"ELECTRIC BULK POWER TRANSMISSION AND CONTROL","SOURCE":"IMAGERY, EIA 861","SOURCEDATE":1407456000000,"VAL_METHOD":"IMAGERY","VAL_DATE":1493078400000,"OWNER":"GEORGIA POWER CO","VOLTAGE":230,"VOLT_CLASS":"220-287","INFERRED":"Y","SUB_1":"UNKNOWN116231","SUB_2":"UNKNOWN116232","SHAPE__Len":4485.24328120256,"GlobalID":"69ca91a9-c6bb-4505-8e44-11893967d0a8","Shape__Length":4485.243371893095}},{"type":"Feature","id":34206,"geometry":{"type":"LineString","coordinates":[[-84.3684392389217,33.7820757314454],[-84.3685012747785,33.7818804708095]]},"properties":{"OBJECTID_1":34206,"OBJECTID":52143,"ID":"165763","TYPE":"AC; OVERHEAD","STATUS":"IN SERVICE","NAICS_CODE":"221121","NAICS_DESC":"ELECTRIC BULK POWER TRANSMISSION AND CONTROL","SOURCE":"IMAGERY, EIA 861, EIA 860","SOURCEDATE":1551398400000,"VAL_METHOD":"IMAGERY","VAL_DATE":1589328000000,"OWNER":"GEORGIA POWER CO","VOLTAGE":230,"VOLT_CLASS":"220-287","INFERRED":"Y","SUB_1":"FAP","SUB_2":"FAP","SHAPE__Len":27.0482806742903,"GlobalID":"4fd4f5b2-4a0c-4bef-b410-fd39a6c8fa76","Shape__Length":27.048229458407675}},{"type":"Feature","id":34207,"geometry":{"type":"LineString","coordinates":[[-84.3650973982669,33.7800900056379],[-84.365688000142,33.7799889996999],[-84.3665009997287,33.7795119995134],[-84.3684435562249,33.7818781256006],[-84.3685012747785,33.7818804708095]]},"properties":{"OBJECTID_1":34207,"OBJECTID":52144,"ID":"165765","TYPE":"AC; OVERHEAD","STATUS":"IN SERVICE","NAICS_CODE":"221121","NAICS_DESC":"ELECTRIC BULK POWER TRANSMISSION AND CONTROL","SOURCE":"IMAGERY, EIA 861, EIA 860","SOURCEDATE":1551398400000,"VAL_METHOD":"IMAGERY","VAL_DATE":1589328000000,"OWNER":"GEORGIA POWER CO","VOLTAGE":230,"VOLT_CLASS":"220-287","INFERRED":"Y","SUB_1":"UNKNOWN142330","SUB_2":"FAP","SHAPE__Len":567.982023196133,"GlobalID":"d6ee971c-40a5-4880-bd54-3de9e5c2ebd8","Shape__Length":567.9819772439965}},{"type":"Feature","id":34208,"geometry":{"type":"LineString","coordinates":[[-84.3650973982669,33.7800900056379],[-84.365684999769,33.7801459998673],[-84.3665800002697,33.7797279996311],[-84.3684167558867,33.7819760285016],[-84.3684392389217,33.7820757314454]]},"properties":{"OBJECTID_1":34208,"OBJECTID":52145,"ID":"165764","TYPE":"AC; OVERHEAD","STATUS":"IN SERVICE","NAICS_CODE":"221121","NAICS_DESC":"ELECTRIC BULK POWER TRANSMISSION AND CONTROL","SOURCE":"IMAGERY, EIA 861, EIA 860","SOURCEDATE":1551398400000,"VAL_METHOD":"IMAGERY","VAL_DATE":1589328000000,"OWNER":"GEORGIA POWER CO","VOLTAGE":230,"VOLT_CLASS":"220-287","INFERRED":"Y","SUB_1":"UNKNOWN142330","SUB_2":"FAP","SHAPE__Len":557.653528102001,"GlobalID":"6711ec7a-42a2-4368-850d-f127ed2a54b8","Shape__Length":557.6534956515609}},{"type":"Feature","id":34209,"geometry":{"type":"LineString","coordinates":[[-84.3663609999866,33.7911629998848],[-84.3669654062727,33.7912457197847],[-84.3671139660611,33.7899295276311],[-84.3671329807007,33.7889655691652],[-84.3670949523198,33.7874326936173],[-84.3671710090816,33.7865003137718],[-84.3677414410837,33.7842720405973],[-84.3684392389217,33.7820757314454]]},"properties":{"OBJECTID_1":34209,"OBJECTID":52146,"ID":"165761","TYPE":"AC; OVERHEAD","STATUS":"IN SERVICE","NAICS_CODE":"221121","NAICS_DESC":"ELECTRIC BULK POWER TRANSMISSION AND CONTROL","SOURCE":"IMAGERY, EIA 861, EIA 860","SOURCEDATE":1551398400000,"VAL_METHOD":"IMAGERY","VAL_DATE":1589328000000,"OWNER":"GEORGIA POWER CO","VOLTAGE":230,"VOLT_CLASS":"220-287","INFERRED":"Y","SUB_1":"BOULEVARD","SUB_2":"FAP","SHAPE__Len":1314.30311020731,"GlobalID":"2a1d546b-4556-4599-bd26-d1795a8c4923","Shape__Length":1314.3031730235416}},{"type":"Feature","id":34393,"geometry":{"type":"LineString","coordinates":[[-84.2964103000282,33.4845328996383],[-84.2955971001172,33.4818981000005],[-84.2949263999598,33.479698099464],[-84.2945423998203,33.4784344999404],[-84.2941712994882,33.4772546997591],[-84.2939698001834,33.4765684995383]]},"properties":{"OBJECTID_1":34393,"OBJECTID":50030,"ID":"139930","TYPE":"AC; OVERHEAD","STATUS":"IN SERVICE","NAICS_CODE":"221121","NAICS_DESC":"ELECTRIC BULK POWER TRANSMISSION AND CONTROL","SOURCE":"IMAGERY, OpenStreetMap, EIA 861","SOURCEDATE":1397088000000,"VAL_METHOD":"IMAGERY","VAL_DATE":1493078400000,"OWNER":"GEORGIA POWER CO","VOLTAGE":230,"VOLT_CLASS":"220-287","INFERRED":"Y","SUB_1":"TAP142221","SUB_2":"TAP142239","SHAPE__Len":1097.14546920212,"GlobalID":"f953a6a3-df11-4e4e-b002-0020eb1b74e0","Shape__Length":1097.1454788156088}},{"type":"Feature","id":34452,"geometry":{"type":"LineString","coordinates":[[-84.3790139998338,33.9668869999614],[-84.3797703345906,33.9660995724811],[-84.379984246816,33.9661537818979],[-84.3806983382966,33.9653391618373],[-84.3823788696992,33.9647640464549],[-84.3817193086513,33.9670063390974],[-84.3904856881329,33.9663335136459],[-84.3926594395423,33.9661808146976],[-84.3928808167676,33.9661550454751],[-84.3929047550733,33.9663942218247],[-84.3952094745629,33.9662122826716]]},"properties":{"OBJECTID_1":34452,"OBJECTID":50137,"ID":"140059","TYPE":"AC; OVERHEAD","STATUS":"IN SERVICE","NAICS_CODE":"221121","NAICS_DESC":"ELECTRIC BULK POWER TRANSMISSION AND CONTROL","SOURCE":"IMAGERY, EIA 861, EIA 860","SOURCEDATE":1408492800000,"VAL_METHOD":"IMAGERY","VAL_DATE":1512950400000,"OWNER":"GEORGIA POWER CO","VOLTAGE":230,"VOLT_CLASS":"220-287","INFERRED":"Y","SUB_1":"UNKNOWN116276","SUB_2":"BULL SLUICE","SHAPE__Len":2345.07884403808,"GlobalID":"724e5003-0b89-4ca9-a220-a08db4f43620","Shape__Length":2345.0790159529233}},{"type":"Feature","id":34510,"geometry":{"type":"LineString","coordinates":[[-84.544696872335,33.9094890701241],[-84.5447968952503,33.9097108716408],[-84.5455693538682,33.9109387731643],[-84.5399819998876,33.9108449997414],[-84.5400160002228,33.9090849995063],[-84.5361320002429,33.9089789995205],[-84.5328440001147,33.910119000162],[-84.5324340000359,33.9103669999251],[-84.5311910002789,33.9102799996936],[-84.5282889999401,33.9081979996686],[-84.5273590001776,33.9074549999363],[-84.5265312080332,33.9078320008647],[-84.5254973010401,33.9078270690895],[-84.5248912175993,33.9079651497408],[-84.5241781789443,33.9082610381211],[-84.5238454267933,33.9082413118634]]},"properties":{"OBJECTID_1":34510,"OBJECTID":50222,"ID":"140164","TYPE":"AC; OVERHEAD","STATUS":"IN SERVICE","NAICS_CODE":"221121","NAICS_DESC":"ELECTRIC BULK POWER TRANSMISSION AND CONTROL","SOURCE":"IMAGERY, EIA 861, EIA 860","SOURCEDATE":1408060800000,"VAL_METHOD":"IMAGERY","VAL_DATE":1514937600000,"OWNER":"GEORGIA POWER CO","VOLTAGE":115,"VOLT_CLASS":"100-161","INFERRED":"Y","SUB_1":"UNKNOWN116288","SUB_2":"TAP142616","SHAPE__Len":3087.16898754753,"GlobalID":"36ddc206-0fd9-4826-8d09-d59bbce63f89","Shape__Length":3087.1690431897723}},{"type":"Feature","id":34520,"geometry":{"type":"LineString","coordinates":[[-84.623533832848,33.5177451488428],[-84.6234640436319,33.5180836595237],[-84.6229313579398,33.5181907460505],[-84.6225016578068,33.5180194457398],[-84.6201575858196,33.5188522155803],[-84.6185568140344,33.5193872309716],[-84.613535322326,33.5210695508288],[-84.6093833225576,33.5224809508292],[-84.6065041825461,33.5234683309702],[-84.6027334798865,33.5247605768647],[-84.598201783807,33.5260442431531],[-84.5947937031798,33.5270146366951],[-84.590311010199,33.5282880627343],[-84.5866509979487,33.5293153136446],[-84.5815476230056,33.5309660137325],[-84.5775762205418,33.5322460138194],[-84.5743446382067,33.5332910077988],[-84.570917338124,33.5343982746515],[-84.5669506760701,33.535699128459],[-84.5632371925008,33.5369223224838],[-84.5592485459768,33.5382335049111],[-84.5565965018658,33.5391134867078],[-84.5518735670387,33.5406781971312],[-84.5489684037318,33.5416374844629],[-84.5457054854647,33.5427239901505],[-84.5428968533215,33.5436491665624],[-84.5408906098649,33.5442956206641],[-84.5362286751372,33.5453485474497],[-84.5327462580219,33.5461246288717],[-84.5287385043319,33.5470435181064],[-84.5243879202917,33.548021337152],[-84.5209091808793,33.5488067229949],[-84.5156237803101,33.5500080226455],[-84.5109411600763,33.5510650138717],[-84.508175188926,33.5516963819565],[-84.5049704239971,33.5524644468452],[-84.502775873894,33.5530005351644],[-84.4983498915571,33.554070554769],[-84.4937919718578,33.5551681588028],[-84.4912431459696,33.5557822407095],[-84.4864517379583,33.5569509930964],[-84.48201985369,33.5580544639085],[-84.4781324050778,33.5590215756422],[-84.4742522606671,33.5599797617926],[-84.4700942269149,33.5610239698022],[-84.4668772978987,33.5618136659014],[-84.4660998221899,33.5620150087949],[-84.4638397849026,33.5625953370581],[-84.4608150181021,33.564661482473],[-84.4585366515897,33.5662074259687],[-84.458348258705,33.566335254946],[-84.4558788753289,33.5680299425864],[-84.4522953088109,33.5704661654554],[-84.4482603613206,33.5722366418697],[-84.4440909477104,33.5740509906088],[-84.4411815227957,33.5753100009128],[-84.4369576802624,33.5771423759654],[-84.4331561671852,33.5787987806168],[-84.4296295008557,33.5803262085943],[-84.4249641606147,33.5823425389301],[-84.4216323595316,33.5838140379132],[-84.4190215112612,33.584942258571],[-84.4170022278599,33.5858287511424],[-84.4133120088598,33.5874267020298],[-84.4108588445662,33.5884880866544],[-84.4080432693442,33.5892033970463],[-84.4044055550759,33.5901223996408],[-84.4003127821324,33.5911597927015],[-84.3965476095017,33.5921153106795],[-84.3930957171398,33.5929797089674],[-84.3886898399973,33.5940989771078],[-84.3851488374542,33.5950041317104],[-84.3808065682203,33.5951863605151],[-84.376708530251,33.5953748676352],[-84.3750376790939,33.5948846667047],[-84.3709489018568,33.5931520197867],[-84.3661457088473,33.5929752776129],[-84.3609706429545,33.5927831495188],[-84.3572263866969,33.5945230501261],[-84.3530939549303,33.5944748089266],[-84.3507123486355,33.5944368085807],[-84.346869375613,33.59439110997],[-84.3428086455757,33.5943454315385],[-84.3381987475575,33.5946277215385],[-84.3357206208787,33.5947660351077],[-84.3356745049653,33.5967777457442],[-84.3356173191126,33.5986015884538],[-84.3356348416505,33.60135627848],[-84.3353346103095,33.6024621505536],[-84.3320731580929,33.6023880880012],[-84.3328963005575,33.6044802238178],[-84.3331541278238,33.605777486531]]},"properties":{"OBJECTID_1":34520,"OBJECTID":50239,"ID":"140190","TYPE":"AC; OVERHEAD","STATUS":"IN SERVICE","NAICS_CODE":"221121","NAICS_DESC":"ELECTRIC BULK POWER TRANSMISSION AND CONTROL","SOURCE":"IMAGERY, OpenStreetMap, EIA 861","SOURCEDATE":1397088000000,"VAL_METHOD":"IMAGERY","VAL_DATE":1509580800000,"OWNER":"GEORGIA POWER CO","VOLTAGE":230,"VOLT_CLASS":"220-287","INFERRED":"Y","SUB_1":"UNKNOWN113566","SUB_2":"UNKNOWN116018","SHAPE__Len":36175.7401569717,"GlobalID":"ae13866c-4ff8-4287-b258-85c83ef44fcc","Shape__Length":36175.73998338527}},{"type":"Feature","id":34534,"geometry":{"type":"LineString","coordinates":[[-84.0952958137827,33.9584227199084],[-84.0955857827699,33.958635633126],[-84.0958282156072,33.9592980248225],[-84.0893775887234,33.962416718624],[-84.0857696095893,33.9640450189819],[-84.0839632439783,33.9645496666753],[-84.0793997942502,33.9656969416311],[-84.0750312403111,33.9669506468757],[-84.0680196882959,33.9690440576306],[-84.0652435886408,33.9698640605995],[-84.0596343472083,33.9714252000754],[-84.0561071796189,33.9724344056326],[-84.0530838941403,33.9733411039607]]},"properties":{"OBJECTID_1":34534,"OBJECTID":50262,"ID":"140217","TYPE":"AC; OVERHEAD","STATUS":"IN SERVICE","NAICS_CODE":"221121","NAICS_DESC":"ELECTRIC BULK POWER TRANSMISSION AND CONTROL","SOURCE":"IMAGERY, EIA 861","SOURCEDATE":1407369600000,"VAL_METHOD":"IMAGERY","VAL_DATE":1493078400000,"OWNER":"GEORGIA POWER CO","VOLTAGE":230,"VOLT_CLASS":"220-287","INFERRED":"Y","SUB_1":"UNKNOWN116085","SUB_2":"UNKNOWN116086","SHAPE__Len":5271.52943866129,"GlobalID":"da40f482-adff-465c-946a-81bdbbaf0b5c","Shape__Length":5271.529364872375}},{"type":"Feature","id":34539,"geometry":{"type":"LineString","coordinates":[[-84.0009765752991,33.986057716471],[-84.0007359247194,33.9861099415225],[-84.0003936656978,33.9857157858698],[-84.0014774848847,33.9851757887567],[-84.0063831945327,33.9828226235414],[-84.0083210770946,33.9818480568098],[-84.0166933449999,33.9778815780743],[-84.0201931786518,33.9762358047391],[-84.0252498151491,33.973806506041],[-84.0274305267053,33.9727667645714],[-84.028000957809,33.9703275104477],[-84.0248635862893,33.9658726131523],[-84.020032744932,33.959155328067],[-84.0198782535677,33.9585836199435],[-84.0199852087821,33.9580631644838]]},"properties":{"OBJECTID_1":34539,"OBJECTID":50274,"ID":"140230","TYPE":"AC; OVERHEAD","STATUS":"IN SERVICE","NAICS_CODE":"221121","NAICS_DESC":"ELECTRIC BULK POWER TRANSMISSION AND CONTROL","SOURCE":"IMAGERY, EIA 861, EIA 860","SOURCEDATE":1407283200000,"VAL_METHOD":"IMAGERY","VAL_DATE":1514851200000,"OWNER":"GEORGIA POWER CO","VOLTAGE":115,"VOLT_CLASS":"100-161","INFERRED":"Y","SUB_1":"UNKNOWN116106","SUB_2":"UNKNOWN116175","SHAPE__Len":5793.92966370418,"GlobalID":"b97eb50f-ca99-413a-82b4-0440c3dea2bd","Shape__Length":5793.929740290561}},{"type":"Feature","id":34567,"geometry":{"type":"LineString","coordinates":[[-84.372496000202,34.0129429996945],[-84.3729788509554,34.0128290870955],[-84.3736248752903,34.0117511906838],[-84.3753077180582,34.0112347809109],[-84.3764418617656,34.0108925041059],[-84.3797313486056,34.0100256110012],[-84.3836102820873,34.0088119454881],[-84.3841616985514,34.0086543261686],[-84.3845990298727,34.0086385639228],[-84.3854736907188,34.0082287497151],[-84.3875082302086,34.0068101488631],[-84.3913301197714,34.0040674517156],[-84.3928892986606,34.0032635404509],[-84.3931935293012,34.0029955685866],[-84.3948957370516,34.0022960148586],[-84.3965357265871,34.0022910885555],[-84.4033571357994,34.0012664738687],[-84.4048777787595,34.0009448931178],[-84.4066140003198,33.9998059999702],[-84.4066905942742,33.9989758236313],[-84.4068799995603,33.9986279996789],[-84.4077800000839,33.997280999937],[-84.4086871026881,33.9956949146344],[-84.4098220243366,33.9947244115847],[-84.4109730806259,33.9940470589437],[-84.4120239999139,33.994136000147],[-84.4139089995532,33.9937279995417],[-84.4155203957133,33.9929410209997],[-84.4160710001004,33.9924329995274],[-84.4162069996445,33.9916369997644],[-84.4195340001308,33.9875919996377],[-84.420331687035,33.9870131928222],[-84.4215269997252,33.9863040001297],[-84.4230191912436,33.9856100056693],[-84.42380947603,33.9857183988468],[-84.4242130001539,33.9855619999635],[-84.4257420001411,33.9848490000491],[-84.4268279995392,33.9836559998023],[-84.4278559740582,33.9833435695787],[-84.4290681400414,33.9825355209946],[-84.43033378453,33.9830725791766],[-84.4302684231099,33.9833780591501]]},"properties":{"OBJECTID_1":34567,"OBJECTID":50320,"ID":"140288","TYPE":"AC; OVERHEAD","STATUS":"IN SERVICE","NAICS_CODE":"221121","NAICS_DESC":"ELECTRIC BULK POWER TRANSMISSION AND CONTROL","SOURCE":"IMAGERY, EIA 861, EIA 860","SOURCEDATE":1401840000000,"VAL_METHOD":"IMAGERY","VAL_DATE":1514937600000,"OWNER":"GEORGIA POWER CO","VOLTAGE":115,"VOLT_CLASS":"100-161","INFERRED":"Y","SUB_1":"UNKNOWN111526","SUB_2":"UNKNOWN116274","SHAPE__Len":8167.79615006089,"GlobalID":"e6edd2a9-61e1-4058-ad14-aef9cd8b0cba","Shape__Length":8167.796143617573}},{"type":"Feature","id":34571,"geometry":{"type":"LineString","coordinates":[[-84.424234033308,34.0671971317475],[-84.4243825823166,34.0670740757117],[-84.4246677983176,34.0670150088999],[-84.4242043233266,34.0658041275785],[-84.4242578009338,34.064927950901],[-84.4238537450072,34.0641699028775],[-84.4231823001464,34.0635742891716],[-84.4211679637673,34.062181225445],[-84.4210372400289,34.0612853205386],[-84.4210075300475,34.0597839206971],[-84.4209718777105,34.0573077836246],[-84.4207639087391,34.0561115331367],[-84.4211382537859,34.054575581004],[-84.4212273837301,34.053453136044],[-84.4207104311319,34.0523159075123],[-84.4203063752053,34.051045738972],[-84.4202588390554,34.049795244101],[-84.4197418855589,34.0484117996705],[-84.418820877034,34.0473040441775],[-84.4182563864893,34.0460239530236],[-84.4184881248831,34.0447684595067],[-84.4192843520251,34.044261333921],[-84.4206688373376,34.0432076837193],[-84.4211620223101,34.0425479156342],[-84.4224930291171,34.0415040914562],[-84.4237111365575,34.0405488827637],[-84.4252798232156,34.0399186364853],[-84.4262899616847,34.0390372688108],[-84.4273416948463,34.0379835537071],[-84.4277041569786,34.0364275766348],[-84.4273535786592,34.0349454327135],[-84.4278111130912,34.0342609796095],[-84.4281141534641,34.0339999990874],[-84.4282270519324,34.0335912929569],[-84.4290529890558,34.0328822070347],[-84.4305444286843,34.0326064501285],[-84.4316674656216,34.032202661108],[-84.4326003588576,34.0312571961716],[-84.4327310825961,34.0302230816707],[-84.4336402082063,34.0302083091107],[-84.4379303266447,34.0318678099463],[-84.4380138106773,34.0311279364567]]},"properties":{"OBJECTID_1":34571,"OBJECTID":50327,"ID":"140294","TYPE":"AC; OVERHEAD","STATUS":"IN SERVICE","NAICS_CODE":"221121","NAICS_DESC":"ELECTRIC BULK POWER TRANSMISSION AND CONTROL","SOURCE":"IMAGERY, EIA 861, EIA 860","SOURCEDATE":1408492800000,"VAL_METHOD":"IMAGERY","VAL_DATE":1514937600000,"OWNER":"GEORGIA POWER CO","VOLTAGE":115,"VOLT_CLASS":"100-161","INFERRED":"Y","SUB_1":"UNKNOWN116272","SUB_2":"UNKNOWN116616","SHAPE__Len":6727.88531911748,"GlobalID":"d1c6902a-930b-4062-b804-be3c83ec6fd3","Shape__Length":6727.885420568756}},{"type":"Feature","id":34576,"geometry":{"type":"LineString","coordinates":[[-84.5774160608081,33.9007126270194],[-84.5738924586321,33.9031440121323],[-84.5722881205352,33.9042092626074],[-84.5712007359349,33.9050032599766],[-84.5697586138155,33.9060650345329]]},"properties":{"OBJECTID_1":34576,"OBJECTID":50333,"ID":"140300","TYPE":"AC; OVERHEAD","STATUS":"IN SERVICE","NAICS_CODE":"221121","NAICS_DESC":"ELECTRIC BULK POWER TRANSMISSION AND CONTROL","SOURCE":"IMAGERY, EIA 861, EIA 860","SOURCEDATE":1408320000000,"VAL_METHOD":"IMAGERY","VAL_DATE":1514937600000,"OWNER":"GEORGIA POWER CO","VOLTAGE":115,"VOLT_CLASS":"100-161","INFERRED":"Y","SUB_1":"UNKNOWN116286","SUB_2":"TAP142617","SHAPE__Len":1114.63294609938,"GlobalID":"59a4f480-9ca5-45f5-87bc-88718fda9c8e","Shape__Length":1114.6329050494492}},{"type":"Feature","id":34600,"geometry":{"type":"LineString","coordinates":[[-84.5682975498199,33.994173061561],[-84.5666126436219,33.9936225920286],[-84.5671023000119,33.9925567999233],[-84.5647788317841,33.9903178937479],[-84.5633776701466,33.9889872297816],[-84.5610918574988,33.9868303197964],[-84.5596029151868,33.9854134784847],[-84.5584552491393,33.9843224118756],[-84.5568053781357,33.9827615390045],[-84.5551205743456,33.9811675355129],[-84.5529291710409,33.9790929330087],[-84.5511344709522,33.9773939336778],[-84.5502872707061,33.9765919340845],[-84.5494166702451,33.9757677341377],[-84.5484613703309,33.9748632339819],[-84.5470133705346,33.9734924349533],[-84.5457672697932,33.97231263356],[-84.544549171336,33.9711593344611],[-84.543223370266,33.9699041349513],[-84.5416485696741,33.968413036142],[-84.540099671105,33.966946535818],[-84.5386105796726,33.9655366831181],[-84.5373096808006,33.9641494111626],[-84.5363886740724,33.9620585316359],[-84.5350609389297,33.962209788082],[-84.5349536459488,33.9618204569767],[-84.5354743831493,33.9616517025419]]},"properties":{"OBJECTID_1":34600,"OBJECTID":50381,"ID":"140352","TYPE":"AC; OVERHEAD","STATUS":"IN SERVICE","NAICS_CODE":"221121","NAICS_DESC":"ELECTRIC BULK POWER TRANSMISSION AND CONTROL","SOURCE":"IMAGERY, OpenStreetMap, EIA 861, EIA 860","SOURCEDATE":1397088000000,"VAL_METHOD":"IMAGERY","VAL_DATE":1512950400000,"OWNER":"GEORGIA POWER CO","VOLTAGE":230,"VOLT_CLASS":"220-287","INFERRED":"Y","SUB_1":"UNKNOWN116279","SUB_2":"BIG SHANTY","SHAPE__Len":5972.78149066877,"GlobalID":"f0c87141-e6b7-468c-bbb1-17e9325b7f27","Shape__Length":5972.781644042502}},{"type":"Feature","id":34653,"geometry":{"type":"LineString","coordinates":[[-84.0000224890089,33.9303315188581],[-84.0001223151932,33.9305957761439],[-84.000359994146,33.9307890379376],[-83.9996422016064,33.932133971115],[-83.9973034332726,33.9359241230677],[-83.9952879093208,33.9393394524552],[-83.9951880840349,33.9403332644842],[-83.99503121483,33.9412915730647],[-83.9947127243326,33.9412403057117]]},"properties":{"OBJECTID_1":34653,"OBJECTID":50459,"ID":"140476","TYPE":"AC; OVERHEAD","STATUS":"IN SERVICE","NAICS_CODE":"221121","NAICS_DESC":"ELECTRIC BULK POWER TRANSMISSION AND CONTROL","SOURCE":"IMAGERY, EIA 861, EIA 860","SOURCEDATE":1407283200000,"VAL_METHOD":"IMAGERY","VAL_DATE":1514851200000,"OWNER":"GEORGIA POWER CO","VOLTAGE":115,"VOLT_CLASS":"100-161","INFERRED":"Y","SUB_1":"UNKNOWN116173","SUB_2":"UNKNOWN116174","SHAPE__Len":1652.78151962521,"GlobalID":"c5000553-bd96-45b7-89f3-ec07ccd03be5","Shape__Length":1652.7815105722498}},{"type":"Feature","id":34664,"geometry":{"type":"LineString","coordinates":[[-84.6530766485451,34.0531163555227],[-84.6531515177342,34.0489168870816],[-84.6549578842434,34.0487514637274],[-84.6549578842434,34.0468924025187],[-84.6553666931562,34.0468845260632]]},"properties":{"OBJECTID_1":34664,"OBJECTID":50477,"ID":"140471","TYPE":"AC; OVERHEAD","STATUS":"IN SERVICE","NAICS_CODE":"221121","NAICS_DESC":"ELECTRIC BULK POWER TRANSMISSION AND CONTROL","SOURCE":"IMAGERY, EIA 861, EIA 860","SOURCEDATE":1408320000000,"VAL_METHOD":"IMAGERY","VAL_DATE":1514851200000,"OWNER":"GEORGIA POWER CO","VOLTAGE":115,"VOLT_CLASS":"100-161","INFERRED":"Y","SUB_1":"UNKNOWN115915","SUB_2":"TAP155358","SHAPE__Len":1061.88285362712,"GlobalID":"8d9eacf9-6af5-4499-aaf0-3f4ec1ea76d9","Shape__Length":1061.882857051502}},{"type":"Feature","id":34669,"geometry":{"type":"LineString","coordinates":[[-84.0150365201376,34.0008185438186],[-84.014797650917,34.0010993311203],[-84.0133680081935,34.0018884838908],[-84.0136175718575,34.0021870001364],[-84.0161236846506,34.0051619860169],[-84.0187974060078,34.0083654790296],[-84.022469550006,34.0125561109915],[-84.0256721778428,34.0163873144927],[-84.0261844358454,34.0171244639891],[-84.0274881239863,34.0183290444925],[-84.0298351397527,34.0210548487167],[-84.0324807052139,34.0240986095442],[-84.0357322211652,34.0280226178653],[-84.0375288158008,34.0301142167096],[-84.0405894667036,34.0335785905338],[-84.0424433684645,34.0356033929194],[-84.0430660896026,34.0363045779145],[-84.0471723723096,34.0414532157763],[-84.0482419298431,34.0428121539807],[-84.0498605286951,34.0431961975288],[-84.0511440002505,34.0434443490678],[-84.051650257507,34.0432080149587],[-84.0521066025696,34.0431489307702]]},"properties":{"OBJECTID_1":34669,"OBJECTID":50483,"ID":"140492","TYPE":"AC; OVERHEAD","STATUS":"IN SERVICE","NAICS_CODE":"221121","NAICS_DESC":"ELECTRIC BULK POWER TRANSMISSION AND CONTROL","SOURCE":"IMAGERY, EIA 861","SOURCEDATE":1407110400000,"VAL_METHOD":"IMAGERY","VAL_DATE":1493078400000,"OWNER":"GEORGIA POWER CO","VOLTAGE":230,"VOLT_CLASS":"220-287","INFERRED":"Y","SUB_1":"UNKNOWN116108","SUB_2":"UNKNOWN116231","SHAPE__Len":7419.81172023679,"GlobalID":"6aa957b6-1850-4bb7-9595-ed19531983e3","Shape__Length":7419.811710724874}},{"type":"Feature","id":34898,"geometry":{"type":"LineString","coordinates":[[-84.1264480295832,33.6380134160893],[-84.1268289709593,33.6383506110255],[-84.1291047539169,33.6387216354406],[-84.1279401231853,33.6420954166623],[-84.1271165630042,33.6442927551679],[-84.1268075784791,33.6455195195977],[-84.1275301258015,33.6457767430611],[-84.1302444276532,33.6457767430611],[-84.1315231453242,33.6457846565815],[-84.1326830221713,33.6458242301556],[-84.1345511846873,33.6456619819761],[-84.1355399324727,33.645677810533],[-84.1367663601093,33.6458638029636],[-84.1409542772178,33.6465681924622],[-84.1415247083215,33.6468966418086],[-84.1451707149382,33.6480917129153],[-84.1470293705836,33.6485982274497],[-84.1485077379281,33.6483884988447],[-84.1500098737968,33.6483014414956],[-84.1516783857409,33.648368714145],[-84.1529475956429,33.6489464551175],[-84.1538983150474,33.6497022616771],[-84.1550867125064,33.6504264054935],[-84.1595123094661,33.6530736340154],[-84.1606198971771,33.653746308882],[-84.1623169306314,33.6555743775783],[-84.1629063754765,33.6566427114936],[-84.1635861396351,33.6576398105834],[-84.1643134399437,33.6586052457688],[-84.1667615422307,33.6608051296916],[-84.168040258105,33.6612640916026],[-84.1692143957072,33.6618021820431],[-84.1698941598659,33.6626726135114],[-84.1711657467101,33.6643837788768],[-84.1718431339265,33.6653481484904],[-84.1733583420792,33.6667823195679],[-84.173988194044,33.6671631127477],[-84.1770007841808,33.6690769437061],[-84.1782545448566,33.6701154385455],[-84.1791993219055,33.671050073554],[-84.1787596136419,33.6720489838203],[-84.1788903382787,33.6730676630053],[-84.1788368597732,33.6758318815546],[-84.1788487435861,33.6769345780853],[-84.1788428021288,33.6781460436066],[-84.1781059949496,33.6786306247368],[-84.1755449959909,33.6786355697332],[-84.1755509383466,33.6801436891814],[-84.1756994882535,33.6813501646467],[-84.1757707920292,33.6822747879771],[-84.1757707920292,33.68316973445],[-84.1755449959909,33.6841289494848],[-84.1755925321408,33.6854441451621],[-84.1756103583093,33.6860176815143],[-84.1756222421222,33.686724709754],[-84.1754796336726,33.688346401968],[-84.1756757197294,33.6892363415901],[-84.1755271698224,33.6900471678273],[-84.1751171715403,33.6909173141764],[-84.1747725364748,33.6917874517153],[-84.173667325706,33.694788369744],[-84.1736851518745,33.69589576563],[-84.173483123462,33.6969883176659],[-84.1732573292204,33.6980759104369],[-84.1730077646581,33.6991486609827],[-84.172585882563,33.7003499259392],[-84.1720570461519,33.7011161569872],[-84.1749032611115,33.7011606480607],[-84.1791755542797,33.7011903080163],[-84.179181495737,33.7013484957676],[-84.1792884518497,33.7015610614542]]},"properties":{"OBJECTID_1":34898,"OBJECTID":50521,"ID":"140537","TYPE":"AC; OVERHEAD","STATUS":"IN SERVICE","NAICS_CODE":"221121","NAICS_DESC":"ELECTRIC BULK POWER TRANSMISSION AND CONTROL","SOURCE":"IMAGERY, EIA 861","SOURCEDATE":1408406400000,"VAL_METHOD":"IMAGERY","VAL_DATE":1495411200000,"OWNER":"GEORGIA POWER CO","VOLTAGE":230,"VOLT_CLASS":"220-287","INFERRED":"Y","SUB_1":"UNKNOWN116605","SUB_2":"KLONDIKE","SHAPE__Len":13770.8152758765,"GlobalID":"e58e53a8-6e79-493d-ac13-5cd4f8c7b11b","Shape__Length":13770.81529495588}},{"type":"Feature","id":34915,"geometry":{"type":"LineString","coordinates":[[-84.4634153614736,33.6760333940593],[-84.4640227025557,33.6762998387091],[-84.4647265002415,33.6758702997761],[-84.4660308001351,33.6758176994546],[-84.4668907995774,33.6757379997617],[-84.4679911998678,33.6756451001719],[-84.4703007495987,33.675564825438],[-84.4721368260894,33.6755203218606],[-84.4757626304936,33.6753393387138],[-84.4774681000268,33.6771327000821],[-84.4787861998399,33.6786801001049],[-84.4809314000945,33.6812512999296],[-84.4822144000345,33.6827860998577],[-84.4834598998029,33.684327099753],[-84.4851313995436,33.6864394999106],[-84.4871035995459,33.688920799455],[-84.4881635999031,33.6902489998055],[-84.4893013997537,33.6916648000995],[-84.4899934995778,33.6925261000258],[-84.4906199999283,33.6932919994858]]},"properties":{"OBJECTID_1":34915,"OBJECTID":50545,"ID":"140560","TYPE":"AC; OVERHEAD","STATUS":"IN SERVICE","NAICS_CODE":"221121","NAICS_DESC":"ELECTRIC BULK POWER TRANSMISSION AND CONTROL","SOURCE":"IMAGERY, OpenStreetMap, EIA 861, EIA 860","SOURCEDATE":1397088000000,"VAL_METHOD":"IMAGERY","VAL_DATE":1514937600000,"OWNER":"GEORGIA POWER CO","VOLTAGE":115,"VOLT_CLASS":"100-161","INFERRED":"Y","SUB_1":"UNKNOWN111352","SUB_2":"UNKNOWN111363","SHAPE__Len":4321.58283209872,"GlobalID":"26f201e1-dc05-4537-ba10-b17503a8babd","Shape__Length":4321.582791130724}},{"type":"Feature","id":34934,"geometry":{"type":"LineString","coordinates":[[-84.3270266995079,33.7592934635205],[-84.3269340050486,33.7595661541172],[-84.3269197442935,33.7601708118716],[-84.3247929999263,33.7603259999475],[-84.3224859996143,33.761290999917],[-84.3219960000678,33.7609399996235],[-84.3168600001102,33.7639819994707],[-84.3160759999375,33.7643349999244],[-84.3140330001144,33.76472099974],[-84.3117950002976,33.764832000083],[-84.310469929558,33.7651798270113],[-84.3091365467071,33.7654584261308],[-84.3073753403037,33.7660274768214],[-84.3055713507367,33.7666557999052],[-84.304052578069,33.7671300025751],[-84.2927569999897,33.771079999637],[-84.2927081235534,33.7707753500749],[-84.2924728206445,33.7706449496085],[-84.2915815221011,33.7707753500749]]},"properties":{"OBJECTID_1":34934,"OBJECTID":50576,"ID":"140609","TYPE":"AC; OVERHEAD","STATUS":"IN SERVICE","NAICS_CODE":"221121","NAICS_DESC":"ELECTRIC BULK POWER TRANSMISSION AND CONTROL","SOURCE":"IMAGERY, EIA 861, EIA 860","SOURCEDATE":1408406400000,"VAL_METHOD":"IMAGERY","VAL_DATE":1514937600000,"OWNER":"GEORGIA POWER CO","VOLTAGE":115,"VOLT_CLASS":"100-161","INFERRED":"Y","SUB_1":"UNKNOWN116596","SUB_2":"UNKNOWN116597","SHAPE__Len":4454.06059037569,"GlobalID":"6604d696-da2a-486d-943d-00618034af96","Shape__Length":4454.06060901925}},{"type":"Feature","id":35001,"geometry":{"type":"LineString","coordinates":[[-84.5212250078719,33.903132175966],[-84.5237147030549,33.9029102469843],[-84.5246594801038,33.9025600916414],[-84.5240398680349,33.9016657051181],[-84.5214919997508,33.8968990001524],[-84.5214929995757,33.8961059995502],[-84.5206089998439,33.8942399995807],[-84.5194790000649,33.8923160000855],[-84.518299999882,33.8910669994635],[-84.5168218041157,33.8907305930596],[-84.505995680214,33.8907082028555],[-84.5054490158378,33.8906884725366],[-84.5037733739652,33.8913148935796],[-84.5018303422602,33.8924740065291],[-84.5005349877902,33.8934111500203],[-84.4994012555111,33.8949016805414],[-84.4985883906718,33.8960854055295],[-84.4976471790362,33.8967837957371],[-84.4954129898729,33.8982200161602],[-84.4923659358702,33.900121784767],[-84.4911870434851,33.9007570137079],[-84.4898537702287,33.9014092107652],[-84.4893551279909,33.9008211290981]]},"properties":{"OBJECTID_1":35001,"OBJECTID":50694,"ID":"140756","TYPE":"AC; OVERHEAD","STATUS":"IN SERVICE","NAICS_CODE":"221121","NAICS_DESC":"ELECTRIC BULK POWER TRANSMISSION AND CONTROL","SOURCE":"IMAGERY, EIA 861, EIA 860","SOURCEDATE":1408060800000,"VAL_METHOD":"IMAGERY","VAL_DATE":1514937600000,"OWNER":"GEORGIA POWER CO","VOLTAGE":115,"VOLT_CLASS":"100-161","INFERRED":"Y","SUB_1":"UNKNOWN116281","SUB_2":"UNKNOWN116289","SHAPE__Len":5929.5201018667,"GlobalID":"981612d5-5e4d-49c9-bbef-afb41539c7dc","Shape__Length":5929.520104314406}},{"type":"Feature","id":35181,"geometry":{"type":"LineString","coordinates":[[-84.4869009998049,33.801826999456],[-84.4868709996677,33.8020499996475],[-84.4867760001314,33.8028169997189],[-84.4866849998949,33.8037330000914],[-84.4868220001622,33.8045759994548],[-84.4870380000723,33.8053059997613],[-84.4873200001046,33.8060009995424],[-84.4877319998332,33.8068199998524],[-84.4871079994942,33.8073099998688],[-84.4863589994816,33.8079129994666],[-84.4864289998018,33.8082310001461],[-84.4874499998009,33.8099389998446],[-84.4880039998198,33.8098819995463]]},"properties":{"OBJECTID_1":35181,"OBJECTID":51120,"ID":"163336","TYPE":"NOT AVAILABLE","STATUS":"NOT AVAILABLE","NAICS_CODE":"221121","NAICS_DESC":"ELECTRIC BULK POWER TRANSMISSION AND CONTROL","SOURCE":"IMAGERY","SOURCEDATE":1551312000000,"VAL_METHOD":"IMAGERY","VAL_DATE":1589760000000,"OWNER":"GEORGIA POWER CO","VOLTAGE":115,"VOLT_CLASS":"100-161","INFERRED":"Y","SUB_1":"TAP160951","SUB_2":"DEADEND167108","SHAPE__Len":1260.95900146188,"GlobalID":"f85feb42-356b-4d92-9b5d-0e573a1f565a","Shape__Length":1260.9591009464984}},{"type":"Feature","id":35188,"geometry":{"type":"LineString","coordinates":[[-84.4755429995932,33.8024499996529],[-84.4757939996634,33.807985999767],[-84.4717320003066,33.8079819997214],[-84.4717409062043,33.8081212585204],[-84.4720451359466,33.8089744090902],[-84.4720546428173,33.8093061866991],[-84.4718645000144,33.8097485558381],[-84.4712465318624,33.8107517771078],[-84.4707901867998,33.811589102718],[-84.4704574355472,33.8121025528228],[-84.4699535552329,33.8124896129197],[-84.4692500225502,33.8128608727714],[-84.4688507205081,33.8132163340761],[-84.4687102213027,33.8133982236901],[-84.4683720002083,33.814041999757],[-84.4681439997044,33.8142669997109],[-84.4678180001895,33.8147399998369],[-84.4674779995325,33.8152919995579],[-84.4679393509063,33.8160262447069],[-84.4680237314575,33.8161527958282],[-84.4677403740708,33.8166775688889],[-84.4680750468198,33.8172050240469],[-84.468375999508,33.8175749998918]]},"properties":{"OBJECTID_1":35188,"OBJECTID":51128,"ID":"167187","TYPE":"AC; OVERHEAD","STATUS":"IN SERVICE","NAICS_CODE":"221121","NAICS_DESC":"ELECTRIC BULK POWER TRANSMISSION AND CONTROL","SOURCE":"IMAGERY, EIA 861, EIA 860","SOURCEDATE":1401840000000,"VAL_METHOD":"IMAGERY","VAL_DATE":1566777600000,"OWNER":"GEORGIA POWER CO","VOLTAGE":115,"VOLT_CLASS":"100-161","INFERRED":"Y","SUB_1":"UNKNOWN111551","SUB_2":"TAP155950","SHAPE__Len":2691.97227456074,"GlobalID":"62600cd4-ce07-4229-8169-00087587b247","Shape__Length":2691.9721895526145}},{"type":"Feature","id":35189,"geometry":{"type":"LineString","coordinates":[[-84.4869009998049,33.801826999456],[-84.4865229995131,33.8020570000256],[-84.485766000003,33.8022559999808],[-84.4850449995796,33.8024419997905],[-84.4844980001317,33.8028040000913],[-84.4836269999204,33.803505999552],[-84.48294599968,33.8043239996148],[-84.4825540000428,33.8048619998138],[-84.4809449996896,33.8073269996347],[-84.4808500001534,33.8080999998661],[-84.4802199999665,33.8088289997769],[-84.4797220000242,33.8092539995473],[-84.4789849997072,33.8098279997394],[-84.4783539996954,33.8102489998327],[-84.4776469995157,33.8107109994497],[-84.4761129995056,33.8107889996817],[-84.4754819994938,33.8109960000388],[-84.4748680000988,33.8113009998794],[-84.4743180002779,33.8115670000175],[-84.4736549995808,33.8118530001469],[-84.4729669996676,33.8121979999048],[-84.4726310001069,33.8125019997931],[-84.4718989998128,33.8128279994748],[-84.4710970000968,33.8131069996466],[-84.4707459995693,33.8132410001334],[-84.4702519998248,33.8133709998703],[-84.4694929997666,33.8135209998379],[-84.4691410003124,33.8135850001322],[-84.4688049998534,33.8137469998],[-84.4684419115953,33.8137455720015],[-84.4677859159608,33.8143301008283],[-84.4667920001675,33.815140999596]]},"properties":{"OBJECTID_1":35189,"OBJECTID":51130,"ID":"168221","TYPE":"AC; OVERHEAD","STATUS":"IN SERVICE","NAICS_CODE":"221121","NAICS_DESC":"ELECTRIC BULK POWER TRANSMISSION AND CONTROL","SOURCE":"IMAGERY, EIA 861, EIA 860","SOURCEDATE":1566777600000,"VAL_METHOD":"IMAGERY","VAL_DATE":1566777600000,"OWNER":"GEORGIA POWER CO","VOLTAGE":115,"VOLT_CLASS":"100-161","INFERRED":"Y","SUB_1":"TAP160951","SUB_2":"DEADEND167109","SHAPE__Len":3024.84991438954,"GlobalID":"9f122623-f443-4521-9f5b-8eaea3389459","Shape__Length":3024.849878336443}},{"type":"Feature","id":35190,"geometry":{"type":"LineString","coordinates":[[-84.2815347998961,33.7390882494667],[-84.281731000039,33.7386949994495],[-84.2835050002486,33.7387659999664],[-84.2870200001575,33.7388969994822],[-84.2879909999279,33.7389310000252],[-84.2894830001052,33.7388029998442],[-84.2927889997767,33.7389400001008],[-84.2935620000787,33.7389789996703],[-84.2934630003445,33.7416709998351],[-84.2933549994912,33.7449870000131],[-84.2954689994594,33.7450350000043],[-84.2962860001423,33.7450619998007],[-84.2962779997464,33.7456099998639],[-84.2961530000729,33.7486399996851],[-84.2961279999586,33.7492779997009],[-84.2960610000114,33.7511229999402],[-84.2962019995784,33.7514919998551],[-84.2988350003038,33.7514249998631],[-84.2996000002098,33.7513909997913],[-84.3023889996724,33.7512979997678],[-84.3030640000651,33.7511890000537],[-84.3039379997511,33.7510459999925],[-84.3059809995742,33.7510679995578],[-84.3070929998099,33.7510720000213],[-84.309175999816,33.75109099998],[-84.3098329997671,33.7510569997758],[-84.3109900002086,33.751074999622],[-84.3125869999679,33.7510850000328],[-84.3130580001461,33.751087999633],[-84.313419999646,33.7506209996094],[-84.313832000273,33.7502879997073],[-84.3144719996072,33.7501379994971],[-84.3160380003027,33.7498139996415],[-84.3164040000006,33.7496399999054],[-84.3171720002797,33.7494790000712],[-84.3181339998293,33.7493339998737],[-84.3187449997495,33.7493009998563],[-84.3195640000823,33.7492469999363],[-84.3195469994655,33.7472929994829],[-84.3219609999077,33.7473449995678],[-84.323997999883,33.7473569999852],[-84.3254280001361,33.7473539995075],[-84.3273029997297,33.7473810000678],[-84.3294340003147,33.7473869995272],[-84.33179599998,33.7474119997601],[-84.3318449994855,33.7466139994881],[-84.3318579999043,33.7457849997381],[-84.331980000103,33.7447629996992],[-84.3320060000423,33.7439380000339],[-84.3320820002103,33.7422300000703],[-84.3321299998909,33.740427999612],[-84.3321380002868,33.7395730000593],[-84.3321430003096,33.7388999995087],[-84.3342279999655,33.7389170001548],[-84.3374509997964,33.7389859999743],[-84.339301000174,33.7390240000136],[-84.3426520000514,33.7390489996961],[-84.3437130801835,33.7391046801018],[-84.3446160801819,33.7386616800958]]},"properties":{"OBJECTID_1":35190,"OBJECTID":51133,"ID":"164934","TYPE":"NOT AVAILABLE","STATUS":"NOT AVAILABLE","NAICS_CODE":"221121","NAICS_DESC":"ELECTRIC BULK POWER TRANSMISSION AND CONTROL","SOURCE":"IMAGERY, EIA 861, EIA 860","SOURCEDATE":1551398400000,"VAL_METHOD":"UNVERIFIED","VAL_DATE":1566777600000,"OWNER":"GEORGIA POWER CO","VOLTAGE":115,"VOLT_CLASS":"100-161","INFERRED":"Y","SUB_1":"UNKNOWN116598","SUB_2":"DEADEND167110","SHAPE__Len":10217.9598547522,"GlobalID":"938893b9-ed21-4e6d-8b93-e5d9f02a1b95","Shape__Length":10217.960166684528}},{"type":"Feature","id":35498,"geometry":{"type":"LineString","coordinates":[[-84.4985071317661,33.7490536296604],[-84.4985684633438,33.7502814357797],[-84.4996249997972,33.7505239997556],[-84.5000199998075,33.7512519997752],[-84.5004230002136,33.7519859994736],[-84.500556000283,33.7527480000717],[-84.5008740003003,33.7547179998839],[-84.5006740002838,33.7554719995854],[-84.5004969998335,33.7556029997251],[-84.5001429998311,33.7555610000556],[-84.501033000309,33.7562439996321],[-84.5015759995589,33.7567409996542],[-84.5021420001716,33.7572669995583],[-84.5026390002891,33.7576069995197],[-84.5035110003253,33.7581029998214],[-84.5044699995018,33.7586679999089],[-84.5063009996128,33.7602189997802],[-84.5065030001775,33.7606989998494],[-84.5070489998004,33.761205000161],[-84.507689000033,33.7618099995999],[-84.5083169996717,33.7624309997314],[-84.5087789996291,33.7630279996674],[-84.5093539995643,33.7637610001412],[-84.5100869996834,33.7647099994695],[-84.5098990002607,33.7650750000896],[-84.5094699999153,33.7659719998457]]},"properties":{"OBJECTID_1":35498,"OBJECTID":52899,"ID":"160501","TYPE":"AC; OVERHEAD","STATUS":"IN SERVICE","NAICS_CODE":"221121","NAICS_DESC":"ELECTRIC BULK POWER TRANSMISSION AND CONTROL","SOURCE":"IMAGERY","SOURCEDATE":1551312000000,"VAL_METHOD":"IMAGERY","VAL_DATE":1589760000000,"OWNER":"GEORGIA POWER CO","VOLTAGE":115,"VOLT_CLASS":"100-161","INFERRED":"Y","SUB_1":"UNKNOWN111348","SUB_2":"UNKNOWN160950","SHAPE__Len":2891.90064718374,"GlobalID":"ea4ff90c-c9b4-49f2-a6f1-3e09361b0d95","Shape__Length":2891.9005826111406}},{"type":"Feature","id":37180,"geometry":{"type":"LineString","coordinates":[[-84.5298325607198,33.9308333150493],[-84.5290363335778,33.9306558300654],[-84.5278539997469,33.9312179998579]]},"properties":{"OBJECTID_1":37180,"OBJECTID":57712,"ID":"174803","TYPE":"AC; OVERHEAD","STATUS":"IN SERVICE","NAICS_CODE":"221121","NAICS_DESC":"ELECTRIC BULK POWER TRANSMISSION AND CONTROL","SOURCE":"IMAGERY, EIA 861, EIA 860","SOURCEDATE":1586736000000,"VAL_METHOD":"IMAGERY","VAL_DATE":1586736000000,"OWNER":"GEORGIA POWER CO","VOLTAGE":115,"VOLT_CLASS":"100-161","INFERRED":"Y","SUB_1":"UNKNOWN116562","SUB_2":"UNKNOWN172554","SHAPE__Len":243.475059495836,"GlobalID":"c30e60c4-b9e6-439b-afcb-6302b8deba9c","Shape__Length":243.47504401262563}},{"type":"Feature","id":37704,"geometry":{"type":"LineString","coordinates":[[-84.4712540336934,33.8862274338415],[-84.4722629836912,33.8870768450099],[-84.4731551248544,33.8879658028466],[-84.4783939325048,33.8934673787647],[-84.4797496843046,33.8943226600222],[-84.4807327008385,33.8952607458396],[-84.4816525217906,33.8945741805147],[-84.4827313553276,33.8940526776226],[-84.4837417264603,33.8958348521271],[-84.4855457160273,33.89816674995],[-84.4871643148793,33.8971014239784],[-84.4877418768098,33.8978175608515],[-84.488854217507,33.8993090008103],[-84.4891109119977,33.8997824681567],[-84.489317692498,33.9002677694396],[-84.4893551279909,33.9008211290981]]},"properties":{"OBJECTID_1":37704,"OBJECTID":61386,"ID":"174675","TYPE":"AC; OVERHEAD","STATUS":"IN SERVICE","NAICS_CODE":"221121","NAICS_DESC":"ELECTRIC BULK POWER TRANSMISSION AND CONTROL","SOURCE":"IMAGERY, EIA 861, EIA 860","SOURCEDATE":1586736000000,"VAL_METHOD":"IMAGERY","VAL_DATE":1586736000000,"OWNER":"GEORGIA POWER CO","VOLTAGE":230,"VOLT_CLASS":"220-287","INFERRED":"Y","SUB_1":"UNKNOWN116281","SUB_2":"TAP172425","SHAPE__Len":3318.13534340471,"GlobalID":"008b9c66-a064-4cff-9f5f-ab8d34116245","Shape__Length":3318.135455020624}},{"type":"Feature","id":37705,"geometry":{"type":"LineString","coordinates":[[-84.4712540336934,33.8862274338415],[-84.4707320002239,33.885642],[-84.4703079999013,33.8856829999336]]},"properties":{"OBJECTID_1":37705,"OBJECTID":61387,"ID":"174676","TYPE":"AC; OVERHEAD","STATUS":"IN SERVICE","NAICS_CODE":"221121","NAICS_DESC":"ELECTRIC BULK POWER TRANSMISSION AND CONTROL","SOURCE":"IMAGERY","SOURCEDATE":1586736000000,"VAL_METHOD":"IMAGERY","VAL_DATE":1586736000000,"OWNER":"GEORGIA POWER CO","VOLTAGE":230,"VOLT_CLASS":"220-287","INFERRED":"Y","SUB_1":"TAP172425","SUB_2":"UNKNOWN172426","SHAPE__Len":145.191423015798,"GlobalID":"ce5ddfae-fad1-4e68-9a60-2e59fa0ea5d9","Shape__Length":145.19140543505648}},{"type":"Feature","id":37707,"geometry":{"type":"LineString","coordinates":[[-84.5068899997918,33.7917579996622],[-84.5071522252097,33.7924582308071],[-84.5049180001137,33.7932419998754]]},"properties":{"OBJECTID_1":37707,"OBJECTID":61391,"ID":"174679","TYPE":"AC; OVERHEAD","STATUS":"IN SERVICE","NAICS_CODE":"221121","NAICS_DESC":"ELECTRIC BULK POWER TRANSMISSION AND CONTROL","SOURCE":"IMAGERY, EIA 861, EIA 860","SOURCEDATE":1586736000000,"VAL_METHOD":"IMAGERY","VAL_DATE":1586736000000,"OWNER":"GEORGIA POWER CO","VOLTAGE":115,"VOLT_CLASS":"100-161","INFERRED":"Y","SUB_1":"TAP142583","SUB_2":"UNKNOWN172429","SHAPE__Len":368.195416980885,"GlobalID":"78e945a8-b139-4de7-9348-0c5650f454c4","Shape__Length":368.19546273448276}},{"type":"Feature","id":37708,"geometry":{"type":"LineString","coordinates":[[-84.4333319998256,33.7818799996771],[-84.432083473633,33.7819327978485],[-84.4328650151167,33.7835577469366],[-84.430847115121,33.78780389494],[-84.4299522502659,33.7892972556174]]},"properties":{"OBJECTID_1":37708,"OBJECTID":61393,"ID":"174681","TYPE":"AC; OVERHEAD","STATUS":"IN SERVICE","NAICS_CODE":"221121","NAICS_DESC":"ELECTRIC BULK POWER TRANSMISSION AND CONTROL","SOURCE":"IMAGERY","SOURCEDATE":1586736000000,"VAL_METHOD":"IMAGERY","VAL_DATE":1588723200000,"OWNER":"GEORGIA POWER CO","VOLTAGE":115,"VOLT_CLASS":"100-161","INFERRED":"Y","SUB_1":"TAP142623","SUB_2":"UNKNOWN172430","SHAPE__Len":1208.48204025935,"GlobalID":"a1b1426a-f61c-42ba-8617-223ee70a16d1","Shape__Length":1208.482048168485}},{"type":"Feature","id":37709,"geometry":{"type":"LineString","coordinates":[[-84.1526859999439,33.9302109998283],[-84.1549177959954,33.933040677837]]},"properties":{"OBJECTID_1":37709,"OBJECTID":61394,"ID":"174682","TYPE":"AC; OVERHEAD","STATUS":"IN SERVICE","NAICS_CODE":"221121","NAICS_DESC":"ELECTRIC BULK POWER TRANSMISSION AND CONTROL","SOURCE":"IMAGERY","SOURCEDATE":1586736000000,"VAL_METHOD":"IMAGERY","VAL_DATE":1586736000000,"OWNER":"GEORGIA POWER CO","VOLTAGE":115,"VOLT_CLASS":"100-161","INFERRED":"Y","SUB_1":"TAP172431","SUB_2":"UNKNOWN172432","SHAPE__Len":453.716576719908,"GlobalID":"fffd86fb-0494-46ce-a615-14618e909831","Shape__Length":453.7165808225212}},{"type":"Feature","id":37710,"geometry":{"type":"LineString","coordinates":[[-84.1575809998772,33.9355429997011],[-84.1576820001595,33.9354310001496],[-84.1583939994638,33.9350879999547],[-84.1571359996382,33.9339219998818],[-84.1560820000272,33.93337299987],[-84.1549177959954,33.933040677837]]},"properties":{"OBJECTID_1":37710,"OBJECTID":61395,"ID":"174683","TYPE":"AC; OVERHEAD","STATUS":"IN SERVICE","NAICS_CODE":"221121","NAICS_DESC":"ELECTRIC BULK POWER TRANSMISSION AND CONTROL","SOURCE":"IMAGERY, EIA 861, EIA 860","SOURCEDATE":1586736000000,"VAL_METHOD":"IMAGERY","VAL_DATE":1586736000000,"OWNER":"GEORGIA POWER CO","VOLTAGE":115,"VOLT_CLASS":"100-161","INFERRED":"Y","SUB_1":"UNKNOWN116222","SUB_2":"TAP172431","SHAPE__Len":595.977087449392,"GlobalID":"75d494e9-9cab-4241-9dfc-465b466304a9","Shape__Length":595.9769675417934}},{"type":"Feature","id":38033,"geometry":{"type":"LineString","coordinates":[[-84.5505249766084,33.7917381889988],[-84.5501827175868,33.7922063266811],[-84.5508529748748,33.7923307689334],[-84.551516101336,33.7910507906284],[-84.552179226899,33.7908078307043],[-84.5532701769126,33.7910507906284],[-84.5566856345049,33.7915900426276],[-84.5580974528566,33.7920522564569],[-84.5601319995329,33.7931449997371],[-84.5606659994603,33.7940680001399],[-84.5646684890228,33.7985943458437],[-84.5664349999778,33.8006279995625],[-84.5672164282738,33.8019152090375]]},"properties":{"OBJECTID_1":38033,"OBJECTID":62052,"ID":"175879","TYPE":"AC; OVERHEAD","STATUS":"IN SERVICE","NAICS_CODE":"221121","NAICS_DESC":"ELECTRIC BULK POWER TRANSMISSION AND CONTROL","SOURCE":"IMAGERY, EIA 861, EIA 860","SOURCEDATE":1408060800000,"VAL_METHOD":"IMAGERY","VAL_DATE":1601856000000,"OWNER":"GEORGIA POWER CO","VOLTAGE":115,"VOLT_CLASS":"100-161","INFERRED":"Y","SUB_1":"UNKNOWN116538","SUB_2":"TAP173852","SHAPE__Len":2787.22854194418,"GlobalID":"390341c3-997d-4f07-9f78-e1000dc3b7a7","Shape__Length":2787.2286154928443}},{"type":"Feature","id":38034,"geometry":{"type":"LineString","coordinates":[[-84.5672164282738,33.8019152090375],[-84.5676125457882,33.8025677155591],[-84.5683199088873,33.8039958819451],[-84.5688422001733,33.8048832719621],[-84.5705280001951,33.8069079997666],[-84.5712898838454,33.8081598235463],[-84.5716146077526,33.8092595677309],[-84.5719095417284,33.8113412898654],[-84.572308323646,33.8142592547163],[-84.5730213631994,33.8156692165496],[-84.5738984009877,33.8165341400257],[-84.5745757882041,33.8170673070402],[-84.5708323323453,33.8174938391546],[-84.570929780689,33.8180743920514],[-84.5709820707234,33.8182916046768]]},"properties":{"OBJECTID_1":38034,"OBJECTID":62053,"ID":"175880","TYPE":"AC; OVERHEAD","STATUS":"IN SERVICE","NAICS_CODE":"221121","NAICS_DESC":"ELECTRIC BULK POWER TRANSMISSION AND CONTROL","SOURCE":"IMAGERY, EIA 861, EIA 860","SOURCEDATE":1601856000000,"VAL_METHOD":"IMAGERY","VAL_DATE":1601856000000,"OWNER":"GEORGIA POWER CO","VOLTAGE":115,"VOLT_CLASS":"100-161","INFERRED":"Y","SUB_1":"UNKNOWN116539","SUB_2":"TAP173852","SHAPE__Len":2770.07337520531,"GlobalID":"219a07f6-60df-442c-9fab-c88074a53462","Shape__Length":2770.0732858293118}},{"type":"Feature","id":38035,"geometry":{"type":"LineString","coordinates":[[-84.6108953488775,33.7236640330379],[-84.6109554919841,33.7238560880345],[-84.6120769999887,33.7249939996567],[-84.6170010460484,33.7266209098671],[-84.6166329999882,33.7278210001107],[-84.6087966642865,33.7305517800178],[-84.6082446288832,33.7331025618141],[-84.607310000102,33.7375610001697],[-84.6069000000232,33.7382389998533],[-84.6039425637499,33.7391654289765],[-84.6039425637499,33.7424966741728],[-84.6003924082723,33.7427441379806],[-84.5932920955205,33.7425728167866],[-84.5932299994765,33.7424519998439],[-84.5923469384842,33.7421797986239]]},"properties":{"OBJECTID_1":38035,"OBJECTID":62060,"ID":"115853","TYPE":"AC; OVERHEAD","STATUS":"IN SERVICE","NAICS_CODE":"221121","NAICS_DESC":"ELECTRIC BULK POWER TRANSMISSION AND CONTROL","SOURCE":"IMAGERY, EIA 861, EIA 860","SOURCEDATE":1601856000000,"VAL_METHOD":"IMAGERY","VAL_DATE":1601856000000,"OWNER":"GEORGIA POWER CO","VOLTAGE":230,"VOLT_CLASS":"220-287","INFERRED":"Y","SUB_1":"UNKNOWN173854","SUB_2":"UNKNOWN151327","SHAPE__Len":5086.71611763857,"GlobalID":"e490ca81-cd9e-4123-9bff-ea52c7e9d980","Shape__Length":5086.71617488275}},{"type":"Feature","id":38036,"geometry":{"type":"LineString","coordinates":[[-84.6108953488775,33.7236640330379],[-84.6109141901422,33.7234691100388],[-84.6059341637691,33.7184371651078],[-84.6048712322091,33.7174008127529],[-84.6031909999455,33.7156749998151],[-84.5890199999817,33.7120309997946],[-84.5928761674592,33.7086506068854],[-84.597570429859,33.7045353445158],[-84.5983794175696,33.7052346620934],[-84.5987599996195,33.7052699994607]]},"properties":{"OBJECTID_1":38036,"OBJECTID":62061,"ID":"175887","TYPE":"AC; OVERHEAD","STATUS":"IN SERVICE","NAICS_CODE":"221121","NAICS_DESC":"ELECTRIC BULK POWER TRANSMISSION AND CONTROL","SOURCE":"IMAGERY, EIA 861, EIA 860","SOURCEDATE":1601856000000,"VAL_METHOD":"IMAGERY","VAL_DATE":1601856000000,"OWNER":"GEORGIA POWER CO","VOLTAGE":230,"VOLT_CLASS":"220-287","INFERRED":"Y","SUB_1":"UNKNOWN116622","SUB_2":"UNKNOWN173854","SHAPE__Len":4584.42772070098,"GlobalID":"81b98293-0065-4d10-9c4e-c38a74a5c88d","Shape__Length":4584.427802644216}},{"type":"Feature","id":38037,"geometry":{"type":"LineString","coordinates":[[-84.6663764515666,33.7395165019782],[-84.666231133798,33.7402817896482],[-84.6601560395339,33.7402343547222],[-84.6538109251701,33.7401405111803],[-84.6493344817688,33.7383468148133],[-84.6347694690433,33.7321482766961],[-84.6322310492393,33.7310176274851],[-84.6232657701774,33.7281948937431],[-84.6122184154757,33.7247869319067],[-84.6110822882881,33.7236389601348],[-84.6108953488775,33.7236640330379]]},"properties":{"OBJECTID_1":38037,"OBJECTID":62062,"ID":"175888","TYPE":"AC; OVERHEAD","STATUS":"IN SERVICE","NAICS_CODE":"221121","NAICS_DESC":"ELECTRIC BULK POWER TRANSMISSION AND CONTROL","SOURCE":"IMAGERY, EIA 861, EIA 860","SOURCEDATE":1406160000000,"VAL_METHOD":"IMAGERY","VAL_DATE":1601856000000,"OWNER":"GEORGIA POWER CO","VOLTAGE":230,"VOLT_CLASS":"220-287","INFERRED":"Y","SUB_1":"UNKNOWN115644","SUB_2":"UNKNOWN173854","SHAPE__Len":6780.38893245184,"GlobalID":"c76cf815-9524-4d6c-9d93-853eb3055a97","Shape__Length":6780.38889966187}},{"type":"Feature","id":38662,"geometry":{"type":"LineString","coordinates":[[-84.3827475885974,33.96834646167],[-84.3821074886519,33.9682052470294],[-84.3817599996387,33.9677719998891]]},"properties":{"OBJECTID_1":38662,"OBJECTID":64572,"ID":"111019","TYPE":"OVERHEAD","STATUS":"NOT AVAILABLE","NAICS_CODE":"221121","NAICS_DESC":"ELECTRIC BULK POWER TRANSMISSION AND CONTROL","SOURCE":"IMAGERY, EIA 861, EIA 860","SOURCEDATE":1401840000000,"VAL_METHOD":"IMAGERY","VAL_DATE":1611187200000,"OWNER":"GEORGIA POWER CO","VOLTAGE":115,"VOLT_CLASS":"100-161","INFERRED":"Y","SUB_1":"MORGAN FALLS","SUB_2":"NOT AVAILABLE","SHAPE__Len":143.576562619279,"GlobalID":"1c476ec5-4861-4522-adb7-0175ef39d9db","Shape__Length":143.57656085201114}},{"type":"Feature","id":38735,"geometry":{"type":"LineString","coordinates":[[-84.4767799995024,33.8228379994786],[-84.4768941735783,33.8229516738082],[-84.4757358256639,33.82379337483]]},"properties":{"OBJECTID_1":38735,"OBJECTID":64666,"ID":"102004","TYPE":"OVERHEAD","STATUS":"NOT AVAILABLE","NAICS_CODE":"221121","NAICS_DESC":"ELECTRIC BULK POWER TRANSMISSION AND CONTROL","SOURCE":"IMAGERY, OpenStreetMap, http://www.psc.state.fl.us/publications/pdf/electricgas/transmissionreport2007.pdf, EIA 861","SOURCEDATE":1408060800000,"VAL_METHOD":"IMAGERY","VAL_DATE":1611187200000,"OWNER":"GEORGIA POWER CO","VOLTAGE":230,"VOLT_CLASS":"220-287","INFERRED":"Y","SUB_1":"JACK MCDONOUGH","SUB_2":"NOT AVAILABLE","SHAPE__Len":191.150451259539,"GlobalID":"422bb46c-8239-4e62-87b8-86b2e63ec4b2","Shape__Length":191.1504853560947}},{"type":"Feature","id":38800,"geometry":{"type":"LineString","coordinates":[[-84.3940182842417,33.8101291799487],[-84.3931619526206,33.8097138944609],[-84.3924489139656,33.8113668349607],[-84.3923704802615,33.8116808311407],[-84.3936396901635,33.8116156620762],[-84.3937537762046,33.8118289404986],[-84.394335999493,33.8117750001385]]},"properties":{"OBJECTID_1":38800,"OBJECTID":64766,"ID":"120311","TYPE":"OVERHEAD","STATUS":"NOT AVAILABLE","NAICS_CODE":"221121","NAICS_DESC":"ELECTRIC BULK POWER TRANSMISSION AND CONTROL","SOURCE":"IMAGERY, EIA 861","SOURCEDATE":1401840000000,"VAL_METHOD":"IMAGERY","VAL_DATE":1611273600000,"OWNER":"GEORGIA POWER CO","VOLTAGE":230,"VOLT_CLASS":"220-287","INFERRED":"Y","SUB_1":"SHEPHERD CENTER","SUB_2":"NOT AVAILABLE","SHAPE__Len":626.634849504998,"GlobalID":"2c38ec21-9366-4b61-bc64-a9de99acbf2b","Shape__Length":626.6348417358508}},{"type":"Feature","id":38809,"geometry":{"type":"LineString","coordinates":[[-84.5194288695804,33.4490542770553],[-84.5193787597573,33.448500316473],[-84.5187964439423,33.4483020005547],[-84.5188142701108,33.4472509195172],[-84.516663268536,33.4479995691056],[-84.5135318375753,33.4493679425343],[-84.5107806949154,33.4498141479784],[-84.5103053361115,33.4502405187586],[-84.5044940671649,33.4508255357378],[-84.5022063985977,33.4497794426515],[-84.499942499453,33.4489663575457],[-84.4971675891673,33.4485945168251],[-84.4950165866942,33.4486093906344],[-84.4937450007482,33.4484358644489],[-84.4925387762224,33.4490308099251],[-84.4917484905377,33.4491597137907],[-84.4900550224967,33.4491051778228],[-84.4877732980818,33.4489911468705],[-84.4810291358991,33.4485598117597],[-84.4792108855769,33.448391242924],[-84.4765369890483,33.4479251995105],[-84.4711951365501,33.4471468026666],[-84.470660356885,33.4466857108626],[-84.4691867425266,33.4465865508856],[-84.4676299405797,33.4466014250393],[-84.4658414011372,33.4468741139068],[-84.46478372562,33.4471418451465],[-84.463446778254,33.4474343638304],[-84.4623213634762,33.4478567804761],[-84.4617129039915,33.4478647128923],[-84.4579337957958,33.4478766118903],[-84.4552622762094,33.4478448814754],[-84.4552527693388,33.4484913924763],[-84.4550008287325,33.4487967978651],[-84.4549580455688,33.4503634718732],[-84.4552765369646,33.4506728371244],[-84.4552527693388,33.4537069364759],[-84.4551672039097,33.4548888185057],[-84.4549105103172,33.4559477386543],[-84.4545112082751,33.4567805891824],[-84.4538504587561,33.4578196570922],[-84.4521106430363,33.4605362469435],[-84.4506940716985,33.4628006665297],[-84.4484551286506,33.4661476165593],[-84.4466012268898,33.4690304909194],[-84.4456790298938,33.4704976659537],[-84.4451181047624,33.4712471054608],[-84.4443717907126,33.4720639478536],[-84.4431643777156,33.4731504147],[-84.4411536076483,33.4748157764596],[-84.4387435346405,33.476909327725],[-84.4381065527473,33.4775239024475],[-84.4374505571127,33.4783486160466],[-84.4369276621589,33.4793834610224],[-84.4358676096994,33.4818971701825],[-84.4347315004781,33.4846328276248],[-84.4335335961484,33.4873961505902],[-84.4338711012855,33.4877727800727],[-84.4355301045623,33.4881375144472],[-84.4373935140922,33.488193017793],[-84.438596174103,33.4883040236286],[-84.4393900243027,33.488533963568],[-84.4400317591821,33.4884427809104],[-84.4405762047196,33.4881390727728]]},"properties":{"OBJECTID_1":38809,"OBJECTID":64784,"ID":"106793","TYPE":"OVERHEAD","STATUS":"NOT AVAILABLE","NAICS_CODE":"221121","NAICS_DESC":"ELECTRIC BULK POWER TRANSMISSION AND CONTROL","SOURCE":"IMAGERY, OpenStreetMap, EIA 861","SOURCEDATE":1407974400000,"VAL_METHOD":"IMAGERY","VAL_DATE":1611532800000,"OWNER":"GEORGIA POWER CO","VOLTAGE":230,"VOLT_CLASS":"220-287","INFERRED":"Y","SUB_1":"UNKNOWN116410","SUB_2":"NOT AVAILABLE","SHAPE__Len":14436.9455326119,"GlobalID":"2eb77098-8855-40b5-b22e-14eb353a2801","Shape__Length":14436.945623925842}}],"_source":"HIFLD Open \u00b7 https://services1.arcgis.com/Hp6G80Pky0om7QvQ/ArcGIS/rest/services/Electric_Power_Transmission_Lines/FeatureServer/0 \u00b7 2026-05-05"}