{"type":"FeatureCollection","features":[{"type":"Feature","geometry":{"type":"LineString","coordinates":[[-84.5385146,33.8455498],[-84.5385216,33.8456192],[-84.5374013,33.8456819],[-84.5373696,33.8457172],[-84.537377,33.845766],[-84.537476,33.845869],[-84.5375539,33.8459311],[-84.537602,33.845963],[-84.537628,33.845978],[-84.537668,33.846016],[-84.53769,33.846064],[-84.537691,33.846114]]},"properties":{"foot":"yes","highway":"cycleway","tiger:county":"Cobb, GA","osm_id":9132996,"osm_type":"way"}},{"type":"Feature","geometry":{"type":"LineString","coordinates":[[-84.4389945,33.9218129],[-84.4389265,33.9217653],[-84.4388933,33.9217392],[-84.4388669,33.9217045],[-84.4388582,33.9214259],[-84.4388652,33.9211422],[-84.4389032,33.9209366],[-84.4390044,33.9207466],[-84.4390433,33.9206756],[-84.4390597,33.9204813],[-84.4390123,33.920334],[-84.4390478,33.9200164],[-84.4391007,33.9198245],[-84.4392327,33.9194749],[-84.4393185,33.9192562],[-84.4393661,33.9191219],[-84.4394464,33.9190046],[-84.4395299,33.9188985],[-84.43973,33.9186872],[-84.4399017,33.9185163],[-84.440245,33.9181388],[-84.4406141,33.91769],[-84.4410175,33.9173054],[-84.4414466,33.9169992],[-84.4419359,33.9166786],[-84.4423575,33.9164356],[-84.4427865,33.9162046],[-84.4433092,33.9157883],[-84.4438242,33.9155746],[-84.444219,33.9153253],[-84.4445623,33.915076],[-84.4448078,33.9148819],[-84.4450416,33.9146019],[-84.4452627,33.9143104],[-84.4453691,33.9141144],[-84.4456266,33.9138651],[-84.4461931,33.9133879],[-84.4464712,33.9131349],[-84.4467485,33.9128989],[-84.4470798,33.9126555],[-84.4471425,33.9125824]]},"properties":{"bicycle":"designated","foot":"designated","highway":"cycleway","maxspeed:bicycle":"10 mph","opening_hours":"Mo-Su (sunrise-00:30)-(sunset+00:30)","segregated":"no","surface":"fine_gravel","osm_id":9152678,"osm_type":"way"}},{"type":"Feature","geometry":{"type":"LineString","coordinates":[[-84.264919,33.7795692],[-84.2644265,33.7798504],[-84.2643146,33.779847],[-84.2642717,33.7798258],[-84.2641872,33.7797533],[-84.2641389,33.7797043],[-84.2640786,33.7796296],[-84.2640089,33.7795438],[-84.2639726,33.7795081],[-84.2639431,33.7794869],[-84.263915,33.7794735],[-84.2638935,33.7794668],[-84.263873,33.7794661],[-84.2638506,33.7794713],[-84.2638332,33.7794869],[-84.2638043,33.7795375],[-84.2637786,33.7796017],[-84.263742,33.779721],[-84.2637138,33.779779],[-84.2636842,33.7798228],[-84.2636588,33.7798492],[-84.263624,33.7798793],[-84.2635757,33.7799072],[-84.2634818,33.7799361],[-84.2634483,33.7799573],[-84.2634201,33.7799807],[-84.2633799,33.780022]]},"properties":{"bicycle":"designated","foot":"designated","highway":"cycleway","lcn_ref":"PATH","motor_vehicle":"no","name":"Stone Mountain Trail","segregated":"no","surface":"paved","tiger:cfcc":"A41","tiger:county":"DeKalb, GA","tiger:reviewed":"no","trail_visibility":"excellent","osm_id":9164802,"osm_type":"way"}},{"type":"Feature","geometry":{"type":"LineString","coordinates":[[-84.3053275,33.9113957],[-84.30537,33.911059],[-84.305381,33.910714],[-84.305382,33.910418],[-84.305349,33.910143],[-84.305289,33.909895],[-84.305026,33.909287],[-84.30471,33.908904],[-84.3042295,33.9084253],[-84.3041468,33.9083459],[-84.3041223,33.9083216]]},"properties":{"cycleway":"lane","highway":"residential","lanes":"2","name":"Longview Drive","oneway":"no","surface":"asphalt","tiger:cfcc":"A45","tiger:county":"DeKalb, GA","tiger:name_base":"Longview","tiger:name_type":"Dr","tiger:reviewed":"no","osm_id":9170925,"osm_type":"way"}},{"type":"Feature","geometry":{"type":"LineString","coordinates":[[-84.333529,33.833457],[-84.3335757,33.8335439],[-84.333875,33.834101],[-84.3339693,33.8342529],[-84.3339772,33.8342657],[-84.334019,33.834333],[-84.334185,33.834539],[-84.334441,33.834764],[-84.334829,33.835009],[-84.3350972,33.8351531],[-84.3352275,33.8352231]]},"properties":{"cycleway":"lane","highway":"residential","name":"Corporate Boulevard Northeast","surface":"asphalt","tiger:cfcc":"A49","tiger:county":"DeKalb, GA","tiger:name_base":"Corporate","tiger:name_direction_suffix":"NE","tiger:name_type":"Blvd","tiger:reviewed":"no","osm_id":9172692,"osm_type":"way"}},{"type":"Feature","geometry":{"type":"LineString","coordinates":[[-84.2987718,33.7816422],[-84.298916,33.7818177],[-84.2989453,33.7818619],[-84.2989629,33.7819029],[-84.2989904,33.7819714],[-84.2989876,33.7821044],[-84.2989686,33.7821731],[-84.2989371,33.7822406],[-84.298847,33.7823863]]},"properties":{"highway":"cycleway","name":"Superior Avenue","surface":"asphalt","osm_id":9189985,"osm_type":"way"}},{"type":"Feature","geometry":{"type":"LineString","coordinates":[[-84.3995612,33.7538422],[-84.3994208,33.7538347],[-84.3989787,33.75382],[-84.3988341,33.7538132],[-84.3985596,33.7537875],[-84.398436,33.753772],[-84.3984121,33.7537667],[-84.398173,33.753714],[-84.398055,33.753658],[-84.397979,33.753622],[-84.3977819,33.7535171]]},"properties":{"cycleway":"lane","cycleway:left:buffer":"no","highway":"secondary","name":"Mitchell Street Southwest","sidewalk:both":"separate","osm_id":9241117,"osm_type":"way"}},{"type":"Feature","geometry":{"type":"LineString","coordinates":[[-84.397798,33.7752168],[-84.397829,33.7752804],[-84.3978253,33.775353],[-84.3978221,33.7755648],[-84.3978255,33.7756462],[-84.3978254,33.7757575],[-84.3978239,33.7759331],[-84.3978206,33.7763014],[-84.3978184,33.7763493],[-84.397815,33.7767195],[-84.3978138,33.7768033],[-84.3978107,33.7770782],[-84.3978092,33.7771378],[-84.3978056,33.7774161]]},"properties":{"bicycle":"designated","foot":"designated","highway":"cycleway","incline":"up","lit":"yes","motor_vehicle":"private","name":"Atlantic Drive Northwest","sidewalk":"both","surface":"paving_stones","tiger:cfcc":"A41","tiger:name_base":"Atlantic","tiger:name_direction_suffix":"NW","tiger:name_type":"Dr","osm_id":9245986,"osm_type":"way"}},{"type":"Feature","geometry":{"type":"LineString","coordinates":[[-84.453889,33.655119],[-84.4540867,33.6549016],[-84.4541778,33.6548199],[-84.4542824,33.6547502],[-84.4544124,33.6546853],[-84.4545454,33.6546388],[-84.45468,33.6546122],[-84.4548209,33.6546033],[-84.4548309,33.6546033],[-84.4556273,33.6546037],[-84.4576034,33.6546122],[-84.45774,33.6546212],[-84.4578967,33.65465],[-84.458025,33.6546864],[-84.4581605,33.6547419]]},"properties":{"cycleway":"lane","highway":"residential","name":"Princeton Avenue","tiger:cfcc":"A41","tiger:county":"Fulton, GA","tiger:name_base":"Princeton","tiger:name_type":"Ave","tiger:reviewed":"no","tiger:zip_left":"30337","osm_id":9248908,"osm_type":"way"}},{"type":"Feature","geometry":{"type":"LineString","coordinates":[[-84.377735,33.771233],[-84.3777333,33.7713425],[-84.3777244,33.7719084],[-84.3777188,33.7722705],[-84.377716,33.7724458],[-84.3777117,33.7724802],[-84.377702,33.772554]]},"properties":{"bicycle":"designated","cycleway":"lane","highway":"residential","maxspeed":"25 mph","name":"Argonne Avenue Northeast","sidewalk:both":"separate","tiger:cfcc":"A41","tiger:county":"Fulton, GA","tiger:name_base":"Argonne","tiger:name_direction_suffix":"NE","tiger:name_type":"Ave","tiger:reviewed":"no","tiger:zip_left":"30309","tiger:zip_right":"30309","osm_id":9250084,"osm_type":"way"}},{"type":"Feature","geometry":{"type":"LineString","coordinates":[[-84.3744029,33.8017416],[-84.3743524,33.8016295],[-84.3743173,33.8015196],[-84.3743019,33.8014168],[-84.3742809,33.8012902],[-84.3742496,33.8012008],[-84.3741201,33.80098],[-84.373863,33.8005408],[-84.3737786,33.8004225],[-84.3736918,33.8003173],[-84.3735137,33.8001227],[-84.3734537,33.8000511],[-84.373397,33.7999718],[-84.3733286,33.7998577],[-84.3731112,33.7994768],[-84.3730691,33.7994031],[-84.3730074,33.7992724],[-84.3729955,33.7992299],[-84.3729879,33.7991817],[-84.372964,33.7989752],[-84.3729496,33.7988879],[-84.3729206,33.7987962]]},"properties":{"bicycle":"designated","electrified":"no","foot":"designated","gauge":"1435","highway":"cycleway","name":"Atlanta Beltline Northeast Trail","oneway":"no","segregated":"no","surface":"concrete","osm_id":9254081,"osm_type":"way"}},{"type":"Feature","geometry":{"type":"LineString","coordinates":[[-84.3530411,33.7580516],[-84.3530273,33.7580632],[-84.3530421,33.75809],[-84.3530702,33.7581312],[-84.3531252,33.7581825],[-84.3531748,33.7582461],[-84.3533505,33.7588281],[-84.3534127,33.7588907],[-84.3534779,33.7590667],[-84.3535182,33.7591169],[-84.3535798,33.7591425],[-84.3538119,33.7592239],[-84.353964,33.7592875],[-84.3540189,33.7593251],[-84.3540653,33.75939],[-84.3541845,33.7595568]]},"properties":{"bicycle":"designated","foot":"designated","highway":"cycleway","name":"Poplar Court Northeast","segregated":"no","tiger:cfcc":"A41","tiger:county":"Fulton, GA","tiger:name_base":"Poplar","tiger:name_direction_suffix":"NE","tiger:name_type":"Ct","tiger:reviewed":"no","tiger:zip_left":"30307","tiger:zip_right":"30307","osm_id":9258427,"osm_type":"way"}},{"type":"Feature","geometry":{"type":"LineString","coordinates":[[-84.408496,33.673051],[-84.408504,33.671966],[-84.4085085,33.6713845],[-84.408513,33.670803],[-84.4085136,33.6707339],[-84.408518,33.670264],[-84.4085197,33.6700475],[-84.408532,33.668509],[-84.4085346,33.6681665],[-84.408535,33.6681178],[-84.4085359,33.6679958],[-84.408544,33.666925],[-84.408547,33.66676],[-84.4085596,33.666062]]},"properties":{"cycleway":"lane","highway":"primary","lanes":"2","maxspeed":"35 mph","name":"Dogwood Drive","old_name":"Stewart Avenue","ref":"US 19;US 41;GA 3","tiger:cfcc":"A21","tiger:county":"Fulton, GA","tiger:name_base":"Dogwood","tiger:name_base_1":"State Route 3","tiger:name_base_2":"United States Highway 41","tiger:name_base_3":"United States Highway 19","tiger:name_type":"Dr","tiger:reviewed":"no","tiger:zip_left":"30354","tiger:zip_right":"30354","osm_id":9262885,"osm_type":"way"}},{"type":"Feature","geometry":{"type":"LineString","coordinates":[[-84.3916159,33.7485992],[-84.3921986,33.7489221],[-84.3926405,33.749167],[-84.3927116,33.7491995]]},"properties":{"cycleway":"lane","highway":"primary","lanes":"3","lanes:backward":"1","lanes:forward":"2","name":"Trinity Avenue Southwest","ref":"GA 154","sidewalk:both":"separate","tiger:cfcc":"A31","tiger:county":"Fulton, GA","tiger:name_base":"Trinity","tiger:name_base_1":"State Route 14","tiger:name_base_2":"State Route 154","tiger:name_direction_suffix":"SW","tiger:name_type":"Ave","tiger:reviewed":"no","turn:lanes:forward":"left|through","osm_id":9266408,"osm_type":"way"}},{"type":"Feature","geometry":{"type":"LineString","coordinates":[[-84.5099213,33.8397601],[-84.50789,33.83917],[-84.507183,33.839006],[-84.5066245,33.8388773],[-84.506541,33.838858],[-84.506431,33.838829],[-84.5055813,33.8386058]]},"properties":{"abandoned:railway":"rail","bicycle":"designated","foot":"designated","highway":"cycleway","old_railway_operator":"SAL","railway":"abandoned","segregated":"no","surface":"concrete","osm_id":9267371,"osm_type":"way"}},{"type":"Feature","geometry":{"type":"LineString","coordinates":[[-84.4264136,33.7749682],[-84.426436,33.7750781],[-84.4264767,33.7753552],[-84.4264746,33.7754143],[-84.4264604,33.7754549],[-84.4264238,33.775514],[-84.4263608,33.7755647],[-84.4262693,33.7756086],[-84.4261656,33.7756458],[-84.4261391,33.7756665],[-84.426123,33.7757455],[-84.4261148,33.7760057],[-84.4261169,33.7761932],[-84.4261352,33.7763825],[-84.4261677,33.7765413],[-84.426221,33.776749],[-84.4262917,33.7770245],[-84.4264502,33.7774317],[-84.4265783,33.77767],[-84.4267043,33.7779082],[-84.4271251,33.7784506],[-84.4274422,33.7787902],[-84.4277126,33.7790301],[-84.4284562,33.7796324],[-84.4285887,33.7797397],[-84.4286944,33.7797752],[-84.4287466,33.7798053],[-84.4288123,33.779848],[-84.4288631,33.7799492],[-84.4291558,33.7801841],[-84.4293042,33.7803378],[-84.4294627,33.7805254],[-84.429601,33.7807585],[-84.4297046,33.7809782],[-84.4297636,33.781159],[-84.4298022,33.7813668],[-84.4298102,33.7814374],[-84.4298144,33.7814749],[-84.4298205,33.7816827],[-84.4298144,33.7820527],[-84.42979,33.7822521],[-84.4297595,33.7824565],[-84.4297275,33.7825688],[-84.4297046,33.7826491],[-84.4296254,33.7828417],[-84.4295115,33.7830462],[-84.4294058,33.783205],[-84.42929,33.7833486],[-84.4291436,33.783504],[-84.4290786,33.7835631],[-84.4290225,33.7836196],[-84.4284159,33.7842305],[-84.4281963,33.7845177],[-84.4280805,33.7846985],[-84.4280114,33.7848471],[-84.4279666,33.7849536],[-84.4279057,33.7851665],[-84.4278792,33.7853253],[-84.4278711,33.7856006],[-84.4278861,33.7857093],[-84.4279056,33.7858504],[-84.4279644,33.7859292],[-84.4279836,33.7859667],[-84.4279882,33.7860106],[-84.4279953,33.7861475],[-84.4280353,33.7862265],[-84.4280369,33.7862574]]},"properties":{"bicycle":"designated","foot":"designated","highway":"cycleway","name":"Atlanta Beltline Westside Trail","oneway":"no","segregated":"no","surface":"concrete","osm_id":9267440,"osm_type":"way"}},{"type":"Feature","geometry":{"type":"LineString","coordinates":[[-84.3640832,33.8439584],[-84.3640194,33.8439743],[-84.3639776,33.8439708],[-84.3639262,33.8439435],[-84.3639087,33.8439371],[-84.3638522,33.8439163],[-84.3637822,33.8438799],[-84.3637207,33.8438466],[-84.3636226,33.8437798],[-84.3633005,33.8435722],[-84.3629658,33.8433441],[-84.362916,33.843284],[-84.362864,33.843239],[-84.362852,33.843158],[-84.362869,33.843081],[-84.362902,33.842972],[-84.3629239,33.8428672]]},"properties":{"foot":"yes","highway":"cycleway","name":"PATH400","osm_id":9268203,"osm_type":"way"}},{"type":"Feature","geometry":{"type":"LineString","coordinates":[[-84.4685738,33.7356305],[-84.4689654,33.735238],[-84.4693047,33.7346535]]},"properties":{"bicycle":"designated","foot":"designated","highway":"cycleway","motor_vehicle":"no","name":"Lionel Hampton Trail","surface":"concrete","osm_id":9273040,"osm_type":"way"}},{"type":"Feature","geometry":{"type":"LineString","coordinates":[[-84.3798004,33.8798577],[-84.3796404,33.8798567],[-84.3786666,33.8798496],[-84.3785848,33.879849],[-84.3784256,33.8798479],[-84.3782275,33.879867]]},"properties":{"cycleway":"lane","highway":"tertiary","lanes":"2","maxspeed":"35 mph","name":"Windsor Parkway Northeast","sidewalk":"both","tiger:cfcc":"A41","tiger:county":"Fulton, GA","tiger:name_base":"Windsor","tiger:name_direction_suffix":"NE","tiger:name_type":"Pky","tiger:reviewed":"no","tiger:zip_left":"30342","tiger:zip_right":"30342","osm_id":9274759,"osm_type":"way"}},{"type":"Feature","geometry":{"type":"LineString","coordinates":[[-84.3550227,33.7594245],[-84.3549404,33.7594481],[-84.3549,33.7594571],[-84.3547524,33.7594704],[-84.3545942,33.759466],[-84.3544395,33.7594725],[-84.3543685,33.7594825],[-84.3542973,33.7594993],[-84.3541845,33.7595568],[-84.3541523,33.7596015],[-84.3541337,33.7596476],[-84.3541525,33.7597836],[-84.3543014,33.7600233],[-84.3546715,33.7604426],[-84.3549103,33.7606348],[-84.3549238,33.7606456],[-84.3549558,33.76067],[-84.3549881,33.7607628],[-84.3548753,33.7609279]]},"properties":{"bicycle":"designated","foot":"designated","highway":"cycleway","motorcar":"no","name":"Poplar Circle Northeast","segregated":"no","tiger:cfcc":"A41","tiger:county":"Fulton, GA","tiger:name_base":"Poplar","tiger:name_direction_suffix":"NE","tiger:name_type":"Cir","tiger:zip_left":"30307","tiger:zip_right":"30307","osm_id":9275137,"osm_type":"way"}},{"type":"Feature","geometry":{"type":"LineString","coordinates":[[-84.2947286,33.7632759],[-84.2947173,33.7631485],[-84.2947469,33.7630147],[-84.2947324,33.7628724],[-84.2945865,33.7625799],[-84.2945863,33.7625066]]},"properties":{"bicycle":"designated","foot":"designated","highway":"cycleway","name":"Decatur Trolley Trail","segregated":"no","osm_id":23217746,"osm_type":"way"}},{"type":"Feature","geometry":{"type":"LineString","coordinates":[[-84.2990324,33.7778348],[-84.2992381,33.7779488]]},"properties":{"cycleway":"lane","highway":"cycleway","osm_id":23283114,"osm_type":"way"}},{"type":"Feature","geometry":{"type":"LineString","coordinates":[[-84.5544135,33.8503934],[-84.5543747,33.850404],[-84.5543359,33.8503829],[-84.5540644,33.8500796],[-84.5539797,33.8500055],[-84.5539133,33.8499632],[-84.553195,33.849646],[-84.552844,33.849513],[-84.552374,33.849292],[-84.552121,33.849147],[-84.551172,33.848595],[-84.55069,33.848312],[-84.550413,33.848123],[-84.550074,33.847894],[-84.549561,33.847583],[-84.547801,33.846516],[-84.547724,33.846469],[-84.5473784,33.8462777],[-84.547106,33.846127],[-84.546989,33.846068],[-84.546776,33.84596],[-84.546375,33.845825],[-84.5460343,33.8457337],[-84.545761,33.845686],[-84.545164,33.845658],[-84.544959,33.845667],[-84.544203,33.845704],[-84.544071,33.845711],[-84.542932,33.845782],[-84.541778,33.845865],[-84.540912,33.845928],[-84.540649,33.845931],[-84.539861,33.845983],[-84.539661,33.845998],[-84.538943,33.84599],[-84.5387932,33.8460039],[-84.538631,33.846019],[-84.5377423,33.8461088],[-84.537691,33.846114],[-84.537475,33.846136],[-84.536514,33.846188],[-84.535758,33.846254],[-84.53477,33.846314],[-84.534121,33.84634],[-84.534043,33.846342],[-84.533687,33.84635],[-84.53349,33.846335],[-84.53337,33.846325],[-84.533078,33.84628],[-84.532938,33.846243],[-84.532685,33.846174],[-84.532284,33.846029],[-84.531874,33.845796],[-84.531471,33.845554],[-84.530927,33.845195],[-84.530011,33.844587],[-84.5297289,33.8444045]]},"properties":{"abandoned:railway":"rail","foot":"yes","highway":"cycleway","name":"Silver Comet Trail","old_railway_operator":"SAL","railway":"abandoned","segregated":"no","surface":"asphalt","osm_id":23629853,"osm_type":"way"}},{"type":"Feature","geometry":{"type":"LineString","coordinates":[[-84.3356853,33.7737629],[-84.3356943,33.773748],[-84.3357216,33.7735972],[-84.3357584,33.7732226],[-84.3357933,33.773153],[-84.3360121,33.7728521],[-84.3360504,33.7727667],[-84.3360802,33.772627],[-84.3360718,33.7725328],[-84.336073,33.772387],[-84.3361027,33.7721904],[-84.3361199,33.7718457],[-84.3360988,33.7717333]]},"properties":{"bicycle":"designated","foot":"designated","highway":"cycleway","motor_vehicle":"no","name":"Stone Mountain Trail","surface":"concrete","osm_id":24617420,"osm_type":"way"}},{"type":"Feature","geometry":{"type":"LineString","coordinates":[[-84.3557157,33.764813],[-84.3556449,33.7647537],[-84.3556092,33.7646973],[-84.3556122,33.7646693],[-84.3556203,33.7646415],[-84.3557475,33.7645456],[-84.3557674,33.7645246],[-84.3558066,33.7644341],[-84.3558237,33.7643716]]},"properties":{"bicycle":"designated","foot":"designated","highway":"path","motor_vehicle":"no","surface":"concrete","osm_id":24617423,"osm_type":"way"}},{"type":"Feature","geometry":{"type":"LineString","coordinates":[[-84.3564034,33.764316],[-84.3563471,33.7642477],[-84.3563263,33.7642354],[-84.3563,33.7642265],[-84.356233,33.7642255],[-84.3561659,33.7642538],[-84.3560471,33.7643315],[-84.3560042,33.7643514],[-84.3559265,33.7643665],[-84.3558748,33.7643715],[-84.3558237,33.7643716],[-84.355777,33.7643572],[-84.3557219,33.7643271],[-84.3556792,33.7642811],[-84.3556434,33.7642447]]},"properties":{"bicycle":"designated","foot":"designated","highway":"path","motor_vehicle":"no","surface":"concrete","osm_id":24617426,"osm_type":"way"}},{"type":"Feature","geometry":{"type":"Polygon","coordinates":[[[-84.3556005,33.7641952],[-84.3556127,33.7641918],[-84.3556275,33.7641924],[-84.3556392,33.7641969],[-84.3556483,33.7642044],[-84.3556537,33.7642135],[-84.3556551,33.7642241],[-84.3556529,33.7642328],[-84.3556434,33.7642447],[-84.3556326,33.7642505],[-84.3556201,33.7642529],[-84.3556101,33.7642521],[-84.3555982,33.764248],[-84.3555889,33.7642409],[-84.355583,33.7642315],[-84.3555821,33.7642156],[-84.3555869,33.7642057],[-84.3556005,33.7641952]]]},"properties":{"bicycle":"designated","foot":"designated","highway":"path","motor_vehicle":"no","surface":"concrete","osm_id":24617433,"osm_type":"way"}},{"type":"Feature","geometry":{"type":"LineString","coordinates":[[-84.3597938,33.7737044],[-84.3597413,33.7736307],[-84.3597197,33.7735764],[-84.359682,33.7735461],[-84.3596074,33.7735373],[-84.3593365,33.7734823],[-84.3592353,33.7733539],[-84.3591977,33.7732112],[-84.3591709,33.7730284],[-84.3590851,33.7728678],[-84.3589295,33.772685],[-84.3588692,33.7725581],[-84.3588852,33.7723434],[-84.3588551,33.7722258],[-84.358785,33.7721289],[-84.3586718,33.7720351],[-84.3584679,33.7718947],[-84.3584055,33.7717593],[-84.3584383,33.7715239],[-84.3585325,33.7714052],[-84.3586986,33.7713191],[-84.3588557,33.7713106],[-84.3592243,33.7711913],[-84.359306,33.7711628]]},"properties":{"bicycle":"designated","foot":"designated","highway":"path","motor_vehicle":"no","surface":"paved","osm_id":24617459,"osm_type":"way"}},{"type":"Feature","geometry":{"type":"LineString","coordinates":[[-84.3489233,33.7710297],[-84.3488669,33.7709499],[-84.3487854,33.7707726],[-84.3487777,33.7706173],[-84.3488218,33.7703216],[-84.3488258,33.7702791],[-84.3488266,33.7702448],[-84.3488274,33.7702124],[-84.3488055,33.7700978]]},"properties":{"bicycle":"designated","foot":"designated","highway":"cycleway","segregated":"no","osm_id":24617461,"osm_type":"way"}},{"type":"Feature","geometry":{"type":"LineString","coordinates":[[-84.3488101,33.7698529],[-84.3488253,33.7698158],[-84.348835,33.7697682],[-84.348841,33.7696638],[-84.3488165,33.7694978],[-84.3488089,33.7694409],[-84.3488164,33.769349],[-84.3488369,33.7692376],[-84.3488795,33.7691088],[-84.3489065,33.769042]]},"properties":{"bicycle":"designated","foot":"designated","highway":"cycleway","motor_vehicle":"no","segregated":"no","surface":"concrete","osm_id":24617465,"osm_type":"way"}},{"type":"Feature","geometry":{"type":"LineString","coordinates":[[-84.2965162,33.8028864],[-84.2965247,33.8029434],[-84.2964794,33.8030025],[-84.2965056,33.8030633],[-84.2965092,33.8030716],[-84.296624,33.803278],[-84.2966964,33.803407],[-84.2967737,33.803514],[-84.2968031,33.8035445],[-84.296911,33.8036566],[-84.2970311,33.8037493],[-84.2970365,33.8037821],[-84.2970569,33.8039063],[-84.2970483,33.8040632],[-84.2969711,33.8042058],[-84.2969196,33.8043484],[-84.2969453,33.8045053],[-84.2969796,33.8046765],[-84.2970483,33.8048905],[-84.2971341,33.8050545]]},"properties":{"cycleway":"track","foot":"yes","highway":"cycleway","name":"South Peachtree Creek PATH Trail","surface":"concrete","osm_id":25200462,"osm_type":"way"}},{"type":"Feature","geometry":{"type":"LineString","coordinates":[[-84.3052685,33.8061109],[-84.3052229,33.8060694]]},"properties":{"cycleway":"track","foot":"yes","highway":"cycleway","name":"South Peachtree Creek PATH Trail","surface":"concrete","osm_id":25397836,"osm_type":"way"}},{"type":"Feature","geometry":{"type":"LineString","coordinates":[[-84.2889642,33.782362],[-84.2892738,33.7823248],[-84.2895313,33.7823248],[-84.2897631,33.782339],[-84.2898961,33.782339],[-84.2899605,33.782339],[-84.2900873,33.7823566],[-84.2901317,33.7823708],[-84.2903115,33.7823663],[-84.2903973,33.7824091],[-84.2905604,33.7824804],[-84.2907149,33.7825518],[-84.2908437,33.7825946],[-84.2910067,33.782673],[-84.2911269,33.782723],[-84.2912212,33.782769]]},"properties":{"foot":"yes","highway":"cycleway","osm_id":25565529,"osm_type":"way"}},{"type":"Feature","geometry":{"type":"LineString","coordinates":[[-84.3995794,33.7746273],[-84.3996799,33.774636],[-84.3998604,33.7747007],[-84.3999402,33.7747481],[-84.4000822,33.7749179],[-84.4001246,33.7749686],[-84.4002289,33.7751243],[-84.4004676,33.7753999],[-84.4006721,33.7756362],[-84.400733,33.7757781],[-84.4007656,33.7759385],[-84.4007921,33.7760865],[-84.4010686,33.776524]]},"properties":{"bicycle":"designated","foot":"designated","highway":"cycleway","surface":"concrete","osm_id":28688314,"osm_type":"way"}},{"type":"Feature","geometry":{"type":"LineString","coordinates":[[-84.3648047,33.7619288],[-84.364975,33.7621686]]},"properties":{"foot":"yes","highway":"cycleway","source":"bing_imagery","osm_id":30977457,"osm_type":"way"}},{"type":"Feature","geometry":{"type":"LineString","coordinates":[[-84.3698788,33.7593591],[-84.3698786,33.7593746],[-84.3698767,33.759431],[-84.3698817,33.7596385],[-84.3698837,33.7597035],[-84.3698687,33.7597622],[-84.3698448,33.759808],[-84.3697965,33.7598726],[-84.3697546,33.7599094],[-84.3696972,33.7599429]]},"properties":{"bicycle":"designated","foot":"yes","highway":"path","motor_vehicle":"no","osm_id":30977525,"osm_type":"way"}},{"type":"Feature","geometry":{"type":"LineString","coordinates":[[-84.3698837,33.7597035],[-84.369911,33.7597494],[-84.3699552,33.7597898],[-84.3700419,33.7598637],[-84.3701277,33.759915]]},"properties":{"bicycle":"designated","foot":"yes","highway":"path","motor_vehicle":"no","osm_id":30977533,"osm_type":"way"}},{"type":"Feature","geometry":{"type":"LineString","coordinates":[[-84.3776222,33.8084335],[-84.3775799,33.8082306],[-84.3775516,33.8081042],[-84.3775064,33.8079038]]},"properties":{"abandoned:railway":"rail","bicycle":"designated","electrified":"no","end_date:railway":"2017","foot":"designated","gauge":"1435","highway":"cycleway","name":"Atlanta Beltline Northeast Trail","old_railway_operator":"Southern","oneway":"no","operator":"Norfolk Southern Railway","operator:wikidata":"Q1321054","railway":"abandoned","segregated":"no","surface":"concrete","osm_id":38981770,"osm_type":"way"}},{"type":"Feature","geometry":{"type":"LineString","coordinates":[[-84.3777076,33.8091365],[-84.3776222,33.8084335]]},"properties":{"abandoned:railway":"rail","bicycle":"designated","electrified":"no","end_date:railway":"2017","foot":"designated","gauge":"1435","highway":"cycleway","layer":"-1","name":"Atlanta Beltline Northeast Trail","old_railway_operator":"Southern","oneway":"no","operator":"Norfolk Southern Railway","operator:wikidata":"Q1321054","railway":"abandoned","segregated":"no","surface":"concrete","tunnel":"yes","osm_id":38981771,"osm_type":"way"}},{"type":"Feature","geometry":{"type":"LineString","coordinates":[[-84.3774234,33.8073894],[-84.3773703,33.8071326],[-84.377315,33.8069153],[-84.3772508,33.8066446],[-84.3772215,33.8065466],[-84.3771468,33.8063597],[-84.377093,33.8062475]]},"properties":{"abandoned:railway":"rail","bicycle":"designated","electrified":"no","end_date:railway":"2017","foot":"designated","gauge":"1435","highway":"cycleway","name":"Atlanta Beltline Northeast Trail","old_railway_operator":"Southern","oneway":"no","railway":"abandoned","segregated":"no","surface":"concrete","osm_id":38981784,"osm_type":"way"}},{"type":"Feature","geometry":{"type":"LineString","coordinates":[[-84.3353674,33.8352983],[-84.3356804,33.8354753],[-84.3357763,33.8355295]]},"properties":{"bridge":"yes","cycleway":"lane","highway":"residential","layer":"1","name":"Corporate Boulevard Northeast","surface":"paved","tiger:cfcc":"A49","tiger:county":"DeKalb, GA","tiger:name_base":"Corporate","tiger:name_direction_suffix":"NE","tiger:name_type":"Blvd","osm_id":39895426,"osm_type":"way"}},{"type":"Feature","geometry":{"type":"LineString","coordinates":[[-84.2649905,33.7796508],[-84.2652237,33.7795239],[-84.2654142,33.779506],[-84.2658836,33.7796588],[-84.2661223,33.7797045],[-84.2664844,33.7797513],[-84.2667472,33.7797346],[-84.2671563,33.7797635],[-84.2673574,33.7797936],[-84.268024,33.7794748]]},"properties":{"bicycle":"designated","foot":"designated","highway":"cycleway","lcn_ref":"PATH","motor_vehicle":"no","name":"Stone Mountain Trail","segregated":"no","surface":"paved","trail_visibility":"excellent","osm_id":40608012,"osm_type":"way"}},{"type":"Feature","geometry":{"type":"LineString","coordinates":[[-84.2625822,33.7853998],[-84.2625833,33.785447],[-84.2626007,33.7855306],[-84.2626382,33.7857223],[-84.2626584,33.7858672],[-84.2626657,33.785982],[-84.2626704,33.7861013],[-84.2626718,33.7862562],[-84.2626628,33.786443],[-84.262653,33.786614],[-84.262649,33.7867511],[-84.262653,33.7869105],[-84.2626628,33.7870921],[-84.2626865,33.7873608],[-84.2627227,33.7876227],[-84.2627482,33.7877732],[-84.2627791,33.7878925],[-84.2627996,33.7879607]]},"properties":{"bicycle":"designated","foot":"designated","highway":"cycleway","lcn":"yes","lcn_ref":"PATH","motor_vehicle":"no","name":"Stone Mountain Trail","segregated":"no","surface":"concrete","osm_id":40608422,"osm_type":"way"}},{"type":"Feature","geometry":{"type":"LineString","coordinates":[[-84.3320861,33.7427167],[-84.3320867,33.742676],[-84.3321238,33.7400319],[-84.332125,33.739947],[-84.332127,33.739883],[-84.3321428,33.7393755],[-84.3321447,33.7393138],[-84.332158,33.738889],[-84.332136,33.737932],[-84.33213,33.737233]]},"properties":{"cycleway":"lane","highway":"unclassified","name":"Clifton Street Southeast","surface":"asphalt","tiger:cfcc":"A41","tiger:county":"DeKalb, GA","tiger:name_base":"Clifton","tiger:name_direction_suffix":"SE","tiger:name_type":"St","tiger:reviewed":"no","tiger:zip_left":"30316","tiger:zip_right":"30316","osm_id":40792155,"osm_type":"way"}},{"type":"Feature","geometry":{"type":"LineString","coordinates":[[-84.3629658,33.8433441],[-84.3629556,33.8433821],[-84.3629341,33.8434144],[-84.3629091,33.8434329],[-84.3628714,33.8434533],[-84.3628585,33.8434658],[-84.36285,33.8434805],[-84.362838,33.843515],[-84.3628188,33.8435468],[-84.3627857,33.8435694],[-84.3627525,33.8435897],[-84.3627358,33.8436086],[-84.362726,33.8436334],[-84.3627152,33.8436615],[-84.3626958,33.843684],[-84.3626703,33.8437023],[-84.3626381,33.8437263],[-84.3626187,33.8437489],[-84.3626034,33.843779],[-84.3625864,33.8438036]]},"properties":{"bicycle":"designated","bridge":"yes","foot":"designated","highway":"cycleway","horse":"no","layer":"1","name":"Gordon C. Bynum Jr. Pedestrian Bridge","segregated":"no","osm_id":40793599,"osm_type":"way"}},{"type":"Feature","geometry":{"type":"LineString","coordinates":[[-84.3558829,33.8468964],[-84.3558598,33.8469062],[-84.3556456,33.847006],[-84.3555376,33.847063],[-84.3554883,33.8471088],[-84.3554174,33.8471452],[-84.3552377,33.8472349],[-84.3541242,33.84782],[-84.3539323,33.8479209]]},"properties":{"bicycle":"designated","foot":"designated","highway":"cycleway","horse":"no","name":"Path 400","segregated":"no","surface":"concrete","osm_id":40793600,"osm_type":"way"}},{"type":"Feature","geometry":{"type":"LineString","coordinates":[[-84.3347832,33.7533242],[-84.33495,33.7527102],[-84.3350025,33.7525431],[-84.3351834,33.7521929],[-84.3353074,33.7519788],[-84.3354251,33.7518159],[-84.3356903,33.7515694],[-84.3359067,33.7514079],[-84.3361596,33.751228],[-84.3364432,33.7510771],[-84.3368598,33.7509091],[-84.3374901,33.7507127]]},"properties":{"bicycle":"designated","foot":"designated","highway":"cycleway","name":"Trolley Line Trail","segregated":"no","osm_id":40940376,"osm_type":"way"}},{"type":"Feature","geometry":{"type":"LineString","coordinates":[[-84.2531208,33.8268419],[-84.2520445,33.8273003]]},"properties":{"bridge":"yes","cycleway":"lane","highway":"primary","lanes":"5","layer":"1","name":"Lawrenceville Highway","oneway":"yes","ref":"US 29;GA 8","tiger:county":"DeKalb, GA","turn:lanes":"left|left|none|none|none","osm_id":41170198,"osm_type":"way"}},{"type":"Feature","geometry":{"type":"LineString","coordinates":[[-84.2511023,33.8277776],[-84.2508324,33.8279399],[-84.250392,33.8282282],[-84.2502744,33.8283086]]},"properties":{"cycleway":"lane","highway":"primary","lanes":"5","maxspeed":"45 mph","name":"Lawrenceville Highway","oneway":"yes","ref":"US 29;GA 8","sidewalk:left":"no","sidewalk:right":"separate","source:maxspeed":"survey 2014-05-27","tiger:county":"DeKalb, GA","turn:lanes":"reverse|none|none|none|right","osm_id":41170199,"osm_type":"way"}},{"type":"Feature","geometry":{"type":"LineString","coordinates":[[-84.3977916,33.7782507],[-84.3977898,33.7783302],[-84.397787,33.7785252],[-84.3977838,33.7788289],[-84.3977828,33.7789192],[-84.3977813,33.7789751],[-84.3977808,33.7790415],[-84.3977773,33.7793494],[-84.3977756,33.7795645],[-84.3977752,33.7796852],[-84.3977688,33.7798962],[-84.3977687,33.780006],[-84.3977704,33.7800526],[-84.3977627,33.7803259],[-84.3977632,33.780344],[-84.3977626,33.7804318],[-84.3977613,33.7805826]]},"properties":{"bicycle":"designated","foot":"designated","highway":"cycleway","name":"Atlantic Drive Northwest","sidewalk":"both;right","surface":"paving_stones","tiger:cfcc":"A41","tiger:name_base":"Atlantic","tiger:name_direction_suffix":"NW","tiger:name_type":"Dr","osm_id":41604183,"osm_type":"way"}},{"type":"Feature","geometry":{"type":"LineString","coordinates":[[-84.3977999,33.77776],[-84.3977956,33.777951],[-84.3977938,33.778186],[-84.3977916,33.7782507]]},"properties":{"bicycle":"designated","foot":"designated","highway":"cycleway","incline":"down","lit":"yes","name":"Atlantic Drive Northwest","sidewalk":"both","surface":"paving_stones","tiger:cfcc":"A41","tiger:name_base":"Atlantic","tiger:name_direction_suffix":"NW","tiger:name_type":"Dr","osm_id":41679635,"osm_type":"way"}},{"type":"Feature","geometry":{"type":"LineString","coordinates":[[-84.3346947,33.7534827],[-84.3346704,33.753525],[-84.334549,33.7539403],[-84.3343852,33.7545591],[-84.3341216,33.7550794],[-84.3340492,33.7551567],[-84.3337972,33.7554113],[-84.3336331,33.7555264],[-84.333402,33.7556788],[-84.3331887,33.7558015],[-84.3330577,33.7558506],[-84.3329939,33.7558745],[-84.332761,33.7559285],[-84.3326183,33.7559581],[-84.3323866,33.7559835],[-84.3322267,33.7559916],[-84.3320009,33.755996],[-84.3317772,33.7559826],[-84.3315755,33.7559413],[-84.3314891,33.7559193],[-84.331142,33.7558178],[-84.3308615,33.7556918],[-84.3305497,33.7555395],[-84.3292563,33.7548751]]},"properties":{"bicycle":"designated","foot":"designated","highway":"cycleway","motor_vehicle":"no","name":"Trolley Line Trail","segregated":"no","surface":"concrete","osm_id":42391163,"osm_type":"way"}},{"type":"Feature","geometry":{"type":"LineString","coordinates":[[-84.451052,33.8805798],[-84.4510087,33.8805545]]},"properties":{"bicycle":"designated","bridge":"yes","foot":"designated","highway":"cycleway","layer":"1","opening_hours":"Mo-Su (dawn-00:30)-(dusk+00:30)","operator":"National Park Service","osm_id":43000567,"osm_type":"way"}},{"type":"Feature","geometry":{"type":"LineString","coordinates":[[-84.4513518,33.880699],[-84.451052,33.8805798]]},"properties":{"bicycle":"designated","bridge":"yes","foot":"designated","highway":"cycleway","layer":"1","opening_hours":"Mo-Su (dawn-00:30)-(dusk+00:30)","operator":"National Park Service","osm_id":43000568,"osm_type":"way"}},{"type":"Feature","geometry":{"type":"LineString","coordinates":[[-84.447926,33.8770523],[-84.4481738,33.8768258]]},"properties":{"bicycle":"designated","bridge":"yes","foot":"designated","highway":"cycleway","layer":"1","opening_hours":"Mo-Su (dawn-00:30)-(dusk+00:30)","operator":"National Park Service","surface":"concrete","osm_id":43000569,"osm_type":"way"}},{"type":"Feature","geometry":{"type":"LineString","coordinates":[[-84.4481738,33.8768258],[-84.4482094,33.8767721],[-84.4482129,33.8767124],[-84.4482208,33.8766024],[-84.4482596,33.8765041],[-84.4483302,33.8763914],[-84.4489135,33.8759765]]},"properties":{"bicycle":"designated","foot":"designated","highway":"cycleway","opening_hours":"Mo-Su (dawn-00:30)-(dusk+00:30)","operator":"National Park Service","surface":"asphalt","osm_id":43000571,"osm_type":"way"}},{"type":"Feature","geometry":{"type":"LineString","coordinates":[[-84.4577391,33.893974],[-84.4575684,33.893855],[-84.4573743,33.8937951],[-84.4573377,33.8937838],[-84.4572463,33.8937643],[-84.4571314,33.8937397]]},"properties":{"bicycle":"designated","foot":"designated","highway":"cycleway","lit":"no","name":"Bob Callan Trail","surface":"asphalt","osm_id":43000574,"osm_type":"way"}},{"type":"Feature","geometry":{"type":"LineString","coordinates":[[-84.4581759,33.8942925],[-84.4577391,33.893974]]},"properties":{"bicycle":"designated","bridge":"yes","foot":"designated","highway":"cycleway","layer":"1","name":"Bob Callan Trail","note:highway":"This is actually the old Interstate North Parkway roadway bridge, thus \"unclassified\" instead of \"path\"","surface":"concrete","osm_id":43000575,"osm_type":"way"}},{"type":"Feature","geometry":{"type":"LineString","coordinates":[[-84.4558423,33.8897147],[-84.4558488,33.8895244],[-84.4558186,33.8893327]]},"properties":{"bicycle":"designated","bridge":"yes","foot":"designated","highway":"cycleway","layer":"1","operator":"National Park Service","segregated":"no","osm_id":43000576,"osm_type":"way"}},{"type":"Feature","geometry":{"type":"LineString","coordinates":[[-84.4583449,33.8943399],[-84.4583062,33.8943716]]},"properties":{"bicycle":"designated","cycleway":"link","foot":"designated","highway":"cycleway","name":"Bob Callan Trail","segregated":"no","surface":"asphalt","osm_id":43000580,"osm_type":"way"}},{"type":"Feature","geometry":{"type":"LineString","coordinates":[[-84.4575684,33.893855],[-84.4575992,33.8937704],[-84.4575925,33.8936881],[-84.457563,33.8936046],[-84.457398,33.8933608],[-84.4572975,33.8932216],[-84.4572315,33.8931136],[-84.4569655,33.8926323],[-84.4565535,33.8920307],[-84.4564313,33.8919313],[-84.4563041,33.8917884],[-84.4562333,33.8916693],[-84.4561757,33.8914502]]},"properties":{"bicycle":"designated","foot":"designated","highway":"cycleway","name":"Bob Callan Trail","segregated":"no","osm_id":43000581,"osm_type":"way"}},{"type":"Feature","geometry":{"type":"LineString","coordinates":[[-84.2892839,33.7725269],[-84.2902076,33.7722197],[-84.2916131,33.7717637],[-84.2916748,33.7717492],[-84.2917794,33.7717448],[-84.2926455,33.7717587],[-84.2926911,33.7717006],[-84.2927005,33.771607],[-84.2927048,33.7715631],[-84.2926745,33.7715304]]},"properties":{"bicycle":"designated","foot":"designated","highway":"cycleway","lcn_ref":"PATH","motor_vehicle":"no","name":"Stone Mountain Trail","segregated":"no","surface":"concrete","osm_id":43091408,"osm_type":"way"}},{"type":"Feature","geometry":{"type":"LineString","coordinates":[[-84.2927619,33.7713269],[-84.2928669,33.7712684],[-84.2950061,33.7705295],[-84.2964274,33.7700483]]},"properties":{"bicycle":"designated","foot":"designated","highway":"cycleway","lcn_ref":"PATH","motor_vehicle":"no","name":"Stone Mountain Trail","segregated":"no","surface":"concrete","osm_id":43091411,"osm_type":"way"}},{"type":"Feature","geometry":{"type":"LineString","coordinates":[[-84.2683725,33.7798565],[-84.2684477,33.7798304],[-84.2686154,33.7797769],[-84.2687361,33.7797401],[-84.2688367,33.7797156],[-84.2690244,33.7796744],[-84.2692779,33.7796287],[-84.2694871,33.7795718],[-84.2696655,33.7795272],[-84.2698318,33.7794826],[-84.2698988,33.7794693],[-84.2699726,33.7794615],[-84.2700665,33.7794592],[-84.2703132,33.7794782],[-84.2704755,33.7794938],[-84.2707449,33.7795272],[-84.2708644,33.7795428],[-84.270957,33.7795607],[-84.2710401,33.7795785],[-84.2711393,33.7796064],[-84.27126,33.779642],[-84.2713579,33.7796766],[-84.2715819,33.7797691],[-84.2719461,33.7799323],[-84.2720111,33.7799608],[-84.2721465,33.780001],[-84.2722699,33.7800634],[-84.2724617,33.7801503],[-84.2725126,33.7801615],[-84.2726031,33.7801687]]},"properties":{"bicycle":"designated","check_date:surface":"2020-12-29","foot":"designated","highway":"cycleway","lcn_ref":"PATH","motor_vehicle":"no","name":"Stone Mountain Trail","segregated":"no","surface":"concrete","osm_id":43091413,"osm_type":"way"}},{"type":"Feature","geometry":{"type":"LineString","coordinates":[[-84.272943,33.7803019],[-84.2730342,33.7802885],[-84.2730598,33.7802863],[-84.2730892,33.7802896],[-84.2731161,33.7803008],[-84.2732515,33.7803866],[-84.2734434,33.7805115],[-84.2735359,33.7805628],[-84.273584,33.7805962],[-84.2736754,33.7806821],[-84.2737116,33.7807121],[-84.2737545,33.7807377],[-84.2738536,33.7807968],[-84.2739208,33.7808493],[-84.2739877,33.7809061],[-84.2740467,33.7809428],[-84.2741822,33.7810175],[-84.2743458,33.7810465],[-84.2743927,33.7810432],[-84.2744316,33.7810298],[-84.2745228,33.7809194],[-84.2747561,33.7806307],[-84.2749453,33.7803966],[-84.2753825,33.7798516],[-84.2755568,33.7796074],[-84.2756708,33.7794636],[-84.2757271,33.7793979],[-84.2757499,33.7793477],[-84.2757808,33.7793031],[-84.2758366,33.7792459],[-84.2759176,33.7791627],[-84.2759511,33.7791415],[-84.2759913,33.779098],[-84.2761791,33.7788494],[-84.2765787,33.7784214],[-84.2766284,33.7783244],[-84.2770682,33.777912],[-84.2772372,33.7778016],[-84.2774236,33.7776455],[-84.2776342,33.7774627],[-84.2778341,33.7773284],[-84.2780714,33.7771707],[-84.2783061,33.7770358],[-84.278522,33.7769299],[-84.278691,33.776863],[-84.2789377,33.7767694],[-84.2791362,33.7767014],[-84.2796083,33.7765453],[-84.2798121,33.7764639],[-84.2799304,33.7764312],[-84.2800334,33.7764316],[-84.2801085,33.7764249],[-84.2802741,33.77638],[-84.2804921,33.776319],[-84.2810875,33.7761484],[-84.2814134,33.7760793],[-84.2814883,33.7760752],[-84.281514,33.7760738],[-84.2825802,33.7760637],[-84.2827724,33.7760611],[-84.2828283,33.7760604]]},"properties":{"access":"yes","bicycle":"yes","check_date:surface":"2024-10-30","foot":"yes","highway":"cycleway","lcn_ref":"PATH","motor_vehicle":"no","name":"Stone Mountain Trail","segregated":"no","surface":"concrete","osm_id":43091414,"osm_type":"way"}},{"type":"Feature","geometry":{"type":"LineString","coordinates":[[-84.3290529,33.7873577],[-84.3290071,33.787374],[-84.3289686,33.787383],[-84.3289204,33.7873922],[-84.3288418,33.7873971],[-84.3287413,33.7874094],[-84.3286313,33.787435],[-84.3285373,33.7874746],[-84.3284546,33.7875119]]},"properties":{"cycleway":"lane","highway":"secondary","name":"North Decatur Road","oneway":"yes","sidewalk:left":"no","sidewalk:right":"separate","surface":"asphalt","tiger:cfcc":"A41","tiger:county":"DeKalb, GA","tiger:name_base":"North Decatur","tiger:name_type":"Rd","tiger:reviewed":"no","tiger:zip_left":"30307","tiger:zip_right":"30307","osm_id":43597116,"osm_type":"way"}},{"type":"Feature","geometry":{"type":"LineString","coordinates":[[-84.3983678,33.7733361],[-84.3983058,33.7733751],[-84.3982437,33.7733894],[-84.3978034,33.77339],[-84.3975255,33.7733867],[-84.3974448,33.7733875],[-84.3970417,33.7733914]]},"properties":{"bicycle":"designated","foot":"designated","highway":"cycleway","lit":"yes","oneway":"no","segregated":"no","osm_id":43734730,"osm_type":"way"}},{"type":"Feature","geometry":{"type":"LineString","coordinates":[[-84.397798,33.7752168],[-84.3977907,33.7751592],[-84.3977929,33.7745407],[-84.3977949,33.7740047]]},"properties":{"bicycle":"no","foot":"designated","highway":"cycleway","lit":"yes","noname":"yes","surface":"concrete","osm_id":43735098,"osm_type":"way"}},{"type":"Feature","geometry":{"type":"LineString","coordinates":[[-84.4024575,33.7754164],[-84.4024051,33.77537],[-84.4022042,33.7751257],[-84.4021095,33.7750088],[-84.4020162,33.7749489],[-84.4018908,33.7749034],[-84.4016943,33.774887],[-84.4014437,33.7748987],[-84.4012265,33.7749368],[-84.4011064,33.7749571],[-84.4009244,33.774982],[-84.4008049,33.7749777],[-84.4006399,33.7749632],[-84.4004041,33.7749267],[-84.4001393,33.7748507],[-84.3999402,33.7747481]]},"properties":{"bicycle":"designated","foot":"designated","highway":"cycleway","lit":"yes","osm_id":43920995,"osm_type":"way"}},{"type":"Feature","geometry":{"type":"LineString","coordinates":[[-84.4472539,33.9125065],[-84.4473395,33.9124552],[-84.4477724,33.9121556],[-84.4479269,33.9120345],[-84.4481157,33.9114647],[-84.4484855,33.9102127],[-84.4485715,33.9100236],[-84.4486104,33.9097737],[-84.4487071,33.9095089],[-84.448846,33.9092356],[-84.4489113,33.9088909],[-84.4488507,33.9085554],[-84.4488339,33.9082727],[-84.448758,33.9079886],[-84.4486574,33.9075854],[-84.4485094,33.907307],[-84.4482725,33.9070156],[-84.4479992,33.9067084],[-84.4477548,33.9065103],[-84.4476087,33.9064147],[-84.4473812,33.9062716],[-84.4468076,33.905834],[-84.4465353,33.905535],[-84.4462513,33.9052423],[-84.4460002,33.9049496],[-84.4455097,33.9041561],[-84.4453916,33.9040007],[-84.4452535,33.9038082],[-84.4450176,33.9035155],[-84.4448262,33.9032826],[-84.4447363,33.9030567]]},"properties":{"bicycle":"designated","foot":"designated","highway":"cycleway","maxspeed:bicycle":"10 mph","opening_hours":"Mo-Su (sunrise-00:30)-(sunset+00:30)","surface":"fine_gravel","osm_id":44190819,"osm_type":"way"}},{"type":"Feature","geometry":{"type":"LineString","coordinates":[[-84.4471425,33.9125824],[-84.4472539,33.9125065]]},"properties":{"bicycle":"designated","bridge":"yes","foot":"designated","highway":"cycleway","layer":"1","maxspeed:bicycle":"10 mph","surface":"concrete","osm_id":44190820,"osm_type":"way"}},{"type":"Feature","geometry":{"type":"LineString","coordinates":[[-84.3607266,33.7637647],[-84.360862,33.7636755],[-84.3612639,33.7634953],[-84.3614522,33.7634211],[-84.3616465,33.7633333],[-84.3618903,33.7632083],[-84.3620455,33.7631386],[-84.3621508,33.763104],[-84.3622378,33.7630831],[-84.3625505,33.763003],[-84.362741,33.7629516],[-84.3628187,33.7629306],[-84.363025,33.7628638],[-84.3632507,33.76278],[-84.3635031,33.7626649],[-84.3637467,33.7625463],[-84.3639739,33.7624311],[-84.3640393,33.7623954],[-84.3642165,33.7622894],[-84.3644038,33.7621568],[-84.3645344,33.762074],[-84.3646628,33.762004],[-84.3648047,33.7619288],[-84.3648723,33.7618919],[-84.3650195,33.7618082],[-84.3651429,33.7617257],[-84.3652435,33.7616745],[-84.3653011,33.7616588],[-84.3653608,33.761646],[-84.3654071,33.76164],[-84.3655425,33.7616264],[-84.3657316,33.761593],[-84.3658698,33.7615648],[-84.3659609,33.7615439],[-84.3660494,33.7615152],[-84.3661358,33.7614831],[-84.366236,33.7614379],[-84.3667056,33.7612262],[-84.3669716,33.7611049],[-84.3674036,33.7608982],[-84.3677041,33.7607612],[-84.3680576,33.7606042],[-84.3682988,33.7604719],[-84.3683907,33.7604336],[-84.3686625,33.7603489],[-84.3689288,33.7602584],[-84.369223,33.7601571],[-84.3693902,33.7600812],[-84.3695284,33.7600145],[-84.3696555,33.7599563],[-84.3696972,33.7599429],[-84.3697489,33.7599338],[-84.3698405,33.7599238],[-84.3700285,33.7599172],[-84.3701277,33.759915],[-84.3703133,33.759914],[-84.3706624,33.7599132],[-84.3709799,33.7599203],[-84.3714313,33.7599307],[-84.3715034,33.7599294],[-84.3715565,33.7599198],[-84.3716647,33.7598938],[-84.3717048,33.7599263],[-84.3717429,33.7599483],[-84.3717818,33.75996],[-84.3718298,33.7599676],[-84.3718755,33.7599799],[-84.3719242,33.7600149],[-84.3719516,33.7600343]]},"properties":{"bicycle":"designated","foot":"designated","highway":"cycleway","motor_vehicle":"no","name":"Stone Mountain Trail","segregated":"no","surface":"paved","osm_id":44851091,"osm_type":"way"}},{"type":"Feature","geometry":{"type":"LineString","coordinates":[[-84.3592275,33.7643898],[-84.3593487,33.7643496],[-84.3595472,33.7642752],[-84.3598907,33.7641454],[-84.3600496,33.7640826]]},"properties":{"bicycle":"designated","bridge":"yes","foot":"designated","highway":"cycleway","layer":"1","name":"Stone Mountain Trail","segregated":"no","osm_id":44851092,"osm_type":"way"}},{"type":"Feature","geometry":{"type":"LineString","coordinates":[[-84.3576901,33.7491768],[-84.3577194,33.7490881]]},"properties":{"abandoned:railway":"rail","bicycle":"designated","bridge":"yes","foot":"designated","highway":"cycleway","historic:operator":"A&WP","layer":"1","lit":"yes","motor_vehicle":"no","name":"Atlanta Beltline Southeast Trail","oneway":"no","railway":"abandoned","segregated":"no","start_date":"2017-10-23","surface":"concrete","osm_id":46184492,"osm_type":"way"}},{"type":"Feature","geometry":{"type":"LineString","coordinates":[[-84.3577194,33.7490881],[-84.3577948,33.7488419],[-84.3578913,33.7485181],[-84.35792,33.7483437],[-84.3579221,33.7482539],[-84.3579137,33.7481387],[-84.3579164,33.7480378],[-84.3579467,33.7479276],[-84.357983,33.7478364],[-84.3580676,33.7476813],[-84.3580779,33.747661],[-84.3581113,33.747595],[-84.3581373,33.7475015],[-84.3582378,33.7467125],[-84.3582413,33.7466629]]},"properties":{"abandoned:railway":"rail","bicycle":"designated","foot":"designated","highway":"cycleway","historic:operator":"A&WP","lit":"yes","motor_vehicle":"no","name":"Atlanta Beltline Southeast Trail","oneway":"no","railway":"abandoned","segregated":"no","start_date":"2017-10-23","surface":"concrete","osm_id":46184493,"osm_type":"way"}},{"type":"Feature","geometry":{"type":"LineString","coordinates":[[-84.2529396,33.8271372],[-84.2538818,33.8267859]]},"properties":{"cycleway":"lane","highway":"primary","lanes":"3","name":"Lawrenceville Highway","oneway":"yes","ref":"US 29;GA 8","tiger:county":"DeKalb, GA","osm_id":46733434,"osm_type":"way"}},{"type":"Feature","geometry":{"type":"LineString","coordinates":[[-84.2995765,33.8064108],[-84.2996386,33.8065337],[-84.2996971,33.8066491],[-84.2998294,33.8067797],[-84.2999981,33.8068644],[-84.3001706,33.806947],[-84.3002981,33.8069737],[-84.3003264,33.8069796],[-84.3004533,33.8069405],[-84.3005124,33.8069137],[-84.3005905,33.8068783],[-84.3006841,33.8068359],[-84.3007863,33.8067896],[-84.3009773,33.8067271],[-84.3011476,33.8066714],[-84.301298,33.8066411],[-84.3013492,33.8066308],[-84.3015152,33.8066465],[-84.3015745,33.8066635],[-84.3017681,33.8066691],[-84.3019021,33.8066612],[-84.3021973,33.8066734],[-84.3024442,33.8066492],[-84.3026323,33.8066279],[-84.3026475,33.8066176],[-84.3027755,33.8065307],[-84.3028031,33.8064993],[-84.3028941,33.8063957],[-84.3030179,33.8062547],[-84.303127,33.8060869],[-84.3031731,33.8058982],[-84.3031908,33.8058258],[-84.3032168,33.8057164],[-84.3032754,33.8054702],[-84.3032562,33.8051724],[-84.3032373,33.8048795],[-84.3032788,33.804771],[-84.3032893,33.8047434],[-84.303389,33.8046693],[-84.3033982,33.8046676],[-84.3035209,33.8046457],[-84.3036534,33.8046377],[-84.3037008,33.8046465],[-84.3037366,33.804654]]},"properties":{"foot":"yes","highway":"cycleway","name":"South Peachtree Creek PATH Trail","segregated":"no","surface":"concrete","osm_id":46840609,"osm_type":"way"}},{"type":"Feature","geometry":{"type":"LineString","coordinates":[[-84.2994955,33.8061158],[-84.2995765,33.8064108]]},"properties":{"bridge":"yes","foot":"yes","highway":"cycleway","name":"South Peachtree Creek PATH Trail","osm_id":46840611,"osm_type":"way"}},{"type":"Feature","geometry":{"type":"LineString","coordinates":[[-84.3537133,33.7691945],[-84.3537243,33.7692097],[-84.3537577,33.7692311],[-84.3537782,33.7692337],[-84.3538048,33.7692267],[-84.3538266,33.7691979],[-84.3538244,33.769169],[-84.3538094,33.7691491]]},"properties":{"bicycle":"designated","foot":"designated","highway":"path","motor_vehicle":"no","source":"bing_imagery","osm_id":51755209,"osm_type":"way"}},{"type":"Feature","geometry":{"type":"LineString","coordinates":[[-84.3488369,33.7692376],[-84.348693,33.7691637],[-84.3484082,33.7691606],[-84.3482312,33.769125],[-84.347845,33.7691963],[-84.3477269,33.7691829],[-84.3475821,33.7691606],[-84.347448,33.7691874],[-84.3473139,33.7691963],[-84.3472441,33.7691829],[-84.3472066,33.769125],[-84.3472022,33.7690301],[-84.3472001,33.7689846]]},"properties":{"bicycle":"designated","foot":"designated","highway":"cycleway","motor_vehicle":"no","segregated":"no","surface":"concrete","osm_id":51755229,"osm_type":"way"}},{"type":"Feature","geometry":{"type":"LineString","coordinates":[[-84.4235594,33.7743537],[-84.4234971,33.7742584],[-84.4233749,33.7740795],[-84.4233568,33.7739966],[-84.4233584,33.7738717],[-84.4234651,33.7735996],[-84.4235677,33.7734196],[-84.423621,33.773276],[-84.4237539,33.7729686],[-84.4238064,33.7728108],[-84.423813,33.772791],[-84.4238227,33.7727446],[-84.423848,33.772624],[-84.423866,33.772426],[-84.423872,33.772253],[-84.423864,33.7721],[-84.423803,33.771702],[-84.4237918,33.7716606],[-84.423611,33.77099],[-84.4233215,33.7700363],[-84.423156,33.7694911],[-84.423091,33.769277],[-84.423013,33.769005],[-84.4229541,33.7688006],[-84.422928,33.76871],[-84.422901,33.7685932],[-84.4228547,33.7682512],[-84.422834,33.768026],[-84.4228359,33.7678365],[-84.4228492,33.767679],[-84.4228792,33.7675342],[-84.422927,33.767366],[-84.422969,33.7672572],[-84.4230082,33.7671552],[-84.4230437,33.7670729],[-84.4230831,33.7670076],[-84.423123,33.7669315],[-84.423271,33.7667091],[-84.4233779,33.7665792],[-84.4234878,33.7664549],[-84.4235312,33.7664106],[-84.4236061,33.7663355],[-84.4237188,33.7662386],[-84.4238005,33.766165],[-84.4239255,33.7660656],[-84.424082,33.765975],[-84.4243308,33.7658696]]},"properties":{"bicycle":"designated","foot":"designated","highway":"cycleway","name":"Atlanta Beltline Westside Trail","oneway":"no","segregated":"no","surface":"concrete","width":"2","osm_id":54032231,"osm_type":"way"}},{"type":"Feature","geometry":{"type":"LineString","coordinates":[[-84.377093,33.8062475],[-84.3770157,33.8061324],[-84.3769522,33.8060613],[-84.3768758,33.8060007],[-84.3768415,33.8059524],[-84.3764964,33.8053481],[-84.3763635,33.8051235],[-84.3763135,33.8050432],[-84.3762155,33.8049075],[-84.3761874,33.804865],[-84.3747452,33.8023364],[-84.3744029,33.8017416]]},"properties":{"bicycle":"designated","electrified":"no","foot":"designated","gauge":"1435","highway":"cycleway","name":"Atlanta Beltline Northeast Trail","oneway":"no","segregated":"no","surface":"concrete","osm_id":54044484,"osm_type":"way"}},{"type":"Feature","geometry":{"type":"LineString","coordinates":[[-84.4959971,33.8400478],[-84.4954806,33.8401511],[-84.4950194,33.840245],[-84.49426,33.840407],[-84.494052,33.840456],[-84.493736,33.840514],[-84.4935431,33.8405412],[-84.4934896,33.8405474],[-84.4934558,33.8405513],[-84.4932772,33.8405729],[-84.4930836,33.8405897],[-84.4927093,33.8406153],[-84.492446,33.840612],[-84.49223,33.840611],[-84.492014,33.840601],[-84.491876,33.840589],[-84.491799,33.840582],[-84.4915235,33.8405489],[-84.4912373,33.8405069],[-84.4909169,33.8404409],[-84.49063,33.840372],[-84.489738,33.840118],[-84.489319,33.839999],[-84.48886,33.839868],[-84.4844787,33.8386543],[-84.4835995,33.8383995],[-84.48201,33.837944],[-84.4813855,33.8377771],[-84.4807388,33.8376005],[-84.4792978,33.8371899],[-84.4768542,33.8365039],[-84.4761133,33.8362959],[-84.475939,33.8362422],[-84.4756897,33.8361654],[-84.475127,33.836003],[-84.475024,33.835975],[-84.474222,33.835707],[-84.473931,33.835589],[-84.473649,33.835456],[-84.473378,33.835307],[-84.473119,33.835145],[-84.472954,33.8350434],[-84.4727456,33.8348955],[-84.4725279,33.8347169],[-84.4722465,33.834462],[-84.471916,33.834128]]},"properties":{"abandoned:railway":"rail","bicycle":"designated","end_date:railway":"2020","foot":"designated","highway":"cycleway","old_railway_operator":"SAL;CSX","oneway":"no","railway":"abandoned","segregated":"no","surface":"concrete","osm_id":54053441,"osm_type":"way"}},{"type":"Feature","geometry":{"type":"LineString","coordinates":[[-84.5174756,33.841706],[-84.517162,33.8416696],[-84.5170315,33.8416449],[-84.5169046,33.8415955],[-84.5167706,33.8415391],[-84.5166119,33.8414827],[-84.5164532,33.8414192],[-84.5160958,33.8413419],[-84.5151685,33.8411602],[-84.5134189,33.8407047],[-84.5115257,33.8401953],[-84.5100758,33.8398052],[-84.5099213,33.8397601]]},"properties":{"abandoned:railway":"rail","bicycle":"designated","foot":"designated","highway":"cycleway","motor_vehicle":"no","name":"Silver Comet Connector","old_railway_operator":"SAL","railway":"abandoned","segregated":"no","surface":"concrete","osm_id":54053510,"osm_type":"way"}},{"type":"Feature","geometry":{"type":"LineString","coordinates":[[-84.450034,33.9201891],[-84.4501771,33.9200503],[-84.4503764,33.9197423],[-84.450415,33.9195983],[-84.4504882,33.9195963],[-84.4506438,33.9195295],[-84.4508566,33.9194345],[-84.4510935,33.919263],[-84.45121,33.9192015],[-84.4513171,33.9191306],[-84.4514537,33.9190435],[-84.4514779,33.9189122],[-84.4514759,33.9188215],[-84.4514407,33.9187464],[-84.4513089,33.9186681],[-84.4512428,33.9186393],[-84.4511597,33.9186104],[-84.4509934,33.9185881],[-84.4509397,33.9185993],[-84.4508861,33.9185993],[-84.4507654,33.9186326],[-84.4506608,33.9186905],[-84.4505803,33.9187239],[-84.4505294,33.9187239],[-84.4504891,33.9187061],[-84.4504355,33.9186683],[-84.4504355,33.9186349],[-84.4504409,33.9186037],[-84.4504999,33.918577],[-84.4505374,33.9185347],[-84.4505616,33.9184791],[-84.4505589,33.9184056],[-84.450532,33.9183611],[-84.4504811,33.9183054],[-84.4504194,33.918252],[-84.4503443,33.9182142],[-84.4502424,33.9181652],[-84.4501807,33.9181118],[-84.4501297,33.9180495],[-84.4499339,33.9179449],[-84.4497623,33.9178736],[-84.4494994,33.9178002],[-84.4494109,33.9177535],[-84.4492446,33.9176422],[-84.4491775,33.9175643],[-84.4491453,33.9174864],[-84.4491427,33.9174574],[-84.4490407,33.9173773],[-84.4489817,33.9173283],[-84.4489335,33.9172727],[-84.4488664,33.9172326],[-84.4487752,33.9171992],[-84.4486491,33.9171636],[-84.4485258,33.917128],[-84.448456,33.9170991],[-84.4483943,33.9170412],[-84.4483246,33.9169588],[-84.4482709,33.9168809],[-84.4481315,33.9166227],[-84.4480081,33.9164647],[-84.4480403,33.9163913],[-84.448043,33.9163267],[-84.4479866,33.9162377],[-84.4479223,33.9161353],[-84.4478284,33.9160307],[-84.4477318,33.9159817],[-84.4475012,33.9159416],[-84.4473483,33.9159394],[-84.447182,33.9159728],[-84.4470559,33.916024],[-84.4469298,33.9160841],[-84.4468226,33.9161308],[-84.4466981,33.9161472]]},"properties":{"bicycle":"yes","foot":"yes","highway":"cycleway","maxspeed:bicycle":"10 mph","name":"Cochran Shoals","opening_hours":"Mo-Su dawn-dusk","operator":"National Park Service","segregated":"no","surface":"dirt","osm_id":54252737,"osm_type":"way"}},{"type":"Feature","geometry":{"type":"LineString","coordinates":[[-84.446877,33.915826],[-84.4467699,33.9160376],[-84.4466981,33.9161472],[-84.4465352,33.9162661],[-84.4464091,33.9163634],[-84.4463292,33.9165556],[-84.446363,33.9168274],[-84.4465132,33.917228],[-84.4466059,33.9178245],[-84.4466182,33.9181058],[-84.4466274,33.91843],[-84.4468994,33.9187594],[-84.4468555,33.9189662],[-84.4466842,33.9189832],[-84.4463308,33.9189196],[-84.4462234,33.9189156],[-84.4461094,33.9189801],[-84.4460598,33.9190825],[-84.4459847,33.919156],[-84.4459124,33.9192936],[-84.4458693,33.9193941],[-84.4458666,33.919511],[-84.4459176,33.9196323],[-84.4459122,33.9197046],[-84.4459847,33.9197825],[-84.4460598,33.9198226],[-84.4461067,33.9199071],[-84.4461644,33.9200006],[-84.4462609,33.9200908],[-84.4463374,33.9201498],[-84.4463897,33.9202332],[-84.4464514,33.9203111],[-84.4465399,33.9203835],[-84.4466874,33.9204469],[-84.4467625,33.9205248],[-84.4467916,33.9206355],[-84.4468028,33.9209139],[-84.4467423,33.9209594],[-84.4466392,33.9209749]]},"properties":{"bicycle":"yes","foot":"yes","highway":"cycleway","maxspeed:bicycle":"10 mph","name":"Cochran Shoals","opening_hours":"Mo-Su dawn-dusk","operator":"National Park Service","segregated":"no","surface":"dirt","osm_id":54252797,"osm_type":"way"}},{"type":"Feature","geometry":{"type":"LineString","coordinates":[[-84.3275812,33.7877448],[-84.3274501,33.7877825],[-84.3272834,33.7878304],[-84.3271369,33.7878725],[-84.3269179,33.7879355],[-84.3268597,33.7879522],[-84.3266936,33.7879999],[-84.3264117,33.7880809],[-84.3261716,33.7881499],[-84.3261324,33.7881612]]},"properties":{"cycleway":"lane","highway":"secondary","name":"North Decatur Road","sidewalk:both":"separate","tiger:cfcc":"A41","tiger:county":"DeKalb, GA","tiger:name_base":"North Decatur","tiger:name_type":"Rd","tiger:reviewed":"no","tiger:zip_left":"30307","tiger:zip_right":"30307","osm_id":60867519,"osm_type":"way"}},{"type":"Feature","geometry":{"type":"LineString","coordinates":[[-84.3277046,33.7877081],[-84.3275812,33.7877448]]},"properties":{"bridge":"yes","cycleway":"lane","highway":"secondary","layer":"1","name":"North Decatur Road","sidewalk:both":"separate","tiger:cfcc":"A41","tiger:county":"DeKalb, GA","tiger:name_base":"North Decatur","tiger:name_type":"Rd","tiger:reviewed":"no","tiger:zip_left":"30307","tiger:zip_right":"30307","osm_id":60867523,"osm_type":"way"}},{"type":"Feature","geometry":{"type":"LineString","coordinates":[[-84.4561757,33.8914502],[-84.4560413,33.8908201],[-84.4560263,33.8907611]]},"properties":{"bicycle":"designated","bridge":"yes","foot":"designated","highway":"cycleway","layer":"1","name":"Bob Callan Trail","segregated":"no","osm_id":67478070,"osm_type":"way"}},{"type":"Feature","geometry":{"type":"LineString","coordinates":[[-84.4560263,33.8907611],[-84.4560282,33.8906922],[-84.4560631,33.8906348],[-84.4561101,33.8905854],[-84.4562319,33.8904865],[-84.4563681,33.8903982],[-84.4565789,33.8902659],[-84.4566691,33.8901981],[-84.456697,33.8901666],[-84.4567134,33.8901315],[-84.4567118,33.8900861],[-84.4566988,33.8900423],[-84.4566594,33.8899766],[-84.4566004,33.8899283],[-84.4565478,33.8898984],[-84.4564765,33.8898705],[-84.4563837,33.88984],[-84.4559807,33.8898164],[-84.4559201,33.889817],[-84.4558844,33.8898169],[-84.4558614,33.8898102],[-84.4558451,33.8897896],[-84.4558423,33.8897147]]},"properties":{"bicycle":"designated","foot":"designated","highway":"cycleway","name":"Bob Callan Trail","segregated":"no","osm_id":67478083,"osm_type":"way"}},{"type":"Feature","geometry":{"type":"LineString","coordinates":[[-84.4510087,33.8805545],[-84.4509869,33.8805096],[-84.4509912,33.8803864],[-84.4510105,33.8801847],[-84.4510105,33.8800937],[-84.4509869,33.8800169]]},"properties":{"bicycle":"designated","bridge":"boardwalk","foot":"designated","highway":"cycleway","opening_hours":"Mo-Su (dawn-00:30)-(dusk+00:30)","operator":"National Park Service","surface":"asphalt","osm_id":67478084,"osm_type":"way"}},{"type":"Feature","geometry":{"type":"LineString","coordinates":[[-84.4513085,33.881013],[-84.4513653,33.8809094],[-84.4514011,33.8808184],[-84.4514034,33.880736],[-84.4513518,33.880699]]},"properties":{"bicycle":"designated","foot":"designated","highway":"cycleway","opening_hours":"Mo-Su (dawn-00:30)-(dusk+00:30)","operator":"National Park Service","osm_id":67969512,"osm_type":"way"}},{"type":"Feature","geometry":{"type":"LineString","coordinates":[[-84.4512582,33.8811332],[-84.4513085,33.881013]]},"properties":{"bicycle":"designated","bridge":"yes","foot":"designated","highway":"cycleway","layer":"1","opening_hours":"Mo-Su (dawn-00:30)-(dusk+00:30)","operator":"National Park Service","osm_id":67969529,"osm_type":"way"}},{"type":"Feature","geometry":{"type":"LineString","coordinates":[[-84.3038738,33.8046936],[-84.3038852,33.8046949],[-84.3039467,33.8046908],[-84.3040321,33.8046629],[-84.3041102,33.8046222]]},"properties":{"foot":"yes","highway":"cycleway","name":"South Peachtree Creek Trail","segregated":"no","surface":"concrete","osm_id":72603530,"osm_type":"way"}},{"type":"Feature","geometry":{"type":"LineString","coordinates":[[-84.2945863,33.7625066],[-84.2946386,33.7623577]]},"properties":{"bicycle":"designated","bridge":"yes","foot":"designated","highway":"cycleway","layer":"1","name":"Deactur Trolly Line PATH","segregated":"no","osm_id":76272702,"osm_type":"way"}},{"type":"Feature","geometry":{"type":"LineString","coordinates":[[-84.2946386,33.7623577],[-84.2946208,33.7621946],[-84.2945704,33.7621347],[-84.2945607,33.7621232]]},"properties":{"bicycle":"designated","foot":"designated","highway":"cycleway","segregated":"no","osm_id":76272704,"osm_type":"way"}},{"type":"Feature","geometry":{"type":"LineString","coordinates":[[-84.4376062,33.7553975],[-84.437629,33.7554109],[-84.4376076,33.7554265],[-84.4372991,33.7554689],[-84.4372763,33.75546],[-84.4372897,33.7554455],[-84.4375204,33.7554098]]},"properties":{"bridge":"yes","foot":"yes","highway":"cycleway","osm_id":78889496,"osm_type":"way"}},{"type":"Feature","geometry":{"type":"LineString","coordinates":[[-84.4375204,33.7554098],[-84.437806,33.7553641],[-84.4378288,33.7553797],[-84.437903,33.755423]]},"properties":{"bicycle":"designated","foot":"designated","highway":"cycleway","osm_id":78889498,"osm_type":"way"}},{"type":"Feature","geometry":{"type":"LineString","coordinates":[[-84.436559,33.755001],[-84.4366822,33.7549917],[-84.4371516,33.7548601],[-84.4372119,33.7548467],[-84.4373997,33.7548612],[-84.4376719,33.7548378],[-84.4379442,33.7548144],[-84.4380059,33.7548032],[-84.4384846,33.7546505],[-84.4385571,33.7546115],[-84.4385839,33.7545769],[-84.4388709,33.7541889],[-84.4389192,33.7541197],[-84.4389755,33.7540762],[-84.4390881,33.7540026],[-84.4391203,33.7539424],[-84.4391123,33.7539045],[-84.4391203,33.7538677],[-84.4391391,33.7538365],[-84.4391699,33.7538142],[-84.4394129,33.7537462]]},"properties":{"bicycle":"designated","foot":"designated","highway":"cycleway","name":"Lionel Hampton PATH Trail","osm_id":78889523,"osm_type":"way"}},{"type":"Feature","geometry":{"type":"LineString","coordinates":[[-84.4376719,33.7548378],[-84.4376679,33.7548701],[-84.4376384,33.7549081],[-84.437562,33.7549159]]},"properties":{"bicycle":"designated","foot":"designated","highway":"cycleway","osm_id":78889528,"osm_type":"way"}},{"type":"Feature","geometry":{"type":"LineString","coordinates":[[-84.4296669,33.7564178],[-84.4297138,33.7564256],[-84.4298506,33.75641],[-84.429864,33.7564312],[-84.4299364,33.7565694]]},"properties":{"bicycle":"designated","foot":"designated","highway":"cycleway","osm_id":78889534,"osm_type":"way"}},{"type":"Feature","geometry":{"type":"LineString","coordinates":[[-84.4296669,33.7564178],[-84.4297044,33.7563999],[-84.4298155,33.7563871]]},"properties":{"bicycle":"designated","foot":"designated","highway":"cycleway","osm_id":78889537,"osm_type":"way"}},{"type":"Feature","geometry":{"type":"LineString","coordinates":[[-84.4297647,33.7561528],[-84.4296749,33.7561624],[-84.4296562,33.7561089],[-84.429706,33.756085]]},"properties":{"bicycle":"designated","foot":"designated","highway":"cycleway","osm_id":78889539,"osm_type":"way"}},{"type":"Feature","geometry":{"type":"LineString","coordinates":[[-84.4298155,33.7563871],[-84.4299257,33.7563743],[-84.4299458,33.7563643],[-84.4299297,33.7563486],[-84.4297044,33.7563754],[-84.4296736,33.7561892],[-84.4298989,33.756158],[-84.429911,33.7561479],[-84.4298935,33.756139],[-84.4297647,33.7561528]]},"properties":{"bicycle":"designated","bridge":"yes","foot":"designated","highway":"cycleway","layer":"1","osm_id":78889542,"osm_type":"way"}},{"type":"Feature","geometry":{"type":"LineString","coordinates":[[-84.4252291,33.7565802],[-84.4253995,33.7565761],[-84.4256141,33.7566006],[-84.4257696,33.7566374],[-84.4258416,33.7566329],[-84.4259453,33.7566252],[-84.4259722,33.756622],[-84.4260298,33.7566151],[-84.4262739,33.7566096],[-84.4264844,33.7566174],[-84.4266427,33.7566307],[-84.4268492,33.7566274],[-84.4270786,33.7566107],[-84.4272341,33.7566118],[-84.4273897,33.7566252],[-84.4277813,33.7566285],[-84.4279091,33.7566183],[-84.4279342,33.7566163],[-84.428016,33.7565962],[-84.428079,33.7565873],[-84.4281447,33.7565806],[-84.4287268,33.7565371],[-84.4290272,33.7564947]]},"properties":{"bicycle":"designated","foot":"designated","highway":"cycleway","name":"Lionel Hampton PATH Trail","surface":"concrete","osm_id":78889574,"osm_type":"way"}},{"type":"Feature","geometry":{"type":"LineString","coordinates":[[-84.355706,33.7623015],[-84.3556931,33.7623056],[-84.3556826,33.7623132],[-84.3556777,33.7623197],[-84.3556739,33.7623308],[-84.3556762,33.7623455],[-84.3556832,33.7623555],[-84.3556976,33.7623644],[-84.355711,33.7623672],[-84.3557263,33.7623655]]},"properties":{"bicycle":"designated","foot":"designated","highway":"path","motor_vehicle":"no","surface":"concrete","osm_id":79291304,"osm_type":"way"}},{"type":"Feature","geometry":{"type":"LineString","coordinates":[[-84.3557263,33.7623655],[-84.3557293,33.7623841],[-84.35574,33.7624416],[-84.355754,33.7625165]]},"properties":{"crossing":"marked","crossing:markings":"yes","cycleway":"crossing","foot":"yes","highway":"cycleway","osm_id":79291305,"osm_type":"way"}},{"type":"Feature","geometry":{"type":"LineString","coordinates":[[-84.3548753,33.7609279],[-84.3548986,33.7609388],[-84.3549322,33.7609589],[-84.3549402,33.7609912],[-84.3549268,33.7610258],[-84.3548879,33.7610682],[-84.3548557,33.7611172],[-84.3548329,33.7611618],[-84.3548021,33.7613168],[-84.3547887,33.7613659],[-84.3547377,33.7615309],[-84.3547323,33.7616658],[-84.3547565,33.7617037],[-84.3547873,33.7617293],[-84.3548396,33.7617472]]},"properties":{"bicycle":"designated","foot":"designated","highway":"path","motor_vehicle":"no","segregated":"no","surface":"concrete","osm_id":79291309,"osm_type":"way"}},{"type":"Feature","geometry":{"type":"LineString","coordinates":[[-84.3649276,33.7625757],[-84.3651689,33.7624833],[-84.365399,33.7623857],[-84.3654657,33.7623513]]},"properties":{"foot":"yes","highway":"cycleway","osm_id":79374469,"osm_type":"way"}},{"type":"Feature","geometry":{"type":"LineString","coordinates":[[-84.3651308,33.7623801],[-84.3651414,33.7623954],[-84.3650486,33.7624474],[-84.3649695,33.7624944],[-84.3649554,33.7625039],[-84.3649462,33.7625152],[-84.3649408,33.7625279],[-84.3649356,33.7625438],[-84.3649276,33.7625757],[-84.3646542,33.7626818],[-84.3644967,33.7627389],[-84.364332,33.7627927],[-84.3641062,33.7628685],[-84.3640821,33.7628782],[-84.3640589,33.7628889],[-84.3640379,33.7629035],[-84.3640197,33.7629203],[-84.3640083,33.7629355],[-84.3640006,33.7629513],[-84.3639941,33.762972],[-84.3639922,33.7629938],[-84.3639948,33.7630924],[-84.3639962,33.7631517]]},"properties":{"foot":"yes","highway":"cycleway","osm_id":79374472,"osm_type":"way"}},{"type":"Feature","geometry":{"type":"LineString","coordinates":[[-84.364975,33.7621686],[-84.3651308,33.7623801]]},"properties":{"bridge":"yes","foot":"yes","highway":"cycleway","layer":"1","osm_id":79374474,"osm_type":"way"}},{"type":"Feature","geometry":{"type":"LineString","coordinates":[[-84.4649452,33.7218447],[-84.4651618,33.7217645],[-84.4652397,33.7217356],[-84.4654748,33.7216485],[-84.4655162,33.7216331],[-84.4655543,33.721619],[-84.465916,33.721485],[-84.4662781,33.7213512],[-84.4663257,33.7213336],[-84.466744,33.721179],[-84.4669739,33.7211096],[-84.467039,33.72109],[-84.4674404,33.7210068],[-84.469215,33.720639],[-84.4707328,33.7203275],[-84.471544,33.720161],[-84.472284,33.720009]]},"properties":{"cycleway":"lane","highway":"secondary","name":"Cascade Road","tiger:cfcc":"A41","tiger:county":"Fulton, GA","tiger:name_base":"Cascade","tiger:name_type":"Rd","tiger:reviewed":"no","tiger:zip_left":"30331","tiger:zip_right":"30331","osm_id":79424661,"osm_type":"way"}},{"type":"Feature","geometry":{"type":"LineString","coordinates":[[-84.4699244,33.7310971],[-84.4699632,33.7311939],[-84.4700222,33.7314749],[-84.4701939,33.7317783],[-84.470387,33.7321129],[-84.4703924,33.7323605],[-84.4703843,33.7326304],[-84.470285,33.73269]]},"properties":{"foot":"yes","highway":"cycleway","name":"Lionel Hampton Trail","osm_id":79424664,"osm_type":"way"}},{"type":"Feature","geometry":{"type":"LineString","coordinates":[[-84.4670128,33.7449493],[-84.4671147,33.7444987],[-84.4671844,33.7438921],[-84.4670933,33.7435397],[-84.4670315,33.7433548],[-84.4668787,33.7428973],[-84.4666647,33.7421664],[-84.466589,33.7413584],[-84.4665622,33.7399042],[-84.4665836,33.7378031],[-84.4667714,33.7374016],[-84.4670503,33.7371294],[-84.4671572,33.7370263],[-84.4675767,33.7366216],[-84.4679891,33.7362239],[-84.4683271,33.7358848],[-84.4684551,33.7357563]]},"properties":{"bicycle":"designated","foot":"designated","highway":"cycleway","motor_vehicle":"no","name":"Lionel Hampton Trail","surface":"concrete","osm_id":79424672,"osm_type":"way"}},{"type":"Feature","geometry":{"type":"LineString","coordinates":[[-84.4555222,33.7596636],[-84.4555678,33.7595755],[-84.4556268,33.759513],[-84.4556872,33.7593525],[-84.4557006,33.7591462],[-84.4557287,33.7589121],[-84.4557274,33.7587939],[-84.4556577,33.7586344],[-84.4555195,33.7585196],[-84.4552701,33.7584884],[-84.4550086,33.7584928],[-84.4547417,33.7584638],[-84.4546089,33.7584505],[-84.4544627,33.7584728],[-84.4542844,33.7584427],[-84.4541248,33.758359],[-84.4538726,33.7582821],[-84.45365,33.7582163],[-84.4534207,33.7582052],[-84.4531417,33.7582286],[-84.4528842,33.7582498],[-84.4526817,33.7581372],[-84.4525812,33.7580357],[-84.4525141,33.7578986],[-84.452447,33.7577068],[-84.4523679,33.7575195],[-84.4522767,33.7573544],[-84.4521909,33.7571615],[-84.452101,33.7569865],[-84.4520005,33.7568795],[-84.4518234,33.7567791],[-84.4517765,33.7567378],[-84.4516813,33.7566542],[-84.4515673,33.7566565],[-84.4515271,33.7567044],[-84.4514707,33.7567568],[-84.4512079,33.7568917],[-84.4508578,33.7570534],[-84.4504756,33.7572206],[-84.4502034,33.7573489],[-84.4501162,33.7573689],[-84.4499995,33.757379],[-84.4498936,33.7573578],[-84.449781,33.757355]]},"properties":{"foot":"yes","highway":"cycleway","name":"Lionel Hampton PATH Trail","osm_id":79424686,"osm_type":"way"}},{"type":"Feature","geometry":{"type":"LineString","coordinates":[[-84.4193434,33.7314676],[-84.4192925,33.7314765],[-84.4192308,33.7314587],[-84.4191959,33.7314163],[-84.4191932,33.7313784],[-84.4192093,33.7313449]]},"properties":{"foot":"yes","highway":"cycleway","segregated":"no","osm_id":79430012,"osm_type":"way"}},{"type":"Feature","geometry":{"type":"LineString","coordinates":[[-84.3573942,33.7501765],[-84.3575526,33.7496212],[-84.3575557,33.7496103],[-84.3576214,33.7493759],[-84.3576901,33.7491768]]},"properties":{"abandoned:railway":"rail","bicycle":"designated","foot":"designated","highway":"cycleway","historic:operator":"A&WP","lit":"yes","motor_vehicle":"no","name":"Atlanta Beltline Southeast Trail","oneway":"no","railway":"abandoned","segregated":"no","start_date":"2017-10-23","surface":"concrete","osm_id":79430013,"osm_type":"way"}},{"type":"Feature","geometry":{"type":"LineString","coordinates":[[-84.4226547,33.7333881],[-84.4227752,33.7333922],[-84.4228543,33.7333762],[-84.422923,33.7333465]]},"properties":{"foot":"yes","highway":"cycleway","segregated":"no","tiger:county":"Fulton, GA","tiger:zip_left":"30310","tiger:zip_right":"30310","osm_id":79430015,"osm_type":"way"}},{"type":"Feature","geometry":{"type":"LineString","coordinates":[[-84.421998,33.7327103],[-84.4216886,33.7325723],[-84.4214275,33.7324558],[-84.420875,33.7321346],[-84.4208022,33.7321018]]},"properties":{"bicycle":"designated","foot":"designated","highway":"cycleway","motor_vehicle":"no","name":"West End Trail","segregated":"no","surface":"concrete","osm_id":79430016,"osm_type":"way"}},{"type":"Feature","geometry":{"type":"LineString","coordinates":[[-84.433726,33.7423259],[-84.4337281,33.7422674],[-84.4337387,33.7419783],[-84.4337593,33.7412008],[-84.4337154,33.7410243],[-84.4337231,33.7406973],[-84.4337351,33.7406544],[-84.4337611,33.7406149],[-84.433801,33.7405483],[-84.4338188,33.7404902],[-84.4338133,33.7404404],[-84.4337872,33.7403842],[-84.4337717,33.7403262],[-84.433753,33.7402561],[-84.4337344,33.7401823],[-84.4336809,33.740018],[-84.4336372,33.7399181],[-84.4335269,33.7397304],[-84.4334424,33.7396062],[-84.4333032,33.7394429],[-84.4331543,33.7393147],[-84.433009,33.7391856],[-84.4329793,33.7391284]]},"properties":{"bicycle":"designated","foot":"designated","highway":"cycleway","motor_vehicle":"no","name":"West End Trail","segregated":"no","surface":"concrete","osm_id":79430017,"osm_type":"way"}},{"type":"Feature","geometry":{"type":"LineString","coordinates":[[-84.2876237,33.7556685],[-84.2876211,33.7557142],[-84.2875768,33.7558524],[-84.2875326,33.7561457],[-84.2875071,33.7562527],[-84.287465,33.7563845],[-84.2874561,33.7564122]]},"properties":{"foot":"yes","highway":"cycleway","osm_id":80303702,"osm_type":"way"}},{"type":"Feature","geometry":{"type":"LineString","coordinates":[[-84.2957951,33.7621431],[-84.2956328,33.7621699],[-84.2950964,33.7621242],[-84.2948069,33.7621237]]},"properties":{"bicycle":"designated","foot":"designated","highway":"cycleway","name":"Decatur Trolley Trail","segregated":"no","osm_id":80303707,"osm_type":"way"}},{"type":"Feature","geometry":{"type":"LineString","coordinates":[[-84.5009351,33.8440643],[-84.5008833,33.8440352],[-84.5008345,33.8440213],[-84.500761,33.8440132]]},"properties":{"bicycle":"designated","foot":"designated","highway":"path","motor_vehicle":"no","name":"Silver Comet Trail Cumberland Connector","segregated":"no","surface":"concrete","osm_id":81794389,"osm_type":"way"}},{"type":"Feature","geometry":{"type":"LineString","coordinates":[[-84.3609193,33.7675768],[-84.3607051,33.7673668]]},"properties":{"abandoned:railway":"rail","bicycle":"designated","bridge":"yes","foot":"designated","highway":"cycleway","layer":"2","motor_vehicle":"no","name":"Atlanta Beltline Eastside Trail","old_railway_operator":"Southern","railway":"abandoned","segregated":"no","surface":"concrete","osm_id":83291376,"osm_type":"way"}},{"type":"Feature","geometry":{"type":"LineString","coordinates":[[-84.3607051,33.7673668],[-84.3603843,33.7670292],[-84.3601383,33.7667116],[-84.359933,33.7663694],[-84.3598892,33.7662729],[-84.3598375,33.766159],[-84.3597415,33.7658815],[-84.3596759,33.7656546],[-84.359619,33.7653749],[-84.3595905,33.7651544],[-84.3595915,33.7649702],[-84.3595895,33.7648705],[-84.3596177,33.7646529],[-84.3596159,33.7641911],[-84.3596399,33.7640858],[-84.3596779,33.7639191],[-84.3597684,33.7636369],[-84.3598542,33.7634092],[-84.3598802,33.7633403],[-84.3598959,33.7633022],[-84.3599525,33.7631644],[-84.3600428,33.7629761],[-84.3602135,33.7627074],[-84.3603352,33.7625444],[-84.3604245,33.7624302],[-84.3605117,33.7623316],[-84.360534,33.7623064],[-84.3606445,33.762181],[-84.360865,33.7619368],[-84.3611222,33.7617197],[-84.361834,33.7611551],[-84.3618509,33.7611417],[-84.3624734,33.7607308],[-84.3625237,33.7606973],[-84.3629841,33.7603884],[-84.3633582,33.7601075],[-84.3636928,33.7597947],[-84.3638165,33.7596645],[-84.3639721,33.7594889],[-84.3640916,33.7593445],[-84.3643237,33.7590002],[-84.3645108,33.7586624],[-84.3646159,33.7584641],[-84.3647672,33.7580436],[-84.3648823,33.7576141]]},"properties":{"abandoned:railway":"rail","bicycle":"designated","foot":"designated","highway":"cycleway","motor_vehicle":"no","name":"Atlanta Beltline Eastside Trail","oneway":"no","railway":"abandoned","segregated":"no","surface":"concrete","osm_id":83291377,"osm_type":"way"}},{"type":"Feature","geometry":{"type":"LineString","coordinates":[[-84.3645614,33.7732178],[-84.3644118,33.7726315],[-84.364281,33.7721429],[-84.3642766,33.772126],[-84.3642293,33.7719906],[-84.3639777,33.7714248],[-84.3639703,33.7713699],[-84.3639878,33.7713147],[-84.363989,33.7712585]]},"properties":{"abandoned:railway":"rail","bicycle":"designated","foot":"designated","highway":"cycleway","motor_vehicle":"no","name":"Atlanta Beltline Eastside Trail","old_railway_operator":"Southern","oneway":"no","railway":"abandoned","segregated":"no","surface":"concrete","osm_id":83291378,"osm_type":"way"}},{"type":"Feature","geometry":{"type":"LineString","coordinates":[[-84.3646342,33.7735069],[-84.3645614,33.7732178]]},"properties":{"abandoned:railway":"rail","bicycle":"designated","bridge":"yes","foot":"designated","highway":"cycleway","layer":"2","level":"1","motor_vehicle":"no","name":"Atlanta BeltLine Eastside Trail","old_railway_operator":"Southern","railway":"abandoned","segregated":"no","surface":"paved","osm_id":83291379,"osm_type":"way"}},{"type":"Feature","geometry":{"type":"LineString","coordinates":[[-84.363989,33.7712585],[-84.3638814,33.7710051]]},"properties":{"abandoned:railway":"rail","bicycle":"designated","bridge":"yes","foot":"designated","highway":"cycleway","layer":"1","motor_vehicle":"no","name":"Atlanta Beltline Eastside Trail","old_railway_operator":"Southern","railway":"abandoned","segregated":"no","surface":"paved","osm_id":83294497,"osm_type":"way"}},{"type":"Feature","geometry":{"type":"LineString","coordinates":[[-84.3638814,33.7710051],[-84.3638614,33.7709732],[-84.3637857,33.770927],[-84.3637581,33.7708986],[-84.363736,33.7708574],[-84.3637301,33.7708465],[-84.3635581,33.7705165],[-84.3633428,33.7702008],[-84.3632903,33.7701239],[-84.3627584,33.7694354],[-84.3625661,33.7692162],[-84.3623737,33.7689969],[-84.3623528,33.7689767],[-84.3621548,33.7687852],[-84.362129,33.7687602],[-84.3618956,33.7685346],[-84.361836,33.768477],[-84.3615654,33.7682075],[-84.3613076,33.7679507],[-84.3610677,33.7677247],[-84.3609193,33.7675768]]},"properties":{"abandoned:railway":"rail","bicycle":"designated","foot":"designated","highway":"cycleway","motor_vehicle":"no","name":"Atlanta Beltline Eastside Trail","old_railway_operator":"Southern","oneway":"no","railway":"abandoned","segregated":"no","surface":"concrete","osm_id":83294499,"osm_type":"way"}},{"type":"Feature","geometry":{"type":"LineString","coordinates":[[-84.3970732,33.7753602],[-84.3966818,33.7755379]]},"properties":{"bicycle":"designated","foot":"designated","highway":"cycleway","lit":"yes","oneway":"no","segregated":"no","surface":"concrete","osm_id":86093688,"osm_type":"way"}},{"type":"Feature","geometry":{"type":"LineString","coordinates":[[-84.397944,33.812947],[-84.399266,33.812965],[-84.399328,33.812981],[-84.399654,33.812982],[-84.399865,33.81302],[-84.400303,33.813177],[-84.400356,33.8131868],[-84.4004097,33.8131928],[-84.400463,33.8131906],[-84.400517,33.81318],[-84.400617,33.813145],[-84.40089,33.813],[-84.401139,33.812891],[-84.401756,33.812797],[-84.4018686,33.8127724],[-84.4019698,33.812735],[-84.4020199,33.8126999],[-84.4020565,33.8126581],[-84.4020729,33.8126344],[-84.4020864,33.8126042],[-84.4020985,33.812565],[-84.402128,33.812365],[-84.4021372,33.8123315],[-84.4021505,33.812298],[-84.4021729,33.8122689]]},"properties":{"bicycle":"designated","foot":"designated","highway":"cycleway","motorcycle":"no","name":"Atlanta Beltline Northside Trail","oneway":"no","surface":"concrete","website":"https://beltline.org/trails/northside-trail/","width":"3","osm_id":89487193,"osm_type":"way"}},{"type":"Feature","geometry":{"type":"LineString","coordinates":[[-84.4002349,33.806271],[-84.4002295,33.8063624],[-84.400141,33.8064694],[-84.399913,33.80667],[-84.399846,33.8067212],[-84.3997789,33.8067279],[-84.3996234,33.8066922],[-84.3992988,33.8066298],[-84.3991942,33.8066142],[-84.3990118,33.8066009],[-84.3989467,33.8065928]]},"properties":{"bicycle":"designated","foot":"designated","highway":"cycleway","motorcycle":"no","name":"Beltline Access Line","osm_id":89487195,"osm_type":"way"}},{"type":"Feature","geometry":{"type":"LineString","coordinates":[[-84.4027386,33.810412],[-84.4029413,33.8103606],[-84.403086,33.8102973],[-84.4031088,33.8102842],[-84.4031812,33.8102427]]},"properties":{"bicycle":"designated","foot":"designated","highway":"cycleway","motorcycle":"no","name":"Atlanta Beltline Northside Trail","oneway":"no","surface":"concrete","website":"https://beltline.org/trails/northside-trail/","width":"3","osm_id":89492927,"osm_type":"way"}},{"type":"Feature","geometry":{"type":"LineString","coordinates":[[-84.4031812,33.8102427],[-84.4032067,33.8101802],[-84.4032237,33.8101401],[-84.4032389,33.8100443]]},"properties":{"bicycle":"designated","bridge":"yes","foot":"designated","highway":"cycleway","layer":"1","motorcycle":"no","name":"Atlanta Beltline Northside Trail","oneway":"no","surface":"concrete","website":"https://beltline.org/trails/northside-trail/","width":"3","osm_id":89492929,"osm_type":"way"}},{"type":"Feature","geometry":{"type":"LineString","coordinates":[[-84.4032389,33.8100443],[-84.4032424,33.8100143],[-84.4032483,33.809963],[-84.4032551,33.8098636],[-84.4032511,33.8097934],[-84.4032363,33.8097254],[-84.4031478,33.8095694],[-84.4030378,33.809429],[-84.402952,33.8092909],[-84.4028822,33.8091638],[-84.4028098,33.8090435],[-84.4027964,33.8089956],[-84.4027911,33.808941],[-84.4027884,33.8088407],[-84.4027374,33.8087159],[-84.4025121,33.8083348],[-84.4023699,33.8080651],[-84.4022761,33.8079225],[-84.4021956,33.8077687],[-84.4021262,33.8075525],[-84.4020729,33.8074445],[-84.4020594,33.8074296],[-84.4020378,33.8074181],[-84.4019941,33.8074147],[-84.4018736,33.8074248]]},"properties":{"bicycle":"designated","foot":"designated","highway":"cycleway","motorcycle":"no","name":"Atlanta Beltline Northside Trail","oneway":"no","surface":"concrete","website":"https://beltline.org/trails/northside-trail/","width":"3","osm_id":89492931,"osm_type":"way"}},{"type":"Feature","geometry":{"type":"LineString","coordinates":[[-84.4023761,33.8120131],[-84.4024173,33.8119198],[-84.4024233,33.811884],[-84.4024229,33.811851],[-84.4024007,33.811773],[-84.4023652,33.8116978],[-84.4023354,33.811656],[-84.4022948,33.8116114],[-84.4022385,33.8115758],[-84.4021831,33.8115541],[-84.4021232,33.8115284],[-84.4019408,33.8114682],[-84.4017906,33.811359],[-84.401517,33.8111562],[-84.401399,33.8110626],[-84.4013725,33.8110316],[-84.4013527,33.8109994],[-84.4013239,33.8109601],[-84.4013192,33.8109323],[-84.4013239,33.8109044],[-84.4013487,33.8108665],[-84.4013775,33.8108308],[-84.401517,33.8107573],[-84.4017048,33.8107194],[-84.4018818,33.8106971],[-84.4019998,33.8106993],[-84.4021876,33.8106993],[-84.4023163,33.8106815],[-84.4023646,33.8106648],[-84.4024129,33.8106414],[-84.402496,33.8105723],[-84.4025509,33.810509]]},"properties":{"bicycle":"designated","foot":"designated","highway":"cycleway","motorcycle":"no","name":"Atlanta Beltline Northside Trail","oneway":"no","surface":"concrete","website":"https://beltline.org/trails/northside-trail/","width":"3","osm_id":89492933,"osm_type":"way"}},{"type":"Feature","geometry":{"type":"LineString","coordinates":[[-84.4021729,33.8122689],[-84.4023761,33.8120131]]},"properties":{"bicycle":"designated","bridge":"yes","foot":"designated","highway":"cycleway","layer":"1","motorcycle":"no","name":"Atlanta Beltline Northside Trail","oneway":"no","surface":"concrete","website":"https://beltline.org/trails/northside-trail/","width":"3","osm_id":89492935,"osm_type":"way"}},{"type":"Feature","geometry":{"type":"LineString","coordinates":[[-84.4002349,33.806271],[-84.4001223,33.8061239],[-84.4001008,33.8060147],[-84.4001437,33.8058476],[-84.4002725,33.8055913],[-84.4003556,33.8054598],[-84.40042,33.805306],[-84.4005058,33.8052035],[-84.4005434,33.8050965],[-84.4005353,33.804985],[-84.4005031,33.8048937]]},"properties":{"bicycle":"designated","foot":"designated","highway":"cycleway","motorcycle":"no","name":"Atlanta Beltline Northside Trail","oneway":"no","osm_id":89492937,"osm_type":"way"}},{"type":"Feature","geometry":{"type":"LineString","coordinates":[[-84.4007257,33.8064636],[-84.4006558,33.8064146],[-84.4005699,33.8063593],[-84.4005141,33.8063413]]},"properties":{"bicycle":"designated","bridge":"yes","foot":"designated","highway":"cycleway","layer":"3","motorcycle":"no","name":"Atlanta Beltline Northside Trail","oneway":"no","osm_id":89492938,"osm_type":"way"}},{"type":"Feature","geometry":{"type":"LineString","coordinates":[[-84.4016092,33.8074603],[-84.401577,33.8074627],[-84.4015197,33.807457],[-84.4014768,33.8074435],[-84.4014339,33.8074166],[-84.4013212,33.8073074],[-84.4012783,33.8072048],[-84.4012381,33.8070956],[-84.4012327,33.8069775],[-84.4012059,33.806846],[-84.4011897,33.8068082],[-84.4011536,33.8067547],[-84.401112,33.8067257],[-84.4010027,33.8066701],[-84.4009309,33.8066221],[-84.4008089,33.806534],[-84.4007257,33.8064636]]},"properties":{"bicycle":"designated","foot":"designated","highway":"cycleway","motorcycle":"no","name":"Atlanta Beltline Northside Trail","oneway":"no","website":"https://beltline.org/trails/northside-trail/","osm_id":89492940,"osm_type":"way"}},{"type":"Feature","geometry":{"type":"LineString","coordinates":[[-84.4018736,33.8074248],[-84.4016092,33.8074603]]},"properties":{"bicycle":"designated","bridge":"yes","foot":"designated","highway":"cycleway","layer":"1","motorcycle":"no","name":"Atlanta Beltline Northside Trail","oneway":"no","website":"https://beltline.org/trails/northside-trail/","osm_id":89492941,"osm_type":"way"}},{"type":"Feature","geometry":{"type":"LineString","coordinates":[[-84.4025509,33.810509],[-84.4027386,33.810412]]},"properties":{"bicycle":"designated","foot":"designated","highway":"cycleway","layer":"-3","motorcycle":"no","name":"Atlanta Beltline Northside Trail","oneway":"no","surface":"concrete","tunnel":"yes","website":"https://beltline.org/trails/northside-trail/","width":"3","osm_id":89492943,"osm_type":"way"}},{"type":"Feature","geometry":{"type":"LineString","coordinates":[[-84.3628187,33.7629306],[-84.3626807,33.7627683]]},"properties":{"foot":"yes","highway":"cycleway","osm_id":93212469,"osm_type":"way"}},{"type":"Feature","geometry":{"type":"LineString","coordinates":[[-84.3640371,33.7622191],[-84.3640339,33.7622581],[-84.3640272,33.7622908],[-84.3640121,33.7623247],[-84.3640089,33.7623393],[-84.3640092,33.7623548],[-84.3640138,33.7623687],[-84.3640211,33.7623791],[-84.3640393,33.7623954]]},"properties":{"foot":"yes","highway":"cycleway","osm_id":93212562,"osm_type":"way"}},{"type":"Feature","geometry":{"type":"LineString","coordinates":[[-84.3582376,33.7689784],[-84.3581759,33.7689951],[-84.3580833,33.7690341],[-84.3579814,33.7690821],[-84.357917,33.7691311],[-84.3578634,33.7691846],[-84.3577807,33.7692969]]},"properties":{"bicycle":"designated","foot":"designated","highway":"path","motor_vehicle":"no","surface":"paved","osm_id":93725400,"osm_type":"way"}},{"type":"Feature","geometry":{"type":"LineString","coordinates":[[-84.3579814,33.7690821],[-84.3579036,33.7690754],[-84.3578553,33.7690587],[-84.3578,33.7690004]]},"properties":{"bicycle":"designated","foot":"designated","highway":"path","motor_vehicle":"no","surface":"paved","osm_id":93725405,"osm_type":"way"}},{"type":"Feature","geometry":{"type":"LineString","coordinates":[[-84.3582979,33.770547],[-84.3583194,33.7705937],[-84.3583489,33.7706082],[-84.3584039,33.7706283],[-84.358432,33.7706439],[-84.3584682,33.7706796],[-84.3584937,33.7707264],[-84.3585111,33.7707966],[-84.3585286,33.7708323],[-84.3585541,33.7708613],[-84.3586035,33.7708755]]},"properties":{"bicycle":"designated","foot":"designated","highway":"path","motor_vehicle":"no","surface":"paved","osm_id":93726283,"osm_type":"way"}},{"type":"Feature","geometry":{"type":"LineString","coordinates":[[-84.3575469,33.7696852],[-84.3576743,33.7697354],[-84.3578151,33.769848],[-84.3578406,33.7698836],[-84.357846,33.769916],[-84.3578379,33.7699561],[-84.3578164,33.7700163],[-84.3578071,33.7700598],[-84.3578164,33.7701111],[-84.3578325,33.7701423],[-84.3578768,33.7701702],[-84.3579573,33.7701936],[-84.3580592,33.7702192],[-84.3581158,33.7702444],[-84.3582094,33.7702839],[-84.3582523,33.7703218],[-84.3582805,33.7703675],[-84.3582912,33.7704399],[-84.3582979,33.770547],[-84.3582791,33.770587],[-84.3582443,33.7706093],[-84.3581946,33.770625],[-84.3581504,33.7706394],[-84.3581289,33.7706595],[-84.3581209,33.7706963],[-84.3581142,33.7708256],[-84.3581008,33.7708892]]},"properties":{"bicycle":"designated","foot":"designated","highway":"path","motor_vehicle":"no","surface":"paved","osm_id":93726284,"osm_type":"way"}},{"type":"Feature","geometry":{"type":"LineString","coordinates":[[-84.3578313,33.7694446],[-84.3577628,33.7694834],[-84.3576153,33.7696339],[-84.3575469,33.7696852],[-84.3574865,33.7696941],[-84.3574289,33.7696941],[-84.3573243,33.7697019],[-84.3572518,33.769741],[-84.3571794,33.7697699],[-84.3571043,33.76978],[-84.3570239,33.7697777],[-84.3569434,33.7697655],[-84.3568723,33.7697443],[-84.3568146,33.7697175],[-84.3567449,33.7696718],[-84.3567167,33.769664],[-84.3566792,33.7696663],[-84.3566066,33.7697043]]},"properties":{"bicycle":"designated","foot":"designated","highway":"path","motor_vehicle":"no","surface":"paved","osm_id":93726285,"osm_type":"way"}},{"type":"Feature","geometry":{"type":"LineString","coordinates":[[-84.3591455,33.7703621],[-84.3591391,33.7704508],[-84.359124,33.7705247],[-84.3591052,33.7705815],[-84.3590623,33.7706484],[-84.3590208,33.7706974],[-84.3589631,33.7707576],[-84.3588866,33.7708122],[-84.3588223,33.7708435],[-84.3587606,33.7708613],[-84.3586035,33.7708755],[-84.358432,33.7708858],[-84.3583569,33.7708802],[-84.358255,33.7708702],[-84.3581732,33.7708669],[-84.3581236,33.7708724],[-84.3581008,33.7708892],[-84.3580806,33.7709237],[-84.3580628,33.7710353],[-84.3580545,33.771087]]},"properties":{"bicycle":"designated","foot":"designated","highway":"path","motor_vehicle":"no","surface":"paved","osm_id":93726286,"osm_type":"way"}},{"type":"Feature","geometry":{"type":"LineString","coordinates":[[-84.3589631,33.7707576],[-84.3590154,33.7707543],[-84.3590409,33.7707621],[-84.3590838,33.7707877],[-84.359128,33.7708223],[-84.3592135,33.7709147]]},"properties":{"bicycle":"designated","foot":"designated","highway":"path","motor_vehicle":"no","surface":"paved","osm_id":93726287,"osm_type":"way"}},{"type":"Feature","geometry":{"type":"LineString","coordinates":[[-84.3576153,33.7696339],[-84.3576743,33.7697354]]},"properties":{"bicycle":"designated","foot":"designated","highway":"path","motor_vehicle":"no","surface":"paved","osm_id":93726288,"osm_type":"way"}},{"type":"Feature","geometry":{"type":"LineString","coordinates":[[-84.3570022,33.7642679],[-84.3570132,33.7641922],[-84.3570801,33.7640856],[-84.3570932,33.7640663],[-84.3570901,33.7640306]]},"properties":{"bicycle":"designated","foot":"designated","highway":"path","motor_vehicle":"no","surface":"concrete","osm_id":93759947,"osm_type":"way"}},{"type":"Feature","geometry":{"type":"LineString","coordinates":[[-84.3519608,33.7686252],[-84.3520175,33.7686494],[-84.3520256,33.768654],[-84.3521181,33.7687063],[-84.3521838,33.7687487],[-84.3522455,33.7688044],[-84.3522898,33.768849],[-84.3523177,33.7689013],[-84.3523472,33.7689514],[-84.3523826,33.7689937],[-84.3524172,33.769043],[-84.3524532,33.7690256]]},"properties":{"bicycle":"designated","foot":"designated","highway":"path","motor_vehicle":"no","source":"bing_imagery","osm_id":93765882,"osm_type":"way"}},{"type":"Feature","geometry":{"type":"LineString","coordinates":[[-84.345629,33.7701548],[-84.3455643,33.7701469],[-84.3455157,33.7701357],[-84.345401,33.7700981],[-84.3453456,33.7700854],[-84.345284,33.770076],[-84.3451948,33.7700761]]},"properties":{"bicycle":"designated","foot":"designated","highway":"path","motor_vehicle":"no","surface":"concrete","osm_id":93767300,"osm_type":"way"}},{"type":"Feature","geometry":{"type":"LineString","coordinates":[[-84.452926,33.8088912],[-84.4529299,33.8090186],[-84.4529135,33.8090591],[-84.452857,33.80934],[-84.4528465,33.8095274],[-84.452777,33.80979],[-84.452719,33.809917],[-84.452572,33.810158],[-84.452375,33.810457],[-84.452084,33.810813],[-84.4518522,33.8110625],[-84.451509,33.811454],[-84.4507643,33.8122547],[-84.4506275,33.8125161],[-84.4505928,33.8126127]]},"properties":{"abandoned:railway":"rail","bicycle":"designated","foot":"designated","highway":"cycleway","highway_1":"cycleway","name":"Whetstone Creek PATH Trail","railway":"abandoned","segregated":"no","surface":"paved","osm_id":98736078,"osm_type":"way"}},{"type":"Feature","geometry":{"type":"LineString","coordinates":[[-84.4030751,33.7633651],[-84.4031403,33.7633024],[-84.4032328,33.7632408],[-84.4032967,33.7631791],[-84.4033786,33.7631272],[-84.4034302,33.7631219],[-84.4034904,33.7631281],[-84.4035421,33.7631523],[-84.4036902,33.7633285]]},"properties":{"bicycle":"designated","foot":"designated","highway":"cycleway","name":"Westside Beltline Connector","note:old_railway_operator":"AB&C","old_railway_operator":"ACL","segregated":"no","surface":"concrete","osm_id":106417328,"osm_type":"way"}},{"type":"Feature","geometry":{"type":"LineString","coordinates":[[-84.3681019,33.742543],[-84.3680877,33.7425415],[-84.3679773,33.7425345],[-84.3679216,33.742531]]},"properties":{"cycleway":"lane","highway":"tertiary","lanes":"2","maxlength:hgv":"30'","maxweight:hgv":"18 st","name":"Glenwood Avenue Southeast","surface":"asphalt","tiger:cfcc":"A41","tiger:county":"Fulton, GA","tiger:name_base":"Glenwood","tiger:name_direction_suffix":"SE","tiger:name_type":"Ave","tiger:reviewed":"no","tiger:zip_left":"30316","tiger:zip_right":"30316","osm_id":116892819,"osm_type":"way"}},{"type":"Feature","geometry":{"type":"LineString","coordinates":[[-84.4325221,33.7428581],[-84.4325214,33.7429084],[-84.4325048,33.7432599],[-84.4324924,33.7437752],[-84.4324918,33.7438556],[-84.4324912,33.7439377],[-84.4324825,33.7440813],[-84.4324788,33.7442831],[-84.4324286,33.7445831],[-84.4323106,33.7448899],[-84.4321401,33.7451579],[-84.4319432,33.7453829],[-84.4316825,33.7456125],[-84.4309634,33.74626],[-84.4303808,33.7467866],[-84.4304664,33.7468419],[-84.4305013,33.7468678]]},"properties":{"bicycle":"designated","foot":"designated","highway":"cycleway","name":"West End Trail","source":"Bing","surface":"concrete","osm_id":123285977,"osm_type":"way"}},{"type":"Feature","geometry":{"type":"LineString","coordinates":[[-84.2994908,33.7689773],[-84.3001304,33.7687915],[-84.3009726,33.7686009],[-84.3014259,33.7684593],[-84.3029003,33.7679493],[-84.3041793,33.7675068],[-84.3047584,33.7673192]]},"properties":{"bicycle":"designated","foot":"designated","highway":"cycleway","lcn_ref":"PATH","motor_vehicle":"no","name":"Stone Mountain Trail","segregated":"no","surface":"concrete","osm_id":123367987,"osm_type":"way"}},{"type":"Feature","geometry":{"type":"LineString","coordinates":[[-84.3050418,33.7672133],[-84.3050576,33.7672062],[-84.3051207,33.7671738],[-84.3052119,33.7671025],[-84.3052545,33.76708]]},"properties":{"bicycle":"designated","foot":"designated","highway":"cycleway","lcn_ref":"PATH","motor_vehicle":"no","segregated":"no","surface":"concrete","osm_id":123367996,"osm_type":"way"}},{"type":"Feature","geometry":{"type":"LineString","coordinates":[[-84.2966435,33.769964],[-84.2966971,33.7699506],[-84.2994908,33.7689773]]},"properties":{"bicycle":"designated","foot":"designated","highway":"cycleway","lcn_ref":"PATH","motor_vehicle":"no","name":"Stone Mountain Trail","segregated":"no","surface":"concrete","osm_id":123381315,"osm_type":"way"}},{"type":"Feature","geometry":{"type":"LineString","coordinates":[[-84.2966743,33.7734779],[-84.2966744,33.7735033],[-84.2966747,33.7735604],[-84.2966751,33.7736296]]},"properties":{"bicycle":"designated","crossing":"traffic_signals","crossing:markings":"ladder:paired","crossing:signals":"yes","cycleway":"crossing","foot":"designated","highway":"cycleway","segregated":"yes","surface":"asphalt","osm_id":123721481,"osm_type":"way"}},{"type":"Feature","geometry":{"type":"LineString","coordinates":[[-84.2966435,33.769964],[-84.2966563,33.7700228],[-84.2966724,33.7700967]]},"properties":{"bicycle":"designated","crossing":"traffic_signals","crossing:markings":"ladder:paired","crossing:signals":"yes","cycleway":"crossing","foot":"designated","highway":"cycleway","segregated":"no","surface":"asphalt","osm_id":123721489,"osm_type":"way"}},{"type":"Feature","geometry":{"type":"LineString","coordinates":[[-84.2964554,33.7700374],[-84.2965472,33.7700015],[-84.2966435,33.769964]]},"properties":{"bicycle":"designated","crossing":"traffic_signals","crossing:markings":"ladder:paired","crossing:signals":"yes","cycleway":"crossing","foot":"designated","highway":"cycleway","lcn_ref":"PATH","motor_vehicle":"no","name":"Stone Mountain Trail","segregated":"no","surface":"asphalt","osm_id":123794234,"osm_type":"way"}},{"type":"Feature","geometry":{"type":"LineString","coordinates":[[-84.3116914,33.765395],[-84.3123345,33.7653386],[-84.3124197,33.7653233],[-84.3124834,33.7653173],[-84.3127041,33.7652967],[-84.3127165,33.7652964],[-84.3128318,33.7652933],[-84.3139363,33.7652117],[-84.314306,33.7651766],[-84.3147462,33.7651254],[-84.3151928,33.7650474],[-84.3155908,33.7649646],[-84.3160395,33.7648479],[-84.3162392,33.7647986],[-84.3165029,33.764707],[-84.3168053,33.7645831],[-84.3170997,33.7644305],[-84.3175185,33.7641929],[-84.3180379,33.7638806],[-84.3185888,33.7635528],[-84.3192135,33.7631884],[-84.3196178,33.7629545]]},"properties":{"bicycle":"designated","foot":"designated","highway":"cycleway","lcn_ref":"PATH","motor_vehicle":"no","name":"Stone Mountain Trail","segregated":"no","surface":"concrete","osm_id":126355366,"osm_type":"way"}},{"type":"Feature","geometry":{"type":"LineString","coordinates":[[-84.3052545,33.76708],[-84.3052709,33.7670713],[-84.3053555,33.767036],[-84.3053982,33.7670257],[-84.3054959,33.767013],[-84.3055106,33.7670037],[-84.3055137,33.7669873]]},"properties":{"bicycle":"designated","foot":"designated","highway":"cycleway","lcn_ref":"PATH","motor_vehicle":"no","segregated":"no","surface":"concrete","osm_id":126355370,"osm_type":"way"}},{"type":"Feature","geometry":{"type":"LineString","coordinates":[[-84.3359682,33.7716546],[-84.3360431,33.771715],[-84.3360988,33.7717333],[-84.3363083,33.7716832],[-84.3364728,33.7717033],[-84.336563,33.7717024]]},"properties":{"bicycle":"designated","foot":"designated","highway":"cycleway","motor_vehicle":"no","name":"Stone Mountain Trail","segregated":"no","surface":"concrete","osm_id":143005718,"osm_type":"way"}},{"type":"Feature","geometry":{"type":"LineString","coordinates":[[-84.491625,33.8617958],[-84.4915764,33.8617967],[-84.4912433,33.8619067],[-84.4909939,33.861973],[-84.490794,33.8620032],[-84.4905164,33.8620232],[-84.4901597,33.8620222],[-84.489825,33.8620182],[-84.4896018,33.8620156],[-84.4894638,33.8620121],[-84.4892465,33.8620065],[-84.4889293,33.8620052],[-84.4885548,33.8619824],[-84.4884765,33.8619835],[-84.4884257,33.8620018],[-84.488367,33.8620007],[-84.4882724,33.861999],[-84.4881855,33.8619391],[-84.4881313,33.861892],[-84.4880401,33.8619095],[-84.4876233,33.8617424],[-84.4873585,33.8616475],[-84.4870565,33.8615631],[-84.4868182,33.8615065],[-84.4865663,33.8614517],[-84.4862859,33.8614101],[-84.4860594,33.8613845],[-84.4858338,33.8613735],[-84.4855791,33.8613662],[-84.4854152,33.8613665],[-84.4853251,33.86137],[-84.4852295,33.8613738],[-84.4850939,33.8613882],[-84.485036,33.8613943],[-84.4848392,33.86142],[-84.4846727,33.8614458],[-84.4844119,33.8614973],[-84.4843329,33.8615106],[-84.4843472,33.8616207],[-84.4843815,33.8617487],[-84.4843558,33.8617921],[-84.48436,33.862205],[-84.484194,33.8631319],[-84.4841576,33.8633766],[-84.4840778,33.8638114],[-84.4840485,33.8639918],[-84.4840386,33.8640531],[-84.4840296,33.8641191],[-84.4839968,33.8643798],[-84.4839737,33.8647615],[-84.4839687,33.8649629],[-84.4839684,33.8652307],[-84.4839635,33.8655192],[-84.483945,33.8657895],[-84.4839145,33.8660532],[-84.483864,33.8663399],[-84.4838045,33.8666128],[-84.4837234,33.8669018],[-84.4836439,33.8671456],[-84.4835465,33.8673894],[-84.4834503,33.8675886],[-84.4833926,33.8677334],[-84.4833665,33.867843],[-84.4832985,33.867921],[-84.4831853,33.8681565],[-84.4831024,33.8682942],[-84.4829366,33.868617],[-84.4826937,33.8690347],[-84.4824993,33.8692981],[-84.4823278,33.8695117],[-84.4819562,33.8698748],[-84.4818194,33.8699893],[-84.4812559,33.8704611],[-84.480607,33.8710188],[-84.4792508,33.8721753],[-84.4789318,33.8724664],[-84.4789249,33.8725163],[-84.4788521,33.8725767],[-84.478743,33.8726891],[-84.4787046,33.872727],[-84.4784998,33.8727427],[-84.4783261,33.8727561],[-84.4783032,33.8727543],[-84.4782437,33.8727496],[-84.478177,33.8727647],[-84.4781507,33.8727814],[-84.4781083,33.8728083],[-84.4780057,33.8727496],[-84.4779365,33.8727428],[-84.4773466,33.8727391],[-84.4768684,33.8727535]]},"properties":{"bicycle":"designated","foot":"designated","highway":"cycleway","motor_vehicle":"no","name":"Silver Comet Trail Cumberland Connector","segregated":"no","surface":"concrete","osm_id":143414959,"osm_type":"way"}},{"type":"Feature","geometry":{"type":"LineString","coordinates":[[-84.5177812,33.8420862],[-84.5179926,33.8420423],[-84.5180833,33.8419713],[-84.5181416,33.8418703]]},"properties":{"bicycle":"designated","foot":"designated","highway":"cycleway","name":"Mavell Road","tiger:cfcc":"A41","tiger:county":"Cobb, GA","tiger:name_base":"Mavell","tiger:name_type":"Rd","tiger:reviewed":"no","tiger:zip_left":"30082","tiger:zip_right":"30082","osm_id":143513174,"osm_type":"way"}},{"type":"Feature","geometry":{"type":"LineString","coordinates":[[-84.4711665,33.8780456],[-84.4706343,33.8783244]]},"properties":{"bicycle":"designated","bridge":"yes","foot":"designated","highway":"cycleway","layer":"1","lit":"no","motor_vehicle":"no","name":"Silver Comet Trail Cumberland Connector","segregated":"no","surface":"concrete","osm_id":143515163,"osm_type":"way"}},{"type":"Feature","geometry":{"type":"LineString","coordinates":[[-84.4646983,33.8779223],[-84.4648416,33.8779463],[-84.4650239,33.8779603],[-84.4653675,33.877965],[-84.4655627,33.8779509],[-84.4658245,33.8779306],[-84.4659395,33.8779202],[-84.466063,33.8779188],[-84.4664583,33.8779122],[-84.4667906,33.8779343],[-84.4672927,33.8780018],[-84.467634,33.8780708],[-84.4679221,33.8780926],[-84.4680709,33.8780898],[-84.4682252,33.8780987],[-84.4683626,33.8781127],[-84.4684981,33.878136],[-84.468625,33.8781429],[-84.4688054,33.878113],[-84.4690601,33.8780743],[-84.4693657,33.8780637],[-84.4697307,33.8780954],[-84.4700611,33.8781527],[-84.4703673,33.8782364],[-84.4706097,33.8783369]]},"properties":{"bicycle":"designated","foot":"designated","highway":"cycleway","lit":"yes","motor_vehicle":"no","name":"Mountain to River Trail / Silver Comet Trail Cumberland Connector","segregated":"no","surface":"concrete","osm_id":143515165,"osm_type":"way"}},{"type":"Feature","geometry":{"type":"LineString","coordinates":[[-84.5297289,33.8444045],[-84.5295487,33.844279]]},"properties":{"abandoned:railway":"rail","bridge":"yes","foot":"yes","highway":"cycleway","layer":"1","name":"Silver Comet Trail","old_railway_operator":"SAL","railway":"abandoned","surface":"paved","osm_id":143516607,"osm_type":"way"}},{"type":"Feature","geometry":{"type":"LineString","coordinates":[[-84.5295487,33.844279],[-84.5293735,33.8441614],[-84.529133,33.844017],[-84.528775,33.843803],[-84.528631,33.843743],[-84.528432,33.843661],[-84.527988,33.843503],[-84.527642,33.843432],[-84.527218,33.843372],[-84.525545,33.843296],[-84.524623,33.843255],[-84.524093,33.843241],[-84.523814,33.843274],[-84.523621,33.84327],[-84.52342,33.843254],[-84.522896,33.843178],[-84.522246,33.843041],[-84.521905,33.842971],[-84.5216284,33.8428993],[-84.521125,33.842791],[-84.519713,33.842414],[-84.518933,33.8422101],[-84.5186037,33.8421182],[-84.5181416,33.8418703],[-84.5180154,33.8417895],[-84.5179167,33.8417648],[-84.5177955,33.8417352],[-84.5177721,33.8417295],[-84.5176452,33.841726],[-84.5174756,33.841706]]},"properties":{"abandoned:railway":"rail","foot":"yes","highway":"cycleway","name":"Silver Comet Trail","old_railway_operator":"SAL","railway":"abandoned","segregated":"no","surface":"asphalt","osm_id":143516610,"osm_type":"way"}},{"type":"Feature","geometry":{"type":"LineString","coordinates":[[-84.3055773,33.8040969],[-84.3051362,33.8039682]]},"properties":{"bridge":"yes","foot":"yes","highway":"cycleway","name":"South Peachtree Creek Trail","segregated":"no","surface":"concrete","osm_id":148740162,"osm_type":"way"}},{"type":"Feature","geometry":{"type":"LineString","coordinates":[[-84.3051362,33.8039682],[-84.3052087,33.8038039],[-84.3052956,33.8036025],[-84.3052456,33.8035919],[-84.3050707,33.8040099]]},"properties":{"bridge":"yes","foot":"yes","highway":"cycleway","name":"South Peachtree Creek PATH Trail","segregated":"no","surface":"wood","osm_id":148740175,"osm_type":"way"}},{"type":"Feature","geometry":{"type":"LineString","coordinates":[[-84.3041102,33.8046222],[-84.3042416,33.8046116],[-84.3043248,33.8046384],[-84.3044161,33.8046969],[-84.304516,33.8047373],[-84.3045779,33.8047568],[-84.3046469,33.8047311],[-84.3049108,33.8044346],[-84.3049788,33.8043321],[-84.3050062,33.8041989],[-84.305039,33.804065],[-84.3050707,33.8040099]]},"properties":{"foot":"yes","highway":"cycleway","name":"South Peachtree Creek Trail","segregated":"no","surface":"concrete","osm_id":148740185,"osm_type":"way"}},{"type":"Feature","geometry":{"type":"LineString","coordinates":[[-84.3037366,33.804654],[-84.3038738,33.8046936]]},"properties":{"bridge":"yes","foot":"yes","highway":"cycleway","name":"South Peachtree Creek Trail","segregated":"no","surface":"concrete","osm_id":148741613,"osm_type":"way"}},{"type":"Feature","geometry":{"type":"LineString","coordinates":[[-84.4518963,33.8184435],[-84.4520096,33.8184318],[-84.4522081,33.8184139],[-84.4523841,33.8184062],[-84.4525844,33.818377],[-84.452734,33.8182921],[-84.4529484,33.8182267],[-84.4531737,33.8182713],[-84.4535331,33.818356],[-84.4536565,33.8183827],[-84.4538282,33.8184318],[-84.4539623,33.8185922],[-84.4540428,33.8187526],[-84.4541447,33.8189309],[-84.454311,33.8190423],[-84.454606,33.8190557],[-84.4548145,33.8190601]]},"properties":{"bicycle":"designated","foot":"designated","highway":"cycleway","name":"Whetstone Creek PATH Trail","segregated":"no","surface":"paved","osm_id":154019566,"osm_type":"way"}},{"type":"Feature","geometry":{"type":"LineString","coordinates":[[-84.336563,33.7717024],[-84.3368028,33.7717012]]},"properties":{"bicycle":"designated","bridge":"yes","foot":"designated","highway":"path","layer":"1","motor_vehicle":"no","name":"Stone Mountain Trail","segregated":"no","surface":"concrete","osm_id":155487213,"osm_type":"way"}},{"type":"Feature","geometry":{"type":"LineString","coordinates":[[-84.3368028,33.7717012],[-84.3368511,33.7717019],[-84.3368974,33.7717021],[-84.3369204,33.7717006],[-84.3369806,33.7716967],[-84.3370861,33.7716863],[-84.3372208,33.7716742],[-84.3373277,33.7716683],[-84.3374187,33.7716708],[-84.3374654,33.7716725],[-84.3375128,33.7716725],[-84.337581,33.7716684],[-84.3376548,33.7716613],[-84.3377241,33.7716539],[-84.3377635,33.7716506],[-84.3378106,33.7716516],[-84.337882,33.7716571],[-84.3379611,33.7716649],[-84.3379834,33.7716664],[-84.3380029,33.7716662],[-84.3380179,33.7716624],[-84.3380303,33.7716551],[-84.3380665,33.7716277]]},"properties":{"bicycle":"designated","foot":"designated","highway":"cycleway","motor_vehicle":"no","name":"Stone Mountain Trail","segregated":"no","surface":"concrete","osm_id":155487216,"osm_type":"way"}},{"type":"Feature","geometry":{"type":"LineString","coordinates":[[-84.3425839,33.7711602],[-84.3426299,33.771125],[-84.3426709,33.7711148],[-84.3427226,33.7711117],[-84.3428213,33.771122],[-84.3429866,33.771129],[-84.34307,33.7711277],[-84.3431575,33.7711153],[-84.3432161,33.7711078],[-84.3432676,33.7710947],[-84.3433027,33.7710736],[-84.3433302,33.771046],[-84.3433462,33.7710194],[-84.3433549,33.7709929],[-84.3433569,33.77097],[-84.3433498,33.7709463],[-84.3433281,33.770908],[-84.3432797,33.7708497],[-84.3432679,33.7708141],[-84.3432703,33.7707573],[-84.3432956,33.7706931],[-84.3433263,33.7706634],[-84.3433527,33.7706477],[-84.3433902,33.7706368],[-84.3434278,33.7706315],[-84.3434922,33.7706356],[-84.3435318,33.7706528],[-84.3435733,33.7706852],[-84.3436454,33.770814],[-84.3437355,33.7709103],[-84.343806,33.7709442],[-84.343938,33.7709432],[-84.3440036,33.7709264],[-84.3440722,33.7708904],[-84.3441078,33.7708555],[-84.3441961,33.7707195],[-84.3442632,33.7706676],[-84.3443814,33.7706022],[-84.3444658,33.7705741],[-84.3445755,33.7705593],[-84.3448405,33.7705727],[-84.3449373,33.7705688],[-84.3450298,33.7705527],[-84.3451284,33.7705197],[-84.3451915,33.7704897],[-84.3453071,33.7704021],[-84.3453853,33.7703133],[-84.3454821,33.7702256],[-84.3455554,33.7701844],[-84.345629,33.7701548],[-84.345746,33.770129],[-84.3458275,33.7701226],[-84.3459083,33.7701266],[-84.3459853,33.7701432],[-84.3460905,33.7701848],[-84.3461515,33.7702235],[-84.346222,33.7702999],[-84.3463362,33.7704598],[-84.3463869,33.7704925],[-84.3464597,33.7705118],[-84.3465475,33.7705172],[-84.3467606,33.7704845],[-84.3468385,33.7704956],[-84.3469391,33.7705375],[-84.3470077,33.7705798],[-84.3470519,33.7706164],[-84.3471342,33.7707067],[-84.3472097,33.77076],[-84.3472587,33.7707849],[-84.3473257,33.7708092],[-84.3474028,33.7708261],[-84.3475301,33.7708302],[-84.3476579,33.7708112],[-84.3477776,33.7707615],[-84.3478458,33.7707168],[-84.3479764,33.7705967],[-84.3480843,33.7705307],[-84.3481468,33.7705024],[-84.3482922,33.7704528],[-84.3485013,33.770412],[-84.3486327,33.7703655],[-84.3487041,33.7703075],[-84.348765,33.7701996],[-84.3488055,33.7700978],[-84.3487763,33.7699858],[-84.3487782,33.7699382],[-84.3488101,33.7698529],[-84.3489212,33.7698538]]},"properties":{"bicycle":"designated","foot":"designated","highway":"cycleway","motor_vehicle":"no","name":"Stone Mountain Trail","segregated":"no","surface":"paved","osm_id":155487818,"osm_type":"way"}},{"type":"Feature","geometry":{"type":"LineString","coordinates":[[-84.3380665,33.7716277],[-84.3382008,33.7715234]]},"properties":{"bicycle":"designated","bridge":"yes","foot":"designated","highway":"cycleway","layer":"1","motor_vehicle":"no","name":"Stone Mountain Trail","segregated":"no","surface":"concrete","osm_id":155487824,"osm_type":"way"}},{"type":"Feature","geometry":{"type":"LineString","coordinates":[[-84.3537782,33.7692337],[-84.3537795,33.7693206],[-84.3537768,33.7693313],[-84.3537701,33.7693428],[-84.3537614,33.7693541],[-84.353697,33.7694025]]},"properties":{"bicycle":"designated","foot":"designated","highway":"path","motor_vehicle":"no","source":"bing_imagery","osm_id":156452121,"osm_type":"way"}},{"type":"Feature","geometry":{"type":"LineString","coordinates":[[-84.4010686,33.776524],[-84.4011316,33.7766353],[-84.4012591,33.7768302],[-84.4013989,33.7769837],[-84.4015482,33.777109],[-84.4016835,33.7771778],[-84.4017106,33.777187],[-84.4019686,33.7772569],[-84.4021393,33.7772719],[-84.4023085,33.7772802],[-84.40241,33.777284]]},"properties":{"bicycle":"designated","foot":"designated","highway":"cycleway","noname":"yes","surface":"concrete","osm_id":162123009,"osm_type":"way"}},{"type":"Feature","geometry":{"type":"LineString","coordinates":[[-84.5099213,33.8397601],[-84.5097497,33.8397735],[-84.5095136,33.8398983],[-84.5094224,33.8399205],[-84.5093098,33.8399072],[-84.5088536,33.8397872],[-84.5082203,33.8396207],[-84.5081224,33.8396348],[-84.5080411,33.8396757],[-84.5077729,33.8398228],[-84.5075665,33.8399492],[-84.5074966,33.8399921],[-84.5074551,33.8400155],[-84.5074215,33.8400344],[-84.5073357,33.8400678],[-84.5072231,33.8401235],[-84.5070487,33.8402238],[-84.5066705,33.8404533],[-84.5063835,33.8406226],[-84.5058524,33.8409345],[-84.5054448,33.8411795],[-84.5050183,33.8414379],[-84.5045918,33.8416852],[-84.504511,33.8417385],[-84.504396,33.8418144],[-84.5043209,33.8418768],[-84.50405,33.8420372],[-84.5036289,33.8422912],[-84.5033392,33.842456],[-84.5031917,33.8425407],[-84.5030281,33.8426766],[-84.5029923,33.8427064],[-84.5028591,33.8428169],[-84.5026392,33.8430041],[-84.5024326,33.8431756],[-84.502194,33.8433673],[-84.5021027,33.8434407],[-84.5018908,33.8436189],[-84.5016414,33.8438283],[-84.5014724,33.8439705],[-84.5014295,33.8440066],[-84.5013812,33.8440467],[-84.5012364,33.8439264],[-84.5011811,33.8438814],[-84.5011517,33.8438406],[-84.5011371,33.8437842]]},"properties":{"bicycle":"designated","foot":"designated","highway":"cycleway","motor_vehicle":"no","name":"Silver Comet Connector","segregated":"no","surface":"concrete","tiger:cfcc":"A41","tiger:county":"Cobb, GA","tiger:reviewed":"no","osm_id":164644705,"osm_type":"way"}},{"type":"Feature","geometry":{"type":"LineString","coordinates":[[-84.5011371,33.8437842],[-84.5011401,33.8437376],[-84.5011602,33.8436849],[-84.5011988,33.8436301],[-84.5013651,33.843532]]},"properties":{"bicycle":"designated","foot":"designated","highway":"path","motor_vehicle":"no","name":"Silver Comet Connector","segregated":"no","surface":"concrete","tiger:cfcc":"A41","tiger:county":"Cobb, GA","tiger:reviewed":"no","tiger:separated":"no","tiger:source":"tiger_import_dch_v0.6_20070809","tiger:tlid":"17197360:17197366:17201679:17234945:17234946:17244473:17244474:17245514:17245515:17247653:17258701:17258708:17258709:17258715:17258727:17258731:17258732:17259030:17259032:17267487:17267491:17268317:17268318:17268321:17268324:17268327:17268329:17268331:172","tiger:upload_uuid":"bulk_upload.pl-569bc173-420d-4e38-b2c0-80659dd4675a","osm_id":164655751,"osm_type":"way"}},{"type":"Feature","geometry":{"type":"LineString","coordinates":[[-84.4706343,33.8783244],[-84.4706097,33.8783369]]},"properties":{"bicycle":"designated","foot":"designated","highway":"cycleway","lit":"no","motor_vehicle":"no","name":"Silver Comet Trail Cumberland Connector","segregated":"no","smoothness":"good","surface":"concrete","osm_id":164655752,"osm_type":"way"}},{"type":"Feature","geometry":{"type":"LineString","coordinates":[[-84.493567,33.8525807],[-84.4934419,33.8530306],[-84.4932353,33.8536187],[-84.4930422,33.8541555],[-84.4929845,33.854359],[-84.4928565,33.8543222],[-84.4927142,33.8542799],[-84.4926738,33.8542922],[-84.4926245,33.8544226],[-84.4925782,33.8545453],[-84.4924532,33.8549257],[-84.4924092,33.8550598],[-84.4923234,33.8553472],[-84.4922483,33.8556367],[-84.4921464,33.8560065],[-84.4920623,33.8563434],[-84.4920552,33.8563718],[-84.4919908,33.856697],[-84.4919773,33.8567981],[-84.4919398,33.8570801],[-84.4918835,33.8573964],[-84.4918004,33.8578218],[-84.4917118,33.8583341],[-84.4916528,33.858686],[-84.4915855,33.8590691],[-84.4914994,33.8594624],[-84.4914776,33.8597175],[-84.4914571,33.8598594],[-84.4914433,33.8598902],[-84.4914684,33.8599665],[-84.4914804,33.860003],[-84.4914829,33.8600424],[-84.4914865,33.8600981],[-84.4914881,33.8605057],[-84.4915122,33.8610013],[-84.4915133,33.8612166],[-84.491537,33.8613985],[-84.4915777,33.8616615],[-84.4916018,33.8617312],[-84.491625,33.8617958]]},"properties":{"bicycle":"designated","foot":"designated","highway":"cycleway","motor_vehicle":"no","name":"Silver Comet Trail Cumberland Connector","segregated":"no","surface":"concrete","osm_id":164655753,"osm_type":"way"}},{"type":"Feature","geometry":{"type":"LineString","coordinates":[[-84.500761,33.8440132],[-84.5007079,33.8440263],[-84.500653,33.8440491],[-84.5004457,33.8442087],[-84.500313,33.8442669],[-84.5002109,33.8443455],[-84.5001788,33.8444252],[-84.5001765,33.8444499],[-84.5001306,33.844485],[-84.5001003,33.8445081],[-84.5000567,33.8445414],[-84.5000213,33.8445412],[-84.4999596,33.8445835],[-84.4998282,33.8446548],[-84.4997343,33.8447283],[-84.4995358,33.844891],[-84.4993991,33.8450001],[-84.4993561,33.8450402],[-84.4993293,33.8451026],[-84.4993025,33.8451895],[-84.4992703,33.8454835],[-84.4991872,33.8459803],[-84.4991094,33.8463145],[-84.4990182,33.8466085],[-84.4988948,33.846858],[-84.4987151,33.8471275],[-84.4984308,33.8473681],[-84.4981357,33.847582],[-84.4976824,33.8478248],[-84.4972774,33.8480119],[-84.4970307,33.8480966],[-84.4966471,33.848179],[-84.4962153,33.8482659],[-84.4960366,33.8483154],[-84.4956842,33.8484129],[-84.4953543,33.8485332],[-84.4950271,33.8486557],[-84.4948205,33.8487782],[-84.4946971,33.8488918],[-84.4946604,33.8489212],[-84.4946155,33.8489173],[-84.4943767,33.8488651],[-84.4943314,33.8488651],[-84.4941736,33.8489091],[-84.4939359,33.8489537],[-84.4937294,33.8489771],[-84.4936407,33.8490092],[-84.493568,33.8490663]]},"properties":{"bicycle":"designated","foot":"designated","highway":"cycleway","motor_vehicle":"no","name":"Silver Comet Trail Cumberland Connector","segregated":"no","surface":"concrete","osm_id":164655754,"osm_type":"way"}},{"type":"Feature","geometry":{"type":"LineString","coordinates":[[-84.5011371,33.8437842],[-84.5010916,33.843788],[-84.501034,33.8437928],[-84.5010092,33.8437753],[-84.5009549,33.8438255],[-84.5008684,33.8439103],[-84.500761,33.8440132]]},"properties":{"highway":"cycleway","surface":"asphalt","osm_id":164655764,"osm_type":"way"}},{"type":"Feature","geometry":{"type":"LineString","coordinates":[[-84.4646983,33.8779223],[-84.4646913,33.8779801],[-84.4646739,33.8781245],[-84.4646703,33.8781547]]},"properties":{"bicycle":"designated","crossing":"traffic_signals","crossing:markings":"ladder:paired","crossing:signals":"yes","cycleway":"crossing","foot":"designated","highway":"cycleway","lit":"yes","segregated":"no","surface":"asphalt","osm_id":164655765,"osm_type":"way"}},{"type":"Feature","geometry":{"type":"LineString","coordinates":[[-84.4706097,33.8783369],[-84.4708427,33.8784126],[-84.4710337,33.8784584],[-84.4711738,33.8785253],[-84.471335,33.8785993],[-84.4714327,33.878698],[-84.4714963,33.8788037],[-84.471495,33.8788233]]},"properties":{"bicycle":"designated","foot":"designated","highway":"cycleway","motor_vehicle":"no","name":"Mountain to River Trail","segregated":"no","surface":"concrete","osm_id":164655776,"osm_type":"way"}},{"type":"Feature","geometry":{"type":"LineString","coordinates":[[-84.397299,33.74744],[-84.3973365,33.747499],[-84.397361,33.7475533],[-84.3973773,33.7476054],[-84.3973782,33.7476467],[-84.3973759,33.7476964],[-84.3973636,33.7477416],[-84.3973308,33.7478087],[-84.3972847,33.7478754],[-84.3971558,33.7480403],[-84.3971447,33.7480545],[-84.3970162,33.7482189],[-84.3969175,33.7483452],[-84.3968811,33.7483918],[-84.3968326,33.748452],[-84.3967051,33.74861],[-84.3966325,33.7487],[-84.3964709,33.7488932],[-84.3964126,33.7489675],[-84.3961226,33.7493356],[-84.3960848,33.7493839],[-84.3960405,33.7494404],[-84.3959916,33.7495027],[-84.3959145,33.7496023],[-84.3956663,33.7499175],[-84.395564,33.7500491],[-84.3954553,33.7501877],[-84.395281,33.75041],[-84.3952227,33.750485],[-84.3951726,33.750548]]},"properties":{"cycleway":"track","highway":"tertiary","lanes":"4","name":"Forsyth Street Southwest","sidewalk:both":"separate","osm_id":169926081,"osm_type":"way"}},{"type":"Feature","geometry":{"type":"LineString","coordinates":[[-84.4097511,33.7788236],[-84.4098683,33.7788845],[-84.4099372,33.7789219],[-84.4099907,33.7789494],[-84.4100685,33.7789855],[-84.4103057,33.7790827],[-84.4107312,33.7792563],[-84.4110274,33.7793772],[-84.4111827,33.7794465],[-84.4116465,33.7796535],[-84.4116602,33.7796596],[-84.4118719,33.7797512]]},"properties":{"cycleway":"track","cycleway:both":"track","highway":"tertiary","lanes":"4","name":"Marietta Street","rcn_ref":"35","sidewalk:both":"separate","tiger:cfcc":"A41","tiger:county":"Fulton, GA","tiger:name_base":"Marietta","tiger:name_type":"St","tiger:reviewed":"no","tiger:zip_left":"30318","tiger:zip_left_1":"30318","tiger:zip_right":"30318","osm_id":169927468,"osm_type":"way"}},{"type":"Feature","geometry":{"type":"LineString","coordinates":[[-84.3556005,33.7641952],[-84.3556031,33.7641311],[-84.3556347,33.7640808],[-84.3556917,33.7640328],[-84.3557802,33.764003],[-84.3558977,33.7639792],[-84.3559903,33.763928],[-84.3560573,33.7638499],[-84.3560874,33.7637911],[-84.3560951,33.7637151],[-84.3560704,33.763648],[-84.3560245,33.7635994],[-84.355946,33.7635723],[-84.3558798,33.7635738],[-84.3556336,33.7636247],[-84.3555289,33.7636437],[-84.3553843,33.7636443],[-84.355232,33.7636228],[-84.3551199,33.7635863],[-84.3550339,33.7635296],[-84.3549657,33.7634485],[-84.3549469,33.7633861],[-84.3549563,33.7633081],[-84.3549925,33.7632423],[-84.3550596,33.763181],[-84.355136,33.7631464],[-84.3553425,33.7630639],[-84.3554431,33.7629981],[-84.3555799,33.7628866],[-84.3556685,33.762796],[-84.3557322,33.7627098],[-84.355761,33.762638],[-84.3557653,33.762591]]},"properties":{"bicycle":"designated","foot":"designated","highway":"path","motor_vehicle":"no","surface":"concrete","osm_id":169957934,"osm_type":"way"}},{"type":"Feature","geometry":{"type":"LineString","coordinates":[[-84.252046,33.8275232],[-84.2529396,33.8271372]]},"properties":{"bridge":"yes","cycleway":"lane","highway":"primary","lanes":"4","layer":"1","name":"Lawrenceville Highway","oneway":"yes","ref":"US 29;GA 8","tiger:county":"DeKalb, GA","turn:lanes":"|||right","osm_id":172284934,"osm_type":"way"}},{"type":"Feature","geometry":{"type":"LineString","coordinates":[[-84.2550112,33.8262518],[-84.2540639,33.8265189],[-84.2538852,33.8265693],[-84.2538079,33.8265929]]},"properties":{"cycleway":"lane","highway":"primary","lanes":"5","name":"Lawrenceville Highway","oneway":"yes","ref":"US 29;GA 8","tiger:county":"DeKalb, GA","turn:lanes":"left|left|through||","osm_id":172284935,"osm_type":"way"}},{"type":"Feature","geometry":{"type":"LineString","coordinates":[[-84.2500823,33.8286498],[-84.2505107,33.8283825],[-84.2506383,33.8283013]]},"properties":{"cycleway":"lane","highway":"primary","lanes":"3","maxspeed":"45 mph","name":"Lawrenceville Highway","oneway":"yes","ref":"US 29;GA 8","sidewalk:left":"no","sidewalk:right":"separate","source:maxspeed":"survey 2014-05-27","tiger:county":"DeKalb, GA","osm_id":172284936,"osm_type":"way"}},{"type":"Feature","geometry":{"type":"LineString","coordinates":[[-84.3503859,33.7700829],[-84.3504886,33.7701232],[-84.3505744,33.7701633],[-84.3506656,33.7701856],[-84.3507607,33.770188]]},"properties":{"bicycle":"designated","foot":"designated","highway":"path","motor_vehicle":"no","source":"bing_imagery","osm_id":174532589,"osm_type":"way"}},{"type":"Feature","geometry":{"type":"LineString","coordinates":[[-84.3505744,33.7701633],[-84.3505208,33.7701154],[-84.3505044,33.7700578]]},"properties":{"bicycle":"designated","foot":"designated","highway":"path","motor_vehicle":"no","source":"bing_imagery","osm_id":174532590,"osm_type":"way"}},{"type":"Feature","geometry":{"type":"LineString","coordinates":[[-84.3584383,33.7715239],[-84.3583796,33.7714688],[-84.3583421,33.7714063],[-84.35833,33.771364],[-84.3583354,33.7713283],[-84.3583488,33.7713004],[-84.3583622,33.7712603],[-84.3583568,33.7712135],[-84.3583424,33.7711476],[-84.3583293,33.7710881]]},"properties":{"bicycle":"designated","foot":"designated","highway":"path","motor_vehicle":"no","surface":"paved","osm_id":174532591,"osm_type":"way"}},{"type":"Feature","geometry":{"type":"LineString","coordinates":[[-84.359293,33.7710401],[-84.3592243,33.7710408],[-84.3592135,33.7709147],[-84.3592107,33.7708564],[-84.3592116,33.770785],[-84.3592094,33.7706286],[-84.3591974,33.7704926],[-84.3591894,33.7704552],[-84.3591738,33.7704135],[-84.3591455,33.7703621],[-84.3591017,33.7702929],[-84.3590693,33.7702404],[-84.3590459,33.7701946],[-84.3590252,33.7701543],[-84.3590086,33.7701077],[-84.3590012,33.7700807],[-84.3589977,33.7700467],[-84.3589986,33.7700071],[-84.3590021,33.7699665],[-84.3589981,33.769897],[-84.3589883,33.7698633],[-84.3589772,33.7698328],[-84.3589367,33.7697864],[-84.3589005,33.7697542],[-84.3588767,33.7697339],[-84.3588505,33.769718],[-84.3587806,33.7696896],[-84.3587384,33.7696811],[-84.3586517,33.7696807],[-84.3586094,33.7696848],[-84.358528,33.7696948],[-84.3584275,33.7697077],[-84.3583123,33.7697136],[-84.3582741,33.769711],[-84.3582403,33.7697073],[-84.3582118,33.7697018],[-84.3581825,33.7696944],[-84.3581473,33.76968],[-84.357931,33.7695666],[-84.3578313,33.7694446],[-84.357802,33.7693675],[-84.3577807,33.7692969],[-84.3577688,33.7692237],[-84.3577394,33.7690179],[-84.3577081,33.768931],[-84.3576474,33.7688232],[-84.3576279,33.7687941],[-84.3576029,33.7687605],[-84.3575531,33.7687147],[-84.3575349,33.7687032],[-84.3574878,33.7686858],[-84.3574691,33.7686814],[-84.35745,33.7686777],[-84.357337,33.7686596],[-84.3570902,33.7686289],[-84.3564382,33.7685265],[-84.3563888,33.7685198],[-84.3563399,33.7685143],[-84.3562843,33.7685119],[-84.3562305,33.7685128],[-84.3561731,33.7685158],[-84.3560872,33.7685247],[-84.3560068,33.768539],[-84.3559143,33.7685549],[-84.3558573,33.7685609],[-84.355812,33.7685638],[-84.3557746,33.7685668],[-84.3557461,33.7685708],[-84.3557222,33.7685765],[-84.3556994,33.7685849],[-84.3556803,33.7685949],[-84.3556532,33.7686108],[-84.3555896,33.7686363],[-84.3555264,33.7686577],[-84.355425,33.7686869],[-84.3551485,33.7687563],[-84.3550119,33.7687905],[-84.3549491,33.7688041],[-84.3549002,33.7688141],[-84.3548549,33.7688215],[-84.3548144,33.7688271],[-84.3547757,33.7688315],[-84.3547345,33.7688336],[-84.3546845,33.7688348],[-84.3546249,33.7688348],[-84.354552,33.7688333],[-84.354513,33.7688339],[-84.3544573,33.7688374],[-84.3544119,33.7688426],[-84.354319,33.7688603],[-84.3542634,33.7688736],[-84.3542118,33.7688881],[-84.3541802,33.7688991],[-84.3541534,33.7689118],[-84.3541184,33.7689284],[-84.354089,33.7689457],[-84.3540125,33.7689982],[-84.3539707,33.76903],[-84.3538846,33.7690978],[-84.3538426,33.769128],[-84.3538094,33.7691491],[-84.3537635,33.7691716],[-84.3537133,33.7691945],[-84.3536551,33.769211],[-84.3536176,33.7692189],[-84.3535905,33.7692215],[-84.3535135,33.7692186],[-84.3534766,33.7692123],[-84.3534272,33.7692008],[-84.3533548,33.7691868],[-84.3532436,33.7691705],[-84.3531729,33.7691679],[-84.3530968,33.7691726],[-84.352991,33.769186],[-84.3527655,33.7692152],[-84.3527103,33.7692178],[-84.3526296,33.7692014]]},"properties":{"bicycle":"designated","foot":"designated","highway":"cycleway","motor_vehicle":"no","segregated":"no","surface":"paved","osm_id":174532594,"osm_type":"way"}},{"type":"Feature","geometry":{"type":"LineString","coordinates":[[-84.355754,33.7625165],[-84.3557698,33.7625152],[-84.3557852,33.7625184],[-84.3557921,33.7625217],[-84.3558035,33.7625309],[-84.3558089,33.7625392],[-84.355812,33.7625521],[-84.3558065,33.7625712],[-84.3557903,33.7625854],[-84.3557756,33.7625902]]},"properties":{"bicycle":"designated","foot":"designated","highway":"path","motor_vehicle":"no","surface":"concrete","osm_id":174533499,"osm_type":"way"}},{"type":"Feature","geometry":{"type":"LineString","coordinates":[[-84.3556931,33.7623056],[-84.355592,33.7622957],[-84.3553063,33.7622823],[-84.3550944,33.7622678],[-84.3550341,33.7622511],[-84.3549965,33.7622221],[-84.3549764,33.7621809],[-84.3549818,33.7621407],[-84.3550113,33.7620995],[-84.3550931,33.7620683],[-84.3551695,33.7620738],[-84.3553278,33.7621084],[-84.3554136,33.7621118],[-84.3554941,33.7620984],[-84.3555504,33.7620627],[-84.3556067,33.7619802],[-84.3556014,33.7618865],[-84.3555331,33.7618146],[-84.355415,33.7617449],[-84.3552647,33.7617304],[-84.3549684,33.7617483],[-84.3548396,33.7617472]]},"properties":{"bicycle":"designated","foot":"designated","highway":"path","motor_vehicle":"no","segregated":"no","surface":"concrete","osm_id":174533500,"osm_type":"way"}},{"type":"Feature","geometry":{"type":"LineString","coordinates":[[-84.397798,33.7752168],[-84.3973144,33.7752068],[-84.3968652,33.775203],[-84.3966897,33.775218],[-84.3961053,33.7752097]]},"properties":{"access":"yes","bicycle":"no","foot":"designated","highway":"cycleway","lit":"yes","motor_vehicle":"no","noname":"yes","surface":"concrete","osm_id":178721866,"osm_type":"way"}},{"type":"Feature","geometry":{"type":"LineString","coordinates":[[-84.4033946,33.7740862],[-84.403237,33.7739839],[-84.403126,33.7739202],[-84.402977,33.7738422]]},"properties":{"highway":"cycleway","lanes":"2","name":"PATH Parkway","oneway":"no","segregated":"no","short_name":"Tech Parkway","surface":"concrete","tiger:cfcc":"A41","tiger:name_base":"Tech","tiger:name_direction_suffix":"NW","tiger:name_type":"Pky","osm_id":179237448,"osm_type":"way"}},{"type":"Feature","geometry":{"type":"LineString","coordinates":[[-84.4073681,33.7776537],[-84.4073072,33.7776843],[-84.4072712,33.7776879],[-84.40724,33.7776814],[-84.4072081,33.7776605],[-84.4070844,33.777422],[-84.4069179,33.7771608],[-84.4067257,33.7769015],[-84.4065901,33.7767455],[-84.406417,33.776561],[-84.4063015,33.7764557],[-84.4060299,33.776222],[-84.4052297,33.7755733],[-84.4043282,33.7748413],[-84.4038653,33.7744654],[-84.4033946,33.7740862]]},"properties":{"bicycle":"designated","foot":"designated","gatech:PRKG_NUM":"W06","highway":"cycleway","lanes":"2","name":"PATH Parkway","oneway":"no","segregated":"no","short_name":"Tech Parkway","surface":"concrete","tiger:cfcc":"A41","tiger:name_base":"Tech","tiger:name_direction_suffix":"NW","tiger:name_type":"Pky","osm_id":179237451,"osm_type":"way"}},{"type":"Feature","geometry":{"type":"LineString","coordinates":[[-84.4025348,33.773647],[-84.4020573,33.7734755],[-84.401645,33.7733611],[-84.4003584,33.7731614],[-84.4002578,33.7731458],[-84.3991829,33.7729731],[-84.3990836,33.7729572],[-84.3980924,33.7727984]]},"properties":{"foot":"no","gatech:PRKG_NUM":"W01","highway":"cycleway","lanes":"2","lit":"yes","name":"PATH Parkway","oneway":"no","parking:lanes:both":"parallel","segregated":"no","short_name":"Tech Parkway","surface":"concrete","tiger:cfcc":"A41","tiger:county":"Fulton, GA","tiger:name_base":"Tech","tiger:name_direction_suffix":"NW","tiger:name_type":"Pky","tiger:reviewed":"no","osm_id":179238151,"osm_type":"way"}},{"type":"Feature","geometry":{"type":"LineString","coordinates":[[-84.3961773,33.7676818],[-84.3961742,33.7669162],[-84.3961791,33.7667141],[-84.3961992,33.7659078],[-84.3962004,33.7653978],[-84.3962033,33.7653438],[-84.3962043,33.7652929],[-84.3962104,33.7649736],[-84.3962101,33.7647578],[-84.3962108,33.7647043]]},"properties":{"bicycle":"designated","highway":"cycleway","lanes":"2","name":"PATH Parkway","oneway":"no","short_name":"Tech Parkway","surface":"asphalt","tiger:cfcc":"A41","tiger:county":"Fulton, GA","tiger:name_base":"Tech","tiger:name_direction_suffix":"NW","tiger:name_type":"Pky","tiger:reviewed":"no","osm_id":179238152,"osm_type":"way"}},{"type":"Feature","geometry":{"type":"LineString","coordinates":[[-84.3968652,33.775203],[-84.3968737,33.7739974]]},"properties":{"bicycle":"no","foot":"designated","highway":"cycleway","lit":"yes","noname":"yes","oneway":"no","segregated":"no","surface":"concrete","osm_id":179980954,"osm_type":"way"}},{"type":"Feature","geometry":{"type":"LineString","coordinates":[[-84.3977949,33.7740047],[-84.3977957,33.7738518],[-84.3976061,33.7737587],[-84.3975051,33.773705],[-84.3970141,33.7734437]]},"properties":{"bicycle":"designated","foot":"designated","highway":"cycleway","lit":"yes","oneway":"no","segregated":"no","surface":"concrete","osm_id":179980960,"osm_type":"way"}},{"type":"Feature","geometry":{"type":"LineString","coordinates":[[-84.3686429,33.782184],[-84.3688262,33.7824107],[-84.3689979,33.782608],[-84.3692954,33.7829673],[-84.3695014,33.7832369],[-84.3698313,33.783687],[-84.3701463,33.7841439],[-84.3702528,33.7843178],[-84.3703474,33.7844905],[-84.3703804,33.7845609],[-84.3704305,33.7846735],[-84.3705136,33.7848641],[-84.3705847,33.7850492],[-84.3706185,33.7851567],[-84.3706877,33.7853792],[-84.370731,33.7854831],[-84.3707842,33.7855921],[-84.3708572,33.7857543],[-84.370897,33.7858655],[-84.3709246,33.7859794],[-84.3709343,33.7860665],[-84.3709417,33.7861594],[-84.3709527,33.7864732],[-84.3709482,33.7866635],[-84.3709225,33.7869569],[-84.3709045,33.7870996],[-84.3708936,33.7872241],[-84.3708937,33.7873124],[-84.3708982,33.787504],[-84.3708948,33.7876718],[-84.3708822,33.7878072],[-84.3708537,33.7879927],[-84.3708187,33.788204],[-84.3707866,33.7883436],[-84.3707579,33.7884665],[-84.3707351,33.7885923],[-84.3707112,33.7887511],[-84.3706978,33.7888387],[-84.3706779,33.7889315],[-84.3706446,33.7890496],[-84.3706206,33.7891244],[-84.3706133,33.7891689],[-84.370616,33.7892105],[-84.3706289,33.7892506],[-84.3706543,33.7892875],[-84.3706879,33.7893215],[-84.3707506,33.78935],[-84.3708254,33.7893662],[-84.3708681,33.7893668],[-84.3709311,33.7893526],[-84.3710034,33.7893225],[-84.3710132,33.7893184],[-84.3710405,33.7893102],[-84.3710911,33.789307],[-84.3711479,33.7893174],[-84.3711756,33.7893302],[-84.3712037,33.7893432],[-84.3712426,33.789369],[-84.3712565,33.789404],[-84.3712571,33.7894175],[-84.371258,33.7894386],[-84.3712434,33.7894758],[-84.3712121,33.7895857],[-84.3711775,33.7897892],[-84.3711544,33.7898873],[-84.3711343,33.7899651],[-84.3710751,33.7901048],[-84.3710055,33.790253],[-84.3709284,33.7904332],[-84.3709,33.7905171],[-84.3708351,33.7907387],[-84.3708071,33.7908294],[-84.3707726,33.7909061],[-84.370706,33.79103],[-84.3706816,33.7910906],[-84.3706652,33.791157],[-84.3706622,33.7912298],[-84.3706639,33.791299],[-84.3706802,33.7913885],[-84.3707018,33.7914722],[-84.3707359,33.7915555],[-84.3707776,33.7916262],[-84.370823,33.7916845],[-84.370874,33.7917296],[-84.3709308,33.7917669],[-84.3709718,33.7917877],[-84.3710286,33.7918181],[-84.3710669,33.7918455],[-84.3710969,33.7918757],[-84.3711246,33.7919167],[-84.3711498,33.791963],[-84.3711896,33.7920412],[-84.3712579,33.7921321],[-84.3713702,33.7922481],[-84.3714381,33.7923243],[-84.3714746,33.7924218],[-84.3714848,33.7925273],[-84.3714677,33.7926268],[-84.3714233,33.7927006],[-84.3713611,33.7927726],[-84.3711863,33.7928939],[-84.3710299,33.7930176],[-84.3709032,33.7931192],[-84.3707716,33.7932523],[-84.3706253,33.7934509],[-84.3705271,33.7936028],[-84.3704911,33.7936681],[-84.3704665,33.7937011],[-84.3704312,33.7937274],[-84.3703887,33.7937433],[-84.3703414,33.7937578]]},"properties":{"abandoned:railway":"rail","bicycle":"designated","foot":"designated","highway":"cycleway","name":"Atlanta Beltline Northeast Trail","oneway":"no","railway":"abandoned","segregated":"no","smoothness":"intermediate","surface":"paved","osm_id":182302109,"osm_type":"way"}},{"type":"Feature","geometry":{"type":"LineString","coordinates":[[-84.4021896,33.8109509],[-84.4023024,33.8109451],[-84.4023695,33.8109197],[-84.4024715,33.8109197],[-84.4025655,33.810933],[-84.4026514,33.8109687],[-84.4027427,33.81102],[-84.4028017,33.811058],[-84.402842,33.8110892],[-84.4028957,33.8111249],[-84.402944,33.811165],[-84.4030165,33.8112074]]},"properties":{"bicycle":"designated","foot":"designated","highway":"cycleway","name":"Beltline Access Line","source":"Bing","osm_id":184470524,"osm_type":"way"}},{"type":"Feature","geometry":{"type":"LineString","coordinates":[[-84.4023024,33.8109451],[-84.4022728,33.8110089],[-84.4022084,33.8110401],[-84.4021305,33.8110357],[-84.4019936,33.8110156],[-84.4019318,33.8110111],[-84.4018459,33.810991],[-84.401752,33.8109777],[-84.4016284,33.8109531],[-84.401556,33.8109264],[-84.4014405,33.8109665],[-84.4013527,33.8109994]]},"properties":{"bicycle":"designated","foot":"designated","highway":"cycleway","name":"Beltline Access Line","surface":"asphalt","osm_id":184470705,"osm_type":"way"}},{"type":"Feature","geometry":{"type":"LineString","coordinates":[[-84.3627584,33.7694354],[-84.362596,33.769513]]},"properties":{"bicycle":"designated","foot":"designated","highway":"cycleway","motor_vehicle":"no","name":"Beltline Access Line","segregated":"no","surface":"paved","osm_id":184819885,"osm_type":"way"}},{"type":"Feature","geometry":{"type":"LineString","coordinates":[[-84.3740512,33.7916623],[-84.3737769,33.7915691],[-84.373505,33.7914084],[-84.3732656,33.7912632],[-84.3731765,33.7912402],[-84.3730899,33.79119],[-84.3730233,33.7910936],[-84.3728337,33.7909692],[-84.3726284,33.7908188],[-84.3725257,33.7907439],[-84.3724629,33.7906939],[-84.372405,33.7906132],[-84.3723387,33.7904489],[-84.3723085,33.7903238],[-84.3722894,33.7902431],[-84.3722816,33.7901683],[-84.3722703,33.7900413],[-84.3722857,33.7899783],[-84.3723136,33.7899202],[-84.3723364,33.7898732],[-84.3723726,33.7897864],[-84.372414,33.7897247],[-84.3724228,33.7897195]]},"properties":{"bicycle":"designated","foot":"designated","highway":"path","segregated":"no","surface":"asphalt","osm_id":185624615,"osm_type":"way"}},{"type":"Feature","geometry":{"type":"LineString","coordinates":[[-84.3610329,33.7642361],[-84.3609362,33.7643407],[-84.35983,33.7648182],[-84.3597318,33.7648434],[-84.3595895,33.7648705]]},"properties":{"bicycle":"designated","foot":"designated","highway":"cycleway","motor_vehicle":"no","name":"Beltline Access Line","surface":"concrete","osm_id":186813134,"osm_type":"way"}},{"type":"Feature","geometry":{"type":"LineString","coordinates":[[-84.359273,33.7640601],[-84.3591494,33.7641041],[-84.3590665,33.7641337],[-84.358941,33.7641751],[-84.358877,33.7641827],[-84.358809,33.7641761],[-84.3586443,33.7641582],[-84.3585629,33.764154],[-84.3584827,33.7641548],[-84.3582243,33.7642296],[-84.3580995,33.764263],[-84.3579684,33.7642697],[-84.3578037,33.7642385],[-84.3576431,33.764208],[-84.3574691,33.7641956],[-84.3574076,33.7642067],[-84.3573597,33.7642292],[-84.3573207,33.7642839]]},"properties":{"bicycle":"designated","foot":"designated","highway":"cycleway","motor_vehicle":"no","name":"Beltline Access Line","segregated":"no","surface":"concrete","osm_id":186814444,"osm_type":"way"}},{"type":"Feature","geometry":{"type":"LineString","coordinates":[[-84.359273,33.7640601],[-84.3592113,33.7640289],[-84.359128,33.7639334],[-84.3590925,33.7638566],[-84.3590247,33.7638229]]},"properties":{"bicycle":"designated","foot":"designated","highway":"cycleway","motor_vehicle":"no","name":"Beltline Access Line","segregated":"no","surface":"concrete","osm_id":186814445,"osm_type":"way"}},{"type":"Feature","geometry":{"type":"LineString","coordinates":[[-84.3594025,33.7640686],[-84.359273,33.7640601]]},"properties":{"bicycle":"designated","foot":"designated","highway":"cycleway","motor_vehicle":"no","name":"Beltline Access Line","segregated":"no","surface":"concrete","osm_id":186814446,"osm_type":"way"}},{"type":"Feature","geometry":{"type":"LineString","coordinates":[[-84.3594025,33.7640686],[-84.3595092,33.7641151],[-84.3595864,33.7641675],[-84.3596159,33.7641911]]},"properties":{"bicycle":"designated","foot":"designated","highway":"cycleway","motor_vehicle":"no","name":"Beltline Access Line","segregated":"no","surface":"concrete","osm_id":186814447,"osm_type":"way"}},{"type":"Feature","geometry":{"type":"LineString","coordinates":[[-84.3596779,33.7639191],[-84.3596057,33.7639909],[-84.3595356,33.7640365],[-84.3594958,33.7640461],[-84.3594025,33.7640686]]},"properties":{"bicycle":"designated","foot":"designated","highway":"cycleway","motor_vehicle":"no","name":"Beltline Access Line","segregated":"no","surface":"concrete","osm_id":186814448,"osm_type":"way"}},{"type":"Feature","geometry":{"type":"LineString","coordinates":[[-84.3874219,33.7763214],[-84.3873844,33.7763185],[-84.3873413,33.7763153],[-84.387309,33.776334]]},"properties":{"bicycle":"yes","highway":"cycleway","lit":"yes","oneway":"yes","osm_id":186819612,"osm_type":"way"}},{"type":"Feature","geometry":{"type":"LineString","coordinates":[[-84.2979683,33.8051469],[-84.297984,33.8052406],[-84.2979825,33.8054795],[-84.2980352,33.8056177],[-84.2981346,33.8057134],[-84.298307,33.8058243],[-84.298529,33.8058268],[-84.2988418,33.8057426],[-84.2991237,33.8056877],[-84.299206,33.8056801],[-84.2993019,33.8057024],[-84.2993599,33.8057538],[-84.2994038,33.8058086],[-84.2994559,33.8059543],[-84.2994955,33.8061158]]},"properties":{"foot":"yes","highway":"cycleway","name":"South Peachtree Creek PATH Trail","segregated":"no","surface":"wood","osm_id":186821570,"osm_type":"way"}},{"type":"Feature","geometry":{"type":"LineString","coordinates":[[-84.3642929,33.7594534],[-84.3642632,33.7594373],[-84.3640916,33.7593445]]},"properties":{"bicycle":"designated","foot":"designated","highway":"cycleway","name":"Beltline Access Line","segregated":"no","source":"bing_imagery","surface":"paved","osm_id":217602874,"osm_type":"way"}},{"type":"Feature","geometry":{"type":"LineString","coordinates":[[-84.3646159,33.7584641],[-84.3647797,33.7585098]]},"properties":{"bicycle":"designated","foot":"designated","highway":"cycleway","name":"Beltline Access Line","segregated":"no","source":"bing_imagery","surface":"concrete","osm_id":217602876,"osm_type":"way"}},{"type":"Feature","geometry":{"type":"LineString","coordinates":[[-84.3526025,33.7689105],[-84.3526424,33.7688839],[-84.3526742,33.7688671],[-84.3527156,33.7688304],[-84.3527815,33.7687467],[-84.3528977,33.7685788],[-84.3529285,33.7685459],[-84.3529547,33.7685251],[-84.3530249,33.7684838],[-84.3531305,33.7684358],[-84.3533037,33.7683587],[-84.3534723,33.7682855],[-84.3535607,33.7682383],[-84.3536441,33.768185],[-84.3536992,33.7681387],[-84.3537567,33.7680904],[-84.3538133,33.7680269],[-84.3547517,33.7667592],[-84.3548063,33.7666909],[-84.3548698,33.7666338],[-84.3549396,33.766572],[-84.3550005,33.7665139],[-84.35509,33.766408],[-84.3553365,33.7660896],[-84.3553683,33.766019],[-84.3553803,33.765972],[-84.3553931,33.7659156],[-84.3554275,33.7655779],[-84.3554223,33.7655017],[-84.3553923,33.7653175],[-84.3554006,33.7652306],[-84.3554189,33.7651653],[-84.3554463,33.7650971],[-84.3554909,33.7650187],[-84.3555445,33.7649607],[-84.355618,33.7648874],[-84.3557157,33.764813],[-84.3558454,33.7647128],[-84.3560321,33.7645667],[-84.3562274,33.7644168],[-84.3563324,33.7643533],[-84.3564034,33.764316],[-84.3564788,33.764292],[-84.3565482,33.76428],[-84.3570022,33.7642679],[-84.3573207,33.7642839],[-84.3575474,33.7643087],[-84.357865,33.7643587],[-84.3581998,33.7644015],[-84.358674,33.7644702],[-84.3587402,33.7644759],[-84.3588156,33.7644751],[-84.3588885,33.7644682],[-84.3589637,33.7644555],[-84.3592275,33.7643898]]},"properties":{"bicycle":"designated","foot":"designated","highway":"cycleway","motor_vehicle":"no","name":"Stone Mountain Trail","segregated":"no","surface":"asphalt","osm_id":224776047,"osm_type":"way"}},{"type":"Feature","geometry":{"type":"LineString","coordinates":[[-84.3729206,33.7987962],[-84.3726229,33.7982586]]},"properties":{"abandoned:railway":"rail","bicycle":"designated","bridge":"yes","foot":"designated","highway":"cycleway","name":"Atlanta Beltline Northeast Trail","oneway":"no","railway":"abandoned","segregated":"no","source":"bing_imagery","osm_id":226119765,"osm_type":"way"}},{"type":"Feature","geometry":{"type":"LineString","coordinates":[[-84.3726229,33.7982586],[-84.3725525,33.7981379],[-84.3724708,33.7979889],[-84.3724339,33.7979059],[-84.372394,33.7978066],[-84.3723235,33.7976267],[-84.3722496,33.7974771],[-84.3721555,33.7973187],[-84.3720659,33.7971919],[-84.3719555,33.7970448],[-84.3718842,33.7969464],[-84.371506,33.7963631],[-84.3710051,33.7955623],[-84.3709055,33.7953905],[-84.370905,33.7953896],[-84.3707225,33.7950343],[-84.3705763,33.7947461],[-84.370516,33.7946177],[-84.3704628,33.7944914],[-84.3704284,33.7943885],[-84.3704113,33.7942981],[-84.3704079,33.7942432],[-84.3704119,33.7941574],[-84.3704213,33.7940798],[-84.3704208,33.7940273],[-84.3704073,33.7939665],[-84.3703778,33.7938724]]},"properties":{"abandoned:railway":"rail","bicycle":"designated","foot":"designated","highway":"cycleway","name":"Atlanta Beltline Northeast Trail","old_railway_operator":"Southern","oneway":"no","railway":"abandoned","segregated":"no","surface":"gravel","osm_id":226119770,"osm_type":"way"}},{"type":"Feature","geometry":{"type":"LineString","coordinates":[[-84.3719275,33.7983503],[-84.3718965,33.7983688],[-84.3718328,33.7984069],[-84.3715646,33.7985718],[-84.3712223,33.7987709],[-84.3711552,33.798809]]},"properties":{"bicycle":"designated","foot":"designated","highway":"cycleway","source":"local_knowledge","osm_id":226292667,"osm_type":"way"}},{"type":"Feature","geometry":{"type":"LineString","coordinates":[[-84.4685127,33.7357015],[-84.4685738,33.7356305]]},"properties":{"bicycle":"designated","foot":"designated","highway":"cycleway","motor_vehicle":"no","name":"Lionel Hampton Trail","surface":"concrete","osm_id":230280489,"osm_type":"way"}},{"type":"Feature","geometry":{"type":"LineString","coordinates":[[-84.4684551,33.7357563],[-84.4685127,33.7357015]]},"properties":{"bicycle":"designated","bridge":"yes","foot":"designated","highway":"cycleway","layer":"1","motor_vehicle":"no","name":"Lionel Hampton Trail","surface":"concrete","osm_id":230280490,"osm_type":"way"}},{"type":"Feature","geometry":{"type":"LineString","coordinates":[[-84.4402736,33.7474393],[-84.4405371,33.7474436],[-84.4411058,33.7474965],[-84.4412888,33.7475205],[-84.4413749,33.747534],[-84.4414398,33.7475373],[-84.4415098,33.7475251],[-84.4415843,33.7475013],[-84.4416798,33.7474428],[-84.4417266,33.7474128]]},"properties":{"bicycle":"designated","foot":"designated","highway":"cycleway","name":"Westview PATH","source":"Bing","surface":"concrete","osm_id":230475186,"osm_type":"way"}},{"type":"Feature","geometry":{"type":"LineString","coordinates":[[-84.4377161,33.7473835],[-84.4397104,33.7474109],[-84.4399009,33.747438],[-84.4400932,33.7474419]]},"properties":{"bicycle":"designated","bridge":"yes","foot":"designated","highway":"cycleway","layer":"1","name":"Westview PATH","source":"Bing","surface":"concrete","osm_id":230475187,"osm_type":"way"}},{"type":"Feature","geometry":{"type":"LineString","coordinates":[[-84.3969148,33.7739974],[-84.3977949,33.7740047]]},"properties":{"bicycle":"no","foot":"designated","highway":"cycleway","lit":"yes","name":"Skiles Walkway","surface":"concrete","osm_id":233974186,"osm_type":"way"}},{"type":"Feature","geometry":{"type":"LineString","coordinates":[[-84.3119138,33.6949198],[-84.3119379,33.6948172],[-84.3120023,33.6947324],[-84.3120801,33.6946878],[-84.3121793,33.6946364],[-84.3122866,33.6946119],[-84.3124851,33.6945806],[-84.3127104,33.6945873],[-84.3130001,33.6945985],[-84.3132763,33.6946253],[-84.3134614,33.6946007],[-84.3136948,33.6945762],[-84.3139013,33.6945449],[-84.3140944,33.6945271],[-84.31425,33.694536],[-84.3144538,33.6945248],[-84.3146523,33.6944869],[-84.3147998,33.6944423],[-84.3149447,33.6943999],[-84.3150761,33.6942972],[-84.3151887,33.694199],[-84.3152612,33.6941098],[-84.3153524,33.6940294],[-84.3154194,33.6939647],[-84.315524,33.6939112],[-84.315583,33.6938911],[-84.3156689,33.6938732],[-84.315862,33.6938732],[-84.3160819,33.6938888],[-84.3162697,33.6938978],[-84.3163348,33.6939017],[-84.3164199,33.6939067],[-84.3166666,33.6939022],[-84.3168624,33.6938777],[-84.3170046,33.6938397],[-84.3174203,33.6937259],[-84.3176322,33.6936634],[-84.3178656,33.6936255],[-84.3180882,33.6936143],[-84.3183269,33.6936143],[-84.3185335,33.6936277],[-84.3186917,33.6936634],[-84.3187802,33.6937326],[-84.3188902,33.6938621],[-84.3189358,33.693987],[-84.3189519,33.6940763],[-84.3189546,33.6941789],[-84.3189412,33.6943396],[-84.3189546,33.6946097],[-84.3189573,33.6947837],[-84.3190002,33.695114],[-84.3190201,33.6952258],[-84.3190297,33.6952791],[-84.3190488,33.6953187],[-84.3190672,33.6953505],[-84.3191799,33.6954733],[-84.3193757,33.6956161],[-84.3196519,33.6958169],[-84.3197619,33.6959174],[-84.3199389,33.6960758],[-84.3201401,33.6962856],[-84.3202608,33.6964239],[-84.32036,33.6965444],[-84.3204593,33.6967006],[-84.3205961,33.6969617],[-84.3206685,33.6971447],[-84.3207302,33.6973567],[-84.3208026,33.6975196],[-84.3208938,33.6975933],[-84.3210118,33.6976267],[-84.3211003,33.697629],[-84.3212318,33.6976067],[-84.3213391,33.6975531],[-84.3213927,33.6974638],[-84.3214061,33.6973567],[-84.3213954,33.697176],[-84.3213659,33.6970175],[-84.3213256,33.6968881],[-84.3213149,33.6967854],[-84.3213149,33.6967029],[-84.3213498,33.6966092],[-84.3214195,33.696531],[-84.3215188,33.6964641],[-84.3216824,33.696386],[-84.3220042,33.6962365],[-84.322243,33.6961093],[-84.32253,33.6959598],[-84.3227579,33.6958563],[-84.3228031,33.6958379]]},"properties":{"access":"yes","bicycle":"designated","foot":"designated","highway":"cycleway","horse":"yes","motor_vehicle":"no","name":"South River PATH Trail","surface":"concrete","osm_id":234504160,"osm_type":"way"}},{"type":"Feature","geometry":{"type":"LineString","coordinates":[[-84.3992028,33.7746166],[-84.3994851,33.7746198],[-84.3995794,33.7746273]]},"properties":{"bicycle":"designated","foot":"designated","highway":"cycleway","noname":"yes","surface":"paved","osm_id":234582076,"osm_type":"way"}},{"type":"Feature","geometry":{"type":"LineString","coordinates":[[-84.3948504,33.7503715],[-84.3951078,33.7505131],[-84.3951726,33.750548]]},"properties":{"cycleway":"lane","highway":"primary","lanes":"3","lanes:backward":"1","lanes:forward":"2","name":"Trinity Avenue Southwest","ref":"GA 154","sidewalk:both":"separate","tiger:cfcc":"A31","tiger:county":"Fulton, GA","tiger:name_base":"Trinity","tiger:name_base_1":"State Route 14","tiger:name_base_2":"State Route 154","tiger:name_direction_suffix":"SW","tiger:name_type":"Ave","tiger:reviewed":"no","turn:lanes:forward":"left|","osm_id":234939833,"osm_type":"way"}},{"type":"Feature","geometry":{"type":"LineString","coordinates":[[-84.360599,33.7554275],[-84.3605016,33.7554495],[-84.3599484,33.7555775]]},"properties":{"cycleway":"lane","cycleway:right:buffer":"no","highway":"secondary","name":"Edgewood Avenue Northeast","name_1":"Edgewood Avenue Southeast","rcn_ref":"35","surface":"asphalt","osm_id":243830596,"osm_type":"way"}},{"type":"Feature","geometry":{"type":"LineString","coordinates":[[-84.4466538,33.8995436],[-84.4467233,33.8995237],[-84.4468339,33.8993965],[-84.4474039,33.898998],[-84.4476855,33.8987988],[-84.4477357,33.8987517],[-84.4478483,33.8985988],[-84.4479986,33.8984635],[-84.4487113,33.8978531],[-84.4513216,33.8955998],[-84.4515187,33.895427],[-84.4519428,33.8950606],[-84.4527922,33.8943261],[-84.4535049,33.8936854],[-84.4537903,33.8933918],[-84.4539801,33.8932312],[-84.454486,33.8927982],[-84.4548245,33.8925379],[-84.4552608,33.8922476],[-84.4557674,33.8918956],[-84.45606,33.8917148],[-84.4561518,33.8916838],[-84.4562333,33.8916693]]},"properties":{"bicycle":"designated","foot":"designated","highway":"cycleway","name":"Bob Callan Connector","segregated":"no","surface":"asphalt","osm_id":264277317,"osm_type":"way"}},{"type":"Feature","geometry":{"type":"LineString","coordinates":[[-84.3022705,33.9048105],[-84.302291,33.9047476]]},"properties":{"cycleway":"lane","highway":"residential","name":"Longview Drive","surface":"asphalt","tiger:cfcc":"A45","tiger:county":"DeKalb, GA","tiger:name_base":"Longview","tiger:name_type":"Dr","tiger:reviewed":"yes","traffic_calming":"hump","osm_id":270769509,"osm_type":"way"}},{"type":"Feature","geometry":{"type":"LineString","coordinates":[[-84.3026774,33.9038516],[-84.302685,33.9038351],[-84.3026917,33.9038204],[-84.3028048,33.903556],[-84.302852,33.9034495],[-84.3028856,33.9033588],[-84.3029128,33.9032413],[-84.3029218,33.9031194],[-84.302921,33.902997],[-84.302914,33.9029407],[-84.302901,33.902835],[-84.302847,33.902665],[-84.302727,33.902451],[-84.3024381,33.9020193],[-84.3023487,33.9018832],[-84.3023253,33.9018507],[-84.3022889,33.9018003]]},"properties":{"cycleway":"lane","highway":"residential","name":"Longview Drive","sidewalk:left":"no","sidewalk:right":"separate","surface":"asphalt","tiger:cfcc":"A45","tiger:county":"DeKalb, GA","tiger:name_base":"Longview","tiger:name_type":"Dr","tiger:reviewed":"yes","osm_id":270769510,"osm_type":"way"}},{"type":"Feature","geometry":{"type":"LineString","coordinates":[[-84.5410046,33.9273764],[-84.5415974,33.9261435],[-84.5421204,33.9249884],[-84.5421499,33.9249277],[-84.5421539,33.9248916],[-84.5421591,33.9248379],[-84.5422773,33.9245784],[-84.5423407,33.92443],[-84.5423763,33.9243524],[-84.5424043,33.9242795],[-84.5424324,33.9242065],[-84.5424604,33.9241119],[-84.542481,33.9240366],[-84.5425016,33.9239583],[-84.542524,33.9238838],[-84.5425586,33.923734],[-84.5425773,33.9236146],[-84.5425894,33.9235184],[-84.5425941,33.9234004],[-84.5426175,33.9230203],[-84.5426231,33.9228038],[-84.542624,33.9225462],[-84.5426138,33.9223266],[-84.542552,33.921813],[-84.542524,33.921661],[-84.5425181,33.9216208],[-84.5425072,33.9215461],[-84.5424211,33.9211178],[-84.5423622,33.9209084],[-84.5423127,33.9207051],[-84.5422323,33.9204366],[-84.5421584,33.9202217],[-84.5420228,33.9199005],[-84.5418377,33.9195001],[-84.5416236,33.9191153],[-84.5413973,33.9187522],[-84.5411944,33.9184636],[-84.5408522,33.9180345],[-84.5405474,33.9176768],[-84.5401014,33.9172369],[-84.5396461,33.9168186],[-84.5393945,33.9165843],[-84.5393057,33.9165036],[-84.5392626,33.9164634],[-84.5391982,33.9164035],[-84.538841,33.916073],[-84.5386409,33.9158907],[-84.5381697,33.9154546],[-84.53769,33.9150046],[-84.5372179,33.9145716],[-84.536756,33.9141378],[-84.5364521,33.913857],[-84.5357892,33.9132657],[-84.5354236,33.9129747],[-84.5345681,33.9123353],[-84.5341894,33.9120521],[-84.5329441,33.9111111],[-84.5318532,33.9102958],[-84.5308601,33.909543],[-84.5299425,33.908788],[-84.529157,33.9080867],[-84.528488,33.9074425],[-84.5279088,33.9068455],[-84.5278782,33.9068183],[-84.5278679,33.9068091],[-84.5278164,33.9067634],[-84.5277672,33.9067241],[-84.5276462,33.90661],[-84.5276341,33.9065963],[-84.527238,33.9061489],[-84.5272125,33.9061206],[-84.527187,33.9060901],[-84.5270764,33.9059206],[-84.5270594,33.9058901],[-84.5268269,33.9056101],[-84.526121,33.9047065],[-84.5256873,33.9040948],[-84.5255909,33.9039583],[-84.5254009,33.9036736],[-84.5250976,33.903203],[-84.5248113,33.9027653],[-84.5243294,33.9020004],[-84.5242584,33.9018877],[-84.5242184,33.9018239],[-84.5239636,33.9014171],[-84.5236574,33.9009041],[-84.5234845,33.9006217],[-84.5232974,33.9002829],[-84.5231358,33.9000029],[-84.5227956,33.8993793],[-84.522651,33.899104],[-84.5224299,33.8986663],[-84.522067,33.8979439],[-84.5218572,33.8975392],[-84.5215567,33.8969203],[-84.5205815,33.8949412],[-84.520426,33.8946304],[-84.5204161,33.8945934],[-84.5204032,33.8945702],[-84.5203819,33.8945563]]},"properties":{"bicycle":"designated","foot":"designated","highway":"cycleway","name":"Mountain to River Trail","oneway":"no","segregated":"no","source":"survey 2014-04-26","surface":"asphalt","osm_id":277497081,"osm_type":"way"}},{"type":"Feature","geometry":{"type":"Polygon","coordinates":[[[-84.5072883,33.8764103],[-84.5072838,33.8764019],[-84.5072763,33.8763951],[-84.5072666,33.8763905],[-84.5072556,33.8763888],[-84.5072446,33.8763899],[-84.5072345,33.8763939],[-84.5072265,33.8764003],[-84.5072212,33.8764084],[-84.5072194,33.8764176],[-84.507221,33.8764268],[-84.5072261,33.8764351],[-84.5072341,33.8764416],[-84.5072441,33.8764457],[-84.5072546,33.876447],[-84.507265,33.8764457],[-84.5072745,33.8764418],[-84.5072822,33.8764357],[-84.5072873,33.8764281],[-84.5072895,33.8764195],[-84.5072883,33.8764103]]]},"properties":{"bicycle":"designated","foot":"designated","highway":"cycleway","segregated":"no","surface":"concrete","osm_id":277941173,"osm_type":"way"}},{"type":"Feature","geometry":{"type":"LineString","coordinates":[[-84.5072212,33.8764084],[-84.5071967,33.8764068],[-84.5071731,33.8764046],[-84.5071539,33.876401],[-84.5071295,33.8763945],[-84.5070998,33.87638],[-84.5070736,33.8763647],[-84.5070404,33.8763415],[-84.5069889,33.8763031],[-84.5069417,33.8762625],[-84.5068518,33.876174],[-84.5068326,33.8761523],[-84.5068203,33.8761407],[-84.506809,33.8761327],[-84.5067976,33.8761262],[-84.5067828,33.8761204],[-84.5067671,33.8761168],[-84.5067505,33.8761168],[-84.506733,33.8761182],[-84.5067016,33.8761211],[-84.5066806,33.876124],[-84.506664,33.8761291],[-84.5066203,33.8761443],[-84.5066046,33.8761487],[-84.5065802,33.8761523],[-84.5064955,33.8761545],[-84.5064806,33.876153],[-84.5064605,33.8761501],[-84.5064387,33.8761436],[-84.5064116,33.8761349],[-84.5063714,33.8761247],[-84.506326,33.8761131],[-84.5062787,33.8761063],[-84.506195,33.8761008],[-84.5061112,33.876087],[-84.5060964,33.8760827],[-84.5060448,33.8760493],[-84.5060291,33.876045],[-84.5059916,33.8760435],[-84.505942,33.8760397],[-84.505871,33.8760377],[-84.5058204,33.8761197],[-84.5058064,33.8761313],[-84.5057898,33.8761371],[-84.5057732,33.8761392],[-84.5057566,33.8761371],[-84.5057365,33.876132],[-84.5056842,33.8761124],[-84.5056064,33.8760689],[-84.5055846,33.876058],[-84.5055663,33.8760486],[-84.5055523,33.8760428],[-84.5055322,33.8760385],[-84.5051008,33.8758963],[-84.5050186,33.8758708],[-84.5048951,33.8758158],[-84.5048557,33.8757987],[-84.5047389,33.8757638],[-84.5046364,33.8757454],[-84.504579,33.875719],[-84.5036947,33.8752801],[-84.5030018,33.8749243],[-84.5025733,33.8747059],[-84.5019039,33.8743644],[-84.5012901,33.8740506],[-84.501154,33.8739869],[-84.5010958,33.8739611],[-84.5010035,33.8739081],[-84.5008208,33.8738148],[-84.500736,33.873769],[-84.5003119,33.87354],[-84.5002055,33.8734768],[-84.5001254,33.8734292],[-84.4994486,33.8730498],[-84.4994063,33.8730265],[-84.4993548,33.8729965],[-84.498983,33.8727894],[-84.4987681,33.8726632],[-84.4984878,33.8724848],[-84.498395,33.8724246],[-84.498339,33.8723858],[-84.4983022,33.8723589],[-84.4977136,33.8719688],[-84.4976786,33.8719458],[-84.4975912,33.8718878],[-84.4975415,33.8718557],[-84.4974898,33.8718228],[-84.4974411,33.8717919],[-84.4971843,33.8716258],[-84.4971225,33.8715829],[-84.4965294,33.8711936],[-84.4960421,33.8708478],[-84.4958604,33.8706998],[-84.4958456,33.8706563],[-84.4958237,33.8706172],[-84.4957836,33.8705882],[-84.4957303,33.8705643],[-84.495705,33.8705527],[-84.4955373,33.8703757],[-84.4954456,33.8702945],[-84.4954456,33.8702583],[-84.4953085,33.8701132],[-84.4952478,33.8700361],[-84.495165,33.8699508],[-84.4951312,33.8698834],[-84.4950832,33.8698384],[-84.4949941,33.8697674],[-84.4949714,33.8697442],[-84.4948212,33.8695215],[-84.4946919,33.8693149],[-84.4944614,33.8688675],[-84.4944256,33.868787],[-84.4944133,33.8687551],[-84.4943976,33.8686188],[-84.4943793,33.8685716],[-84.4942361,33.8682627],[-84.4942176,33.8682266],[-84.4942046,33.8682011],[-84.4942072,33.868159],[-84.4941707,33.8680852]]},"properties":{"bicycle":"designated","foot":"designated","highway":"cycleway","segregated":"no","surface":"concrete","osm_id":277941174,"osm_type":"way"}},{"type":"Feature","geometry":{"type":"LineString","coordinates":[[-84.5127228,33.8800939],[-84.5127284,33.8800774],[-84.5126811,33.8800381],[-84.5125339,33.8798704],[-84.512419,33.8797473],[-84.5123326,33.8796561],[-84.5122337,33.8795771],[-84.5121362,33.8795105],[-84.5120226,33.8794326],[-84.511925,33.8793659],[-84.511842,33.879324],[-84.5117521,33.8792859],[-84.5116936,33.8792466],[-84.5116743,33.8792336],[-84.5113776,33.8790541],[-84.5110695,33.8788677],[-84.5110345,33.8788481],[-84.5107149,33.8786676],[-84.5101922,33.8783723],[-84.5096957,33.8780986],[-84.509403,33.8779376],[-84.5088361,33.8776259],[-84.5087336,33.8775643],[-84.5085817,33.8774741],[-84.5079741,33.8771183],[-84.5079114,33.8770826],[-84.5075257,33.876863],[-84.5074575,33.8768228],[-84.5073936,33.8767851],[-84.5073742,33.8767619],[-84.5072689,33.8766364],[-84.5072516,33.8766077],[-84.5072442,33.876582],[-84.507238,33.8765482],[-84.5072355,33.8764959],[-84.5072441,33.8764457]]},"properties":{"bicycle":"designated","foot":"designated","highway":"cycleway","lit":"yes","name":"Atlanta Road Trail","oneway":"no","segregated":"no","smoothness":"excellent","surface":"concrete","osm_id":277941178,"osm_type":"way"}},{"type":"Feature","geometry":{"type":"LineString","coordinates":[[-84.5148516,33.8855147],[-84.5147703,33.8852479],[-84.514731,33.8851717],[-84.5147275,33.885163],[-84.5147179,33.8851065],[-84.5147066,33.8850782],[-84.5146935,33.8850521],[-84.514669,33.8849912],[-84.5146647,33.8849767],[-84.5146612,33.8849579],[-84.5146559,33.8849202],[-84.5146498,33.8848977],[-84.5146149,33.8848005],[-84.5146044,33.8847766],[-84.5145887,33.8847498],[-84.5145686,33.8847244],[-84.514559,33.8847092],[-84.5145555,33.8846961],[-84.514552,33.8846787],[-84.5145433,33.8846113],[-84.514538,33.8845925],[-84.5145031,33.8844975],[-84.5144952,33.8844866],[-84.5143913,33.8844018],[-84.5143808,33.8843931],[-84.5143721,33.8843808],[-84.5143642,33.884367],[-84.5143599,33.8843525],[-84.5143581,33.8843206],[-84.5143546,33.8843097],[-84.5142498,33.8841285],[-84.5142926,33.8840698],[-84.5142865,33.8839904],[-84.5142804,33.8839182]]},"properties":{"bicycle":"designated","check_date:surface":"2024-04-19","foot":"designated","highway":"path","segregated":"no","surface":"concrete","osm_id":277941179,"osm_type":"way"}},{"type":"Feature","geometry":{"type":"LineString","coordinates":[[-84.5142804,33.8839182],[-84.5143361,33.8839061],[-84.5144564,33.8838804],[-84.5145292,33.8838643]]},"properties":{"bicycle":"designated","foot":"designated","highway":"path","segregated":"no","surface":"paving_stones","osm_id":277941180,"osm_type":"way"}},{"type":"Feature","geometry":{"type":"LineString","coordinates":[[-84.513719,33.8819704],[-84.5136634,33.8818852],[-84.513636,33.8818336],[-84.5134526,33.8814899],[-84.5134292,33.8814165],[-84.5133967,33.8813144],[-84.513384,33.8812797],[-84.5133723,33.8812477],[-84.5132954,33.8811071],[-84.5132631,33.8810322],[-84.5132361,33.8809679],[-84.513002,33.880514],[-84.5129899,33.880484],[-84.512988,33.8804662],[-84.5129863,33.8804444],[-84.5129933,33.8804241],[-84.5130007,33.8804118]]},"properties":{"bicycle":"designated","foot":"designated","highway":"cycleway","lit":"yes","name":"Mountain to River Trail","segregated":"no","surface":"concrete","osm_id":277941183,"osm_type":"way"}},{"type":"Feature","geometry":{"type":"LineString","coordinates":[[-84.4558186,33.8893327],[-84.455768,33.8890401],[-84.4556383,33.8887048],[-84.4555949,33.8884551],[-84.4555038,33.8883122],[-84.4554244,33.8880692],[-84.4552821,33.8877911],[-84.4552085,33.8875187],[-84.4550895,33.8873125],[-84.4547087,33.8867629],[-84.4546522,33.8866985],[-84.4544377,33.8865481],[-84.4542431,33.8865181],[-84.4541672,33.8865111],[-84.4540994,33.8864564],[-84.4541336,33.8862635],[-84.4541458,33.8861514],[-84.4540563,33.8860605],[-84.4539416,33.8859595],[-84.4538959,33.8859166],[-84.4538347,33.8858925],[-84.4537996,33.885889],[-84.4537025,33.8858756],[-84.4536215,33.8858504],[-84.4534338,33.8857469],[-84.4532273,33.8856172],[-84.4529887,33.8854205],[-84.452679,33.8850851],[-84.4524644,33.8846336],[-84.4524129,33.8845547],[-84.4523164,33.8844824],[-84.45207,33.8843209],[-84.4518553,33.8841543],[-84.4516878,33.8840136],[-84.4516249,33.8839398],[-84.4515769,33.8838694],[-84.4515228,33.8837792],[-84.4514868,33.883687],[-84.451452,33.8835126],[-84.4514479,33.8834683],[-84.4514395,33.8832999],[-84.4514551,33.8831163],[-84.4514749,33.8829298],[-84.4514883,33.8828498],[-84.4514809,33.8827111],[-84.4514819,33.8824556],[-84.4514557,33.882204],[-84.4514539,33.882136],[-84.4514234,33.8820751],[-84.4513419,33.8819648],[-84.4512002,33.8818763],[-84.4510724,33.8817776],[-84.4510191,33.8817074],[-84.4510225,33.8816448],[-84.4511503,33.8813468],[-84.4512582,33.8811332]]},"properties":{"bicycle":"designated","foot":"designated","highway":"cycleway","opening_hours":"Mo-Su (dawn-00:30)-(dusk+00:30)","operator":"National Park Service","segregated":"no","osm_id":294559112,"osm_type":"way"}},{"type":"Feature","geometry":{"type":"LineString","coordinates":[[-84.4548645,33.8197325],[-84.4548821,33.8201397],[-84.4551317,33.8201565],[-84.4554268,33.8201833],[-84.4556574,33.8202145],[-84.4557429,33.8202432],[-84.455813,33.8202858],[-84.4560437,33.820464],[-84.4563119,33.8206913],[-84.4565426,33.8208785],[-84.4567303,33.8210389],[-84.4568323,33.8210924],[-84.4568805,33.8211207],[-84.4569516,33.8211247],[-84.4571631,33.8211052],[-84.4574223,33.8211147],[-84.4576906,33.8211236],[-84.4579827,33.8211042],[-84.458272,33.8210628],[-84.4584362,33.8210256],[-84.4585123,33.8210268],[-84.4585403,33.8210369],[-84.4585642,33.8210521],[-84.4585724,33.8210634]]},"properties":{"bicycle":"designated","foot":"designated","highway":"cycleway","name":"Whetstone Creek Trail","segregated":"no","surface":"paved","osm_id":294898692,"osm_type":"way"}},{"type":"Feature","geometry":{"type":"LineString","coordinates":[[-84.3978056,33.7774161],[-84.397803,33.7776226]]},"properties":{"bicycle":"designated","foot":"designated","highway":"cycleway","incline":"down","motor_vehicle":"private","name":"Atlantic Drive Northwest","sidewalk":"both","surface":"paving_stones","tiger:cfcc":"A41","tiger:name_base":"Atlantic","tiger:name_direction_suffix":"NW","tiger:name_type":"Dr","osm_id":303454533,"osm_type":"way"}},{"type":"Feature","geometry":{"type":"LineString","coordinates":[[-84.3652743,33.7541686],[-84.3653592,33.7542611],[-84.3654084,33.7543428],[-84.3654196,33.7543965]]},"properties":{"bicycle":"designated","foot":"designated","highway":"cycleway","name":"Beltline Access Line","segregated":"no","surface":"concrete","osm_id":309065102,"osm_type":"way"}},{"type":"Feature","geometry":{"type":"LineString","coordinates":[[-84.3652756,33.7542912],[-84.3651731,33.7538983],[-84.3652059,33.7538938],[-84.3652743,33.7541686]]},"properties":{"bicycle":"designated","bridge":"yes","foot":"designated","highway":"cycleway","incline":"down","layer":"1","name":"Beltline Access Line","oneway":"no","segregated":"no","surface":"metal","osm_id":309065103,"osm_type":"way"}},{"type":"Feature","geometry":{"type":"LineString","coordinates":[[-84.382757,33.688912],[-84.38274,33.6890424],[-84.3827278,33.6891473],[-84.3826262,33.6892487],[-84.3825449,33.6893062],[-84.3823612,33.6894864],[-84.3822974,33.6898251],[-84.3821948,33.6901078]]},"properties":{"foot":"designated","highway":"cycleway","horse":"no","name":"Southtowne PATH Trail","osm_id":320127399,"osm_type":"way"}},{"type":"Feature","geometry":{"type":"LineString","coordinates":[[-84.384964,33.696932],[-84.3850202,33.6969783],[-84.3850645,33.6970638],[-84.3850155,33.6972231],[-84.3849011,33.6974679],[-84.3848147,33.697598],[-84.3846629,33.697804],[-84.3844621,33.6980274],[-84.3843687,33.6981653],[-84.3843734,33.6982294],[-84.3843921,33.6983596],[-84.3844131,33.6984548],[-84.3844084,33.698583],[-84.384357,33.6987733],[-84.3842987,33.6989676],[-84.384266,33.6990298],[-84.3842216,33.6990511],[-84.3841352,33.6990881],[-84.3840255,33.6991211],[-84.3838643,33.6991658],[-84.3837499,33.6991988],[-84.3835538,33.6992346],[-84.3833737,33.6992828],[-84.383211,33.6993442],[-84.3831364,33.6993949],[-84.3831217,33.6994656],[-84.3831364,33.6995461],[-84.3831825,33.6996048],[-84.3833086,33.699665],[-84.3835211,33.6997388],[-84.3837056,33.6997719],[-84.384167,33.6998126],[-84.3843818,33.699834],[-84.3845625,33.6998826],[-84.3848007,33.6999389],[-84.3849104,33.6999564],[-84.3851112,33.6999739],[-84.3852537,33.6999894],[-84.3853891,33.6999972],[-84.3855432,33.7000166],[-84.3855969,33.7000361],[-84.3856786,33.7000982],[-84.3857557,33.7001526],[-84.3858958,33.7003236],[-84.3860592,33.7005392],[-84.38619,33.7006674],[-84.3862694,33.7007626],[-84.3863161,33.7008189],[-84.3863278,33.7008675],[-84.3863231,33.7009102],[-84.3862904,33.7009782],[-84.386183,33.70112],[-84.3861246,33.7012191],[-84.3861059,33.7012968],[-84.3861223,33.7013745],[-84.3861523,33.7014245],[-84.3861596,33.7014367],[-84.3861897,33.7014777]]},"properties":{"bicycle":"designated","foot":"designated","highway":"cycleway","horse":"no","name":"Southtowne PATH Trail","osm_id":320127400,"osm_type":"way"}},{"type":"Feature","geometry":{"type":"LineString","coordinates":[[-84.3821948,33.6901078],[-84.3821417,33.6902609],[-84.3819223,33.6906614]]},"properties":{"bridge":"yes","foot":"designated","highway":"cycleway","horse":"no","name":"Southtowne PATH Trail","osm_id":320127608,"osm_type":"way"}},{"type":"Feature","geometry":{"type":"LineString","coordinates":[[-84.3819223,33.6906614],[-84.3818727,33.690788],[-84.3818657,33.6908793],[-84.3819223,33.6909706],[-84.3820249,33.6910825],[-84.3821665,33.6911532],[-84.3823116,33.6912298],[-84.3824319,33.6912945],[-84.382531,33.6913505],[-84.382616,33.6914565],[-84.3826691,33.6915743],[-84.3827257,33.6917274],[-84.3827115,33.6918511],[-84.3826726,33.6919129],[-84.3826018,33.6919424],[-84.3825342,33.6919571],[-84.3823541,33.6919336],[-84.3820072,33.691854],[-84.38194,33.6918864],[-84.3818374,33.6919983],[-84.3816179,33.692281],[-84.3814197,33.6926874],[-84.3812959,33.6928199],[-84.3812038,33.6928788],[-84.3809809,33.6929701],[-84.3808074,33.6929907],[-84.3805243,33.6930025]]},"properties":{"bicycle":"designated","foot":"designated","highway":"cycleway","horse":"no","name":"Southtowne PATH Trail","osm_id":320127609,"osm_type":"way"}},{"type":"Feature","geometry":{"type":"LineString","coordinates":[[-84.3769217,33.6881981],[-84.3768195,33.6882499],[-84.3765558,33.6883691],[-84.3764667,33.6884121],[-84.3762603,33.6884884],[-84.3761524,33.6884943],[-84.3760479,33.6884795],[-84.3759205,33.6884457],[-84.375756,33.6883897],[-84.3755879,33.6883235],[-84.3755685,33.6883517],[-84.3755631,33.6883729],[-84.3755668,33.6885446],[-84.3754505,33.6885715]]},"properties":{"bicycle":"designated","foot":"designated","highway":"cycleway","horse":"no","name":"Southtowne PATH Trail","osm_id":320127877,"osm_type":"way"}},{"type":"Feature","geometry":{"type":"LineString","coordinates":[[-84.4768684,33.8727535],[-84.4753778,33.872801]]},"properties":{"bicycle":"designated","bridge":"yes","foot":"designated","highway":"path","layer":"1","motor_vehicle":"no","name":"Silver Comet Trail Cumberland Connector","segregated":"no","surface":"concrete","osm_id":330563612,"osm_type":"way"}},{"type":"Feature","geometry":{"type":"LineString","coordinates":[[-84.4736737,33.8760128],[-84.4736766,33.8760665],[-84.4736504,33.8761269],[-84.4736182,33.8761747],[-84.4735707,33.876225],[-84.4735303,33.8762762],[-84.4734353,33.87646],[-84.4733189,33.8766085],[-84.4732402,33.8766773],[-84.4731846,33.8767411],[-84.4731382,33.8768115],[-84.4730533,33.876908],[-84.4729664,33.8769877],[-84.4728825,33.8770565],[-84.4728277,33.8771085],[-84.4726601,33.8773124],[-84.4725621,33.877414],[-84.4724368,33.8775214],[-84.4724014,33.8775717],[-84.4723954,33.8776212],[-84.4723721,33.8776959],[-84.4723246,33.8777613],[-84.4722761,33.8778142],[-84.4722296,33.8778553],[-84.4721983,33.877893],[-84.4721831,33.8779308],[-84.4721548,33.877982],[-84.4721094,33.8780197],[-84.4720685,33.8780615]]},"properties":{"bicycle":"designated","foot":"designated","highway":"cycleway","motor_vehicle":"no","name":"Silver Comet Trail Cumberland Connector","segregated":"no","surface":"concrete","osm_id":330563613,"osm_type":"way"}},{"type":"Feature","geometry":{"type":"LineString","coordinates":[[-84.3700346,33.7941448],[-84.3699919,33.7941476],[-84.3699566,33.7941439],[-84.3699169,33.7941312],[-84.3698713,33.7941089],[-84.3698391,33.7940766],[-84.3698149,33.7940365],[-84.3698029,33.7939863],[-84.3698096,33.7939362],[-84.3698391,33.7938838],[-84.3699034,33.7938459],[-84.3700013,33.7938303],[-84.3700939,33.7938347],[-84.3701837,33.7938292],[-84.3702746,33.7938064],[-84.3703493,33.7937824]]},"properties":{"bicycle":"designated","foot":"designated","highway":"cycleway","surface":"concrete","osm_id":330648552,"osm_type":"way"}},{"type":"Feature","geometry":{"type":"LineString","coordinates":[[-84.3885188,33.7545008],[-84.3884752,33.7545265],[-84.3884572,33.7545403],[-84.3884481,33.754553],[-84.3884355,33.7545783],[-84.3878854,33.7556734],[-84.3878676,33.755718]]},"properties":{"bicycle":"yes","highway":"cycleway","horse":"no","motor_vehicle":"no","oneway":"yes","surface":"asphalt","osm_id":341473058,"osm_type":"way"}},{"type":"Feature","geometry":{"type":"LineString","coordinates":[[-84.3875042,33.7768191],[-84.3874557,33.7767787],[-84.3874284,33.7767559],[-84.3874284,33.7767435],[-84.3874297,33.7763788],[-84.3874309,33.7763292],[-84.3874219,33.7763214]]},"properties":{"highway":"cycleway","lit":"yes","oneway":"yes","surface":"concrete","osm_id":341478034,"osm_type":"way"}},{"type":"Feature","geometry":{"type":"LineString","coordinates":[[-84.3864419,33.7544996],[-84.3864183,33.7545862],[-84.3862741,33.7547437],[-84.3861998,33.7548791],[-84.386175,33.7549674],[-84.3861633,33.7555179],[-84.3861623,33.7555634],[-84.3861585,33.7555832],[-84.3861573,33.75559],[-84.3861569,33.7556241],[-84.3861503,33.7562261],[-84.3861466,33.7565468],[-84.3861406,33.7570607],[-84.3861397,33.7571374],[-84.3861383,33.7572143],[-84.3861297,33.757686],[-84.3861486,33.7581273]]},"properties":{"foot":"no","highway":"cycleway","horse":"no","name":"Peachtree Center Cycle Track","osm_id":341489742,"osm_type":"way"}},{"type":"Feature","geometry":{"type":"LineString","coordinates":[[-84.3820766,33.7609823],[-84.3821586,33.760985],[-84.3840766,33.7609883],[-84.3841914,33.76099],[-84.3842939,33.7609901],[-84.3859567,33.7609998],[-84.3860391,33.7610013],[-84.3860945,33.7610033],[-84.3861584,33.7610034],[-84.3872745,33.7610205],[-84.3874625,33.7610214],[-84.3875663,33.7610219],[-84.387672,33.7610229],[-84.3882412,33.7610251],[-84.3883364,33.7610275],[-84.3889615,33.7610345],[-84.3890529,33.7610353],[-84.3891237,33.7610354],[-84.3904806,33.7610379],[-84.3905544,33.761038],[-84.3906461,33.7610379],[-84.3918832,33.7610371],[-84.3919518,33.7610387]]},"properties":{"bicycle":"designated","foot":"no","highway":"cycleway","horse":"no","lit":"yes","name":"Portman PATH","surface":"asphalt","osm_id":341493288,"osm_type":"way"}},{"type":"Feature","geometry":{"type":"LineString","coordinates":[[-84.3684373,33.863845],[-84.3683331,33.8638109],[-84.3682887,33.8637643],[-84.3683034,33.8637166],[-84.3683544,33.8636767],[-84.3683862,33.863622],[-84.3684076,33.8634772],[-84.3684349,33.8631875],[-84.3684674,33.8629386],[-84.3684688,33.8626854],[-84.3684841,33.8623892],[-84.3685719,33.8621058],[-84.3687217,33.8617881],[-84.3688406,33.8613715],[-84.3689233,33.8610021],[-84.3689051,33.8608615],[-84.3689436,33.860683],[-84.3689836,33.8600986],[-84.368995,33.8598987],[-84.3690366,33.8590873],[-84.3690626,33.8586815],[-84.3690783,33.8583145],[-84.3690472,33.8578759],[-84.369033,33.8577582],[-84.3690705,33.8575889],[-84.3691377,33.857535],[-84.3693974,33.8575864],[-84.3697303,33.8576404],[-84.3698948,33.8576399],[-84.3698963,33.8576132],[-84.3698987,33.8575713],[-84.3698981,33.857528],[-84.3701743,33.8574863],[-84.3702968,33.8574472],[-84.3704142,33.8573801],[-84.3704211,33.8573001],[-84.370277,33.856843],[-84.3702252,33.856533],[-84.3701189,33.856231],[-84.3700855,33.8560638],[-84.3700897,33.8559046],[-84.3701377,33.8557136],[-84.3701815,33.8555441],[-84.37032,33.8553019],[-84.370421,33.8549082],[-84.3705108,33.8546651],[-84.3705837,33.8544451],[-84.3706445,33.8542574],[-84.370659,33.8540596],[-84.3706615,33.853888],[-84.3706409,33.8536676],[-84.3705915,33.8533524],[-84.3705565,33.8530149],[-84.3705607,33.8527006],[-84.3705715,33.8523285],[-84.3706397,33.8520884],[-84.3707303,33.8519137],[-84.3707563,33.8518636],[-84.3707677,33.8518578],[-84.3710042,33.8517384],[-84.3710126,33.8517347],[-84.3713857,33.8515689],[-84.3719399,33.8511793],[-84.3730131,33.8501257],[-84.3730886,33.8500546]]},"properties":{"bicycle":"yes","foot":"yes","highway":"cycleway","horse":"no","lit":"no","name":"PATH400","surface":"paved","website":"https://livablebuckhead.com/greenspace-2/path400-trail/","width":"4","osm_id":348811564,"osm_type":"way"}},{"type":"Feature","geometry":{"type":"LineString","coordinates":[[-84.3825342,33.6919571],[-84.3825832,33.6924186],[-84.3826381,33.6926035],[-84.3827015,33.6926588],[-84.3828206,33.6926733]]},"properties":{"bicycle":"designated","foot":"designated","highway":"cycleway","horse":"no","name":"Southtowne PATH Trail","source":"survey","source:date":"2014-09-10","osm_id":352907122,"osm_type":"way"}},{"type":"Feature","geometry":{"type":"LineString","coordinates":[[-84.4671572,33.7370263],[-84.4670171,33.7369571],[-84.466891,33.7369099],[-84.4667498,33.7368847],[-84.4666615,33.7368763],[-84.4665745,33.7368753],[-84.4664761,33.7368763],[-84.466355,33.7368679],[-84.466234,33.7368438],[-84.4661318,33.7368218],[-84.4660473,33.7368103],[-84.4659704,33.7368281],[-84.4659086,33.7368585],[-84.4658279,33.7369256],[-84.4657459,33.7369812],[-84.4656728,33.7370137],[-84.4656097,33.7370263],[-84.465495,33.7370252],[-84.4654029,33.7370211],[-84.4652768,33.7370368],[-84.465104,33.7370966],[-84.4648165,33.7372193],[-84.4643461,33.7373692],[-84.4641557,33.7374405],[-84.4640876,33.7374846],[-84.4640144,33.7375769],[-84.4639211,33.737665],[-84.4637912,33.7377656],[-84.463674,33.7378296],[-84.4635478,33.737882],[-84.4633625,33.7379429],[-84.4632036,33.7379806],[-84.4630737,33.7380047],[-84.4629387,33.7380551],[-84.4627685,33.73814],[-84.4626986,33.7381734],[-84.4626323,33.7382051],[-84.4623574,33.7383812],[-84.4622224,33.7384536],[-84.4621455,33.738506],[-84.4620156,33.738634],[-84.4618618,33.738763],[-84.461747,33.7388374],[-84.4616726,33.7388678],[-84.4615929,33.7388678]]},"properties":{"bicycle":"designated","foot":"designated","highway":"cycleway","name":"Lionel Hampton Trail","oneway":"no","surface":"concrete","osm_id":352907258,"osm_type":"way"}},{"type":"Feature","geometry":{"type":"LineString","coordinates":[[-84.3588913,33.8207792],[-84.3588037,33.8209338],[-84.3586658,33.8210658],[-84.3585279,33.8211611],[-84.3583923,33.8212271],[-84.3582687,33.8213169],[-84.3581617,33.8214342],[-84.358037,33.8215442],[-84.3578373,33.8216358],[-84.3576399,33.8217586],[-84.3574508,33.8218475],[-84.3573884,33.8218769],[-84.3570287,33.8220382],[-84.3566647,33.8222673],[-84.3565102,33.822347],[-84.3556652,33.8225569],[-84.355482,33.8226522],[-84.3553816,33.822731],[-84.3550029,33.8226828],[-84.3544693,33.8227686],[-84.3540468,33.8228511],[-84.3537236,33.8228648],[-84.3531367,33.8228795],[-84.3525718,33.8228648],[-84.3521316,33.822852],[-84.3520478,33.8228071],[-84.3519584,33.8227393],[-84.3518479,33.822737],[-84.3516945,33.8227337]]},"properties":{"bicycle":"designated","foot":"designated","highway":"cycleway","lit":"no","name":"Cheshire Farm Trail","oneway":"no","segregated":"no","source":"survey","source:date":"2014-07-24","surface":"gravel","osm_id":352907485,"osm_type":"way"}},{"type":"Feature","geometry":{"type":"LineString","coordinates":[[-84.3230426,33.695757],[-84.3228031,33.6958379]]},"properties":{"foot":"yes","highway":"cycleway","layer":"-1","name":"South River PATH Trail","surface":"concrete","tunnel":"yes","osm_id":356043292,"osm_type":"way"}},{"type":"Feature","geometry":{"type":"LineString","coordinates":[[-84.3261265,33.6892325],[-84.3261099,33.6892079],[-84.3260864,33.6891847],[-84.3260657,33.6891753],[-84.3260398,33.6891672],[-84.326017,33.6891671],[-84.3259936,33.6891695],[-84.3259212,33.6891875],[-84.3258408,33.6892126],[-84.3253109,33.6893955],[-84.3251914,33.6894203],[-84.3249674,33.689404],[-84.3246184,33.6893582],[-84.324262,33.6893248],[-84.3240632,33.6893357],[-84.3235658,33.6894134],[-84.323306,33.6894944],[-84.3229999,33.6896202],[-84.3229051,33.6896762],[-84.322804,33.6897359],[-84.3226582,33.6898575],[-84.3226041,33.6899631],[-84.3225799,33.6900252],[-84.3225807,33.6900337],[-84.3226002,33.6902323],[-84.3225937,33.6902927],[-84.3225897,33.6903295],[-84.3225811,33.6903582],[-84.3225613,33.6904245],[-84.3225177,33.690576],[-84.3225191,33.6906551],[-84.3225626,33.6907484],[-84.3226365,33.6908341],[-84.3227038,33.6908824],[-84.3228918,33.6909748],[-84.3230522,33.6910537],[-84.3234323,33.6912766],[-84.323596,33.6913952],[-84.3236791,33.6915083],[-84.3237154,33.6915857],[-84.3237319,33.6916565],[-84.3237432,33.691745],[-84.3237351,33.6917976],[-84.3237114,33.6918509],[-84.3236368,33.6919784],[-84.3235801,33.6921045],[-84.3235828,33.692166],[-84.3235973,33.6922528],[-84.3236857,33.6923615],[-84.3240777,33.6926514],[-84.3243013,33.6928294],[-84.3243693,33.6929085],[-84.3243921,33.6929556],[-84.3244172,33.6931139],[-84.3244526,33.6936225],[-84.3244386,33.6939145],[-84.3243565,33.6942523],[-84.324266,33.6943703],[-84.324182,33.6944347],[-84.32416,33.6944452],[-84.3239226,33.6945582],[-84.3237966,33.6946583],[-84.3237809,33.6946759],[-84.3236557,33.6948097],[-84.3235922,33.6949674],[-84.3234765,33.6953385],[-84.3233851,33.6955178],[-84.3232824,33.6956203],[-84.3231182,33.6957259],[-84.3230426,33.695757]]},"properties":{"foot":"yes","highway":"cycleway","name":"South River PATH Trail","surface":"concrete","osm_id":356043293,"osm_type":"way"}},{"type":"Feature","geometry":{"type":"LineString","coordinates":[[-84.520309,33.8896762],[-84.5202859,33.8896305],[-84.5202721,33.8896165],[-84.5202524,33.8896084],[-84.5202347,33.8896059],[-84.5202179,33.8896035],[-84.5202042,33.8895928]]},"properties":{"bicycle":"designated","foot":"designated","highway":"path","segregated":"no","smoothness":"good","surface":"concrete","osm_id":361350066,"osm_type":"way"}},{"type":"Feature","geometry":{"type":"LineString","coordinates":[[-84.3267023,33.7597599],[-84.3261109,33.7597788],[-84.3258967,33.7597627],[-84.325818,33.7597568],[-84.3250666,33.7598606],[-84.3247574,33.7599194],[-84.324416,33.7599844],[-84.3240727,33.7600263],[-84.3238374,33.7600862]]},"properties":{"bicycle":"designated","foot":"designated","highway":"cycleway","name":"X'avier Arnold Trail","segregated":"no","surface":"dirt","osm_id":362814722,"osm_type":"way"}},{"type":"Feature","geometry":{"type":"LineString","coordinates":[[-84.3258967,33.7597627],[-84.325903,33.759708]]},"properties":{"bicycle":"designated","foot":"designated","highway":"cycleway","name":"X'avier Arnold Trail","segregated":"no","surface":"dirt","osm_id":362814768,"osm_type":"way"}},{"type":"Feature","geometry":{"type":"LineString","coordinates":[[-84.3247574,33.7599194],[-84.3247304,33.7597782]]},"properties":{"bicycle":"designated","foot":"designated","highway":"cycleway","name":"X'avier Arnold Trail","segregated":"no","surface":"dirt","osm_id":362814769,"osm_type":"way"}},{"type":"Feature","geometry":{"type":"LineString","coordinates":[[-84.3316509,33.7554713],[-84.3315983,33.7556101],[-84.3314891,33.7559193]]},"properties":{"bicycle":"designated","foot":"designated","highway":"cycleway","segregated":"no","osm_id":362815445,"osm_type":"way"}},{"type":"Feature","geometry":{"type":"LineString","coordinates":[[-84.3983803,33.7749295],[-84.3981806,33.775028],[-84.397798,33.7752168]]},"properties":{"bicycle":"designated","foot":"designated","highway":"cycleway","lit":"yes","noname":"yes","segregated":"no","surface":"concrete","osm_id":367446202,"osm_type":"way"}},{"type":"Feature","geometry":{"type":"LineString","coordinates":[[-84.4466392,33.9209749],[-84.4466011,33.9209475],[-84.4465915,33.9209296],[-84.4465511,33.9208994],[-84.4464638,33.9208289],[-84.4463555,33.9208289],[-84.4462274,33.9208381],[-84.4461557,33.9208325],[-84.4461154,33.9208036],[-84.4461228,33.9207485],[-84.446155,33.9206528],[-84.4461731,33.9205749],[-84.4461443,33.9205292],[-84.4460557,33.9205025],[-84.445981,33.9204962],[-84.4458959,33.9204737],[-84.4456912,33.9204605],[-84.4455447,33.920501],[-84.4454715,33.9205657],[-84.4453464,33.9206773],[-84.44529,33.9207021],[-84.44523,33.9206756],[-84.4451678,33.920596],[-84.4451554,33.9204749],[-84.4452011,33.9202875],[-84.4451828,33.9201334],[-84.4451676,33.9200337],[-84.4451397,33.9199997],[-84.4450587,33.9199785],[-84.4449531,33.9199266],[-84.4448673,33.9198776],[-84.4447896,33.9198691],[-84.4447121,33.9198501],[-84.4446079,33.919856],[-84.4445046,33.9198791],[-84.4444456,33.9199258],[-84.4443854,33.9199947],[-84.4443352,33.9200251],[-84.4442789,33.9200371],[-84.4442082,33.9200528],[-84.4441574,33.9200297],[-84.4440999,33.9199996],[-84.4440259,33.9199575],[-84.443984,33.9199462],[-84.4439338,33.9199155],[-84.4438572,33.9199188],[-84.4437873,33.9199291],[-84.4437381,33.9199767],[-84.4436735,33.9200024],[-84.4436216,33.9200436],[-84.4435672,33.9200606],[-84.4434712,33.9201002],[-84.4434127,33.9201757],[-84.4432892,33.9202409],[-84.4432567,33.9202907],[-84.4431977,33.9203459],[-84.4430911,33.9203586],[-84.4430092,33.9203427],[-84.4429425,33.9203244],[-84.4428956,33.9202906],[-84.4428131,33.920255],[-84.4426863,33.9202071],[-84.4425906,33.9202037],[-84.4425014,33.9202546],[-84.442438,33.9202787],[-84.4423719,33.920327],[-84.442327,33.9203555],[-84.4422901,33.9203861],[-84.4423194,33.9205269],[-84.4423108,33.9206036],[-84.4423664,33.9207731],[-84.4424608,33.9208964],[-84.4425013,33.9209287],[-84.4425339,33.9209889],[-84.442558,33.9210668],[-84.4425699,33.921132],[-84.4425463,33.9211797],[-84.4425098,33.9213065],[-84.4424544,33.9213257],[-84.4424002,33.9213285],[-84.4423619,33.9213224],[-84.4423236,33.9212813],[-84.4422617,33.9211785],[-84.4422055,33.9211205],[-84.4421806,33.9210931],[-84.4421542,33.9210514],[-84.4421131,33.9210109],[-84.4420808,33.9209921],[-84.4420259,33.9209385],[-84.4419863,33.9208991],[-84.4419017,33.9208706],[-84.4417005,33.9207891],[-84.4415798,33.9207446],[-84.4414618,33.9207969],[-84.4413532,33.9208637],[-84.4413062,33.9209137],[-84.4413055,33.9209727],[-84.4412868,33.921035],[-84.4412231,33.9210912],[-84.4411574,33.9211107],[-84.4410601,33.9211474],[-84.4409468,33.9211586],[-84.4408818,33.9211435],[-84.4408154,33.9211372],[-84.4407704,33.9210968],[-84.4407148,33.9210729],[-84.4406417,33.9210784],[-84.4405787,33.9211324],[-84.4405083,33.9211569],[-84.4404499,33.9211914],[-84.4403943,33.9212687],[-84.4403487,33.9213294],[-84.4403546,33.9214492],[-84.4403108,33.9215846],[-84.4403016,33.9216771],[-84.4403248,33.9217303],[-84.4403507,33.9217945],[-84.4404479,33.9219744],[-84.4405476,33.9221016],[-84.4406156,33.9221846],[-84.4406611,33.922201],[-84.4406994,33.9222119],[-84.4407309,33.9222461],[-84.4407654,33.9222795],[-84.4408134,33.922307],[-84.4408348,33.9223326],[-84.4408402,33.9223699],[-84.4408432,33.922415],[-84.4408435,33.9224712],[-84.4408556,33.9225207],[-84.440872,33.922551],[-84.4408834,33.9226111],[-84.4408834,33.9226612],[-84.4408932,33.9227099],[-84.4408844,33.9227519],[-84.4408321,33.922805],[-84.4407983,33.922832],[-84.440743,33.9228593],[-84.440687,33.9228487],[-84.4406481,33.9228039],[-84.4406115,33.9227694],[-84.4405599,33.9227218],[-84.4404925,33.9226951]]},"properties":{"bicycle":"yes","foot":"yes","highway":"cycleway","maxspeed:bicycle":"10 mph","name":"Cochran Shoals","opening_hours":"Mo-Su dawn-dusk","operator":"National Park Service","segregated":"no","surface":"dirt","osm_id":368369510,"osm_type":"way"}},{"type":"Feature","geometry":{"type":"LineString","coordinates":[[-84.3977613,33.7805826],[-84.3977471,33.7808939],[-84.397729,33.7814115],[-84.397726,33.7814337]]},"properties":{"bicycle":"designated","foot":"designated","highway":"cycleway","name":"Atlantic Drive Northwest","sidewalk":"both;right","surface":"paved","tiger:cfcc":"A41","tiger:name_base":"Atlantic","tiger:name_direction_suffix":"NW","tiger:name_type":"Dr","osm_id":369133027,"osm_type":"way"}},{"type":"Feature","geometry":{"type":"LineString","coordinates":[[-84.2764796,33.688257],[-84.2764596,33.6882241],[-84.276465,33.688199],[-84.2764851,33.6881782],[-84.2765149,33.6881657]]},"properties":{"highway":"cycleway","name":"South River PATH Trail","surface":"concrete","osm_id":370512993,"osm_type":"way"}},{"type":"Feature","geometry":{"type":"LineString","coordinates":[[-84.2901619,33.6858454],[-84.2900847,33.6858956],[-84.2900576,33.6859132],[-84.2900227,33.6859766],[-84.290009,33.6860436],[-84.2900059,33.6861849]]},"properties":{"highway":"cycleway","name":"South River PATH Trail","surface":"concrete","osm_id":370513002,"osm_type":"way"}},{"type":"Feature","geometry":{"type":"LineString","coordinates":[[-84.2768745,33.6877311],[-84.2768326,33.6876854],[-84.2766339,33.6874604],[-84.2765869,33.6873905],[-84.2764751,33.6870905],[-84.2763119,33.6865486],[-84.2762367,33.6862966],[-84.2761937,33.6861476],[-84.276188,33.686078],[-84.2762339,33.6859772],[-84.2763279,33.6858939],[-84.2764429,33.6858171],[-84.2765593,33.6857753],[-84.2766098,33.6857647],[-84.2766694,33.6857653],[-84.2769522,33.6857878],[-84.2775639,33.6858174],[-84.2778092,33.6858242],[-84.2779335,33.6858087],[-84.2780609,33.6857745],[-84.2784335,33.6856857],[-84.2789206,33.68554],[-84.279415,33.6853828],[-84.2796406,33.6853387],[-84.2799737,33.6852669],[-84.2805904,33.6851238],[-84.2808764,33.6850808],[-84.2811823,33.6850742],[-84.2814762,33.6850511],[-84.2818059,33.6850048],[-84.2821912,33.6849321],[-84.2825527,33.6848561],[-84.2828149,33.6847536],[-84.2830611,33.6846611],[-84.2835537,33.6845156],[-84.2840145,33.6843636],[-84.2844594,33.6842248],[-84.2847414,33.6841388],[-84.2852141,33.684033],[-84.2857107,33.6839603],[-84.2860642,33.6839306],[-84.286525,33.6839405],[-84.2869778,33.6839405],[-84.2872281,33.6839074],[-84.2877643,33.6838248],[-84.2880742,33.6838083],[-84.288527,33.6837719],[-84.2888924,33.6837422],[-84.2892857,33.6837124],[-84.2896154,33.6837851],[-84.2897624,33.6838744],[-84.2899848,33.6840463],[-84.2901358,33.6842611],[-84.290239,33.6845289],[-84.2904774,33.6848495],[-84.290529,33.6850775],[-84.2904813,33.685299],[-84.2902144,33.6855622],[-84.2901273,33.6856622],[-84.2901193,33.685759],[-84.2901619,33.6858454],[-84.2902337,33.6858884],[-84.2902827,33.6859138],[-84.2903603,33.6859242],[-84.2904431,33.685922],[-84.2907657,33.6858986],[-84.2910658,33.685885],[-84.291387,33.6858642],[-84.2920005,33.685839],[-84.2922844,33.6858388],[-84.2928194,33.6858247],[-84.2933913,33.6857845],[-84.2939531,33.6857882],[-84.2946829,33.6857871],[-84.2953164,33.6858274],[-84.2956467,33.6858565],[-84.2958222,33.6858799],[-84.2958536,33.6858876],[-84.295941,33.6859052],[-84.296038,33.685926],[-84.2960464,33.6859284],[-84.296219,33.6859739],[-84.29634,33.6860194],[-84.2963932,33.6860463],[-84.2964358,33.6860724],[-84.2965016,33.6861225],[-84.2967137,33.686305],[-84.2968733,33.6865033],[-84.296954,33.6866115],[-84.2970225,33.6867249],[-84.2971142,33.6868899],[-84.2971706,33.687014],[-84.2972406,33.6872514],[-84.297263,33.6873979],[-84.2972652,33.6875375],[-84.2972347,33.6876769],[-84.297173,33.6878229],[-84.2971036,33.6879866],[-84.2970314,33.6880998],[-84.2969389,33.688219],[-84.2969199,33.6884441],[-84.2968836,33.6887437],[-84.2968967,33.6889125],[-84.2969015,33.6889915],[-84.2969164,33.6890702],[-84.2969432,33.6892576],[-84.2969551,33.6894327],[-84.2969704,33.6895054],[-84.2970026,33.6895727],[-84.2971115,33.6896732],[-84.2972322,33.6897894],[-84.2972785,33.6898573],[-84.297315,33.6899837],[-84.2973936,33.6902576],[-84.2974524,33.6904381],[-84.2974992,33.6906004],[-84.2975269,33.6906514],[-84.2975636,33.6906858],[-84.2975968,33.6907022],[-84.2976314,33.6907099],[-84.2976744,33.6907067],[-84.2977159,33.6906974],[-84.2977913,33.690672],[-84.2979222,33.6906156],[-84.2983107,33.6904287],[-84.2984444,33.6903622],[-84.298562,33.6902927],[-84.2988982,33.6900924],[-84.2991846,33.6899329],[-84.2994054,33.6898667],[-84.2994502,33.6898569],[-84.2995148,33.6898838],[-84.2995594,33.6899141],[-84.2996192,33.6899857],[-84.2997399,33.6901264],[-84.2998985,33.6903218],[-84.3000318,33.6904865],[-84.3000843,33.6905705],[-84.3001341,33.6906803],[-84.3001341,33.6907688],[-84.3000843,33.6908338],[-84.3000116,33.690901],[-84.2998918,33.6909738],[-84.2996279,33.6911015],[-84.2994152,33.6911844],[-84.2992294,33.6912517],[-84.2990382,33.69132],[-84.2987433,33.6913984],[-84.2984646,33.6914779],[-84.2983273,33.6915284],[-84.2981765,33.6915821],[-84.2978762,33.6916953],[-84.2975922,33.6917938],[-84.2972205,33.6919406],[-84.2969243,33.6920661],[-84.2967237,33.6921826],[-84.2965487,33.6922845],[-84.2964329,33.6923865],[-84.2963144,33.6924951],[-84.2962148,33.6926116],[-84.2961434,33.6927875],[-84.296103,33.6929051],[-84.2960597,33.6930574],[-84.2959874,33.6933283],[-84.2959226,33.6936246],[-84.2958922,33.693783],[-84.2959036,33.6938543],[-84.2959778,33.6938939],[-84.2961302,33.6939208],[-84.296471,33.6939367],[-84.2968689,33.6939335],[-84.2971507,33.6939462],[-84.2975563,33.6939525],[-84.2979486,33.6939589],[-84.2981447,33.6939414],[-84.2983484,33.6938971],[-84.2986454,33.6939113],[-84.2989425,33.6939161],[-84.2992852,33.6939177],[-84.2995461,33.6939367],[-84.2998126,33.6939319],[-84.3000945,33.6939066],[-84.3003667,33.6939034],[-84.3006999,33.6939113],[-84.3008846,33.6939129],[-84.301016,33.693943],[-84.3011322,33.6939953],[-84.3011817,33.694046],[-84.3013245,33.6941331],[-84.3016329,33.6942361],[-84.3018786,33.6943137],[-84.3021585,33.694366],[-84.3023508,33.6943866],[-84.3025164,33.694385],[-84.3026707,33.6943628],[-84.3028078,33.6943407],[-84.302943,33.6943723],[-84.3030743,33.6944373],[-84.3031581,33.694545],[-84.3032152,33.6947066],[-84.3032222,33.6948967],[-84.3032468,33.6949661],[-84.3033195,33.6950691],[-84.3033599,33.6951771],[-84.3033181,33.6952706],[-84.3032495,33.6953783],[-84.30316,33.6954734],[-84.3028139,33.6958996]]},"properties":{"bicycle":"designated","foot":"designated","highway":"cycleway","name":"South River PATH Trail","surface":"concrete","osm_id":387754462,"osm_type":"way"}},{"type":"Feature","geometry":{"type":"LineString","coordinates":[[-84.2766128,33.6881248],[-84.2768144,33.6880188]]},"properties":{"bridge":"yes","highway":"cycleway","layer":"1","name":"South River PATH Trail","surface":"wood","osm_id":387754463,"osm_type":"way"}},{"type":"Feature","geometry":{"type":"LineString","coordinates":[[-84.2946829,33.6857871],[-84.2946566,33.6858368],[-84.2945893,33.6858861],[-84.2944829,33.6859321],[-84.29439,33.6859679],[-84.2943779,33.6859881],[-84.2943644,33.686049]]},"properties":{"bicycle":"designated","foot":"designated","highway":"cycleway","name":"South River PATH Trail","surface":"concrete","osm_id":387754466,"osm_type":"way"}},{"type":"Feature","geometry":{"type":"LineString","coordinates":[[-84.3033599,33.6951771],[-84.3034803,33.6952375]]},"properties":{"bicycle":"designated","foot":"designated","highway":"cycleway","name":"South River PATH Trail","surface":"concrete","osm_id":387754726,"osm_type":"way"}},{"type":"Feature","geometry":{"type":"LineString","coordinates":[[-84.3224011,33.6903406],[-84.3223084,33.6903284],[-84.3222467,33.6903161],[-84.3222342,33.6903136],[-84.3221611,33.6902955],[-84.3221166,33.6902832],[-84.3221057,33.6902577],[-84.3221196,33.6902223],[-84.3222016,33.6901582],[-84.3223235,33.6900808]]},"properties":{"bicycle":"designated","foot":"designated","highway":"cycleway","surface":"concrete","osm_id":393523711,"osm_type":"way"}},{"type":"Feature","geometry":{"type":"LineString","coordinates":[[-84.3163348,33.6939017],[-84.316327,33.693723]]},"properties":{"highway":"cycleway","surface":"concrete","osm_id":393528505,"osm_type":"way"}},{"type":"Feature","geometry":{"type":"LineString","coordinates":[[-84.3111475,33.6956795],[-84.3111444,33.6953902]]},"properties":{"highway":"cycleway","name":"South River PATH Trail","surface":"concrete","osm_id":393528506,"osm_type":"way"}},{"type":"Feature","geometry":{"type":"LineString","coordinates":[[-84.3045592,33.6958437],[-84.3048178,33.6958901]]},"properties":{"bicycle":"designated","foot":"designated","highway":"cycleway","name":"South River PATH Trail","surface":"concrete","osm_id":393528966,"osm_type":"way"}},{"type":"Feature","geometry":{"type":"LineString","coordinates":[[-84.4717958,33.8790697],[-84.4716134,33.8789813],[-84.4715088,33.8789271]]},"properties":{"bicycle":"designated","crossing":"traffic_signals","crossing:markings":"ladder:paired","crossing:signals":"yes","cycleway":"crossing","foot":"designated","highway":"cycleway","name":"Mountain to River Trail","segregated":"no","surface":"asphalt","osm_id":402913286,"osm_type":"way"}},{"type":"Feature","geometry":{"type":"LineString","coordinates":[[-84.4727838,33.8795643],[-84.4728835,33.8796222],[-84.4737881,33.8801705]]},"properties":{"bicycle":"designated","bridge":"yes","foot":"designated","highway":"cycleway","layer":"1","name":"Mountain to River Trail","osm_id":402918194,"osm_type":"way"}},{"type":"Feature","geometry":{"type":"LineString","coordinates":[[-84.4737881,33.8801705],[-84.4738155,33.8801953],[-84.4738081,33.8802429],[-84.4737831,33.8802802],[-84.4737782,33.8803133],[-84.4738106,33.8803567],[-84.4738522,33.8803701],[-84.4739327,33.880396],[-84.4740673,33.8804788],[-84.474157,33.8805491],[-84.474471,33.8807747],[-84.4746679,33.8809443],[-84.4748324,33.8811512],[-84.4748665,33.8811955],[-84.4749595,33.8813167],[-84.4750485,33.8814886],[-84.4750891,33.8815671],[-84.4752835,33.8820574],[-84.4754577,33.8824791]]},"properties":{"bicycle":"designated","foot":"designated","highway":"cycleway","name":"Mountain to River Trail","segregated":"no","surface":"concrete","osm_id":402918195,"osm_type":"way"}},{"type":"Feature","geometry":{"type":"LineString","coordinates":[[-84.4717958,33.8790697],[-84.4718139,33.8790782],[-84.4724947,33.8794981],[-84.4726467,33.8794918],[-84.4727838,33.8795643]]},"properties":{"bicycle":"designated","foot":"designated","highway":"cycleway","name":"Mountain to River Trail","osm_id":402918196,"osm_type":"way"}},{"type":"Feature","geometry":{"type":"LineString","coordinates":[[-84.4834651,33.8834223],[-84.4834034,33.8834387],[-84.4833644,33.8834539],[-84.4833343,33.883472],[-84.4831784,33.8835595],[-84.4831479,33.8835702],[-84.4831113,33.8835784],[-84.4830866,33.8835789],[-84.4830752,33.8835792],[-84.4830398,33.8835703],[-84.4830055,33.8835564],[-84.4829379,33.8835201],[-84.4828936,33.8834807],[-84.4828553,33.883451],[-84.4828451,33.883443],[-84.4828094,33.8834285],[-84.4827677,33.8834173],[-84.4827402,33.8834138],[-84.4826438,33.8834105],[-84.4824792,33.8834138],[-84.482247,33.8834152],[-84.4821879,33.8834368],[-84.4821554,33.8834431],[-84.4820479,33.8834431],[-84.4820136,33.883434],[-84.4819895,33.8834232],[-84.4819515,33.8834169],[-84.4810543,33.8834045],[-84.480814,33.8834005],[-84.4804097,33.8833938],[-84.4803336,33.8834184],[-84.4802927,33.8834092],[-84.4802007,33.8834257],[-84.4801404,33.8834323],[-84.4799931,33.8834207],[-84.4798028,33.8834164],[-84.4794701,33.8834088],[-84.4793579,33.8834093],[-84.4792668,33.883409],[-84.4791477,33.8834063],[-84.4789898,33.8834008],[-84.4778692,33.8833853],[-84.4777274,33.883382],[-84.4776139,33.8833844],[-84.4775539,33.8833828]]},"properties":{"alt_name":"Spring Road Trail","bicycle":"designated","foot":"designated","highway":"cycleway","lit":"yes","motor_vehicle":"no","name":"Mountain to River Trail / Spring Road Trail","segregated":"no","surface":"concrete","osm_id":402918198,"osm_type":"way"}},{"type":"Feature","geometry":{"type":"LineString","coordinates":[[-84.2987786,33.7735138],[-84.2987268,33.7735123],[-84.2978903,33.7735007],[-84.2978641,33.7735008],[-84.297774,33.7735013],[-84.297499,33.773502],[-84.2968936,33.773502],[-84.2966744,33.7735033]]},"properties":{"foot":"no","highway":"cycleway","name":"Decatur PATH","oneway":"yes","surface":"paved","osm_id":414497334,"osm_type":"way"}},{"type":"Feature","geometry":{"type":"LineString","coordinates":[[-84.4497385,33.8749693],[-84.4498636,33.8748755]]},"properties":{"bicycle":"designated","bridge":"yes","foot":"designated","highway":"cycleway","opening_hours":"Mo-Su (dawn-00:30)-(dusk+00:30)","operator":"National Park Service","surface":"concrete","osm_id":414531472,"osm_type":"way"}},{"type":"Feature","geometry":{"type":"LineString","coordinates":[[-84.4489135,33.8759765],[-84.4489494,33.8759499]]},"properties":{"bicycle":"yes","bridge":"yes","foot":"yes","highway":"cycleway","opening_hours":"Mo-Su (dawn-00:30)-(dusk+00:30)","operator":"National Park Service","surface":"concrete","osm_id":414531473,"osm_type":"way"}},{"type":"Feature","geometry":{"type":"LineString","coordinates":[[-84.4498636,33.8748755],[-84.4501046,33.8747061],[-84.4504808,33.8743967],[-84.4509819,33.8740215],[-84.451364,33.8737591],[-84.4516791,33.8735628],[-84.45191,33.8734189],[-84.452037,33.8733286],[-84.452091,33.8732755],[-84.4522101,33.8731717],[-84.4522963,33.8730626],[-84.4524916,33.8728248],[-84.4525664,33.8727337],[-84.4526179,33.8726725],[-84.4526791,33.8726153],[-84.4527042,33.8725989],[-84.4527592,33.8725629],[-84.4528823,33.8725009],[-84.4529288,33.8724576],[-84.4529793,33.8724018],[-84.4530091,33.8723376],[-84.45305,33.8722128],[-84.4531418,33.8720095],[-84.4533484,33.871704],[-84.4535788,33.8714058],[-84.4535916,33.8713881],[-84.4536076,33.8713589],[-84.4538012,33.870944],[-84.4538195,33.8705629]]},"properties":{"bicycle":"designated","foot":"designated","highway":"cycleway","opening_hours":"Mo-Su (dawn-00:30)-(dusk+00:30)","operator":"National Park Service","segregated":"no","surface":"asphalt","osm_id":414531474,"osm_type":"way"}},{"type":"Feature","geometry":{"type":"LineString","coordinates":[[-84.4489494,33.8759499],[-84.4490365,33.8758636],[-84.4492668,33.8754078],[-84.4493738,33.8752571],[-84.4495571,33.875104],[-84.4496357,33.8750383],[-84.4497385,33.8749693]]},"properties":{"bicycle":"designated","foot":"designated","highway":"cycleway","opening_hours":"Mo-Su (dawn-00:30)-(dusk+00:30)","operator":"National Park Service","surface":"asphalt","osm_id":414531475,"osm_type":"way"}},{"type":"Feature","geometry":{"type":"LineString","coordinates":[[-84.4493921,33.8786038],[-84.449358,33.8785643]]},"properties":{"bicycle":"designated","bridge":"yes","foot":"designated","highway":"cycleway","opening_hours":"Mo-Su (dawn-00:30)-(dusk+00:30)","operator":"National Park Service","surface":"asphalt","osm_id":414534601,"osm_type":"way"}},{"type":"Feature","geometry":{"type":"LineString","coordinates":[[-84.4509869,33.8800169],[-84.4509594,33.8799855],[-84.450904,33.8799085],[-84.450761,33.8797596],[-84.450318,33.8794737],[-84.449926,33.879166],[-84.4495585,33.8787887],[-84.4493921,33.8786038]]},"properties":{"bicycle":"designated","foot":"designated","highway":"cycleway","opening_hours":"Mo-Su (dawn-00:30)-(dusk+00:30)","operator":"National Park Service","surface":"asphalt","osm_id":414534602,"osm_type":"way"}},{"type":"Feature","geometry":{"type":"LineString","coordinates":[[-84.449358,33.8785643],[-84.4490787,33.8782914],[-84.4487237,33.8779114],[-84.4484782,33.8776911],[-84.4482471,33.8774505],[-84.4480718,33.877243],[-84.447985,33.8771376],[-84.447942,33.8770975],[-84.447926,33.8770523]]},"properties":{"bicycle":"designated","foot":"designated","highway":"cycleway","opening_hours":"Mo-Su (dawn-00:30)-(dusk+00:30)","operator":"National Park Service","surface":"asphalt","osm_id":414534603,"osm_type":"way"}},{"type":"Feature","geometry":{"type":"LineString","coordinates":[[-84.3192605,33.7948211],[-84.3193444,33.7949384],[-84.3194169,33.7950193],[-84.3195199,33.7950967],[-84.3196434,33.7951516],[-84.3197779,33.7952002],[-84.3198823,33.7952252],[-84.3199556,33.7952321],[-84.320047,33.7952129]]},"properties":{"bicycle":"designated","foot":"designated","highway":"cycleway","lit":"no","name":"Emory PATH","segregated":"no","surface":"paved","osm_id":416142316,"osm_type":"way"}},{"type":"Feature","geometry":{"type":"LineString","coordinates":[[-84.311943,33.8871427],[-84.3121138,33.8873992],[-84.3124797,33.8879391],[-84.3126667,33.8881585],[-84.3128821,33.888361],[-84.3131749,33.8885725]]},"properties":{"abandoned:railway":"rail","bicycle":"designated","foot":"designated","highway":"cycleway","motor_vehicle":"no","name":"Chamblee Rail Trail","oneway":"no","railway":"abandoned","segregated":"no","service":"spur","surface":"concrete","osm_id":429345994,"osm_type":"way"}},{"type":"Feature","geometry":{"type":"LineString","coordinates":[[-84.4438821,33.9017993],[-84.446344,33.900848],[-84.4465271,33.9007984],[-84.4467309,33.9007439],[-84.4469086,33.9006738],[-84.4470977,33.9006025],[-84.4472801,33.9005324],[-84.4475403,33.9004294],[-84.4476409,33.9003905],[-84.4477066,33.9003693],[-84.4477629,33.9003565],[-84.4478199,33.9003498],[-84.4479057,33.9003465]]},"properties":{"bicycle":"designated","foot":"designated","highway":"cycleway","name":"Interstate North Trail","segregated":"no","surface":"concrete","osm_id":436919628,"osm_type":"way"}},{"type":"Feature","geometry":{"type":"LineString","coordinates":[[-84.4474417,33.9001807],[-84.4473592,33.9001712],[-84.447319,33.9001617],[-84.4472861,33.9001512],[-84.447258,33.9001339],[-84.4472399,33.9001161],[-84.4472151,33.900086],[-84.4471641,33.9000215],[-84.4471286,33.8999797],[-84.4464479,33.8997621],[-84.4463803,33.8997485]]},"properties":{"bicycle":"designated","foot":"designated","highway":"cycleway","surface":"paved","osm_id":436919629,"osm_type":"way"}},{"type":"Feature","geometry":{"type":"LineString","coordinates":[[-84.4295769,33.7720293],[-84.4295758,33.7720493],[-84.4295767,33.7721513],[-84.429568,33.7723406],[-84.4295533,33.7726682],[-84.4295523,33.772858],[-84.429576,33.7728989],[-84.42961,33.7729332],[-84.4296472,33.7729509],[-84.4297932,33.7729733],[-84.4298505,33.7729912],[-84.4299144,33.7730197],[-84.4300911,33.7731581],[-84.4302335,33.7732384],[-84.4303224,33.7732846],[-84.430364,33.7733099],[-84.4303881,33.7733432],[-84.430392,33.7733745],[-84.43041,33.7735851],[-84.4304272,33.7738541],[-84.4304344,33.7738748],[-84.4304468,33.7738982],[-84.4304778,33.7739115],[-84.4305447,33.7739182]]},"properties":{"bicycle":"designated","foot":"designated","highway":"cycleway","name":"Proctor Creek Greenway","surface":"concrete","osm_id":444291486,"osm_type":"way"}},{"type":"Feature","geometry":{"type":"LineString","coordinates":[[-84.368023,33.8637537],[-84.3681737,33.8638376],[-84.3682596,33.8638751],[-84.3684394,33.8639311],[-84.3694377,33.8642568]]},"properties":{"bicycle":"yes","bridge":"yes","highway":"cycleway","horse":"no","layer":"1","lit":"no","name":"PATH400","surface":"asphalt","website":"https://livablebuckhead.com/greenspace-2/path400-trail/","width":"4","osm_id":460024563,"osm_type":"way"}},{"type":"Feature","geometry":{"type":"LineString","coordinates":[[-84.2768443,33.7605623],[-84.2767527,33.7606296],[-84.2768754,33.7607685],[-84.2769669,33.7608791],[-84.277123,33.7610585],[-84.2771888,33.7611341],[-84.2777207,33.7617988],[-84.2777598,33.7618802],[-84.2778675,33.7620266],[-84.2778769,33.7620526],[-84.2778745,33.7620884],[-84.277903,33.7621239],[-84.2779405,33.7621734],[-84.2779829,33.7621871],[-84.2780265,33.762231],[-84.2783026,33.762606],[-84.2783702,33.7626494],[-84.2784273,33.7627304],[-84.2784321,33.7627355]]},"properties":{"bicycle":"designated","foot":"designated","highway":"cycleway","lit":"no","name":"East Decatur PATH Greenway Trail","oneway":"no","segregated":"no","surface":"concrete","width":"3","osm_id":468516332,"osm_type":"way"}},{"type":"Feature","geometry":{"type":"LineString","coordinates":[[-84.4666481,33.8928478],[-84.4666182,33.8927944],[-84.4665698,33.8927491],[-84.4664922,33.8927075],[-84.4664446,33.8926368],[-84.4664036,33.8925639],[-84.4663902,33.8925227],[-84.4663855,33.8924815],[-84.4664687,33.8923675]]},"properties":{"bicycle":"designated","foot":"designated","highway":"cycleway","lit":"yes","name":"Windy Ridge Trail","noname":"yes","oneway":"no","surface":"concrete","osm_id":483535749,"osm_type":"way"}},{"type":"Feature","geometry":{"type":"LineString","coordinates":[[-84.4655601,33.893874],[-84.4659568,33.8936597],[-84.466232,33.8936714],[-84.4666094,33.8934457],[-84.4666182,33.89333],[-84.4666481,33.8928478]]},"properties":{"bicycle":"designated","bridge":"yes","foot":"designated","highway":"cycleway","layer":"1","lit":"yes","name":"Windy Ridge Trail","ramp":"yes","surface":"concrete","osm_id":483801370,"osm_type":"way"}},{"type":"Feature","geometry":{"type":"LineString","coordinates":[[-84.2804303,33.7715312],[-84.280493,33.7715224],[-84.2805343,33.7715167]]},"properties":{"bicycle":"designated","crossing":"uncontrolled","crossing:island":"no","crossing:markings":"ladder:paired","cycleway":"crossing","foot":"designated","highway":"cycleway","lit":"no","segregated":"no","surface":"asphalt","width":"3","osm_id":494691469,"osm_type":"way"}},{"type":"Feature","geometry":{"type":"LineString","coordinates":[[-84.2805343,33.7715167],[-84.2808421,33.7715291],[-84.2809142,33.7715548],[-84.2809611,33.7716038],[-84.2809837,33.7716624],[-84.280971,33.7729853],[-84.2809434,33.7731014],[-84.2809012,33.7732063],[-84.2808986,33.7733805],[-84.280941,33.773461],[-84.2809629,33.7735244],[-84.2809679,33.7738518],[-84.2809833,33.7738698],[-84.2810546,33.7739528]]},"properties":{"bicycle":"designated","foot":"designated","highway":"cycleway","lit":"no","name":"East Decatur PATH Greenway Trail","oneway":"no","segregated":"no","surface":"concrete","width":"3","osm_id":494691470,"osm_type":"way"}},{"type":"Feature","geometry":{"type":"LineString","coordinates":[[-84.2782742,33.7699739],[-84.2782427,33.769994],[-84.2782062,33.7699884],[-84.2781934,33.7699628],[-84.2782109,33.7699299]]},"properties":{"bicycle":"designated","foot":"designated","highway":"cycleway","surface":"concrete","osm_id":494691472,"osm_type":"way"}},{"type":"Feature","geometry":{"type":"LineString","coordinates":[[-84.3724875,33.7896916],[-84.3724544,33.7896644]]},"properties":{"bicycle":"designated","foot":"designated","highway":"path","segregated":"no","source":"bing_imagery","surface":"asphalt","osm_id":503237948,"osm_type":"way"}},{"type":"Feature","geometry":{"type":"LineString","coordinates":[[-84.5065493,33.6599412],[-84.5066475,33.6600166],[-84.5073241,33.6600127],[-84.5073704,33.6600118],[-84.5075279,33.6600238],[-84.507599,33.660006],[-84.508106,33.6600115],[-84.5082146,33.6600339],[-84.5086639,33.6600339],[-84.5087363,33.6600741],[-84.508796,33.6600756],[-84.508839,33.6600767],[-84.5088717,33.6600775],[-84.5089079,33.6600784],[-84.5089562,33.6600796],[-84.5090099,33.6600517],[-84.5091923,33.6600484],[-84.5094913,33.6600194],[-84.5096927,33.6600286],[-84.5098145,33.6600138],[-84.5099975,33.6600353],[-84.5102284,33.6600922],[-84.5104058,33.6601515]]},"properties":{"bicycle":"designated","highway":"path","osm_id":506724682,"osm_type":"way"}},{"type":"Feature","geometry":{"type":"LineString","coordinates":[[-84.4489557,33.7172046],[-84.4489149,33.7174405],[-84.4488594,33.7176045],[-84.4487332,33.7177791],[-84.4486561,33.7179223],[-84.4485203,33.7182293],[-84.4484641,33.7183236],[-84.448341,33.718514]]},"properties":{"bicycle":"designated","highway":"path","surface":"concrete","osm_id":506762008,"osm_type":"way"}},{"type":"Feature","geometry":{"type":"LineString","coordinates":[[-84.3634897,33.8183109],[-84.3634027,33.8184642],[-84.3633952,33.8184821],[-84.3634049,33.8184994],[-84.3634362,33.8185046],[-84.363769,33.818407],[-84.3640426,33.8182956],[-84.3642357,33.8182733],[-84.3646488,33.8182377],[-84.3649653,33.8182109],[-84.3650258,33.8182024]]},"properties":{"foot":"yes","highway":"cycleway","name":"PATH 400","segregated":"no","osm_id":507339044,"osm_type":"way"}},{"type":"Feature","geometry":{"type":"LineString","coordinates":[[-84.4073524,33.820978],[-84.4073054,33.8210063],[-84.4072721,33.8210481],[-84.4072574,33.821095],[-84.4072405,33.8212558],[-84.4071957,33.8215016],[-84.4072195,33.8216302],[-84.4072495,33.8217132],[-84.4072587,33.8217851],[-84.4072334,33.8218417],[-84.4071547,33.8219453],[-84.4071337,33.8219778],[-84.4070908,33.8220442],[-84.4070595,33.8221456],[-84.4070624,33.8223458],[-84.4070486,33.822498],[-84.4071076,33.8226611],[-84.4071713,33.8229182],[-84.4072808,33.8229557]]},"properties":{"bicycle":"designated","foot":"designated","highway":"cycleway","name":"Peachtree Battle Trail","osm_id":507342044,"osm_type":"way"}},{"type":"Feature","geometry":{"type":"LineString","coordinates":[[-84.4028429,33.7737815],[-84.4027107,33.7737274],[-84.4026736,33.7737095]]},"properties":{"crossing":"marked","crossing:markings":"yes","cycleway":"crossing","highway":"cycleway","lanes":"2","name":"PATH Parkway","oneway":"no","segregated":"no","short_name":"Tech Parkway","surface":"concrete","tiger:cfcc":"A41","tiger:county":"Fulton, GA","tiger:name_base":"Tech","tiger:name_direction_suffix":"NW","tiger:name_type":"Pky","tiger:reviewed":"no","osm_id":526759934,"osm_type":"way"}},{"type":"Feature","geometry":{"type":"LineString","coordinates":[[-84.2517569,33.8276645],[-84.252046,33.8275232]]},"properties":{"cycleway":"lane","highway":"primary","lanes":"3","maxspeed":"45 mph","name":"Lawrenceville Highway","oneway":"yes","ref":"US 29;GA 8","source:maxspeed":"survey 2014-05-27","tiger:county":"DeKalb, GA","osm_id":533525445,"osm_type":"way"}},{"type":"Feature","geometry":{"type":"LineString","coordinates":[[-84.2520445,33.8273003],[-84.2516508,33.8274795]]},"properties":{"cycleway":"lane","highway":"primary","lanes":"3","maxspeed":"45 mph","name":"Lawrenceville Highway","oneway":"yes","ref":"US 29;GA 8","source:maxspeed":"survey 2014-05-27","tiger:county":"DeKalb, GA","osm_id":533525447,"osm_type":"way"}},{"type":"Feature","geometry":{"type":"LineString","coordinates":[[-84.2538818,33.8267859],[-84.2539624,33.8267558]]},"properties":{"cycleway":"lane","highway":"primary","lanes":"2","name":"Lawrenceville Highway","oneway":"yes","ref":"US 29;GA 8","tiger:county":"DeKalb, GA","osm_id":540664406,"osm_type":"way"}},{"type":"Feature","geometry":{"type":"LineString","coordinates":[[-84.2545074,33.8265929],[-84.2545367,33.8265844],[-84.2550291,33.8264538],[-84.2550429,33.8264498],[-84.2553939,33.8263485]]},"properties":{"cycleway":"lane","highway":"primary","lanes":"4","name":"Lawrenceville Highway","oneway":"yes","ref":"US 29;GA 8","tiger:county":"DeKalb, GA","turn:lanes":"none|none|none|right","osm_id":540664414,"osm_type":"way"}},{"type":"Feature","geometry":{"type":"LineString","coordinates":[[-84.3627066,33.7612898],[-84.3627041,33.7612588],[-84.3626661,33.7611762],[-84.362645,33.7611181],[-84.362639,33.7610452],[-84.3626487,33.7609446]]},"properties":{"bicycle":"designated","description":"Beltline access path","foot":"designated","highway":"cycleway","name":"Beltline Access Line","surface":"paved","osm_id":554592637,"osm_type":"way"}},{"type":"Feature","geometry":{"type":"LineString","coordinates":[[-84.3626496,33.7609144],[-84.3624734,33.7607308]]},"properties":{"bicycle":"designated","description":"Beltline access path","foot":"designated","highway":"cycleway","name":"Beltline Access Line","surface":"paved","osm_id":554592639,"osm_type":"way"}},{"type":"Feature","geometry":{"type":"LineString","coordinates":[[-84.4977804,33.8838064],[-84.4977432,33.8838167],[-84.4976999,33.8838218],[-84.497653,33.8838211],[-84.4975919,33.8838145],[-84.4974902,33.8837983],[-84.4974238,33.8837939],[-84.4973442,33.8837946],[-84.4972583,33.8837887],[-84.4971469,33.8837763],[-84.4970593,33.8837652],[-84.4970248,33.8837594],[-84.4969805,33.883752],[-84.496915,33.8837491],[-84.4968389,33.883752],[-84.4967752,33.8837645],[-84.4967151,33.8837807],[-84.4966399,33.883802],[-84.4965877,33.8838115],[-84.4965363,33.883813],[-84.4964726,33.883802],[-84.4964545,33.8837987],[-84.4963647,33.8837821],[-84.4963072,33.8837682],[-84.4962387,33.8837651],[-84.4961789,33.883766],[-84.496055,33.8837719],[-84.4959807,33.8837865],[-84.4959267,33.8838123],[-84.495871,33.8838424],[-84.4958241,33.8838615],[-84.4957825,33.8838695],[-84.4957383,33.883874],[-84.4956993,33.8838725],[-84.4956586,33.8838666],[-84.4956153,33.8838585],[-84.4955436,33.8838453],[-84.4955011,33.883838],[-84.4954631,33.8838387],[-84.4954073,33.8838446],[-84.4953604,33.883849],[-84.4952923,33.8838549],[-84.4952383,33.8838549],[-84.4951729,33.883849],[-84.4951127,33.8838409],[-84.4950534,33.8838321],[-84.4949738,33.8838167],[-84.4949287,33.8838167],[-84.4948517,33.8838211],[-84.4947712,33.8838255],[-84.4946712,33.8838313],[-84.4946039,33.8838284],[-84.494565,33.8838299],[-84.4945084,33.8838394],[-84.4944588,33.8838512],[-84.4944164,33.8838585],[-84.4943739,33.8838585],[-84.4943429,33.8838519],[-84.4943049,33.8838402],[-84.4942651,33.8838299],[-84.4942146,33.8838218],[-84.4941624,33.8838203],[-84.4941323,33.8838291],[-84.494074,33.8838416],[-84.4940111,33.8838468],[-84.4936572,33.8838424],[-84.4936103,33.8838387],[-84.4935661,33.8838306],[-84.4935103,33.8838174],[-84.4934564,33.8837983],[-84.49329,33.8837292],[-84.4932387,33.8837146],[-84.4931856,33.8837057],[-84.4930989,33.8836977],[-84.4929379,33.8836889],[-84.4925477,33.8836874],[-84.4923017,33.8836727],[-84.4921486,33.8836587],[-84.4920407,33.8836529],[-84.4919761,33.8836492],[-84.4919106,33.8836492],[-84.4918248,33.8836521],[-84.4917266,33.883658],[-84.4916505,33.8836646],[-84.4915859,33.8836653],[-84.4915107,33.8836609],[-84.4914576,33.8836551],[-84.4913992,33.8836499],[-84.4912045,33.8836448],[-84.4911463,33.8836626],[-84.4910869,33.8836808],[-84.4907772,33.8836822],[-84.4906657,33.8836859],[-84.4905755,33.8836866],[-84.4904666,33.8836815],[-84.4903773,33.8836734],[-84.4902428,33.8836602],[-84.4901092,33.8836462],[-84.4897774,33.8836426],[-84.4895606,33.883636],[-84.4894199,33.8836316],[-84.4892713,33.8836213],[-84.4891226,33.8836066],[-84.4889554,33.8835831],[-84.488866,33.8835743],[-84.4887935,33.8835745],[-84.4887368,33.883597],[-84.488617,33.8836407],[-84.4885059,33.8835956],[-84.488405,33.8835787],[-84.4883033,33.8835596],[-84.4882237,33.8835522],[-84.4881069,33.8835434],[-84.4879972,33.8835441],[-84.4878113,33.8835486],[-84.487683,33.8835478],[-84.487584,33.8835419],[-84.4875185,33.883534],[-84.4874548,33.883525],[-84.4872726,33.8835273],[-84.4871265,33.8835339],[-84.4870256,33.8835412],[-84.486938,33.8835508],[-84.4868788,33.8835552],[-84.4868354,33.8835544],[-84.4867885,33.8835486],[-84.4867372,33.8835383],[-84.4867102,33.8835315],[-84.4866726,33.8835221],[-84.4865844,33.8835079],[-84.4865342,33.8835053],[-84.4864886,33.8835001],[-84.4864579,33.8834935],[-84.4863921,33.8834795],[-84.4863388,33.883473],[-84.4863074,33.8834738],[-84.4862854,33.8834743],[-84.4861921,33.883478]]},"properties":{"alt_name":"Spring Road Trail","bicycle":"designated","foot":"designated","highway":"cycleway","motor_vehicle":"no","name":"Mountain to River Trail / Spring Road Trail","segregated":"no","surface":"asphalt","osm_id":555573536,"osm_type":"way"}},{"type":"Feature","geometry":{"type":"LineString","coordinates":[[-84.4983298,33.8838137],[-84.498542,33.8838009],[-84.4986818,33.8837984],[-84.4986931,33.8837982],[-84.4987927,33.8837876],[-84.4989747,33.8837912],[-84.4992634,33.8837984],[-84.4995816,33.8838043],[-84.499822,33.8838132],[-84.4998633,33.8838145],[-84.4999447,33.8838151],[-84.5000102,33.8838109],[-84.5004959,33.8837756],[-84.5007004,33.8837547],[-84.5009689,33.8837294],[-84.5011476,33.883698],[-84.5012219,33.8836869],[-84.5013096,33.8836718],[-84.5014226,33.883654],[-84.5016254,33.8836529],[-84.5017059,33.883652],[-84.501728,33.8836768],[-84.5017552,33.8836813],[-84.5018129,33.8836726],[-84.5018715,33.883664],[-84.5019667,33.883652],[-84.5021126,33.8836529],[-84.502187,33.8836392],[-84.5022008,33.8836109],[-84.5022142,33.8835886],[-84.5022209,33.8835407],[-84.5022343,33.8834761],[-84.5022638,33.8834594],[-84.5023198,33.8834415],[-84.5024009,33.8834219],[-84.5026447,33.88335],[-84.5027424,33.8833202],[-84.502821,33.8832902],[-84.5029504,33.8832451],[-84.503023,33.8832203],[-84.5031003,33.8831931],[-84.5034359,33.8830586],[-84.5034865,33.8830345],[-84.503565,33.8830021],[-84.5039975,33.8827942],[-84.5043721,33.8826081],[-84.5044658,33.8825616],[-84.5044716,33.8825587],[-84.5046218,33.882483],[-84.5046861,33.8824441],[-84.5047968,33.8823895],[-84.504857,33.8823575],[-84.504896,33.8823372],[-84.5051669,33.8821974],[-84.5052121,33.8821788],[-84.5052615,33.8821507],[-84.5053453,33.8821084],[-84.5053907,33.8820811],[-84.5054432,33.8820599],[-84.5056068,33.8819686],[-84.5056616,33.8819371],[-84.5057255,33.8819052],[-84.5058858,33.8818228],[-84.5059553,33.8817884],[-84.5060138,33.8817599],[-84.5063484,33.8815912],[-84.5064094,33.8815601],[-84.5064832,33.8815183],[-84.5065456,33.8814966],[-84.506785,33.8813713],[-84.5069687,33.8812717],[-84.5073503,33.8810757],[-84.5074421,33.8810329],[-84.5078096,33.8808731],[-84.5080885,33.8807623],[-84.508224,33.880715],[-84.5082857,33.8806944],[-84.5083802,33.8806877],[-84.5088472,33.8805539]]},"properties":{"alt_name":"Spring Road Trail","bicycle":"designated","foot":"designated","highway":"cycleway","motor_vehicle":"no","name":"Mountain to River Trail / Spring Road Trail","oneway":"no","segregated":"no","surface":"concrete","osm_id":555573537,"osm_type":"way"}},{"type":"Feature","geometry":{"type":"LineString","coordinates":[[-84.4861921,33.883478],[-84.4860986,33.8834834],[-84.4860249,33.8834876],[-84.4858648,33.8834949],[-84.4858161,33.8834979],[-84.4857798,33.8834949],[-84.4857445,33.8834876],[-84.4857038,33.8834736],[-84.4856648,33.8834538],[-84.4856277,33.8834406],[-84.4855834,33.8834362],[-84.4855171,33.8834332],[-84.4853865,33.8834319],[-84.485379,33.8834318],[-84.4849428,33.8834207],[-84.4848188,33.8834201],[-84.4843708,33.8834161],[-84.4843434,33.8834198],[-84.4843045,33.8834293],[-84.4842664,33.8834388],[-84.4842302,33.8834447],[-84.4841545,33.8834483],[-84.4840585,33.8834565],[-84.4840499,33.8834584],[-84.4840355,33.8834616],[-84.4840125,33.8834653],[-84.4839842,33.8834631],[-84.483955,33.8834572],[-84.4838612,33.8834381],[-84.4837577,33.8834212],[-84.4837205,33.8834198],[-84.4834905,33.883419],[-84.4834651,33.8834223]]},"properties":{"alt_name":"Spring Road Trail","bicycle":"designated","foot":"designated","highway":"cycleway","motor_vehicle":"no","name":"Mountain to River Trail / Spring Road Trail","segregated":"no","surface":"concrete","osm_id":555573538,"osm_type":"way"}},{"type":"Feature","geometry":{"type":"LineString","coordinates":[[-84.4983298,33.8838137],[-84.4982936,33.8838012],[-84.4982157,33.8837961],[-84.4978635,33.8837946],[-84.4978228,33.8837976],[-84.4977804,33.8838064]]},"properties":{"alt_name":"Mountain to River Trail","bicycle":"designated","foot":"designated","highway":"cycleway","motor_vehicle":"no","name":"Mountain to River Trail / Spring Road Trail","segregated":"no","surface":"concrete","osm_id":555573539,"osm_type":"way"}},{"type":"Feature","geometry":{"type":"LineString","coordinates":[[-84.4759781,33.8836699],[-84.4758205,33.8837469],[-84.4757208,33.8838076]]},"properties":{"bicycle":"designated","foot":"designated","highway":"cycleway","lit":"yes","name":"Spring Road Trail","segregated":"no","surface":"asphalt","osm_id":556029750,"osm_type":"way"}},{"type":"Feature","geometry":{"type":"LineString","coordinates":[[-84.4637324,33.8811749],[-84.4637661,33.8810646],[-84.4638254,33.8808704],[-84.4638531,33.8807798]]},"properties":{"bicycle":"designated","crossing":"traffic_signals","crossing:markings":"ladder:paired","crossing:signals":"yes","cycleway":"crossing","foot":"designated","highway":"cycleway","name":"Akers Mill W Trail","osm_id":571782418,"osm_type":"way"}},{"type":"Feature","geometry":{"type":"LineString","coordinates":[[-84.4637205,33.881218],[-84.4637399,33.8812563],[-84.4637474,33.8812984],[-84.4636833,33.8814604],[-84.463628,33.8815771],[-84.4635571,33.8817387],[-84.4635045,33.8818554],[-84.4633682,33.8820923],[-84.4631597,33.8823307],[-84.4630202,33.8824798],[-84.4628758,33.8826089],[-84.4622893,33.8830232],[-84.4622322,33.8830583],[-84.4621879,33.8830889]]},"properties":{"bicycle":"designated","foot":"designated","highway":"cycleway","name":"Akers Mill W Trail","segregated":"no","surface":"concrete","osm_id":571782419,"osm_type":"way"}},{"type":"Feature","geometry":{"type":"LineString","coordinates":[[-84.4541299,33.8788814],[-84.454182,33.8789072],[-84.4543813,33.8790057],[-84.4544994,33.8790641]]},"properties":{"bicycle":"designated","crossing":"traffic_signals","crossing:markings":"surface","crossing:signals":"yes","cycleway":"crossing","foot":"designated","highway":"cycleway","name":"Cobb Galleria Trail","surface":"brick","osm_id":571782420,"osm_type":"way"}},{"type":"Feature","geometry":{"type":"LineString","coordinates":[[-84.455488,33.8798076],[-84.455579,33.8799152],[-84.455659,33.879998]]},"properties":{"bicycle":"designated","crossing":"traffic_signals","crossing:markings":"surface","crossing:signals":"yes","cycleway":"crossing","foot":"designated","highway":"cycleway","name":"Cobb Galleria Trail","surface":"paving_stones","osm_id":571782421,"osm_type":"way"}},{"type":"Feature","geometry":{"type":"LineString","coordinates":[[-84.4572584,33.8825041],[-84.4572756,33.8825409],[-84.4572898,33.8826222],[-84.4573615,33.8827347],[-84.4574306,33.8828282],[-84.4575084,33.8829184],[-84.4575868,33.8829958],[-84.4576961,33.8830848],[-84.4577813,33.8831466],[-84.4578624,33.8832001],[-84.4579429,33.8832457],[-84.458199,33.8833771],[-84.458362,33.8834729],[-84.4583848,33.8834946],[-84.4583995,33.8834891]]},"properties":{"bicycle":"designated","foot":"designated","highway":"cycleway","name":"Cobb Galleria Trail","surface":"concrete","osm_id":571782422,"osm_type":"way"}},{"type":"Feature","geometry":{"type":"LineString","coordinates":[[-84.4545596,33.8790423],[-84.4546018,33.8790407],[-84.4546494,33.8790427],[-84.4546996,33.8790575],[-84.4547524,33.8790822],[-84.4548719,33.8791666],[-84.4549797,33.8792637],[-84.4551131,33.8793912],[-84.455488,33.8798076]]},"properties":{"bicycle":"designated","foot":"designated","highway":"cycleway","name":"Cobb Galleria Trail","surface":"concrete","osm_id":571782423,"osm_type":"way"}},{"type":"Feature","geometry":{"type":"LineString","coordinates":[[-84.4059085,33.7763192],[-84.4060299,33.776222]]},"properties":{"foot":"yes","highway":"cycleway","osm_id":573273929,"osm_type":"way"}},{"type":"Feature","geometry":{"type":"LineString","coordinates":[[-84.3694267,33.8641639],[-84.3684373,33.863845]]},"properties":{"bicycle":"yes","bridge":"yes","highway":"cycleway","horse":"no","layer":"1","lit":"no","name":"PATH400","website":"https://livablebuckhead.com/greenspace-2/path400-trail/","width":"4","osm_id":595427491,"osm_type":"way"}},{"type":"Feature","geometry":{"type":"LineString","coordinates":[[-84.3134147,33.8887491],[-84.3134872,33.8888101],[-84.3135278,33.888893],[-84.313623,33.8890026],[-84.3137652,33.8891388],[-84.3138356,33.8892063]]},"properties":{"bicycle":"designated","foot":"designated","highway":"cycleway","motor_vehicle":"no","name":"Chamblee Rail Trail","oneway":"no","segregated":"no","surface":"concrete","osm_id":595441281,"osm_type":"way"}},{"type":"Feature","geometry":{"type":"LineString","coordinates":[[-84.3131749,33.8885725],[-84.3134147,33.8887491]]},"properties":{"abandoned:railway":"rail","bicycle":"designated","foot":"designated","highway":"cycleway","layer":"-1","motor_vehicle":"no","railway":"abandoned","segregated":"no","service":"spur","surface":"concrete","tunnel":"yes","osm_id":595441282,"osm_type":"way"}},{"type":"Feature","geometry":{"type":"LineString","coordinates":[[-84.3570751,33.7525848],[-84.3575194,33.7525958],[-84.3576002,33.7525971],[-84.358231,33.7526077],[-84.3590158,33.7526208],[-84.3600319,33.7526377],[-84.3601382,33.7526433],[-84.3606448,33.75267],[-84.3610914,33.7527001],[-84.3612939,33.7527035],[-84.3614817,33.7526879],[-84.3616989,33.7526444],[-84.3622587,33.752507],[-84.3631579,33.7522919],[-84.363269,33.7523327],[-84.3635043,33.7528551]]},"properties":{"bicycle":"designated","foot":"designated","highway":"cycleway","lit":"yes","motor_vehicle":"no","name":"Atlanta Beltline Southeast Trail","oneway":"no","segregated":"no","start_date":"2017-9-1","surface":"concrete","osm_id":601780166,"osm_type":"way"}},{"type":"Feature","geometry":{"type":"LineString","coordinates":[[-84.4136117,33.7255354],[-84.4135494,33.7254572],[-84.4135044,33.7253981]]},"properties":{"abandoned:railway":"rail","bicycle":"designated","crossing":"marked","crossing:island":"no","crossing:markings":"surface","cycleway":"crossing","foot":"designated","highway":"cycleway","name":"Atlanta BeltLine Westside Trail","oneway":"no","railway":"abandoned","segregated":"no","start_date":"2017-09-29","surface":"concrete","width":"4","osm_id":601780170,"osm_type":"way"}},{"type":"Feature","geometry":{"type":"LineString","coordinates":[[-84.4307791,33.74662],[-84.431424,33.7460329],[-84.432877,33.7447307],[-84.4330063,33.7446138],[-84.4331033,33.7445232],[-84.4332726,33.7443645],[-84.4334029,33.7442181],[-84.433483,33.744112],[-84.4335797,33.7439793],[-84.4336939,33.7437823],[-84.4337566,33.7436534],[-84.4338054,33.7435173],[-84.4338659,33.7433228],[-84.4339204,33.7430534],[-84.433962,33.7427446],[-84.4340003,33.7424929],[-84.4340057,33.7424391]]},"properties":{"abandoned:railway":"rail","bicycle":"designated","foot":"designated","highway":"cycleway","name":"Atlanta Beltline Southwest Trail","oneway":"no","railway":"abandoned","segregated":"no","start_date":"2017-09-29","surface":"concrete","osm_id":601780171,"osm_type":"way"}},{"type":"Feature","geometry":{"type":"LineString","coordinates":[[-84.4252291,33.7565802],[-84.4252901,33.7563875],[-84.4254519,33.7558094],[-84.4254564,33.7557932],[-84.4254899,33.7555457],[-84.4255087,33.7554375],[-84.425981,33.7537093],[-84.4259939,33.7536666]]},"properties":{"abandoned:railway":"rail","bicycle":"designated","foot":"designated","highway":"cycleway","name":"Atlanta Beltline Westside Trail","oneway":"no","segregated":"no","surface":"concrete","osm_id":601780174,"osm_type":"way"}},{"type":"Feature","geometry":{"type":"LineString","coordinates":[[-84.425081,33.7565779],[-84.4252291,33.7565802]]},"properties":{"bicycle":"designated","foot":"designated","highway":"cycleway","name":"Beltline Access Line","surface":"concrete","osm_id":601780175,"osm_type":"way"}},{"type":"Feature","geometry":{"type":"LineString","coordinates":[[-84.4249165,33.7565806],[-84.4247142,33.7565839],[-84.4244138,33.7565917],[-84.423589,33.7565783],[-84.4232618,33.7565928],[-84.4213869,33.7565817],[-84.4213583,33.7565821]]},"properties":{"bicycle":"designated","foot":"designated","highway":"cycleway","name":"Lionel Hampton PATH Trail","surface":"concrete","osm_id":601780176,"osm_type":"way"}},{"type":"Feature","geometry":{"type":"LineString","coordinates":[[-84.3986215,33.7201881],[-84.3989341,33.7202525],[-84.3991126,33.7202749],[-84.399347,33.7202837],[-84.3996998,33.7202931],[-84.3998745,33.7203042],[-84.400045,33.7203274],[-84.4002197,33.7203604],[-84.4005543,33.7204488],[-84.400686,33.7204782],[-84.4008657,33.7205072],[-84.4010956,33.7205274],[-84.4013105,33.7205318],[-84.4014565,33.7205247],[-84.4016039,33.7205131],[-84.4019765,33.7204577],[-84.4022722,33.7204249],[-84.4026678,33.720389],[-84.4030695,33.7203689],[-84.4033553,33.7203629],[-84.4036136,33.7203612],[-84.4039118,33.7203714],[-84.403996,33.7203724],[-84.4040906,33.7203669],[-84.4043207,33.7203377],[-84.4044563,33.7203266],[-84.4046145,33.7203247],[-84.4051863,33.7203458],[-84.4054631,33.7203527],[-84.4056082,33.7203605],[-84.405718,33.7203718],[-84.4059412,33.7204131],[-84.4060146,33.7204229],[-84.4061257,33.7204274],[-84.4063225,33.7204338],[-84.4073454,33.7204968],[-84.4077005,33.7205166]]},"properties":{"abandoned:railway":"rail","bicycle":"yes","foot":"yes","highway":"cycleway","name":"Atlanta Beltline Southside Trail","oneway":"no","railway":"abandoned","smoothness":"excellent","surface":"paved","osm_id":605935511,"osm_type":"way"}},{"type":"Feature","geometry":{"type":"LineString","coordinates":[[-84.3054476,33.8046605],[-84.30537,33.804617],[-84.3053468,33.8045751],[-84.3053668,33.8045421],[-84.3054245,33.8045011],[-84.3054991,33.8044144],[-84.3055218,33.8043181],[-84.3055079,33.8041835],[-84.3055145,33.8040908],[-84.3055676,33.8039961],[-84.3058642,33.8039781],[-84.3060062,33.8039479],[-84.3060196,33.803818],[-84.3059805,33.8036544],[-84.3058039,33.8035682],[-84.3058157,33.803025],[-84.3058652,33.8029162],[-84.3058829,33.802825],[-84.3058996,33.8027416]]},"properties":{"foot":"yes","highway":"cycleway","name":"South Peachtree Creek PATH Trail","segregated":"no","surface":"wood","osm_id":606130770,"osm_type":"way"}},{"type":"Feature","geometry":{"type":"LineString","coordinates":[[-84.3085736,33.8008751],[-84.3087488,33.8008009],[-84.3088815,33.8007126],[-84.3091805,33.8005818],[-84.3092284,33.8005131],[-84.3091827,33.8004037],[-84.3090759,33.8003472],[-84.3089981,33.8003287],[-84.3089291,33.8003092],[-84.3088658,33.8002663],[-84.3087845,33.8001599],[-84.3087151,33.8000465],[-84.3085647,33.7998362],[-84.3084922,33.7997436],[-84.3083028,33.7994892],[-84.3081648,33.7993098],[-84.3080639,33.7991921],[-84.3078923,33.799023],[-84.3077737,33.7989127],[-84.3077082,33.7987877],[-84.3076958,33.7987215],[-84.3076888,33.7986613],[-84.3076835,33.7986068],[-84.3076941,33.7985539],[-84.3077125,33.7984951],[-84.3077171,33.7984804]]},"properties":{"bicycle":"designated","foot":"designated","highway":"cycleway","name":"South Peachtree Creek PATH Trail - Bridge Under Clairmont to Starvine Way","segregated":"no","surface":"concrete","osm_id":606130774,"osm_type":"way"}},{"type":"Feature","geometry":{"type":"LineString","coordinates":[[-84.4245419,33.7588448],[-84.4245149,33.7589027],[-84.4244664,33.7589447],[-84.4244099,33.7589714],[-84.4243419,33.7589839],[-84.424293,33.7589869],[-84.4242358,33.7589783],[-84.4241824,33.7589563],[-84.4240621,33.7588847],[-84.4239835,33.7588608],[-84.4238798,33.7588504],[-84.4237739,33.7588641],[-84.4236587,33.7588905],[-84.423649,33.7588935],[-84.4234913,33.7589421],[-84.4234686,33.7589522],[-84.4234339,33.7589676],[-84.4233696,33.7590153],[-84.423346,33.7590624],[-84.4233314,33.7591119],[-84.4233327,33.7591661],[-84.4233454,33.7592066],[-84.4236044,33.7598102],[-84.4236288,33.7598866],[-84.4236347,33.7599558],[-84.4236192,33.7600382],[-84.4235713,33.7601512],[-84.4235464,33.7602138],[-84.4235359,33.7602625],[-84.4235423,33.7603336],[-84.4235612,33.760391],[-84.4237576,33.7608855],[-84.4238338,33.7610833],[-84.4238508,33.7611311],[-84.4238592,33.7611757],[-84.4238632,33.7612246],[-84.4238578,33.7612685],[-84.4238227,33.7614719],[-84.4238083,33.7615074],[-84.4237857,33.7615414],[-84.4237594,33.761594],[-84.4237486,33.7616347],[-84.4237463,33.7616782],[-84.4237516,33.7617279],[-84.423881,33.7625258]]},"properties":{"abandoned:railway":"rail","bicycle":"designated","foot":"designated","highway":"cycleway","name":"Atlanta Beltline Westside Trail","surface":"concrete","osm_id":606142530,"osm_type":"way"}},{"type":"Feature","geometry":{"type":"LineString","coordinates":[[-84.3601337,33.7338928],[-84.3601572,33.7338262],[-84.3602708,33.7335187]]},"properties":{"abandoned:railway":"rail","bicycle":"designated","bridge":"yes","foot":"designated","highway":"cycleway","layer":"1","name":"Atlanta Beltline Southside Trail","railway":"abandoned","surface":"dirt","osm_id":607561607,"osm_type":"way"}},{"type":"Feature","geometry":{"type":"LineString","coordinates":[[-84.3582129,33.7397632],[-84.3582279,33.7397081],[-84.3583715,33.7391828],[-84.358525,33.7386713],[-84.3587563,33.737995],[-84.3595568,33.7356548],[-84.3597,33.7352255],[-84.3597591,33.7350504],[-84.3599377,33.7345474],[-84.3601337,33.7338928]]},"properties":{"abandoned:railway":"rail","bicycle":"designated","check_date":"2023-11-08","foot":"designated","highway":"cycleway","name":"Atlanta Beltline Southside Trail","railway":"abandoned","surface":"dirt","osm_id":607561608,"osm_type":"way"}},{"type":"Feature","geometry":{"type":"LineString","coordinates":[[-84.4077005,33.7205166],[-84.4080224,33.7205337]]},"properties":{"abandoned:railway":"rail","bicycle":"yes","bridge":"yes","foot":"yes","highway":"cycleway","layer":"1","name":"Atlanta Beltline Southside Trail","railway":"abandoned","surface":"paved","osm_id":607563061,"osm_type":"way"}},{"type":"Feature","geometry":{"type":"LineString","coordinates":[[-84.3365244,33.7307526],[-84.3364299,33.730681],[-84.3363259,33.7306022],[-84.3362293,33.730529],[-84.336089,33.7304235],[-84.3358822,33.7302772],[-84.334385,33.72919],[-84.3342659,33.729082],[-84.334184,33.728948],[-84.3341567,33.7288928],[-84.333737,33.727925],[-84.333363,33.727138],[-84.33326,33.726895],[-84.332718,33.725723],[-84.332557,33.725371],[-84.332496,33.72525],[-84.332424,33.725021],[-84.3323911,33.7248469],[-84.3323737,33.7247549],[-84.332373,33.724751],[-84.332337,33.72452],[-84.3323131,33.7243306],[-84.332259,33.723902],[-84.332229,33.723784],[-84.332205,33.723654],[-84.332047,33.722989],[-84.331993,33.722835],[-84.331574,33.721587],[-84.331385,33.721177],[-84.331286,33.72101],[-84.330992,33.720614],[-84.330706,33.720258],[-84.330179,33.719636],[-84.330079,33.719366],[-84.330048,33.719283],[-84.3300115,33.7191743],[-84.32995,33.7191369],[-84.3299454,33.7188547],[-84.329934,33.718611]]},"properties":{"cycleway":"lane","highway":"tertiary","name":"Bouldercrest Drive Southeast","surface":"asphalt","tiger:cfcc":"A41","tiger:county":"DeKalb, GA","tiger:name_base":"Bouldercrest","tiger:name_direction_suffix":"SE","tiger:name_type":"Dr","tiger:zip_left":"30316","tiger:zip_right":"30316","osm_id":615279472,"osm_type":"way"}},{"type":"Feature","geometry":{"type":"LineString","coordinates":[[-84.2516508,33.8274795],[-84.251296,33.8276612]]},"properties":{"cycleway":"lane","highway":"primary","lanes":"3","maxspeed":"45 mph","name":"Lawrenceville Highway","oneway":"yes","ref":"US 29;GA 8","source:maxspeed":"survey 2014-05-27","tiger:county":"DeKalb, GA","osm_id":624379577,"osm_type":"way"}},{"type":"Feature","geometry":{"type":"LineString","coordinates":[[-84.394329,33.7516591],[-84.3943729,33.751601],[-84.3947547,33.7511024],[-84.3947982,33.7510407],[-84.3948885,33.7509187],[-84.3949782,33.7508015],[-84.3949854,33.7507919],[-84.3950694,33.7506801],[-84.395117,33.7506206],[-84.3951726,33.750548]]},"properties":{"cycleway":"track","highway":"tertiary","lanes":"4","name":"Forsyth Street Southwest","sidewalk:both":"separate","osm_id":629305952,"osm_type":"way"}},{"type":"Feature","geometry":{"type":"LineString","coordinates":[[-84.3969326,33.7469947],[-84.3969848,33.7470762],[-84.3970022,33.7471035],[-84.397096,33.7472028],[-84.397299,33.74744]]},"properties":{"cycleway":"track","highway":"tertiary","lanes":"4","name":"Forsyth Street Southwest","osm_id":629305967,"osm_type":"way"}},{"type":"Feature","geometry":{"type":"LineString","coordinates":[[-84.410109,33.660816],[-84.4101488,33.6607384]]},"properties":{"cycleway":"lane","highway":"primary","lanes":"2","maxspeed":"35 mph","name":"Dogwood Drive","old_name":"Stewart Avenue","ref":"US 19;US 41;GA 3","tiger:cfcc":"A21","tiger:county":"Fulton, GA","tiger:name_base":"Dogwood","tiger:name_base_1":"State Route 3","tiger:name_base_2":"United States Highway 41","tiger:name_base_3":"United States Highway 19","tiger:name_type":"Dr","tiger:reviewed":"no","tiger:zip_left":"30354","tiger:zip_right":"30354","osm_id":630014197,"osm_type":"way"}},{"type":"Feature","geometry":{"type":"LineString","coordinates":[[-84.2502744,33.8283086],[-84.2499457,33.8285331]]},"properties":{"cycleway":"lane","highway":"primary","lanes":"4","maxspeed":"45 mph","name":"Lawrenceville Highway","oneway":"yes","ref":"US 29;GA 8","sidewalk:left":"no","sidewalk:right":"separate","source:maxspeed":"survey 2014-05-27","tiger:county":"DeKalb, GA","turn:lanes":"reverse|||","osm_id":630069524,"osm_type":"way"}},{"type":"Feature","geometry":{"type":"LineString","coordinates":[[-84.437515,33.7548991],[-84.4375016,33.7549203],[-84.4373957,33.7549315],[-84.4375056,33.7554132],[-84.4376062,33.7553975]]},"properties":{"bridge":"yes","foot":"yes","highway":"cycleway","layer":"1","osm_id":636657695,"osm_type":"way"}},{"type":"Feature","geometry":{"type":"LineString","coordinates":[[-84.437562,33.7549159],[-84.4371878,33.7549549],[-84.4371623,33.7549448],[-84.4371784,33.7549281],[-84.4374882,33.754888],[-84.437515,33.7548991]]},"properties":{"bridge":"yes","foot":"yes","highway":"cycleway","osm_id":636657696,"osm_type":"way"}},{"type":"Feature","geometry":{"type":"LineString","coordinates":[[-84.4027618,33.8129126],[-84.4030733,33.8129108],[-84.4031806,33.8129743],[-84.403347,33.813119],[-84.4034006,33.8131508],[-84.403475,33.8131743],[-84.4038179,33.8131827],[-84.4038591,33.8131875],[-84.4039177,33.8132],[-84.4039846,33.8132261],[-84.4041845,33.8133681],[-84.4042527,33.8134121],[-84.404331,33.8134454],[-84.4044049,33.8134638],[-84.4044875,33.8134661],[-84.4045717,33.8134604],[-84.4046708,33.8134474],[-84.4048642,33.8133919],[-84.4049226,33.8133807],[-84.405008,33.8133743],[-84.4051315,33.8133814],[-84.4058821,33.8134298],[-84.4061272,33.8134375],[-84.4064949,33.8134357],[-84.4065235,33.8134284],[-84.406552,33.8134111],[-84.4066314,33.8133139],[-84.4066587,33.813302],[-84.4066736,33.8133009],[-84.4066902,33.8133007]]},"properties":{"bicycle":"designated","foot":"designated","highway":"cycleway","motorcycle":"no","name":"Bitsy Grant Connector Trail","surface":"concrete","website":"https://beltline.org/trails/northside-trail/","width":"3","osm_id":637010487,"osm_type":"way"}},{"type":"Feature","geometry":{"type":"LineString","coordinates":[[-84.4075093,33.8205908],[-84.4074561,33.8206089],[-84.4074196,33.8206192],[-84.4073857,33.8206173],[-84.407322,33.8206011],[-84.4072174,33.8205805],[-84.4069091,33.8205415],[-84.4060543,33.8204841],[-84.4051075,33.8204265],[-84.4048649,33.8204053],[-84.4047438,33.8203853],[-84.4046394,33.8203638],[-84.4044018,33.8202893],[-84.4041857,33.8202015],[-84.4040176,33.8201075],[-84.4038176,33.819985],[-84.403583,33.8198223],[-84.4034353,33.8197062],[-84.4032584,33.8195181],[-84.4031521,33.8193894],[-84.4029473,33.8191415],[-84.4027424,33.8187891],[-84.4025168,33.8183839],[-84.4024324,33.8182607],[-84.4022942,33.818024],[-84.4021788,33.8178747],[-84.4019991,33.8176552],[-84.4019418,33.817538],[-84.4019213,33.8174635],[-84.4019007,33.8173377],[-84.4018958,33.8172229],[-84.4018871,33.8171633],[-84.4018596,33.8170858],[-84.4017148,33.8168674],[-84.4014886,33.8165195],[-84.4014063,33.816375],[-84.4013505,33.8163186],[-84.401275,33.8162769],[-84.4010963,33.8162044],[-84.400646,33.8160519],[-84.4005427,33.8160318],[-84.4004381,33.8160229],[-84.4001108,33.8160362],[-84.3999157,33.8160451],[-84.3993759,33.8160697],[-84.3982802,33.8161098],[-84.3980372,33.8161078],[-84.397949,33.8161064],[-84.3979121,33.8160971],[-84.3978917,33.8160864],[-84.39787,33.8160704],[-84.3978578,33.8160474]]},"properties":{"bicycle":"designated","foot":"designated","highway":"cycleway","motorcycle":"no","name":"Northside Beltline Trail","surface":"concrete","website":"https://beltline.org/trails/northside-trail/","width":"3","osm_id":637010490,"osm_type":"way"}},{"type":"Feature","geometry":{"type":"LineString","coordinates":[[-84.3978578,33.8160474],[-84.397792,33.8153203]]},"properties":{"bicycle":"designated","bridge":"yes","foot":"designated","highway":"cycleway","layer":"1","motorcycle":"no","name":"Northside Beltline Trail","surface":"concrete","website":"https://beltline.org/trails/northside-trail/","width":"3","osm_id":637010491,"osm_type":"way"}},{"type":"Feature","geometry":{"type":"LineString","coordinates":[[-84.3975601,33.8133741],[-84.3975989,33.8133793],[-84.3976355,33.8133999],[-84.3976627,33.8134239],[-84.3976791,33.813464],[-84.3976835,33.8135108],[-84.3976969,33.8140618],[-84.397792,33.8153203]]},"properties":{"bicycle":"designated","foot":"designated","highway":"cycleway","motorcycle":"no","surface":"concrete","website":"https://beltline.org/trails/northside-trail/","width":"3","osm_id":637010492,"osm_type":"way"}},{"type":"Feature","geometry":{"type":"LineString","coordinates":[[-84.4075998,33.81403],[-84.4075958,33.814171],[-84.4075931,33.8142374],[-84.4075824,33.8143037],[-84.4075292,33.8144429],[-84.4075248,33.8144842],[-84.4075252,33.8145289],[-84.4075271,33.8146011],[-84.4075619,33.8148111]]},"properties":{"bicycle":"designated","bridge":"yes","foot":"designated","highway":"cycleway","layer":"1","motorcycle":"no","name":"Bitsy Grant Connector Trail","surface":"concrete","website":"https://beltline.org/trails/northside-trail/","width":"3","osm_id":638813449,"osm_type":"way"}},{"type":"Feature","geometry":{"type":"LineString","coordinates":[[-84.3118964,33.8869712],[-84.3115346,33.8871609],[-84.3114705,33.8871945],[-84.3094937,33.8882297],[-84.3094497,33.8882436]]},"properties":{"bicycle":"designated","foot":"designated","highway":"cycleway","name":"Chamblee Rail Trail","oneway":"no","segregated":"no","surface":"concrete","osm_id":655741584,"osm_type":"way"}},{"type":"Feature","geometry":{"type":"LineString","coordinates":[[-84.3094497,33.8882436],[-84.3093255,33.8883079],[-84.3092286,33.8883495]]},"properties":{"bicycle":"designated","crossing":"traffic_signals","crossing:island":"no","crossing:markings":"ladder","crossing:signals":"yes","cycleway":"crossing","foot":"designated","highway":"cycleway","surface":"brick","osm_id":655741585,"osm_type":"way"}},{"type":"Feature","geometry":{"type":"LineString","coordinates":[[-84.3138356,33.8892063],[-84.3139358,33.8893362],[-84.3140739,33.8896249],[-84.3140374,33.889764],[-84.3139529,33.8900863],[-84.3139023,33.8902795],[-84.313863,33.8904293],[-84.313836,33.8905384],[-84.31413,33.8905914],[-84.3144583,33.8906505]]},"properties":{"bicycle":"designated","foot":"designated","highway":"cycleway","name":"Chamblee Rail Trail","surface":"concrete","osm_id":655741590,"osm_type":"way"}},{"type":"Feature","geometry":{"type":"LineString","coordinates":[[-84.3968652,33.775203],[-84.3969304,33.7752706],[-84.3970732,33.7753602]]},"properties":{"access":"no","bicycle":"designated","foot":"designated","highway":"cycleway","oneway":"no","segregated":"no","osm_id":664464656,"osm_type":"way"}},{"type":"Feature","geometry":{"type":"LineString","coordinates":[[-84.4077625,33.7633685],[-84.4077052,33.763369],[-84.4072319,33.7633718],[-84.4064862,33.7633765],[-84.4064431,33.7633766]]},"properties":{"bicycle":"designated","foot":"designated","highway":"cycleway","segregated":"no","osm_id":665470206,"osm_type":"way"}},{"type":"Feature","geometry":{"type":"LineString","coordinates":[[-84.4080224,33.7205337],[-84.4080703,33.7205378],[-84.4082346,33.7205521],[-84.4087869,33.7206258],[-84.4090912,33.7206926],[-84.4094289,33.7207826],[-84.4097145,33.7208742],[-84.410377,33.7211211],[-84.4105725,33.7211977],[-84.4107436,33.7212749],[-84.4108946,33.7213673],[-84.4110311,33.7214725],[-84.4111197,33.7215398],[-84.4114025,33.7217828],[-84.4115742,33.7219589],[-84.4116677,33.7220858],[-84.4119595,33.7225817]]},"properties":{"abandoned:railway":"rail","foot":"yes","highway":"cycleway","name":"Atlanta Beltline Southwest Trail","railway":"abandoned","surface":"paved","osm_id":669818479,"osm_type":"way"}},{"type":"Feature","geometry":{"type":"LineString","coordinates":[[-84.4308807,33.7379594],[-84.4311833,33.7381408]]},"properties":{"bicycle":"designated","foot":"designated","highway":"cycleway","osm_id":669822773,"osm_type":"way"}},{"type":"Feature","geometry":{"type":"LineString","coordinates":[[-84.3946791,33.7621713],[-84.3946222,33.7621942],[-84.3945979,33.7621966],[-84.3942351,33.7621931],[-84.3938892,33.7621897],[-84.3935367,33.7621863]]},"properties":{"bicycle":"designated","foot":"no","highway":"cycleway","name":"PATH Parkway","surface":"paving_stones","osm_id":670501636,"osm_type":"way"}},{"type":"Feature","geometry":{"type":"LineString","coordinates":[[-84.4259939,33.7536666],[-84.4260706,33.7534127]]},"properties":{"abandoned:railway":"rail","bicycle":"designated","bridge":"yes","foot":"designated","highway":"cycleway","layer":"1","name":"Atlanta Beltline Westside Trail","oneway":"no","segregated":"no","surface":"concrete","osm_id":676119710,"osm_type":"way"}},{"type":"Feature","geometry":{"type":"LineString","coordinates":[[-84.4589049,33.8946273],[-84.4587875,33.8946217],[-84.4586091,33.8945933],[-84.4584932,33.8945659],[-84.4582908,33.8944791]]},"properties":{"bicycle":"designated","foot":"designated","highway":"cycleway","incline":"9%","lit":"no","name":"Interstate North Parkway Trail","ramp":"yes","segregated":"no","surface":"concrete","osm_id":681278602,"osm_type":"way"}},{"type":"Feature","geometry":{"type":"LineString","coordinates":[[-84.4667547,33.9010864],[-84.4668351,33.9010747],[-84.4668321,33.9010343],[-84.4666712,33.9010505],[-84.4666668,33.9010143],[-84.4668331,33.9009637],[-84.4668509,33.9009358],[-84.466865,33.9008852],[-84.466911,33.9008714]]},"properties":{"bicycle":"designated","foot":"designated","handrail":"yes","highway":"cycleway","incline":"up","lit":"no","name":"Bob Callan Trail","ramp":"yes","segregated":"no","surface":"concrete","osm_id":681278603,"osm_type":"way"}},{"type":"Feature","geometry":{"type":"LineString","coordinates":[[-84.4630563,33.8999087],[-84.4630837,33.8999349],[-84.4630958,33.8999677],[-84.4630911,33.9000172],[-84.4630616,33.9000963],[-84.4629181,33.9004269],[-84.4628967,33.9004831],[-84.4628926,33.9005387],[-84.4629087,33.9005877],[-84.462951,33.9006456],[-84.4631273,33.9007881],[-84.4632339,33.900891],[-84.4633312,33.9009879],[-84.4634177,33.9010547],[-84.4634894,33.9010881],[-84.4635592,33.9011036],[-84.463643,33.9011053],[-84.4637402,33.9010725],[-84.4638663,33.9010385],[-84.4639675,33.9010196],[-84.4641358,33.9009962],[-84.4642431,33.9009467],[-84.4643377,33.9008816],[-84.4643866,33.9007998],[-84.4644094,33.9007335],[-84.4644195,33.9006634],[-84.4644356,33.9004808],[-84.4644537,33.9003462],[-84.4644798,33.9002616],[-84.4645254,33.9002009],[-84.4645754,33.9001527],[-84.464621,33.9001113],[-84.4646968,33.900086],[-84.4647672,33.9000687],[-84.4648671,33.9000609],[-84.4649643,33.9000492],[-84.4650424,33.9000339],[-84.4651185,33.9000008],[-84.4652037,33.8999649],[-84.465309,33.8999429],[-84.4654545,33.8999257],[-84.4655638,33.8999148],[-84.4656577,33.8999065],[-84.465708,33.899914],[-84.4657649,33.899931],[-84.4658065,33.8999552],[-84.4658488,33.8999891],[-84.4658887,33.9000292],[-84.4659188,33.9000668],[-84.4660006,33.900148],[-84.4660764,33.9002212],[-84.466178,33.9003317],[-84.466285,33.9004717],[-84.4663135,33.9005223],[-84.4663322,33.9005732],[-84.4663359,33.9006381],[-84.4663319,33.9006965],[-84.4663275,33.900773],[-84.4663309,33.9008234],[-84.466343,33.900881],[-84.4663574,33.9009214],[-84.4664858,33.9010627],[-84.4665163,33.9010828],[-84.4665659,33.9010933],[-84.4666108,33.9010939],[-84.466689,33.9010886],[-84.4667547,33.9010864]]},"properties":{"bicycle":"designated","foot":"designated","highway":"cycleway","lit":"no","name":"Bob Callan Trail","segregated":"no","surface":"asphalt","osm_id":681278604,"osm_type":"way"}},{"type":"Feature","geometry":{"type":"LineString","coordinates":[[-84.3963866,33.7469574],[-84.3967683,33.7469599],[-84.396791,33.74696],[-84.3969326,33.7469947]]},"properties":{"cycleway":"track","highway":"secondary","lanes":"3","lanes:backward":"1","lanes:forward":"2","name":"Memorial Drive Southwest","tiger:cfcc":"A41","tiger:county":"Fulton, GA","tiger:name_base":"Memorial","tiger:name_direction_suffix":"SW","tiger:name_type":"Dr","tiger:reviewed":"no","tiger:zip_left":"30303","tiger:zip_right":"30303","turn:lanes:forward":"left;through|through;right","osm_id":682919671,"osm_type":"way"}},{"type":"Feature","geometry":{"type":"LineString","coordinates":[[-84.5025774,33.8020014],[-84.5025374,33.802071],[-84.5024432,33.802173],[-84.5023687,33.80229],[-84.5020616,33.8028656],[-84.5019909,33.8030038]]},"properties":{"bicycle":"designated","cycleway:surface":"asphalt","foot":"designated","footway:surface":"concrete","highway":"path","segregated":"yes","surface":"paved","osm_id":687872198,"osm_type":"way"}},{"type":"Feature","geometry":{"type":"LineString","coordinates":[[-84.362409,33.825849],[-84.3623886,33.8258987],[-84.3623765,33.8259282],[-84.362253,33.8259499],[-84.3621932,33.825987],[-84.3621831,33.826038],[-84.3621704,33.8264788],[-84.3621777,33.8267484],[-84.3621982,33.82684],[-84.362279,33.826906],[-84.3625412,33.8269556],[-84.362851,33.8269646],[-84.3629789,33.8269704],[-84.3630827,33.826944],[-84.3631154,33.8268523],[-84.3631371,33.8268633],[-84.3631399,33.8269613],[-84.3632097,33.8269991],[-84.3632003,33.8275751],[-84.3631735,33.8281054],[-84.363195,33.8284307],[-84.3630126,33.8285733],[-84.3627175,33.8287655],[-84.3623962,33.8290062],[-84.3622669,33.8291978],[-84.3620309,33.8297504],[-84.3619385,33.8300437],[-84.3614945,33.8302273],[-84.3609196,33.8304835],[-84.3608073,33.8306034],[-84.3608047,33.8308384],[-84.3608873,33.8312908]]},"properties":{"foot":"yes","highway":"cycleway","name":"PATH 400 (Sidney Marcus to Miami Circle)","note":"http://path400greenway.org/path400-reaches-half-way-mark-carries-momentum-into-2017/\n","source":"local knowledge","osm_id":690305575,"osm_type":"way"}},{"type":"Feature","geometry":{"type":"LineString","coordinates":[[-84.3705761,33.6627482],[-84.3705095,33.6627886],[-84.3704472,33.6628701],[-84.3703655,33.6630189],[-84.370322,33.6631015],[-84.370405,33.663034],[-84.370472,33.663013],[-84.3705409,33.6629995],[-84.3706938,33.662976],[-84.3707475,33.66296],[-84.3707923,33.6629377],[-84.3708421,33.662908],[-84.3708894,33.6628661],[-84.3709151,33.6628322],[-84.370953,33.6627993],[-84.3709942,33.6627814],[-84.3710214,33.6627747],[-84.371055,33.6627702],[-84.371128,33.6627793],[-84.371277,33.6627973],[-84.3713591,33.6628064],[-84.371423,33.662823],[-84.3715219,33.6628588],[-84.3716323,33.662889],[-84.3717171,33.6629016],[-84.3717542,33.662898],[-84.3717889,33.6628838],[-84.3718198,33.6628433],[-84.3718336,33.6628176],[-84.3718422,33.6627866],[-84.3718458,33.6627092],[-84.3718534,33.6626611],[-84.3718822,33.6626281],[-84.3719319,33.6625605],[-84.3719874,33.6624758],[-84.3720278,33.6624428],[-84.3720822,33.662413],[-84.3721502,33.6623514],[-84.372191,33.6622789],[-84.3722114,33.6622192],[-84.3722076,33.6621748],[-84.3721826,33.6621451],[-84.3720548,33.6621239],[-84.3719422,33.6620826],[-84.3717587,33.66195],[-84.371623,33.66182],[-84.3715596,33.6617639],[-84.3715388,33.6617128],[-84.371553,33.6616443],[-84.3715738,33.6616132],[-84.3716067,33.6615897],[-84.3716409,33.661579],[-84.371678,33.6615858],[-84.371729,33.6616048],[-84.3717564,33.6616334],[-84.3717583,33.661679],[-84.3717774,33.6617245],[-84.3718282,33.6617713],[-84.3719262,33.6618199],[-84.3719992,33.6619286],[-84.3720292,33.661949],[-84.3720849,33.6619712],[-84.372174,33.6620083],[-84.3722437,33.6620491],[-84.372396,33.6621091],[-84.3724508,33.6621419],[-84.3724939,33.6621577],[-84.3725523,33.6621636],[-84.3725774,33.662149],[-84.3725821,33.6621201],[-84.3725654,33.6620965],[-84.3725375,33.6620744],[-84.3725032,33.6620541],[-84.3723455,33.6619856],[-84.3723016,33.6619528],[-84.372153,33.661707],[-84.3721374,33.6616763],[-84.3721364,33.6616525],[-84.372142,33.6616277],[-84.3721634,33.6616229],[-84.3721828,33.6616247],[-84.3721996,33.6616338],[-84.3722369,33.661684],[-84.3723366,33.6617477],[-84.3724147,33.6618188],[-84.3725446,33.6618885],[-84.3725861,33.6619075],[-84.372623,33.6619399],[-84.3727069,33.6620418],[-84.3728759,33.6622611],[-84.3729911,33.6623375],[-84.3730806,33.6624125],[-84.3731,33.6624394],[-84.3731104,33.6624751],[-84.3731128,33.6625026],[-84.373103,33.6625364],[-84.3730831,33.6625819],[-84.3730419,33.6626274],[-84.3729649,33.6627044],[-84.3729168,33.6627351],[-84.3728778,33.6627772],[-84.37286,33.6628224],[-84.3728575,33.6628504],[-84.3728657,33.6628784],[-84.3728782,33.6629042],[-84.3728968,33.66293],[-84.3729282,33.6629539],[-84.3729642,33.6629715],[-84.3730256,33.662989],[-84.3730564,33.6629924],[-84.3730946,33.6630034],[-84.3731223,33.6630133],[-84.3731454,33.6630244],[-84.3731605,33.6630378],[-84.373171,33.663055],[-84.373177,33.6630999],[-84.3731768,33.6631599],[-84.3731828,33.6632156],[-84.3732017,33.6632579],[-84.3732054,33.6632889],[-84.3731977,33.6633032],[-84.3731794,33.6633161],[-84.3731269,33.6633436],[-84.3730741,33.6633618],[-84.3730358,33.6633844],[-84.3730146,33.6634271],[-84.3730132,33.6634504],[-84.3730223,33.6634787],[-84.3730134,33.6635443],[-84.3730052,33.6635753],[-84.3729879,33.6636037],[-84.37296,33.6636321],[-84.3729178,33.6636472],[-84.3728925,33.6636506],[-84.3728661,33.6636487],[-84.3728177,33.6636251],[-84.3727666,33.6635975],[-84.3727204,33.6635855],[-84.3726795,33.6635842],[-84.3726089,33.6635845],[-84.3725253,33.6635704],[-84.3724567,33.6635661],[-84.3724013,33.6635837],[-84.3723183,33.6636361],[-84.3722618,33.6636802],[-84.3722063,33.6637318],[-84.3721865,33.6637488],[-84.3721743,33.6637671],[-84.3721657,33.6637952],[-84.3721669,33.6638169],[-84.3721841,33.6638394],[-84.372199,33.6638595],[-84.3722247,33.6638706],[-84.372242,33.6638799],[-84.3722615,33.6638812],[-84.3722859,33.6638761],[-84.3723081,33.6638629],[-84.3723298,33.663848],[-84.3723521,33.6638304],[-84.372385,33.6638179],[-84.372419,33.6638166],[-84.3724415,33.6638124],[-84.3724672,33.6638114],[-84.3725378,33.6638235],[-84.3726492,33.6638604],[-84.3727098,33.663872],[-84.3728466,33.6639104],[-84.3729319,33.6639317],[-84.3729676,33.663941],[-84.3729861,33.6639628],[-84.3729968,33.6639822],[-84.3729915,33.6640115],[-84.3729963,33.6640456],[-84.3729936,33.6640709],[-84.3729791,33.664084],[-84.3729581,33.6640936],[-84.3728133,33.6641259],[-84.3727784,33.6641363],[-84.3727467,33.6641623],[-84.37273,33.6641847],[-84.3727208,33.6642098],[-84.3727186,33.6642322],[-84.3727314,33.6642617],[-84.3727833,33.6642899],[-84.3728267,33.6642927],[-84.3728601,33.6642849],[-84.3728848,33.6642723],[-84.3729404,33.6642374],[-84.3729971,33.664198],[-84.3730189,33.6641896],[-84.3730504,33.6641875],[-84.3730786,33.664189],[-84.3731015,33.6641967],[-84.3731447,33.6642228],[-84.373163,33.6642359],[-84.3731685,33.6642543],[-84.3731377,33.6643122],[-84.3731245,33.6643416],[-84.3731167,33.6643755],[-84.3731201,33.6644168],[-84.3731311,33.6644447],[-84.3731645,33.6644849],[-84.3731918,33.6645036],[-84.3732047,33.6645205],[-84.3732019,33.664534],[-84.3731959,33.6645433],[-84.3731804,33.6645552],[-84.3731411,33.6645694],[-84.3730173,33.6645859],[-84.3729564,33.6645942],[-84.3729243,33.664593],[-84.3728712,33.6645836],[-84.3727981,33.6645669],[-84.3727433,33.6645434],[-84.3726879,33.6645094],[-84.3726146,33.6644682],[-84.3725164,33.6644378],[-84.3724464,33.6644168],[-84.3723951,33.6644132],[-84.3723737,33.6644142],[-84.3723594,33.6644149],[-84.3723066,33.6644372],[-84.3722659,33.664458],[-84.3721736,33.6645106],[-84.3721452,33.6645215],[-84.3721149,33.6645301],[-84.3720878,33.6645354],[-84.3720685,33.6645345],[-84.3720505,33.6645306],[-84.3720333,33.6645241],[-84.3720274,33.664519],[-84.3720057,33.6644931],[-84.3719882,33.6644743],[-84.3719736,33.6644628],[-84.3719661,33.6644572],[-84.3719586,33.6644565],[-84.3719335,33.6644627],[-84.3719174,33.6644764],[-84.3718717,33.6645196],[-84.3718495,33.6645305],[-84.3718264,33.6645392],[-84.3717807,33.6645382],[-84.3717312,33.6645169],[-84.3716728,33.6644898],[-84.3715866,33.6644515],[-84.3715234,33.6643957],[-84.3714891,33.6643506],[-84.3714504,33.6643365],[-84.371401,33.6643268],[-84.3712442,33.6642976],[-84.3711934,33.6642797],[-84.3711121,33.6641997],[-84.3710932,33.6641598],[-84.3710769,33.6640984],[-84.3710584,33.6640628],[-84.370962,33.6639012],[-84.3709553,33.6638578],[-84.3709561,33.6638154],[-84.370962,33.6637315],[-84.3709923,33.6636498],[-84.3710122,33.6635898],[-84.3710098,33.663556],[-84.3710172,33.6635294],[-84.3710361,33.6634832],[-84.3710638,33.6634534],[-84.3710969,33.6634361],[-84.3711557,33.6634176],[-84.3711743,33.6634041],[-84.3711844,33.6633888],[-84.3712088,33.6633475],[-84.3712202,33.6633216],[-84.3712402,33.6633028],[-84.3712597,33.6632992],[-84.3712771,33.6633028],[-84.3713065,33.6633161],[-84.3713339,33.66333],[-84.3713569,33.6633448],[-84.371389,33.6633761],[-84.3714171,33.663418],[-84.3714526,33.6634527],[-84.3714679,33.6634935],[-84.3714566,33.6635717],[-84.3714518,33.6636275],[-84.3714749,33.6636744],[-84.3714955,33.6636907],[-84.3715259,33.6637025],[-84.3716503,33.6636967],[-84.3717391,33.6636944],[-84.3717698,33.6636891],[-84.3717972,33.6636739],[-84.371904,33.6635922],[-84.3719727,33.663562],[-84.3720033,33.6635465],[-84.3720274,33.6635292],[-84.3721157,33.6634657],[-84.3721824,33.6633951],[-84.3722302,33.6633712],[-84.3723007,33.6633473],[-84.3723247,33.663326],[-84.3723412,33.6633011],[-84.3723451,33.6632819],[-84.3723436,33.6632672],[-84.3723342,33.6632386],[-84.3723058,33.663225],[-84.3722773,33.6632212],[-84.3722253,33.6632211],[-84.3721797,33.6632327],[-84.3720633,33.6632776],[-84.3720215,33.6633028],[-84.3719834,33.6633466],[-84.3719303,33.6633904],[-84.3719127,33.6633983],[-84.3718897,33.6634035],[-84.3718635,33.6634007],[-84.3718416,33.6633979],[-84.3718053,33.6633802],[-84.3717776,33.663359],[-84.3717555,33.6633159],[-84.3717442,33.6632729],[-84.3717367,33.6632105],[-84.3717227,33.6631705],[-84.3717109,33.6631228],[-84.3716829,33.663077],[-84.3716524,33.6630356],[-84.371588,33.6629992],[-84.3715532,33.6629646],[-84.3715152,33.6629389],[-84.3714962,33.6629229],[-84.3714708,33.6629114],[-84.3714341,33.6628973],[-84.3714027,33.662892],[-84.3713549,33.6628875],[-84.3713044,33.6628902],[-84.3712642,33.6628996],[-84.3712158,33.6629241],[-84.371072,33.6630042],[-84.3710324,33.6630326],[-84.3710008,33.6630669],[-84.3709278,33.6631596],[-84.3708842,33.6632372],[-84.3708375,33.6633006],[-84.3707794,33.6633589],[-84.3706933,33.6634214],[-84.3706693,33.6634535],[-84.370506,33.6637551],[-84.370508,33.6637813],[-84.3705132,33.6638092],[-84.3705313,33.6638466],[-84.3705424,33.6638816],[-84.3705359,33.6639346],[-84.3705283,33.663962],[-84.3705133,33.6639876],[-84.3704631,33.6640461],[-84.370384,33.664118],[-84.3703366,33.664167],[-84.3703136,33.664184],[-84.3702873,33.66419],[-84.3702691,33.6641808],[-84.3702533,33.6641584],[-84.3702447,33.6641411],[-84.3702436,33.6641269],[-84.3702871,33.6640176],[-84.3702994,33.6639892],[-84.3703004,33.6639726],[-84.370295,33.6639574],[-84.3702939,33.6639404],[-84.3702081,33.6637974],[-84.3701677,33.6637299],[-84.3701493,33.6636413],[-84.3701464,33.6635598],[-84.3701397,33.6634971],[-84.3701481,33.663425],[-84.3701576,33.6633223],[-84.3701719,33.6632513],[-84.3701866,33.6632303],[-84.3701948,33.6632022],[-84.3702927,33.6631638],[-84.3703097,33.6631452],[-84.370322,33.6631015]]},"properties":{"bicycle":"designated","description":"https://mtbatlanta.com/southside-park/\n","foot":"designated","highway":"path","horse":"no","motor_vehicle":"no","name":"Southside Park MTB - Evergreen Trail","source":"gps","sport":"cycling","surface":"dirt","osm_id":690306695,"osm_type":"way"}},{"type":"Feature","geometry":{"type":"LineString","coordinates":[[-84.5088472,33.8805539],[-84.5095892,33.8804138]]},"properties":{"alt_name":"Spring Road Trail","bicycle":"designated","bridge":"yes","foot":"designated","highway":"cycleway","lit":"yes","motor_vehicle":"no","name":"Mountain to River Trail / Spring Road Trail","oneway":"no","segregated":"no","surface":"concrete","osm_id":705001861,"osm_type":"way"}},{"type":"Feature","geometry":{"type":"LineString","coordinates":[[-84.5095892,33.8804138],[-84.509783,33.8803766]]},"properties":{"alt_name":"Spring Road Trail","bicycle":"designated","foot":"designated","highway":"cycleway","lit":"yes","motor_vehicle":"no","name":"Mountain to River Trail","oneway":"no","segregated":"no","surface":"concrete","osm_id":705001862,"osm_type":"way"}},{"type":"Feature","geometry":{"type":"LineString","coordinates":[[-84.509783,33.8803766],[-84.5098884,33.8803589],[-84.5102073,33.8803323],[-84.5104408,33.8803587],[-84.5106822,33.8803665],[-84.510992,33.8803732],[-84.5115573,33.8803743]]},"properties":{"alt_name":"Spring Road Trail","bicycle":"designated","foot":"designated","highway":"cycleway","lit":"yes","motor_vehicle":"no","name":"Mountain to River Trail","segregated":"no","surface":"paving_stones","osm_id":705001863,"osm_type":"way"}},{"type":"Feature","geometry":{"type":"LineString","coordinates":[[-84.5117397,33.8803748],[-84.5119918,33.8803726],[-84.5124009,33.8803765],[-84.5125721,33.8803966]]},"properties":{"alt_name":"Spring Road Trail","bicycle":"designated","foot":"designated","highway":"cycleway","lit":"yes","motor_vehicle":"no","name":"Mountain to River Trail / Spring Road Trail","segregated":"no","surface":"paving_stones","osm_id":705001865,"osm_type":"way"}},{"type":"Feature","geometry":{"type":"LineString","coordinates":[[-84.5144315,33.8836298],[-84.5144315,33.8836083],[-84.5142996,33.8832622],[-84.5140438,33.8826434],[-84.5139511,33.8824396],[-84.5138132,33.8821365]]},"properties":{"bicycle":"designated","foot":"designated","highway":"cycleway","lit":"yes","name":"Mountain to River Trail","segregated":"no","surface":"concrete","osm_id":705003119,"osm_type":"way"}},{"type":"Feature","geometry":{"type":"LineString","coordinates":[[-84.5144943,33.883778],[-84.5144622,33.8837038],[-84.5144315,33.8836298]]},"properties":{"bicycle":"designated","foot":"designated","highway":"cycleway","lit":"yes","name":"Mountain to River Trail","segregated":"no","surface":"asphalt","osm_id":705003120,"osm_type":"way"}},{"type":"Feature","geometry":{"type":"LineString","coordinates":[[-84.5150923,33.8854931],[-84.5150783,33.8854611],[-84.5150281,33.8852613],[-84.5150013,33.8851639],[-84.5149722,33.8850772],[-84.514829,33.8846828],[-84.5148307,33.8846451],[-84.5147871,33.8845465],[-84.5147609,33.8844711],[-84.5146526,33.8841814],[-84.5146124,33.8840738],[-84.5145846,33.8840015],[-84.5145684,33.883957],[-84.5145443,33.8838984],[-84.5145292,33.8838643],[-84.5144943,33.883778]]},"properties":{"bicycle":"designated","foot":"designated","highway":"cycleway","name":"Mountain to River Trail","segregated":"no","surface":"concrete","osm_id":705003121,"osm_type":"way"}},{"type":"Feature","geometry":{"type":"LineString","coordinates":[[-84.5151504,33.8856673],[-84.5151418,33.885626],[-84.5151195,33.885556],[-84.5151031,33.8855156],[-84.5150923,33.8854931]]},"properties":{"bicycle":"designated","foot":"designated","highway":"cycleway","lit":"yes","name":"Mountain to River Trail","segregated":"no","surface":"asphalt","osm_id":705003122,"osm_type":"way"}},{"type":"Feature","geometry":{"type":"LineString","coordinates":[[-84.5154767,33.8869249],[-84.5154732,33.8869123],[-84.5152138,33.8859683],[-84.5151399,33.8856992],[-84.5151504,33.8856673]]},"properties":{"bicycle":"designated","foot":"designated","highway":"cycleway","lit":"yes","name":"Mountain to River Trail","segregated":"no","surface":"concrete","osm_id":705003123,"osm_type":"way"}},{"type":"Feature","geometry":{"type":"LineString","coordinates":[[-84.5155191,33.8870903],[-84.5154942,33.8869981],[-84.5154767,33.8869249]]},"properties":{"bicycle":"designated","foot":"designated","highway":"cycleway","lit":"yes","name":"Mountain to River Trail","segregated":"no","surface":"asphalt","osm_id":705003124,"osm_type":"way"}},{"type":"Feature","geometry":{"type":"LineString","coordinates":[[-84.5168166,33.8898144],[-84.5167014,33.8896822],[-84.516621,33.889572],[-84.5165162,33.8894256],[-84.5163939,33.8892327],[-84.5163765,33.8891979],[-84.5163643,33.8891791],[-84.5163398,33.8891588],[-84.5162961,33.8890848],[-84.5162071,33.888934],[-84.5161686,33.8888659],[-84.5160731,33.8886753],[-84.5160516,33.8886325],[-84.5159905,33.8885078],[-84.5159259,33.88837],[-84.5158717,33.8882439],[-84.5158457,33.8881801],[-84.5158151,33.8881066],[-84.5157931,33.888051],[-84.5156869,33.8877157],[-84.515616,33.8874638],[-84.5155906,33.8873705],[-84.5155191,33.8870903]]},"properties":{"bicycle":"designated","foot":"designated","highway":"cycleway","lit":"yes","name":"Mountain to River Trail","segregated":"no","surface":"concrete","osm_id":705003125,"osm_type":"way"}},{"type":"Feature","geometry":{"type":"LineString","coordinates":[[-84.5170607,33.8900624],[-84.5168709,33.8898785],[-84.5168166,33.8898144]]},"properties":{"bicycle":"designated","foot":"designated","highway":"cycleway","lit":"yes","name":"Mountain to River Trail","segregated":"no","surface":"asphalt","osm_id":705003126,"osm_type":"way"}},{"type":"Feature","geometry":{"type":"LineString","coordinates":[[-84.5170607,33.8900624],[-84.5171158,33.8901451],[-84.5172037,33.890223],[-84.5173004,33.8902762],[-84.5174387,33.8903893],[-84.5174743,33.8904218],[-84.5175031,33.890459]]},"properties":{"bicycle":"designated","foot":"designated","highway":"cycleway","name":"Mountain to River Trail","segregated":"no","surface":"concrete","osm_id":705003128,"osm_type":"way"}},{"type":"Feature","geometry":{"type":"LineString","coordinates":[[-84.5177367,33.890601],[-84.5177596,33.8906007],[-84.5178263,33.8906564],[-84.5178397,33.8906753],[-84.5178431,33.8906951],[-84.5178424,33.8907126],[-84.5178488,33.890729],[-84.5178625,33.8907376],[-84.5178964,33.8907568],[-84.5182159,33.8910173],[-84.5182917,33.8911203],[-84.5187979,33.8915898],[-84.5188214,33.8916204],[-84.5188938,33.8916828],[-84.5190541,33.8918559],[-84.5190655,33.8918754],[-84.5190889,33.8918949],[-84.5191319,33.8919316],[-84.5192335,33.8920566],[-84.5192646,33.8920808],[-84.5193049,33.8921069],[-84.5193625,33.8921242],[-84.5193867,33.8921448]]},"properties":{"bicycle":"designated","foot":"designated","highway":"cycleway","name":"Mountain to River Trail","segregated":"no","surface":"concrete","osm_id":705003131,"osm_type":"way"}},{"type":"Feature","geometry":{"type":"LineString","coordinates":[[-84.5196084,33.8923705],[-84.5196281,33.8923852],[-84.5196254,33.8924281],[-84.5196274,33.892469],[-84.519652,33.8925188],[-84.5197681,33.8926846],[-84.5198371,33.892789],[-84.5198695,33.8928584],[-84.5198845,33.8929023],[-84.5198963,33.892941],[-84.5199043,33.8929842],[-84.5199328,33.8930412],[-84.519959,33.8930827],[-84.5199876,33.8931218],[-84.5200106,33.8931534],[-84.5200495,33.8931712],[-84.5200854,33.8931781]]},"properties":{"bicycle":"designated","foot":"designated","highway":"cycleway","name":"Mountain to River Trail","segregated":"no","surface":"concrete","osm_id":705003132,"osm_type":"way"}},{"type":"Feature","geometry":{"type":"LineString","coordinates":[[-84.4583062,33.8943716],[-84.4583309,33.8943888],[-84.4583339,33.8944144],[-84.4583245,33.8944408],[-84.4582908,33.8944791],[-84.458233,33.8945388]]},"properties":{"bicycle":"designated","foot":"designated","highway":"cycleway","name":"Bob Callan Trail","segregated":"no","surface":"concrete","osm_id":713824392,"osm_type":"way"}},{"type":"Feature","geometry":{"type":"LineString","coordinates":[[-84.4590095,33.8962358],[-84.4590584,33.8962881],[-84.4592696,33.896528],[-84.4593668,33.896646],[-84.4595009,33.8967853]]},"properties":{"bicycle":"designated","foot":"designated","highway":"cycleway","name":"Bob Callan Trail","segregated":"no","surface":"asphalt","osm_id":713824393,"osm_type":"way"}},{"type":"Feature","geometry":{"type":"LineString","coordinates":[[-84.4595009,33.8967853],[-84.4597442,33.8970458]]},"properties":{"bicycle":"designated","bridge":"yes","foot":"designated","highway":"cycleway","name":"Bob Callan Trail","segregated":"no","surface":"concrete","osm_id":713824394,"osm_type":"way"}},{"type":"Feature","geometry":{"type":"LineString","coordinates":[[-84.458233,33.8945388],[-84.458178,33.894605],[-84.4581357,33.8946568],[-84.4581076,33.8947258],[-84.4581062,33.8947753],[-84.458115,33.8948321],[-84.4581471,33.8949022],[-84.4581827,33.8949924],[-84.4582102,33.8950614],[-84.4582585,33.8951516],[-84.4583369,33.8952685],[-84.4584268,33.8954043],[-84.458522,33.8955457],[-84.4586011,33.8956625],[-84.4586957,33.8958195],[-84.458748,33.8959002],[-84.4588043,33.895962],[-84.4588975,33.8960917],[-84.4590095,33.8962358]]},"properties":{"bicycle":"designated","bridge":"yes","foot":"designated","highway":"cycleway","layer":"1","name":"Bob Callan Trail","segregated":"no","surface":"concrete","osm_id":713824395,"osm_type":"way"}},{"type":"Feature","geometry":{"type":"LineString","coordinates":[[-84.4621342,33.8991467],[-84.4622087,33.8991634],[-84.4622784,33.8991779],[-84.4623334,33.899198],[-84.4623783,33.8992219],[-84.4624326,33.8992686],[-84.4624789,33.8993087],[-84.4625661,33.8993944],[-84.4626807,33.8995469],[-84.4627961,33.8996788],[-84.4628759,33.899764],[-84.462961,33.8998402],[-84.4630563,33.8999087]]},"properties":{"bicycle":"designated","bridge":"yes","foot":"designated","highway":"cycleway","name":"Bob Callan Trail","segregated":"no","surface":"concrete","osm_id":713824396,"osm_type":"way"}},{"type":"Feature","geometry":{"type":"LineString","coordinates":[[-84.4597442,33.8970458],[-84.4598342,33.8971536],[-84.4599643,33.897305],[-84.4600743,33.8974063],[-84.4603358,33.8975689],[-84.4603828,33.8976178],[-84.4604123,33.8976568],[-84.4604284,33.8976952],[-84.4604954,33.897875],[-84.4605906,33.8980074],[-84.4607207,33.89818],[-84.4608481,33.8983213],[-84.4610687,33.8985011],[-84.461115,33.8985395],[-84.4611619,33.8985757],[-84.4612122,33.8985957],[-84.4613041,33.8986408],[-84.4614295,33.8987132],[-84.4615535,33.8987989],[-84.4617031,33.8989291],[-84.4617534,33.8989742],[-84.4618325,33.899036],[-84.4618928,33.8990666],[-84.4619586,33.8990989],[-84.4620357,33.8991245],[-84.4621342,33.8991467]]},"properties":{"bicycle":"designated","foot":"designated","highway":"cycleway","name":"Bob Callan Trail","segregated":"no","surface":"asphalt","osm_id":713824397,"osm_type":"way"}},{"type":"Feature","geometry":{"type":"LineString","coordinates":[[-84.4638961,33.8951708],[-84.4639227,33.8951941],[-84.4639538,33.8952214],[-84.463996,33.8952757],[-84.4642277,33.8955006],[-84.4645754,33.8959453],[-84.4646448,33.8960211],[-84.4647397,33.8961251],[-84.4649559,33.8963989],[-84.4652376,33.8966271],[-84.4653918,33.8967507],[-84.46584,33.8969858]]},"properties":{"bicycle":"designated","foot":"designated","highway":"cycleway","lit":"yes","name":"Interstate North Parkway Trail","segregated":"no","smoothness":"good","surface":"concrete","width":"12 feet","osm_id":714128357,"osm_type":"way"}},{"type":"Feature","geometry":{"type":"LineString","coordinates":[[-84.3913454,33.7469341],[-84.3914178,33.7469342]]},"properties":{"cycleway":"track","highway":"secondary","lanes":"3","lanes:backward":"2","lanes:forward":"1","name":"Memorial Drive Southwest","tiger:cfcc":"A41","tiger:county":"Fulton, GA","tiger:name_base":"Memorial","tiger:name_direction_suffix":"SW","tiger:name_type":"Dr","tiger:reviewed":"no","tiger:zip_left":"30303","tiger:zip_right":"30303","turn:lanes:backward":"through|through;right","osm_id":714358318,"osm_type":"way"}},{"type":"Feature","geometry":{"type":"LineString","coordinates":[[-84.3944371,33.7469483],[-84.3945442,33.7469479],[-84.394938,33.7469501],[-84.395684,33.746953],[-84.3959348,33.7469546]]},"properties":{"cycleway":"track","highway":"secondary","name":"Memorial Drive Southwest","tiger:cfcc":"A41","tiger:county":"Fulton, GA","tiger:name_base":"Memorial","tiger:name_direction_suffix":"SW","tiger:name_type":"Dr","tiger:reviewed":"no","tiger:zip_left":"30303","tiger:zip_right":"30303","osm_id":714358319,"osm_type":"way"}},{"type":"Feature","geometry":{"type":"LineString","coordinates":[[-84.4438287,33.9020759],[-84.4440315,33.9022743],[-84.4441196,33.9023076]]},"properties":{"bicycle":"designated","foot":"designated","highway":"cycleway","horse":"no","ski":"no","snowmobile":"no","surface":"ground","wheelchair":"no","osm_id":718021090,"osm_type":"way"}},{"type":"Feature","geometry":{"type":"LineString","coordinates":[[-84.4435251,33.9016002],[-84.4435373,33.9017757],[-84.443574,33.9018745],[-84.4436738,33.9019733],[-84.4438287,33.9020759]]},"properties":{"bicycle":"designated","foot":"designated","highway":"cycleway","horse":"no","ski":"no","snowmobile":"no","surface":"wood","wheelchair":"no","osm_id":718021091,"osm_type":"way"}},{"type":"Feature","geometry":{"type":"LineString","coordinates":[[-84.3581395,33.7453691],[-84.3581372,33.745408],[-84.358118,33.7457313],[-84.3580863,33.7460765],[-84.3580376,33.7464672],[-84.358033,33.746522]]},"properties":{"bicycle":"designated","foot":"designated","highway":"cycleway","lit":"yes","motor_vehicle":"no","name":"Atlanta Beltline Southeast Trail","oneway":"no","segregated":"no","start_date":"2017-10-23","surface":"concrete","osm_id":722838134,"osm_type":"way"}},{"type":"Feature","geometry":{"type":"LineString","coordinates":[[-84.3575044,33.7491406],[-84.3575153,33.7491156],[-84.3575621,33.7490082],[-84.3575889,33.7489378],[-84.3576297,33.7488764],[-84.3576694,33.7488387],[-84.3577061,33.748826],[-84.3577948,33.7488419]]},"properties":{"bicycle":"designated","foot":"designated","highway":"cycleway","motor_vehicle":"no","name":"Beltline Access Line","segregated":"no","surface":"concrete","osm_id":722838443,"osm_type":"way"}},{"type":"Feature","geometry":{"type":"LineString","coordinates":[[-84.3649873,33.753426],[-84.3650698,33.7534697],[-84.3651281,33.7535423],[-84.3651929,33.7536949],[-84.3652562,33.7538047],[-84.3653637,33.7539035],[-84.3654057,33.7539421],[-84.3654769,33.7540602],[-84.3655009,33.75415],[-84.3655049,33.7542252],[-84.365491,33.7543846],[-84.3654481,33.7546423],[-84.3653694,33.7550976],[-84.3652644,33.7557128]]},"properties":{"bicycle":"designated","foot":"designated","highway":"cycleway","lit":"yes","motor_vehicle":"no","name":"Atlanta Beltline Eastside Trail","old_railway_operator":"Southern","oneway":"no","railway":"abandoned","segregated":"no","start_date":"2017-9-1","surface":"concrete","osm_id":722838793,"osm_type":"way"}},{"type":"Feature","geometry":{"type":"LineString","coordinates":[[-84.3635043,33.7528551],[-84.3637819,33.7534735]]},"properties":{"bicycle":"designated","foot":"designated","highway":"cycleway","lit":"yes","motor_vehicle":"no","name":"Atlanta Beltline Eastside Trail","oneway":"no","segregated":"no","start_date":"2017-9-1","surface":"concrete","tunnel":"yes","osm_id":722838795,"osm_type":"way"}},{"type":"Feature","geometry":{"type":"LineString","coordinates":[[-84.5323193,33.8510451],[-84.5323183,33.8510346],[-84.5323184,33.8510256],[-84.5323152,33.851016],[-84.5323082,33.8510037],[-84.5322985,33.8509913],[-84.5322904,33.8509834],[-84.5322772,33.850973],[-84.5322685,33.85096],[-84.5322475,33.8509429],[-84.5322318,33.8509206],[-84.53222,33.8509042],[-84.5322076,33.8508864],[-84.5321959,33.8508624],[-84.5321778,33.8508232],[-84.532161,33.8508003],[-84.5321352,33.850765],[-84.5321262,33.8507357],[-84.5321392,33.8507196],[-84.5321724,33.8507129],[-84.5322063,33.850704],[-84.5322308,33.8507012],[-84.5322613,33.850697],[-84.5322747,33.850682],[-84.5322857,33.8506642],[-84.5323035,33.8506494],[-84.5323357,33.850633],[-84.5323505,33.8506185],[-84.5323803,33.8505993],[-84.532391,33.8505879],[-84.5324192,33.8505831],[-84.5324336,33.8505762],[-84.5324443,33.8505648],[-84.5324614,33.8505511],[-84.5324819,33.8505433],[-84.5325,33.8505386],[-84.53251,33.8505355],[-84.5325194,33.8505252],[-84.5325302,33.8505194],[-84.5325392,33.8505094],[-84.5325573,33.8504977]]},"properties":{"access":"permissive","bicycle":"designated","foot":"yes","highway":"path","mtb:scale":"2","surface":"dirt","osm_id":734229288,"osm_type":"way"}},{"type":"Feature","geometry":{"type":"LineString","coordinates":[[-84.5320232,33.8506057],[-84.5320386,33.8505876],[-84.5320507,33.8505675],[-84.5320635,33.8505514],[-84.5320909,33.8505414],[-84.5321184,33.850543],[-84.5321359,33.8505403],[-84.5321614,33.8505263],[-84.5321674,33.8505152],[-84.532164,33.8504968],[-84.5321459,33.8504751],[-84.5321406,33.8504517],[-84.5321513,33.8504278],[-84.5321593,33.8504083],[-84.5321748,33.8503866],[-84.5321902,33.8503782],[-84.5322096,33.8503821],[-84.5322311,33.8503921],[-84.5322593,33.8503932],[-84.5322908,33.8504044],[-84.5323028,33.8504155],[-84.5323163,33.85043],[-84.532325,33.8504461],[-84.5323484,33.8504556],[-84.5323619,33.8504573],[-84.532386,33.8504617],[-84.5324061,33.8504695],[-84.5324142,33.8504762],[-84.5324383,33.8504801],[-84.5324571,33.8504818],[-84.5324913,33.8504918],[-84.5325161,33.8504963],[-84.5325349,33.8504996],[-84.5325573,33.8504977]]},"properties":{"access":"permissive","bicycle":"designated","foot":"yes","highway":"path","mtb:scale":"1","surface":"dirt","osm_id":734229289,"osm_type":"way"}},{"type":"Feature","geometry":{"type":"LineString","coordinates":[[-84.5321262,33.8507357],[-84.5320906,33.8507307],[-84.5320678,33.8507402],[-84.532045,33.8507502],[-84.5319944,33.8507677],[-84.5319783,33.8507839],[-84.5319609,33.8507928],[-84.5319401,33.8507978],[-84.5319166,33.8507897],[-84.5318972,33.8507758],[-84.5318774,33.8507538],[-84.5318586,33.8507441],[-84.5318449,33.8507332],[-84.5318231,33.8507265],[-84.5317969,33.8507121],[-84.5317862,33.8506903],[-84.5317738,33.8506681],[-84.5317711,33.8506528],[-84.5317641,33.8506419],[-84.531761,33.8506288],[-84.5317389,33.850614],[-84.5317299,33.850604],[-84.5317128,33.8505976],[-84.531691,33.8505865],[-84.5316219,33.8505533],[-84.5316081,33.8505369],[-84.5315877,33.8505291],[-84.5315833,33.8505188],[-84.5315894,33.8505077],[-84.5315981,33.8505007],[-84.5316138,33.8504999],[-84.5316259,33.8504993],[-84.5316343,33.8504965],[-84.5316346,33.8504865],[-84.5316447,33.8504723],[-84.5316541,33.8504545],[-84.5316705,33.8504336],[-84.5316916,33.8504225],[-84.5317124,33.8504141],[-84.5317235,33.8504072],[-84.5317563,33.8504002],[-84.5317815,33.8504049],[-84.5317993,33.8504105],[-84.5318093,33.8504088],[-84.5318351,33.8504233],[-84.5318492,33.8504339],[-84.531869,33.8504473],[-84.5318921,33.850464],[-84.5319458,33.8504826],[-84.5319588,33.8504896],[-84.5319656,33.8505029],[-84.531981,33.8505119],[-84.53199,33.8505249],[-84.5320044,33.8505442],[-84.5320112,33.8505628],[-84.5320125,33.8505831],[-84.5320232,33.8506057],[-84.5320363,33.8506191],[-84.5320467,33.8506274],[-84.5320571,33.8506333],[-84.5320618,33.8506461],[-84.5320698,33.8506553],[-84.5320698,33.8506636],[-84.5320755,33.850682],[-84.5320909,33.8507045],[-84.5320906,33.8507307]]},"properties":{"access":"permissive","bicycle":"designated","foot":"yes","highway":"path","mtb:scale":"1","surface":"dirt","osm_id":734229290,"osm_type":"way"}},{"type":"Feature","geometry":{"type":"LineString","coordinates":[[-84.5339081,33.8492437],[-84.5339212,33.8492218],[-84.5339226,33.8492043],[-84.5339276,33.8491787],[-84.5339351,33.8491717],[-84.533936,33.8491452],[-84.5339394,33.8491345],[-84.5339366,33.8491157],[-84.5339427,33.8490982],[-84.5339554,33.8490804],[-84.5339645,33.8490712],[-84.5339745,33.8490681],[-84.533994,33.8490522],[-84.5340138,33.8490319],[-84.5340295,33.8490102],[-84.5340339,33.8489954],[-84.534049,33.8489754],[-84.5340708,33.8489584],[-84.5340822,33.8489539],[-84.5340899,33.8489484],[-84.5341013,33.8489286],[-84.5341153,33.8489094],[-84.5341281,33.8488944],[-84.5341408,33.8488802],[-84.5341482,33.8488598],[-84.5341569,33.8488554],[-84.5341804,33.8488364],[-84.5341931,33.8488264],[-84.5342193,33.8488122],[-84.5342659,33.8488008],[-84.5342924,33.8487902],[-84.5343111,33.8487796],[-84.5343323,33.8487763],[-84.5344335,33.848754],[-84.5344543,33.8487518],[-84.5344644,33.848761],[-84.5344674,33.8487699],[-84.53446,33.848783],[-84.5344503,33.8487877],[-84.5344352,33.8487919],[-84.5344168,33.8487933],[-84.5343963,33.8488047],[-84.5343775,33.8488144],[-84.5343614,33.8488225],[-84.5343366,33.8488328],[-84.5343135,33.848844],[-84.5342951,33.848857],[-84.5342766,33.8488715],[-84.5342568,33.8488863],[-84.534236,33.8489005],[-84.5342163,33.848918],[-84.5341951,33.8489384],[-84.5341593,33.8489748],[-84.5341435,33.8489918],[-84.5341324,33.8490041],[-84.5341227,33.8490197],[-84.5341164,33.8490341],[-84.534114,33.8490458],[-84.5341204,33.8490684],[-84.5341324,33.8490868],[-84.5341398,33.8490976],[-84.5341495,33.849111],[-84.5341603,33.8491277],[-84.5341757,33.8491553],[-84.5341888,33.8491761],[-84.5341921,33.8491892],[-84.5342002,33.8492037],[-84.5342072,33.8492238],[-84.5342126,33.8492399],[-84.5342129,33.8492502],[-84.534221,33.8492728],[-84.5342253,33.8492903],[-84.534231,33.8493098],[-84.5342411,33.8493182],[-84.5342518,33.8493332],[-84.5342488,33.8493463],[-84.5342417,33.8493569],[-84.534232,33.8493725]]},"properties":{"bicycle":"designated","foot":"yes","highway":"path","mtb:scale":"2","surface":"dirt","osm_id":734229291,"osm_type":"way"}},{"type":"Feature","geometry":{"type":"LineString","coordinates":[[-84.5330372,33.8501158],[-84.5330432,33.8501119],[-84.5330871,33.8500817],[-84.5331001,33.8500705],[-84.5331065,33.8500591],[-84.5331156,33.8500505],[-84.5331447,33.8500279],[-84.5331732,33.8500054],[-84.5331913,33.8499956],[-84.5332104,33.8499781],[-84.5332225,33.8499658],[-84.5332336,33.8499511],[-84.5332493,33.8499268],[-84.5332641,33.8499099],[-84.533271,33.8498989]]},"properties":{"bicycle":"designated","foot":"yes","highway":"path","mtb:scale":"2","surface":"dirt","osm_id":734229292,"osm_type":"way"}},{"type":"Feature","geometry":{"type":"LineString","coordinates":[[-84.5330338,33.8501179],[-84.5330372,33.8501158]]},"properties":{"bicycle":"designated","bridge":"boardwalk","foot":"yes","highway":"path","mtb:scale":"2","surface":"wood","osm_id":734229293,"osm_type":"way"}},{"type":"Feature","geometry":{"type":"LineString","coordinates":[[-84.5332758,33.849892],[-84.5332862,33.8498795],[-84.5332993,33.8498684],[-84.5333167,33.8498536],[-84.5333412,33.8498389],[-84.533369,33.8498213],[-84.5333881,33.8498071],[-84.5334001,33.8497951]]},"properties":{"bicycle":"designated","foot":"yes","highway":"path","mtb:scale":"2","surface":"dirt","osm_id":734229294,"osm_type":"way"}},{"type":"Feature","geometry":{"type":"LineString","coordinates":[[-84.533271,33.8498989],[-84.5332758,33.849892]]},"properties":{"bicycle":"designated","bridge":"boardwalk","foot":"yes","highway":"path","mtb:scale":"2","surface":"wood","osm_id":734229295,"osm_type":"way"}},{"type":"Feature","geometry":{"type":"LineString","coordinates":[[-84.5334051,33.8497898],[-84.5334166,33.8497754],[-84.5334269,33.8497636],[-84.5334471,33.8497495],[-84.5334686,33.8497367],[-84.5334901,33.8497317],[-84.5335075,33.8497186],[-84.5335186,33.8497049]]},"properties":{"bicycle":"designated","foot":"yes","highway":"path","mtb:scale":"2","surface":"dirt","osm_id":734229296,"osm_type":"way"}},{"type":"Feature","geometry":{"type":"LineString","coordinates":[[-84.5334001,33.8497951],[-84.5334051,33.8497898]]},"properties":{"bicycle":"designated","bridge":"boardwalk","foot":"yes","highway":"path","mtb:scale":"2","surface":"wood","osm_id":734229297,"osm_type":"way"}},{"type":"Feature","geometry":{"type":"LineString","coordinates":[[-84.5335248,33.8496981],[-84.533531,33.8496916],[-84.5335471,33.8496729],[-84.5335551,33.8496562],[-84.5335638,33.8496406],[-84.5335652,33.8496225],[-84.5335658,33.8496069],[-84.5335792,33.8495871],[-84.533593,33.8495752],[-84.5336064,33.8495615],[-84.5336134,33.8495523],[-84.5336171,33.8495409],[-84.5336221,33.8495274],[-84.5336238,33.849521],[-84.5336282,33.849517],[-84.5336446,33.8495086],[-84.5336631,33.8495017],[-84.5336822,33.8494933],[-84.5336969,33.8494836],[-84.533715,33.8494721],[-84.5337311,33.8494554],[-84.5337375,33.8494334],[-84.5337512,33.8493967],[-84.5337754,33.8493775],[-84.5338024,33.8493613],[-84.5338166,33.8493447],[-84.5338297,33.8493248],[-84.5338351,33.8493073],[-84.5339035,33.8492447],[-84.5339081,33.8492437],[-84.5339167,33.849245],[-84.5339332,33.8492445],[-84.5339604,33.8492345],[-84.5339889,33.8492236],[-84.5340009,33.8492189]]},"properties":{"bicycle":"designated","foot":"yes","highway":"path","mtb:scale":"2","surface":"dirt","osm_id":734229298,"osm_type":"way"}},{"type":"Feature","geometry":{"type":"LineString","coordinates":[[-84.5335186,33.8497049],[-84.5335248,33.8496981]]},"properties":{"bicycle":"designated","bridge":"boardwalk","foot":"yes","highway":"path","mtb:scale":"2","surface":"wood","osm_id":734229299,"osm_type":"way"}},{"type":"Feature","geometry":{"type":"LineString","coordinates":[[-84.5340116,33.8492188],[-84.5340248,33.8492243],[-84.5340671,33.8492538],[-84.5340999,33.84927],[-84.5341395,33.8493034],[-84.5341697,33.8493207],[-84.5342112,33.8493491],[-84.534232,33.8493725],[-84.5342454,33.849407],[-84.534281,33.8494844],[-84.5343058,33.8495379],[-84.5343333,33.8495802],[-84.5343427,33.8496047],[-84.5343816,33.8496392],[-84.5344184,33.8496654],[-84.5344473,33.8497049],[-84.5344634,33.8497322],[-84.5344841,33.8497745],[-84.5345069,33.8498152],[-84.5345311,33.849862],[-84.5345606,33.8498932],[-84.5345854,33.8499227],[-84.5346035,33.84996],[-84.5346082,33.8499889],[-84.5346404,33.8500218],[-84.5346682,33.8500427],[-84.5346863,33.8500613],[-84.5346991,33.8500725],[-84.5347024,33.8500883],[-84.5347058,33.8501037],[-84.5347084,33.8501165],[-84.5347225,33.850129],[-84.5347427,33.8501352],[-84.5347597,33.8501404],[-84.5347819,33.8501502],[-84.5348117,33.8501574],[-84.5348298,33.8501624],[-84.534853,33.8501677],[-84.5348714,33.8501897],[-84.5348815,33.850205],[-84.5348888,33.850222],[-84.5349049,33.850234],[-84.5349264,33.8502498],[-84.5349525,33.8502624],[-84.5349747,33.8502721],[-84.5349867,33.8502721],[-84.5350082,33.8502674],[-84.5350249,33.8502638],[-84.5350447,33.8502663],[-84.5350776,33.8502721],[-84.535096,33.8502774],[-84.5351101,33.8502833],[-84.5351255,33.8502872],[-84.535142,33.8502802],[-84.5351557,33.8502805],[-84.5351664,33.8502838],[-84.5351711,33.8502919],[-84.5351715,33.8503005],[-84.5351725,33.8503147],[-84.5351715,33.8503292]]},"properties":{"bicycle":"designated","foot":"yes","highway":"path","mtb:scale":"2","surface":"dirt","osm_id":734229300,"osm_type":"way"}},{"type":"Feature","geometry":{"type":"LineString","coordinates":[[-84.5340009,33.8492189],[-84.5340116,33.8492188]]},"properties":{"bicycle":"designated","bridge":"boardwalk","foot":"yes","highway":"path","layer":"1","mtb:scale":"2","surface":"wood","osm_id":734229301,"osm_type":"way"}},{"type":"Feature","geometry":{"type":"LineString","coordinates":[[-84.5325573,33.8504977],[-84.5325754,33.8504874],[-84.5325878,33.8504773],[-84.5326093,33.8504662],[-84.5326271,33.8504626],[-84.5326495,33.8504559],[-84.5326646,33.8504513],[-84.532676,33.8504441],[-84.5326877,33.8504331],[-84.5326985,33.8504251],[-84.5327117,33.8504133],[-84.5327199,33.8504034],[-84.532726,33.8503939],[-84.5327313,33.8503861],[-84.532735,33.8503743],[-84.5327486,33.8503623],[-84.5327561,33.8503531],[-84.5327649,33.8503406],[-84.5327752,33.8503331],[-84.5327833,33.8503239],[-84.5327912,33.8503151],[-84.5328069,33.8502979],[-84.5328183,33.8502862],[-84.5328301,33.8502784],[-84.5328431,33.8502684],[-84.5328564,33.8502597],[-84.5328683,33.8502511],[-84.5328783,33.8502425],[-84.5328886,33.8502356],[-84.5328985,33.8502285],[-84.5329055,33.8502205],[-84.5329078,33.8502088],[-84.5329171,33.8502017],[-84.5329236,33.8501951],[-84.53293,33.8501862],[-84.5329347,33.8501793],[-84.5329429,33.8501762],[-84.5329518,33.8501722],[-84.5329576,33.8501708],[-84.5329679,33.8501699],[-84.5329764,33.8501624],[-84.5329861,33.8501566],[-84.5330002,33.8501497],[-84.5330125,33.8501408],[-84.5330202,33.8501316],[-84.5330264,33.850124],[-84.5330338,33.8501179]]},"properties":{"bicycle":"designated","foot":"yes","highway":"path","mtb:scale":"2","surface":"dirt","osm_id":734229302,"osm_type":"way"}},{"type":"Feature","geometry":{"type":"LineString","coordinates":[[-84.5340563,33.8503331],[-84.533998,33.8503392],[-84.5339678,33.8503487],[-84.5339363,33.850352],[-84.5339108,33.8503476],[-84.5339014,33.8503197],[-84.5338988,33.8502958],[-84.5338994,33.850283],[-84.5338934,33.8502713],[-84.533882,33.8502501],[-84.5338773,33.8502312],[-84.5338813,33.8502106],[-84.533888,33.8501928],[-84.5338857,33.8501848],[-84.5338788,33.850178],[-84.5338661,33.850174],[-84.5338305,33.8501683],[-84.5338151,33.8501683],[-84.5337988,33.8501678],[-84.5337834,33.8501713],[-84.5337576,33.8501756],[-84.5337474,33.8501766],[-84.5337343,33.8501769],[-84.5337199,33.8501741],[-84.5337035,33.8501741],[-84.5336879,33.8501741],[-84.5336577,33.8501798],[-84.5336393,33.8501812],[-84.5336248,33.8501823],[-84.5336081,33.8501868],[-84.5335915,33.850189],[-84.5335601,33.850199],[-84.5335437,33.8502058],[-84.5335011,33.850226],[-84.5334839,33.8502354],[-84.533457,33.8502525],[-84.5334438,33.8502633],[-84.5334309,33.8502749],[-84.53339,33.8503156],[-84.5333786,33.850325],[-84.5333645,33.8503289],[-84.5333469,33.8503452],[-84.5333345,33.8503566],[-84.533315,33.8503873],[-84.5333015,33.8504013],[-84.5332773,33.8504161],[-84.5332642,33.8504214],[-84.5332535,33.8504296],[-84.5332361,33.8504473],[-84.5332197,33.850468],[-84.5332143,33.8504798],[-84.5332059,33.8504886],[-84.533194,33.8504968],[-84.53317,33.850508],[-84.533156,33.8505151],[-84.5331301,33.850533],[-84.5331099,33.8505493],[-84.5331035,33.8505609],[-84.5331011,33.8505734],[-84.5330969,33.8505826],[-84.5330884,33.8505926],[-84.533082,33.8506035],[-84.5330735,33.8506147],[-84.5330629,33.8506257],[-84.5330565,33.8506355],[-84.5330485,33.8506476],[-84.5330158,33.8506754],[-84.5330111,33.8506902],[-84.5330044,33.8507033],[-84.5329781,33.8507183],[-84.5329618,33.8507288],[-84.5329508,33.8507342],[-84.5329303,33.8507513],[-84.5329224,33.8507593],[-84.5329107,33.8507686],[-84.5329001,33.8507755],[-84.5328866,33.8507806],[-84.5328738,33.8507875],[-84.5328641,33.8507934],[-84.5328581,33.8508007],[-84.5328594,33.8508131],[-84.5328549,33.8508197],[-84.5328415,33.8508262],[-84.5328264,33.850833],[-84.5328141,33.8508371],[-84.5328056,33.8508425],[-84.5327917,33.8508486],[-84.532784,33.8508534],[-84.5327732,33.8508564],[-84.5327638,33.8508626],[-84.5327511,33.8508667],[-84.5327369,33.8508741],[-84.5327253,33.8508784],[-84.532701,33.8508876],[-84.5326856,33.8508981],[-84.5326701,33.850915],[-84.5326582,33.8509292],[-84.5326527,33.8509336],[-84.5326435,33.8509471],[-84.5326353,33.8509561],[-84.5326297,33.8509692],[-84.5326279,33.8509769],[-84.5326239,33.8509858],[-84.5326217,33.8509959],[-84.532617,33.8510029],[-84.5326113,33.8510144],[-84.5326083,33.851021],[-84.5326032,33.8510291],[-84.5326004,33.8510424],[-84.5326026,33.8510526],[-84.5326083,33.8510623],[-84.5326203,33.8510792],[-84.5326244,33.8510831],[-84.5326309,33.8510924],[-84.5326339,33.8511166],[-84.53264,33.8511388],[-84.5326492,33.8511604],[-84.5326542,33.8511677],[-84.5326597,33.8511796],[-84.5326664,33.85119],[-84.532675,33.8511984],[-84.5326849,33.8512082],[-84.5326953,33.8512114],[-84.5327053,33.8512183],[-84.5327117,33.8512311],[-84.5327177,33.8512417],[-84.5327216,33.8512536],[-84.5327263,33.851266],[-84.5327298,33.8512794],[-84.5327372,33.8513026],[-84.5327417,33.8513146],[-84.5327511,33.8513259],[-84.5327581,33.8513305],[-84.5327704,33.8513412],[-84.5327781,33.8513505],[-84.5327887,33.8513569],[-84.5327982,33.851364],[-84.5328089,33.8513713],[-84.5328172,33.8513802],[-84.532827,33.8513898],[-84.5328403,33.8513986],[-84.5328514,33.8514076],[-84.5328669,33.8514151],[-84.5328824,33.8514197],[-84.5328985,33.8514236],[-84.5329137,33.8514245],[-84.5329286,33.8514277],[-84.5329449,33.851432],[-84.5329576,33.8514375],[-84.5329705,33.851442],[-84.5329851,33.851443],[-84.5330034,33.8514453],[-84.5330502,33.8514451],[-84.5330681,33.851446],[-84.5330814,33.8514478],[-84.5330958,33.8514483],[-84.5331109,33.8514498],[-84.5331216,33.8514538],[-84.5331298,33.8514595],[-84.533142,33.8514615],[-84.5331601,33.8514671],[-84.5331722,33.8514701],[-84.5331834,33.8514755],[-84.5331876,33.8514838],[-84.5331865,33.8514943],[-84.5331709,33.8515017],[-84.5331561,33.851504],[-84.5331387,33.851503],[-84.5331241,33.8515033],[-84.5331083,33.8515023],[-84.5330998,33.8515045],[-84.5330902,33.8515097],[-84.5330852,33.8515198],[-84.5330892,33.8515321],[-84.5331021,33.8515395],[-84.5331164,33.8515435],[-84.5331283,33.851544],[-84.5331377,33.8515496],[-84.5331497,33.8515564],[-84.5331725,33.851566],[-84.5331863,33.8515713],[-84.5332136,33.8515793],[-84.5332284,33.8515819],[-84.5332468,33.851586],[-84.5332589,33.8515935],[-84.5332678,33.8516079],[-84.5332691,33.8516192],[-84.5332694,33.8516288],[-84.5332627,33.8516366],[-84.5332507,33.8516363],[-84.5332393,33.851637],[-84.5332233,33.8516354],[-84.5332133,33.8516331],[-84.5331989,33.851632],[-84.533187,33.8516322],[-84.5331742,33.8516322],[-84.5331653,33.8516323],[-84.5331529,33.8516302],[-84.5331343,33.851628],[-84.5331186,33.851627],[-84.5331072,33.8516259],[-84.5330958,33.8516244],[-84.5330802,33.8516233],[-84.5330674,33.8516209],[-84.5330579,33.8516206],[-84.5330341,33.8516224],[-84.5330069,33.8516245],[-84.532966,33.851632],[-84.5329422,33.8516295],[-84.532905,33.8516226],[-84.5328695,33.8516142],[-84.532844,33.8516073],[-84.5328272,33.8515992],[-84.5328138,33.8515944],[-84.5327907,33.8515917],[-84.5327739,33.8515847],[-84.5327488,33.8515839],[-84.5327239,33.8515827],[-84.5327035,33.8515825],[-84.5326827,33.8515789],[-84.5326619,33.8515697],[-84.5326465,33.8515619],[-84.5326006,33.8515443],[-84.5325754,33.8515332],[-84.532561,33.8515204],[-84.5325436,33.8515134],[-84.5325258,33.8515031],[-84.5325047,33.851485],[-84.5324929,33.8514783],[-84.5324832,33.8514607],[-84.5324812,33.8514544],[-84.532483,33.8514459],[-84.532477,33.8514339],[-84.5324706,33.8514156],[-84.5324619,33.8514058],[-84.5324534,33.8513842],[-84.5324497,33.8513611],[-84.5324467,33.8513413],[-84.5324514,33.8513202],[-84.5324598,33.8512976],[-84.5324705,33.8512798],[-84.5324655,33.8512687],[-84.532444,33.8512414],[-84.5324272,33.8512238],[-84.5324108,33.8512124],[-84.5323917,33.8511938],[-84.5323706,33.8511662],[-84.5323568,33.8511467],[-84.5323515,33.8511297],[-84.5323364,33.8511111],[-84.5323323,33.8510983],[-84.532323,33.8510754],[-84.5323196,33.8510562],[-84.5323193,33.8510451],[-84.5323256,33.8510295],[-84.5323377,33.8510117],[-84.5323508,33.8510002],[-84.5323608,33.8509869],[-84.5323665,33.8509727],[-84.5323736,33.8509613],[-84.532383,33.850949],[-84.5323954,33.8509337],[-84.5324068,33.8509201],[-84.5324313,33.8509042],[-84.5324504,33.8508956],[-84.5324668,33.8508869],[-84.5324882,33.8508772],[-84.5325064,33.8508733],[-84.5325409,33.8508566],[-84.5325546,33.8508438],[-84.5325845,33.8508226],[-84.5326113,33.8507998],[-84.5326509,33.8507781],[-84.5326824,33.8507691],[-84.5327146,33.8507524],[-84.5327407,33.8507391],[-84.5327722,33.8507263],[-84.5328111,33.850704],[-84.5328351,33.8506821],[-84.5328455,33.8506715],[-84.5328503,33.8506632],[-84.5328679,33.8506469],[-84.532884,33.8506362],[-84.5328956,33.8506277],[-84.5329141,33.8506228],[-84.5329363,33.8506142],[-84.5329466,33.8506096],[-84.5329566,33.8506054],[-84.5329679,33.8505972],[-84.5329757,33.8505877],[-84.532984,33.850578],[-84.5329945,33.850568],[-84.5330022,33.8505586],[-84.5330094,33.8505468],[-84.5330171,33.8505316],[-84.5330212,33.8505202],[-84.5330262,33.8505107],[-84.533029,33.850499],[-84.5330358,33.8504885],[-84.533043,33.8504783],[-84.5330477,33.8504695],[-84.5330507,33.8504569],[-84.5330557,33.850447],[-84.5330651,33.850439],[-84.5330723,33.8504317],[-84.5330914,33.8504166],[-84.5331033,33.8504109],[-84.533115,33.850406],[-84.5331256,33.8503974],[-84.5331368,33.8503882],[-84.5331477,33.8503782],[-84.5331573,33.8503704],[-84.5331699,33.8503594],[-84.5331809,33.8503506],[-84.5331945,33.8503423],[-84.5332044,33.8503349],[-84.533229,33.8503227],[-84.5332425,33.8503182],[-84.5332547,33.8503133],[-84.5332651,33.8503036],[-84.5332699,33.8502926],[-84.5332802,33.8502789],[-84.5332891,33.8502686],[-84.5333003,33.8502579],[-84.5333098,33.85025],[-84.5333239,33.850242],[-84.5333373,33.850233],[-84.5333501,33.8502263],[-84.5333616,33.8502155],[-84.5333729,33.8502057],[-84.533388,33.8501976],[-84.533396,33.85019],[-84.5334044,33.85018],[-84.5334161,33.8501687],[-84.5334228,33.8501581],[-84.5334428,33.8501373],[-84.5334483,33.8501251],[-84.5334587,33.8501155],[-84.5334674,33.8501073],[-84.53348,33.8500982],[-84.5334931,33.8500941],[-84.5335056,33.850086],[-84.5335175,33.8500747],[-84.5335259,33.8500633],[-84.5335315,33.850054],[-84.5335447,33.8500439],[-84.5335524,33.8500378],[-84.5335642,33.8500304],[-84.5335791,33.8500221],[-84.5335875,33.8500137],[-84.5335958,33.8500044],[-84.5336056,33.8499941],[-84.5336193,33.8499843],[-84.5336275,33.8499763],[-84.5336381,33.8499649],[-84.5336518,33.8499548],[-84.5336671,33.8499469],[-84.5336822,33.8499377],[-84.5336936,33.8499312],[-84.5337051,33.8499245],[-84.5337201,33.849915],[-84.5337311,33.849909],[-84.533742,33.8499014],[-84.5337539,33.8498975],[-84.5337673,33.8498911],[-84.5337794,33.8498881],[-84.5337965,33.8498849],[-84.5338116,33.8498841],[-84.5338245,33.8498844],[-84.5338394,33.8498855],[-84.5338533,33.8498863],[-84.5338592,33.8498861],[-84.5338659,33.8498827],[-84.5338718,33.8498766],[-84.5338773,33.8498703],[-84.5338822,33.8498661],[-84.5338976,33.8498567],[-84.5339093,33.8498504],[-84.5339232,33.8498469],[-84.5339383,33.8498426],[-84.5339544,33.8498383],[-84.533971,33.8498326],[-84.5339864,33.8498286],[-84.5340014,33.8498292],[-84.5340163,33.8498313],[-84.5340309,33.8498323],[-84.5340476,33.8498351],[-84.534059,33.8498358],[-84.5340726,33.8498361],[-84.5340853,33.8498333],[-84.5340982,33.8498324],[-84.5341169,33.8498319],[-84.5341346,33.849835],[-84.5341504,33.8498404],[-84.5341636,33.8498471],[-84.5341784,33.8498526],[-84.5341928,33.849862],[-84.5342067,33.8498684],[-84.5342374,33.8498826],[-84.5342662,33.8498954],[-84.534282,33.8499051],[-84.5342977,33.8499146],[-84.5343247,33.8499341],[-84.5343368,33.8499427],[-84.5343474,33.8499525],[-84.5343591,33.8499646],[-84.5343688,33.849976],[-84.534377,33.8499856],[-84.5343889,33.8499976],[-84.5343963,33.8500051],[-84.5344038,33.8500137],[-84.534424,33.8500328],[-84.5344329,33.8500448],[-84.5344446,33.8500547],[-84.5344679,33.8500715],[-84.5344788,33.85008],[-84.5345081,33.8501041],[-84.5345302,33.8501231],[-84.5345495,33.8501412],[-84.5345616,33.8501496],[-84.5345753,33.850156],[-84.5345869,33.850163],[-84.5345998,33.8501703],[-84.5346124,33.8501767],[-84.5346216,33.8501816],[-84.5346323,33.8501918],[-84.5346389,33.8502007],[-84.5346471,33.850207],[-84.5346582,33.8502138],[-84.5346746,33.8502209],[-84.5346858,33.8502263],[-84.5346935,33.8502297],[-84.5347054,33.8502354],[-84.5347192,33.8502443],[-84.5347279,33.8502505],[-84.53474,33.8502576],[-84.5347529,33.8502631],[-84.5347644,33.8502638],[-84.5347785,33.8502685],[-84.5347904,33.850277],[-84.5347998,33.8502814],[-84.5348069,33.8502892],[-84.5348107,33.8502975],[-84.5348152,33.8503037],[-84.5348255,33.8503153],[-84.5348347,33.8503227],[-84.5348434,33.8503298],[-84.5348474,33.8503342],[-84.5348707,33.8503483],[-84.5348838,33.8503563],[-84.534895,33.8503648],[-84.5349054,33.8503673],[-84.5349222,33.8503767],[-84.5349354,33.8503821],[-84.5349505,33.8503928],[-84.5349656,33.8504098],[-84.5349733,33.8504202],[-84.5349797,33.8504297],[-84.534983,33.8504431],[-84.5349866,33.8504591],[-84.5349884,33.8504677],[-84.5349892,33.8504822],[-84.5349884,33.8504922],[-84.5349914,33.8505035],[-84.5349956,33.850512],[-84.5350042,33.8505312],[-84.535007,33.8505414],[-84.5350109,33.8505501],[-84.5350107,33.8505603],[-84.5350161,33.8505678],[-84.5350249,33.8505707],[-84.5350372,33.8505741],[-84.5350494,33.8505791],[-84.5350603,33.8505791],[-84.5350757,33.8505756],[-84.5350897,33.8505721],[-84.5351012,33.8505692],[-84.5351148,33.8505698],[-84.5351244,33.8505741],[-84.5351346,33.8505762],[-84.5351495,33.850579],[-84.5351679,33.8505812],[-84.5351832,33.8505824],[-84.5351936,33.8505805],[-84.53521,33.850579],[-84.5352194,33.8505788],[-84.5352332,33.8505794],[-84.5352444,33.850582],[-84.5352531,33.8505847],[-84.535262,33.8505888],[-84.5352722,33.850594],[-84.5352804,33.8506028],[-84.5352902,33.8506128],[-84.5353019,33.8506225],[-84.5353042,33.8506266]]},"properties":{"bicycle":"designated","foot":"yes","highway":"path","mtb:scale":"1","surface":"dirt","osm_id":734229303,"osm_type":"way"}},{"type":"Feature","geometry":{"type":"LineString","coordinates":[[-84.5350387,33.8503381],[-84.5350481,33.8503423],[-84.5350625,33.8503437],[-84.5350779,33.8503453],[-84.5350964,33.8503448],[-84.5351212,33.8503426],[-84.5351339,33.8503423],[-84.535151,33.8503392],[-84.5351648,33.8503367],[-84.5351715,33.8503292]]},"properties":{"bicycle":"designated","foot":"yes","highway":"path","surface":"dirt","osm_id":734229304,"osm_type":"way"}},{"type":"Feature","geometry":{"type":"LineString","coordinates":[[-84.5349354,33.8503821],[-84.5349703,33.8503531],[-84.5350387,33.8503381],[-84.5350578,33.8503274],[-84.5350851,33.8503228],[-84.5351163,33.8503181],[-84.5351366,33.8503197],[-84.5351517,33.8503259],[-84.5351715,33.8503292],[-84.5352251,33.8503403],[-84.535256,33.8503531],[-84.5352741,33.8503676],[-84.5352855,33.8503882],[-84.5352995,33.8504144],[-84.5352969,33.8504294],[-84.5352982,33.8504545],[-84.5353049,33.8504706],[-84.5353203,33.8504885],[-84.5353606,33.8505107],[-84.5354169,33.8505347],[-84.5354444,33.8505447],[-84.5354632,33.8505586],[-84.5354819,33.8505798],[-84.5355041,33.8506021],[-84.5355175,33.8506166],[-84.5355336,33.8506321],[-84.535549,33.8506472],[-84.5355639,33.8506529],[-84.5355782,33.8506573],[-84.5355948,33.8506587],[-84.5356063,33.8506617],[-84.5356152,33.8506681],[-84.5356367,33.8506753],[-84.5356519,33.8506832],[-84.5356618,33.8506913],[-84.535672,33.8506988],[-84.5356864,33.8507075],[-84.5357035,33.8507168],[-84.5357138,33.8507229],[-84.5357267,33.8507268],[-84.5357381,33.8507281],[-84.5357543,33.8507356],[-84.5357703,33.8507458],[-84.535785,33.8507569],[-84.5357951,33.8507626],[-84.5358014,33.8507643],[-84.5358165,33.8507737],[-84.5358273,33.8507796],[-84.5358365,33.8507832],[-84.5358437,33.8507843],[-84.5358538,33.8507911],[-84.5358683,33.8508037],[-84.5358702,33.8508112],[-84.5358714,33.8508197],[-84.5358796,33.8508333],[-84.5358843,33.8508396],[-84.5358936,33.8508486],[-84.5359,33.8508545],[-84.5359034,33.8508596],[-84.5359052,33.8508673],[-84.5359092,33.850874],[-84.5359134,33.8508818],[-84.535918,33.8508879],[-84.5359218,33.8508974],[-84.5359245,33.8509017],[-84.5359228,33.8509066],[-84.535921,33.8509128],[-84.5359203,33.8509191],[-84.535923,33.8509281],[-84.53593,33.8509365],[-84.5359403,33.8509468],[-84.5359493,33.8509514],[-84.535957,33.8509553],[-84.5359659,33.8509592],[-84.5359736,33.8509646],[-84.5360093,33.8509948],[-84.5360219,33.8510071],[-84.5360254,33.8510188],[-84.5360237,33.8510309],[-84.5360184,33.8510442],[-84.536015,33.8510612],[-84.5360132,33.8510711],[-84.5360092,33.8510789],[-84.5360065,33.8510877],[-84.5360085,33.851098],[-84.5360137,33.8511093],[-84.5360231,33.8511205],[-84.5360314,33.8511287],[-84.5360408,33.851134],[-84.5360474,33.8511388],[-84.5360561,33.8511424],[-84.5360631,33.8511481],[-84.53607,33.8511509],[-84.5360816,33.8511539],[-84.5360931,33.8511584],[-84.5361055,33.8511609],[-84.5361203,33.8511615],[-84.5361359,33.8511619],[-84.5361481,33.8511626],[-84.5361669,33.8511583],[-84.5361796,33.8511577],[-84.5362056,33.8511503],[-84.5362205,33.8511499],[-84.5362375,33.8511481],[-84.5362542,33.8511528],[-84.5362676,33.8511542],[-84.5362792,33.851153],[-84.5362978,33.851156],[-84.5363453,33.8511562],[-84.5363572,33.8511583],[-84.5363642,33.8511601],[-84.536379,33.8511578],[-84.5363949,33.8511587],[-84.536417,33.8511668],[-84.5364257,33.8511695],[-84.5364338,33.8511679],[-84.5364423,33.8511665],[-84.5364484,33.8511641],[-84.5364542,33.8511604],[-84.5364589,33.8511565],[-84.5364683,33.8511551],[-84.5364767,33.8511557],[-84.5364816,33.8511588],[-84.5364935,33.8511727],[-84.5364997,33.8511798],[-84.5365065,33.8511879],[-84.5365117,33.8511964],[-84.5365231,33.8512018],[-84.5365335,33.851206],[-84.5365427,33.8512153],[-84.5365458,33.8512248],[-84.5365478,33.8512343],[-84.5365471,33.8512437],[-84.5365443,33.8512596],[-84.5365419,33.8512652],[-84.5365399,33.8512738],[-84.5365372,33.8512845],[-84.5365349,33.8512947],[-84.5365367,33.8513015]]},"properties":{"bicycle":"designated","foot":"yes","highway":"path","mtb:scale":"1","surface":"dirt","osm_id":734229305,"osm_type":"way"}},{"type":"Feature","geometry":{"type":"LineString","coordinates":[[-84.5354779,33.8513667],[-84.5354377,33.8513756]]},"properties":{"bicycle":"designated","foot":"yes","highway":"path","surface":"dirt","osm_id":734229306,"osm_type":"way"}},{"type":"Feature","geometry":{"type":"LineString","coordinates":[[-84.5350193,33.8506747],[-84.5350229,33.8506605],[-84.5350296,33.8506408],[-84.5350357,33.8506257],[-84.5350427,33.8506124],[-84.5350568,33.850604],[-84.5350739,33.8505982],[-84.535093,33.8506007],[-84.5351208,33.8506035],[-84.5351477,33.8506096],[-84.5351681,33.8506135],[-84.5351855,33.8506191],[-84.5352254,33.8506243],[-84.5352801,33.8506216],[-84.5353042,33.8506266],[-84.535315,33.8506494],[-84.5353311,33.8506717],[-84.5353471,33.8506867],[-84.5353659,33.8506995],[-84.5353894,33.8507146],[-84.5354122,33.8507251],[-84.5354363,33.8507391],[-84.5354752,33.8507558],[-84.5354987,33.8507703],[-84.5355195,33.8507842],[-84.5355322,33.8507987],[-84.5355403,33.8508176],[-84.5355523,33.8508404],[-84.535555,33.8508616],[-84.5355483,33.8508872],[-84.5355376,33.8509228],[-84.5355295,33.8509485],[-84.5355195,33.8509785],[-84.5355088,33.8510164],[-84.5355047,33.8510493],[-84.5355108,33.851076],[-84.5355195,33.8510999],[-84.535557,33.8511278],[-84.5356046,33.8511495],[-84.5356704,33.851164],[-84.5357206,33.8511773],[-84.535779,33.8511935],[-84.5358132,33.851208],[-84.5358595,33.8512291],[-84.5358997,33.8512447],[-84.5359567,33.8512508],[-84.5359996,33.8512492],[-84.5360512,33.8512347],[-84.5361009,33.851228],[-84.5361451,33.8512275],[-84.5362028,33.851252],[-84.5362329,33.8512625],[-84.5362739,33.8512653],[-84.5363141,33.8512492],[-84.5363389,33.8512347],[-84.5363778,33.851223],[-84.5364013,33.8512185],[-84.5364241,33.8512208],[-84.5364328,33.8512275],[-84.5364348,33.8512419],[-84.5364334,33.8512575],[-84.53642,33.8512731],[-84.5364133,33.8512854],[-84.5364174,33.8512999],[-84.5364334,33.8513076],[-84.5364636,33.8513004],[-84.5365072,33.8513015],[-84.5365367,33.8513015],[-84.5365494,33.8513104],[-84.5365508,33.8513266],[-84.5365461,33.8513411],[-84.5365367,33.8513533],[-84.536522,33.85136],[-84.5364978,33.8513672],[-84.5364623,33.8513711],[-84.5364241,33.8513789],[-84.5363966,33.8513789],[-84.536363,33.8513734],[-84.5363188,33.8513706],[-84.5362839,33.8513683],[-84.5362524,33.8513722],[-84.5362148,33.851375],[-84.5361813,33.8513823],[-84.5361538,33.8513951],[-84.5361163,33.8514073],[-84.536074,33.8514168],[-84.5360311,33.8514313],[-84.5359922,33.8514346],[-84.5359641,33.8514368],[-84.5359272,33.8514324],[-84.5358829,33.8514218],[-84.535834,33.8514107],[-84.5357911,33.8514029],[-84.5357515,33.8513834],[-84.5357206,33.8513672],[-84.535669,33.8513489],[-84.5356181,33.8513438],[-84.5355859,33.8513461],[-84.5355443,33.8513472],[-84.5355088,33.8513539],[-84.5354779,33.8513667]]},"properties":{"bicycle":"designated","foot":"yes","highway":"path","mtb:scale":"1","surface":"dirt","osm_id":734229307,"osm_type":"way"}},{"type":"Feature","geometry":{"type":"LineString","coordinates":[[-84.535026,33.8507853],[-84.535026,33.8507229],[-84.5350193,33.8506747],[-84.5349924,33.8506452],[-84.5349572,33.8506301],[-84.5349324,33.8506132],[-84.5349133,33.8505959]]},"properties":{"bicycle":"designated","foot":"yes","highway":"path","surface":"dirt","osm_id":734229308,"osm_type":"way"}},{"type":"Feature","geometry":{"type":"Polygon","coordinates":[[[-84.5349133,33.8505959],[-84.5348967,33.8505843],[-84.5348612,33.850572],[-84.5348397,33.8505638],[-84.5348082,33.8505361],[-84.5347854,33.8505038],[-84.5347577,33.8504835],[-84.5347214,33.8504641],[-84.534682,33.8504449],[-84.5346416,33.85043],[-84.5346007,33.8504265],[-84.5345603,33.8504154],[-84.5345296,33.8504059],[-84.5344991,33.8503829],[-84.5344642,33.8503655],[-84.5344327,33.850353],[-84.5343968,33.8503495],[-84.5343713,33.8503442],[-84.5343467,33.8503345],[-84.5343135,33.8503339],[-84.5342598,33.8503447],[-84.5342458,33.8503506],[-84.5342233,33.8503531],[-84.534196,33.8503442],[-84.5341619,33.8503306],[-84.5341361,33.8503314],[-84.5341076,33.8503335],[-84.5340904,33.850336],[-84.5340711,33.8503314],[-84.5340563,33.8503331],[-84.5340469,33.8503498],[-84.5340396,33.8503609],[-84.5340322,33.8503732],[-84.5340248,33.8503888],[-84.5340255,33.8504027],[-84.5340161,33.8504189],[-84.5339967,33.8504333],[-84.5339705,33.8504523],[-84.5339524,33.8504734],[-84.5339383,33.8505197],[-84.5339236,33.8505592],[-84.5339088,33.8505965],[-84.5338954,33.8506166],[-84.533886,33.8506349],[-84.5338894,33.8506594],[-84.5338572,33.8506895],[-84.5338123,33.8507263],[-84.5338049,33.850748],[-84.5338009,33.8507675],[-84.5337794,33.8507836],[-84.5337526,33.8507909],[-84.5337298,33.8507953],[-84.5337009,33.8507975],[-84.5336714,33.850807],[-84.5336493,33.8508187],[-84.5336453,33.8508337],[-84.5336419,33.8508538],[-84.5336486,33.8508727],[-84.533654,33.8509078],[-84.5336607,33.8509195],[-84.5336815,33.8509379],[-84.5337083,33.8509524],[-84.5337325,33.850959],[-84.5337519,33.8509635],[-84.5337807,33.8509746],[-84.5338035,33.8509785],[-84.5338277,33.8509763],[-84.5338465,33.8509679],[-84.5338572,33.8509557],[-84.5338713,33.850944],[-84.5338894,33.850939],[-84.5339209,33.8509273],[-84.5339444,33.8509234],[-84.5339631,33.8509212],[-84.5339826,33.850915],[-84.5339953,33.8509045],[-84.5340208,33.8508827],[-84.5340423,33.8508716],[-84.534061,33.8508566],[-84.5340724,33.850841],[-84.5340872,33.8508198],[-84.5340972,33.850802],[-84.534116,33.8507925],[-84.5341368,33.8507714],[-84.534165,33.8507591],[-84.534173,33.8507441],[-84.5341737,33.8507246],[-84.5341663,33.850714],[-84.5341516,33.8507051],[-84.5341341,33.850694],[-84.5341167,33.8506839],[-84.5341006,33.850675],[-84.5340858,33.8506622],[-84.5340818,33.8506489],[-84.5340825,33.8506333],[-84.5340872,33.8506205],[-84.5340966,33.850611],[-84.534116,33.8505993],[-84.5341355,33.8505937],[-84.5341562,33.8505898],[-84.534167,33.8505815],[-84.5341764,33.850572],[-84.5341898,33.8505653],[-84.5342052,33.8505636],[-84.5342173,33.8505675],[-84.5342314,33.8505898],[-84.5342461,33.8506026],[-84.5342682,33.8506171],[-84.5342883,33.8506288],[-84.5343038,33.8506294],[-84.5343319,33.8506202],[-84.5343504,33.8506149],[-84.5343584,33.8506152],[-84.5343822,33.8506182],[-84.5344013,33.8506185],[-84.5344147,33.8506179],[-84.5344335,33.8506124],[-84.5344479,33.8506135],[-84.534464,33.8506191],[-84.5344773,33.8506241],[-84.5344872,33.8506257],[-84.5344959,33.8506309],[-84.5345073,33.850633],[-84.5345245,33.8506323],[-84.5345416,33.8506291],[-84.5345567,33.8506235],[-84.534574,33.850615],[-84.5345874,33.8506095],[-84.5346002,33.8506043],[-84.5346161,33.8505972],[-84.5346409,33.8505856],[-84.5346602,33.8505787],[-84.5346913,33.8505737],[-84.5347009,33.8505677],[-84.5347084,33.8505625],[-84.5347224,33.8505581],[-84.5347364,33.8505591],[-84.5347586,33.8505652],[-84.5347738,33.850568],[-84.5347886,33.8505748],[-84.5347995,33.8505797],[-84.5348134,33.8505841],[-84.5348265,33.8505915],[-84.5348392,33.850598],[-84.5348516,33.8506025],[-84.534864,33.8506005],[-84.5348756,33.8505994],[-84.5348831,33.8505978],[-84.5348895,33.850601],[-84.5348999,33.8506019],[-84.5349133,33.8505959]]]},"properties":{"bicycle":"designated","colour":"blue","foot":"yes","highway":"path","mtb:scale":"1","surface":"dirt","osm_id":734229309,"osm_type":"way"}},{"type":"Feature","geometry":{"type":"LineString","coordinates":[[-84.5354377,33.8513756],[-84.5354055,33.8513867],[-84.535372,33.8513856],[-84.5353398,33.85138],[-84.5353143,33.8513812],[-84.5352741,33.8513834],[-84.5352352,33.851389],[-84.5351949,33.8513979],[-84.5351574,33.8514068],[-84.5351158,33.8514068],[-84.5350756,33.8514034],[-84.5350434,33.8513934],[-84.5350286,33.8513667],[-84.535034,33.8513355],[-84.5350568,33.8513054],[-84.5350823,33.8512776],[-84.5351037,33.8512486],[-84.5351332,33.8512185],[-84.5351386,33.8511896],[-84.5351265,33.8511684],[-84.5351118,33.8511484],[-84.5350769,33.8511517],[-84.53503,33.8511428],[-84.5349991,33.8511339],[-84.5349696,33.8511228],[-84.5349415,33.8511261],[-84.534912,33.8511217],[-84.5348811,33.8511049],[-84.5348664,33.8510838],[-84.5348677,33.8510548],[-84.5348731,33.8510181],[-84.5348677,33.8509791],[-84.5348597,33.8509479],[-84.5348369,33.8509357],[-84.534806,33.8509357],[-84.5347752,33.8509412],[-84.534739,33.8509546],[-84.5347148,33.8509746],[-84.5346934,33.8509869],[-84.5346679,33.8510036],[-84.5346384,33.8510236],[-84.5345955,33.8510415],[-84.534578,33.8510559]]},"properties":{"bicycle":"designated","foot":"no","highway":"path","horse":"no","mtb:scale:imba":"1","surface":"dirt","osm_id":734229310,"osm_type":"way"}},{"type":"Feature","geometry":{"type":"LineString","coordinates":[[-84.5350635,33.8514859],[-84.5349924,33.8514547],[-84.5349462,33.851443],[-84.5348965,33.8514207],[-84.534867,33.8514029],[-84.5348241,33.8513878],[-84.5347953,33.8513767],[-84.5347779,33.8513528],[-84.5347718,33.8513244],[-84.5347792,33.8512932],[-84.5347772,33.8512676],[-84.5347732,33.8512403],[-84.5347725,33.8512169],[-84.5347772,33.8511979],[-84.5347792,33.8511718],[-84.5347799,33.8511389],[-84.5347705,33.8511155],[-84.5347551,33.8511072],[-84.5347329,33.8511016],[-84.5347121,33.8511049],[-84.5346846,33.8511094],[-84.5346699,33.851115],[-84.5346397,33.8511255],[-84.5346183,33.8511317],[-84.5345981,33.8511389],[-84.5345867,33.8511495],[-84.5345794,33.8511629]]},"properties":{"bicycle":"designated","foot":"no","highway":"path","horse":"no","mtb:scale:imba":"2","surface":"dirt","osm_id":734229311,"osm_type":"way"}},{"type":"Feature","geometry":{"type":"Polygon","coordinates":[[[-84.5353639,33.8517632],[-84.5353827,33.8517337],[-84.5353854,33.8517231],[-84.535378,33.851708],[-84.5353646,33.8517008],[-84.5353364,33.8516958],[-84.5352868,33.8516852],[-84.5352338,33.8516757],[-84.535199,33.8516757],[-84.5351728,33.8516808],[-84.5351218,33.8516824],[-84.535087,33.8516802],[-84.5350494,33.8516819],[-84.5350085,33.8516852],[-84.5349824,33.8516897],[-84.5349737,33.8516991],[-84.5349683,33.8517114],[-84.5349649,33.8517326],[-84.5349636,33.8517771],[-84.5349663,33.8517899],[-84.5349737,33.8518005],[-84.5349737,33.851815],[-84.5349683,33.851825],[-84.5349576,33.8518333],[-84.5349495,33.8518445],[-84.5349495,33.8518606],[-84.5349569,33.8518695],[-84.5349609,33.8518779],[-84.5349649,33.8518929],[-84.5349576,33.8519085],[-84.5349529,33.8519275],[-84.5349509,33.851952],[-84.5349576,33.8519781],[-84.5349696,33.852001],[-84.5349737,33.8520277],[-84.5349777,33.8520589],[-84.5349817,33.8520895],[-84.5349797,33.8521084],[-84.534979,33.8521246],[-84.5349864,33.8521385],[-84.5350011,33.852148],[-84.5350159,33.8521452],[-84.53503,33.8521346],[-84.535034,33.8521196],[-84.5350313,33.8521057],[-84.5350333,33.8520828],[-84.5350353,33.8520672],[-84.5350434,33.8520516],[-84.5350642,33.8520422],[-84.535089,33.8520327],[-84.5351198,33.8520154],[-84.5351497,33.8519932],[-84.5352037,33.8519514],[-84.5352358,33.8519316],[-84.535268,33.8519069],[-84.5352858,33.8518896],[-84.5353086,33.8518693],[-84.5353153,33.8518576],[-84.535325,33.8518356],[-84.5353341,33.8518136],[-84.5353435,33.851796],[-84.5353565,33.8517729],[-84.5353639,33.8517632]]]},"properties":{"bicycle":"designated","foot":"no","highway":"path","horse":"no","mtb:scale:imba":"1","surface":"dirt","osm_id":734229312,"osm_type":"way"}},{"type":"Feature","geometry":{"type":"LineString","coordinates":[[-84.5347152,33.8531963],[-84.5347155,33.853209],[-84.5347182,33.8532223],[-84.5347321,33.8532392]]},"properties":{"bicycle":"designated","foot":"yes","highway":"path","mtb:scale":"1","surface":"dirt","osm_id":734238637,"osm_type":"way"}},{"type":"Feature","geometry":{"type":"LineString","coordinates":[[-84.5346635,33.8532147],[-84.534511,33.8532314]]},"properties":{"bicycle":"designated","bridge":"yes","foot":"yes","highway":"path","mtb:scale":"1","surface":"wood","osm_id":734238638,"osm_type":"way"}},{"type":"Feature","geometry":{"type":"LineString","coordinates":[[-84.534511,33.8532314],[-84.5344855,33.8532347],[-84.5344637,33.8532403],[-84.5344412,33.8532422],[-84.5344101,33.8532322],[-84.5343889,33.8532211],[-84.5343735,33.8532105],[-84.5343289,33.8532125],[-84.5343098,33.8532091],[-84.5342796,33.8532147],[-84.5342541,33.8532216],[-84.5342236,33.8532202],[-84.5342109,33.8532228],[-84.5341817,33.8532425],[-84.5341683,33.8532556],[-84.5341552,33.853272],[-84.5341361,33.8532876],[-84.534111,33.8533035],[-84.5340875,33.8533074],[-84.5340657,33.8533107],[-84.5340443,33.8533166],[-84.5340064,33.8533294],[-84.5339846,33.8533355],[-84.5339594,33.8533436],[-84.533941,33.8533506],[-84.5339286,33.8533586],[-84.5339045,33.8533712],[-84.533878,33.8533859]]},"properties":{"bicycle":"designated","foot":"yes","highway":"path","mtb:scale":"1","surface":"dirt","osm_id":734238639,"osm_type":"way"}},{"type":"Feature","geometry":{"type":"LineString","coordinates":[[-84.5352333,33.8525647],[-84.5351654,33.8526197],[-84.5351051,33.852652],[-84.5350447,33.8526575],[-84.5350032,33.8526553],[-84.5349549,33.8526676],[-84.5349146,33.8526765],[-84.5348436,33.8526787],[-84.5347765,33.8526765],[-84.5347443,33.8526965],[-84.5346947,33.8527266],[-84.5346424,33.8527656],[-84.5346236,33.8528001],[-84.5346437,33.8528446],[-84.5346437,33.8528792],[-84.5346639,33.8529282],[-84.5346907,33.8529727],[-84.534692,33.8530173],[-84.5346967,33.853032],[-84.5346997,33.8530493],[-84.5347152,33.8530668],[-84.5347356,33.8531111],[-84.5347255,33.8531467],[-84.5347185,33.8531782],[-84.5347152,33.8531963],[-84.5347048,33.8532044],[-84.5346635,33.8532147]]},"properties":{"bicycle":"designated","foot":"yes","highway":"path","mtb:scale":"1","surface":"dirt","osm_id":734238640,"osm_type":"way"}},{"type":"Feature","geometry":{"type":"LineString","coordinates":[[-84.5349231,33.8534377],[-84.5349037,33.8534411],[-84.5348831,33.853455],[-84.5348622,33.8534649],[-84.5348436,33.8534672],[-84.5348151,33.8534742],[-84.5347805,33.8534806],[-84.5347178,33.8534909]]},"properties":{"bicycle":"designated","bridge":"yes","foot":"yes","highway":"path","mtb:scale":"1","surface":"wood","osm_id":734238641,"osm_type":"way"}},{"type":"Feature","geometry":{"type":"LineString","coordinates":[[-84.5360425,33.8525094],[-84.5360534,33.8525176],[-84.5360606,33.852525],[-84.5360648,33.852536],[-84.5360697,33.8525449],[-84.5360777,33.8525544],[-84.5360851,33.8525691],[-84.5360905,33.8525796],[-84.5360943,33.8525901],[-84.5360945,33.8525967],[-84.53609,33.8526124],[-84.5360839,33.8526248],[-84.5360775,33.8526366],[-84.5360717,33.8526469],[-84.536064,33.8526603],[-84.5360574,33.8526716],[-84.5360496,33.8526855],[-84.5360425,33.8526937],[-84.5360299,33.8527142],[-84.5360241,33.8527277],[-84.5360143,33.8527373],[-84.536006,33.8527455],[-84.5360041,33.8527561],[-84.5360006,33.8527681],[-84.5359961,33.8527791],[-84.5359936,33.8527941],[-84.5359959,33.852809],[-84.5360028,33.8528218],[-84.5360108,33.8528313],[-84.5360202,33.8528405],[-84.5360286,33.8528444],[-84.5360326,33.8528448],[-84.5360395,33.8528452],[-84.5360497,33.852848],[-84.5360564,33.8528503],[-84.5360683,33.8528572],[-84.5360786,33.852865],[-84.5361059,33.8528772],[-84.5361206,33.8528782],[-84.5361572,33.8528907],[-84.5361884,33.8529059],[-84.5362004,33.8529088],[-84.5362091,33.852912],[-84.5362217,33.8529174],[-84.536243,33.8529287],[-84.5362537,33.8529351],[-84.5362638,33.8529436],[-84.5362754,33.8529545],[-84.5362847,33.8529621],[-84.5362923,33.8529699],[-84.536299,33.8529793],[-84.5363054,33.8529912],[-84.5363134,33.8530047],[-84.5363163,33.8530188],[-84.53632,33.8530322],[-84.5363255,33.8530464],[-84.536332,33.853059],[-84.5363441,33.8530702],[-84.5363531,33.8530844],[-84.5363585,33.8530975],[-84.536359,33.8531175],[-84.5363595,33.8531364],[-84.5363583,33.8531474],[-84.5363553,33.8531575],[-84.5363518,33.8531693],[-84.5363486,33.8531763],[-84.5363493,33.8531895],[-84.5363515,33.8532006],[-84.5363454,33.8532127],[-84.5363441,33.8532234],[-84.5363449,33.853236],[-84.5363428,33.8532482],[-84.5363389,33.8532563],[-84.5363371,33.8532693],[-84.5363342,33.8532818],[-84.5363287,33.8532931],[-84.5363174,33.8533032],[-84.5363084,33.8533142],[-84.5362935,33.8533227],[-84.5362801,33.85333],[-84.5362641,33.8533332],[-84.5362485,33.8533403],[-84.536241,33.8533401],[-84.5362318,33.8533414],[-84.5362187,33.8533407],[-84.536206,33.8533376],[-84.5361964,33.8533358],[-84.5361798,33.8533259],[-84.5361701,33.8533191],[-84.5361639,33.8533089],[-84.5361602,33.8533],[-84.536159,33.8532915],[-84.5361553,33.8532816],[-84.5361558,33.8532731],[-84.5361548,33.8532626],[-84.5361552,33.8532518],[-84.5361583,33.8532441],[-84.5361563,33.8532319],[-84.5361521,33.8532168],[-84.5361469,33.8532059],[-84.536142,33.8531923],[-84.5361373,33.8531815],[-84.5361262,33.8531621],[-84.5361248,33.853152],[-84.5361186,33.8531424],[-84.5361111,33.8531309],[-84.5360924,33.8531143],[-84.5360672,33.8530991],[-84.5360542,33.8530897],[-84.5360397,33.8530818],[-84.5360287,33.8530726],[-84.5360185,33.8530666],[-84.536007,33.8530657],[-84.5359957,33.853062],[-84.5359853,33.8530579],[-84.5359741,33.8530531],[-84.5359636,33.853051],[-84.5359529,33.853052],[-84.5359134,33.8530535],[-84.5358883,33.8530532],[-84.5358648,33.8530654],[-84.5358477,33.8530796],[-84.535831,33.8530902],[-84.5358163,33.853095],[-84.5357982,33.8530937],[-84.5357808,33.8530906],[-84.5357667,33.8530871],[-84.5357497,33.8530838],[-84.5357337,33.8530785],[-84.5357222,33.853078],[-84.5357077,33.8530716],[-84.535696,33.8530688],[-84.5356849,33.8530649],[-84.5356745,33.8530578],[-84.5356655,33.8530523],[-84.5356552,33.8530473],[-84.5356481,33.8530423],[-84.535637,33.853035],[-84.5356292,33.8530299],[-84.535618,33.8530261],[-84.5356062,33.8530252],[-84.5355948,33.8530291],[-84.535582,33.8530349],[-84.5355733,33.8530428],[-84.535567,33.853054],[-84.5355644,33.853068],[-84.5355601,33.8530781],[-84.5355592,33.8530874],[-84.5355561,33.8530972],[-84.535559,33.8531198],[-84.5355559,33.8531287],[-84.535558,33.8531392],[-84.5355633,33.8531518],[-84.5355681,33.8531659],[-84.5355709,33.8531726],[-84.535578,33.8531775],[-84.5355827,33.8531858],[-84.5355931,33.8531907],[-84.5355998,33.8531989],[-84.5356076,33.8532058],[-84.5356119,33.853215],[-84.5356222,33.853222],[-84.5356349,33.8532299],[-84.5356431,33.8532399],[-84.5356508,33.8532515],[-84.5356585,33.8532613],[-84.535667,33.8532699],[-84.535671,33.8532804],[-84.535678,33.8533067],[-84.5356828,33.8533311],[-84.5356819,33.853345],[-84.5356756,33.8533534],[-84.5356627,33.8533587],[-84.5356527,33.8533599],[-84.5356357,33.8533598],[-84.5356258,33.8533549],[-84.5356165,33.8533509],[-84.5356061,33.8533448],[-84.5355911,33.8533199],[-84.5355875,33.8533108],[-84.5355827,33.8533029],[-84.5355708,33.8532917],[-84.5355606,33.8532798],[-84.5355571,33.8532692],[-84.5355538,33.8532658],[-84.5355503,33.8532583],[-84.535542,33.8532362],[-84.535528,33.8532186],[-84.5355156,33.8532076],[-84.5354901,33.85319],[-84.5354675,33.8531721],[-84.5354571,33.853161],[-84.5354435,33.8531373],[-84.5354324,33.8530947],[-84.5354205,33.8530867],[-84.5354096,33.8530774],[-84.5354031,33.8530755],[-84.5353928,33.8530709],[-84.535381,33.8530739],[-84.5353698,33.8530794],[-84.5353616,33.8530871],[-84.5353505,33.8530912],[-84.5353345,33.8531018],[-84.5353321,33.8531103],[-84.5353291,33.8531211],[-84.5353301,33.8531303],[-84.5353284,33.8531428],[-84.5353293,33.853155],[-84.5353312,33.85317],[-84.5353322,33.8531766],[-84.5353458,33.8532155],[-84.535378,33.8532456],[-84.5354088,33.8532718],[-84.5354223,33.8532946],[-84.5354337,33.8533202],[-84.5354558,33.8533442],[-84.535492,33.8533675],[-84.5354994,33.8533887],[-84.5354974,33.8534121],[-84.5354719,33.8534427],[-84.535443,33.8534505],[-84.5354028,33.8534388],[-84.535372,33.8534188],[-84.5353351,33.8533943],[-84.5353163,33.8533709],[-84.5352955,33.8533425],[-84.5352888,33.8533219],[-84.5352747,33.8532935],[-84.5352627,33.8532874],[-84.5352492,33.8532935],[-84.5352432,33.8533007],[-84.5352419,33.8533135],[-84.5352432,33.8533269],[-84.5352526,33.8533397],[-84.5352687,33.8533592],[-84.5352848,33.8533742],[-84.5353042,33.8533865],[-84.5353183,33.8533987],[-84.535327,33.8534071],[-84.5353297,33.8534199],[-84.5353277,33.8534349],[-84.535313,33.8534522],[-84.5352915,33.8534644],[-84.535272,33.8534661],[-84.5352419,33.8534589],[-84.5352224,33.8534511],[-84.5351876,33.8534427],[-84.5351534,33.8534388],[-84.5351255,33.8534335],[-84.5351064,33.8534202],[-84.535092,33.8534065],[-84.535076,33.8533945],[-84.5350721,33.8533912],[-84.5350689,33.8533845],[-84.5350621,33.8533841],[-84.5350537,33.853393],[-84.5350424,33.8533979],[-84.5350343,33.8533985],[-84.5350217,33.8534028],[-84.5349916,33.853428],[-84.5349767,33.8534332],[-84.534964,33.8534349],[-84.5349416,33.853437],[-84.5349231,33.8534377]]},"properties":{"bicycle":"designated","foot":"no","highway":"path","mtb:scale":"1","surface":"dirt","osm_id":734238642,"osm_type":"way"}},{"type":"Feature","geometry":{"type":"LineString","coordinates":[[-84.533248,33.8520232],[-84.533247,33.852014],[-84.5332461,33.8520076],[-84.5332448,33.8520033],[-84.5332399,33.8519965],[-84.533237,33.8519673],[-84.5332308,33.8519447],[-84.5332274,33.8519404],[-84.5332251,33.8519347],[-84.5332221,33.8519172],[-84.5332144,33.8518997]]},"properties":{"bicycle":"designated","bridge":"boardwalk","foot":"yes","highway":"path","mtb:scale":"1","surface":"wood","osm_id":734238643,"osm_type":"way"}},{"type":"Feature","geometry":{"type":"LineString","coordinates":[[-84.5332144,33.8518997],[-84.5332094,33.8518901],[-84.5331847,33.8518732],[-84.5331743,33.8518638],[-84.5331652,33.8518549],[-84.5331557,33.8518462],[-84.5331466,33.8518398],[-84.5331298,33.8518257],[-84.5331181,33.8518186],[-84.5331088,33.8518154],[-84.5330866,33.8518043],[-84.5330609,33.851791],[-84.5330289,33.8517739],[-84.5330193,33.8517665],[-84.533012,33.8517614],[-84.532999,33.8517575],[-84.5329923,33.8517527],[-84.532988,33.8517445],[-84.5329862,33.8517271],[-84.5329907,33.8517057],[-84.5330026,33.8516827],[-84.5330192,33.8516526],[-84.5330341,33.8516224]]},"properties":{"bicycle":"designated","foot":"yes","highway":"path","mtb:scale":"1","surface":"dirt","osm_id":734238644,"osm_type":"way"}},{"type":"Feature","geometry":{"type":"LineString","coordinates":[[-84.5347178,33.8534909],[-84.5346957,33.8534898],[-84.5346682,33.8534834],[-84.5346501,33.8534759],[-84.5346333,33.8534669],[-84.5345975,33.8534344],[-84.5345499,33.8533987],[-84.534513,33.8533881],[-84.534462,33.8533815],[-84.5344352,33.8533714],[-84.5344057,33.8533564],[-84.5343695,33.8533531],[-84.5343447,33.8533564],[-84.5343172,33.853377],[-84.5343038,33.8533876],[-84.5342749,33.8534015],[-84.5342179,33.8534294],[-84.5341663,33.85345],[-84.5341495,33.8534544],[-84.534118,33.853455],[-84.5340832,33.8534639],[-84.5340516,33.8534678],[-84.5340181,33.8534433],[-84.5339953,33.8534115],[-84.5339558,33.8533932],[-84.5339189,33.8533859],[-84.533878,33.8533859],[-84.533819,33.8533893],[-84.533772,33.8533976],[-84.5337372,33.8534087],[-84.5336976,33.8534099],[-84.5336654,33.8534149],[-84.5336346,33.8534255],[-84.5336071,33.8534305],[-84.5335695,33.8534472],[-84.5335387,33.8534544],[-84.5335045,33.8534655],[-84.5334595,33.8534867],[-84.5334428,33.8535051],[-84.5334093,33.853524],[-84.5333851,33.8535268],[-84.5333683,33.8535123],[-84.5333704,33.8534984],[-84.5333838,33.8534756],[-84.5334139,33.8534511],[-84.5334341,33.8534316],[-84.5334448,33.8534171],[-84.5334609,33.8533998],[-84.5334736,33.8533854],[-84.5334937,33.8533787],[-84.5335353,33.8533609],[-84.5335608,33.8533514],[-84.533591,33.8533341],[-84.5336131,33.8533247],[-84.5336486,33.8533068],[-84.5336976,33.853284],[-84.5337412,33.8532623],[-84.533776,33.8532545],[-84.5338129,33.8532333],[-84.5338532,33.853206],[-84.5338947,33.8531944],[-84.5339444,33.8531732],[-84.5339987,33.8531576],[-84.5340463,33.8531431],[-84.5340946,33.8531331],[-84.5341261,33.8531253],[-84.5341811,33.8531086],[-84.5342233,33.8531008],[-84.5342649,33.8530919],[-84.534293,33.8530757],[-84.5343225,33.8530674],[-84.534352,33.8530652],[-84.5343728,33.8530579],[-84.5343767,33.8530523],[-84.5343742,33.8530462],[-84.5343487,33.8530377],[-84.5343239,33.8530356],[-84.5342971,33.8530255],[-84.5342709,33.8530201],[-84.5342416,33.8530252],[-84.5342154,33.8530245],[-84.5341831,33.8530206],[-84.5341542,33.853015],[-84.5341224,33.8530086],[-84.5340989,33.8530075],[-84.5340815,33.8530089],[-84.5340557,33.8530117],[-84.5340339,33.8530206],[-84.5340128,33.853022],[-84.5339883,33.8530298],[-84.5339558,33.8530437],[-84.5339159,33.8530654],[-84.533887,33.8530735],[-84.5338636,33.8530835],[-84.5338441,33.8530883],[-84.5338216,33.8531008],[-84.5337968,33.8531094],[-84.5337781,33.8531225],[-84.5337613,33.8531376],[-84.5337412,33.8531428],[-84.533714,33.8531512],[-84.5336922,33.8531612],[-84.5336755,33.853169],[-84.5336553,33.8531793],[-84.5336366,33.8531902],[-84.5336218,33.8532019],[-84.5336074,33.8532105],[-84.5335947,33.8532241],[-84.5335826,33.8532367],[-84.5335655,33.8532447],[-84.5335497,33.8532528],[-84.5335336,33.8532648],[-84.5335196,33.8532695],[-84.5335055,33.853279],[-84.533488,33.8532885],[-84.5334726,33.8532988],[-84.5334502,33.8533054],[-84.5334374,33.8533124],[-84.5334163,33.8533222],[-84.5334015,33.8533286],[-84.5333744,33.8533403],[-84.5333556,33.8533489],[-84.5333412,33.8533547],[-84.5333254,33.8533648],[-84.5333016,33.8533837],[-84.5332896,33.8533904],[-84.5332761,33.8533929],[-84.5332718,33.8533879],[-84.5332658,33.8533784],[-84.5332644,33.8533678],[-84.5332647,33.8533595],[-84.5332681,33.8533494],[-84.5332728,33.8533391],[-84.5332765,33.8533258],[-84.5332822,33.8533171],[-84.5332919,33.8533102],[-84.5332963,33.8533007],[-84.5332943,33.8532915],[-84.5332996,33.853277],[-84.5333046,33.8532667],[-84.533313,33.8532617],[-84.5333238,33.853257],[-84.5333287,33.8532539],[-84.5333326,33.85325],[-84.533336,33.8532457],[-84.5333494,33.8532345],[-84.5333525,33.8532255],[-84.533358,33.8532162],[-84.533359,33.8532081],[-84.5333571,33.8531995],[-84.5333588,33.8531877],[-84.5333559,33.8531812],[-84.5333498,33.8531791],[-84.5333362,33.8531809],[-84.5333268,33.8531859],[-84.5333167,33.8531912],[-84.5333082,33.8531987],[-84.5332953,33.853208],[-84.5332872,33.853212],[-84.5332767,33.8532172],[-84.5332611,33.8532272],[-84.5332511,33.853235],[-84.5332413,33.8532392],[-84.5332311,33.8532452],[-84.5332242,33.8532516],[-84.5332172,33.853258],[-84.5332057,33.8532663],[-84.5331957,33.8532751],[-84.5331912,33.8532807],[-84.5331782,33.8532858],[-84.533171,33.8532942],[-84.5331603,33.8533023],[-84.5331488,33.8533091],[-84.533141,33.8533194],[-84.5331312,33.8533279],[-84.5331261,33.8533309],[-84.5331214,33.8533399],[-84.5331144,33.8533458],[-84.5331026,33.8533528],[-84.5330934,33.8533586],[-84.5330834,33.8533657],[-84.5330776,33.8533703],[-84.5330731,33.8533758],[-84.5330692,33.8533857],[-84.5330631,33.8533925],[-84.5330542,33.8534069],[-84.5330399,33.853415],[-84.5330279,33.8534181],[-84.5330142,33.853419],[-84.5330008,33.8534171],[-84.5329832,33.8534191],[-84.5329678,33.8534199],[-84.5329556,33.8534209],[-84.5329383,33.8534239],[-84.5329232,33.8534289],[-84.5329111,33.853432],[-84.5328922,33.8534392],[-84.5328764,33.8534461],[-84.532862,33.8534522],[-84.5328488,33.8534554],[-84.5328348,33.8534529],[-84.5328256,33.85345],[-84.5328218,33.8534458],[-84.5328183,33.8534392],[-84.5328125,33.8534359],[-84.5328067,33.853436],[-84.5328043,33.8534383],[-84.5327982,33.853445],[-84.5327943,33.8534504],[-84.5327798,33.8534634],[-84.5327699,33.8534702],[-84.5327628,33.8534768],[-84.5327417,33.8534967],[-84.5327115,33.8535173],[-84.5326861,33.8535237],[-84.5326706,33.8535293],[-84.5326287,33.8535505],[-84.5325986,33.85357],[-84.5325711,33.8535847],[-84.5325577,33.8535953],[-84.5325251,33.8536192],[-84.5324986,33.8536373],[-84.5324815,33.8536412],[-84.5324561,33.8536568],[-84.5324416,33.853671],[-84.5324242,33.8536724],[-84.5324131,33.8536694],[-84.5324058,33.8536621],[-84.5324041,33.8536529],[-84.5324068,33.8536424],[-84.5324095,33.8536312],[-84.5324135,33.8536179],[-84.5324182,33.8536081],[-84.5324202,33.8535936],[-84.5324296,33.8535725],[-84.532441,33.8535491],[-84.5324416,33.8535349],[-84.5324484,33.8535223],[-84.5324634,33.8535073],[-84.5324735,33.8534939],[-84.5324839,33.8534686],[-84.532496,33.8534513],[-84.5325124,33.8534302],[-84.532529,33.8534203],[-84.5325437,33.853415],[-84.5325551,33.8534085],[-84.5325649,33.8533997],[-84.5325748,33.8533902],[-84.532582,33.8533799],[-84.5325893,33.8533696],[-84.5325972,33.8533613],[-84.5326093,33.8533496],[-84.5326267,33.8533347],[-84.5326385,33.8533258],[-84.5326614,33.8533141],[-84.5326691,33.8533052],[-84.5326787,33.8532968],[-84.5326867,33.8532876],[-84.5326966,33.8532775],[-84.532703,33.8532759],[-84.5327172,33.853264],[-84.5327278,33.8532505],[-84.5327342,33.8532376],[-84.5327375,33.8532267],[-84.5327441,33.8532143],[-84.5327514,33.8532023],[-84.5327607,33.8531912],[-84.5327706,33.8531829],[-84.5327779,33.8531707],[-84.5327851,33.8531622],[-84.5327897,33.8531537],[-84.5327947,33.8531451],[-84.5327991,33.8531362],[-84.5328029,33.8531272],[-84.5328027,33.8531144],[-84.5328056,33.8531034],[-84.5328081,33.8530915],[-84.5328143,33.8530795],[-84.532816,33.8530652],[-84.532819,33.853051],[-84.5328252,33.8530347],[-84.5328291,33.8530192],[-84.5328302,33.8530024],[-84.5328331,33.8529865],[-84.5328329,33.852967],[-84.5328334,33.8529453],[-84.5328277,33.8529355],[-84.5328264,33.8529259],[-84.532825,33.8529141],[-84.5328296,33.8529027],[-84.5328343,33.8528874],[-84.5328351,33.8528789],[-84.5328359,33.8528703],[-84.5328374,33.8528634],[-84.5328445,33.8528559],[-84.5328527,33.852848],[-84.5328596,33.8528361],[-84.5328668,33.8528296],[-84.5328728,33.8528173],[-84.5328787,33.8528094],[-84.5328889,33.852799],[-84.5328993,33.8527923],[-84.5329112,33.8527928],[-84.5329236,33.8527895],[-84.5329347,33.8527813],[-84.5329457,33.8527749],[-84.5329563,33.8527681],[-84.5329647,33.8527594],[-84.5329752,33.8527457],[-84.5329858,33.852737],[-84.5329925,33.852727],[-84.5329994,33.8527186],[-84.5330047,33.852709],[-84.5330022,33.8526987],[-84.5330046,33.8526865],[-84.5330074,33.8526767],[-84.5330114,33.852665],[-84.533014,33.852652],[-84.533019,33.8526372],[-84.533026,33.8526269],[-84.5330319,33.8526215],[-84.533043,33.8526113],[-84.533051,33.8526082],[-84.5330591,33.8526078],[-84.5330673,33.8526032],[-84.5330752,33.8525961],[-84.5330854,33.8525844],[-84.5330938,33.8525772],[-84.5331018,33.8525718],[-84.5331114,33.8525662],[-84.5331224,33.8525619],[-84.533135,33.8525576],[-84.5331429,33.8525551],[-84.5331514,33.8525494],[-84.5331623,33.8525428],[-84.533171,33.8525358],[-84.5331816,33.8525243],[-84.5331866,33.8525169],[-84.5331903,33.8525068],[-84.533196,33.8524953],[-84.5332024,33.8524864],[-84.5332067,33.8524775],[-84.5332118,33.8524686],[-84.5332133,33.8524644],[-84.5332217,33.8524557],[-84.533227,33.8524477],[-84.5332272,33.8524424],[-84.5332282,33.8524332],[-84.5332309,33.8524252],[-84.5332359,33.8524154],[-84.5332374,33.8524079],[-84.5332327,33.8523951],[-84.5332312,33.8523844],[-84.5332284,33.8523748],[-84.5332243,33.8523663],[-84.5332218,33.8523553],[-84.5332223,33.852345],[-84.5332242,33.8523331],[-84.5332264,33.8523203],[-84.5332242,33.8523138],[-84.5332259,33.8523024],[-84.5332233,33.8522928],[-84.5332232,33.8522823],[-84.5332252,33.8522707],[-84.533229,33.8522614],[-84.5332322,33.8522507],[-84.5332339,33.8522427],[-84.5332351,33.852233],[-84.533235,33.8522244],[-84.5332372,33.8522129],[-84.5332369,33.8522083],[-84.5332345,33.8522029],[-84.5332318,33.8521926],[-84.5332295,33.852182],[-84.5332292,33.8521686],[-84.5332292,33.8521565],[-84.533227,33.8521471],[-84.5332202,33.8521232],[-84.533215,33.8521107],[-84.533209,33.8521029],[-84.5332007,33.8520966],[-84.533194,33.8520869],[-84.5331912,33.85208],[-84.5331947,33.8520741],[-84.5331994,33.8520692],[-84.5332064,33.8520654],[-84.5332171,33.8520572],[-84.5332249,33.8520522],[-84.5332316,33.8520491],[-84.5332411,33.8520399],[-84.5332461,33.8520309],[-84.533248,33.8520232]]},"properties":{"bicycle":"designated","foot":"yes","highway":"path","mtb:scale":"1","surface":"dirt","osm_id":734238645,"osm_type":"way"}},{"type":"Feature","geometry":{"type":"LineString","coordinates":[[-84.5352333,33.8525647],[-84.5352855,33.85255],[-84.535319,33.8525328],[-84.5353673,33.8525211],[-84.5354082,33.852515],[-84.5354471,33.8525172],[-84.5354873,33.8525122],[-84.5355295,33.852501],[-84.5355617,33.8524804],[-84.5355932,33.8524626],[-84.5356409,33.8524454],[-84.5356717,33.8524364],[-84.5356945,33.8524364],[-84.5357032,33.8524465],[-84.5357072,33.8524643],[-84.5357005,33.8524743],[-84.5356811,33.8524843],[-84.535665,33.8524916],[-84.5356502,33.8525027],[-84.535614,33.8525328],[-84.5355932,33.8525417],[-84.5355751,33.8525428],[-84.535559,33.8525534],[-84.5355396,33.8525668],[-84.5355215,33.8525924],[-84.5355061,33.8526141],[-84.5354947,33.8526442],[-84.5354766,33.8526637],[-84.5354504,33.8526898],[-84.5354269,33.8527132],[-84.5354223,33.8527411],[-84.5354437,33.8527617],[-84.535468,33.8527435],[-84.5354839,33.8527244],[-84.5355007,33.8527149],[-84.5355208,33.8527099],[-84.5355544,33.8526948],[-84.5355758,33.8526815],[-84.5355973,33.8526865],[-84.5356402,33.852682],[-84.5356717,33.8526759],[-84.5356952,33.8526714],[-84.53572,33.8526553],[-84.5357367,33.8526325],[-84.5357669,33.852613],[-84.5357917,33.8525907],[-84.5358125,33.8525807],[-84.5358367,33.8525545],[-84.5358608,33.8525439],[-84.535895,33.8525317],[-84.5359104,33.8525345],[-84.5359439,33.8525361],[-84.5359775,33.8525322],[-84.5360103,33.8525216],[-84.5360425,33.8525094],[-84.5360653,33.852501],[-84.5360915,33.852491],[-84.5361129,33.8524843],[-84.5361377,33.8524804],[-84.5361625,33.8524882],[-84.5361773,33.8524983],[-84.5361941,33.8525127],[-84.5362175,33.8525189],[-84.536241,33.8525233],[-84.5362658,33.8525194],[-84.5362906,33.852525],[-84.5363127,33.8525294],[-84.5363329,33.8525395],[-84.5363436,33.8525512],[-84.536349,33.8525651],[-84.5363443,33.8525807],[-84.5363329,33.8526102],[-84.5363235,33.8526419],[-84.5363081,33.852667],[-84.5362993,33.8526792],[-84.5362953,33.8526976],[-84.5362953,33.8527232],[-84.536294,33.8527355],[-84.5362869,33.8527553],[-84.5362789,33.8527725],[-84.5362712,33.8527898],[-84.5362601,33.8527993],[-84.5362554,33.8528143],[-84.5362464,33.8528277],[-84.5362366,33.8528368],[-84.5362286,33.852853],[-84.5362259,33.8528664],[-84.5362272,33.8528764],[-84.5362272,33.8528847],[-84.5362215,33.852892],[-84.5362091,33.8529006],[-84.5362004,33.8529088],[-84.536192,33.8529168],[-84.5361783,33.8529301],[-84.5361565,33.8529382],[-84.5361357,33.8529438],[-84.5361173,33.852946],[-84.5360952,33.8529504],[-84.536071,33.8529438],[-84.5360623,33.8529401],[-84.5360465,33.8529424],[-84.5360288,33.8529457],[-84.536008,33.8529529],[-84.5359902,33.8529596],[-84.5359714,33.8529619],[-84.5359594,33.8529605],[-84.5359449,33.8529566],[-84.5359332,33.8529516],[-84.5359185,33.8529401],[-84.5359128,33.8529293],[-84.5359037,33.852924],[-84.5359,33.8529106],[-84.5358957,33.8528878],[-84.5359,33.8528767],[-84.5359067,33.8528586],[-84.5359047,33.8528446],[-84.5358967,33.8528335],[-84.5358856,33.8528199],[-84.5358658,33.8528045],[-84.5358326,33.8527901],[-84.5358108,33.8527817],[-84.5357947,33.8527784],[-84.5357736,33.8527739],[-84.5357518,33.8527731],[-84.5357404,33.8527773],[-84.5357176,33.8527903],[-84.5356875,33.8528057],[-84.5356744,33.8528107],[-84.5356586,33.8528243],[-84.5356419,33.8528407],[-84.5356315,33.8528541],[-84.5356221,33.8528677],[-84.5356107,33.8528786],[-84.5355986,33.8528889],[-84.5355822,33.8528953],[-84.5355745,33.8528942],[-84.5355594,33.8528978],[-84.5355517,33.8529053],[-84.5355339,33.8529103],[-84.5355202,33.8529142],[-84.5355057,33.8529212],[-84.5354896,33.8529259],[-84.5354742,33.8529257],[-84.5354595,33.8529301],[-84.5354246,33.8529435],[-84.5354041,33.8529552],[-84.5353874,33.8529588],[-84.535379,33.8529652],[-84.5353518,33.8529747],[-84.5353307,33.852973],[-84.5353056,33.852978],[-84.5352818,33.8529922],[-84.5352563,33.8530106],[-84.5352422,33.8530251],[-84.5352348,33.8530426],[-84.5352211,33.853056],[-84.5352053,33.8530693],[-84.5351862,33.8530796],[-84.5351758,33.8530922],[-84.5351681,33.8531072],[-84.535151,33.853135],[-84.5351356,33.8531529],[-84.5351148,33.8531673],[-84.5350927,33.8531737],[-84.5350806,33.8531863],[-84.5350732,33.8532052],[-84.5350645,33.85322],[-84.5350548,33.8532308],[-84.5350518,33.8532431],[-84.5350501,33.8532676],[-84.5350424,33.8532812],[-84.535036,33.8532943],[-84.5350236,33.8533082],[-84.5350085,33.8533185],[-84.5349918,33.8533196],[-84.5349753,33.8533185],[-84.5349572,33.853316],[-84.5349401,33.8533121],[-84.534926,33.8533015],[-84.5349126,33.8532915],[-84.534912,33.8532787],[-84.5349053,33.8532667],[-84.5348925,33.8532534],[-84.5348878,33.8532445],[-84.5348811,33.8532303],[-84.5348737,33.8532144],[-84.5348697,33.853191],[-84.5348727,33.853176],[-84.5348694,33.8531615],[-84.534864,33.853147],[-84.534861,33.8531353],[-84.534863,33.8531242],[-84.5348677,33.8531111],[-84.534869,33.8530983],[-84.5348701,33.8530863],[-84.5348784,33.8530785],[-84.5348942,33.8530688],[-84.5348985,33.8530671],[-84.5349009,33.8530557],[-84.5348925,33.8530409],[-84.5348935,33.8530239],[-84.5349009,33.8530106],[-84.5349073,33.8530003],[-84.5349173,33.8529875],[-84.5349217,33.8529697],[-84.5349234,33.8529507],[-84.5349237,33.8529376],[-84.5349227,33.852919],[-84.5349234,33.8529023],[-84.5349267,33.8528889],[-84.5349314,33.8528722],[-84.5349448,33.8528563],[-84.5349646,33.8528377],[-84.5349908,33.8528257],[-84.5350085,33.852814],[-84.5350327,33.8528029],[-84.5350571,33.8527984],[-84.5350856,33.8528004],[-84.5351259,33.852792],[-84.5351493,33.8527923],[-84.5351752,33.8527959],[-84.5352147,33.8528051],[-84.5352415,33.8528079],[-84.535266,33.8528051],[-84.5352989,33.852799],[-84.5353398,33.8527923],[-84.5353666,33.8527828],[-84.5354011,33.8527761],[-84.5354437,33.8527617]]},"properties":{"bicycle":"designated","foot":"yes","highway":"path","mtb:scale":"1","surface":"dirt","osm_id":734238646,"osm_type":"way"}},{"type":"Feature","geometry":{"type":"LineString","coordinates":[[-84.3058996,33.8027416],[-84.3059254,33.8026015],[-84.3059785,33.8024652],[-84.306024,33.8023917],[-84.3061081,33.8022558],[-84.3062072,33.8021462],[-84.3063631,33.8020051],[-84.3065828,33.8018743],[-84.3068203,33.8017762],[-84.3073105,33.8016734],[-84.3075844,33.8015655],[-84.3077666,33.8015229],[-84.3081612,33.801489],[-84.308347,33.8014605],[-84.3085774,33.8013871],[-84.3086949,33.8012947],[-84.3088301,33.8011812]]},"properties":{"bicycle":"designated","foot":"designated","highway":"cycleway","name":"South Peachtree Creek PATH Trail - Clairmont Lake Spur","segregated":"no","surface":"concrete","osm_id":740764190,"osm_type":"way"}},{"type":"Feature","geometry":{"type":"LineString","coordinates":[[-84.305098,33.806124],[-84.3052229,33.8060694],[-84.3052166,33.8059758],[-84.3051102,33.8058549],[-84.3050229,33.8057475],[-84.3050063,33.8056091],[-84.3050537,33.8054399],[-84.3051412,33.8052721],[-84.3053041,33.8049618],[-84.3053772,33.8047734],[-84.3054476,33.8046605],[-84.3054859,33.8045991],[-84.3056507,33.8042979],[-84.3056688,33.8041832],[-84.3056395,33.8041202],[-84.3055773,33.8040969]]},"properties":{"foot":"yes","highway":"cycleway","name":"South Peachtree Creek PATH Trail","segregated":"no","surface":"concrete","osm_id":740764193,"osm_type":"way"}},{"type":"Feature","geometry":{"type":"LineString","coordinates":[[-84.2973567,33.8125283],[-84.2976811,33.8125245],[-84.2976814,33.8123557],[-84.2977045,33.8122],[-84.2977773,33.8120257],[-84.2978454,33.8119365],[-84.2981647,33.8116094]]},"properties":{"bicycle":"yes","foot":"yes","highway":"cycleway","horse":"no","name":"South Peachtree Creek Trail","oneway":"no","surface":"concrete","osm_id":740764227,"osm_type":"way"}},{"type":"Feature","geometry":{"type":"LineString","coordinates":[[-84.2985798,33.8102017],[-84.2982791,33.8099868]]},"properties":{"bicycle":"yes","bridge":"yes","foot":"yes","highway":"cycleway","horse":"no","layer":"1","name":"South Peachtree Creek Trail","oneway":"no","surface":"wood","osm_id":740764228,"osm_type":"way"}},{"type":"Feature","geometry":{"type":"LineString","coordinates":[[-84.2982791,33.8099868],[-84.2982318,33.8099248],[-84.2982355,33.8098287],[-84.2983203,33.8096704],[-84.2985601,33.8094461],[-84.2988082,33.809424],[-84.2988869,33.8093861],[-84.2989288,33.8092877],[-84.299004,33.80922],[-84.2992159,33.8091262],[-84.2992911,33.8090317],[-84.2994064,33.8089011],[-84.2996297,33.8088253],[-84.3004284,33.8087368],[-84.3005608,33.8085106],[-84.3006514,33.8083901],[-84.3007061,33.8083173],[-84.3009997,33.80825],[-84.3010571,33.808261],[-84.301197,33.8082877],[-84.3013625,33.8083194],[-84.3015146,33.8083509],[-84.3016627,33.8083211],[-84.3019596,33.8079811],[-84.3020737,33.8078956],[-84.3022773,33.8078218],[-84.3024943,33.8078102],[-84.3026899,33.8078453],[-84.3028276,33.8078418],[-84.3031584,33.8074009],[-84.3032328,33.8073883],[-84.3033884,33.8074],[-84.3034936,33.8074551],[-84.3035372,33.8075432],[-84.3035258,33.8076652],[-84.3036231,33.8077159],[-84.3036959,33.8077194],[-84.3037733,33.8077231],[-84.3039235,33.807693],[-84.3039733,33.8076126],[-84.3039818,33.8075989],[-84.3038926,33.8074958],[-84.3038048,33.807361],[-84.3037753,33.8072468],[-84.3038631,33.8072267],[-84.3040576,33.8074412],[-84.30413,33.8075036],[-84.3041716,33.8075009],[-84.3041977,33.8074991]]},"properties":{"bicycle":"designated","bridge":"boardwalk","foot":"designated","highway":"cycleway","horse":"no","layer":"1","name":"South Peachtree Creek Trail","oneway":"no","segregated":"no","smoothness":"good","surface":"wood","width":"4","osm_id":740764229,"osm_type":"way"}},{"type":"Feature","geometry":{"type":"LineString","coordinates":[[-84.3042514,33.8073955],[-84.3041518,33.8072771],[-84.3040992,33.8072144],[-84.3040804,33.8070852],[-84.30416,33.8069786],[-84.3042728,33.8068278],[-84.3043077,33.8067509],[-84.3044425,33.8066873],[-84.3045697,33.8065242]]},"properties":{"bicycle":"yes","bridge":"yes","foot":"yes","highway":"cycleway","horse":"no","layer":"1","name":"South Peachtree Creek Trail","oneway":"no","segregated":"no","surface":"wood","osm_id":740764236,"osm_type":"way"}},{"type":"Feature","geometry":{"type":"LineString","coordinates":[[-84.2981647,33.8116094],[-84.2982185,33.8115196],[-84.2982591,33.8113362],[-84.2983345,33.8110048],[-84.2985892,33.8104876],[-84.2985798,33.8102017]]},"properties":{"bicycle":"yes","bridge":"yes","foot":"yes","highway":"cycleway","horse":"no","layer":"1","name":"South Peachtree Creek Trail","oneway":"no","surface":"wood","osm_id":740764237,"osm_type":"way"}},{"type":"Feature","geometry":{"type":"LineString","coordinates":[[-84.383187,33.6951217],[-84.382833,33.6953491]]},"properties":{"bicycle":"designated","foot":"designated","highway":"cycleway","horse":"no","name":"Southtowne PATH Trail","source":"survey","source:date":"2014-09-10","osm_id":740777188,"osm_type":"way"}},{"type":"Feature","geometry":{"type":"LineString","coordinates":[[-84.3828206,33.6926733],[-84.3833256,33.6927002]]},"properties":{"bicycle":"designated","bridge":"yes","foot":"designated","highway":"cycleway","horse":"no","layer":"1","name":"Southtowne PATH Trail","source":"survey","source:date":"2014-09-10","osm_id":740777189,"osm_type":"way"}},{"type":"Feature","geometry":{"type":"LineString","coordinates":[[-84.3833256,33.6927002],[-84.3834489,33.6927001],[-84.3836867,33.6926022],[-84.3838921,33.6925793],[-84.384022,33.6926194],[-84.3842837,33.6928783],[-84.3843414,33.6929879],[-84.3842757,33.6930968],[-84.3840864,33.6932367],[-84.3837084,33.6935566],[-84.3835704,33.6938398],[-84.3835162,33.6940649],[-84.3835119,33.6944378],[-84.3834763,33.6945471],[-84.3831815,33.6948954],[-84.3831363,33.6950136],[-84.383187,33.6951217],[-84.3832619,33.6951494],[-84.3836028,33.6952346],[-84.3839959,33.6953428],[-84.3844583,33.6955719],[-84.3846377,33.6957741],[-84.3846281,33.696078],[-84.3845714,33.6961441],[-84.3844512,33.6962119],[-84.3842673,33.6962376],[-84.3840334,33.6962813],[-84.3839319,33.6963646],[-84.3839422,33.6965312],[-84.3840271,33.6965881],[-84.3843584,33.6967018],[-84.3846848,33.6968902],[-84.3847045,33.696982]]},"properties":{"bicycle":"designated","foot":"designated","highway":"cycleway","horse":"no","name":"Southtowne PATH Trail","source":"survey","source:date":"2014-09-10","osm_id":740777190,"osm_type":"way"}},{"type":"Feature","geometry":{"type":"LineString","coordinates":[[-84.3639777,33.7714248],[-84.363894,33.7713846]]},"properties":{"bicycle":"designated","foot":"designated","highway":"cycleway","name":"Atlanta Beltline Eastside Trail","segregated":"no","osm_id":741961706,"osm_type":"way"}},{"type":"Feature","geometry":{"type":"LineString","coordinates":[[-84.3637261,33.7710123],[-84.3637108,33.7709598],[-84.3637301,33.7708465]]},"properties":{"bicycle":"designated","foot":"designated","highway":"cycleway","name":"Atlanta Beltline Eastside Trail","segregated":"no","surface":"concrete:plates","osm_id":741961707,"osm_type":"way"}},{"type":"Feature","geometry":{"type":"LineString","coordinates":[[-84.3637948,33.7712446],[-84.3637361,33.7710466],[-84.3637261,33.7710123]]},"properties":{"bicycle":"designated","bridge":"yes","foot":"designated","highway":"cycleway","layer":"1","name":"Atlanta Beltline Eastside Trail","segregated":"no","surface":"concrete:plates","osm_id":741961708,"osm_type":"way"}},{"type":"Feature","geometry":{"type":"LineString","coordinates":[[-84.363894,33.7713846],[-84.363856,33.7713524],[-84.3638377,33.7713281]]},"properties":{"bicycle":"designated","covered":"yes","foot":"designated","highway":"cycleway","name":"Atlanta Beltline Eastside Trail","segregated":"no","osm_id":741961709,"osm_type":"way"}},{"type":"Feature","geometry":{"type":"LineString","coordinates":[[-84.3638377,33.7713281],[-84.3638041,33.7712691],[-84.3637948,33.7712446]]},"properties":{"bicycle":"designated","foot":"designated","highway":"cycleway","name":"Atlanta Beltline Eastside Trail","segregated":"no","osm_id":741961710,"osm_type":"way"}},{"type":"Feature","geometry":{"type":"LineString","coordinates":[[-84.3685188,33.7820132],[-84.368476,33.7819544],[-84.3683611,33.7817981],[-84.3681191,33.7814689],[-84.3677797,33.7810277],[-84.3677292,33.7809725],[-84.367477,33.780742],[-84.3674505,33.7807151],[-84.3674238,33.780688],[-84.3670768,33.7802553],[-84.3669029,33.7800262],[-84.366479,33.779408],[-84.3662622,33.7790828],[-84.3660823,33.7787601],[-84.3658803,33.7783341],[-84.365704,33.777811],[-84.3656407,33.7776096],[-84.3653742,33.7767632],[-84.3653515,33.7766837],[-84.3648634,33.7746998],[-84.3646959,33.7737522],[-84.3646398,33.7735292],[-84.3646342,33.7735069]]},"properties":{"abandoned:railway":"rail","bicycle":"designated","foot":"designated","highway":"cycleway","horse":"no","lit":"no","motor_vehicle":"no","name":"Atlanta Beltline Eastside Trail","oneway":"no","railway":"abandoned","rcn":"yes","segregated":"no","surface":"concrete","osm_id":741964053,"osm_type":"way"}},{"type":"Feature","geometry":{"type":"LineString","coordinates":[[-84.3687592,33.7818418],[-84.3687767,33.7818363],[-84.368793,33.7818312],[-84.3688059,33.7818297],[-84.3690624,33.7818288],[-84.3691504,33.7818297],[-84.3697783,33.7818321],[-84.3713826,33.7818325],[-84.3717154,33.781835],[-84.3726937,33.7818376],[-84.3727976,33.7818372],[-84.3728894,33.7818372],[-84.3730923,33.7818385],[-84.3743646,33.7818389],[-84.3753911,33.7818411],[-84.3764834,33.7818417],[-84.3770044,33.7818407],[-84.3777342,33.7818423],[-84.3781478,33.7818431],[-84.3792867,33.7818434],[-84.3793036,33.7818437]]},"properties":{"bicycle":"designated","highway":"cycleway","sidewalk:right":"separate","surface":"asphalt","osm_id":741964056,"osm_type":"way"}},{"type":"Feature","geometry":{"type":"LineString","coordinates":[[-84.3648823,33.7576141],[-84.3648923,33.7575617],[-84.3649027,33.7575192]]},"properties":{"abandoned:railway":"rail","bicycle":"designated","construction":"cycleway","crossing":"unmarked","crossing:continuous":"yes","cycleway":"crossing","foot":"designated","highway":"cycleway","lit":"yes","motor_vehicle":"no","name":"Atlanta Beltline Eastside Trail","old_railway_operator":"Southern","oneway":"no","railway":"abandoned","segregated":"no","start_date":"2017-9-1","traffic_calming":"table","osm_id":742982445,"osm_type":"way"}},{"type":"Feature","geometry":{"type":"LineString","coordinates":[[-84.4188617,33.7291612],[-84.4188281,33.729201]]},"properties":{"bicycle":"designated","foot":"designated","highway":"cycleway","oneway":"no","segregated":"no","surface":"concrete","osm_id":743084184,"osm_type":"way"}},{"type":"Feature","geometry":{"type":"LineString","coordinates":[[-84.418795,33.7292387],[-84.4187884,33.7292462],[-84.4187811,33.7292621],[-84.4187914,33.7293501],[-84.4188589,33.729471],[-84.419072,33.7296421],[-84.4191043,33.7296702],[-84.4191087,33.7296983],[-84.4190385,33.7297689]]},"properties":{"bicycle":"designated","foot":"designated","highway":"cycleway","name":"Beltline Access Line","oneway":"no","segregated":"no","surface":"concrete","osm_id":743084185,"osm_type":"way"}},{"type":"Feature","geometry":{"type":"LineString","coordinates":[[-84.4188281,33.729201],[-84.418795,33.7292387]]},"properties":{"bicycle":"designated","bridge":"yes","foot":"designated","highway":"cycleway","layer":"1","oneway":"no","segregated":"no","surface":"concrete","osm_id":743084186,"osm_type":"way"}},{"type":"Feature","geometry":{"type":"LineString","coordinates":[[-84.4225106,33.7316392],[-84.4218572,33.732362],[-84.4217978,33.7324361],[-84.421762,33.7324701],[-84.4217197,33.7325187],[-84.4216886,33.7325723]]},"properties":{"bicycle":"designated","foot":"designated","highway":"cycleway","name":"Beltline Access Line","surface":"concrete","osm_id":743084190,"osm_type":"way"}},{"type":"Feature","geometry":{"type":"LineString","coordinates":[[-84.423052,33.7319732],[-84.4226119,33.7317145],[-84.4225106,33.7316392],[-84.4221977,33.7314065],[-84.4219789,33.7312438],[-84.4217569,33.7310827],[-84.4211598,33.7306494],[-84.4209732,33.7305142],[-84.4205266,33.7301907],[-84.4203747,33.7300806],[-84.4193656,33.7294682],[-84.4188617,33.7291612],[-84.4179818,33.7286231],[-84.4176674,33.7284309],[-84.4174341,33.7282873],[-84.4164799,33.7277],[-84.4161478,33.7274784],[-84.4147055,33.7265832],[-84.4143278,33.7262886],[-84.4140516,33.726039],[-84.4136797,33.7256231],[-84.4136117,33.7255354]]},"properties":{"abandoned:railway":"rail","bicycle":"designated","foot":"designated","highway":"cycleway","name":"Atlanta Beltline Southwest Trail","oneway":"no","railway":"abandoned","segregated":"no","surface":"paved","osm_id":743084191,"osm_type":"way"}},{"type":"Feature","geometry":{"type":"LineString","coordinates":[[-84.4238445,33.7325025],[-84.4246217,33.7317487],[-84.4246452,33.7317633],[-84.4241092,33.7324131],[-84.4240223,33.7325184]]},"properties":{"bicycle":"designated","foot":"designated","highway":"cycleway","name":"Beltline Access Line","osm_id":743084192,"osm_type":"way"}},{"type":"Feature","geometry":{"type":"LineString","coordinates":[[-84.4234652,33.7331796],[-84.4233185,33.7333951]]},"properties":{"bicycle":"designated","bridge":"yes","foot":"designated","highway":"cycleway","layer":"1","segregated":"no","osm_id":743084194,"osm_type":"way"}},{"type":"Feature","geometry":{"type":"LineString","coordinates":[[-84.4238108,33.732764],[-84.4234652,33.7331796]]},"properties":{"bicycle":"designated","foot":"designated","highway":"cycleway","osm_id":743084195,"osm_type":"way"}},{"type":"Feature","geometry":{"type":"LineString","coordinates":[[-84.4240223,33.7325184],[-84.4238108,33.732764]]},"properties":{"bicycle":"designated","bridge":"yes","foot":"designated","highway":"cycleway","layer":"1","osm_id":743084196,"osm_type":"way"}},{"type":"Feature","geometry":{"type":"LineString","coordinates":[[-84.4209868,33.7294853],[-84.4207695,33.72973],[-84.4205849,33.7298926],[-84.4203747,33.7300806]]},"properties":{"bicycle":"designated","foot":"designated","highway":"cycleway","name":"Beltline Access Line","osm_id":743084201,"osm_type":"way"}},{"type":"Feature","geometry":{"type":"LineString","coordinates":[[-84.4135044,33.7253981],[-84.4134213,33.7253034],[-84.413365,33.7252008],[-84.4133247,33.7251048],[-84.4133006,33.7250424],[-84.4132443,33.7249119],[-84.4131692,33.7247724],[-84.4123927,33.7233982],[-84.4121781,33.723009],[-84.4120601,33.722758],[-84.4119595,33.7225817]]},"properties":{"abandoned:railway":"rail","bicycle":"designated","foot":"designated","highway":"cycleway","name":"Atlanta Beltline Southwest Trail","oneway":"no","railway":"abandoned","segregated":"no","start_date":"2017-09-29","surface":"concrete","width":"4","osm_id":743084202,"osm_type":"way"}},{"type":"Feature","geometry":{"type":"LineString","coordinates":[[-84.3581212,33.743997],[-84.3581188,33.7440724],[-84.358118,33.744095]]},"properties":{"bicycle":"designated","crossing":"uncontrolled","crossing:island":"no","crossing:markings":"ladder:paired","crossing:signals":"no","cycleway":"crossing","foot":"designated","highway":"cycleway","surface":"concrete","surface:colour":"green","osm_id":746494549,"osm_type":"way"}},{"type":"Feature","geometry":{"type":"LineString","coordinates":[[-84.3581402,33.7431297],[-84.3581471,33.7439127]]},"properties":{"bicycle":"designated","bridge":"yes","foot":"designated","highway":"cycleway","layer":"1","name":"Atlanta Beltline Southeast Trail","oneway":"no","surface":"concrete","osm_id":746494550,"osm_type":"way"}},{"type":"Feature","geometry":{"type":"LineString","coordinates":[[-84.2640469,33.6967065],[-84.2640142,33.6968022],[-84.2641514,33.6970121],[-84.2641907,33.6970669],[-84.2642026,33.6970815],[-84.26423,33.6971151]]},"properties":{"cycleway":"lane","highway":"secondary","lanes":"2","maxspeed":"35 mph","name":"Flat Shoals Parkway","oneway":"yes","ref":"GA 155","tiger:cfcc":"A31","tiger:county":"DeKalb, GA","tiger:name_base":"Flat Shoals","tiger:name_base_1":"State Route 155","tiger:name_type":"Pky","tiger:reviewed":"no","tiger:zip":"30034","osm_id":746558555,"osm_type":"way"}},{"type":"Feature","geometry":{"type":"LineString","coordinates":[[-84.5130007,33.8804118],[-84.5130213,33.880378],[-84.5130453,33.8803591],[-84.5130732,33.8803503],[-84.5131066,33.880358],[-84.5132279,33.8803835],[-84.5135051,33.8803846],[-84.5135738,33.8803744],[-84.5136799,33.8803586],[-84.513967,33.8803574],[-84.5141519,33.8803599],[-84.5147711,33.8803683],[-84.5153112,33.8803713],[-84.5154375,33.8803719],[-84.5162885,33.8803768],[-84.5164062,33.8803716],[-84.5165638,33.8803646],[-84.5168143,33.880288],[-84.5169407,33.8802204],[-84.5169915,33.8801932],[-84.5171365,33.8801032],[-84.5173269,33.8799646],[-84.5174734,33.8798272],[-84.5175847,33.8796946],[-84.5176341,33.8796037],[-84.5176622,33.8795521],[-84.5176931,33.8794952],[-84.5177575,33.879308],[-84.5178088,33.8791523],[-84.5178456,33.8790534],[-84.5178762,33.8789711],[-84.5179108,33.8788823],[-84.5179421,33.8788021],[-84.517986,33.8787002],[-84.5180065,33.8786525],[-84.5180944,33.878548],[-84.5181779,33.8783875],[-84.5183053,33.878233],[-84.518339,33.8781199],[-84.5183991,33.8780069],[-84.5184752,33.877923],[-84.5184891,33.877902],[-84.5185264,33.8778458],[-84.5185543,33.8778038],[-84.5185714,33.8777749],[-84.5186964,33.877563],[-84.5187784,33.8774293],[-84.5188868,33.8773004],[-84.5190083,33.8771448],[-84.5190537,33.8770475],[-84.519143,33.8769554],[-84.5192177,33.8768785],[-84.5193642,33.8767642],[-84.5196161,33.8766694],[-84.5196557,33.8766604]]},"properties":{"bicycle":"designated","foot":"designated","highway":"cycleway","lit":"yes","motor_vehicle":"no","name":"Concord Road Trail","segregated":"no","surface":"concrete","osm_id":756539639,"osm_type":"way"}},{"type":"Feature","geometry":{"type":"LineString","coordinates":[[-84.417771,33.800517],[-84.417924,33.800577],[-84.4180742,33.8006622],[-84.418229,33.80075],[-84.4189039,33.8012212],[-84.4190974,33.8013563],[-84.41917,33.801407],[-84.4192373,33.801457],[-84.4196766,33.8017592],[-84.4197395,33.801803],[-84.4199395,33.801935],[-84.420182,33.802119],[-84.420343,33.802273],[-84.420431,33.802381],[-84.42079,33.802877],[-84.420964,33.803118],[-84.421239,33.803504],[-84.421307,33.80363],[-84.4213493,33.8037315]]},"properties":{"cycleway":"lane","cycleway:left:buffer":"no","hgv:conditional":"no @ (axles>3)","highway":"tertiary","lanes":"2","lit":"yes","name":"Defoor Avenue Northwest","parking:both":"no","sidewalk:both":"separate","surface":"asphalt","osm_id":758038040,"osm_type":"way"}},{"type":"Feature","geometry":{"type":"LineString","coordinates":[[-84.3531534,33.7254381],[-84.3530595,33.7253407],[-84.3530028,33.725282],[-84.352708,33.724999],[-84.352586,33.724918],[-84.352451,33.724853],[-84.352123,33.724746],[-84.3520987,33.7247393],[-84.3509526,33.7244205],[-84.350861,33.724395],[-84.3507806,33.7243723],[-84.349968,33.7241428],[-84.349891,33.7241211]]},"properties":{"cycleway":"lane","highway":"tertiary","name":"United Avenue Southeast","tiger:cfcc":"A41","tiger:county":"Fulton, GA","tiger:name_base":"Confederate","tiger:name_direction_prefix":"E","tiger:name_direction_suffix":"SE","tiger:name_type":"Ave","tiger:reviewed":"no","tiger:zip_left":"30316","tiger:zip_right":"30316","osm_id":760535355,"osm_type":"way"}},{"type":"Feature","geometry":{"type":"LineString","coordinates":[[-84.3685132,33.726213],[-84.3702506,33.7256762],[-84.3706796,33.7255437],[-84.3733639,33.7247258],[-84.3740398,33.7245293],[-84.3747311,33.7243807],[-84.3749745,33.7243519],[-84.3771564,33.7243095],[-84.3774232,33.7243085],[-84.378339,33.724331],[-84.3783503,33.7243309],[-84.3784394,33.7243303]]},"properties":{"abandoned:railway":"rail","bicycle":"designated","foot":"designated","highway":"cycleway","name":"Atlanta Beltline Southside Trail","railway":"abandoned","surface":"gravel","osm_id":760535359,"osm_type":"way"}},{"type":"Feature","geometry":{"type":"LineString","coordinates":[[-84.3222562,33.8421179],[-84.3223237,33.8420732],[-84.3224032,33.8419486],[-84.3227336,33.8417068],[-84.3228747,33.8416156],[-84.323025,33.8414778],[-84.3234686,33.8410875],[-84.3235812,33.840987],[-84.3236646,33.840882],[-84.3237159,33.8408016],[-84.3237567,33.8406947],[-84.323768,33.8405875],[-84.3237827,33.8404085],[-84.3238126,33.8403061],[-84.3241894,33.8396913],[-84.3242375,33.8396265],[-84.3243265,33.8395607],[-84.3244621,33.8394848],[-84.3246467,33.8394587],[-84.3252875,33.8394449],[-84.3255158,33.8394812],[-84.3256297,33.8395264],[-84.3262851,33.8401144],[-84.3264699,33.8402065],[-84.3266489,33.8402465],[-84.327064,33.8402928],[-84.3272164,33.8403046],[-84.3273349,33.8402735],[-84.3273655,33.8402594],[-84.3274419,33.8402225],[-84.32769,33.8400581],[-84.3277207,33.8400156]]},"properties":{"bicycle":"designated","foot":"designated","highway":"cycleway","lit":"yes","name":"Peachtree Creek Greenway","segregated":"no","surface":"concrete","osm_id":763263305,"osm_type":"way"}},{"type":"Feature","geometry":{"type":"LineString","coordinates":[[-84.327764,33.8399557],[-84.3278256,33.8398841],[-84.3278934,33.8398482],[-84.3280536,33.8397971],[-84.3280837,33.8397856],[-84.3281413,33.8397636],[-84.3282136,33.8397361],[-84.3285897,33.8395643],[-84.3287513,33.8395023],[-84.3287795,33.8394842],[-84.3288559,33.839419],[-84.328909,33.8393539],[-84.3289528,33.8392743],[-84.3289896,33.8391529],[-84.3290998,33.8390779],[-84.3293292,33.8389218],[-84.3295633,33.8387529],[-84.3296375,33.8387103],[-84.3296831,33.8386649],[-84.3297526,33.8385021],[-84.3299146,33.8383384],[-84.330007,33.8382616],[-84.3301274,33.8382116],[-84.3302036,33.8382108],[-84.3304662,33.8382499],[-84.3306417,33.838236],[-84.3309079,33.8382028],[-84.3311657,33.8381898],[-84.3314167,33.8383121],[-84.3317006,33.8383404],[-84.3317727,33.8383252],[-84.3319346,33.8382176]]},"properties":{"bicycle":"designated","foot":"designated","highway":"cycleway","horse":"no","lit":"yes","name":"Peachtree Creek Greenway","segregated":"no","surface":"concrete","osm_id":763263306,"osm_type":"way"}},{"type":"Feature","geometry":{"type":"LineString","coordinates":[[-84.3277207,33.8400156],[-84.327764,33.8399557]]},"properties":{"bicycle":"designated","bridge":"yes","foot":"designated","highway":"cycleway","layer":"1","name":"Peachtree Creek Greenway","segregated":"no","surface":"concrete","osm_id":763263307,"osm_type":"way"}},{"type":"Feature","geometry":{"type":"LineString","coordinates":[[-84.3329893,33.8377166],[-84.3329685,33.8375755],[-84.3329389,33.8374135],[-84.33316,33.8374123],[-84.3334037,33.8373896],[-84.3335872,33.8373249],[-84.3338058,33.837191],[-84.3339569,33.8370741],[-84.3345185,33.8362976],[-84.3354889,33.8352302],[-84.3355511,33.8351705],[-84.3356331,33.83509],[-84.3358481,33.8348992],[-84.335995,33.8347243],[-84.336068,33.8345734],[-84.3361628,33.834427],[-84.3362823,33.8343591],[-84.3364018,33.8343112],[-84.3365625,33.834262],[-84.3367815,33.8342224],[-84.337039,33.8342153],[-84.3371919,33.8342115],[-84.3372792,33.8341886],[-84.3373626,33.8341519],[-84.3374298,33.8341004],[-84.3375515,33.8339688],[-84.337625,33.8339164],[-84.3378117,33.8338293],[-84.3381013,33.8337337],[-84.338238,33.8336457],[-84.338376,33.8335243],[-84.3384657,33.833403],[-84.3383384,33.8333596],[-84.3382791,33.8333382]]},"properties":{"bicycle":"designated","foot":"designated","highway":"cycleway","horse":"no","lit":"yes","name":"Peachtree Creek Greenway","segregated":"no","surface":"concrete","osm_id":763263310,"osm_type":"way"}},{"type":"Feature","geometry":{"type":"LineString","coordinates":[[-84.3328541,33.8380262],[-84.3329893,33.8377166]]},"properties":{"bicycle":"designated","bridge":"yes","foot":"designated","highway":"cycleway","layer":"1","name":"Peachtree Creek Greenway","segregated":"no","surface":"concrete","osm_id":763263311,"osm_type":"way"}},{"type":"Feature","geometry":{"type":"LineString","coordinates":[[-84.4174077,33.7634095],[-84.4173875,33.7634073],[-84.4160027,33.7633969],[-84.4156642,33.7633944],[-84.4151892,33.7633908]]},"properties":{"bicycle":"designated","foot":"designated","highway":"cycleway","segregated":"yes","osm_id":763928700,"osm_type":"way"}},{"type":"Feature","geometry":{"type":"LineString","coordinates":[[-84.4119595,33.7225817],[-84.4118496,33.7226126],[-84.4117976,33.7226097],[-84.4117457,33.7225917],[-84.4116999,33.7225404],[-84.4116854,33.7225031],[-84.4116811,33.7224565],[-84.4116901,33.7224121],[-84.4116946,33.7223678],[-84.4116902,33.7223322],[-84.4116793,33.7222873],[-84.4116637,33.722249],[-84.411636,33.722217],[-84.411594,33.7221949],[-84.411546,33.7221779],[-84.4114311,33.7221646],[-84.4113225,33.7221835],[-84.4111964,33.722211],[-84.4110701,33.7222217],[-84.4110379,33.7222193]]},"properties":{"bicycle":"designated","foot":"designated","highway":"cycleway","name":"Beltline Access Line","surface":"concrete","osm_id":776841115,"osm_type":"way"}},{"type":"Feature","geometry":{"type":"LineString","coordinates":[[-84.3683393,33.7262653],[-84.3684212,33.7262387],[-84.3685132,33.726213]]},"properties":{"bicycle":"designated","cycleway":"crossing","foot":"designated","highway":"cycleway","name":"Atlanta BeltLine Southside Trail","osm_id":776841116,"osm_type":"way"}},{"type":"Feature","geometry":{"type":"LineString","coordinates":[[-84.3638892,33.7281954],[-84.3639152,33.7281724],[-84.3640353,33.7280967],[-84.3647102,33.7276767],[-84.3651581,33.7274201],[-84.3656411,33.7271879],[-84.3660788,33.7269944],[-84.366499,33.7268374],[-84.3672178,33.7265987],[-84.3683393,33.7262653]]},"properties":{"abandoned:railway":"rail","access":"yes","bicycle":"designated","check_date":"2023-11-08","foot":"designated","ford":"yes","highway":"cycleway","horse":"no","motor_vehicle":"no","name":"Atlanta Beltline Southside Trail","note":"Closed for demolition of damaged United Ave rail bridge. Latest updates: https://bit.ly/unitedavebridgeThe bridge is gone, but the trail is open. There is a staircase from United Avenue up to the trail on both sides of the bridge.","railway":"abandoned","osm_id":776841117,"osm_type":"way"}},{"type":"Feature","geometry":{"type":"LineString","coordinates":[[-84.3973088,33.7752525],[-84.3975542,33.7754086],[-84.3976532,33.775473],[-84.3977875,33.775555],[-84.3978221,33.7755648]]},"properties":{"bicycle":"designated","foot":"designated","highway":"cycleway","oneway":"no","segregated":"no","osm_id":788056175,"osm_type":"way"}},{"type":"Feature","geometry":{"type":"LineString","coordinates":[[-84.3861395,33.7584215],[-84.3861384,33.7584839],[-84.3861185,33.7596274],[-84.3861161,33.7596827],[-84.3861146,33.7597556],[-84.3860914,33.7608989],[-84.3860951,33.7609652],[-84.3860945,33.7610033],[-84.3860855,33.7610677],[-84.3860784,33.7618136],[-84.3860682,33.7621647]]},"properties":{"foot":"no","highway":"cycleway","horse":"no","name":"Peachtree Center Cycle Track","source:width":"ARCore","surface":"concrete","width":"7'8\"","osm_id":799389676,"osm_type":"way"}},{"type":"Feature","geometry":{"type":"LineString","coordinates":[[-84.471009,33.8866488],[-84.4710838,33.886655],[-84.4711636,33.8866502],[-84.4712755,33.8866269],[-84.4714117,33.8865848],[-84.4715062,33.8865503],[-84.4716055,33.8865061],[-84.4716735,33.8864874],[-84.4717396,33.8864927],[-84.4717758,33.8865049],[-84.4718086,33.8865215],[-84.4718291,33.8865319],[-84.4718804,33.8865662],[-84.4719756,33.886643],[-84.4720624,33.8867239],[-84.4720966,33.8867557]]},"properties":{"bicycle":"designated","foot":"designated","highway":"cycleway","name":"Circle 75 Parkway Trail","segregated":"no","smoothness":"good","surface":"concrete","width":"12 feet","osm_id":805462985,"osm_type":"way"}},{"type":"Feature","geometry":{"type":"LineString","coordinates":[[-84.4698101,33.8872172],[-84.4699157,33.8871429],[-84.4703418,33.8868568],[-84.4705839,33.8867087],[-84.4707475,33.886665],[-84.4708591,33.8866488],[-84.4708943,33.8866536],[-84.4709029,33.8866539],[-84.4709316,33.886655]]},"properties":{"bicycle":"designated","foot":"designated","highway":"cycleway","name":"Circle 75 Parkway Trail","smoothness":"good","surface":"concrete","width":"12 feet","osm_id":805462988,"osm_type":"way"}},{"type":"Feature","geometry":{"type":"LineString","coordinates":[[-84.4682852,33.8881315],[-84.4683378,33.8881104],[-84.4683918,33.8880774],[-84.469048,33.887685],[-84.4692595,33.8875884],[-84.4695123,33.887434],[-84.4695928,33.8873836],[-84.4696632,33.8873321]]},"properties":{"bicycle":"designated","foot":"designated","highway":"cycleway","name":"Circle 75 Parkway Trail","segregated":"no","smoothness":"good","surface":"concrete","width":"12 feet","osm_id":805462990,"osm_type":"way"}},{"type":"Feature","geometry":{"type":"LineString","coordinates":[[-84.4675962,33.8887683],[-84.4678507,33.8884588],[-84.4679613,33.8883477],[-84.4680113,33.8883099],[-84.4680975,33.8882414]]},"properties":{"bicycle":"designated","foot":"designated","highway":"cycleway","name":"Circle 75 Parkway Trail","smoothness":"good","surface":"concrete","width":"12 feet","osm_id":805462992,"osm_type":"way"}},{"type":"Feature","geometry":{"type":"LineString","coordinates":[[-84.4666779,33.8896394],[-84.4668077,33.8895389],[-84.4669274,33.8893978],[-84.4669542,33.8893739],[-84.4669944,33.8893416],[-84.4672673,33.8891301],[-84.4673511,33.8890516],[-84.4674658,33.8889269],[-84.4675051,33.8888803],[-84.4675174,33.8888657]]},"properties":{"bicycle":"designated","foot":"designated","highway":"cycleway","smoothness":"good","surface":"concrete","width":"12 feet","osm_id":805462993,"osm_type":"way"}},{"type":"Feature","geometry":{"type":"LineString","coordinates":[[-84.4654682,33.890596],[-84.4654881,33.8905844],[-84.4662139,33.8900163],[-84.4662518,33.8899951],[-84.4662959,33.8899688],[-84.4663202,33.8899506],[-84.466354,33.8899206],[-84.4663922,33.8898799],[-84.4665445,33.8897516]]},"properties":{"bicycle":"designated","foot":"designated","highway":"cycleway","lit":"yes","name":"Circle 75 Parkway Trail","segregated":"no","smoothness":"good","surface":"concrete","width":"12 feet","osm_id":805462996,"osm_type":"way"}},{"type":"Feature","geometry":{"type":"LineString","coordinates":[[-84.4652094,33.8921565],[-84.4651645,33.8921069],[-84.4650984,33.8919784],[-84.4650827,33.8919099],[-84.4650585,33.8918002],[-84.4650475,33.8917226],[-84.4650401,33.8916383],[-84.4650263,33.891523],[-84.4650116,33.8913266],[-84.4650317,33.8912091],[-84.4650538,33.8911084],[-84.4650753,33.891041],[-84.4651169,33.8909425],[-84.4652335,33.8907805],[-84.4653241,33.8906753],[-84.4653428,33.8906653],[-84.465373,33.8906614],[-84.4653945,33.8906564]]},"properties":{"bicycle":"designated","foot":"designated","highway":"cycleway","name":"Circle 75 Parkway Trail","smoothness":"good","surface":"concrete","width":"12 feet","osm_id":805462997,"osm_type":"way"}},{"type":"Feature","geometry":{"type":"LineString","coordinates":[[-84.4659487,33.8928233],[-84.4658557,33.8927516],[-84.465805,33.8927102],[-84.4655903,33.892535],[-84.4655728,33.8925147],[-84.4655517,33.8924924],[-84.4655219,33.8924729],[-84.465493,33.8924565],[-84.4654543,33.892436],[-84.4653898,33.8923852],[-84.4653666,33.8923569],[-84.4653418,33.8923279],[-84.4653056,33.8922767]]},"properties":{"bicycle":"designated","foot":"designated","highway":"cycleway","smoothness":"good","surface":"concrete","width":"12 feet","osm_id":805462999,"osm_type":"way"}},{"type":"Feature","geometry":{"type":"LineString","coordinates":[[-84.469521,33.8916661],[-84.4692944,33.8918737],[-84.4692164,33.8919445],[-84.4688827,33.892103],[-84.4684636,33.8922606],[-84.4684026,33.8922734],[-84.4683483,33.8922856],[-84.4683033,33.8923029],[-84.4682208,33.8923413],[-84.4681719,33.8923685],[-84.467388,33.8926676],[-84.4673337,33.8927017],[-84.467268,33.8927209],[-84.4672328,33.8927264],[-84.4670983,33.8927777],[-84.4670467,33.8927818],[-84.4669703,33.8927882],[-84.466918,33.892803],[-84.4667694,33.8928559],[-84.4667014,33.8928815],[-84.4665981,33.8928976],[-84.466583,33.8928948],[-84.4665686,33.8928906],[-84.4665458,33.892882],[-84.4665136,33.8928792],[-84.4664821,33.8928823],[-84.4664476,33.8928957],[-84.4663839,33.8929207],[-84.4663249,33.8929374],[-84.4662665,33.8929505],[-84.4662263,33.8929502],[-84.4661636,33.8929561],[-84.4661338,33.8929566],[-84.4661066,33.8929474],[-84.4660755,33.8929286],[-84.466056,33.8929135],[-84.4660008,33.8928723],[-84.4659487,33.8928233]]},"properties":{"bicycle":"designated","foot":"designated","highway":"cycleway","name":"Windy Ridge Trail","smoothness":"good","surface":"concrete","width":"12 feet","osm_id":805463002,"osm_type":"way"}},{"type":"Feature","geometry":{"type":"LineString","coordinates":[[-84.4704498,33.8898743],[-84.4702613,33.8901365],[-84.4702151,33.8902267],[-84.4701795,33.8903152],[-84.4701266,33.8904732],[-84.4699582,33.8910677],[-84.4698986,33.8912058],[-84.4698228,33.8912993],[-84.4697376,33.8913972],[-84.4696867,33.8914284],[-84.4696337,33.8914457],[-84.4695888,33.8914685],[-84.4695707,33.8914935],[-84.469562,33.8915141],[-84.4695687,33.8915425],[-84.4695928,33.8915731]]},"properties":{"bicycle":"designated","foot":"designated","highway":"cycleway","lit":"yes","segregated":"no","smoothness":"good","surface":"concrete","width":"10 feet","osm_id":805463003,"osm_type":"way"}},{"type":"Feature","geometry":{"type":"LineString","coordinates":[[-84.4713057,33.8894179],[-84.4709842,33.8895331],[-84.4709326,33.8895465],[-84.4708722,33.8895665],[-84.4708186,33.8896027],[-84.4707602,33.8896461],[-84.4706449,33.8897151],[-84.4705661,33.889778]]},"properties":{"bicycle":"designated","foot":"designated","highway":"cycleway","smoothness":"good","surface":"concrete","width":"10 feet","osm_id":805463005,"osm_type":"way"}},{"type":"Feature","geometry":{"type":"LineString","coordinates":[[-84.4680706,33.8980854],[-84.4682463,33.8981816],[-84.4683192,33.8982363],[-84.4684884,33.8983731],[-84.4686138,33.89851],[-84.4687405,33.8986614],[-84.4688217,33.8987922],[-84.4688619,33.8989308],[-84.4688961,33.8990983],[-84.4688948,33.899198],[-84.4688632,33.8993616],[-84.468817,33.8995152],[-84.4687908,33.8996026],[-84.4687452,33.8996822],[-84.4686466,33.8998486],[-84.4685306,33.8999894],[-84.4684173,33.9000784],[-84.4683114,33.9001458]]},"properties":{"bicycle":"designated","foot":"designated","highway":"cycleway","lit":"yes","name":"Interstate North Parkway Trail","smoothness":"intermediate","surface":"concrete","width":"5 feet","osm_id":806068832,"osm_type":"way"}},{"type":"Feature","geometry":{"type":"LineString","coordinates":[[-84.4673448,33.8976963],[-84.4678695,33.8979752]]},"properties":{"bicycle":"designated","foot":"designated","highway":"cycleway","lit":"yes","name":"Interstate North Parkway Trail","segregated":"no","smoothness":"good","surface":"concrete","width":"12 feet","osm_id":806068834,"osm_type":"way"}},{"type":"Feature","geometry":{"type":"LineString","coordinates":[[-84.4661716,33.8971283],[-84.4671154,33.8975853]]},"properties":{"bicycle":"designated","foot":"designated","highway":"cycleway","lit":"yes","smoothness":"good","surface":"concrete","width":"12 feet","osm_id":806068835,"osm_type":"way"}},{"type":"Feature","geometry":{"type":"LineString","coordinates":[[-84.4604914,33.8941536],[-84.4603124,33.8942649],[-84.4602198,33.8943044],[-84.4600931,33.8943512],[-84.4599469,33.8943902],[-84.4598694,33.8944146]]},"properties":{"bicycle":"designated","foot":"designated","highway":"cycleway","name":"Interstate North Parkway Trail","segregated":"no","smoothness":"good","surface":"concrete","width":"12'","osm_id":806430592,"osm_type":"way"}},{"type":"Feature","geometry":{"type":"LineString","coordinates":[[-84.4627594,33.894175],[-84.4624078,33.8938625],[-84.4622824,33.8937796],[-84.4621745,33.8937172],[-84.4620464,33.8936693],[-84.4618794,33.8936276],[-84.4617373,33.8936103],[-84.4615348,33.893617],[-84.4614241,33.8936282],[-84.4613383,33.8936476],[-84.4611606,33.8937055],[-84.4610198,33.8937801],[-84.4609004,33.8938697],[-84.4607797,33.8939599],[-84.460647,33.8940545]]},"properties":{"bicycle":"designated","foot":"designated","highway":"cycleway","name":"Interstate North Parkway Trail","segregated":"no","smoothness":"good","surface":"concrete","width":"12'","osm_id":806430594,"osm_type":"way"}},{"type":"Feature","geometry":{"type":"LineString","coordinates":[[-84.4635823,33.8949712],[-84.4635863,33.8949371],[-84.4635883,33.8949194],[-84.4635296,33.8948613],[-84.4628821,33.8942847]]},"properties":{"bicycle":"designated","foot":"designated","highway":"cycleway","name":"Interstate North Parkway Trail","segregated":"no","smoothness":"good","surface":"concrete","width":"12'","osm_id":806430596,"osm_type":"way"}},{"type":"Feature","geometry":{"type":"LineString","coordinates":[[-84.4688264,33.8957076],[-84.467559,33.8950642]]},"properties":{"bicycle":"designated","foot":"designated","highway":"cycleway","name":"Circle 75 Parkway Trail","smoothness":"excellent","surface":"concrete","width":"12 feet","osm_id":808108724,"osm_type":"way"}},{"type":"Feature","geometry":{"type":"LineString","coordinates":[[-84.4699053,33.8963192],[-84.4698776,33.8962657],[-84.4690329,33.8958089],[-84.4689685,33.8957811]]},"properties":{"bicycle":"designated","foot":"designated","highway":"cycleway","name":"Circle 75 Parkway Trail","smoothness":"excellent","surface":"concrete","width":"12 feet","osm_id":808108727,"osm_type":"way"}},{"type":"Feature","geometry":{"type":"LineString","coordinates":[[-84.4664099,33.8938692],[-84.4662441,33.8935447],[-84.466179,33.8935146],[-84.4660825,33.8935113],[-84.4655542,33.8938145]]},"properties":{"bicycle":"designated","foot":"designated","highway":"cycleway","lit":"yes","name":"Circle 75 Parkway Trail","segregated":"no","smoothness":"good","surface":"concrete","width":"8 feet","osm_id":808108733,"osm_type":"way"}},{"type":"Feature","geometry":{"type":"LineString","coordinates":[[-84.4674101,33.8949896],[-84.46715,33.8948271],[-84.4669917,33.8947035],[-84.4668643,33.8945855],[-84.4667369,33.8944386],[-84.4665974,33.8942371],[-84.4664902,33.8940156],[-84.4664099,33.8938692]]},"properties":{"bicycle":"designated","foot":"designated","highway":"cycleway","lit":"yes","name":"Circle 75 Parkway Trail","smoothness":"excellent","surface":"concrete","width":"12 feet","osm_id":808108734,"osm_type":"way"}},{"type":"Feature","geometry":{"type":"LineString","coordinates":[[-84.4179818,33.7286231],[-84.418013,33.7285874],[-84.4170139,33.7279771],[-84.4169424,33.7279334]]},"properties":{"bicycle":"designated","foot":"designated","highway":"cycleway","name":"Beltline Access Line","oneway":"no","segregated":"no","osm_id":808135594,"osm_type":"way"}},{"type":"Feature","geometry":{"type":"LineString","coordinates":[[-84.3590286,33.7525038],[-84.3590286,33.7525158]]},"properties":{"bicycle":"designated","foot":"designated","highway":"cycleway","name":"Beltline Access Line","osm_id":814048551,"osm_type":"way"}},{"type":"Feature","geometry":{"type":"LineString","coordinates":[[-84.331798,33.755453],[-84.3316509,33.7554713],[-84.3315145,33.7554353],[-84.3311887,33.7554458],[-84.330605,33.7554065]]},"properties":{"bicycle":"designated","foot":"designated","highway":"cycleway","segregated":"no","osm_id":818870446,"osm_type":"way"}},{"type":"Feature","geometry":{"type":"LineString","coordinates":[[-84.3331964,33.7555903],[-84.3331795,33.7556884],[-84.333066,33.7557678],[-84.3330424,33.7558042],[-84.3330577,33.7558506]]},"properties":{"bicycle":"designated","foot":"designated","highway":"cycleway","segregated":"no","osm_id":818870450,"osm_type":"way"}},{"type":"Feature","geometry":{"type":"LineString","coordinates":[[-84.3657038,33.7710249],[-84.3656367,33.7708876],[-84.3655336,33.7708185],[-84.3653731,33.7707706],[-84.3652551,33.7706439],[-84.3652511,33.7705173],[-84.3652311,33.7703847],[-84.3651713,33.77023],[-84.3650882,33.770125],[-84.3649885,33.7700172],[-84.3648868,33.7699342],[-84.364809,33.7698707],[-84.3646793,33.7697657],[-84.3644965,33.7696138],[-84.3643768,33.7694507],[-84.364307,33.7692435],[-84.3642922,33.7691281],[-84.3642804,33.7690362],[-84.3642846,33.7689522],[-84.3642425,33.7689139]]},"properties":{"bicycle":"designated","foot":"designated","highway":"cycleway","segregated":"no","surface":"concrete","osm_id":824056110,"osm_type":"way"}},{"type":"Feature","geometry":{"type":"LineString","coordinates":[[-84.3656999,33.7712318],[-84.3657018,33.7712913],[-84.3656933,33.7714103],[-84.3656914,33.7715017]]},"properties":{"bicycle":"designated","foot":"designated","highway":"cycleway","segregated":"no","surface":"concrete","osm_id":824056112,"osm_type":"way"}},{"type":"Feature","geometry":{"type":"LineString","coordinates":[[-84.5202025,33.8933123],[-84.5201893,33.8933557],[-84.5202034,33.8933832],[-84.5202852,33.8935413],[-84.5203047,33.8936073],[-84.5203107,33.8936582],[-84.5203194,33.8937019],[-84.5203298,33.893735],[-84.5203432,33.893774],[-84.5205065,33.894113],[-84.5205229,33.8941839],[-84.520533,33.8942097]]},"properties":{"bicycle":"designated","foot":"designated","highway":"cycleway","lit":"yes","name":"Mountain to River Trail","segregated":"no","surface":"concrete","osm_id":836481244,"osm_type":"way"}},{"type":"Feature","geometry":{"type":"LineString","coordinates":[[-84.4548188,33.8252111],[-84.4549173,33.8252521],[-84.455324,33.8252316],[-84.4555089,33.8252009],[-84.4557307,33.8251599],[-84.4559402,33.8250882],[-84.4561498,33.8249551],[-84.4565072,33.8246173],[-84.4568276,33.8244125],[-84.4572096,33.8243306],[-84.4576533,33.8242794],[-84.4582695,33.8242282],[-84.4591692,33.8242897],[-84.4596139,33.8243851],[-84.4599451,33.8246071],[-84.460138,33.824774]]},"properties":{"access":"no","bicycle":"yes","foot":"yes","highway":"cycleway","name":"Chattahoochee River Trail","osm_id":836628696,"osm_type":"way"}},{"type":"Feature","geometry":{"type":"LineString","coordinates":[[-84.3322554,33.8381941],[-84.3326153,33.8381678],[-84.3328541,33.8380262]]},"properties":{"foot":"yes","highway":"cycleway","horse":"no","incline":"0%","lit":"yes","name":"Peachtree Creek Greenway","segregated":"no","surface":"concrete","width":"2","osm_id":853033254,"osm_type":"way"}},{"type":"Feature","geometry":{"type":"LineString","coordinates":[[-84.2545434,33.801322],[-84.2537996,33.8017599],[-84.2530557,33.8021002],[-84.2522928,33.8023632],[-84.2515987,33.8025455],[-84.2509199,33.8026738],[-84.2507489,33.8027268],[-84.2505397,33.802758]]},"properties":{"foot":"yes","highway":"cycleway","name":"Stone Mountain Trail","osm_id":854269768,"osm_type":"way"}},{"type":"Feature","geometry":{"type":"LineString","coordinates":[[-84.2505397,33.802758],[-84.2496763,33.8029026]]},"properties":{"bridge":"yes","foot":"yes","highway":"cycleway","layer":"1","name":"Stone Mountain Trail","osm_id":854269771,"osm_type":"way"}},{"type":"Feature","geometry":{"type":"LineString","coordinates":[[-84.2545434,33.801322],[-84.2544984,33.8012689],[-84.2544653,33.8012296]]},"properties":{"bicycle":"designated","crossing":"traffic_signals","crossing:markings":"ladder:paired","crossing:signals":"yes","cycleway":"crossing","foot":"designated","highway":"cycleway","osm_id":854269773,"osm_type":"way"}},{"type":"Feature","geometry":{"type":"LineString","coordinates":[[-84.2544653,33.8012296],[-84.2547521,33.8010148]]},"properties":{"foot":"yes","highway":"cycleway","name":"Stone Mountain Trail","osm_id":854269774,"osm_type":"way"}},{"type":"Feature","geometry":{"type":"LineString","coordinates":[[-84.2547521,33.8010148],[-84.2548212,33.8009771],[-84.254882,33.800944]]},"properties":{"bicycle":"designated","crossing":"marked","crossing:markings":"ladder:paired","cycleway":"crossing","foot":"designated","highway":"cycleway","osm_id":854269775,"osm_type":"way"}},{"type":"Feature","geometry":{"type":"LineString","coordinates":[[-84.254882,33.800944],[-84.2554462,33.8005307],[-84.2556544,33.8004123],[-84.2557819,33.8002784],[-84.2559191,33.8001982],[-84.2564051,33.7998125],[-84.2563979,33.7997342]]},"properties":{"foot":"yes","highway":"cycleway","name":"Stone Mountain Trail","osm_id":854269776,"osm_type":"way"}},{"type":"Feature","geometry":{"type":"LineString","coordinates":[[-84.3654196,33.7543965],[-84.365491,33.7543846]]},"properties":{"bicycle":"designated","foot":"designated","highway":"cycleway","segregated":"no","osm_id":857688332,"osm_type":"way"}},{"type":"Feature","geometry":{"type":"LineString","coordinates":[[-84.3607755,33.831603],[-84.3604767,33.832486],[-84.3602394,33.8329057],[-84.3600977,33.8334406],[-84.3599991,33.8342161],[-84.3599694,33.8344449],[-84.3599005,33.8349762],[-84.3597342,33.8359333],[-84.3598944,33.8369801],[-84.3601039,33.8376122],[-84.3601131,33.8379014],[-84.3602025,33.8383774],[-84.3608587,33.8396365],[-84.3609974,33.8398924],[-84.3609789,33.8400766],[-84.3609604,33.8401995],[-84.3609943,33.8403607],[-84.3610837,33.8405475],[-84.3611021,33.8407804],[-84.3610282,33.8413741],[-84.3610344,33.8416146],[-84.3610892,33.8417196],[-84.3611761,33.8418245],[-84.3614072,33.8419627],[-84.3614811,33.8419831],[-84.3617276,33.842257],[-84.362353,33.8428788],[-84.3624701,33.8429325],[-84.362733,33.8429226],[-84.362902,33.842972]]},"properties":{"bicycle":"designated","foot":"designated","highway":"cycleway","horse":"no","name":"Path400","segregated":"no","surface":"concrete","osm_id":859284691,"osm_type":"way"}},{"type":"Feature","geometry":{"type":"LineString","coordinates":[[-84.4205591,33.734239],[-84.4205589,33.73426],[-84.4205587,33.7342942]]},"properties":{"bicycle":"designated","foot":"designated","footway":"crossing","highway":"path","motor_vehicle":"no","segregated":"no","surface":"concrete","osm_id":860382990,"osm_type":"way"}},{"type":"Feature","geometry":{"type":"LineString","coordinates":[[-84.4208792,33.733315],[-84.4209458,33.7333156],[-84.4210093,33.7333161]]},"properties":{"bicycle":"designated","foot":"designated","footway":"crossing","highway":"path","motor_vehicle":"no","segregated":"no","surface":"concrete","osm_id":860382991,"osm_type":"way"}},{"type":"Feature","geometry":{"type":"LineString","coordinates":[[-84.4217835,33.7334499],[-84.4217836,33.7334915],[-84.4217838,33.7335253]]},"properties":{"bicycle":"designated","foot":"designated","footway":"crossing","highway":"path","motor_vehicle":"no","segregated":"no","surface":"concrete","osm_id":860382994,"osm_type":"way"}},{"type":"Feature","geometry":{"type":"LineString","coordinates":[[-84.4217831,33.733319],[-84.4217833,33.7333842],[-84.4217835,33.7334499]]},"properties":{"bicycle":"designated","foot":"designated","footway":"crossing","highway":"path","motor_vehicle":"no","segregated":"no","surface":"concrete","osm_id":860382995,"osm_type":"way"}},{"type":"Feature","geometry":{"type":"LineString","coordinates":[[-84.4219105,33.7333194],[-84.4219668,33.7333194],[-84.4220352,33.7333194]]},"properties":{"bicycle":"designated","foot":"designated","footway":"crossing","highway":"path","motor_vehicle":"no","segregated":"no","surface":"concrete","osm_id":860382996,"osm_type":"way"}},{"type":"Feature","geometry":{"type":"LineString","coordinates":[[-84.4205627,33.7338091],[-84.4205624,33.7338422],[-84.4205622,33.7338637]]},"properties":{"bicycle":"designated","foot":"designated","footway":"crossing","highway":"path","motor_vehicle":"no","segregated":"no","surface":"concrete","osm_id":860383000,"osm_type":"way"}},{"type":"Feature","geometry":{"type":"LineString","coordinates":[[-84.317504,33.7933567],[-84.3176181,33.7934311],[-84.3177233,33.7934996]]},"properties":{"bicycle":"designated","crossing":"traffic_signals","crossing:island":"no","crossing:markings":"surface","crossing:signals":"yes","cycleway":"crossing","foot":"designated","highway":"cycleway","lit":"no","segregated":"no","surface":"paving_stones","tactile_paving":"no","osm_id":870475793,"osm_type":"way"}},{"type":"Feature","geometry":{"type":"LineString","coordinates":[[-84.363698,33.7283487],[-84.3638892,33.7281954]]},"properties":{"abandoned:railway":"rail","access":"no","bicycle":"designated","bridge":"yes","foot":"designated","highway":"cycleway","name":"Atlanta Beltline Southside Trail","note":"Closed for demolition of damaged United Ave rail bridge. Latest updates: https://bit.ly/unitedavebridge","railway":"abandoned","osm_id":874501046,"osm_type":"way"}},{"type":"Feature","geometry":{"type":"LineString","coordinates":[[-84.3570784,33.7524778],[-84.357079,33.7524596],[-84.3570922,33.7520339],[-84.3570997,33.7517911]]},"properties":{"bicycle":"designated","check_date:surface":"2025-01-05","foot":"designated","highway":"cycleway","historic:operator":"A&WP","lit":"yes","motor_vehicle":"no","name":"Atlanta Beltline Southeast Trail","oneway":"no","segregated":"no","start_date":"2017-10-23","surface":"concrete","osm_id":874502882,"osm_type":"way"}},{"type":"Feature","geometry":{"type":"LineString","coordinates":[[-84.423052,33.7319732],[-84.4238445,33.7325025]]},"properties":{"abandoned:railway":"rail","bicycle":"designated","foot":"designated","highway":"cycleway","railway":"abandoned","osm_id":874504849,"osm_type":"way"}},{"type":"Feature","geometry":{"type":"LineString","coordinates":[[-84.4321722,33.7382001],[-84.4322135,33.7381783],[-84.4323822,33.7383355],[-84.4325591,33.7384725],[-84.4327807,33.7386297],[-84.4329596,33.7387599],[-84.4330907,33.7388275],[-84.4332381,33.738839]]},"properties":{"bicycle":"designated","foot":"designated","highway":"cycleway","motor_vehicle":"no","name":"Beltline Access Line","oneway":"no","segregated":"no","surface":"concrete","osm_id":874504852,"osm_type":"way"}},{"type":"Feature","geometry":{"type":"LineString","coordinates":[[-84.434242,33.7423985],[-84.434243,33.7424689],[-84.4342463,33.7426932],[-84.4342361,33.7429721],[-84.4342483,33.7430972],[-84.434232,33.7431919],[-84.4342036,33.7432426],[-84.4340958,33.7433508],[-84.434041,33.743442],[-84.4340145,33.743557],[-84.4339779,33.7436821],[-84.4339231,33.743748],[-84.4338519,33.7437936],[-84.4337889,33.7438055],[-84.4336939,33.7437823]]},"properties":{"bicycle":"designated","foot":"designated","highway":"cycleway","motor_vehicle":"no","name":"Beltline Access Line","osm_id":874504853,"osm_type":"way"}},{"type":"Feature","geometry":{"type":"LineString","coordinates":[[-84.4278901,33.7493901],[-84.4281094,33.7494069],[-84.4281811,33.7493931]]},"properties":{"bicycle":"designated","foot":"designated","highway":"cycleway","name":"Beltline Access Line","oneway":"no","segregated":"no","surface":"concrete","osm_id":874504855,"osm_type":"way"}},{"type":"Feature","geometry":{"type":"LineString","coordinates":[[-84.4263925,33.7521445],[-84.4264496,33.7521643],[-84.4264699,33.7521947],[-84.4265004,33.7522032],[-84.4265391,33.7521711],[-84.4265695,33.7521626],[-84.4265919,33.7521745],[-84.4266,33.7522201],[-84.4266204,33.7522319],[-84.4266427,33.7522319],[-84.4266712,33.7522015],[-84.4266956,33.7521931],[-84.426722,33.7522049],[-84.4267505,33.7522539],[-84.426846,33.752237]]},"properties":{"bicycle":"designated","foot":"designated","highway":"cycleway","name":"Beltline Access Line","osm_id":874504856,"osm_type":"way"}},{"type":"Feature","geometry":{"type":"LineString","coordinates":[[-84.425981,33.7537093],[-84.4258256,33.753677],[-84.4256955,33.754113],[-84.4256629,33.7541062],[-84.4257808,33.7536465],[-84.425784,33.7536357],[-84.4258063,33.7535599]]},"properties":{"bicycle":"designated","foot":"designated","highway":"cycleway","name":"Beltline Access Line","oneway":"no","segregated":"no","surface":"concrete","osm_id":874504857,"osm_type":"way"}},{"type":"Feature","geometry":{"type":"LineString","coordinates":[[-84.4254519,33.7558094],[-84.4252475,33.7558179],[-84.4251479,33.7558172]]},"properties":{"bicycle":"designated","foot":"designated","highway":"cycleway","name":"Beltline Access Line","osm_id":874504858,"osm_type":"way"}},{"type":"Feature","geometry":{"type":"LineString","coordinates":[[-84.26423,33.6971151],[-84.264308,33.6972109],[-84.2643886,33.6973097],[-84.2644789,33.6974166]]},"properties":{"cycleway":"lane","highway":"secondary","lanes":"3","maxspeed":"35 mph","name":"Flat Shoals Parkway","oneway":"yes","ref":"GA 155","tiger:cfcc":"A31","tiger:county":"DeKalb, GA","tiger:name_base":"Flat Shoals","tiger:name_base_1":"State Route 155","tiger:name_type":"Pky","tiger:reviewed":"no","tiger:zip":"30034","osm_id":883735748,"osm_type":"way"}},{"type":"Feature","geometry":{"type":"LineString","coordinates":[[-84.4313432,33.7752823],[-84.4311596,33.7754092],[-84.431145,33.7754359],[-84.4311378,33.7754781],[-84.4311471,33.7755169]]},"properties":{"bicycle":"designated","bridge":"yes","foot":"designated","highway":"cycleway","layer":"1","name":"Proctor Creek Greenway","surface":"concrete","osm_id":886793714,"osm_type":"way"}},{"type":"Feature","geometry":{"type":"LineString","coordinates":[[-84.4311471,33.7755169],[-84.4311975,33.7755971],[-84.4313453,33.7758547],[-84.4314471,33.77597],[-84.4315754,33.7760795],[-84.4318715,33.7762847],[-84.4321379,33.7764737],[-84.4324317,33.7766617],[-84.4328805,33.7768732],[-84.4330659,33.7769945],[-84.4331922,33.7770961],[-84.4332487,33.7771746],[-84.4333294,33.7772255],[-84.4335834,33.7772744],[-84.4342156,33.7773774],[-84.4344293,33.7773936],[-84.4346952,33.7773865],[-84.435073,33.7773742],[-84.4355043,33.7773555],[-84.4357916,33.7773501],[-84.4359219,33.7773561],[-84.4360442,33.7773986],[-84.436215,33.7775273],[-84.436507,33.7777736],[-84.4366603,33.7779122],[-84.4368063,33.7780151],[-84.4370618,33.7781292],[-84.4372467,33.7781726],[-84.437409,33.7781731],[-84.4376837,33.7781376],[-84.4382166,33.7780503],[-84.4386122,33.7779969],[-84.4390356,33.7779447],[-84.4394517,33.7779678],[-84.4399437,33.7780576],[-84.4404211,33.7781801],[-84.4405016,33.7782299],[-84.4406038,33.7783087],[-84.4409804,33.7786831],[-84.4410824,33.7788321],[-84.441123,33.7789606],[-84.4411919,33.7793407],[-84.4412236,33.7793572],[-84.441272,33.7793518],[-84.4413632,33.7793336],[-84.4416226,33.7792577],[-84.441846,33.7792274],[-84.4420963,33.7792479],[-84.4423532,33.7793217],[-84.4425398,33.7793999],[-84.4426567,33.7794557],[-84.442709,33.7795197],[-84.44273,33.7796477],[-84.4427765,33.7797904],[-84.4428891,33.7799285],[-84.4431167,33.7800793],[-84.4433276,33.7802579],[-84.4435588,33.7803904],[-84.4438991,33.7805606],[-84.4440162,33.7806532],[-84.4440785,33.7807321],[-84.4441266,33.7808508],[-84.4441388,33.780958],[-84.4441278,33.7811536],[-84.4441456,33.7813201],[-84.444163,33.7814945],[-84.4441733,33.7815899],[-84.4441994,33.7817085],[-84.4442927,33.7818352],[-84.4444835,33.7820234],[-84.4446036,33.7821656],[-84.4447002,33.7823307],[-84.4447723,33.7825421],[-84.4447972,33.7826946],[-84.4447989,33.7829005],[-84.4447949,33.7830772],[-84.4448191,33.7831881],[-84.4448588,33.7833029],[-84.4448833,33.7833834],[-84.444883,33.7834573],[-84.4448431,33.7836169],[-84.4448019,33.7837621],[-84.4448043,33.7838519],[-84.444854,33.7839443],[-84.4449492,33.7839777],[-84.4452405,33.7840052],[-84.445504,33.7840409],[-84.4456456,33.7840701],[-84.4457555,33.784075],[-84.4459281,33.7840517],[-84.4463232,33.7839864],[-84.4468292,33.783902],[-84.4471319,33.7838564],[-84.4474231,33.7838177],[-84.4478841,33.7837443],[-84.4479616,33.7837307],[-84.4479806,33.783727],[-84.4485199,33.7836205],[-84.4489558,33.7835749],[-84.4494049,33.783498],[-84.449568,33.7834512],[-84.449687,33.7834261],[-84.4497902,33.7834238],[-84.4499034,33.7834432],[-84.4499981,33.7834865],[-84.4500789,33.7835564],[-84.4501339,33.783645],[-84.4501412,33.7837202],[-84.4501208,33.7838495],[-84.4500718,33.7840219],[-84.4499834,33.7841951],[-84.4499792,33.7842233],[-84.4499809,33.7842419]]},"properties":{"bicycle":"designated","foot":"designated","highway":"cycleway","name":"Proctor Creek Greenway","osm_id":886793716,"osm_type":"way"}},{"type":"Feature","geometry":{"type":"LineString","coordinates":[[-84.2726936,33.7801759],[-84.2728298,33.7801855],[-84.272941,33.7802415],[-84.2730342,33.7802885]]},"properties":{"bicycle":"designated","crossing":"marked","crossing:markings":"ladder:paired","cycleway":"crossing","foot":"designated","highway":"cycleway","osm_id":890507316,"osm_type":"way"}},{"type":"Feature","geometry":{"type":"LineString","coordinates":[[-84.4036902,33.7633285],[-84.403869,33.7635296]]},"properties":{"abandoned:railway":"rail","bicycle":"designated","bridge":"yes","foot":"designated","highway":"cycleway","name":"Westside Beltline Connector","note:old_railway_operator":"AB&C","old_railway_operator":"ACL","railway":"abandoned","segregated":"no","surface":"concrete","osm_id":903227268,"osm_type":"way"}},{"type":"Feature","geometry":{"type":"LineString","coordinates":[[-84.4048675,33.7644365],[-84.4052559,33.7648345],[-84.4052796,33.7649044]]},"properties":{"bicycle":"designated","foot":"designated","highway":"cycleway","name":"Westside Beltline Connector","segregated":"no","surface":"concrete","osm_id":903227269,"osm_type":"way"}},{"type":"Feature","geometry":{"type":"LineString","coordinates":[[-84.403869,33.7635296],[-84.4039428,33.7636111],[-84.4039915,33.7636536],[-84.4040894,33.7637263],[-84.4041816,33.7638026],[-84.4042974,33.7639068],[-84.4044932,33.7640936]]},"properties":{"abandoned:railway":"rail","bicycle":"designated","foot":"designated","highway":"cycleway","name":"Westside Beltline Connector","note:old_railway_operator":"AB&C","old_railway_operator":"ACL","railway":"abandoned","segregated":"no","surface":"concrete","osm_id":903227270,"osm_type":"way"}},{"type":"Feature","geometry":{"type":"LineString","coordinates":[[-84.4065147,33.7675464],[-84.4065621,33.7676542]]},"properties":{"abandoned:railway":"rail","bicycle":"designated","bridge":"yes","foot":"designated","highway":"cycleway","name":"Westside Beltline Connector","note:old_railway_operator":"AB&C","old_railway_operator":"ACL","railway":"abandoned","segregated":"no","surface":"concrete","osm_id":903227271,"osm_type":"way"}},{"type":"Feature","geometry":{"type":"LineString","coordinates":[[-84.4065621,33.7676542],[-84.4067656,33.768106]]},"properties":{"abandoned:railway":"rail","bicycle":"designated","foot":"designated","highway":"cycleway","name":"Westside Beltline Connector","note:old_railway_operator":"AB&C","old_railway_operator":"ACL","railway":"abandoned","segregated":"no","surface":"concrete","osm_id":903227272,"osm_type":"way"}},{"type":"Feature","geometry":{"type":"LineString","coordinates":[[-84.4046391,33.7641902],[-84.4047824,33.7643413]]},"properties":{"abandoned:railway":"rail","bicycle":"designated","bridge":"yes","foot":"designated","highway":"cycleway","name":"Westside Beltline Connector","note:old_railway_operator":"AB&C","old_railway_operator":"ACL","railway":"abandoned","segregated":"no","surface":"concrete","osm_id":903227273,"osm_type":"way"}},{"type":"Feature","geometry":{"type":"LineString","coordinates":[[-84.4067656,33.768106],[-84.4068654,33.7683178]]},"properties":{"abandoned:railway":"rail","bicycle":"designated","bridge":"yes","foot":"designated","highway":"cycleway","name":"Westside Beltline Connector","note:old_railway_operator":"AB&C","old_railway_operator":"ACL","railway":"abandoned","segregated":"no","surface":"concrete","osm_id":903227274,"osm_type":"way"}},{"type":"Feature","geometry":{"type":"LineString","coordinates":[[-84.405549,33.7655462],[-84.405723,33.7658893],[-84.4058699,33.7661716],[-84.4062878,33.7670103],[-84.4065147,33.7675464]]},"properties":{"abandoned:railway":"rail","bicycle":"designated","foot":"designated","highway":"cycleway","name":"Westside Beltline Connector","note:old_railway_operator":"AB&C","old_railway_operator":"ACL","railway":"abandoned","segregated":"no","surface":"concrete","osm_id":903227275,"osm_type":"way"}},{"type":"Feature","geometry":{"type":"LineString","coordinates":[[-84.4084864,33.7712098],[-84.4092419,33.7719519],[-84.409822,33.7725189],[-84.4103064,33.7729911]]},"properties":{"abandoned:railway":"rail","bicycle":"designated","foot":"designated","highway":"cycleway","name":"Westside Beltline Connector","note:old_railway_operator":"AB&C","old_railway_operator":"ACL","railway":"abandoned","segregated":"no","surface":"concrete","osm_id":903227276,"osm_type":"way"}},{"type":"Feature","geometry":{"type":"LineString","coordinates":[[-84.4103064,33.7729911],[-84.4105381,33.7732177]]},"properties":{"abandoned:railway":"rail","bicycle":"designated","foot":"designated","highway":"cycleway","layer":"-1","name":"Westside BeltLine Connector","note:old_railway_operator":"AB&C","old_railway_operator":"ACL","railway":"abandoned","segregated":"no","surface":"concrete","tunnel":"yes","osm_id":903228958,"osm_type":"way"}},{"type":"Feature","geometry":{"type":"LineString","coordinates":[[-84.4105381,33.7732177],[-84.4108012,33.7734712],[-84.4109746,33.7736342],[-84.411157,33.7738052],[-84.4113579,33.7739651],[-84.4113833,33.7739858]]},"properties":{"abandoned:railway":"rail","bicycle":"designated","foot":"designated","highway":"cycleway","name":"Westside BeltLine Connector","note:old_railway_operator":"AB&C","old_railway_operator":"ACL","railway":"abandoned","segregated":"no","surface":"concrete","osm_id":903228959,"osm_type":"way"}},{"type":"Feature","geometry":{"type":"LineString","coordinates":[[-84.4168777,33.7749654],[-84.4169885,33.7749671],[-84.4170413,33.7749581],[-84.417087,33.7749355],[-84.4171258,33.7749014],[-84.41714,33.7748781]]},"properties":{"bicycle":"designated","foot":"designated","highway":"cycleway","name":"Beltline Access Line","segregated":"no","surface":"concrete","osm_id":903231209,"osm_type":"way"}},{"type":"Feature","geometry":{"type":"LineString","coordinates":[[-84.4138618,33.7748811],[-84.4138227,33.7749582],[-84.4137581,33.774998],[-84.4136809,33.775019],[-84.4135783,33.7750286],[-84.4135546,33.7750391],[-84.4135318,33.7750527],[-84.4135151,33.7750874]]},"properties":{"bicycle":"designated","foot":"designated","highway":"cycleway","name":"Beltline Access Line","surface":"concrete","osm_id":903285029,"osm_type":"way"}},{"type":"Feature","geometry":{"type":"LineString","coordinates":[[-84.4233185,33.7333951],[-84.4233108,33.7335692],[-84.4233146,33.7336842]]},"properties":{"bicycle":"designated","foot":"designated","highway":"cycleway","oneway":"no","segregated":"no","osm_id":903315498,"osm_type":"way"}},{"type":"Feature","geometry":{"type":"LineString","coordinates":[[-84.4207643,33.7320751],[-84.4205249,33.731965],[-84.4200006,33.7318714],[-84.4199067,33.7317866],[-84.4198611,33.7316907],[-84.4198235,33.731626],[-84.4197377,33.7315903],[-84.4196063,33.7315903],[-84.4195017,33.7315925],[-84.4193971,33.7315479],[-84.4193488,33.7314966],[-84.4193434,33.7314676],[-84.4193836,33.7314386],[-84.4193944,33.7313829],[-84.4193676,33.731336],[-84.4193166,33.731307],[-84.4192469,33.7313204],[-84.4192093,33.7313449],[-84.4192093,33.7312869],[-84.4191744,33.7312066],[-84.4190967,33.7311687],[-84.4189143,33.7311286],[-84.4187211,33.7310728],[-84.4185495,33.7309903],[-84.418469,33.7309077],[-84.4183832,33.7308363],[-84.4182678,33.7308185],[-84.4181847,33.730852],[-84.418109,33.7309272],[-84.4178168,33.7308543]]},"properties":{"bicycle":"designated","foot":"designated","highway":"path","motor_vehicle":"no","segregated":"no","surface":"concrete","osm_id":903315502,"osm_type":"way"}},{"type":"Feature","geometry":{"type":"LineString","coordinates":[[-84.4233146,33.7336842],[-84.4233219,33.7337856],[-84.4233779,33.733855]]},"properties":{"bicycle":"designated","foot":"designated","highway":"cycleway","oneway":"yes","segregated":"no","osm_id":903315503,"osm_type":"way"}},{"type":"Feature","geometry":{"type":"LineString","coordinates":[[-84.4318463,33.7378091],[-84.4317931,33.7377817],[-84.4317318,33.7377582],[-84.4316787,33.7377551],[-84.4316148,33.7377592],[-84.4315551,33.7377748],[-84.4315043,33.7377991],[-84.4314599,33.7378271],[-84.4313938,33.7378975],[-84.4313269,33.7379742],[-84.4312666,33.7380478]]},"properties":{"bicycle":"designated","foot":"designated","highway":"cycleway","name":"Beltline Access Line","start_date":"2017-09-29","surface":"paved","osm_id":903315504,"osm_type":"way"}},{"type":"Feature","geometry":{"type":"LineString","coordinates":[[-84.4233668,33.7335783],[-84.4233108,33.7335692]]},"properties":{"bicycle":"designated","foot":"designated","highway":"cycleway","osm_id":903315505,"osm_type":"way"}},{"type":"Feature","geometry":{"type":"LineString","coordinates":[[-84.4329939,33.7389031],[-84.4329223,33.7388389],[-84.4327016,33.7386322],[-84.4323637,33.7383857],[-84.4321722,33.7382001],[-84.4318463,33.7378091]]},"properties":{"abandoned:railway":"rail","bicycle":"designated","foot":"designated","highway":"cycleway","name":"Atlanta Beltline Southwest Trail","railway":"abandoned","start_date":"2017-09-29","surface":"paved","osm_id":903321093,"osm_type":"way"}},{"type":"Feature","geometry":{"type":"LineString","coordinates":[[-84.430709,33.7378617],[-84.4307,33.7378564],[-84.4304802,33.7377287],[-84.4302153,33.7375849],[-84.4297685,33.7372976],[-84.4295826,33.737186],[-84.4294239,33.7370906],[-84.4287346,33.7366722],[-84.4279879,33.7362156],[-84.427853,33.736135],[-84.4274507,33.7358944],[-84.4271785,33.7357342],[-84.4267293,33.7354697],[-84.4258321,33.734916],[-84.4256139,33.7347869],[-84.4253822,33.7346457]]},"properties":{"bicycle":"designated","foot":"designated","highway":"cycleway","motor_vehicle":"no","name":"West End Trail","segregated":"no","surface":"concrete","osm_id":903321096,"osm_type":"way"}},{"type":"Feature","geometry":{"type":"LineString","coordinates":[[-84.4332466,33.7391125],[-84.4329939,33.7389031]]},"properties":{"abandoned:railway":"rail","bicycle":"designated","foot":"designated","highway":"cycleway","layer":"-1","name":"Atlanta Beltline Southwest Trail","oneway":"no","railway":"abandoned","segregated":"no","start_date":"2017-09-29","surface":"paved","tunnel":"yes","osm_id":903321097,"osm_type":"way"}},{"type":"Feature","geometry":{"type":"LineString","coordinates":[[-84.4305516,33.7468271],[-84.4306122,33.7468832],[-84.4307122,33.7469982],[-84.4308212,33.7471112],[-84.4309888,33.7471907],[-84.4311215,33.747214],[-84.4313881,33.7472019],[-84.4317357,33.7472249],[-84.4321277,33.7472577],[-84.4322445,33.747269],[-84.4324277,33.7472852],[-84.4326623,33.7473032],[-84.4340103,33.7473234],[-84.4346548,33.7473243],[-84.4354535,33.7473093],[-84.4359999,33.7472872],[-84.4361363,33.7472907],[-84.436464,33.7473229],[-84.4367931,33.7473541],[-84.43698,33.747364],[-84.4377161,33.7473835]]},"properties":{"bicycle":"designated","foot":"designated","highway":"cycleway","name":"Westview PATH","source":"Bing","surface":"concrete","osm_id":903324174,"osm_type":"way"}},{"type":"Feature","geometry":{"type":"LineString","coordinates":[[-84.4418514,33.747418],[-84.4418631,33.7473]]},"properties":{"foot":"no","highway":"cycleway","oneway":"yes","osm_id":903328313,"osm_type":"way"}},{"type":"Feature","geometry":{"type":"LineString","coordinates":[[-84.4418631,33.7473],[-84.4418601,33.7472904],[-84.4416977,33.7471163],[-84.4411,33.7465168],[-84.4405267,33.7459302]]},"properties":{"bicycle":"designated","foot":"designated","highway":"cycleway","source":"Bing","surface":"concrete","osm_id":903328315,"osm_type":"way"}},{"type":"Feature","geometry":{"type":"LineString","coordinates":[[-84.4321086,33.7473138],[-84.4317341,33.7473081],[-84.431117,33.7472992],[-84.43033,33.7472879]]},"properties":{"highway":"cycleway","osm_id":903330878,"osm_type":"way"}},{"type":"Feature","geometry":{"type":"LineString","coordinates":[[-84.4321277,33.7472577],[-84.4321214,33.7472877]]},"properties":{"bicycle":"designated","foot":"designated","highway":"cycleway","osm_id":903330880,"osm_type":"way"}},{"type":"Feature","geometry":{"type":"LineString","coordinates":[[-84.4286655,33.7472602],[-84.4274463,33.7472444],[-84.4270612,33.7472682],[-84.4269688,33.7473156]]},"properties":{"highway":"cycleway","osm_id":903330881,"osm_type":"way"}},{"type":"Feature","geometry":{"type":"LineString","coordinates":[[-84.43033,33.7472879],[-84.4292773,33.7472722]]},"properties":{"bridge":"yes","highway":"cycleway","osm_id":903330882,"osm_type":"way"}},{"type":"Feature","geometry":{"type":"LineString","coordinates":[[-84.432181,33.747368],[-84.4321789,33.7473355],[-84.4321768,33.7473244],[-84.4321659,33.7473173],[-84.4321086,33.7473138]]},"properties":{"highway":"cycleway","oneway":"yes","osm_id":903330883,"osm_type":"way"}},{"type":"Feature","geometry":{"type":"LineString","coordinates":[[-84.4053661,33.7546721],[-84.4051532,33.7546723],[-84.4034218,33.7546686]]},"properties":{"highway":"cycleway","osm_id":903622604,"osm_type":"way"}},{"type":"Feature","geometry":{"type":"LineString","coordinates":[[-84.4079491,33.7547462],[-84.4094865,33.7547578],[-84.4099945,33.7547477],[-84.4100798,33.754746],[-84.4101642,33.7547461],[-84.4104937,33.7547452],[-84.4113504,33.7547525],[-84.4117931,33.7547492],[-84.4118542,33.754749],[-84.4121821,33.7547509],[-84.4121985,33.7547509],[-84.4124518,33.7547513],[-84.4127185,33.7547518],[-84.412771,33.754695]]},"properties":{"highway":"cycleway","osm_id":903627653,"osm_type":"way"}},{"type":"Feature","geometry":{"type":"LineString","coordinates":[[-84.4305447,33.7739182],[-84.4307249,33.7739225]]},"properties":{"bicycle":"designated","bridge":"yes","foot":"designated","highway":"cycleway","name":"Proctor Creek Greenway","surface":"concrete","osm_id":903986232,"osm_type":"way"}},{"type":"Feature","geometry":{"type":"LineString","coordinates":[[-84.4307249,33.7739225],[-84.4307771,33.7739314],[-84.4308191,33.7739623],[-84.4308391,33.77401],[-84.4308449,33.7740659],[-84.4308334,33.7741635],[-84.4308293,33.7742447],[-84.4308483,33.7743557],[-84.4308709,33.7744185],[-84.4308994,33.7744692],[-84.4309683,33.7745282],[-84.4310551,33.7745815],[-84.4311175,33.774644],[-84.4311536,33.7747061],[-84.431171,33.7747714],[-84.4312031,33.7749194],[-84.4312258,33.774964],[-84.4312558,33.7749929],[-84.431294,33.7750193],[-84.4313357,33.7750635],[-84.4313758,33.7751157],[-84.4313912,33.7751733],[-84.4313985,33.7752289],[-84.4313871,33.775253],[-84.4313432,33.7752823]]},"properties":{"bicycle":"designated","foot":"designated","highway":"cycleway","name":"Proctor Creek Greenway","surface":"concrete","osm_id":903986233,"osm_type":"way"}},{"type":"Feature","geometry":{"type":"LineString","coordinates":[[-84.4432696,33.9011447],[-84.4433848,33.9010336],[-84.444539,33.9006288],[-84.4452831,33.9003317],[-84.4456801,33.9001492],[-84.4462583,33.8998183],[-84.4463299,33.8997777],[-84.4463803,33.8997485],[-84.4463283,33.8997313]]},"properties":{"bicycle":"designated","foot":"designated","highway":"cycleway","name":"Bob Callan Connector","surface":"paved","osm_id":907355964,"osm_type":"way"}},{"type":"Feature","geometry":{"type":"LineString","coordinates":[[-84.4467233,33.8995237],[-84.4468396,33.8996351],[-84.4474383,33.8998276]]},"properties":{"bicycle":"designated","foot":"designated","highway":"cycleway","osm_id":907355966,"osm_type":"way"}},{"type":"Feature","geometry":{"type":"LineString","coordinates":[[-84.4474383,33.8998276],[-84.4476782,33.8998856],[-84.4477799,33.8999231]]},"properties":{"bicycle":"designated","foot":"designated","highway":"cycleway","osm_id":907355967,"osm_type":"way"}},{"type":"Feature","geometry":{"type":"LineString","coordinates":[[-84.4476818,33.9001623],[-84.4476576,33.9001601],[-84.4476227,33.9001656],[-84.4475832,33.900174],[-84.4475248,33.9001873]]},"properties":{"bicycle":"designated","foot":"designated","highway":"cycleway","surface":"paved","osm_id":907355978,"osm_type":"way"}},{"type":"Feature","geometry":{"type":"LineString","coordinates":[[-84.3581381,33.7405703],[-84.358139,33.7406565],[-84.3581507,33.7417834],[-84.3581515,33.7418596],[-84.358152,33.7419491],[-84.3581554,33.742579],[-84.358157,33.7428313]]},"properties":{"foot":"no","highway":"cycleway","horse":"no","name":"Atlanta Beltline Southeast Trail","oneway":"no","surface":"asphalt","osm_id":907902911,"osm_type":"way"}},{"type":"Feature","geometry":{"type":"LineString","coordinates":[[-84.3581381,33.7405703],[-84.3581405,33.7405001],[-84.358163,33.7398524],[-84.3582129,33.7397632]]},"properties":{"foot":"no","highway":"cycleway","horse":"no","name":"Atlanta Beltline Southeast Trail","oneway":"no","surface":"paved","osm_id":907902912,"osm_type":"way"}},{"type":"Feature","geometry":{"type":"LineString","coordinates":[[-84.3581402,33.7431297],[-84.3581496,33.7429308],[-84.3581572,33.7428612],[-84.358157,33.7428313]]},"properties":{"bicycle":"designated","foot":"designated","highway":"cycleway","horse":"no","name":"Atlanta Beltline Southeast Trail","oneway":"no","surface":"concrete","osm_id":907902913,"osm_type":"way"}},{"type":"Feature","geometry":{"type":"LineString","coordinates":[[-84.3634049,33.8184994],[-84.3633745,33.8185104]]},"properties":{"cycleway":"link","foot":"yes","highway":"cycleway","osm_id":907905350,"osm_type":"way"}},{"type":"Feature","geometry":{"type":"LineString","coordinates":[[-84.3608919,33.8313718],[-84.3607755,33.831603]]},"properties":{"foot":"yes","highway":"cycleway","name":"PATH 400 (Sidney Marcus to Miami Circle)","note":"http://path400greenway.org/path400-reaches-half-way-mark-carries-momentum-into-2017/\n","source":"local knowledge","osm_id":907905351,"osm_type":"way"}},{"type":"Feature","geometry":{"type":"LineString","coordinates":[[-84.5385146,33.8455498],[-84.5385075,33.8454284],[-84.5385379,33.8453434],[-84.5384943,33.8453139],[-84.5384348,33.8452736],[-84.5383867,33.8447055]]},"properties":{"foot":"yes","highway":"cycleway","osm_id":921188338,"osm_type":"way"}},{"type":"Feature","geometry":{"type":"LineString","coordinates":[[-84.4777958,33.8831054],[-84.4777792,33.8831811],[-84.4777424,33.8833217],[-84.4777274,33.883382]]},"properties":{"bicycle":"designated","crossing":"traffic_signals","crossing:markings":"ladder:paired","crossing:signals":"yes","foot":"designated","highway":"cycleway","name":"Mountain to River Trail","segregated":"no","surface":"asphalt","osm_id":921881166,"osm_type":"way"}},{"type":"Feature","geometry":{"type":"LineString","coordinates":[[-84.4775539,33.8833828],[-84.4775319,33.8833195],[-84.4774813,33.8831784],[-84.4774593,33.8831109]]},"properties":{"bicycle":"designated","crossing":"traffic_signals","crossing:markings":"ladder:paired","crossing:signals":"yes","foot":"designated","highway":"cycleway","name":"Mountain to River Trail","segregated":"no","surface":"asphalt","osm_id":921881167,"osm_type":"way"}},{"type":"Feature","geometry":{"type":"LineString","coordinates":[[-84.471495,33.8788233],[-84.4714807,33.878828]]},"properties":{"bicycle":"designated","foot":"designated","highway":"cycleway","lit":"yes","name":"Mountain to River Trail","segregated":"no","surface":"concrete","osm_id":921881172,"osm_type":"way"}},{"type":"Feature","geometry":{"type":"LineString","coordinates":[[-84.4664687,33.8923675],[-84.466303,33.8924013],[-84.4661295,33.8924077],[-84.4659575,33.8923618],[-84.4657962,33.8922598],[-84.4656626,33.8921693],[-84.4655444,33.8921655],[-84.4654753,33.8921973],[-84.4654053,33.8922301],[-84.4653056,33.8922767]]},"properties":{"bicycle":"designated","foot":"designated","highway":"cycleway","name":"Windy Ridge Trail","osm_id":921881191,"osm_type":"way"}},{"type":"Feature","geometry":{"type":"LineString","coordinates":[[-84.4432696,33.9011447],[-84.4433883,33.9014053],[-84.4435251,33.9016002]]},"properties":{"access":"private","bicycle":"designated","foot":"designated","highway":"cycleway","horse":"no","layer":"-1","ski":"no","snowmobile":"no","surface":"ground","tunnel":"yes","wheelchair":"no","osm_id":921888624,"osm_type":"way"}},{"type":"Feature","geometry":{"type":"LineString","coordinates":[[-84.4628306,33.8773192],[-84.4628076,33.8773302],[-84.462781,33.8773361],[-84.4627361,33.8773334],[-84.4622228,33.8772261],[-84.4619954,33.8771621],[-84.4617661,33.8770808],[-84.4615373,33.8769796],[-84.4614226,33.8769257],[-84.4611727,33.8767891],[-84.4605209,33.8764283],[-84.4592529,33.8757469],[-84.4590745,33.875699],[-84.4588056,33.8756484],[-84.4587212,33.8756185],[-84.4587055,33.8755861]]},"properties":{"bicycle":"designated","foot":"designated","highway":"cycleway","name":"Mountain to River Trail","segregated":"no","osm_id":921888625,"osm_type":"way"}},{"type":"Feature","geometry":{"type":"LineString","coordinates":[[-84.4525367,33.8664922],[-84.4516883,33.865586],[-84.4514233,33.8653812],[-84.4513632,33.8653501]]},"properties":{"bicycle":"designated","foot":"designated","highway":"cycleway","name":"Mountain to River Trail","segregated":"no","surface":"concrete","osm_id":921888626,"osm_type":"way"}},{"type":"Feature","geometry":{"type":"LineString","coordinates":[[-84.4544149,33.8685164],[-84.4534008,33.8674116]]},"properties":{"bicycle":"designated","bridge":"yes","foot":"designated","highway":"cycleway","layer":"1","name":"Mountain to River Trail","segregated":"no","surface":"concrete","osm_id":921888627,"osm_type":"way"}},{"type":"Feature","geometry":{"type":"LineString","coordinates":[[-84.4544395,33.8694168],[-84.4543726,33.8695895]]},"properties":{"bicycle":"designated","foot":"designated","highway":"cycleway","osm_id":921888628,"osm_type":"way"}},{"type":"Feature","geometry":{"type":"LineString","coordinates":[[-84.4548553,33.8691071],[-84.4549354,33.8691313],[-84.4550231,33.8692165],[-84.4550377,33.8692318]]},"properties":{"bicycle":"designated","crossing":"marked","crossing:markings":"ladder","cycleway":"crossing","foot":"designated","highway":"cycleway","osm_id":921888629,"osm_type":"way"}},{"type":"Feature","geometry":{"type":"LineString","coordinates":[[-84.4617432,33.880491],[-84.4620104,33.8805687],[-84.4623311,33.880621],[-84.462704,33.8806652],[-84.4630338,33.8807087]]},"properties":{"bicycle":"designated","foot":"designated","highway":"cycleway","osm_id":921888630,"osm_type":"way"}},{"type":"Feature","geometry":{"type":"LineString","coordinates":[[-84.4638622,33.8807512],[-84.4638904,33.8807516],[-84.4639455,33.8807256],[-84.4639813,33.8806984],[-84.4640215,33.8805957],[-84.4641254,33.8801907],[-84.464162,33.880026],[-84.4642342,33.8798995],[-84.4642649,33.8797895],[-84.4643133,33.8795941],[-84.4643529,33.8794215],[-84.4643737,33.8792755],[-84.4643893,33.8790698],[-84.4644026,33.8788956],[-84.4644005,33.8787051],[-84.4643994,33.8786027],[-84.4643877,33.878229],[-84.4644024,33.8781709]]},"properties":{"bicycle":"designated","foot":"designated","highway":"cycleway","name":"Akers Mill W Trail","osm_id":921888631,"osm_type":"way"}},{"type":"Feature","geometry":{"type":"LineString","coordinates":[[-84.4644024,33.8781709],[-84.4644503,33.8781746],[-84.4645751,33.8781842],[-84.464623,33.8781879]]},"properties":{"bicycle":"designated","crossing":"traffic_signals","crossing:markings":"ladder:paired","crossing:signals":"yes","cycleway":"crossing","foot":"designated","highway":"cycleway","segregated":"no","osm_id":921888632,"osm_type":"way"}},{"type":"Feature","geometry":{"type":"LineString","coordinates":[[-84.557348,33.8530057],[-84.5572956,33.853037],[-84.5568443,33.8532774],[-84.55664,33.8533863],[-84.5558285,33.8537682],[-84.5557495,33.8538412],[-84.5551621,33.8541173],[-84.5550051,33.8542121],[-84.5549102,33.8542694],[-84.5545382,33.8544165],[-84.55409,33.8545905],[-84.5536667,33.8548143],[-84.5533415,33.8550052],[-84.5527528,33.8553872],[-84.5526209,33.8554918],[-84.5525814,33.8555696],[-84.5523617,33.8557022],[-84.5522474,33.8557533],[-84.5520146,33.8559333],[-84.5519645,33.855982],[-84.5518966,33.856048],[-84.5518432,33.8560999],[-84.5516469,33.8562398],[-84.5515136,33.8562885],[-84.5502839,33.8572233],[-84.5502004,33.8573112],[-84.5501224,33.8573933],[-84.5499684,33.8575165],[-84.5498464,33.8575976],[-84.5485648,33.8587875],[-84.548211,33.859116],[-84.5481347,33.8591825],[-84.5477429,33.8595242],[-84.5473442,33.8598719],[-84.5471344,33.8600067],[-84.5470329,33.8600943],[-84.5469365,33.8601776],[-84.5465169,33.8604964],[-84.5462676,33.8607298],[-84.545357,33.8619835],[-84.5448236,33.8627179],[-84.5439692,33.863676],[-84.5436577,33.8640254],[-84.5426585,33.8648975],[-84.5425454,33.86495],[-84.5413228,33.8655176],[-84.5402293,33.8663218],[-84.5394453,33.8668983],[-84.5394106,33.8669738],[-84.5393788,33.8669795],[-84.539324,33.8669892],[-84.5392549,33.8669266],[-84.5392019,33.8668786],[-84.5389442,33.8670666],[-84.5388756,33.8671181],[-84.5387765,33.8671925],[-84.5386419,33.8672903],[-84.5384838,33.8674052],[-84.5383731,33.8675003],[-84.5381937,33.8676545],[-84.5377916,33.8681544],[-84.5377013,33.8681921],[-84.5376428,33.8681897],[-84.5375985,33.8681879],[-84.5375118,33.8685729],[-84.5374557,33.8686551],[-84.5373528,33.868806],[-84.5372674,33.8689044],[-84.5371951,33.8689877],[-84.5371334,33.869073],[-84.5370409,33.8692011],[-84.5366095,33.8698054],[-84.5365678,33.8698792],[-84.5364977,33.8700032],[-84.5362533,33.870296],[-84.5361873,33.8703817],[-84.5360753,33.870527],[-84.5360069,33.87061],[-84.5359469,33.8706827],[-84.5360394,33.8707354],[-84.5361534,33.8708004],[-84.5361416,33.8708786],[-84.5360914,33.8709004],[-84.5359857,33.8709465],[-84.5354587,33.8712621],[-84.5349122,33.8715604],[-84.5344455,33.8718487],[-84.5340677,33.8720088],[-84.5337259,33.8722074],[-84.5335585,33.8723047],[-84.5332333,33.8724911],[-84.5330009,33.8726243],[-84.5328963,33.8726875],[-84.5325126,33.8729189],[-84.5322286,33.8730902],[-84.5321643,33.8731293],[-84.5321072,33.873164],[-84.5318602,33.8733141],[-84.5317812,33.8733621],[-84.53162,33.8734602],[-84.5313853,33.8736028],[-84.530982,33.873848],[-84.5309248,33.8740473]]},"properties":{"bicycle":"designated","foot":"designated","highway":"cycleway","name":"Concord Road Trail","segregated":"no","surface":"concrete","osm_id":928713397,"osm_type":"way"}},{"type":"Feature","geometry":{"type":"LineString","coordinates":[[-84.530982,33.873848],[-84.5308923,33.8739047],[-84.5308732,33.873959]]},"properties":{"bicycle":"designated","foot":"designated","highway":"cycleway","lit":"yes","segregated":"no","surface":"concrete","osm_id":928715710,"osm_type":"way"}},{"type":"Feature","geometry":{"type":"LineString","coordinates":[[-84.5309248,33.8740473],[-84.5309832,33.8741612],[-84.531035,33.8741816],[-84.5310477,33.8742141],[-84.5310704,33.8742722],[-84.5311006,33.8743052],[-84.5311304,33.8743378],[-84.5311058,33.8743921],[-84.5311222,33.8744578],[-84.5311658,33.8744464],[-84.5311941,33.8744742],[-84.5312258,33.8745053],[-84.5312231,33.8745777],[-84.5312612,33.8746705],[-84.5314057,33.8750576],[-84.5314793,33.8753745],[-84.531553,33.875499],[-84.5316129,33.8755284],[-84.5316308,33.8755896],[-84.5316408,33.8756239],[-84.5316566,33.8756778],[-84.5316211,33.8757254],[-84.5316865,33.87592],[-84.5317847,33.8761758],[-84.5319101,33.8763772],[-84.5319145,33.8763962]]},"properties":{"bicycle":"designated","foot":"designated","highway":"cycleway","lit":"yes","segregated":"no","surface":"concrete","osm_id":928715712,"osm_type":"way"}},{"type":"Feature","geometry":{"type":"LineString","coordinates":[[-84.5316129,33.8755284],[-84.5316876,33.8755424],[-84.5319133,33.8754828],[-84.5321675,33.8754156],[-84.5321876,33.8754634],[-84.5322084,33.8755129]]},"properties":{"bicycle":"designated","foot":"designated","highway":"cycleway","osm_id":928715717,"osm_type":"way"}},{"type":"Feature","geometry":{"type":"LineString","coordinates":[[-84.4722377,33.8861788],[-84.4722324,33.8861506],[-84.4722341,33.8861266],[-84.4722399,33.8861128],[-84.4722522,33.8860833],[-84.4722747,33.8860603],[-84.4723147,33.8860319],[-84.4729184,33.8856456],[-84.4730317,33.8855608],[-84.473157,33.8854856],[-84.4735849,33.885205],[-84.4737466,33.8851001],[-84.473879,33.8850066],[-84.4740068,33.8849214],[-84.47414,33.8848268],[-84.4744698,33.8846089],[-84.4748303,33.8843787],[-84.4751871,33.884139],[-84.4753818,33.8840084],[-84.4754482,33.8839377],[-84.4754926,33.8839089],[-84.4755446,33.883877],[-84.4756406,33.8838067],[-84.4756662,33.8838015],[-84.4756735,33.8838014],[-84.4756919,33.8838012],[-84.4757208,33.8838076]]},"properties":{"bicycle":"designated","foot":"designated","highway":"cycleway","lit":"yes","name":"Spring Road Trail","segregated":"no","surface":"concrete","osm_id":928715727,"osm_type":"way"}},{"type":"Feature","geometry":{"type":"LineString","coordinates":[[-84.4919215,33.8917492],[-84.4918765,33.8916338],[-84.4919084,33.891414],[-84.4919816,33.8911911],[-84.4919891,33.8910368],[-84.4922521,33.8905691],[-84.4925431,33.8902106],[-84.4930013,33.8896697],[-84.4932117,33.8893875],[-84.4934727,33.8889074],[-84.4936905,33.8884428],[-84.4940473,33.8877631],[-84.4944586,33.8871551],[-84.494729,33.8867561],[-84.494783,33.8866658],[-84.4948661,33.8865269],[-84.4953825,33.8857802],[-84.4955138,33.8856092],[-84.4956004,33.8854964],[-84.4957731,33.8853405],[-84.4959027,33.8852423],[-84.4962313,33.8850599],[-84.4971008,33.8847934],[-84.4975646,33.884678],[-84.4977175,33.884619],[-84.4978313,33.8845751],[-84.4982351,33.8844021],[-84.4984736,33.8842384],[-84.4985487,33.8841542],[-84.4986163,33.8840622],[-84.4986707,33.8838954],[-84.4986818,33.8837984]]},"properties":{"bicycle":"designated","foot":"designated","highway":"cycleway","osm_id":928719493,"osm_type":"way"}},{"type":"Feature","geometry":{"type":"LineString","coordinates":[[-84.451281,33.7885694],[-84.4513107,33.7887018],[-84.4513371,33.7888618],[-84.4513218,33.7889777],[-84.4512788,33.7891382],[-84.4512346,33.7892816],[-84.4512327,33.7893879],[-84.4512522,33.789547],[-84.4512965,33.7896858],[-84.4513276,33.7897637],[-84.4513804,33.7898371],[-84.4514967,33.7899242],[-84.4516309,33.7900068],[-84.4517302,33.7900663],[-84.4518771,33.7901599],[-84.452086,33.7902882],[-84.4522162,33.7903815],[-84.4523064,33.7904562],[-84.4523879,33.7905782],[-84.4524002,33.7906616],[-84.4523989,33.7907562],[-84.4523966,33.7909352],[-84.4523862,33.7910834],[-84.4523639,33.7911691],[-84.4523351,33.7912426],[-84.4522657,33.7913908],[-84.4521449,33.7915753],[-84.4520256,33.7917717],[-84.4519238,33.7919542],[-84.451885,33.792056],[-84.4518644,33.7921445],[-84.4518486,33.7923489],[-84.4518416,33.7924869],[-84.4518346,33.7925584],[-84.451855,33.7925891],[-84.4519011,33.7926298]]},"properties":{"bicycle":"designated","foot":"designated","highway":"cycleway","name":"Proctor Creek Greenway","osm_id":928976146,"osm_type":"way"}},{"type":"Feature","geometry":{"type":"LineString","coordinates":[[-84.4512647,33.7884548],[-84.451281,33.7885694]]},"properties":{"bicycle":"designated","bridge":"yes","foot":"designated","highway":"cycleway","layer":"1","name":"Proctor Creek Greenway","osm_id":928976147,"osm_type":"way"}},{"type":"Feature","geometry":{"type":"LineString","coordinates":[[-84.3772081,33.8095753],[-84.3772509,33.8095706],[-84.3773024,33.8095597],[-84.3773204,33.8095559],[-84.3773941,33.8095309],[-84.3774671,33.8094995],[-84.3775692,33.8094373],[-84.3776343,33.8093745],[-84.3776729,33.8093141],[-84.3776952,33.8092601],[-84.3777051,33.8091952],[-84.3777076,33.8091365]]},"properties":{"abandoned:railway":"rail","bicycle":"designated","electrified":"no","end_date:railway":"2017","foot":"designated","gauge":"1435","highway":"cycleway","name":"Atlanta Beltline Northeast Trail","old_railway_operator":"Southern","oneway":"no","operator":"Norfolk Southern Railway","operator:wikidata":"Q1321054","railway":"abandoned","segregated":"no","surface":"concrete","osm_id":930399576,"osm_type":"way"}},{"type":"Feature","geometry":{"type":"LineString","coordinates":[[-84.3739365,33.8011581],[-84.3738461,33.8009404],[-84.3738061,33.8008002],[-84.3737847,33.8006879],[-84.3737212,33.8005783],[-84.3736371,33.8005046],[-84.3735698,33.8004525],[-84.3735226,33.8003948],[-84.3734963,33.8003007],[-84.3735033,33.8001963],[-84.3735137,33.8001227]]},"properties":{"bicycle":"designated","electrified":"no","foot":"designated","gauge":"1435","highway":"cycleway","name":"Beltline Access Line","segregated":"no","service":"spur","surface":"concrete","osm_id":930399577,"osm_type":"way"}},{"type":"Feature","geometry":{"type":"LineString","coordinates":[[-84.2966743,33.7734779],[-84.2966555,33.7734209],[-84.2966524,33.77315],[-84.2966502,33.7729547],[-84.2966235,33.7728504],[-84.2966155,33.7726972],[-84.2966021,33.7726328],[-84.2966006,33.7725737],[-84.2965987,33.7724955],[-84.2965968,33.7724197],[-84.2966235,33.7723331],[-84.2966215,33.7717402],[-84.2966208,33.7715184],[-84.2966021,33.7714096]]},"properties":{"highway":"cycleway","name":"Decatur PATH","surface":"asphalt","osm_id":930853791,"osm_type":"way"}},{"type":"Feature","geometry":{"type":"LineString","coordinates":[[-84.5275038,33.8942524],[-84.5274795,33.8942139],[-84.5274082,33.8941698],[-84.5274024,33.893939],[-84.5273996,33.8936599],[-84.5274188,33.8935277],[-84.5274199,33.8933926],[-84.5274248,33.8927783],[-84.5274266,33.8925537],[-84.5274265,33.8924631],[-84.5274365,33.891859],[-84.5274375,33.8917872],[-84.5274906,33.8917003],[-84.5275391,33.8916316],[-84.5275656,33.8915629],[-84.5275469,33.8914877],[-84.5274922,33.8914345],[-84.5274516,33.8913683],[-84.5274538,33.8912857],[-84.5274525,33.8912318],[-84.527451,33.8911159],[-84.5274531,33.8909183],[-84.5274453,33.890751],[-84.5273331,33.890211],[-84.5272362,33.8897249]]},"properties":{"bicycle":"designated","foot":"designated","highway":"cycleway","lit":"yes","segregated":"no","surface":"concrete","osm_id":930856995,"osm_type":"way"}},{"type":"Feature","geometry":{"type":"LineString","coordinates":[[-84.3987624,33.7545397],[-84.3991098,33.7545435],[-84.399295,33.7545298],[-84.3995228,33.7544854],[-84.3997668,33.7543867],[-84.4000057,33.7542313]]},"properties":{"bridge":"yes","cycleway":"lane","highway":"secondary","layer":"1","name":"Martin Luther King Junior Drive Southwest","name:etymology:wikidata":"Q8027","tiger:reviewed":"no","osm_id":931082962,"osm_type":"way"}},{"type":"Feature","geometry":{"type":"LineString","coordinates":[[-84.367408,33.6804028],[-84.3684432,33.6810392],[-84.3685342,33.6810951],[-84.3690369,33.6813692],[-84.3697345,33.6816037],[-84.3703097,33.6816871],[-84.3707648,33.6817197],[-84.3713265,33.681685],[-84.3715545,33.6816529],[-84.3717194,33.6816171],[-84.371878,33.6815837],[-84.3720321,33.681544],[-84.3721846,33.681503],[-84.3723171,33.6814594],[-84.3725173,33.6813812],[-84.3726622,33.6813158],[-84.3728516,33.6812261],[-84.3730396,33.6811171],[-84.3732398,33.6810158],[-84.3734031,33.6809428],[-84.373551,33.6808787],[-84.3737313,33.6808069],[-84.3739223,33.6807543],[-84.3741041,33.6807069],[-84.3743922,33.6806453],[-84.3746448,33.6806184],[-84.3750238,33.680603],[-84.3753196,33.6805915],[-84.3755013,33.6805966],[-84.376079,33.680612],[-84.3764829,33.6806192],[-84.3765104,33.6806197],[-84.3767045,33.6806236],[-84.3774147,33.6806402],[-84.3776627,33.6806492],[-84.3784977,33.6806684],[-84.3788273,33.6806812],[-84.3795175,33.6806915],[-84.3795791,33.6807005],[-84.3796192,33.6807184],[-84.3796453,33.6807633],[-84.3796638,33.6808146],[-84.3796792,33.6809671],[-84.3796869,33.6811607],[-84.3796715,33.6815978],[-84.37965,33.6817824],[-84.3796269,33.6819209],[-84.3796238,33.6821593],[-84.379613,33.68244],[-84.3796053,33.6826144],[-84.3795976,33.6828323],[-84.3796084,33.682949],[-84.3796048,33.683267],[-84.3796119,33.6837794],[-84.3796225,33.6839812],[-84.3796119,33.6840739],[-84.3796048,33.6841873],[-84.3795712,33.6842919],[-84.37955,33.6843905],[-84.379527,33.6845128],[-84.3794173,33.684794],[-84.379373,33.6849516],[-84.3793129,33.6850914],[-84.3792527,33.6852122],[-84.379143,33.685436],[-84.3789837,33.6857526],[-84.3788457,33.6860147],[-84.3787767,33.6861384],[-84.3787289,33.6861973],[-84.3786457,33.6862915],[-84.3786174,33.6863504],[-84.3785926,33.6864343],[-84.3785679,33.6865477],[-84.3785165,33.6866581],[-84.3784298,33.6868083],[-84.3783555,33.6869143],[-84.3782334,33.6870572],[-84.3780724,33.6872427],[-84.3778795,33.6874606],[-84.3776795,33.6876756],[-84.3774742,33.6878611],[-84.3773269,33.6879775],[-84.3771874,33.6880646]]},"properties":{"bicycle":"designated","foot":"designated","highway":"cycleway","horse":"no","name":"Southtowne PATH Trail","osm_id":932667477,"osm_type":"way"}},{"type":"Feature","geometry":{"type":"LineString","coordinates":[[-84.3771874,33.6880646],[-84.3769217,33.6881981]]},"properties":{"bicycle":"designated","bridge":"yes","foot":"designated","highway":"cycleway","horse":"no","layer":"1","name":"Southtowne PATH Trail","osm_id":932667478,"osm_type":"way"}},{"type":"Feature","geometry":{"type":"LineString","coordinates":[[-84.4572852,33.8780186],[-84.4573154,33.8780579],[-84.4578811,33.8784954],[-84.4583548,33.8787791],[-84.4584123,33.8788136]]},"properties":{"bicycle":"designated","foot":"designated","highway":"cycleway","osm_id":932680532,"osm_type":"way"}},{"type":"Feature","geometry":{"type":"LineString","coordinates":[[-84.4588292,33.8790092],[-84.4588528,33.8790322],[-84.4589027,33.8790581],[-84.4597312,33.8795221]]},"properties":{"bicycle":"designated","foot":"designated","highway":"cycleway","osm_id":932680533,"osm_type":"way"}},{"type":"Feature","geometry":{"type":"LineString","coordinates":[[-84.4597241,33.8944431],[-84.4592529,33.8945326],[-84.4592019,33.8945783]]},"properties":{"bicycle":"designated","foot":"designated","highway":"cycleway","name":"Interstate North Parkway Trail","segregated":"no","smoothness":"good","surface":"concrete","width":"12'","osm_id":932682313,"osm_type":"way"}},{"type":"Feature","geometry":{"type":"LineString","coordinates":[[-84.3021261,33.6972493],[-84.3025027,33.6964161],[-84.3026901,33.6960915]]},"properties":{"bicycle":"designated","foot":"designated","highway":"cycleway","surface":"concrete","osm_id":933050875,"osm_type":"way"}},{"type":"Feature","geometry":{"type":"LineString","coordinates":[[-84.3026901,33.6960915],[-84.3027487,33.6960007],[-84.3028139,33.6958996]]},"properties":{"bicycle":"designated","crossing":"marked","crossing:markings":"ladder:paired","cycleway":"crossing","foot":"designated","highway":"cycleway","osm_id":933050876,"osm_type":"way"}},{"type":"Feature","geometry":{"type":"LineString","coordinates":[[-84.456045,33.8769886],[-84.4559474,33.8769834],[-84.4558205,33.8770284],[-84.4556472,33.8771676],[-84.4555257,33.8772974],[-84.4553527,33.8775173]]},"properties":{"bicycle":"designated","foot":"designated","highway":"cycleway","name":"Cumberland Trail","osm_id":934502218,"osm_type":"way"}},{"type":"Feature","geometry":{"type":"LineString","coordinates":[[-84.4579624,33.8240903],[-84.4579361,33.8240354],[-84.4577217,33.8235407],[-84.4575153,33.8232059],[-84.4572612,33.8228843],[-84.4569873,33.822599],[-84.4565922,33.8222428],[-84.45635,33.8220631],[-84.4561714,33.8219491],[-84.4559312,33.8217959],[-84.4558056,33.821722]]},"properties":{"bicycle":"designated","foot":"designated","highway":"cycleway","segregated":"no","surface":"concrete","osm_id":934514980,"osm_type":"way"}},{"type":"Feature","geometry":{"type":"LineString","coordinates":[[-84.4591341,33.8267046],[-84.4588253,33.825987],[-84.4587112,33.8257921],[-84.4586066,33.8255566]]},"properties":{"bicycle":"designated","foot":"designated","highway":"cycleway","segregated":"no","surface":"concrete","osm_id":934514981,"osm_type":"way"}},{"type":"Feature","geometry":{"type":"LineString","coordinates":[[-84.4586066,33.8255566],[-84.4579624,33.8240903]]},"properties":{"bicycle":"designated","bridge":"yes","foot":"designated","highway":"cycleway","layer":"1","surface":"concrete","osm_id":934514982,"osm_type":"way"}},{"type":"Feature","geometry":{"type":"LineString","coordinates":[[-84.4775539,33.8833828],[-84.4770414,33.8833905],[-84.4768195,33.883409],[-84.4767047,33.883433],[-84.4766055,33.8834517],[-84.4763623,33.883513],[-84.4763066,33.883531],[-84.4760215,33.8836351],[-84.476001,33.8836487],[-84.4759843,33.8836625],[-84.4759781,33.8836699]]},"properties":{"alt_name":"Spring Road Trail","bicycle":"designated","foot":"designated","highway":"cycleway","lit":"yes","motor_vehicle":"no","name":"Spring Road Trail","segregated":"no","surface":"concrete","osm_id":934760134,"osm_type":"way"}},{"type":"Feature","geometry":{"type":"LineString","coordinates":[[-84.5762411,33.8182201],[-84.5761531,33.8180521],[-84.5761108,33.8179781],[-84.5760689,33.8179048],[-84.5758987,33.8177225],[-84.5757326,33.8175851],[-84.5756116,33.8174904],[-84.5755581,33.8174485],[-84.5754428,33.8173619],[-84.5753099,33.8172621],[-84.5751865,33.817169],[-84.5749329,33.8169776],[-84.574703,33.8168041],[-84.5745703,33.816704],[-84.5744945,33.8166468],[-84.5742957,33.8164821],[-84.5741795,33.8163859],[-84.574033,33.8162633],[-84.5740161,33.816246],[-84.5738623,33.8160883],[-84.5738037,33.8160281],[-84.5735166,33.8157142],[-84.5732455,33.8153614],[-84.5730461,33.8150318],[-84.5728218,33.8146011],[-84.5726833,33.8142823],[-84.5726451,33.8141634],[-84.5725716,33.8139344],[-84.5724909,33.8136313],[-84.57245,33.8133903],[-84.5723802,33.8129016],[-84.5723721,33.8128373],[-84.5723241,33.8124597],[-84.5722975,33.8122506],[-84.5722775,33.8121074],[-84.5722487,33.8119003],[-84.5722299,33.8117666],[-84.5721672,33.811319],[-84.5721491,33.81119],[-84.5721231,33.8110041],[-84.572144,33.8109205],[-84.5721296,33.8108574],[-84.5721051,33.8107302],[-84.572102,33.8107141],[-84.5720762,33.8105208],[-84.5720013,33.8099591],[-84.5719882,33.8098613],[-84.5719431,33.8095229],[-84.5719047,33.8092353],[-84.5717558,33.8085726],[-84.571744,33.8085386],[-84.5716946,33.8083961],[-84.5716661,33.8083142],[-84.5716612,33.8083],[-84.5716214,33.8082092],[-84.5715336,33.8080093],[-84.5713675,33.8076311],[-84.570884,33.8069215],[-84.5707297,33.8067369],[-84.5700724,33.8059506],[-84.5699699,33.8058314],[-84.569902,33.8057525],[-84.5697996,33.8056288],[-84.569697,33.8055049],[-84.5691483,33.8048423],[-84.5690554,33.8047005],[-84.5689377,33.8045211],[-84.5688716,33.8044202],[-84.5686542,33.804027],[-84.5678151,33.8023607],[-84.5676959,33.8020362],[-84.56755,33.8017366],[-84.5675119,33.8016893],[-84.5674645,33.8015683],[-84.5674177,33.8014486],[-84.5673574,33.8014285],[-84.5671978,33.8011863],[-84.5668915,33.8007214],[-84.5668789,33.8007058],[-84.5668082,33.8006181],[-84.5667466,33.8004827],[-84.5667033,33.8004304],[-84.5666296,33.8003413],[-84.5664527,33.800115],[-84.566399,33.8000464],[-84.5663025,33.7999933],[-84.5658718,33.7994925],[-84.5658004,33.7994095],[-84.5653248,33.7988538],[-84.5649639,33.7984386],[-84.564673,33.7981056],[-84.5646082,33.7980042],[-84.5645487,33.797911],[-84.5643987,33.7977526],[-84.5643552,33.7977067],[-84.5642095,33.7975529],[-84.5640001,33.7973224],[-84.5638414,33.7971477],[-84.5636217,33.7968829],[-84.5635174,33.7967371],[-84.5634588,33.7966552],[-84.5631872,33.7963904],[-84.5628577,33.7960032],[-84.5627877,33.7958528],[-84.5625547,33.7956231],[-84.5625015,33.7955587],[-84.5624123,33.7954506],[-84.5622735,33.7953473],[-84.5616507,33.794605],[-84.5611764,33.7940904],[-84.560842,33.7937785],[-84.5607636,33.7936742],[-84.5607244,33.793627],[-84.5606673,33.7935582],[-84.5605994,33.7934765],[-84.5604775,33.7934796],[-84.5597726,33.792976],[-84.5594789,33.7928002],[-84.5591341,33.7925938],[-84.5584691,33.7922648],[-84.557868,33.7920131],[-84.5575793,33.7919101],[-84.5574329,33.7918579],[-84.5570533,33.7917272],[-84.5565548,33.7915978],[-84.5559307,33.7914614],[-84.5556329,33.7914191],[-84.5554286,33.7913901],[-84.5549482,33.7913231],[-84.5548493,33.7913129],[-84.5543122,33.7912467],[-84.5539788,33.7912076],[-84.5538585,33.7911935],[-84.5537304,33.7911785],[-84.5534516,33.7911735],[-84.5526719,33.7910019],[-84.5521058,33.7908414],[-84.5517639,33.7907054],[-84.551594,33.7906378],[-84.5510545,33.7904011],[-84.5506115,33.7901603],[-84.5502168,33.7899156],[-84.5498439,33.7896467],[-84.5497488,33.7895726],[-84.5496278,33.7894782],[-84.549454,33.7893719],[-84.5492325,33.7891737],[-84.549139,33.78909],[-84.5488345,33.788796],[-84.5486465,33.7886145],[-84.5481504,33.7881511],[-84.5479766,33.7879685],[-84.5476773,33.7877318],[-84.5476191,33.7876988],[-84.547531,33.7876488],[-84.5474456,33.7876004],[-84.5470691,33.7873834],[-84.5469217,33.7872984],[-84.5464136,33.7870045],[-84.5463049,33.7869512],[-84.546107,33.786854],[-84.5458958,33.7867554],[-84.5456001,33.7866173],[-84.5448602,33.786228],[-84.5443822,33.7859542],[-84.5441988,33.785842],[-84.5439199,33.7856713],[-84.5435162,33.785404],[-84.5431897,33.7851878],[-84.5427974,33.7849219],[-84.5426612,33.7848304],[-84.5423374,33.7846131],[-84.5421191,33.7844665],[-84.541658,33.7841254],[-84.5412995,33.7838816],[-84.5412179,33.7838272],[-84.5407479,33.7835135],[-84.5403985,33.7832915],[-84.540276,33.7832115],[-84.5393176,33.7825785],[-84.5386828,33.7821361],[-84.5386302,33.7821006],[-84.538142,33.7817709],[-84.5379995,33.7816842],[-84.5377727,33.7815462],[-84.5369818,33.7810382],[-84.5367793,33.7809081],[-84.5364136,33.7806754],[-84.5363443,33.7806249],[-84.5362498,33.780556],[-84.5361288,33.7804677]]},"properties":{"bicycle":"designated","foot":"designated","highway":"cycleway","name":"Mableton Trail","opening_date":"2021-09-15","segregated":"no","surface":"concrete","osm_id":936198357,"osm_type":"way"}},{"type":"Feature","geometry":{"type":"LineString","coordinates":[[-84.4547457,33.8787631],[-84.4546993,33.8788371],[-84.4546319,33.8789361],[-84.4545596,33.8790423]]},"properties":{"bicycle":"designated","crossing":"traffic_signals","crossing:markings":"surface","crossing:signals":"yes","cycleway":"crossing","foot":"designated","highway":"cycleway","surface":"paving_stones","osm_id":938140073,"osm_type":"way"}},{"type":"Feature","geometry":{"type":"LineString","coordinates":[[-84.4544994,33.8790641],[-84.4545596,33.8790423]]},"properties":{"bicycle":"designated","foot":"designated","highway":"cycleway","name":"Cobb Galleria Trail","surface":"concrete","osm_id":938140074,"osm_type":"way"}},{"type":"Feature","geometry":{"type":"LineString","coordinates":[[-84.4552307,33.8777174],[-84.4551679,33.8778439],[-84.4549421,33.8782499],[-84.4547356,33.8786359],[-84.4547457,33.8787631]]},"properties":{"bicycle":"designated","foot":"designated","highway":"cycleway","name":"Cumberland Trail","osm_id":938140075,"osm_type":"way"}},{"type":"Feature","geometry":{"type":"LineString","coordinates":[[-84.4553527,33.8775173],[-84.4552913,33.8776174],[-84.4552307,33.8777174]]},"properties":{"bicycle":"designated","crossing":"uncontrolled","crossing:markings":"ladder:paired","crossing:signals":"no","cycleway":"crossing","foot":"designated","highway":"cycleway","name":"Cumberland Trail","osm_id":938140076,"osm_type":"way"}},{"type":"Feature","geometry":{"type":"LineString","coordinates":[[-84.4564155,33.8766547],[-84.4563294,33.8766964],[-84.456215,33.876753]]},"properties":{"bicycle":"designated","crossing":"traffic_signals","crossing:markings":"ladder:paired","crossing:signals":"yes","cycleway":"crossing","foot":"designated","highway":"cycleway","name":"Cumberland Trail","osm_id":938140077,"osm_type":"way"}},{"type":"Feature","geometry":{"type":"LineString","coordinates":[[-84.455659,33.879998],[-84.4556751,33.8800155],[-84.4557649,33.8801127],[-84.4559418,33.8803056],[-84.45595,33.8803146]]},"properties":{"bicycle":"designated","foot":"designated","highway":"cycleway","name":"Cobb Galleria Trail","surface":"concrete","osm_id":938140078,"osm_type":"way"}},{"type":"Feature","geometry":{"type":"LineString","coordinates":[[-84.4560094,33.8803793],[-84.4560177,33.8803883],[-84.4561639,33.8805475],[-84.4562672,33.8806638],[-84.4563859,33.8808013],[-84.4564724,33.8809182],[-84.4565475,33.8810285],[-84.45657,33.8810692],[-84.456604,33.8811308]]},"properties":{"bicycle":"designated","foot":"designated","highway":"cycleway","name":"Cobb Galleria Trail","surface":"concrete","osm_id":938140080,"osm_type":"way"}},{"type":"Feature","geometry":{"type":"LineString","coordinates":[[-84.456604,33.8811308],[-84.4566252,33.8811781],[-84.4566661,33.8812632],[-84.4566927,33.8813158]]},"properties":{"bicycle":"designated","crossing":"traffic_signals","crossing:markings":"surface","crossing:signals":"yes","cycleway":"crossing","foot":"designated","highway":"cycleway","name":"Cobb Galleria Trail","surface":"paving_stones","osm_id":938140081,"osm_type":"way"}},{"type":"Feature","geometry":{"type":"LineString","coordinates":[[-84.4585121,33.8835489],[-84.4585261,33.8835544],[-84.4587402,33.8836621],[-84.4588334,33.8837156],[-84.4589226,33.8837812],[-84.459003,33.8838503],[-84.4590801,33.8839327],[-84.4592088,33.8840835],[-84.4592491,33.8841308],[-84.4595569,33.884491],[-84.4596374,33.8845845],[-84.4597695,33.8847354],[-84.4597909,33.8847699],[-84.4597999,33.8848068]]},"properties":{"bicycle":"designated","foot":"designated","highway":"cycleway","name":"Cobb Galleria Trail","segregated":"no","surface":"concrete","osm_id":938140082,"osm_type":"way"}},{"type":"Feature","geometry":{"type":"LineString","coordinates":[[-84.4583995,33.8834891],[-84.4584411,33.8835112],[-84.4585121,33.8835489]]},"properties":{"bicycle":"designated","crossing":"uncontrolled","crossing:markings":"ladder:paired","cycleway":"crossing","foot":"designated","highway":"cycleway","name":"Cobb Galleria Trail","surface":"concrete","osm_id":938140083,"osm_type":"way"}},{"type":"Feature","geometry":{"type":"LineString","coordinates":[[-84.4597999,33.8848068],[-84.4597986,33.8848296],[-84.4597932,33.8848513],[-84.4597818,33.884878],[-84.4597617,33.884902],[-84.4593466,33.8852811],[-84.4590931,33.8855093],[-84.4588562,33.8856896]]},"properties":{"bicycle":"designated","foot":"designated","highway":"cycleway","name":"Akers Mill W Trail","segregated":"no","surface":"concrete","osm_id":938140084,"osm_type":"way"}},{"type":"Feature","geometry":{"type":"LineString","coordinates":[[-84.4600075,33.8846153],[-84.4599695,33.884657],[-84.4598855,33.8847494],[-84.4598513,33.884787]]},"properties":{"bicycle":"designated","crossing":"traffic_signals","crossing:markings":"surface","crossing:signals":"yes","cycleway":"crossing","foot":"designated","highway":"cycleway","name":"Akers Mill W Trail","segregated":"no","surface":"paving_stones","osm_id":938140085,"osm_type":"way"}},{"type":"Feature","geometry":{"type":"LineString","coordinates":[[-84.4605147,33.884325],[-84.4602714,33.8844848],[-84.460091,33.8845948],[-84.4600674,33.8846033],[-84.4600439,33.8846073],[-84.4600177,33.884605]]},"properties":{"bicycle":"designated","foot":"designated","highway":"cycleway","name":"Akers Mill W Trail","segregated":"no","surface":"concrete","osm_id":938140104,"osm_type":"way"}},{"type":"Feature","geometry":{"type":"LineString","coordinates":[[-84.462176,33.8831007],[-84.4621225,33.8831538],[-84.4620727,33.8832031]]},"properties":{"bicycle":"designated","crossing":"traffic_signals","crossing:markings":"surface","crossing:signals":"yes","cycleway":"crossing","foot":"designated","highway":"cycleway","name":"Akers Mill W Trail","segregated":"no","surface":"concrete","osm_id":938140105,"osm_type":"way"}},{"type":"Feature","geometry":{"type":"LineString","coordinates":[[-84.4559744,33.8697273],[-84.4555663,33.8691274],[-84.4547436,33.868241],[-84.4546533,33.8681897],[-84.4546106,33.8682016],[-84.4543872,33.8684206],[-84.4543421,33.869336],[-84.4544395,33.8694168],[-84.4548173,33.8692018],[-84.4548553,33.8691071],[-84.4548268,33.8690302],[-84.4547531,33.8689473],[-84.4546106,33.8687559],[-84.4544889,33.8686007],[-84.4544149,33.8685164]]},"properties":{"bicycle":"designated","foot":"designated","highway":"cycleway","name":"Mountain to River Trail","segregated":"no","surface":"concrete","osm_id":938140122,"osm_type":"way"}},{"type":"Feature","geometry":{"type":"LineString","coordinates":[[-84.4565074,33.8737162],[-84.4565187,33.8736334],[-84.4565299,33.873552]]},"properties":{"bicycle":"designated","crossing":"traffic_signals","crossing:markings":"ladder","crossing:signals":"yes","cycleway":"crossing","foot":"designated","highway":"cycleway","name":"Mountain to River Trail","osm_id":938140123,"osm_type":"way"}},{"type":"Feature","geometry":{"type":"LineString","coordinates":[[-84.4565299,33.873552],[-84.456541,33.8734705],[-84.456678,33.8727072]]},"properties":{"bicycle":"designated","foot":"designated","highway":"cycleway","name":"Mountain to River Trail","osm_id":938140124,"osm_type":"way"}},{"type":"Feature","geometry":{"type":"LineString","coordinates":[[-84.456678,33.8727072],[-84.4566816,33.8726701],[-84.4566874,33.8726095]]},"properties":{"bicycle":"designated","crossing":"uncontrolled","crossing:markings":"ladder:paired","crossing:signals":"no","cycleway":"crossing","foot":"designated","highway":"cycleway","name":"Mountain to River Trail","osm_id":938140125,"osm_type":"way"}},{"type":"Feature","geometry":{"type":"LineString","coordinates":[[-84.4566874,33.8726095],[-84.4567559,33.8720963],[-84.4567099,33.8715949],[-84.4566906,33.8715136],[-84.4566476,33.8713497]]},"properties":{"bicycle":"designated","foot":"designated","highway":"cycleway","name":"Mountain to River Trail","osm_id":938140126,"osm_type":"way"}},{"type":"Feature","geometry":{"type":"LineString","coordinates":[[-84.4566476,33.8713497],[-84.4566217,33.8712809],[-84.4566151,33.8712633],[-84.4565903,33.8711976]]},"properties":{"bicycle":"designated","crossing":"traffic_signals","crossing:markings":"ladder:paired","crossing:signals":"yes","cycleway":"crossing","foot":"designated","highway":"cycleway","name":"Mountain to River Trail","segregated":"no","osm_id":938140127,"osm_type":"way"}},{"type":"Feature","geometry":{"type":"LineString","coordinates":[[-84.4563842,33.87049],[-84.4560547,33.8698553]]},"properties":{"bicycle":"designated","foot":"designated","highway":"cycleway","name":"Mountain to River Trail","surface":"concrete","osm_id":938140128,"osm_type":"way"}},{"type":"Feature","geometry":{"type":"LineString","coordinates":[[-84.4560547,33.8698553],[-84.4560342,33.8698206],[-84.4560055,33.8697731],[-84.4559744,33.8697273]]},"properties":{"bicycle":"designated","crossing":"marked","crossing:markings":"ladder","cycleway":"crossing","foot":"designated","highway":"cycleway","name":"Mountain to River Trail","osm_id":938140129,"osm_type":"way"}},{"type":"Feature","geometry":{"type":"LineString","coordinates":[[-84.4565482,33.8710739],[-84.4564786,33.8707695],[-84.4564375,33.8706142]]},"properties":{"bicycle":"designated","foot":"designated","highway":"cycleway","name":"Mountain to River Trail","segregated":"no","surface":"concrete","osm_id":938140130,"osm_type":"way"}},{"type":"Feature","geometry":{"type":"LineString","coordinates":[[-84.4564375,33.8706142],[-84.4564241,33.870583],[-84.4564111,33.8705526],[-84.4563842,33.87049]]},"properties":{"bicycle":"designated","crossing":"marked","crossing:markings":"ladder","cycleway":"crossing","foot":"designated","highway":"cycleway","name":"Mountain to River Trail","osm_id":938140131,"osm_type":"way"}},{"type":"Feature","geometry":{"type":"LineString","coordinates":[[-84.4584684,33.8755678],[-84.458367,33.8756138],[-84.4579264,33.8756449],[-84.4575215,33.8757101],[-84.4564419,33.8762177],[-84.4563578,33.8762172],[-84.4562821,33.8761832],[-84.4562192,33.8756242],[-84.4562291,33.8752845],[-84.4562824,33.8748258],[-84.4563989,33.8745082],[-84.456496,33.873799],[-84.4565074,33.8737162]]},"properties":{"bicycle":"designated","foot":"designated","highway":"cycleway","name":"Mountain to River Trail","osm_id":938140139,"osm_type":"way"}},{"type":"Feature","geometry":{"type":"LineString","coordinates":[[-84.4587055,33.8755861],[-84.458648,33.8755817],[-84.4585627,33.8755751],[-84.4584684,33.8755678]]},"properties":{"bicycle":"designated","crossing":"traffic_signals","crossing:markings":"ladder:paired","crossing:signals":"yes","cycleway":"crossing","foot":"designated","highway":"cycleway","name":"Mountain to River Trail","segregated":"no","osm_id":938140140,"osm_type":"way"}},{"type":"Feature","geometry":{"type":"LineString","coordinates":[[-84.4564345,33.8765656],[-84.4564591,33.876631],[-84.4565823,33.8769585],[-84.456619,33.8770556],[-84.4567683,33.8772895]]},"properties":{"bicycle":"designated","foot":"designated","highway":"cycleway","osm_id":938140149,"osm_type":"way"}},{"type":"Feature","geometry":{"type":"LineString","coordinates":[[-84.4567683,33.8772895],[-84.4567835,33.8773143],[-84.4568067,33.8773507],[-84.4568231,33.8773776]]},"properties":{"bicycle":"designated","crossing":"marked","crossing:markings":"ladder","cycleway":"crossing","foot":"designated","highway":"cycleway","osm_id":938140150,"osm_type":"way"}},{"type":"Feature","geometry":{"type":"LineString","coordinates":[[-84.4597312,33.8795221],[-84.4598085,33.8795875],[-84.4598897,33.8796432]]},"properties":{"bicycle":"designated","crossing":"marked","crossing:markings":"ladder:paired","cycleway":"crossing","foot":"designated","highway":"cycleway","osm_id":938140155,"osm_type":"way"}},{"type":"Feature","geometry":{"type":"LineString","coordinates":[[-84.4598897,33.8796432],[-84.4604274,33.8799442],[-84.4606506,33.8800666]]},"properties":{"bicycle":"designated","foot":"designated","highway":"cycleway","osm_id":938140156,"osm_type":"way"}},{"type":"Feature","geometry":{"type":"LineString","coordinates":[[-84.4607257,33.8801055],[-84.4607917,33.8801407],[-84.4608484,33.8801694]]},"properties":{"bicycle":"designated","crossing":"traffic_signals","crossing:markings":"ladder:paired","crossing:signals":"yes","cycleway":"crossing","foot":"designated","highway":"cycleway","osm_id":938140157,"osm_type":"way"}},{"type":"Feature","geometry":{"type":"LineString","coordinates":[[-84.4644024,33.8781709],[-84.4643794,33.8780564],[-84.464347,33.8778952],[-84.4643373,33.8778468]]},"properties":{"bicycle":"designated","crossing":"traffic_signals","crossing:markings":"ladder:paired","crossing:signals":"yes","cycleway":"crossing","foot":"designated","highway":"cycleway","segregated":"no","osm_id":938140158,"osm_type":"way"}},{"type":"Feature","geometry":{"type":"LineString","coordinates":[[-84.4567985,33.886955],[-84.456749,33.886923],[-84.4565785,33.8865765],[-84.4560755,33.8859206],[-84.4557035,33.8854778]]},"properties":{"bicycle":"designated","foot":"designated","highway":"cycleway","osm_id":938162168,"osm_type":"way"}},{"type":"Feature","geometry":{"type":"LineString","coordinates":[[-84.4588562,33.8856896],[-84.4586744,33.885818],[-84.4585857,33.8858806]]},"properties":{"bicycle":"designated","crossing":"marked","crossing:markings":"ladder","cycleway":"crossing","foot":"designated","highway":"cycleway","surface":"concrete","osm_id":938162203,"osm_type":"way"}},{"type":"Feature","geometry":{"type":"LineString","coordinates":[[-84.444269,33.7525215],[-84.4448429,33.7525382],[-84.4449208,33.7525197],[-84.4449968,33.7525366]]},"properties":{"foot":"yes","highway":"cycleway","name":"Lionel Hampton PATH Trail","osm_id":938607580,"osm_type":"way"}},{"type":"Feature","geometry":{"type":"LineString","coordinates":[[-84.4441149,33.752531],[-84.4441921,33.7525263],[-84.444269,33.7525215]]},"properties":{"bicycle":"designated","crossing":"marked","crossing:markings":"ladder:paired","cycleway":"crossing","foot":"designated","highway":"cycleway","name":"Lionel Hampton PATH Trail","osm_id":938607581,"osm_type":"way"}},{"type":"Feature","geometry":{"type":"LineString","coordinates":[[-84.4414364,33.7540829],[-84.4415383,33.754161],[-84.4416108,33.7541978],[-84.4416979,33.7542123],[-84.4417516,33.7542034],[-84.4421459,33.7540963],[-84.4425992,33.7539636],[-84.4428137,33.7539045],[-84.4429089,33.7538644],[-84.4429975,33.7538109],[-84.4430793,33.7537685],[-84.4432469,33.7537116],[-84.4433394,33.7536603],[-84.4434186,33.753589],[-84.4434749,33.7534942],[-84.4435057,33.7534228],[-84.4435473,33.7532801],[-84.4435835,33.7532221],[-84.4436854,33.7531318],[-84.4437123,33.7530827],[-84.4437123,33.7530281],[-84.4436734,33.7529567],[-84.4435929,33.7528274],[-84.4435701,33.7527549],[-84.443585,33.7525498],[-84.443585,33.7525275],[-84.4441149,33.752531]]},"properties":{"bicycle":"designated","foot":"designated","highway":"cycleway","name":"Lionel Hampton PATH Trail","osm_id":938607582,"osm_type":"way"}},{"type":"Feature","geometry":{"type":"LineString","coordinates":[[-84.4413372,33.7539803],[-84.4413774,33.754022],[-84.4414364,33.7540829]]},"properties":{"bicycle":"designated","crossing":"unmarked","cycleway":"crossing","foot":"designated","highway":"cycleway","name":"Lionel Hampton PATH Trail","osm_id":938607583,"osm_type":"way"}},{"type":"Feature","geometry":{"type":"LineString","coordinates":[[-84.4395736,33.7537016],[-84.4397654,33.7536514],[-84.4403005,33.753512],[-84.4403662,33.7534964],[-84.4404145,33.7535076],[-84.4404614,33.753531],[-84.440621,33.7536871],[-84.4406653,33.7537172],[-84.440727,33.7537373],[-84.4407927,33.753744],[-84.4410166,33.7537585],[-84.4411937,33.7537685],[-84.4412715,33.7537752],[-84.4413197,33.7537997],[-84.4413439,33.7538577],[-84.4413291,33.7539346],[-84.4413372,33.7539803]]},"properties":{"bicycle":"designated","foot":"designated","highway":"cycleway","name":"Lionel Hampton PATH Trail","osm_id":938607584,"osm_type":"way"}},{"type":"Feature","geometry":{"type":"LineString","coordinates":[[-84.4394129,33.7537462],[-84.4394961,33.7537225],[-84.4395736,33.7537016]]},"properties":{"bicycle":"designated","crossing":"unmarked","cycleway":"crossing","foot":"designated","highway":"cycleway","name":"Lionel Hampton PATH Trail","osm_id":938607585,"osm_type":"way"}},{"type":"Feature","geometry":{"type":"LineString","coordinates":[[-84.4130815,33.7554379],[-84.4130832,33.7547817]]},"properties":{"bicycle":"designated","foot":"designated","highway":"cycleway","osm_id":938613417,"osm_type":"way"}},{"type":"Feature","geometry":{"type":"LineString","coordinates":[[-84.4128413,33.7547774],[-84.4130832,33.7547817],[-84.4136584,33.7547895],[-84.4139151,33.7547844]]},"properties":{"bicycle":"designated","foot":"designated","highway":"cycleway","osm_id":938613421,"osm_type":"way"}},{"type":"Feature","geometry":{"type":"LineString","coordinates":[[-84.414084,33.7547975],[-84.4142936,33.7548025],[-84.4144352,33.754803],[-84.4152666,33.7548059]]},"properties":{"bicycle":"designated","foot":"designated","highway":"cycleway","osm_id":938613423,"osm_type":"way"}},{"type":"Feature","geometry":{"type":"LineString","coordinates":[[-84.4176682,33.756577],[-84.4175226,33.7565711],[-84.4174165,33.7565629]]},"properties":{"bicycle":"designated","crossing":"traffic_signals","crossing:markings":"ladder:paired","crossing:signals":"yes","cycleway":"crossing","foot":"designated","highway":"cycleway","name":"Lionel Hampton PATH Trail","osm_id":938613426,"osm_type":"way"}},{"type":"Feature","geometry":{"type":"LineString","coordinates":[[-84.4119411,33.6563674],[-84.4119689,33.656367],[-84.4135969,33.6572068],[-84.413663,33.6572385],[-84.4155553,33.6582223],[-84.4156834,33.6582857],[-84.4159712,33.6584397],[-84.4163147,33.6586236],[-84.4166361,33.6587882]]},"properties":{"foot":"no","highway":"cycleway","osm_id":940226836,"osm_type":"way"}},{"type":"Feature","geometry":{"type":"LineString","coordinates":[[-84.4096013,33.6618053],[-84.4097246,33.6615651],[-84.4098635,33.6612945]]},"properties":{"cycleway":"lane","highway":"primary","lanes":"2","maxspeed":"35 mph","name":"Dogwood Drive","old_name":"Stewart Avenue","ref":"US 19;US 41;GA 3","tiger:cfcc":"A21","tiger:county":"Fulton, GA","tiger:name_base":"Dogwood","tiger:name_base_1":"State Route 3","tiger:name_base_2":"United States Highway 41","tiger:name_base_3":"United States Highway 19","tiger:name_type":"Dr","tiger:reviewed":"no","tiger:zip_left":"30354","tiger:zip_right":"30354","osm_id":940229192,"osm_type":"way"}},{"type":"Feature","geometry":{"type":"LineString","coordinates":[[-84.408574,33.6648839],[-84.4085745,33.6646411],[-84.4085752,33.6643381],[-84.4085752,33.6643012],[-84.4085753,33.6642621]]},"properties":{"cycleway":"lane","highway":"primary","lanes":"2","maxspeed":"35 mph","name":"Dogwood Drive","old_name":"Stewart Avenue","ref":"US 19;US 41;GA 3","tiger:cfcc":"A21","tiger:county":"Fulton, GA","tiger:name_base":"Dogwood","tiger:name_base_1":"State Route 3","tiger:name_base_2":"United States Highway 41","tiger:name_base_3":"United States Highway 19","tiger:name_type":"Dr","tiger:reviewed":"no","tiger:zip_left":"30354","tiger:zip_right":"30354","osm_id":940229194,"osm_type":"way"}},{"type":"Feature","geometry":{"type":"LineString","coordinates":[[-84.3839306,33.6987518],[-84.3842987,33.6989676]]},"properties":{"bicycle":"designated","foot":"designated","highway":"cycleway","osm_id":940232905,"osm_type":"way"}},{"type":"Feature","geometry":{"type":"LineString","coordinates":[[-84.3776795,33.6876756],[-84.377767,33.687735]]},"properties":{"bicycle":"designated","foot":"designated","highway":"cycleway","osm_id":940232908,"osm_type":"way"}},{"type":"Feature","geometry":{"type":"LineString","coordinates":[[-84.3667152,33.6629056],[-84.3665064,33.6629319],[-84.3665585,33.6630693],[-84.3665673,33.6630987],[-84.3665863,33.6632099],[-84.3666033,33.6632437],[-84.3666943,33.6633424],[-84.3667072,33.6633841],[-84.3667253,33.6634737],[-84.3667588,33.6635434],[-84.3667602,33.6635857],[-84.3667751,33.6636216],[-84.3667758,33.6636873],[-84.3667773,33.6637424],[-84.3667583,33.6637922],[-84.3667455,33.6638331],[-84.3667441,33.6638793],[-84.3667224,33.6639117],[-84.3666994,33.6639345],[-84.366643,33.6639955],[-84.3666157,33.6640178],[-84.3666002,33.6640289],[-84.3665847,33.664031],[-84.3665649,33.6640307],[-84.3665465,33.6640183],[-84.3665044,33.6639746],[-84.366494,33.6639489],[-84.3664632,33.6639262],[-84.3664162,33.6639012],[-84.3663487,33.6638618],[-84.3663228,33.6638435],[-84.3663004,33.6638229],[-84.3662845,33.6637824],[-84.3662789,33.6637428],[-84.3662696,33.6637212],[-84.3662196,33.6636217],[-84.3662051,33.6635946],[-84.3661842,33.6635739],[-84.3661608,33.66355],[-84.3661297,33.6635292],[-84.366113,33.6635266],[-84.3660898,33.6635281],[-84.3660639,33.6635388],[-84.366021,33.6635366],[-84.3659648,33.6635196],[-84.3659072,33.6634941],[-84.3657671,33.6634164],[-84.3657133,33.6633864],[-84.3656749,33.6633723],[-84.3656454,33.6633784],[-84.3656236,33.6633867],[-84.3655608,33.6633782],[-84.3655223,33.6634031],[-84.3654559,33.663482],[-84.3654234,33.663514],[-84.3653921,33.6635353],[-84.3653385,33.6635409],[-84.3652658,33.6635422],[-84.3652135,33.6635501],[-84.3651715,33.6635479],[-84.3650802,33.6635273],[-84.3650323,33.6635112],[-84.3650141,33.6634904],[-84.3650125,33.6634717],[-84.365024,33.6634601],[-84.3650277,33.6634431],[-84.3650289,33.6634077],[-84.3650206,33.6633841],[-84.3650212,33.6633605],[-84.3649984,33.6633008],[-84.3650069,33.6632909],[-84.3650273,33.6632883],[-84.3651561,33.6633006],[-84.3652325,33.6632879],[-84.3653165,33.6632897],[-84.3653507,33.6632936],[-84.3654155,33.6632848],[-84.3655209,33.6632471],[-84.3655865,33.6632306],[-84.365642,33.6632454],[-84.3656707,33.6632725],[-84.3657057,33.6632969],[-84.3657866,33.6633383],[-84.3658359,33.6633554],[-84.3659102,33.6633681],[-84.3660159,33.6633604],[-84.3660691,33.6633486],[-84.366107,33.6633304],[-84.3661569,33.6632983],[-84.366173,33.6632748],[-84.3661791,33.6632421],[-84.366175,33.6632189],[-84.3661683,33.6631965],[-84.3661564,33.6631825],[-84.3661446,33.6631691],[-84.366126,33.6631661],[-84.3661074,33.6631661],[-84.3660906,33.6631515],[-84.3660815,33.6631234],[-84.3660814,33.6631008],[-84.366089,33.6630782],[-84.3661195,33.6630369],[-84.3661306,33.6630119],[-84.3661302,33.6629955],[-84.3661257,33.6629672],[-84.366093,33.6629322],[-84.3660588,33.6629109],[-84.3660257,33.6629064],[-84.3659824,33.6629136],[-84.3659553,33.6629105],[-84.3659371,33.6629],[-84.3659059,33.6628769],[-84.3658457,33.6628212],[-84.3657932,33.6627655],[-84.3657848,33.6627386],[-84.3657687,33.6627159],[-84.3657661,33.6626826],[-84.3657506,33.662644],[-84.3657164,33.6626105],[-84.3656668,33.6625805],[-84.3656362,33.6625632],[-84.3656015,33.6625395],[-84.365586,33.6625303],[-84.3655591,33.6625263],[-84.3655166,33.6625264],[-84.3654817,33.6625381],[-84.3653993,33.6625424],[-84.36535,33.6625679],[-84.3653318,33.6625743],[-84.3653148,33.6625744],[-84.3652753,33.6625705],[-84.3652141,33.6625559],[-84.3651803,33.6625584],[-84.365144,33.6625725],[-84.3651129,33.6625869],[-84.3650946,33.6626087],[-84.3650812,33.6626367],[-84.3650739,33.6626534],[-84.3650836,33.6626713],[-84.365087,33.6626913],[-84.3650862,33.6627151],[-84.3650765,33.662731],[-84.3650111,33.6627261],[-84.364979,33.6627489],[-84.3649647,33.6627693],[-84.3649594,33.6628017],[-84.3649893,33.6628186],[-84.3650462,33.6628325],[-84.3650589,33.6628499],[-84.3650591,33.662868],[-84.3650397,33.6629097],[-84.3650058,33.6629765],[-84.3649938,33.6630036],[-84.3649728,33.6630201],[-84.364938,33.6630209],[-84.3648996,33.6630111],[-84.364841,33.6630322],[-84.3647883,33.6630254],[-84.3646904,33.6630232],[-84.3645875,33.6630084],[-84.3644972,33.6629801],[-84.3644325,33.6629721],[-84.3643875,33.6629779],[-84.3643534,33.6629986],[-84.3643262,33.6630202],[-84.3643027,33.6630492],[-84.3642987,33.6630747],[-84.3643019,33.6631002],[-84.3643376,33.6631738],[-84.3643696,33.663236],[-84.3644135,33.6632926],[-84.3644357,33.6633514],[-84.3645168,33.663443],[-84.3645425,33.663479],[-84.3645438,33.6635285],[-84.3645089,33.6635821],[-84.3644506,33.6636664],[-84.3643857,33.6636873],[-84.3643377,33.6637089],[-84.3642924,33.6637359],[-84.3642518,33.6637605],[-84.3642113,33.663785],[-84.364192,33.6637936],[-84.3641781,33.6638186],[-84.3641602,33.6638702],[-84.3641822,33.6639019],[-84.3641807,33.6639426],[-84.3641738,33.6639698],[-84.3641543,33.6639984],[-84.3641218,33.6640228],[-84.3640987,33.6640318],[-84.3640741,33.664032],[-84.3640469,33.6640294],[-84.3640211,33.6640117],[-84.363997,33.6639662],[-84.3640001,33.6638961],[-84.3640139,33.6638297],[-84.3640017,33.6636724],[-84.3640018,33.6636293],[-84.3640186,33.6635861],[-84.3640209,33.6635519],[-84.3640111,33.6635202],[-84.3639967,33.6634816],[-84.3639793,33.6634316],[-84.3639248,33.663379],[-84.3638899,33.6633276],[-84.3637884,33.6632261],[-84.3637339,33.6631658],[-84.363699,33.6631054],[-84.3636763,33.66305],[-84.363667,33.6630058],[-84.3636515,33.6629705],[-84.3636314,33.6629492],[-84.363594,33.662943],[-84.3635536,33.6629443],[-84.3634856,33.6629444],[-84.3634298,33.6629395],[-84.3634051,33.6629239],[-84.3633941,33.662907],[-84.3633857,33.6628757],[-84.3633991,33.6628282],[-84.3634292,33.662792],[-84.3634471,33.6627508],[-84.3634508,33.6627283],[-84.3634408,33.6627071],[-84.363439,33.6626457],[-84.3634432,33.6626046],[-84.3634599,33.6625816],[-84.3634773,33.6625352],[-84.3634664,33.6624967],[-84.3634419,33.6624646],[-84.3634007,33.6623933],[-84.3633695,33.6623665],[-84.3633186,33.6623309],[-84.3632917,33.6622923],[-84.3632871,33.6622294],[-84.3632961,33.662181],[-84.3632701,33.6620943],[-84.3632554,33.6620633],[-84.3632332,33.6620387],[-84.3632132,33.6620127],[-84.3631933,33.6619994],[-84.3631726,33.6619993],[-84.3631518,33.6620094],[-84.3631433,33.6620257],[-84.3631396,33.6620532],[-84.3631572,33.662097],[-84.3631604,33.6621257],[-84.3631499,33.6621519],[-84.3631334,33.6622158],[-84.3631563,33.6623049],[-84.3631323,33.6623655],[-84.3631276,33.6624242],[-84.363113,33.662438],[-84.3630991,33.6624413],[-84.3630879,33.6624362],[-84.3630793,33.6624267],[-84.3630775,33.6624033],[-84.3630836,33.6623706],[-84.3630801,33.6623477],[-84.3630623,33.6623229],[-84.3630532,33.6622945],[-84.3630547,33.6622434],[-84.3630434,33.6622047],[-84.3630424,33.6621719],[-84.3630296,33.6621481],[-84.3629907,33.6620976],[-84.3629325,33.6620356],[-84.3628888,33.6619619],[-84.3628594,33.6619215],[-84.3628161,33.6618838],[-84.3628209,33.6618522],[-84.3628182,33.6618282],[-84.3628052,33.6617816],[-84.3627178,33.66161],[-84.362682,33.6615224],[-84.362623,33.6614696],[-84.3626086,33.6614013],[-84.3625593,33.6613078],[-84.3624896,33.6612092],[-84.3624837,33.6611648],[-84.362513,33.6611008],[-84.3625394,33.6610356],[-84.362576,33.660989],[-84.3626172,33.6609626],[-84.3626775,33.6609456],[-84.3627492,33.6609306],[-84.3628926,33.6608916],[-84.3629801,33.660882],[-84.363057,33.6608635],[-84.3631324,33.6608627],[-84.3632032,33.6608442],[-84.3632335,33.6608325],[-84.3632897,33.6608247],[-84.3633519,33.6608427],[-84.3633837,33.660862],[-84.3634204,33.6608915],[-84.3634388,33.6609336],[-84.3634443,33.6609763],[-84.3634392,33.6610228],[-84.363432,33.6610596],[-84.3633822,33.6611242],[-84.3633559,33.6611376],[-84.363319,33.6611446],[-84.3632315,33.6612028],[-84.3631255,33.6612421],[-84.3630817,33.6612764],[-84.3630429,33.6613761],[-84.3630242,33.6614105],[-84.3630224,33.6614586],[-84.3630086,33.6615194],[-84.3630023,33.6615492],[-84.3629855,33.6615891],[-84.3629943,33.6616272],[-84.3630199,33.6616391],[-84.363053,33.6616447],[-84.3630966,33.6616558],[-84.3632716,33.661764],[-84.3632962,33.6617978],[-84.3633102,33.6618468],[-84.3633765,33.6619084],[-84.3634034,33.6619573],[-84.363412,33.6619837],[-84.3634116,33.6620126],[-84.3633983,33.6620542],[-84.3633743,33.6620945],[-84.3633999,33.6621432],[-84.3634668,33.6621942],[-84.3634989,33.6622452],[-84.3636333,33.6623241],[-84.3636748,33.6623623],[-84.3637283,33.6624006],[-84.3637688,33.6624426],[-84.36381,33.6624897],[-84.3638512,33.6625186],[-84.36389,33.6625266],[-84.3639303,33.6625259],[-84.3639946,33.6625215],[-84.3640466,33.6625321],[-84.3640862,33.6625452],[-84.3641143,33.6625637],[-84.3641709,33.6626067],[-84.3642049,33.6626192],[-84.3642427,33.6626232],[-84.3642622,33.6626244],[-84.3642817,33.6626171],[-84.3643012,33.6626045],[-84.3643143,33.6625898],[-84.3643262,33.6625655],[-84.3643292,33.6625412],[-84.3643087,33.662453],[-84.364308,33.6623318],[-84.3643172,33.6622642],[-84.3643191,33.6622055],[-84.3643103,33.6621266],[-84.3642986,33.6620901],[-84.3642743,33.6620627],[-84.3642582,33.6620491],[-84.3642295,33.662043],[-84.3641177,33.662046],[-84.3640627,33.6620519],[-84.3640041,33.6620654],[-84.3639663,33.6620639],[-84.3639102,33.6620604],[-84.3638786,33.6620512],[-84.3638451,33.662048],[-84.3638052,33.6620505],[-84.3637744,33.6620545],[-84.3637237,33.6620677],[-84.3636676,33.6620613],[-84.3636337,33.6620457],[-84.3636088,33.6620181],[-84.3635806,33.6619749],[-84.3635709,33.6618635],[-84.3635611,33.6618218],[-84.3635015,33.6617538],[-84.3634354,33.6616707],[-84.3634254,33.6616185],[-84.3634293,33.6615448],[-84.3634528,33.6614892],[-84.3634592,33.6614353],[-84.3634955,33.6613937],[-84.3636148,33.6613209],[-84.3636605,33.6613017],[-84.3637018,33.66127],[-84.363746,33.661203],[-84.363809,33.6611034],[-84.3638373,33.6610411],[-84.3638398,33.6609841],[-84.3638251,33.6608973],[-84.3638011,33.6608552],[-84.3637649,33.6608156],[-84.3636676,33.660751],[-84.3635683,33.660731],[-84.3634264,33.6607363],[-84.3633716,33.6607091],[-84.3633107,33.6606958],[-84.3632003,33.6606812],[-84.3630792,33.660666],[-84.362958,33.660628]]},"properties":{"bicycle":"designated","foot":"designated","highway":"path","horse":"no","motor_vehicle":"no","name":"Southside Park MTB - Oak Trail","surface":"dirt","width":"0.3","osm_id":941150525,"osm_type":"way"}},{"type":"Feature","geometry":{"type":"LineString","coordinates":[[-84.36749,33.6623264],[-84.3674665,33.6622175],[-84.3674687,33.6621658],[-84.3674806,33.6621123],[-84.3675203,33.6620428],[-84.3674593,33.6619634],[-84.3674282,33.661859],[-84.3673489,33.6617608],[-84.3673296,33.6617118],[-84.3673361,33.6616681],[-84.3673919,33.6616495],[-84.3674564,33.6616399],[-84.3675662,33.661626],[-84.3678513,33.6616201],[-84.3679398,33.6616368],[-84.3681159,33.6613014],[-84.3681779,33.6611514],[-84.3681958,33.6610697]]},"properties":{"bicycle":"designated","foot":"designated","highway":"path","horse":"no","motor_vehicle":"no","osm_id":941150526,"osm_type":"way"}},{"type":"Feature","geometry":{"type":"LineString","coordinates":[[-84.2649905,33.7796508],[-84.2649437,33.7795962],[-84.264919,33.7795692]]},"properties":{"bicycle":"designated","crossing":"marked","crossing:markings":"zebra","cycleway":"crossing","foot":"designated","highway":"cycleway","osm_id":941603299,"osm_type":"way"}},{"type":"Feature","geometry":{"type":"LineString","coordinates":[[-84.451334,33.654588],[-84.451475,33.6545888],[-84.45222,33.654593],[-84.452291,33.654599],[-84.4524051,33.6546086],[-84.452475,33.654614],[-84.452776,33.654663],[-84.452829,33.654677],[-84.453069,33.654738],[-84.453208,33.654787],[-84.453352,33.654838],[-84.45362,33.654963],[-84.453889,33.655119]]},"properties":{"cycleway":"lane","highway":"residential","name":"Princeton Drive","tiger:cfcc":"A41","tiger:county":"Fulton, GA","tiger:name_base":"Princeton","tiger:name_type":"Dr","tiger:reviewed":"no","tiger:zip_left":"30337","osm_id":942409482,"osm_type":"way"}},{"type":"Feature","geometry":{"type":"LineString","coordinates":[[-84.4540039,33.8587052],[-84.4552592,33.8592004]]},"properties":{"bicycle":"designated","bridge":"yes","foot":"designated","highway":"cycleway","layer":"1","segregated":"no","surface":"concrete","osm_id":942413421,"osm_type":"way"}},{"type":"Feature","geometry":{"type":"LineString","coordinates":[[-84.4552592,33.8592004],[-84.4554792,33.8592857],[-84.4556428,33.8592945],[-84.4557601,33.8593389]]},"properties":{"bicycle":"designated","foot":"designated","highway":"cycleway","surface":"concrete","osm_id":942413422,"osm_type":"way"}},{"type":"Feature","geometry":{"type":"LineString","coordinates":[[-84.4540039,33.8587052],[-84.453921,33.8586733],[-84.4538073,33.8586124],[-84.4536365,33.8585354],[-84.4536041,33.8585226]]},"properties":{"bicycle":"designated","foot":"designated","highway":"cycleway","motor_vehicle":"no","segregated":"no","surface":"concrete","osm_id":942413423,"osm_type":"way"}},{"type":"Feature","geometry":{"type":"LineString","coordinates":[[-84.4549168,33.821161],[-84.4547958,33.8210797],[-84.4545732,33.8209552],[-84.4544519,33.8208878]]},"properties":{"bicycle":"designated","foot":"designated","highway":"cycleway","segregated":"no","surface":"concrete","osm_id":945316146,"osm_type":"way"}},{"type":"Feature","geometry":{"type":"LineString","coordinates":[[-84.4074608,33.8239245],[-84.4074631,33.8239661],[-84.4074644,33.8239939]]},"properties":{"bicycle":"designated","crossing":"uncontrolled","crossing:markings":"ladder:paired","cycleway":"crossing","foot":"designated","highway":"cycleway","osm_id":945644544,"osm_type":"way"}},{"type":"Feature","geometry":{"type":"LineString","coordinates":[[-84.4074644,33.8239939],[-84.4074657,33.8240183],[-84.4074682,33.8240626]]},"properties":{"bicycle":"designated","cycleway":"traffic_island","foot":"designated","highway":"cycleway","osm_id":945644545,"osm_type":"way"}},{"type":"Feature","geometry":{"type":"LineString","coordinates":[[-84.4074657,33.8240183],[-84.4074986,33.824016]]},"properties":{"bicycle":"designated","cycleway":"traffic_island","foot":"designated","highway":"cycleway","osm_id":945644546,"osm_type":"way"}},{"type":"Feature","geometry":{"type":"LineString","coordinates":[[-84.4074986,33.824016],[-84.4075818,33.8240151],[-84.4076507,33.8240144]]},"properties":{"bicycle":"designated","crossing":"traffic_signals","crossing:markings":"ladder:paired","cycleway":"crossing","foot":"designated","highway":"cycleway","osm_id":945644547,"osm_type":"way"}},{"type":"Feature","geometry":{"type":"LineString","coordinates":[[-84.4074995,33.8242451],[-84.4075812,33.8242433],[-84.4076821,33.8242411]]},"properties":{"bicycle":"designated","crossing":"traffic_signals","crossing:markings":"ladder:paired","cycleway":"crossing","foot":"designated","highway":"cycleway","osm_id":945644548,"osm_type":"way"}},{"type":"Feature","geometry":{"type":"LineString","coordinates":[[-84.4076507,33.8240144],[-84.4076897,33.8240563]]},"properties":{"bicycle":"designated","foot":"designated","highway":"cycleway","osm_id":945644549,"osm_type":"way"}},{"type":"Feature","geometry":{"type":"LineString","coordinates":[[-84.4074682,33.8240626],[-84.4074712,33.8241422],[-84.4074729,33.8241874]]},"properties":{"bicycle":"designated","crossing":"traffic_signals","crossing:markings":"ladder:paired","cycleway":"crossing","foot":"designated","highway":"cycleway","osm_id":945644550,"osm_type":"way"}},{"type":"Feature","geometry":{"type":"LineString","coordinates":[[-84.4074577,33.8242538],[-84.4074258,33.8242699],[-84.4073968,33.8242846]]},"properties":{"bicycle":"designated","crossing":"uncontrolled","crossing:markings":"ladder:paired","cycleway":"crossing","foot":"designated","highway":"cycleway","osm_id":945644553,"osm_type":"way"}},{"type":"Feature","geometry":{"type":"LineString","coordinates":[[-84.4074804,33.8208822],[-84.4073524,33.820978]]},"properties":{"bicycle":"designated","bridge":"yes","foot":"designated","highway":"cycleway","layer":"1","name":"Peachtree Battle Trail","osm_id":945644554,"osm_type":"way"}},{"type":"Feature","geometry":{"type":"LineString","coordinates":[[-84.4075077,33.8208031],[-84.4074804,33.8208822]]},"properties":{"bicycle":"designated","foot":"designated","highway":"cycleway","name":"Peachtree Battle Trail","osm_id":945644555,"osm_type":"way"}},{"type":"Feature","geometry":{"type":"LineString","coordinates":[[-84.397436,33.8133754],[-84.3974108,33.8133754],[-84.3970161,33.8133903],[-84.3968302,33.8134296],[-84.3966664,33.8134871],[-84.3965246,33.8135866],[-84.3964711,33.8136651],[-84.3964396,33.8137541],[-84.3964259,33.8138378],[-84.3964144,33.8139076]]},"properties":{"bicycle":"designated","cycleway":"crossing","foot":"designated","highway":"cycleway","osm_id":945644556,"osm_type":"way"}},{"type":"Feature","geometry":{"type":"LineString","coordinates":[[-84.4075077,33.8208031],[-84.4075122,33.820706],[-84.4075112,33.8206431],[-84.4075094,33.820633],[-84.4075093,33.8205908]]},"properties":{"bicycle":"designated","crossing":"traffic_signals","crossing:markings":"ladder:paired","crossing:signals":"yes","cycleway":"crossing","foot":"designated","highway":"cycleway","osm_id":945644557,"osm_type":"way"}},{"type":"Feature","geometry":{"type":"LineString","coordinates":[[-84.4075077,33.8208031],[-84.4076265,33.8207424],[-84.4076973,33.8207005]]},"properties":{"bicycle":"designated","crossing":"traffic_signals","crossing:markings":"ladder:paired","crossing:signals":"yes","cycleway":"crossing","foot":"designated","highway":"cycleway","osm_id":945644558,"osm_type":"way"}},{"type":"Feature","geometry":{"type":"LineString","coordinates":[[-84.3998483,33.8162637],[-84.3999158,33.8162675],[-84.3999157,33.8160451]]},"properties":{"bicycle":"designated","foot":"designated","highway":"cycleway","osm_id":945644559,"osm_type":"way"}},{"type":"Feature","geometry":{"type":"LineString","coordinates":[[-84.3590162,33.8205813],[-84.3590044,33.8205285],[-84.3590489,33.8203664],[-84.3592032,33.8202613],[-84.35956,33.8195247],[-84.3598385,33.8193262],[-84.3601078,33.8190746],[-84.3603804,33.8189623],[-84.3626335,33.8183098],[-84.3631579,33.8182105],[-84.3632469,33.8182185],[-84.3633775,33.8182303],[-84.3634897,33.8183109]]},"properties":{"bicycle":"designated","foot":"designated","highway":"cycleway","name":"Creek Walk Connector Multi-use Path","segregated":"no","surface":"paved","width":"4","osm_id":946485966,"osm_type":"way"}},{"type":"Feature","geometry":{"type":"LineString","coordinates":[[-84.3139358,33.8893362],[-84.3140279,33.8892826],[-84.3142146,33.8892785],[-84.31459,33.8893435],[-84.3148687,33.8893605],[-84.3151415,33.8893191],[-84.3153923,33.889224],[-84.3155638,33.8891368],[-84.3155042,33.8890893]]},"properties":{"bicycle":"designated","foot":"designated","highway":"cycleway","name":"Chamblee Rail Trail","surface":"concrete","osm_id":949153541,"osm_type":"way"}},{"type":"Feature","geometry":{"type":"LineString","coordinates":[[-84.3271666,33.8957288],[-84.3274345,33.8957224],[-84.3275133,33.8957078],[-84.3275381,33.8957032],[-84.3276662,33.8956658]]},"properties":{"bicycle":"designated","foot":"designated","highway":"cycleway","osm_id":949153581,"osm_type":"way"}},{"type":"Feature","geometry":{"type":"LineString","coordinates":[[-84.3204344,33.8918192],[-84.3207851,33.89082],[-84.3209158,33.8905808],[-84.3209344,33.8905501],[-84.3208678,33.8905048],[-84.3204422,33.8903435],[-84.3204009,33.8903064],[-84.3203216,33.8902795],[-84.319991,33.8901256],[-84.3198928,33.8900579],[-84.3197453,33.88998],[-84.3196627,33.8899411],[-84.3195711,33.8898725],[-84.3195532,33.88984],[-84.3194985,33.8898141],[-84.3193656,33.889713],[-84.3192372,33.8895916],[-84.3190562,33.8894043],[-84.3188444,33.8891191],[-84.3186898,33.8888731],[-84.318557,33.8885592]]},"properties":{"bicycle":"designated","foot":"designated","highway":"cycleway","osm_id":949153587,"osm_type":"way"}},{"type":"Feature","geometry":{"type":"LineString","coordinates":[[-84.3298147,33.8980961],[-84.3298547,33.8981944],[-84.3299249,33.8983975],[-84.3299871,33.8985688],[-84.3300595,33.8987625],[-84.3300877,33.8988705],[-84.3300971,33.8989629],[-84.3301037,33.8991017],[-84.3301176,33.8991655],[-84.3301959,33.8992341],[-84.3302836,33.8992752],[-84.3303758,33.8992765],[-84.3305389,33.8992544],[-84.3306161,33.8993203],[-84.3306479,33.8993827],[-84.3307029,33.8994634],[-84.3308014,33.8994912],[-84.3309062,33.8994783],[-84.3309795,33.8994163],[-84.3309982,33.8992389],[-84.3310207,33.8991141],[-84.3310677,33.8990264],[-84.331135,33.8989896],[-84.3311682,33.8990051],[-84.3312068,33.8989974],[-84.3313213,33.8992019],[-84.3314266,33.8994136],[-84.3315437,33.8996474],[-84.331647,33.8998702],[-84.3317097,33.9000055],[-84.3317705,33.9002873],[-84.3317905,33.9004556],[-84.3317759,33.9006258],[-84.3316964,33.9009444],[-84.3315996,33.9012258],[-84.3314462,33.9016698],[-84.331276,33.9020837],[-84.3311666,33.9024141]]},"properties":{"bicycle":"designated","foot":"designated","highway":"cycleway","name":"Nancy Creek PATH Trail","surface":"paved","osm_id":949155140,"osm_type":"way"}},{"type":"Feature","geometry":{"type":"LineString","coordinates":[[-84.3312121,33.9034227],[-84.3312488,33.9035608],[-84.331283,33.9038526]]},"properties":{"bridge":"yes","foot":"yes","highway":"cycleway","layer":"1","name":"Nancy Creek PATH Trail","surface":"paved","osm_id":949155141,"osm_type":"way"}},{"type":"Feature","geometry":{"type":"LineString","coordinates":[[-84.3152948,33.8838827],[-84.314485,33.8842902],[-84.314368,33.8843609],[-84.3141873,33.884439],[-84.3125131,33.8852833]]},"properties":{"bicycle":"designated","foot":"designated","highway":"cycleway","name":"Chamblee Rail Trail","oneway":"no","segregated":"no","surface":"concrete","osm_id":949451022,"osm_type":"way"}},{"type":"Feature","geometry":{"type":"LineString","coordinates":[[-84.3125131,33.8852833],[-84.3124112,33.8853129],[-84.3123255,33.8853378]]},"properties":{"bicycle":"designated","crossing":"marked","crossing:markings":"lines","cycleway":"crossing","foot":"designated","highway":"cycleway","name":"Chamblee Rail Trail","osm_id":949451023,"osm_type":"way"}},{"type":"Feature","geometry":{"type":"LineString","coordinates":[[-84.3143969,33.8876712],[-84.3144201,33.8877043],[-84.3145118,33.8877575],[-84.3146759,33.8878274]]},"properties":{"bicycle":"designated","foot":"designated","highway":"cycleway","osm_id":949451085,"osm_type":"way"}},{"type":"Feature","geometry":{"type":"LineString","coordinates":[[-84.3103265,33.8864303],[-84.3100323,33.886562]]},"properties":{"bicycle":"designated","foot":"designated","highway":"cycleway","name":"Chamblee Rail Trail","oneway":"no","segregated":"no","osm_id":949451091,"osm_type":"way"}},{"type":"Feature","geometry":{"type":"LineString","coordinates":[[-84.3099074,33.8866169],[-84.3098929,33.8866439],[-84.309105,33.8870427],[-84.309077,33.8870468]]},"properties":{"bicycle":"designated","foot":"designated","highway":"cycleway","name":"Chamblee Rail Trail","segregated":"no","osm_id":949451092,"osm_type":"way"}},{"type":"Feature","geometry":{"type":"LineString","coordinates":[[-84.3099074,33.8866169],[-84.3099564,33.8865945],[-84.3100323,33.886562]]},"properties":{"bicycle":"designated","crossing":"marked","crossing:markings":"surface","cycleway":"crossing","foot":"designated","highway":"cycleway","name":"Chamblee Rail Trail","osm_id":949451093,"osm_type":"way"}},{"type":"Feature","geometry":{"type":"LineString","coordinates":[[-84.3083465,33.8871905],[-84.3083295,33.8872228],[-84.3082418,33.8872922],[-84.3071817,33.8878216]]},"properties":{"bicycle":"designated","foot":"designated","highway":"cycleway","name":"Chamblee Rail Trail","oneway":"no","segregated":"no","osm_id":949451112,"osm_type":"way"}},{"type":"Feature","geometry":{"type":"LineString","coordinates":[[-84.3071817,33.8878216],[-84.3071149,33.8878544],[-84.3070471,33.8878884]]},"properties":{"bicycle":"designated","crossing":"marked","crossing:markings":"ladder","cycleway":"crossing","foot":"designated","highway":"cycleway","name":"Chamblee Rail Trail","osm_id":949451113,"osm_type":"way"}},{"type":"Feature","geometry":{"type":"LineString","coordinates":[[-84.3070471,33.8878884],[-84.3066536,33.8880832],[-84.3066087,33.8881054]]},"properties":{"bicycle":"designated","foot":"designated","highway":"cycleway","name":"Chamblee Rail Trail","oneway":"no","segregated":"no","osm_id":949451114,"osm_type":"way"}},{"type":"Feature","geometry":{"type":"LineString","coordinates":[[-84.3066087,33.8881054],[-84.3065468,33.88813],[-84.3064646,33.8881646]]},"properties":{"bicycle":"designated","crossing":"marked","crossing:markings":"yes","cycleway":"crossing","foot":"designated","highway":"cycleway","name":"Chamblee Rail Trail","osm_id":949451115,"osm_type":"way"}},{"type":"Feature","geometry":{"type":"LineString","coordinates":[[-84.3086331,33.887065],[-84.3096627,33.8865603]]},"properties":{"bicycle":"designated","foot":"designated","highway":"cycleway","name":"Chamblee Rail Trail","oneway":"no","segregated":"no","surface":"concrete","osm_id":949456028,"osm_type":"way"}},{"type":"Feature","geometry":{"type":"LineString","coordinates":[[-84.2971341,33.8050545],[-84.2972028,33.8050474],[-84.2973401,33.8050474],[-84.2974946,33.8050545],[-84.2976491,33.8050545],[-84.297735,33.8050545],[-84.2978771,33.8051091],[-84.2979683,33.8051469]]},"properties":{"foot":"yes","highway":"cycleway","name":"South Peachtree Creek PATH Trail","surface":"wood","osm_id":956447009,"osm_type":"way"}},{"type":"Feature","geometry":{"type":"LineString","coordinates":[[-84.3243036,33.8436597],[-84.3246898,33.8438241],[-84.3255036,33.8440523],[-84.3256558,33.8440968]]},"properties":{"bicycle":"designated","foot":"designated","highway":"cycleway","name":"Briarwood MUP","segregated":"no","surface":"concrete","osm_id":957940765,"osm_type":"way"}},{"type":"Feature","geometry":{"type":"LineString","coordinates":[[-84.2506383,33.8283013],[-84.2509233,33.82812],[-84.2511517,33.8279891]]},"properties":{"cycleway":"lane","highway":"primary","lanes":"4","maxspeed":"45 mph","name":"Lawrenceville Highway","oneway":"yes","ref":"US 29;GA 8","sidewalk:left":"no","sidewalk:right":"separate","source:maxspeed":"survey 2014-05-27","tiger:county":"DeKalb, GA","turn:lanes":"none|none|none|right","osm_id":958863835,"osm_type":"way"}},{"type":"Feature","geometry":{"type":"LineString","coordinates":[[-84.2511517,33.8279891],[-84.2514378,33.8278241],[-84.2517569,33.8276645]]},"properties":{"cycleway":"lane","highway":"primary","lanes":"3","maxspeed":"45 mph","name":"Lawrenceville Highway","oneway":"yes","ref":"US 29;GA 8","source:maxspeed":"survey 2014-05-27","tiger:county":"DeKalb, GA","osm_id":958863836,"osm_type":"way"}},{"type":"Feature","geometry":{"type":"LineString","coordinates":[[-84.2966751,33.7736296],[-84.2987712,33.7736449],[-84.2987858,33.773645]]},"properties":{"foot":"no","highway":"cycleway","name":"Decatur PATH","oneway":"yes","surface":"concrete","osm_id":965226753,"osm_type":"way"}},{"type":"Feature","geometry":{"type":"LineString","coordinates":[[-84.2987842,33.7736692],[-84.2987748,33.7745003],[-84.2987808,33.7746058],[-84.2987861,33.7746825],[-84.2987881,33.7747159]]},"properties":{"foot":"no","highway":"cycleway","name":"Decatur PATH","oneway":"yes","surface":"concrete","osm_id":965237729,"osm_type":"way"}},{"type":"Feature","geometry":{"type":"LineString","coordinates":[[-84.299006,33.7745015],[-84.2989947,33.7744446],[-84.2989974,33.7737537],[-84.2989954,33.7736753]]},"properties":{"highway":"cycleway","name":"Decatur PATH","oneway":"yes","surface":"concrete","osm_id":965237730,"osm_type":"way"}},{"type":"Feature","geometry":{"type":"LineString","coordinates":[[-84.2987881,33.7747159],[-84.2988054,33.7751227],[-84.2987992,33.7754785],[-84.29879,33.7755802],[-84.2987889,33.775668],[-84.2987635,33.7757737],[-84.2987529,33.7761061],[-84.2987405,33.7769725],[-84.2987405,33.7770142],[-84.2987405,33.7771108],[-84.2987228,33.7772358],[-84.298675,33.7773284],[-84.2985741,33.7774682],[-84.2984361,33.7775917],[-84.2982415,33.7777241],[-84.2980185,33.7778006],[-84.2977566,33.7778447],[-84.2974495,33.7778375],[-84.2967649,33.7778277],[-84.2966366,33.777818]]},"properties":{"foot":"no","highway":"cycleway","name":"Decatur PATH","oneway":"yes","surface":"concrete","osm_id":965237735,"osm_type":"way"}},{"type":"Feature","geometry":{"type":"LineString","coordinates":[[-84.2989979,33.7754759],[-84.299005,33.7751186],[-84.2989989,33.7746767],[-84.2990051,33.7746039],[-84.299006,33.7745015]]},"properties":{"foot":"no","highway":"cycleway","name":"Decatur PATH","oneway":"yes","surface":"concrete","osm_id":965237736,"osm_type":"way"}},{"type":"Feature","geometry":{"type":"LineString","coordinates":[[-84.2989402,33.7770196],[-84.2989427,33.7769532],[-84.2989643,33.7763637],[-84.2989738,33.7761051],[-84.298989,33.7756606],[-84.2989903,33.7755786],[-84.2989979,33.7754759]]},"properties":{"foot":"no","highway":"cycleway","name":"Decatur Path","oneway":"yes","surface":"concrete","osm_id":965237738,"osm_type":"way"}},{"type":"Feature","geometry":{"type":"LineString","coordinates":[[-84.4105725,33.7211977],[-84.4106311,33.7211275],[-84.4106701,33.7211093],[-84.4107187,33.7210972],[-84.4107722,33.7210992],[-84.410832,33.7211069],[-84.4110299,33.7211781],[-84.4114735,33.721318],[-84.4115154,33.7213277],[-84.4115632,33.7213332],[-84.4116454,33.7213336],[-84.4116882,33.7213334],[-84.4117906,33.7213455],[-84.4119027,33.7213669],[-84.4120476,33.7214071],[-84.4122192,33.7214733],[-84.4123925,33.7215586],[-84.4124757,33.7216247],[-84.4126949,33.721801],[-84.4127542,33.7218528],[-84.412815,33.7218935],[-84.4128754,33.7219244],[-84.413146,33.7220426],[-84.4134131,33.7221218]]},"properties":{"abandoned":"railway","bicycle":"designated","foot":"designated","highway":"cycleway","name":"Beltline Access Line","osm_id":969871252,"osm_type":"way"}},{"type":"Feature","geometry":{"type":"LineString","coordinates":[[-84.363698,33.7283487],[-84.3634332,33.7285938],[-84.3631297,33.728856],[-84.3628903,33.7290793],[-84.3626685,33.7293075],[-84.3623883,33.7296279],[-84.3621898,33.7298658],[-84.3619563,33.7301911],[-84.3617257,33.7305237],[-84.3614805,33.7309412],[-84.3611798,33.7314947],[-84.3611732,33.731509],[-84.3610076,33.7318661],[-84.3607624,33.732354],[-84.360648,33.7326567],[-84.360499,33.7329926],[-84.3602708,33.7335187]]},"properties":{"abandoned:railway":"rail","bicycle":"designated","check_date":"2023-11-08","foot":"designated","highway":"cycleway","name":"Atlanta Beltline Southside Trail","railway":"abandoned","service":"siding","osm_id":969871265,"osm_type":"way"}},{"type":"Feature","geometry":{"type":"LineString","coordinates":[[-84.413574,33.7748097],[-84.4138618,33.7748811],[-84.4141163,33.7749619],[-84.414254,33.7750095],[-84.4143599,33.7750268],[-84.4144753,33.7750282],[-84.414575,33.7750102],[-84.4146974,33.7749845],[-84.4148035,33.7749768],[-84.4149467,33.7749844],[-84.4150628,33.7750046],[-84.4152694,33.7750559],[-84.4153878,33.7750815]]},"properties":{"bicycle":"designated","foot":"designated","highway":"cycleway","name":"Westside BeltLine Connector","segregated":"no","surface":"concrete","osm_id":969871297,"osm_type":"way"}},{"type":"Feature","geometry":{"type":"LineString","coordinates":[[-84.4124617,33.7745552],[-84.412541,33.7745766],[-84.4128633,33.7746406],[-84.4131379,33.7746979],[-84.413574,33.7748097]]},"properties":{"abandoned:railway":"rail","bicycle":"designated","electrified":"no","end_date:railway":"2019","foot":"designated","highway":"cycleway","name":"Westside BeltLine Connector","note:old_railway_operator":"AB&C","old_railway_operator":"ACL","railway":"abandoned","segregated":"no","surface":"concrete","osm_id":969871298,"osm_type":"way"}},{"type":"Feature","geometry":{"type":"LineString","coordinates":[[-84.2987858,33.773645],[-84.2987842,33.7736692]]},"properties":{"foot":"no","highway":"cycleway","name":"Cycle Track on Trinity Place","oneway":"yes","oneway:bicycle":"yes","surface":"concrete","osm_id":980984018,"osm_type":"way"}},{"type":"Feature","geometry":{"type":"LineString","coordinates":[[-84.2987858,33.773645],[-84.2988453,33.7736168],[-84.2988747,33.7736063],[-84.2988978,33.7735955],[-84.2989193,33.7735847],[-84.2989672,33.773566]]},"properties":{"crossing":"traffic_signals","cycleway":"crossing","direction":"forward","foot":"no","highway":"cycleway","oneway":"yes","osm_id":980984019,"osm_type":"way"}},{"type":"Feature","geometry":{"type":"LineString","coordinates":[[-84.2966372,33.7779831],[-84.2966731,33.7779853],[-84.2967553,33.7779854],[-84.2970314,33.777987],[-84.2973039,33.7779808],[-84.2976267,33.7779789],[-84.2977753,33.7779731],[-84.2979568,33.7779458],[-84.2981016,33.777906],[-84.2982755,33.777841],[-84.2983781,33.7777961],[-84.2984623,33.7777488],[-84.2984739,33.7777384]]},"properties":{"highway":"cycleway","incline":"0%","name":"Decatur PATH","oneway":"yes","smoothness":"intermediate","surface":"concrete","osm_id":980998627,"osm_type":"way"}},{"type":"Feature","geometry":{"type":"LineString","coordinates":[[-84.2946988,33.7621235],[-84.2945607,33.7621232],[-84.2944462,33.762117],[-84.2943896,33.7621308],[-84.294131,33.7621151]]},"properties":{"bicycle":"designated","foot":"designated","highway":"cycleway","name":"Decatur Trolley Trail","segregated":"no","osm_id":981000668,"osm_type":"way"}},{"type":"Feature","geometry":{"type":"LineString","coordinates":[[-84.2948069,33.7621237],[-84.2946988,33.7621235]]},"properties":{"bicycle":"designated","bridge":"yes","foot":"designated","highway":"cycleway","layer":"1","name":"Decatur Trolley Trail","segregated":"no","osm_id":981000669,"osm_type":"way"}},{"type":"Feature","geometry":{"type":"LineString","coordinates":[[-84.2784948,33.7628365],[-84.2784653,33.7628502],[-84.2780998,33.7630944],[-84.2774187,33.7635496],[-84.2770422,33.7638014],[-84.2768778,33.7639392],[-84.2767267,33.7640891],[-84.2766867,33.764138],[-84.2765781,33.7642705],[-84.2764594,33.7644682],[-84.2760957,33.7651122],[-84.2756385,33.7659092],[-84.2754438,33.7662582],[-84.2754106,33.7663433],[-84.2753983,33.7663747],[-84.2753244,33.7665854],[-84.2753124,33.7666334],[-84.2753035,33.7666825],[-84.275292,33.7667582],[-84.27528,33.7669944],[-84.2752863,33.7671393],[-84.2753109,33.7675364],[-84.275321,33.7676987],[-84.2753469,33.7679214],[-84.2754097,33.7681615],[-84.2756026,33.768528],[-84.2756824,33.7686314],[-84.2758365,33.7688312],[-84.2759852,33.7689538],[-84.2760719,33.7690253],[-84.2762555,33.7691606],[-84.2772539,33.769695],[-84.2774828,33.7698126],[-84.2775681,33.7698385],[-84.2776613,33.7698446],[-84.277782,33.7698318],[-84.2779468,33.7698267],[-84.2779637,33.7698262],[-84.2780475,33.7698396],[-84.2781317,33.769875],[-84.2782109,33.7699299],[-84.2782742,33.7699739],[-84.2785606,33.7701847],[-84.2787744,33.7703998],[-84.2788664,33.7704769],[-84.2790596,33.7705891],[-84.2792283,33.7706161],[-84.2792498,33.7706195],[-84.2793978,33.7706704],[-84.2795281,33.7707661],[-84.2796341,33.770909],[-84.2796789,33.7710693],[-84.2796777,33.7714872],[-84.2797225,33.7715098],[-84.2798026,33.7715226],[-84.2804303,33.7715312]]},"properties":{"bicycle":"designated","foot":"designated","highway":"cycleway","layer":"1","lit":"no","name":"East Decatur PATH Greenway Trail","oneway":"no","segregated":"no","surface":"concrete","width":"3","osm_id":981001158,"osm_type":"way"}},{"type":"Feature","geometry":{"type":"LineString","coordinates":[[-84.3695755,33.8642011],[-84.3695625,33.8642013],[-84.3695176,33.8641908],[-84.3694267,33.8641639]]},"properties":{"bicycle":"yes","foot":"yes","highway":"cycleway","horse":"no","lit":"no","name":"PATH400","surface":"paved","website":"https://livablebuckhead.com/greenspace-2/path400-trail/","width":"4","osm_id":1005806915,"osm_type":"way"}},{"type":"Feature","geometry":{"type":"LineString","coordinates":[[-84.277782,33.7698318],[-84.2777887,33.7698909],[-84.2777807,33.7699382],[-84.2777532,33.7699851]]},"properties":{"bicycle":"designated","foot":"designated","highway":"cycleway","oneway":"no","segregated":"no","surface":"concrete","osm_id":1021805512,"osm_type":"way"}},{"type":"Feature","geometry":{"type":"LineString","coordinates":[[-84.2816574,33.774461],[-84.2816597,33.7742928],[-84.2816618,33.7741311]]},"properties":{"bicycle":"designated","foot":"designated","highway":"cycleway","tunnel":"building_passage","osm_id":1021811907,"osm_type":"way"}},{"type":"Feature","geometry":{"type":"LineString","coordinates":[[-84.2816571,33.7744901],[-84.2816574,33.7744637],[-84.2816574,33.774461]]},"properties":{"bicycle":"designated","foot":"designated","highway":"cycleway","osm_id":1021811908,"osm_type":"way"}},{"type":"Feature","geometry":{"type":"LineString","coordinates":[[-84.3983803,33.7749295],[-84.3981064,33.7745044],[-84.3980915,33.7744812],[-84.3979406,33.7742632],[-84.3977949,33.7740047]]},"properties":{"bicycle":"designated","foot":"designated","highway":"cycleway","oneway":"no","segregated":"no","osm_id":1026024006,"osm_type":"way"}},{"type":"Feature","geometry":{"type":"LineString","coordinates":[[-84.3321433,33.8606655],[-84.3320649,33.8606775],[-84.3316221,33.8607428],[-84.3307667,33.8608545],[-84.3306563,33.8608699]]},"properties":{"cycleway":"lane","highway":"tertiary","maxspeed":"35 mph","name":"Dresden Drive Northeast","tiger:cfcc":"A41","tiger:county":"DeKalb, GA","tiger:name_base":"Dresden","tiger:name_direction_suffix":"NE","tiger:name_type":"Dr","tiger:reviewed":"no","tiger:zip_left":"30319","tiger:zip_right":"30319","osm_id":1026509772,"osm_type":"way"}},{"type":"Feature","geometry":{"type":"LineString","coordinates":[[-84.3060549,33.7668775],[-84.3061138,33.7668697],[-84.3062338,33.7668438],[-84.3063867,33.7668171],[-84.3065235,33.7667814],[-84.3073259,33.766509],[-84.3078766,33.7663277],[-84.3085661,33.7660898],[-84.3085983,33.7660775],[-84.3086224,33.766063],[-84.3086398,33.7660385],[-84.3086612,33.7660255],[-84.3086801,33.7660184],[-84.3086975,33.7660196],[-84.308723,33.7660262],[-84.3087431,33.7660274],[-84.3087605,33.766024],[-84.3088254,33.7660009],[-84.3091037,33.7659018],[-84.3096281,33.7657189],[-84.3099519,33.7656131],[-84.3102222,33.7655517],[-84.3105039,33.7655082],[-84.3110483,33.7654514],[-84.3114694,33.7654145]]},"properties":{"bicycle":"designated","foot":"designated","highway":"cycleway","lcn_ref":"PATH","motor_vehicle":"no","name":"Stone Mountain Trail","segregated":"no","surface":"concrete","osm_id":1026962560,"osm_type":"way"}},{"type":"Feature","geometry":{"type":"LineString","coordinates":[[-84.3114694,33.7654145],[-84.3116529,33.7653984],[-84.3116914,33.765395]]},"properties":{"bicycle":"designated","bridge":"yes","foot":"designated","highway":"cycleway","layer":"1","lcn_ref":"PATH","motor_vehicle":"no","name":"Stone Mountain Trail","segregated":"no","surface":"concrete","osm_id":1026962561,"osm_type":"way"}},{"type":"Feature","geometry":{"type":"LineString","coordinates":[[-84.3555896,33.7686363],[-84.3555539,33.7685396]]},"properties":{"bicycle":"designated","foot":"designated","highway":"cycleway","segregated":"no","osm_id":1029395204,"osm_type":"way"}},{"type":"Feature","geometry":{"type":"LineString","coordinates":[[-84.3682887,33.8637643],[-84.3682419,33.8637663],[-84.3681712,33.8637337],[-84.368082,33.8636827]]},"properties":{"bicycle":"designated","foot":"yes","highway":"cycleway","name":"PATH400","osm_id":1029400323,"osm_type":"way"}},{"type":"Feature","geometry":{"type":"LineString","coordinates":[[-84.4075117,33.8205255],[-84.4075093,33.8205908]]},"properties":{"bicycle":"designated","foot":"designated","highway":"cycleway","motorcycle":"no","name":"Bitsy Grant Connector Trail","surface":"concrete","website":"https://beltline.org/trails/northside-trail/","width":"3","osm_id":1029420324,"osm_type":"way"}},{"type":"Feature","geometry":{"type":"LineString","coordinates":[[-84.4075213,33.8199301],[-84.4075117,33.8205255]]},"properties":{"bicycle":"designated","bridge":"yes","foot":"designated","highway":"cycleway","layer":"1","motorcycle":"no","name":"Bitsy Grant Connector Trail","surface":"concrete","website":"https://beltline.org/trails/northside-trail/","width":"3","osm_id":1029420325,"osm_type":"way"}},{"type":"Feature","geometry":{"type":"Polygon","coordinates":[[[-84.304334,33.9147922],[-84.3043466,33.9148109],[-84.304366,33.9148249],[-84.3043896,33.9148325],[-84.3044148,33.914833],[-84.3044388,33.9148266],[-84.3044588,33.9148139],[-84.3044726,33.9147964],[-84.3044783,33.914778],[-84.304477,33.9147591],[-84.3044689,33.9147413],[-84.3044547,33.9147265],[-84.3044356,33.9147159],[-84.3044122,33.9147105],[-84.3043879,33.9147117],[-84.3043653,33.9147193],[-84.3043469,33.9147325],[-84.3043348,33.9147498],[-84.3043299,33.9147711],[-84.304334,33.9147922]]]},"properties":{"cycleway":"lane","highway":"residential","junction":"roundabout","lanes":"1","oneway":"yes","sidewalk":"left","surface":"asphalt","traffic_calming":"island","osm_id":1032946336,"osm_type":"way"}},{"type":"Feature","geometry":{"type":"Polygon","coordinates":[[[-84.3025867,33.9039199],[-84.3025946,33.9039367],[-84.3026083,33.9039508],[-84.3026264,33.9039607],[-84.3026492,33.9039657],[-84.3026727,33.9039643],[-84.3026943,33.9039565],[-84.3027116,33.9039432],[-84.3027227,33.9039259],[-84.3027263,33.9039077],[-84.302723,33.9038895],[-84.3027129,33.903873],[-84.3026972,33.90386],[-84.3026774,33.9038516],[-84.3026569,33.9038488],[-84.3026362,33.903851],[-84.3026173,33.9038582],[-84.3026017,33.9038697],[-84.3025908,33.9038844],[-84.3025854,33.9039019],[-84.3025867,33.9039199]]]},"properties":{"cycleway":"lane","highway":"residential","junction":"roundabout","lanes":"1","oneway":"yes","sidewalk":"left","surface":"asphalt","traffic_calming":"island","osm_id":1032948585,"osm_type":"way"}},{"type":"Feature","geometry":{"type":"LineString","coordinates":[[-84.302291,33.9047476],[-84.302461,33.9043196],[-84.3026192,33.9039765],[-84.3026264,33.9039607]]},"properties":{"cycleway":"lane","highway":"residential","name":"Longview Drive","sidewalk":"no","surface":"asphalt","tiger:cfcc":"A45","tiger:county":"DeKalb, GA","tiger:name_base":"Longview","tiger:name_type":"Dr","tiger:reviewed":"yes","osm_id":1032948587,"osm_type":"way"}},{"type":"Feature","geometry":{"type":"Polygon","coordinates":[[[-84.3040268,33.9083305],[-84.3040558,33.9083377],[-84.304086,33.9083367],[-84.3041141,33.9083275],[-84.3041223,33.9083216],[-84.304137,33.9083111],[-84.3041523,33.9082895],[-84.3041581,33.9082648],[-84.3041541,33.9082404],[-84.3041408,33.9082184],[-84.3041189,33.9082008],[-84.304093,33.9081903],[-84.3040636,33.9081873],[-84.3040345,33.9081922],[-84.3040065,33.9082069],[-84.3039895,33.9082233],[-84.3039783,33.9082461],[-84.3039766,33.9082712],[-84.3039844,33.9082937],[-84.3040023,33.9083158],[-84.3040268,33.9083305]]]},"properties":{"cycleway":"lane","highway":"residential","junction":"roundabout","lanes":"1","oneway":"yes","surface":"asphalt","traffic_calming":"island","osm_id":1037715750,"osm_type":"way"}},{"type":"Feature","geometry":{"type":"LineString","coordinates":[[-84.3040065,33.9082069],[-84.3039869,33.9081875],[-84.3039684,33.9081691],[-84.303944,33.908145],[-84.303705,33.907874],[-84.303418,33.9076],[-84.3033034,33.9074864],[-84.3032444,33.9074279],[-84.3032002,33.9073867],[-84.3030766,33.9072718],[-84.3028352,33.9070113],[-84.3026313,33.9067575],[-84.302457,33.9064971],[-84.3022692,33.9060096],[-84.3022263,33.9057959],[-84.3021914,33.9055732],[-84.3021937,33.9052616],[-84.3022033,33.9051177],[-84.3022322,33.9049701],[-84.3022705,33.9048105]]},"properties":{"cycleway":"lane","highway":"residential","lanes":"2","name":"Longview Drive","oneway":"no","surface":"asphalt","tiger:cfcc":"A45","tiger:county":"DeKalb, GA","tiger:name_base":"Longview","tiger:name_type":"Dr","tiger:reviewed":"no","osm_id":1037715752,"osm_type":"way"}},{"type":"Feature","geometry":{"type":"LineString","coordinates":[[-84.2645528,33.697166],[-84.2644884,33.6970958],[-84.264408,33.6970062],[-84.2643774,33.696972],[-84.264336,33.6969278],[-84.2641931,33.6967713],[-84.2640469,33.6967065]]},"properties":{"cycleway":"lane","highway":"secondary","lanes":"3","maxspeed":"35 mph","name":"Flat Shoals Parkway","oneway":"yes","ref":"GA 155","tiger:cfcc":"A31","tiger:county":"DeKalb, GA","tiger:name_base":"Flat Shoals","tiger:name_base_1":"State Route 155","tiger:name_type":"Pky","tiger:reviewed":"no","tiger:zip":"30034","turn:lanes":"left||","osm_id":1042823548,"osm_type":"way"}},{"type":"Feature","geometry":{"type":"LineString","coordinates":[[-84.3609297,33.7626587],[-84.3606436,33.7625241],[-84.3604245,33.7624302]]},"properties":{"bicycle":"designated","foot":"designated","highway":"cycleway","name":"Beltline Access Line","osm_id":1043074289,"osm_type":"way"}},{"type":"Feature","geometry":{"type":"LineString","coordinates":[[-84.3775064,33.8079038],[-84.3774685,33.8076509],[-84.3774234,33.8073894]]},"properties":{"abandoned:railway":"rail","bicycle":"designated","bridge":"yes","electrified":"no","end_date:railway":"2017","foot":"designated","gauge":"1435","highway":"cycleway","layer":"1","name":"Atlanta Beltline Northeast Trail","old_railway_operator":"Southern","oneway":"no","operator":"Norfolk Southern Railway","operator:wikidata":"Q1321054","railway":"abandoned","segregated":"no","surface":"concrete","osm_id":1043756758,"osm_type":"way"}},{"type":"Feature","geometry":{"type":"LineString","coordinates":[[-84.3652644,33.7557128],[-84.3652157,33.7559635],[-84.3651237,33.756437],[-84.3651028,33.7565394],[-84.364981,33.7571357],[-84.3649241,33.7574142],[-84.3649027,33.7575192]]},"properties":{"abandoned:railway":"rail","bicycle":"designated","construction":"cycleway","foot":"designated","highway":"cycleway","lit":"yes","motor_vehicle":"no","name":"Atlanta Beltline Eastside Trail","old_railway_operator":"Southern","oneway":"no","railway":"abandoned","segregated":"no","start_date":"2017-9-1","surface":"concrete","osm_id":1043756762,"osm_type":"way"}},{"type":"Feature","geometry":{"type":"LineString","coordinates":[[-84.3072829,33.8893331],[-84.3071461,33.88944],[-84.3068934,33.8895717],[-84.3065683,33.8898504],[-84.306469,33.8899175],[-84.3063846,33.8899599]]},"properties":{"abandoned:railway":"rail","bicycle":"designated","foot":"designated","highway":"cycleway","name":"Chamblee Rail Trail","oneway":"no","segregated":"no","service":"spur","surface":"concrete","osm_id":1043756775,"osm_type":"way"}},{"type":"Feature","geometry":{"type":"LineString","coordinates":[[-84.5741382,33.7004245],[-84.5730781,33.700982],[-84.5726449,33.7011656],[-84.5722888,33.7012967],[-84.5719094,33.7014143],[-84.5713653,33.7015483],[-84.5707687,33.7016464],[-84.570178,33.7017047],[-84.5695767,33.7017173],[-84.5694503,33.7017105],[-84.5689778,33.7016853],[-84.568848,33.70167],[-84.5684242,33.7016204],[-84.5675266,33.7015153],[-84.5667234,33.7014415],[-84.5664934,33.7014521],[-84.5662272,33.7014832],[-84.5661384,33.7014871],[-84.56578,33.7015677],[-84.5657454,33.7015792],[-84.5655844,33.7016327],[-84.5652418,33.7017464],[-84.5650667,33.7018047],[-84.5647503,33.701998],[-84.5645168,33.7021893],[-84.5644327,33.7022643],[-84.5643641,33.7023253],[-84.5643347,33.7023516],[-84.5643207,33.7024312],[-84.5642599,33.7025147],[-84.5637976,33.7030441],[-84.5635326,33.7033937],[-84.5633224,33.7036637],[-84.563117,33.7038755],[-84.5627959,33.7042591],[-84.5627532,33.7043375],[-84.5626943,33.7044456],[-84.5619635,33.7053751],[-84.5619177,33.7054381],[-84.5615922,33.7058861],[-84.561514,33.7059938],[-84.5612536,33.7063444],[-84.5612381,33.7063773],[-84.5611859,33.7064881],[-84.5606033,33.7073059],[-84.5603792,33.7075895],[-84.5602099,33.7077566],[-84.5599285,33.7079828],[-84.5588691,33.7082846],[-84.5581946,33.7084767],[-84.5577112,33.7084417],[-84.5572979,33.7083562],[-84.556978,33.7082552],[-84.5566138,33.7080726],[-84.5540383,33.7065906],[-84.5523835,33.7056359],[-84.5521796,33.7055183],[-84.5501131,33.704312],[-84.5496111,33.7039488],[-84.5492375,33.7036632],[-84.5492072,33.7036354],[-84.5486284,33.7031037],[-84.5482363,33.7027435],[-84.5479489,33.7024795],[-84.5476684,33.7022218],[-84.547582,33.7021406],[-84.5473051,33.70188],[-84.5465639,33.7011826],[-84.5461646,33.700761],[-84.5459405,33.7004463],[-84.5457443,33.7001297],[-84.5456136,33.6998208],[-84.545577,33.6997139],[-84.5454905,33.6994634],[-84.5453928,33.6991758],[-84.545317,33.6989544]]},"properties":{"highway":"cycleway","osm_id":1045119719,"osm_type":"way"}},{"type":"Feature","geometry":{"type":"LineString","coordinates":[[-84.5451606,33.6990049],[-84.5455716,33.7000733],[-84.545714,33.7003414],[-84.545763,33.7004813],[-84.5459942,33.7008154],[-84.5460462,33.7008765],[-84.5461927,33.7010485],[-84.5463678,33.7012195],[-84.5464705,33.70127],[-84.5468821,33.7016595],[-84.5469776,33.7017889],[-84.5472179,33.7020363],[-84.5472674,33.7020492],[-84.5472965,33.7020568],[-84.5473357,33.7020979],[-84.5473673,33.7021311],[-84.5474243,33.7021529],[-84.5481321,33.702809],[-84.5485862,33.7032299],[-84.5492463,33.7038276],[-84.5494487,33.703989],[-84.5495878,33.7040999],[-84.5499665,33.7043649],[-84.5505575,33.7047271],[-84.5517078,33.7053954],[-84.5525979,33.7059018],[-84.5526297,33.7059651],[-84.5531966,33.706289],[-84.5533075,33.7063523],[-84.5534437,33.7063906],[-84.5556097,33.7076507]]},"properties":{"highway":"cycleway","osm_id":1045119720,"osm_type":"way"}},{"type":"Feature","geometry":{"type":"LineString","coordinates":[[-84.3921082,33.7620354],[-84.3921125,33.7617012],[-84.392125,33.7610689]]},"properties":{"foot":"no","highway":"cycleway","name":"PATH Parkway","surface":"concrete","osm_id":1047515172,"osm_type":"way"}},{"type":"Feature","geometry":{"type":"LineString","coordinates":[[-84.4534008,33.8674116],[-84.4532511,33.867253],[-84.4527733,33.8667472]]},"properties":{"bicycle":"designated","foot":"designated","highway":"cycleway","name":"Mountain to River Trail","segregated":"no","surface":"concrete","osm_id":1050673916,"osm_type":"way"}},{"type":"Feature","geometry":{"type":"LineString","coordinates":[[-84.4527733,33.8667472],[-84.4525367,33.8664922]]},"properties":{"bicycle":"designated","bridge":"yes","foot":"designated","highway":"cycleway","layer":"1","name":"Mountain to River Trail","surface":"concrete","osm_id":1050673917,"osm_type":"way"}},{"type":"Feature","geometry":{"type":"LineString","coordinates":[[-84.3608873,33.8312908],[-84.3608919,33.8313718]]},"properties":{"foot":"yes","highway":"cycleway","name":"PATH 400 (Sidney Marcus to Miami Circle)","note":"http://path400greenway.org/path400-reaches-half-way-mark-carries-momentum-into-2017/\n","source":"local knowledge","osm_id":1050777665,"osm_type":"way"}},{"type":"Feature","geometry":{"type":"LineString","coordinates":[[-84.4019698,33.812735],[-84.4021563,33.8128764],[-84.402201,33.8128946],[-84.4022465,33.8129037],[-84.4023122,33.8129079]]},"properties":{"bicycle":"designated","foot":"designated","highway":"cycleway","motorcycle":"no","name":"Bitsy Grant Connector Trail","surface":"concrete","website":"https://beltline.org/trails/northside-trail/","width":"3","osm_id":1051071079,"osm_type":"way"}},{"type":"Feature","geometry":{"type":"LineString","coordinates":[[-84.4023122,33.8129079],[-84.4027618,33.8129126]]},"properties":{"bicycle":"designated","bridge":"yes","foot":"designated","highway":"cycleway","layer":"1","motorcycle":"no","name":"Bitsy Grant Connector Trail","surface":"concrete","website":"https://beltline.org/trails/northside-trail/","width":"3","osm_id":1051071080,"osm_type":"way"}},{"type":"Feature","geometry":{"type":"LineString","coordinates":[[-84.4290272,33.7564947],[-84.4296669,33.7564178]]},"properties":{"bicycle":"designated","bridge":"yes","foot":"designated","highway":"cycleway","layer":"1","name":"Lionel Hampton PATH Trail","osm_id":1051085477,"osm_type":"way"}},{"type":"Feature","geometry":{"type":"LineString","coordinates":[[-84.5014943,33.8038707],[-84.5014836,33.8038922],[-84.5009371,33.8047899],[-84.5009026,33.8049345],[-84.5008948,33.8049718]]},"properties":{"bicycle":"designated","cycleway:surface":"asphalt","foot":"designated","footway:surface":"concrete","highway":"path","segregated":"yes","surface":"paved","osm_id":1051370039,"osm_type":"way"}},{"type":"Feature","geometry":{"type":"LineString","coordinates":[[-84.5015299,33.803804],[-84.501513,33.803833],[-84.5014943,33.8038707]]},"properties":{"bicycle":"designated","crossing":"marked","cycleway":"crossing","cycleway:surface":"asphalt","foot":"designated","footway":"crossing","footway:surface":"concrete","highway":"path","segregated":"yes","surface":"paved","osm_id":1051370040,"osm_type":"way"}},{"type":"Feature","geometry":{"type":"LineString","coordinates":[[-84.5019469,33.8030899],[-84.5015429,33.8037819],[-84.5015299,33.803804]]},"properties":{"bicycle":"designated","cycleway:surface":"asphalt","foot":"designated","footway:surface":"concrete","highway":"path","segregated":"yes","surface":"paved","osm_id":1051370041,"osm_type":"way"}},{"type":"Feature","geometry":{"type":"LineString","coordinates":[[-84.5019909,33.8030038],[-84.50197,33.8030478],[-84.5019469,33.8030899]]},"properties":{"bicycle":"designated","crossing":"marked","cycleway":"crossing","cycleway:surface":"asphalt","foot":"designated","footway":"crossing","footway:surface":"concrete","highway":"path","segregated":"yes","surface":"paved","osm_id":1051370042,"osm_type":"way"}},{"type":"Feature","geometry":{"type":"LineString","coordinates":[[-84.407427,33.823006],[-84.4074816,33.8230292],[-84.4074166,33.823275],[-84.4074301,33.8237322],[-84.4074608,33.8239245]]},"properties":{"bicycle":"designated","foot":"designated","highway":"cycleway","name":"Peachtree Battle Trail","osm_id":1051631068,"osm_type":"way"}},{"type":"Feature","geometry":{"type":"LineString","coordinates":[[-84.4072808,33.8229557],[-84.407427,33.823006]]},"properties":{"bicycle":"designated","bridge":"yes","foot":"designated","highway":"cycleway","layer":"1","name":"Peachtree Battle Trail","osm_id":1051631069,"osm_type":"way"}},{"type":"Feature","geometry":{"type":"LineString","coordinates":[[-84.370322,33.6631015],[-84.3701424,33.6631876],[-84.3700167,33.6632942],[-84.3698521,33.6636775],[-84.3698527,33.6638129],[-84.3697969,33.6638483],[-84.3696869,33.6638566],[-84.3695716,33.663925],[-84.3695176,33.6639784],[-84.3694604,33.6640183],[-84.3693382,33.6640341],[-84.3692864,33.6640513],[-84.3692309,33.6641077],[-84.3692026,33.6641505],[-84.3691887,33.6642024],[-84.3691892,33.6642452],[-84.3691933,33.6642925],[-84.3694615,33.6644659],[-84.3694611,33.66449],[-84.3694365,33.6645027],[-84.3692671,33.6644434],[-84.3691604,33.6643977],[-84.3690961,33.6643318],[-84.3688841,33.6642491],[-84.3688236,33.6642333],[-84.3687741,33.6642495],[-84.36873,33.6642505],[-84.3686816,33.6642425],[-84.3686507,33.6641931],[-84.368627,33.6641554],[-84.3686269,33.6641213],[-84.3686439,33.6640191],[-84.3687795,33.6638043],[-84.3688561,33.6635877],[-84.3688883,33.6634812],[-84.3688873,33.663444],[-84.3688562,33.6633818],[-84.3688434,33.6632984],[-84.3688091,33.6632044],[-84.3686868,33.6631997],[-84.3686308,33.663174],[-84.3685811,33.6631366],[-84.3684387,33.6630003],[-84.3683013,33.6628938],[-84.3681025,33.6626998],[-84.3678399,33.6624995],[-84.3677584,33.6623985],[-84.36765,33.6620882],[-84.36749,33.6623264],[-84.367434,33.6624062],[-84.3673758,33.6624731],[-84.3672864,33.6625267],[-84.367207,33.6625338],[-84.3671312,33.6625228],[-84.3670434,33.6625502],[-84.3669719,33.6626194]]},"properties":{"bicycle":"designated","foot":"designated","highway":"path","horse":"no","motor_vehicle":"no","name":"Southside Park MTB - Connector Trail","sport":"cycling","surface":"dirt","width":"0.3","osm_id":1051670251,"osm_type":"way"}},{"type":"Feature","geometry":{"type":"LineString","coordinates":[[-84.3669719,33.6626194],[-84.3669232,33.6627007]]},"properties":{"bicycle":"designated","bridge":"yes","foot":"designated","highway":"path","horse":"no","layer":"1","motor_vehicle":"no","name":"Southside Park MTB - Connector Trail","osm_id":1051670252,"osm_type":"way"}},{"type":"Feature","geometry":{"type":"LineString","coordinates":[[-84.3633581,33.6605419],[-84.3633127,33.6605604],[-84.3633155,33.6605833],[-84.3633455,33.6605973],[-84.3633815,33.6606042],[-84.3634215,33.6605956],[-84.3634585,33.6605959],[-84.363535,33.6606083],[-84.3637116,33.6606596],[-84.3637818,33.6606778],[-84.3638683,33.6606839],[-84.3640281,33.6608104],[-84.3640382,33.6608796],[-84.364014,33.6609557],[-84.363977,33.6610542],[-84.3639225,33.6611735],[-84.3638571,33.6612688],[-84.3638089,33.6613636],[-84.3637769,33.6614584],[-84.3638045,33.6614835],[-84.3638483,33.6615041],[-84.3639433,33.6615482],[-84.3641114,33.661537],[-84.3642401,33.6614855],[-84.3642863,33.661484],[-84.3643577,33.661502],[-84.3643837,33.6615074],[-84.364414,33.6614923],[-84.3644714,33.6613971],[-84.3645109,33.6613848],[-84.3645439,33.6613903],[-84.3646476,33.661543],[-84.364728,33.6617078],[-84.3648479,33.6617749],[-84.3648949,33.6618294],[-84.3650378,33.6618979],[-84.36514,33.6619681],[-84.3652839,33.6620565],[-84.3654509,33.6620885],[-84.3655407,33.662124],[-84.36566,33.6621752],[-84.365773,33.6622183],[-84.3658118,33.6622659],[-84.3659214,33.6623761],[-84.3660378,33.6624228],[-84.3660821,33.662448],[-84.3661392,33.6625071],[-84.3662377,33.6625713],[-84.3662676,33.6625998],[-84.3662933,33.6626515],[-84.3662965,33.6627125],[-84.3663218,33.6627412],[-84.3664006,33.6627913],[-84.3664555,33.662853],[-84.3664886,33.6628967],[-84.3665064,33.6629319]]},"properties":{"bicycle":"designated","foot":"designated","highway":"path","horse":"no","motor_vehicle":"no","name":"Southside Park MTB - Oak Trail","surface":"dirt","width":"0.3","osm_id":1051670253,"osm_type":"way"}},{"type":"Feature","geometry":{"type":"LineString","coordinates":[[-84.3634564,33.6604681],[-84.3633581,33.6605419]]},"properties":{"bicycle":"designated","bridge":"yes","foot":"designated","highway":"path","horse":"no","layer":"1","motor_vehicle":"no","osm_id":1051670254,"osm_type":"way"}},{"type":"Feature","geometry":{"type":"LineString","coordinates":[[-84.3629464,33.6605987],[-84.3629633,33.6605707],[-84.3629824,33.6605445],[-84.3630427,33.6605113],[-84.3630671,33.6605036],[-84.3630926,33.6604874],[-84.36311,33.6604582],[-84.3631408,33.6604311],[-84.363179,33.6604147],[-84.3632481,33.6603685],[-84.3632893,33.6603582],[-84.3633219,33.660346],[-84.3633727,33.6603182],[-84.3634161,33.6603012],[-84.3634378,33.6603018],[-84.3634714,33.6602958],[-84.3635419,33.6602541],[-84.3635798,33.6602303],[-84.3636081,33.660203],[-84.3636217,33.660168],[-84.3636256,33.6601419],[-84.363612,33.6601138],[-84.3635942,33.6601],[-84.3635705,33.6600902],[-84.3635463,33.6600893],[-84.3635286,33.660092],[-84.3634938,33.6600994],[-84.3633912,33.6601602],[-84.3633454,33.6601822],[-84.3633088,33.660192],[-84.3632835,33.660208],[-84.3632269,33.6602522],[-84.3632029,33.6602685],[-84.3631746,33.6602821],[-84.3631302,33.6602903],[-84.3630945,33.6602993],[-84.3630606,33.6603171],[-84.3630268,33.6603241],[-84.3629365,33.6603248],[-84.3629041,33.6603291],[-84.3628513,33.6603518],[-84.362807,33.6603629],[-84.3627843,33.6603677],[-84.3627617,33.6603672],[-84.3627163,33.6603662],[-84.3626943,33.6603619],[-84.3626455,33.6603665],[-84.3625972,33.660386],[-84.3625566,33.6604048],[-84.3625032,33.6604258],[-84.3624661,33.6604379],[-84.3624381,33.6604374],[-84.3624095,33.6604344],[-84.3623841,33.6604269],[-84.3623655,33.6604163],[-84.3623544,33.6604012],[-84.3623499,33.6603837],[-84.3623551,33.6603679],[-84.3624332,33.6603278],[-84.3624547,33.6602938],[-84.3625243,33.6602379],[-84.3625671,33.6602155],[-84.3626217,33.6602074],[-84.3627076,33.6601969],[-84.3627482,33.6601841],[-84.3627866,33.6601637],[-84.36282,33.6601568],[-84.3628534,33.6601436],[-84.3628936,33.6601158],[-84.3629383,33.660102],[-84.3629796,33.6600874],[-84.3630209,33.6600475],[-84.3631034,33.6599715],[-84.363126,33.6599178],[-84.3631289,33.6598601],[-84.363144,33.6598124],[-84.363163,33.6597306],[-84.3631575,33.6597071],[-84.3631447,33.6596959],[-84.3631261,33.6596937],[-84.3631106,33.6596972],[-84.3631008,33.6597094],[-84.363092,33.6597318],[-84.3630922,33.6597579],[-84.363078,33.6597931],[-84.3630487,33.6598257],[-84.3630382,33.6598403],[-84.3630339,33.659908],[-84.3630072,33.6599291],[-84.3629669,33.6599503],[-84.3628681,33.6599925],[-84.3628435,33.660004],[-84.3628112,33.6600101],[-84.3627402,33.6600037],[-84.3627016,33.6600139],[-84.3626566,33.6600187],[-84.3626008,33.660032],[-84.3625243,33.6600847],[-84.3624555,33.6600945],[-84.3623373,33.6601249],[-84.3622887,33.6601513],[-84.3622508,33.660183],[-84.3622024,33.6601854],[-84.3621551,33.6601789],[-84.362052,33.6601874],[-84.3620173,33.6601642],[-84.3620132,33.6601282],[-84.36205,33.6600954],[-84.3621046,33.6600732],[-84.36215,33.6600267],[-84.362225,33.6599801],[-84.3622682,33.6599547],[-84.3623224,33.6599418],[-84.3623536,33.659912],[-84.3624098,33.65983],[-84.3624467,33.659788],[-84.3624965,33.6597566],[-84.3625905,33.6597173],[-84.3626895,33.6596949],[-84.3627467,33.6596665],[-84.3627936,33.6596211],[-84.3628239,33.6595641],[-84.3628415,33.6595133],[-84.3628821,33.6594474],[-84.3628958,33.6593539],[-84.3628623,33.6592304],[-84.3628545,33.6591931],[-84.3628314,33.6591643],[-84.3627907,33.6591408],[-84.3627448,33.6591513],[-84.3626926,33.6591873],[-84.3626583,33.6592318],[-84.362617,33.6592792],[-84.362568,33.6593075],[-84.3624942,33.6593598],[-84.362488,33.6593961],[-84.3624919,33.6594389],[-84.3625189,33.6594809],[-84.3625165,33.6595101],[-84.3625014,33.6595372],[-84.3624187,33.6596222],[-84.3623424,33.6596987],[-84.3622848,33.6597292],[-84.3622221,33.6597406],[-84.3621233,33.6597406],[-84.3620219,33.6597214],[-84.3619713,33.6596789],[-84.3618976,33.6596438],[-84.3618417,33.6595939],[-84.3617334,33.6595814],[-84.3617298,33.6595372],[-84.3617442,33.6595019],[-84.361755,33.6594554],[-84.361783,33.6594157],[-84.3618131,33.6594005],[-84.3618558,33.6593943],[-84.361934,33.659397],[-84.3620733,33.6593905],[-84.3621194,33.6593857],[-84.3621488,33.6593653],[-84.3621836,33.6593569],[-84.3622419,33.6593368],[-84.3622818,33.6593075],[-84.362329,33.6592467],[-84.3623765,33.6592083],[-84.3624547,33.6591729],[-84.3625172,33.6591186],[-84.3625658,33.6590793],[-84.3625821,33.6590294],[-84.3626091,33.6589311],[-84.362636,33.6588504],[-84.3626592,33.6588228],[-84.3627005,33.6588028],[-84.3627543,33.6587961],[-84.3628211,33.6588006],[-84.3628581,33.6588233],[-84.3629808,33.6588956],[-84.3630389,33.6589488],[-84.3631182,33.6590116],[-84.3631384,33.6590357],[-84.363157,33.6590851],[-84.3631759,33.6591086],[-84.3632599,33.6591333],[-84.3632824,33.6591599],[-84.3632863,33.6592483],[-84.3633,33.6592863],[-84.363346,33.6593475],[-84.3633507,33.6593891],[-84.3633326,33.6594385],[-84.3633296,33.6594736],[-84.3633472,33.6595206],[-84.3633905,33.6595711],[-84.3634093,33.6596403],[-84.3633642,33.6597333],[-84.3633985,33.6597604],[-84.3634376,33.6597685],[-84.363481,33.6597525],[-84.3634966,33.6597376],[-84.3635078,33.6597119],[-84.3635127,33.6596551],[-84.3635196,33.6596089],[-84.3635508,33.6595567],[-84.3635434,33.6594474],[-84.3634915,33.6593355],[-84.3634891,33.6592732],[-84.3634932,33.6592199],[-84.363453,33.6591],[-84.3633739,33.6589694],[-84.3633451,33.6589122],[-84.3633335,33.6588567],[-84.3633145,33.658814],[-84.3632315,33.6587617],[-84.363215,33.6587281],[-84.3632018,33.6586821],[-84.3632078,33.6586449],[-84.3632358,33.6586114],[-84.3632681,33.658594],[-84.3633358,33.6585953],[-84.3633922,33.6586138],[-84.3634046,33.658651],[-84.3634258,33.6586966],[-84.3635039,33.65876],[-84.3636358,33.6588089],[-84.3637291,33.6588165],[-84.3638031,33.6588436],[-84.363859,33.6588865],[-84.3638806,33.6589758],[-84.3638807,33.6590048],[-84.3638657,33.6590374],[-84.3638766,33.6591007],[-84.3638495,33.659143],[-84.3637918,33.6591927],[-84.3637783,33.6593282],[-84.3638259,33.6593734],[-84.3638446,33.6594277],[-84.3638356,33.6594608],[-84.3638041,33.6595036],[-84.3637888,33.659554],[-84.3638024,33.6595923],[-84.3638067,33.6596181],[-84.3638002,33.6596633],[-84.363816,33.6596832],[-84.3638522,33.6597008],[-84.363912,33.6597107],[-84.3641105,33.6596908],[-84.3641508,33.6596828],[-84.3641664,33.6596676],[-84.3641706,33.6596427],[-84.3641573,33.6596138],[-84.3641291,33.659579],[-84.3640888,33.6595428],[-84.3640677,33.6595278],[-84.3640653,33.6594834],[-84.3640864,33.6594511],[-84.3641082,33.6594269],[-84.3641409,33.6594237],[-84.3642278,33.6594203],[-84.3642682,33.6594],[-84.3643401,33.6593564],[-84.3643952,33.6592629],[-84.3644043,33.6592348],[-84.3644026,33.6592083],[-84.364375,33.6591645],[-84.3643329,33.6591342],[-84.3643134,33.6590625],[-84.3642884,33.6590074],[-84.3641993,33.6589503],[-84.364166,33.6588856],[-84.3641517,33.6588518],[-84.3640743,33.6588046],[-84.3640203,33.6587656],[-84.3639988,33.6587055],[-84.3639853,33.6586734],[-84.3639916,33.6586398],[-84.3640177,33.6585921],[-84.3640659,33.6585487],[-84.3641036,33.6585315],[-84.3641376,33.6585068],[-84.3641742,33.6584612],[-84.3641872,33.6584155],[-84.3641903,33.6583755],[-84.3641772,33.6583445],[-84.3641424,33.6582856],[-84.3640932,33.6582253],[-84.3640191,33.6581724],[-84.3638863,33.6581247],[-84.3638274,33.6580965],[-84.3638047,33.6580668],[-84.3637814,33.6580366],[-84.363786,33.6579935],[-84.363806,33.6579612],[-84.363844,33.6579424],[-84.3639427,33.6579295],[-84.364054,33.6579436],[-84.3641292,33.6579427],[-84.3642127,33.6579514],[-84.3642673,33.6579781],[-84.3643368,33.6580284],[-84.3643721,33.6580922],[-84.3644398,33.6581591],[-84.3644888,33.6583845],[-84.3645679,33.6584619],[-84.3645982,33.6585063],[-84.3646373,33.6586297],[-84.3647606,33.6588712],[-84.3648999,33.6589569],[-84.3650176,33.6589856],[-84.3651442,33.6590936],[-84.3652074,33.6591508],[-84.3652238,33.6591772],[-84.3652197,33.6592037],[-84.365194,33.6592592],[-84.365148,33.6593062],[-84.3650355,33.6593383],[-84.3649742,33.6593896],[-84.3649369,33.6594624],[-84.364945,33.6595126],[-84.3649226,33.6595585],[-84.3648784,33.6595989],[-84.364819,33.659616],[-84.3647077,33.6596486],[-84.36467,33.659708],[-84.3646118,33.6597609],[-84.3645165,33.6597917],[-84.3644701,33.6598177],[-84.3644493,33.6598565],[-84.3644559,33.6598794],[-84.3645034,33.6599194],[-84.3645318,33.6599986],[-84.3646086,33.6600503],[-84.3647099,33.6601523],[-84.3647869,33.6602372],[-84.3648325,33.6603209],[-84.3648882,33.6603472],[-84.3649348,33.6603655],[-84.3649699,33.660389],[-84.364956,33.6604297],[-84.3649219,33.660453],[-84.3648801,33.6604423],[-84.3648183,33.6604262],[-84.3646599,33.6603095],[-84.3645815,33.6602388],[-84.364547,33.6601481],[-84.3645095,33.6601015],[-84.3644593,33.660074],[-84.3643921,33.6600884],[-84.3643248,33.6601218],[-84.3642465,33.6601294],[-84.3641119,33.6600957],[-84.364034,33.6601207],[-84.3639536,33.6601628],[-84.3639013,33.6601931],[-84.3638222,33.660302],[-84.3637716,33.6603475],[-84.3637237,33.6603695],[-84.3636252,33.6604019],[-84.3635344,33.6604212],[-84.3634564,33.6604681]]},"properties":{"bicycle":"designated","foot":"designated","highway":"path","horse":"no","motor_vehicle":"no","name":"Southside Park MTB - Oak Trail","surface":"dirt","osm_id":1051670255,"osm_type":"way"}},{"type":"Feature","geometry":{"type":"LineString","coordinates":[[-84.362958,33.660628],[-84.3629464,33.6605987]]},"properties":{"bicycle":"designated","bridge":"yes","foot":"designated","highway":"path","horse":"no","layer":"1","motor_vehicle":"no","osm_id":1051670256,"osm_type":"way"}},{"type":"Feature","geometry":{"type":"LineString","coordinates":[[-84.3491639,33.7698198],[-84.349219,33.7698161],[-84.3492331,33.7698151],[-84.3492996,33.769807],[-84.3493718,33.7697976],[-84.3494513,33.7697922],[-84.3495576,33.7697946],[-84.3496388,33.7697976],[-84.3497353,33.769799],[-84.3498132,33.7697976],[-84.349913,33.7697909],[-84.3503616,33.7697268],[-84.350601,33.7696877],[-84.350674,33.7696725],[-84.3507373,33.7696553],[-84.3507892,33.7696364],[-84.3508296,33.7696155],[-84.3508488,33.7696034],[-84.3508703,33.7695899],[-84.3509117,33.7695602],[-84.3509547,33.7695238],[-84.3510801,33.7694106],[-84.3511754,33.7693275],[-84.3512265,33.7692837],[-84.3512833,33.7692412],[-84.351352,33.7692002],[-84.3514293,33.769169],[-84.3515027,33.7691491],[-84.3516314,33.7691218],[-84.351764,33.7690937],[-84.3518504,33.7690733],[-84.3519371,33.7690558],[-84.3523472,33.7689514],[-84.3523997,33.7689397],[-84.3524649,33.7689448]]},"properties":{"bicycle":"designated","foot":"designated","highway":"cycleway","motor_vehicle":"no","name":"Stone Mountain Trail","segregated":"no","surface":"paved","osm_id":1051679255,"osm_type":"way"}},{"type":"Feature","geometry":{"type":"LineString","coordinates":[[-84.3524441,33.7692871],[-84.3523439,33.7693062],[-84.3522785,33.7693239],[-84.3521246,33.769372],[-84.3520383,33.7693994],[-84.3519916,33.7694145],[-84.3519142,33.7694459],[-84.3518875,33.76946],[-84.3518653,33.7694748],[-84.3518173,33.7695121],[-84.3517755,33.7695406],[-84.3517337,33.7695672],[-84.3516456,33.7696153],[-84.3516029,33.7696338],[-84.3515664,33.7696497],[-84.3515286,33.7696667],[-84.3514855,33.7696911],[-84.351252,33.7698315],[-84.3511893,33.7698626],[-84.3511159,33.7698922],[-84.3509981,33.7699321],[-84.3507592,33.7700012],[-84.3506227,33.7700327],[-84.3505044,33.7700578],[-84.3503859,33.7700829],[-84.3501975,33.7701229],[-84.3500419,33.7701491],[-84.3498746,33.7701769],[-84.3497181,33.7701968],[-84.3496803,33.7701998],[-84.3496345,33.7702001],[-84.3495891,33.7701964],[-84.3494727,33.7701713],[-84.3493804,33.7701421],[-84.3493128,33.7701161],[-84.3492904,33.7701098],[-84.3492736,33.7701051],[-84.3492178,33.7700984]]},"properties":{"bicycle":"designated","foot":"designated","highway":"cycleway","motor_vehicle":"no","segregated":"no","surface":"paved","osm_id":1051679257,"osm_type":"way"}},{"type":"Feature","geometry":{"type":"LineString","coordinates":[[-84.3489216,33.7700917],[-84.3488055,33.7700978]]},"properties":{"bicycle":"designated","foot":"designated","highway":"cycleway","motor_vehicle":"no","segregated":"no","surface":"concrete","osm_id":1051690262,"osm_type":"way"}},{"type":"Feature","geometry":{"type":"LineString","coordinates":[[-84.3492178,33.7700984],[-84.3490939,33.7700956],[-84.3490206,33.7700939],[-84.3489655,33.7700928],[-84.3489216,33.7700917]]},"properties":{"bicycle":"designated","crossing":"traffic_signals","crossing:markings":"ladder:paired","crossing:signals":"yes","cycleway":"crossing","foot":"designated","highway":"cycleway","motor_vehicle":"no","segregated":"no","surface":"paved","osm_id":1051690264,"osm_type":"way"}},{"type":"Feature","geometry":{"type":"LineString","coordinates":[[-84.3489212,33.7698538],[-84.348975,33.7698464],[-84.3490451,33.7698366],[-84.3490977,33.7698291],[-84.349149,33.7698219],[-84.3491639,33.7698198]]},"properties":{"bicycle":"designated","crossing":"traffic_signals","crossing:markings":"ladder:paired","crossing:signals":"yes","cycleway":"crossing","foot":"designated","highway":"cycleway","motor_vehicle":"no","name":"Stone Mountain Trail","segregated":"no","surface":"paved","osm_id":1051690265,"osm_type":"way"}},{"type":"Feature","geometry":{"type":"LineString","coordinates":[[-84.3914178,33.7469342],[-84.3917705,33.7469345],[-84.3919227,33.7469347],[-84.3921373,33.7469349],[-84.3922442,33.7469349],[-84.3926628,33.746937],[-84.3927955,33.7469377]]},"properties":{"cycleway":"track","highway":"secondary","name":"Memorial Drive Southwest","tiger:cfcc":"A41","tiger:county":"Fulton, GA","tiger:name_base":"Memorial","tiger:name_direction_suffix":"SW","tiger:name_type":"Dr","tiger:reviewed":"no","tiger:zip_left":"30303","tiger:zip_right":"30303","osm_id":1053849379,"osm_type":"way"}},{"type":"Feature","geometry":{"type":"LineString","coordinates":[[-84.3382008,33.7715234],[-84.3382244,33.7715049],[-84.3382859,33.7714864],[-84.338348,33.7714938],[-84.3383885,33.7714845],[-84.3384263,33.7714581],[-84.3385423,33.7713505],[-84.33858,33.7713276],[-84.3386153,33.7713222],[-84.3386595,33.7713309],[-84.3387062,33.7713582],[-84.3387496,33.7714573],[-84.3387926,33.7715137],[-84.3388412,33.7715397],[-84.3388952,33.7715417],[-84.3389358,33.7715255],[-84.3389646,33.7715005],[-84.3389759,33.7714729],[-84.3389795,33.7713908],[-84.3390047,33.7713528],[-84.3390319,33.7713377],[-84.3390624,33.7713335],[-84.3391706,33.7713542],[-84.3392266,33.7713421],[-84.3392643,33.7713056],[-84.3393149,33.7712075]]},"properties":{"bicycle":"designated","foot":"designated","highway":"cycleway","motor_vehicle":"no","name":"Stone Mountain Trail","segregated":"no","surface":"paved","osm_id":1054096636,"osm_type":"way"}},{"type":"Feature","geometry":{"type":"LineString","coordinates":[[-84.3424317,33.7711582],[-84.342504,33.7711591],[-84.3425839,33.7711602]]},"properties":{"bicycle":"designated","crossing":"uncontrolled","crossing:markings":"ladder:paired","cycleway":"crossing","foot":"designated","highway":"cycleway","motor_vehicle":"no","name":"Stone Mountain Trail","segregated":"no","surface":"paved","osm_id":1054096637,"osm_type":"way"}},{"type":"Feature","geometry":{"type":"LineString","coordinates":[[-84.2560177,33.8259057],[-84.2558616,33.825964],[-84.2555348,33.826086],[-84.2551949,33.8261936]]},"properties":{"cycleway":"lane","highway":"primary","lanes":"3","name":"Lawrenceville Highway","oneway":"yes","ref":"US 29;GA 8","tiger:county":"DeKalb, GA","osm_id":1055935518,"osm_type":"way"}},{"type":"Feature","geometry":{"type":"LineString","coordinates":[[-84.2551949,33.8261936],[-84.2550112,33.8262518]]},"properties":{"cycleway":"lane","highway":"primary","lanes":"4","name":"Lawrenceville Highway","oneway":"yes","ref":"US 29;GA 8","tiger:county":"DeKalb, GA","osm_id":1055935519,"osm_type":"way"}},{"type":"Feature","geometry":{"type":"LineString","coordinates":[[-84.2534837,33.8267109],[-84.2531208,33.8268419]]},"properties":{"cycleway":"lane","highway":"primary","lanes":"4","name":"Lawrenceville Highway","oneway":"yes","ref":"US 29;GA 8","tiger:county":"DeKalb, GA","osm_id":1055935520,"osm_type":"way"}},{"type":"Feature","geometry":{"type":"LineString","coordinates":[[-84.2538079,33.8265929],[-84.2534837,33.8267109]]},"properties":{"cycleway":"lane","highway":"primary","lanes":"3","name":"Lawrenceville Highway","oneway":"yes","ref":"US 29;GA 8","tiger:county":"DeKalb, GA","osm_id":1055935521,"osm_type":"way"}},{"type":"Feature","geometry":{"type":"LineString","coordinates":[[-84.3617334,33.6595814],[-84.3616656,33.6596223],[-84.3616347,33.6596546],[-84.3615957,33.6596794],[-84.3615405,33.6596981],[-84.3612532,33.6596482],[-84.3611744,33.6596495],[-84.3611841,33.6596775],[-84.3611992,33.6597108],[-84.3612439,33.6597729],[-84.3612532,33.6598499],[-84.3612805,33.6599314],[-84.3612906,33.6599761],[-84.3612804,33.660018],[-84.3612617,33.6600618],[-84.3612701,33.6600884],[-84.3612833,33.6601087],[-84.361309,33.660129],[-84.3613621,33.6601673],[-84.3614057,33.6601942],[-84.3614326,33.6602162],[-84.3614492,33.6602482],[-84.361444,33.6602804],[-84.3614254,33.6603176],[-84.3612482,33.6604298],[-84.3612332,33.6604974],[-84.3612829,33.6605678],[-84.3612943,33.660636],[-84.3612495,33.6607458],[-84.3612539,33.6608146],[-84.3612328,33.6608769],[-84.3611817,33.6609241],[-84.3610975,33.6609649],[-84.3609877,33.6610015],[-84.3608907,33.6610551],[-84.3607995,33.6610973],[-84.3607702,33.6611213],[-84.360756,33.6611452],[-84.360768,33.661171],[-84.3608635,33.6612461],[-84.3609221,33.6612873],[-84.3609541,33.6613053],[-84.3609764,33.6613178],[-84.361139,33.6613905],[-84.3611954,33.6614254],[-84.3612519,33.6614362],[-84.3613319,33.6614555],[-84.3614324,33.6614912],[-84.3614828,33.6614895],[-84.3615127,33.6614726],[-84.3615952,33.6614023],[-84.3616435,33.6613891],[-84.3617198,33.6613714],[-84.361778,33.6613665],[-84.3618419,33.6613483],[-84.3618937,33.6613452],[-84.3619875,33.6613537],[-84.3620205,33.6613692],[-84.361995,33.661391],[-84.3619607,33.6614101],[-84.3619096,33.6614254],[-84.3618738,33.6614508],[-84.3618516,33.6614825],[-84.3617452,33.6616371],[-84.3617098,33.6617045],[-84.3617096,33.6617259],[-84.361729,33.6617499],[-84.3617426,33.6617583],[-84.3617606,33.6617629],[-84.3617805,33.661758],[-84.3617968,33.6617494],[-84.3618308,33.6617043],[-84.3618388,33.6616742],[-84.3618549,33.6616554],[-84.3618864,33.6616486],[-84.3619161,33.6616523],[-84.3619562,33.6616471],[-84.3620514,33.6616593],[-84.3621289,33.6616512],[-84.362168,33.6616625],[-84.3621995,33.6617028],[-84.362231,33.6617486],[-84.3622264,33.6617854],[-84.3622125,33.6618205],[-84.3621842,33.6618415],[-84.3621362,33.661855],[-84.3620371,33.6618833],[-84.3620202,33.6619022],[-84.3620125,33.6619236],[-84.3620073,33.6619549],[-84.3620097,33.6619875],[-84.3620217,33.6620049],[-84.3620427,33.6620136],[-84.3620692,33.6620094],[-84.3620972,33.6620002],[-84.3621274,33.6619806],[-84.3621629,33.6619728],[-84.3622032,33.6619773],[-84.3622165,33.6619831],[-84.3622328,33.6620002],[-84.3622518,33.6620446],[-84.3622497,33.6620855],[-84.3622191,33.662126],[-84.362201,33.6621674],[-84.3622072,33.6621993],[-84.3622168,33.6622153],[-84.3622544,33.6622228],[-84.3623124,33.6622095],[-84.3623678,33.6622154],[-84.3624003,33.6622331],[-84.36241,33.6622405],[-84.3624161,33.6622539],[-84.3624195,33.6622827],[-84.3624062,33.662318],[-84.3624051,33.6623336],[-84.3624123,33.6623515],[-84.3624392,33.6623739],[-84.3625018,33.6623917],[-84.3625129,33.6623957],[-84.3625183,33.6624012],[-84.3625276,33.6624291],[-84.362527,33.6624671],[-84.3625341,33.6624942],[-84.3625521,33.6625087],[-84.3625983,33.6625317],[-84.3626178,33.662549],[-84.3626217,33.6625692],[-84.3626228,33.6625826],[-84.3626124,33.6625991],[-84.3625572,33.6626639],[-84.3625498,33.6626863],[-84.3625519,33.6627062],[-84.362558,33.6627136],[-84.3625667,33.66272],[-84.3626045,33.6627374],[-84.3626161,33.6627467],[-84.3626226,33.6627618],[-84.3626319,33.6627875],[-84.3626336,33.6628059],[-84.3626215,33.6628436],[-84.3626051,33.6628692],[-84.3625837,33.6628906],[-84.3625681,33.6629024],[-84.3625506,33.662903],[-84.3625219,33.6628941],[-84.3624855,33.6628908],[-84.3624511,33.6629043],[-84.3624037,33.662909],[-84.3623017,33.6628914],[-84.3622343,33.6628942],[-84.3621132,33.6629243],[-84.361975,33.6629342],[-84.3619415,33.6629486],[-84.3619211,33.6629704],[-84.361917,33.6629828],[-84.3619237,33.6629937],[-84.3619372,33.6630007],[-84.3619546,33.6630035],[-84.3620603,33.6630197],[-84.3621982,33.663027],[-84.3623195,33.663034],[-84.362385,33.6630299],[-84.3624471,33.6630254],[-84.3625014,33.6630196],[-84.362548,33.6629987],[-84.3625652,33.6629925],[-84.362586,33.6629929],[-84.3625956,33.6630018],[-84.3625927,33.6630196],[-84.3625798,33.6630336],[-84.3625405,33.6630626],[-84.3625082,33.6630771],[-84.3624705,33.6630931],[-84.3624433,33.6631002],[-84.3623964,33.6631007],[-84.3623395,33.6630997],[-84.3621969,33.6631156],[-84.3621061,33.6631157],[-84.3620459,33.6631211],[-84.3619425,33.6631686],[-84.3618451,33.6631812],[-84.3617784,33.663198],[-84.3617062,33.6632086],[-84.3616637,33.6632011],[-84.3616237,33.6631884],[-84.3615458,33.6631527],[-84.3614998,33.6631192],[-84.3614614,33.6630798],[-84.3614062,33.6630669],[-84.3613724,33.6630672],[-84.3613373,33.6630707],[-84.3613047,33.6630811],[-84.3612798,33.6630978],[-84.3612553,33.6631307],[-84.3612481,33.6631519],[-84.3612498,33.6631805],[-84.3612531,33.6631999],[-84.3612755,33.6632192],[-84.3612998,33.6632294],[-84.3613292,33.6632364],[-84.3616992,33.6633341],[-84.3618204,33.6633748],[-84.361896,33.6633881],[-84.3619995,33.6633906],[-84.3627401,33.6634057],[-84.3627957,33.6633917],[-84.3628385,33.6633655],[-84.3628835,33.6633491],[-84.3629555,33.6633317],[-84.3629945,33.6633292],[-84.3630228,33.6633318],[-84.3630582,33.6633421],[-84.3630724,33.6633568],[-84.363076,33.6633715],[-84.3630718,33.663401],[-84.3630561,33.6634374],[-84.3630284,33.6634687],[-84.362982,33.6635319],[-84.362949,33.6635553],[-84.3629007,33.66358],[-84.3627648,33.6636344],[-84.3626289,33.663709],[-84.3626041,33.6637388],[-84.3626031,33.66376],[-84.3626097,33.6637812],[-84.3626338,33.6638072],[-84.3626716,33.663818],[-84.362697,33.6638261],[-84.3627346,33.6638241],[-84.3627745,33.6638146],[-84.3628114,33.6637963],[-84.3628685,33.6637533],[-84.362925,33.6637469],[-84.3630737,33.663758],[-84.3630926,33.6637665],[-84.363104,33.6637884],[-84.3631106,33.6638144],[-84.3631118,33.6638395],[-84.3630938,33.6638628],[-84.3630429,33.6638933],[-84.3629776,33.6639177],[-84.3629048,33.6639287],[-84.3628168,33.6639227],[-84.3627529,33.6639624],[-84.3627389,33.6640071],[-84.3627421,33.6640347],[-84.3627542,33.6640666],[-84.3628014,33.6640946],[-84.3628805,33.6641055],[-84.3629436,33.6641111],[-84.3630093,33.6641019],[-84.3631011,33.6640792],[-84.3631979,33.6640692],[-84.363274,33.664095],[-84.3633398,33.6641302],[-84.3633852,33.6641591],[-84.3634,33.6642007],[-84.3633798,33.6642745],[-84.3633914,33.6643177],[-84.3634183,33.664363],[-84.3635092,33.6643694],[-84.3635604,33.6644064],[-84.3636032,33.6644686],[-84.3636567,33.6645307],[-84.3636899,33.6645474],[-84.363751,33.6645552],[-84.3637823,33.664638],[-84.3637787,33.6646821],[-84.3637664,33.6647154],[-84.3637381,33.6647398],[-84.3637111,33.6647556],[-84.363684,33.6647607],[-84.3636107,33.664745],[-84.363504,33.6646667],[-84.3634321,33.6646724],[-84.3633623,33.6646852],[-84.3633268,33.6646711],[-84.3633129,33.6646555],[-84.3632743,33.6645957],[-84.3632431,33.6645443],[-84.3632239,33.6645247],[-84.3631939,33.664514],[-84.3631661,33.6645042],[-84.3631365,33.6645019],[-84.3630576,33.664513],[-84.3629129,33.664554],[-84.3628298,33.664576],[-84.362781,33.6645877],[-84.3627304,33.6645905],[-84.3626827,33.6645836],[-84.3626423,33.6645662],[-84.3625903,33.6645269],[-84.3625242,33.6644635],[-84.362502,33.6644194],[-84.3624898,33.6643753],[-84.3624702,33.6643266],[-84.3624614,33.6642779],[-84.3624283,33.6640698],[-84.3623451,33.6639873],[-84.3623024,33.663956],[-84.3622606,33.6639451],[-84.3622026,33.6639395],[-84.3621562,33.6639545],[-84.3621185,33.6639807],[-84.3620848,33.6640201],[-84.3620901,33.6640551],[-84.3621386,33.6640715],[-84.3621693,33.6641025],[-84.3621856,33.6641284],[-84.3622091,33.6641715],[-84.3622181,33.6641931],[-84.3622217,33.6642184],[-84.3622173,33.6642464],[-84.3621949,33.6642684],[-84.36213,33.6642899],[-84.3620536,33.6643019],[-84.3618958,33.6642674],[-84.3618355,33.6642947],[-84.3617906,33.6643283],[-84.3617533,33.6643705],[-84.3617226,33.6644253],[-84.3617091,33.6644503],[-84.3616829,33.6644716],[-84.3616619,33.6644733],[-84.3616403,33.6644644],[-84.3616248,33.6644481],[-84.361615,33.6644233],[-84.3615852,33.6643649],[-84.3615553,33.6643235],[-84.3615012,33.6642619],[-84.3614569,33.6642266],[-84.3614362,33.6641898],[-84.361373,33.6641319],[-84.3613316,33.6641041],[-84.3612866,33.6640988],[-84.3612411,33.6641072],[-84.3612103,33.6641227],[-84.3611794,33.6641307],[-84.3611341,33.6641285],[-84.3611025,33.6641193],[-84.3610727,33.6641026],[-84.3610275,33.6640963],[-84.3609748,33.6641025],[-84.3607936,33.6640879],[-84.360634,33.6640224],[-84.3605656,33.6639387],[-84.3605873,33.6638692],[-84.3606721,33.663887],[-84.3607484,33.6638601],[-84.3608207,33.6637259],[-84.3609166,33.6636507],[-84.3609567,33.6636058],[-84.3609735,33.6635738],[-84.360973,33.6635507],[-84.360955,33.6635082],[-84.3609424,33.6634883],[-84.3609234,33.663472],[-84.3609058,33.6634633],[-84.3608806,33.6634634],[-84.3608691,33.6634688],[-84.3608602,33.6634779],[-84.3608463,33.6635103],[-84.3608314,33.6635348],[-84.3608027,33.6635718],[-84.3607603,33.6636025],[-84.3607194,33.6636147],[-84.3606677,33.6636126],[-84.3605772,33.6635932],[-84.3605339,33.6635759],[-84.3605153,33.6635632],[-84.3605074,33.6635479],[-84.3605032,33.6635289],[-84.3605127,33.6635099],[-84.3605313,33.663454],[-84.3605436,33.6634355],[-84.3605635,33.6634196],[-84.3605956,33.6634181],[-84.3606277,33.663423],[-84.3606544,33.663414],[-84.3606721,33.6634012],[-84.360694,33.6633764],[-84.3607015,33.6633456],[-84.3607057,33.6632569],[-84.3607466,33.6631622],[-84.3607829,33.6631083],[-84.36082,33.6630566],[-84.3608635,33.6630102],[-84.3609006,33.662987],[-84.3611308,33.6629233],[-84.3611987,33.6629032],[-84.3612594,33.6628756],[-84.3613111,33.6628728],[-84.361361,33.6628745],[-84.3614016,33.6628674],[-84.3614403,33.6628602],[-84.3614827,33.6628628],[-84.3615268,33.6628729],[-84.3615605,33.6628926],[-84.3615833,33.6629153],[-84.3616233,33.6629245],[-84.361646,33.6629233],[-84.3616621,33.6629184],[-84.3616693,33.6629034],[-84.3616632,33.6628764],[-84.3616449,33.6628549],[-84.3616202,33.6628345],[-84.3616019,33.6628038],[-84.3615849,33.662754],[-84.3615634,33.6627255],[-84.3615355,33.6627033],[-84.3614825,33.6626737],[-84.3614321,33.6626751],[-84.3613096,33.662732],[-84.3612669,33.6627398],[-84.3612289,33.662736],[-84.3612076,33.662727],[-84.3611648,33.6627078],[-84.3611533,33.6626985],[-84.3611292,33.6626935],[-84.3611072,33.662693],[-84.3610836,33.6626965],[-84.3610681,33.6627138],[-84.3610299,33.6627492],[-84.3609563,33.66282],[-84.3607727,33.6629167],[-84.360562,33.6630239],[-84.3604908,33.663027],[-84.3604213,33.6630031],[-84.3603787,33.6629589],[-84.3603695,33.662904],[-84.3603839,33.6628599],[-84.3604184,33.6628285],[-84.3604544,33.6627993],[-84.3604783,33.6627358],[-84.360508,33.6626656],[-84.3605569,33.6626098],[-84.3606072,33.6625052],[-84.3606588,33.6624956],[-84.3606953,33.6624771],[-84.3607123,33.6624421],[-84.3607132,33.6623696],[-84.3607351,33.6623246],[-84.3607805,33.662305],[-84.3608741,33.6622881],[-84.3609311,33.6622814],[-84.3609891,33.6622747],[-84.3610889,33.6622816],[-84.3611565,33.6622974],[-84.3611627,33.6623369],[-84.3611796,33.6623711],[-84.3613086,33.6623935],[-84.3614762,33.6624953],[-84.3615997,33.6625607],[-84.3616848,33.662608],[-84.3617401,33.6626281],[-84.3617827,33.6626268],[-84.3618077,33.6625843],[-84.3618135,33.6625276],[-84.3618787,33.6624329],[-84.3619067,33.6624038],[-84.3619497,33.662389],[-84.3619852,33.6623487],[-84.361987,33.6623274],[-84.3619864,33.6623102],[-84.3619613,33.6622915],[-84.3619308,33.6622817],[-84.3619043,33.6622585],[-84.3619,33.6622235],[-84.3619149,33.6621884],[-84.3619051,33.6621433],[-84.361878,33.6621008],[-84.3618218,33.6620562],[-84.361811,33.6620256],[-84.3618281,33.6619843],[-84.3618173,33.6619678],[-84.3617904,33.6619442],[-84.3617484,33.6619259],[-84.3617121,33.6618987],[-84.3616706,33.6618961],[-84.3616419,33.6619114],[-84.3616276,33.6619311],[-84.361624,33.6619651],[-84.361591,33.6619938],[-84.361558,33.6620216],[-84.3615014,33.6620405],[-84.3614437,33.6621014],[-84.3614171,33.662106],[-84.3613849,33.6620915],[-84.3613365,33.6620368],[-84.3611154,33.6619775],[-84.3610502,33.6619052],[-84.3608001,33.6618944],[-84.3606579,33.6618712],[-84.3604707,33.6618104],[-84.3604619,33.6617746],[-84.3604594,33.6617432],[-84.3604653,33.661703],[-84.3604739,33.6616916],[-84.3604906,33.6616922],[-84.3605498,33.6616952],[-84.3605838,33.6616964],[-84.3606179,33.6616885],[-84.3606355,33.6616869],[-84.3606568,33.6616936],[-84.3606739,33.6616903],[-84.3606864,33.661684],[-84.3606883,33.6616704],[-84.3606849,33.6616569],[-84.3606803,33.6616462],[-84.3606667,33.6616362],[-84.3606437,33.6616294],[-84.3606279,33.6616226],[-84.3606148,33.6616072],[-84.3606044,33.661591],[-84.3605771,33.6615157],[-84.3605745,33.6614804],[-84.3605675,33.6614522],[-84.360543,33.6613932],[-84.360527,33.6613669],[-84.3605014,33.6613415],[-84.3604416,33.6612854],[-84.360483,33.6610811],[-84.3604968,33.6610233],[-84.3604984,33.6609667],[-84.3605109,33.6609458],[-84.3605695,33.6609174],[-84.3606542,33.6609088],[-84.3607359,33.6608839],[-84.3607862,33.6608603],[-84.3608199,33.6608234],[-84.3608406,33.6607654],[-84.360846,33.6607073],[-84.3608522,33.6606843],[-84.3608664,33.660663],[-84.3609104,33.6606314],[-84.3609616,33.6606013],[-84.361,33.6605668],[-84.3610389,33.6605209],[-84.3610575,33.6604808],[-84.3611022,33.6604017],[-84.3611277,33.6603356],[-84.3611418,33.6602937],[-84.3611398,33.6602672],[-84.3611281,33.6602407],[-84.3611061,33.6602143],[-84.3610832,33.6601885],[-84.3610543,33.6601653],[-84.3610518,33.6601335],[-84.3610555,33.660103],[-84.3610445,33.6600408],[-84.3610523,33.6599946],[-84.3610691,33.6599484],[-84.361066,33.6599143],[-84.3610448,33.6598862],[-84.3610074,33.6598588],[-84.360988,33.65983],[-84.3609828,33.6597986],[-84.3610307,33.6597207],[-84.3610634,33.6596511],[-84.3610926,33.6596306],[-84.3611326,33.659631],[-84.3611744,33.6596495]]},"properties":{"bicycle":"designated","foot":"designated","highway":"path","horse":"no","motor_vehicle":"no","name":"HIckory Trail","surface":"dirt","width":"0.3","osm_id":1058905583,"osm_type":"way"}},{"type":"Feature","geometry":{"type":"LineString","coordinates":[[-84.3667152,33.6629056],[-84.3666825,33.6629675],[-84.3666822,33.6630205],[-84.3667142,33.6631294],[-84.3667709,33.6632751],[-84.3669024,33.6635755],[-84.3669457,33.6636694],[-84.366998,33.6637678],[-84.3669872,33.6638444],[-84.366969,33.6639218],[-84.3669399,33.6639662],[-84.3668421,33.664097],[-84.3667579,33.6642147],[-84.3666963,33.6642569],[-84.3665958,33.6642737],[-84.3664974,33.6642483],[-84.3664206,33.6641959],[-84.3663357,33.6641722],[-84.3662432,33.6641804],[-84.3661788,33.6642143],[-84.3661222,33.6643492],[-84.3658947,33.6645577],[-84.3656949,33.6646617],[-84.3655949,33.6646971],[-84.365526,33.6646698],[-84.365486,33.6646425],[-84.3654227,33.6645586],[-84.3653431,33.6643997],[-84.3652555,33.6643323],[-84.3651666,33.6642883],[-84.3650715,33.6642817],[-84.3649856,33.6642897],[-84.3647974,33.6643044],[-84.3647062,33.6642795],[-84.3646366,33.6642486],[-84.3645507,33.6642268],[-84.3644649,33.6642259],[-84.3641834,33.6642552],[-84.3640313,33.6642885],[-84.363978,33.6643135],[-84.3639429,33.664351],[-84.3639322,33.6644102],[-84.3639063,33.6644543],[-84.3638533,33.6645047],[-84.363751,33.6645552]]},"properties":{"bicycle":"designated","foot":"designated","highway":"path","horse":"no","motor_vehicle":"no","name":"Hickory Connector","surface":"dirt","osm_id":1058905584,"osm_type":"way"}},{"type":"Feature","geometry":{"type":"LineString","coordinates":[[-84.3637649,33.6608156],[-84.3638871,33.6608803],[-84.364014,33.6609557]]},"properties":{"bicycle":"designated","foot":"designated","highway":"path","horse":"no","motor_vehicle":"no","name":"Southside Park MTB - Oak Loop Split","surface":"dirt","osm_id":1058905585,"osm_type":"way"}},{"type":"Feature","geometry":{"type":"LineString","coordinates":[[-84.3627218,33.8259155],[-84.3627264,33.8258637],[-84.3627402,33.8257089],[-84.3627439,33.8256676]]},"properties":{"bicycle":"designated","crossing":"traffic_signals","crossing:markings":"ladder:paired","crossing:signals":"yes","cycleway":"crossing","foot":"designated","highway":"cycleway","segregated":"no","osm_id":1062227940,"osm_type":"way"}},{"type":"Feature","geometry":{"type":"LineString","coordinates":[[-84.3623631,33.8258971],[-84.362382,33.8258478],[-84.3624416,33.8256927],[-84.3624536,33.8256615]]},"properties":{"bicycle":"designated","crossing":"traffic_signals","crossing:markings":"ladder:paired","crossing:signals":"yes","cycleway":"crossing","foot":"designated","highway":"cycleway","segregated":"no","osm_id":1062227944,"osm_type":"way"}},{"type":"Feature","geometry":{"type":"LineString","coordinates":[[-84.3627439,33.8256676],[-84.3626137,33.8256649],[-84.3624536,33.8256615]]},"properties":{"bicycle":"designated","crossing":"traffic_signals","crossing:markings":"ladder:paired","crossing:signals":"yes","cycleway":"crossing","foot":"designated","highway":"cycleway","segregated":"no","osm_id":1062227945,"osm_type":"way"}},{"type":"Feature","geometry":{"type":"LineString","coordinates":[[-84.5386698,33.8465248],[-84.5388323,33.8465022],[-84.5388634,33.8464419],[-84.5388238,33.8463604],[-84.5388663,33.8463009],[-84.5388512,33.8462382],[-84.5387918,33.8461576],[-84.5387932,33.8460039]]},"properties":{"bicycle":"designated","foot":"designated","highway":"cycleway","segregated":"no","surface":"concrete","width":"1","osm_id":1067783118,"osm_type":"way"}},{"type":"Feature","geometry":{"type":"LineString","coordinates":[[-84.2553939,33.8263485],[-84.2555682,33.8262982],[-84.2559547,33.8261592],[-84.2560792,33.8261145]]},"properties":{"cycleway":"lane","highway":"primary","lanes":"5","name":"Lawrenceville Highway","oneway":"yes","ref":"US 29;GA 8","tiger:county":"DeKalb, GA","turn:lanes":"left|none|none|none|right","osm_id":1070210394,"osm_type":"way"}},{"type":"Feature","geometry":{"type":"LineString","coordinates":[[-84.2539624,33.8267558],[-84.2540969,33.8267148],[-84.2543039,33.8266517],[-84.2545074,33.8265929]]},"properties":{"cycleway":"lane","highway":"primary","lanes":"3","name":"Lawrenceville Highway","oneway":"yes","ref":"US 29;GA 8","tiger:county":"DeKalb, GA","osm_id":1070210395,"osm_type":"way"}},{"type":"Feature","geometry":{"type":"LineString","coordinates":[[-84.3977999,33.77776],[-84.397803,33.7776226]]},"properties":{"bicycle":"designated","foot":"designated","highway":"cycleway","name":"Atlantic Drive Northwest","surface":"paving_stones","osm_id":1072133831,"osm_type":"way"}},{"type":"Feature","geometry":{"type":"LineString","coordinates":[[-84.251296,33.8276612],[-84.2511023,33.8277776]]},"properties":{"cycleway":"lane","highway":"primary","lanes":"3","maxspeed":"45 mph","name":"Lawrenceville Highway","oneway":"yes","ref":"US 29;GA 8","sidewalk:left":"no","sidewalk:right":"separate","source:maxspeed":"survey 2014-05-27","tiger:county":"DeKalb, GA","osm_id":1072935711,"osm_type":"way"}},{"type":"Feature","geometry":{"type":"LineString","coordinates":[[-84.3271949,33.8957007],[-84.3271666,33.8957288],[-84.3270842,33.8958105],[-84.3266199,33.8961729],[-84.3265184,33.8962942],[-84.3264584,33.8964996],[-84.3263708,33.8966247],[-84.3263585,33.8969144],[-84.3263708,33.8970943],[-84.3263139,33.8972615],[-84.3263385,33.8974312],[-84.3264384,33.8976137],[-84.3265168,33.8976609],[-84.326689,33.8976903],[-84.3268904,33.8976852],[-84.3270672,33.8976392],[-84.3271303,33.8976379],[-84.3273209,33.8976609],[-84.3276315,33.8977247],[-84.327899,33.8977222],[-84.3281419,33.897675],[-84.3283064,33.8976124],[-84.3284648,33.8975818],[-84.3286877,33.8978638],[-84.3286979,33.8978831],[-84.3287385,33.8979595],[-84.3287923,33.8981624],[-84.3288676,33.8983105],[-84.3290337,33.8983551],[-84.3292843,33.8983526],[-84.3294703,33.8983156],[-84.329664,33.8981841],[-84.3297352,33.8981456],[-84.3298147,33.8980961]]},"properties":{"bicycle":"designated","foot":"designated","highway":"cycleway","name":"Nancy Creek PATH Trail","surface":"paved","osm_id":1074414214,"osm_type":"way"}},{"type":"Feature","geometry":{"type":"LineString","coordinates":[[-84.327216,33.895657],[-84.3271949,33.8957007]]},"properties":{"bicycle":"designated","bridge":"yes","foot":"designated","highway":"cycleway","layer":"1","name":"Nancy Creek PATH Trail","surface":"paved","osm_id":1074414215,"osm_type":"way"}},{"type":"Feature","geometry":{"type":"LineString","coordinates":[[-84.3305389,33.8992544],[-84.3306603,33.8992189],[-84.3307488,33.8991632],[-84.3308213,33.8991053],[-84.3308508,33.8990252],[-84.3308481,33.8989317],[-84.3308025,33.8988404],[-84.3307274,33.8987625],[-84.3306442,33.8986801],[-84.3305718,33.8985933],[-84.3305101,33.8984975],[-84.3304431,33.8983907],[-84.3304055,33.8983105],[-84.3303707,33.8982081],[-84.3303331,33.8981124],[-84.3302392,33.8980278],[-84.3301584,33.8979934]]},"properties":{"bicycle":"designated","foot":"designated","highway":"cycleway","osm_id":1074414216,"osm_type":"way"}},{"type":"Feature","geometry":{"type":"LineString","coordinates":[[-84.3304431,33.8983907],[-84.3303626,33.8983551],[-84.3302795,33.8983795],[-84.3301963,33.8984218],[-84.3300676,33.8984352],[-84.3300032,33.8984842],[-84.3299871,33.8985688]]},"properties":{"bicycle":"designated","foot":"designated","highway":"cycleway","osm_id":1074414217,"osm_type":"way"}},{"type":"Feature","geometry":{"type":"LineString","coordinates":[[-84.3300676,33.8984352],[-84.3299249,33.8983975]]},"properties":{"bicycle":"designated","foot":"designated","highway":"cycleway","osm_id":1074414218,"osm_type":"way"}},{"type":"Feature","geometry":{"type":"LineString","coordinates":[[-84.3302795,33.8983795],[-84.3303465,33.8983083],[-84.3303707,33.8982081]]},"properties":{"bicycle":"designated","foot":"designated","highway":"cycleway","osm_id":1074414219,"osm_type":"way"}},{"type":"Feature","geometry":{"type":"LineString","coordinates":[[-84.3298147,33.8980961],[-84.3298685,33.8980747],[-84.329895,33.8980617],[-84.3299161,33.8980514],[-84.330008,33.898015],[-84.3300999,33.8979963],[-84.3301584,33.8979934],[-84.3302728,33.8979697],[-84.3303682,33.8979391],[-84.3303559,33.8978574],[-84.3302442,33.8976937]]},"properties":{"bicycle":"designated","foot":"designated","highway":"cycleway","name":"Nancy Creek PATH Trail","surface":"paved","osm_id":1074414220,"osm_type":"way"}},{"type":"Feature","geometry":{"type":"LineString","coordinates":[[-84.3298547,33.8981944],[-84.3298664,33.8981531],[-84.3298757,33.8981121],[-84.329895,33.8980617]]},"properties":{"bicycle":"designated","foot":"designated","highway":"cycleway","name":"Nancy Creek PATH Trail","osm_id":1074414221,"osm_type":"way"}},{"type":"Feature","geometry":{"type":"LineString","coordinates":[[-84.3298547,33.8981944],[-84.3298094,33.8981646],[-84.3297771,33.8981543],[-84.3297352,33.8981456]]},"properties":{"bicycle":"designated","foot":"designated","highway":"cycleway","osm_id":1074414222,"osm_type":"way"}},{"type":"Feature","geometry":{"type":"LineString","coordinates":[[-84.349891,33.7241211],[-84.349663,33.7240567],[-84.3495567,33.7240267],[-84.349434,33.723992]]},"properties":{"cycleway":"lane","highway":"tertiary","lanes":"3","lanes:backward":"1","lanes:forward":"2","name":"United Avenue Southeast","surface":"asphalt","tiger:cfcc":"A41","tiger:county":"Fulton, GA","tiger:name_base":"Confederate","tiger:name_direction_prefix":"E","tiger:name_direction_suffix":"SE","tiger:name_type":"Ave","tiger:reviewed":"no","tiger:zip_left":"30316","tiger:zip_right":"30316","turn:lanes:forward":"left|right","osm_id":1075848810,"osm_type":"way"}},{"type":"Feature","geometry":{"type":"LineString","coordinates":[[-84.4103587,33.6603288],[-84.4104956,33.6600616]]},"properties":{"cycleway":"lane","highway":"primary","lanes":"3","lanes:backward":"1","lanes:forward":"2","maxspeed":"35 mph","name":"Dogwood Drive","old_name":"Stewart Avenue","ref":"US 19;US 41;GA 3","tiger:cfcc":"A21","tiger:county":"Fulton, GA","tiger:name_base":"Dogwood","tiger:name_base_1":"State Route 3","tiger:name_base_2":"United States Highway 41","tiger:name_base_3":"United States Highway 19","tiger:name_type":"Dr","tiger:reviewed":"no","tiger:zip_left":"30354","tiger:zip_right":"30354","turn:lanes:forward":"left|none","osm_id":1079755391,"osm_type":"way"}},{"type":"Feature","geometry":{"type":"LineString","coordinates":[[-84.4102576,33.6605262],[-84.4103587,33.6603288]]},"properties":{"cycleway":"lane","highway":"primary","lanes":"3","lanes:backward":"1","lanes:forward":"2","maxspeed":"35 mph","name":"Dogwood Drive","old_name":"Stewart Avenue","ref":"US 19;US 41;GA 3","tiger:cfcc":"A21","tiger:county":"Fulton, GA","tiger:name_base":"Dogwood","tiger:name_base_1":"State Route 3","tiger:name_base_2":"United States Highway 41","tiger:name_base_3":"United States Highway 19","tiger:name_type":"Dr","tiger:reviewed":"no","tiger:zip_left":"30354","tiger:zip_right":"30354","turn:lanes:forward":"left|none","osm_id":1079755393,"osm_type":"way"}},{"type":"Feature","geometry":{"type":"LineString","coordinates":[[-84.4102245,33.6605907],[-84.4102576,33.6605262]]},"properties":{"cycleway":"lane","highway":"primary","lanes":"2","maxspeed":"35 mph","name":"Dogwood Drive","old_name":"Stewart Avenue","ref":"US 19;US 41;GA 3","tiger:cfcc":"A21","tiger:county":"Fulton, GA","tiger:name_base":"Dogwood","tiger:name_base_1":"State Route 3","tiger:name_base_2":"United States Highway 41","tiger:name_base_3":"United States Highway 19","tiger:name_type":"Dr","tiger:reviewed":"no","tiger:zip_left":"30354","tiger:zip_right":"30354","osm_id":1079755394,"osm_type":"way"}},{"type":"Feature","geometry":{"type":"LineString","coordinates":[[-84.4101488,33.6607384],[-84.4102245,33.6605907]]},"properties":{"cycleway":"lane","highway":"primary","lanes":"2","maxspeed":"35 mph","name":"Dogwood Drive","old_name":"Stewart Avenue","ref":"US 19;US 41;GA 3","tiger:cfcc":"A21","tiger:county":"Fulton, GA","tiger:name_base":"Dogwood","tiger:name_base_1":"State Route 3","tiger:name_base_2":"United States Highway 41","tiger:name_base_3":"United States Highway 19","tiger:name_type":"Dr","tiger:reviewed":"no","tiger:zip_left":"30354","tiger:zip_right":"30354","osm_id":1079755396,"osm_type":"way"}},{"type":"Feature","geometry":{"type":"LineString","coordinates":[[-84.4104956,33.6600616],[-84.410605,33.659848]]},"properties":{"cycleway":"lane","highway":"primary","lanes":"3","lanes:backward":"1","lanes:forward":"2","maxspeed":"35 mph","name":"Dogwood Drive","old_name":"Stewart Avenue","ref":"US 19;US 41;GA 3","tiger:cfcc":"A21","tiger:county":"Fulton, GA","tiger:name_base":"Dogwood","tiger:name_base_1":"State Route 3","tiger:name_base_2":"United States Highway 41","tiger:name_base_3":"United States Highway 19","tiger:name_type":"Dr","tiger:reviewed":"no","tiger:zip_left":"30354","tiger:zip_right":"30354","turn:lanes:forward":"left|none","osm_id":1079758867,"osm_type":"way"}},{"type":"Feature","geometry":{"type":"LineString","coordinates":[[-84.3147313,33.7920998],[-84.3147037,33.7921364],[-84.3146746,33.7921735],[-84.3146212,33.7922094],[-84.3144672,33.792263],[-84.3143846,33.7922823],[-84.3143043,33.7922839],[-84.3142075,33.7922536]]},"properties":{"bicycle":"designated","foot":"designated","highway":"cycleway","name":"Emory PATH","segregated":"no","surface":"paved","osm_id":1079893044,"osm_type":"way"}},{"type":"Feature","geometry":{"type":"LineString","coordinates":[[-84.3164793,33.7912941],[-84.3165386,33.7912635],[-84.3165961,33.7912337]]},"properties":{"bicycle":"designated","crossing":"uncontrolled","cycleway":"crossing","foot":"designated","highway":"cycleway","segregated":"no","osm_id":1079893045,"osm_type":"way"}},{"type":"Feature","geometry":{"type":"LineString","coordinates":[[-84.3165961,33.7912337],[-84.3166402,33.7912128],[-84.3166848,33.7912011],[-84.3167803,33.791173],[-84.3168196,33.7911506],[-84.3170859,33.7909165],[-84.3173396,33.7907539],[-84.3174785,33.7906381]]},"properties":{"bicycle":"designated","foot":"designated","highway":"cycleway","name":"Emory PATH","segregated":"no","surface":"paved","osm_id":1079893046,"osm_type":"way"}},{"type":"Feature","geometry":{"type":"LineString","coordinates":[[-84.3175853,33.7905915],[-84.317628,33.7905433],[-84.3176731,33.790495],[-84.3177885,33.7904184],[-84.3179217,33.7903788],[-84.3180147,33.7903416],[-84.3181046,33.7902941],[-84.3182116,33.7902086],[-84.3182234,33.7901804],[-84.318227,33.7901705]]},"properties":{"bicycle":"designated","crossing":"pedestrian_signals","crossing:island":"yes","cycleway":"crossing","foot":"designated","highway":"cycleway","name":"Emory PATH","segregated":"no","surface":"paved","tactile_paving":"yes","osm_id":1079893048,"osm_type":"way"}},{"type":"Feature","geometry":{"type":"LineString","coordinates":[[-84.3184427,33.7900105],[-84.3184832,33.7900006],[-84.3185338,33.7899981],[-84.3185943,33.7899925],[-84.3186546,33.7899711],[-84.3188404,33.7898794],[-84.3189407,33.7898087],[-84.3190055,33.7897572],[-84.3190615,33.7896973],[-84.319232,33.7896094],[-84.3194025,33.7895303]]},"properties":{"bicycle":"designated","foot":"designated","highway":"cycleway","name":"Emory PATH","segregated":"no","surface":"paved","osm_id":1079893050,"osm_type":"way"}},{"type":"Feature","geometry":{"type":"LineString","coordinates":[[-84.3194025,33.7895303],[-84.3194371,33.7895217],[-84.3194853,33.7895096]]},"properties":{"bicycle":"designated","crossing":"marked","crossing:markings":"ladder:paired","cycleway":"crossing","foot":"designated","highway":"cycleway","segregated":"no","tactile_paving":"yes","osm_id":1079893051,"osm_type":"way"}},{"type":"Feature","geometry":{"type":"LineString","coordinates":[[-84.3194853,33.7895096],[-84.319565,33.7894733],[-84.319633,33.7894522],[-84.3197259,33.7894147],[-84.3198225,33.7893773],[-84.3199549,33.7893309],[-84.3200896,33.7892914],[-84.3201308,33.7892735],[-84.3201758,33.7892581],[-84.3204451,33.7891612],[-84.3205626,33.7891154],[-84.3207749,33.7890247]]},"properties":{"bicycle":"designated","foot":"designated","highway":"cycleway","name":"Emory PATH","segregated":"no","surface":"paved","osm_id":1079893052,"osm_type":"way"}},{"type":"Feature","geometry":{"type":"LineString","coordinates":[[-84.3177233,33.7934996],[-84.3181952,33.7937899]]},"properties":{"bicycle":"designated","foot":"designated","highway":"cycleway","name":"Emory PATH","segregated":"no","surface":"paved","osm_id":1079893059,"osm_type":"way"}},{"type":"Feature","geometry":{"type":"LineString","coordinates":[[-84.3181952,33.7937899],[-84.3182407,33.793816],[-84.3183044,33.7938526]]},"properties":{"bicycle":"designated","crossing":"marked","crossing:markings":"ladder:paired","cycleway":"crossing","foot":"designated","highway":"cycleway","segregated":"no","tactile_paving":"yes","osm_id":1079893060,"osm_type":"way"}},{"type":"Feature","geometry":{"type":"LineString","coordinates":[[-84.3183044,33.7938526],[-84.3185773,33.7940562]]},"properties":{"bicycle":"designated","foot":"designated","highway":"cycleway","name":"Emory PATH","segregated":"no","surface":"paved","osm_id":1079893061,"osm_type":"way"}},{"type":"Feature","geometry":{"type":"LineString","coordinates":[[-84.3185773,33.7940562],[-84.3186369,33.7941032],[-84.3186987,33.7941519]]},"properties":{"bicycle":"designated","crossing":"marked","crossing:island":"no","crossing:markings":"ladder:paired","cycleway":"crossing","foot":"designated","highway":"cycleway","segregated":"no","osm_id":1079893062,"osm_type":"way"}},{"type":"Feature","geometry":{"type":"LineString","coordinates":[[-84.321332,33.7933527],[-84.3213243,33.7933953],[-84.3213042,33.7934303],[-84.3212678,33.7934753],[-84.3211874,33.7935755],[-84.32115,33.7936443],[-84.3211517,33.7938383],[-84.3211722,33.7940613],[-84.3211732,33.7940713],[-84.3212018,33.7942774],[-84.321255,33.7945797],[-84.3212974,33.7947456],[-84.3213084,33.7947939],[-84.3213257,33.7948706],[-84.3213483,33.7949422],[-84.321372,33.7949745],[-84.3213837,33.7950085],[-84.3213877,33.795044],[-84.3213874,33.7950644],[-84.3213953,33.7950907],[-84.3213977,33.7951318]]},"properties":{"highway":"cycleway","osm_id":1081976360,"osm_type":"way"}},{"type":"Feature","geometry":{"type":"LineString","coordinates":[[-84.2948233,33.7819367],[-84.2948045,33.7819363],[-84.2947829,33.7819359],[-84.2947141,33.7819354],[-84.2947,33.7819352]]},"properties":{"highway":"cycleway","name":"Ole Ansley Court","osm_id":1082825707,"osm_type":"way"}},{"type":"Feature","geometry":{"type":"LineString","coordinates":[[-84.4076392,33.8134327],[-84.4076559,33.8134445],[-84.4076673,33.8134584],[-84.4076727,33.8134796]]},"properties":{"bicycle":"designated","foot":"designated","highway":"cycleway","osm_id":1087991067,"osm_type":"way"}},{"type":"Feature","geometry":{"type":"LineString","coordinates":[[-84.4075196,33.819265],[-84.407489,33.8192658],[-84.4074722,33.8192713],[-84.4074595,33.8192898],[-84.4074526,33.8193362],[-84.4074507,33.8193961],[-84.4074681,33.819473],[-84.4074694,33.8195209],[-84.4074527,33.8198279],[-84.40745,33.819951],[-84.4074816,33.8200401],[-84.4075727,33.8200774],[-84.4076908,33.8200797],[-84.4077484,33.8200529],[-84.4078289,33.8199348],[-84.4078343,33.8198635],[-84.4078276,33.8197632],[-84.4078745,33.8195003],[-84.4078732,33.8194134],[-84.4078517,33.8193142],[-84.407849,33.8192775]]},"properties":{"bicycle":"designated","foot":"designated","highway":"cycleway","osm_id":1087991068,"osm_type":"way"}},{"type":"Feature","geometry":{"type":"LineString","coordinates":[[-84.4078745,33.8195003],[-84.4079342,33.8194131],[-84.407962,33.8193415],[-84.4079965,33.8192702]]},"properties":{"bicycle":"yes","foot":"yes","highway":"cycleway","osm_id":1087991069,"osm_type":"way"}},{"type":"Feature","geometry":{"type":"LineString","coordinates":[[-84.4164378,33.8249779],[-84.41646,33.8250399],[-84.416463,33.8250658],[-84.4164508,33.8250877],[-84.4164199,33.8251026],[-84.4161778,33.8251001],[-84.4159418,33.8251007],[-84.4157403,33.8251238],[-84.4152948,33.8251724],[-84.415217,33.825168],[-84.4151098,33.825149],[-84.414922,33.8250677],[-84.4147363,33.8249568],[-84.4145686,33.8248075],[-84.41446,33.8247619],[-84.4141455,33.8246165],[-84.4139028,33.8245663],[-84.413774,33.8245697],[-84.4134843,33.8245886],[-84.4131182,33.8246443],[-84.4130056,33.8246555],[-84.4129492,33.824651],[-84.4127494,33.8245986],[-84.4122854,33.8244572],[-84.4121687,33.8243914],[-84.4120772,33.8243068],[-84.412079,33.8242894],[-84.4121084,33.8240739],[-84.4121861,33.8236305],[-84.4121701,33.823509],[-84.4121915,33.8233029],[-84.4123015,33.8224695],[-84.4122908,33.8224172],[-84.4123095,33.8223721],[-84.412325,33.8222473],[-84.4123632,33.8219069],[-84.4123699,33.821771],[-84.4123591,33.8216039],[-84.4123457,33.8214668],[-84.4123364,33.8214256],[-84.4123437,33.8213972],[-84.4123531,33.8213649],[-84.4123511,33.8213415],[-84.412335,33.8213008],[-84.4122693,33.8211922],[-84.4122545,33.8211275],[-84.4122203,33.8210835],[-84.4121446,33.8210016],[-84.4120514,33.8209404],[-84.4118562,33.8207649],[-84.4117838,33.8207164],[-84.4113352,33.8205677],[-84.4111066,33.8205008],[-84.4107257,33.8204217],[-84.4106761,33.8204028],[-84.4106318,33.8203872],[-84.410601,33.8203872],[-84.4105621,33.8203939],[-84.4105071,33.8204084],[-84.4103488,33.8203983],[-84.4102603,33.8203916],[-84.4101742,33.8203905],[-84.4100196,33.8203961],[-84.4095971,33.8204279],[-84.4087123,33.8205086],[-84.4082628,33.8205361],[-84.4079292,33.8205668],[-84.4077393,33.8205707],[-84.4076971,33.8205621]]},"properties":{"bicycle":"yes","foot":"designated","highway":"cycleway","osm_id":1087991070,"osm_type":"way"}},{"type":"Feature","geometry":{"type":"LineString","coordinates":[[-84.4016053,33.7206317],[-84.4016039,33.7205131]]},"properties":{"bicycle":"designated","foot":"designated","highway":"cycleway","name":"Beltline Access Line","osm_id":1091002495,"osm_type":"way"}},{"type":"Feature","geometry":{"type":"LineString","coordinates":[[-84.4016039,33.7205131],[-84.4015506,33.7202917],[-84.4016128,33.7201704],[-84.4017457,33.7200712],[-84.4019011,33.720013],[-84.4019485,33.7199724],[-84.4019469,33.7198644],[-84.4018685,33.7197278],[-84.4019751,33.7195659],[-84.4019879,33.7194734],[-84.4019061,33.7191364]]},"properties":{"bicycle":"designated","foot":"designated","highway":"cycleway","name":"Beltline Access Line","surface":"concrete","osm_id":1091002496,"osm_type":"way"}},{"type":"Feature","geometry":{"type":"LineString","coordinates":[[-84.4077901,33.7202969],[-84.4077403,33.7202997],[-84.4077392,33.7203203],[-84.407495,33.7203027],[-84.4071435,33.7202787],[-84.4071399,33.7203117],[-84.4073594,33.7203254],[-84.4073454,33.7204968]]},"properties":{"bicycle":"designated","foot":"designated","highway":"cycleway","incline":"up","name":"Beltline Access Line","surface":"paved","osm_id":1091002497,"osm_type":"way"}},{"type":"Feature","geometry":{"type":"Polygon","coordinates":[[[-84.4753312,33.7488083],[-84.4746374,33.7482587],[-84.4745945,33.748238],[-84.4745477,33.7482388],[-84.4744859,33.748267],[-84.474142,33.7484253],[-84.474122,33.7484485],[-84.474122,33.7484817],[-84.474137,33.7485206],[-84.4741609,33.7485596],[-84.4741998,33.7486068],[-84.4742805,33.7486624],[-84.4744251,33.7487726],[-84.4746972,33.7489749],[-84.4748417,33.7491033],[-84.4749115,33.7491688],[-84.4749424,33.749187],[-84.4749663,33.749192],[-84.4749992,33.7491862],[-84.4750321,33.7491705],[-84.4751099,33.74911],[-84.4752535,33.7489965],[-84.4753312,33.7489351],[-84.4753641,33.7489077],[-84.475378,33.748877],[-84.475373,33.7488422],[-84.4753312,33.7488083]]]},"properties":{"bicycle":"designated","foot":"designated","highway":"cycleway","osm_id":1091975653,"osm_type":"way"}},{"type":"Feature","geometry":{"type":"LineString","coordinates":[[-84.441033,33.9028805],[-84.4409525,33.9029362],[-84.4404402,33.9031454],[-84.4399239,33.9033747],[-84.4393874,33.9036641],[-84.4386565,33.9040292],[-84.4384205,33.9041505],[-84.4382855,33.9042157],[-84.4381644,33.9042741],[-84.4379458,33.904352],[-84.4375019,33.9044711],[-84.4370901,33.9045524],[-84.437043,33.904564],[-84.4370112,33.9045719],[-84.4368917,33.9046015],[-84.4368068,33.9046225],[-84.4367347,33.9046403],[-84.4362546,33.904736],[-84.4360199,33.9047917],[-84.4356619,33.9049508],[-84.4354178,33.9050855],[-84.4351549,33.9052625],[-84.4349631,33.9054194],[-84.4347566,33.905622],[-84.4345997,33.9058235],[-84.434471,33.9060049],[-84.4343181,33.906291],[-84.4342094,33.9066004],[-84.4341397,33.9068363],[-84.4341202,33.9069561],[-84.4341008,33.9070757],[-84.4338809,33.9075465],[-84.4337173,33.907818],[-84.4335429,33.9080251],[-84.4333391,33.9082087],[-84.43315,33.9083467],[-84.4329595,33.9084647]]},"properties":{"bicycle":"designated","foot":"designated","highway":"cycleway","surface":"concrete","osm_id":1093544065,"osm_type":"way"}},{"type":"Feature","geometry":{"type":"LineString","coordinates":[[-84.390915,33.7469337],[-84.3910393,33.7469338],[-84.3913454,33.7469341]]},"properties":{"cycleway":"track","highway":"secondary","lanes":"3","lanes:backward":"2","lanes:forward":"1","name":"Memorial Drive Southwest","tiger:cfcc":"A41","tiger:county":"Fulton, GA","tiger:name_base":"Memorial","tiger:name_direction_suffix":"SW","tiger:name_type":"Dr","tiger:reviewed":"no","tiger:zip_left":"30303","tiger:zip_right":"30303","turn:lanes:backward":"through|through","osm_id":1110500851,"osm_type":"way"}},{"type":"Feature","geometry":{"type":"LineString","coordinates":[[-84.3935965,33.7469424],[-84.393873,33.746944],[-84.3941541,33.7469468],[-84.394312,33.7469465],[-84.3944371,33.7469483]]},"properties":{"cycleway":"track","highway":"secondary","lanes":"3","lanes:backward":"1","lanes:forward":"2","name":"Memorial Drive Southwest","tiger:cfcc":"A41","tiger:county":"Fulton, GA","tiger:name_base":"Memorial","tiger:name_direction_suffix":"SW","tiger:name_type":"Dr","tiger:reviewed":"no","tiger:zip_left":"30303","tiger:zip_right":"30303","turn:lanes:forward":"left|through","osm_id":1111405817,"osm_type":"way"}},{"type":"Feature","geometry":{"type":"LineString","coordinates":[[-84.3669232,33.6627007],[-84.3668999,33.6627495],[-84.3668667,33.662806],[-84.3668207,33.6628518],[-84.3667705,33.6628766],[-84.3667152,33.6629056]]},"properties":{"bicycle":"designated","foot":"designated","highway":"path","horse":"no","motor_vehicle":"no","name":"Southside Park MTB - Oak Trail","surface":"dirt","osm_id":1112413171,"osm_type":"way"}},{"type":"Feature","geometry":{"type":"LineString","coordinates":[[-84.3623017,33.6628914],[-84.362314,33.6628803],[-84.3623719,33.6628714],[-84.3624138,33.662849],[-84.3624309,33.6628249],[-84.3624363,33.6627883],[-84.3624385,33.6627678],[-84.3624256,33.662741],[-84.362402,33.6627303],[-84.3623065,33.6627383],[-84.3622389,33.6627419],[-84.3621477,33.6627517],[-84.362093,33.6627535],[-84.362034,33.6627365],[-84.3619835,33.6627124],[-84.3619417,33.6626687],[-84.361931,33.6626294],[-84.3619481,33.6625972],[-84.3619803,33.6625722],[-84.3620361,33.6625615],[-84.3621198,33.6625294],[-84.3621627,33.6624963],[-84.362181,33.6624561],[-84.3621788,33.662407],[-84.3621756,33.6623633],[-84.3621552,33.662324],[-84.3620951,33.6622222],[-84.3620672,33.6621659],[-84.362034,33.662123],[-84.3619782,33.6620713],[-84.3619331,33.662007],[-84.3619224,33.6619507],[-84.3619299,33.6618891],[-84.361931,33.6618605],[-84.361916,33.6618319],[-84.3618602,33.6618194],[-84.3617904,33.6618203],[-84.361711,33.6618248],[-84.3616638,33.6618203],[-84.3615641,33.6618016],[-84.3614868,33.66179],[-84.3613645,33.6617676],[-84.3613119,33.6617435],[-84.3612636,33.6617069],[-84.3612014,33.6616596],[-84.3611564,33.6616283],[-84.3611049,33.6615756],[-84.3610104,33.6614962],[-84.3609825,33.6614515],[-84.36096,33.6613872],[-84.3609493,33.6613381],[-84.3609541,33.6613053]]},"properties":{"bicycle":"designated","foot":"designated","highway":"path","horse":"no","motor_vehicle":"no","name":"Soapstone Ridge Alternate","surface":"dirt","width":"0.3","osm_id":1112413172,"osm_type":"way"}},{"type":"Feature","geometry":{"type":"LineString","coordinates":[[-84.3607351,33.6623246],[-84.3607363,33.6622783],[-84.3607417,33.6622258],[-84.3607453,33.6621777],[-84.3607381,33.6621387],[-84.3607075,33.6621131],[-84.3606353,33.6620801],[-84.3605775,33.6620636],[-84.3605144,33.6620426],[-84.3604693,33.662005],[-84.3604639,33.661966],[-84.3604603,33.6618939],[-84.3604639,33.6618548],[-84.3604707,33.6618104]]},"properties":{"bicycle":"designated","foot":"designated","highway":"path","horse":"no","motor_vehicle":"no","name":"Shagbark Alternate","surface":"dirt","width":"0.3","osm_id":1112413173,"osm_type":"way"}},{"type":"Feature","geometry":{"type":"LineString","coordinates":[[-84.3679398,33.6616368],[-84.36765,33.6620882]]},"properties":{"bicycle":"designated","foot":"designated","highway":"path","horse":"no","motor_vehicle":"no","osm_id":1112417037,"osm_type":"way"}},{"type":"Feature","geometry":{"type":"LineString","coordinates":[[-84.36765,33.6620882],[-84.3675203,33.6620428]]},"properties":{"bicycle":"designated","foot":"designated","highway":"path","horse":"no","motor_vehicle":"no","osm_id":1112417038,"osm_type":"way"}},{"type":"Feature","geometry":{"type":"LineString","coordinates":[[-84.47329,33.670982],[-84.4733593,33.6709732],[-84.4733605,33.6710346],[-84.4735,33.6711053],[-84.4736457,33.6711432],[-84.4737944,33.6711886],[-84.4740311,33.6712493],[-84.474157,33.6713212],[-84.4742359,33.6713743],[-84.4743239,33.6713995],[-84.4744954,33.6714336],[-84.4745804,33.6714336],[-84.4746486,33.6714513],[-84.4747822,33.6714551],[-84.4748808,33.6714336],[-84.4749248,33.6714235],[-84.4749809,33.6714298],[-84.4750674,33.6714576],[-84.4751266,33.6714753],[-84.4752298,33.6714879],[-84.4752995,33.671498],[-84.4753451,33.6714942],[-84.4753769,33.6714791],[-84.4753847,33.6714517],[-84.4753725,33.6714239],[-84.4753482,33.6714113],[-84.4753187,33.6714012],[-84.4752853,33.6714069],[-84.4752618,33.671405],[-84.4752215,33.6713816],[-84.4751571,33.6713336],[-84.4750464,33.6713075],[-84.4749444,33.6712896],[-84.4748779,33.6713012],[-84.4748007,33.6713209],[-84.4747578,33.6713137],[-84.4747159,33.6712789],[-84.4746505,33.6712173],[-84.4746022,33.671161],[-84.4745689,33.6711441],[-84.4745367,33.6711459],[-84.4744863,33.6711682],[-84.4744455,33.6711717],[-84.4744284,33.6711592],[-84.4744209,33.6711414],[-84.4744273,33.6711262],[-84.4744681,33.6711101],[-84.4745046,33.6710923],[-84.4745196,33.6710566],[-84.4745314,33.6710146],[-84.4745228,33.6709691],[-84.4745046,33.6709405],[-84.4744842,33.6709003],[-84.474467,33.6708735],[-84.4744155,33.6708262],[-84.4743919,33.6708083],[-84.4743737,33.6708021],[-84.4743592,33.6708041],[-84.4743452,33.6708099],[-84.4743343,33.6708285],[-84.4743413,33.6708391],[-84.4743566,33.6708492],[-84.474379,33.6708704],[-84.4743936,33.6708869],[-84.4743924,33.6709081],[-84.4743892,33.6709363],[-84.4743834,33.6709495],[-84.4743643,33.6709819],[-84.4743324,33.6710026],[-84.4742884,33.6710371],[-84.4742616,33.6710525],[-84.4742227,33.6710685],[-84.474194,33.6710701],[-84.4741659,33.6710658],[-84.4741512,33.6710584],[-84.474148,33.6710488],[-84.4741614,33.6710409],[-84.4741793,33.671034],[-84.474201,33.6710244],[-84.4742291,33.6710032],[-84.4742476,33.670974],[-84.4742673,33.67094],[-84.4742661,33.6709241],[-84.4742559,33.670897],[-84.4742412,33.6708779],[-84.474194,33.670828],[-84.4741659,33.6707834],[-84.4741551,33.6707743],[-84.4741429,33.6707722],[-84.4741283,33.6707706],[-84.4741193,33.6707812],[-84.4741117,33.6707998],[-84.4740996,33.6708317],[-84.4740772,33.6708715],[-84.4740466,33.6709028],[-84.4740173,33.6709166],[-84.4739732,33.6709437],[-84.4739452,33.670975],[-84.4739305,33.6709846],[-84.4739069,33.6709904],[-84.4738686,33.6709899],[-84.4738272,33.6709867],[-84.4737761,33.6709756],[-84.4737251,33.6709596],[-84.4736887,33.67094],[-84.4736613,33.6709124],[-84.4736466,33.6708811],[-84.4736479,33.670855],[-84.4736753,33.6708327],[-84.4737059,33.6708189],[-84.4737622,33.6708134],[-84.4738047,33.6708071],[-84.4738684,33.6707901],[-84.4739086,33.6707332],[-84.4739222,33.6706802],[-84.4739093,33.6706442],[-84.4738858,33.6705887],[-84.4738251,33.6705116],[-84.4737569,33.6704952],[-84.4736567,33.6705085],[-84.4736029,33.6705432],[-84.4735581,33.6706063],[-84.473552,33.6706771],[-84.4735717,33.67072],[-84.4736264,33.6707654],[-84.473659,33.6708103],[-84.473634,33.6708431],[-84.4736051,33.6708721],[-84.4735065,33.670898],[-84.4734488,33.6709037],[-84.4733798,33.670881],[-84.4733639,33.6709296],[-84.4733593,33.6709732]]},"properties":{"bicycle":"designated","highway":"path","horse":"no","motor_vehicle":"no","mtb:scale:imba":"2","name":"Moontower Loop","surface":"dirt","width":"0.3","osm_id":1112597374,"osm_type":"way"}},{"type":"Feature","geometry":{"type":"LineString","coordinates":[[-84.4732975,33.6698401],[-84.4732875,33.6699268],[-84.4732596,33.6700464],[-84.473206,33.6701893],[-84.4731609,33.6703143],[-84.4730965,33.6704393],[-84.4730493,33.6706232],[-84.4729699,33.6708429],[-84.4729442,33.6709893],[-84.4728863,33.6711411],[-84.4728712,33.6712107],[-84.472882,33.6712697],[-84.472927,33.6713232],[-84.4729699,33.6713697],[-84.4729893,33.6714072],[-84.4729571,33.6714161],[-84.4729056,33.6713929],[-84.4728391,33.6713625],[-84.4727918,33.6713125],[-84.4727597,33.671259],[-84.4727275,33.6711357],[-84.4727339,33.6710732],[-84.4727532,33.6709393],[-84.4727704,33.6708268],[-84.472764,33.6707697],[-84.472721,33.6707],[-84.4726781,33.67065],[-84.4726738,33.6705518],[-84.4726781,33.6704786],[-84.472676,33.6704286],[-84.4726116,33.6703768],[-84.4725472,33.670325],[-84.4724957,33.6702089],[-84.4724614,33.6700964],[-84.4724292,33.6700089],[-84.4724356,33.6699196],[-84.4724292,33.6697768],[-84.4724206,33.6696553],[-84.4724936,33.6694982],[-84.4725481,33.6693817]]},"properties":{"bicycle":"designated","foot":"designated","highway":"path","horse":"no","motor_vehicle":"no","mtb:scale:imba":"1","name":"Green Trail","surface":"dirt","width":"0.3","osm_id":1112597375,"osm_type":"way"}},{"type":"Feature","geometry":{"type":"LineString","coordinates":[[-84.4724292,33.6700089],[-84.4724223,33.6701461],[-84.472412,33.6703054],[-84.4724018,33.6704455],[-84.4723457,33.6705029],[-84.4723534,33.670539],[-84.4723891,33.6706112],[-84.4724018,33.670762],[-84.4723534,33.6709106],[-84.472412,33.6709892],[-84.4724172,33.6711124],[-84.4724197,33.6711909],[-84.4724018,33.6712632],[-84.472458,33.6712971],[-84.4725116,33.6712971],[-84.4725856,33.6712929],[-84.4726187,33.6712695],[-84.4726443,33.6712186],[-84.4727275,33.6711357]]},"properties":{"bicycle":"designated","foot":"designated","highway":"path","horse":"no","motor_vehicle":"no","mtb:scale:imba":"2","name":"Blue Trail","surface":"dirt","width":"0.3","osm_id":1112597376,"osm_type":"way"}},{"type":"Feature","geometry":{"type":"LineString","coordinates":[[-84.472458,33.6712971],[-84.4724076,33.671442],[-84.472292,33.6715747]]},"properties":{"bicycle":"designated","foot":"designated","highway":"path","horse":"no","informal":"yes","motor_vehicle":"no","surface":"dirt","width":"0.3","osm_id":1112597377,"osm_type":"way"}},{"type":"Feature","geometry":{"type":"LineString","coordinates":[[-84.3892431,33.7469208],[-84.3892414,33.7470056],[-84.3892385,33.7471547],[-84.3892365,33.7472118],[-84.3892486,33.747269],[-84.389268,33.7472954]]},"properties":{"cycleway":"lane","highway":"primary","lanes":"2","lanes:backward":"1","lanes:forward":"1","name":"Trinity Avenue Southwest","ref":"GA 154","tiger:cfcc":"A31","tiger:county":"Fulton, GA","tiger:name_base":"Trinity","tiger:name_base_1":"State Route 14","tiger:name_base_2":"State Route 154","tiger:name_direction_suffix":"SW","tiger:name_type":"Ave","tiger:reviewed":"no","osm_id":1113248252,"osm_type":"way"}},{"type":"Feature","geometry":{"type":"LineString","coordinates":[[-84.389268,33.7472954],[-84.38928,33.7473021],[-84.3895768,33.7474671],[-84.3901227,33.7477705],[-84.390152,33.7477868],[-84.3902126,33.7478205]]},"properties":{"cycleway":"lane","highway":"primary","lanes":"3","lanes:backward":"1","lanes:forward":"2","name":"Trinity Avenue Southwest","ref":"GA 154","sidewalk:both":"separate","tiger:cfcc":"A31","tiger:county":"Fulton, GA","tiger:name_base":"Trinity","tiger:name_base_1":"State Route 14","tiger:name_base_2":"State Route 154","tiger:name_direction_suffix":"SW","tiger:name_type":"Ave","tiger:reviewed":"no","osm_id":1113248253,"osm_type":"way"}},{"type":"Feature","geometry":{"type":"LineString","coordinates":[[-84.4005141,33.8063413],[-84.4003369,33.8062962],[-84.4002349,33.806271]]},"properties":{"bicycle":"designated","foot":"designated","highway":"cycleway","motorcycle":"no","name":"Atlanta Beltline Northside Trail","oneway":"no","osm_id":1117472171,"osm_type":"way"}},{"type":"Feature","geometry":{"type":"LineString","coordinates":[[-84.3361628,33.834427],[-84.3358916,33.8346553],[-84.3356971,33.8348203],[-84.335589,33.8348981],[-84.3354596,33.834987],[-84.3353235,33.8349144]]},"properties":{"bicycle":"designated","foot":"designated","highway":"cycleway","name":"Peachtree Creek Greenway","segregated":"no","surface":"concrete","osm_id":1117479357,"osm_type":"way"}},{"type":"Feature","geometry":{"type":"LineString","coordinates":[[-84.3317006,33.8383404],[-84.3317991,33.8383575],[-84.3318614,33.838334],[-84.3319583,33.8383071],[-84.332003,33.8383524],[-84.3319799,33.8384071],[-84.331953,33.8384814],[-84.3319421,33.838511]]},"properties":{"access":"private","bicycle":"designated","foot":"designated","highway":"cycleway","osm_id":1117479362,"osm_type":"way"}},{"type":"Feature","geometry":{"type":"LineString","coordinates":[[-84.3234686,33.8410875],[-84.3234879,33.8411352]]},"properties":{"bicycle":"designated","foot":"designated","highway":"cycleway","segregated":"no","surface":"concrete","osm_id":1117479364,"osm_type":"way"}},{"type":"Feature","geometry":{"type":"LineString","coordinates":[[-84.3296831,33.8386649],[-84.3297489,33.8387876]]},"properties":{"bicycle":"designated","foot":"designated","highway":"cycleway","segregated":"no","surface":"concrete","osm_id":1117481385,"osm_type":"way"}},{"type":"Feature","geometry":{"type":"LineString","coordinates":[[-84.3620097,33.8434465],[-84.3619329,33.8435457],[-84.36192,33.8435852],[-84.3618132,33.8436728],[-84.3617903,33.8436992],[-84.3617798,33.8437113],[-84.3618037,33.8438698],[-84.3618223,33.8439933]]},"properties":{"bicycle":"designated","foot":"designated","highway":"cycleway","name":"Path 400","segregated":"no","osm_id":1117485966,"osm_type":"way"}},{"type":"Feature","geometry":{"type":"LineString","coordinates":[[-84.3753152,33.8491441],[-84.3753345,33.8491583],[-84.3754827,33.849211],[-84.3756447,33.8492437],[-84.3756493,33.8492439],[-84.3764803,33.8495501]]},"properties":{"bicycle":"designated","foot":"designated","highway":"cycleway","osm_id":1117488078,"osm_type":"way"}},{"type":"Feature","geometry":{"type":"LineString","coordinates":[[-84.3736252,33.7302908],[-84.3735631,33.730429],[-84.3735727,33.7313037],[-84.37357,33.7314726],[-84.3735736,33.7324447],[-84.3735744,33.732576],[-84.3735794,33.7334259],[-84.3736022,33.7336522],[-84.3736136,33.7338017],[-84.3736021,33.7339202],[-84.3735851,33.734097],[-84.3735851,33.7342195],[-84.3735897,33.7347922],[-84.3735956,33.7359535],[-84.3735974,33.7365152],[-84.3735985,33.7365818],[-84.3735988,33.7366745],[-84.3735878,33.737693],[-84.3735823,33.7385968],[-84.3736029,33.7386914],[-84.3736041,33.7388428],[-84.3736061,33.7389891],[-84.3735766,33.7393121],[-84.3735738,33.7399294],[-84.373568,33.7411208],[-84.3735633,33.74155],[-84.373602,33.741619]]},"properties":{"highway":"cycleway","oneway":"no","surface":"concrete","osm_id":1117890733,"osm_type":"way"}},{"type":"Feature","geometry":{"type":"LineString","coordinates":[[-84.3641131,33.7713005],[-84.3640746,33.7712582],[-84.363989,33.7712585]]},"properties":{"bicycle":"designated","foot":"designated","highway":"cycleway","name":"Beltline Access Line","osm_id":1118174883,"osm_type":"way"}},{"type":"Feature","geometry":{"type":"LineString","coordinates":[[-84.333923,33.863498],[-84.3339077,33.8641487],[-84.3339079,33.8641654],[-84.333877,33.864655],[-84.33386,33.864866],[-84.333814,33.86506],[-84.333631,33.865402],[-84.3329783,33.8664154],[-84.33264,33.8669406],[-84.3324252,33.867274],[-84.332364,33.867369],[-84.332227,33.867552]]},"properties":{"cycleway":"lane","highway":"residential","maxspeed":"25 mph","name":"Caldwell Road Northeast","sidewalk:right":"separate","osm_id":1118641317,"osm_type":"way"}},{"type":"Feature","geometry":{"type":"LineString","coordinates":[[-84.4375283,33.7430661],[-84.4375885,33.743114],[-84.43775,33.743265],[-84.4380402,33.743555],[-84.438135,33.74365]]},"properties":{"cycleway":"lane","cycleway:both:buffer":"yes","highway":"secondary","name":"Ralph David Abernathy Boulevard","name:etymology:wikidata":"Q545488","ref":"GA 139","osm_id":1118729515,"osm_type":"way"}},{"type":"Feature","geometry":{"type":"LineString","coordinates":[[-84.311943,33.8871427],[-84.3118964,33.8869712],[-84.3118689,33.8868703],[-84.3118502,33.8865677],[-84.3118556,33.8862425],[-84.3118462,33.886167]]},"properties":{"abandoned:railway":"rail","bicycle":"designated","foot":"designated","highway":"cycleway","name":"Chamblee Rail Trail","oneway":"no","segregated":"no","service":"spur","surface":"concrete","osm_id":1118767752,"osm_type":"way"}},{"type":"Feature","geometry":{"type":"LineString","coordinates":[[-84.3115883,33.8857535],[-84.3115671,33.8857252],[-84.3123255,33.8853378]]},"properties":{"bicycle":"designated","foot":"designated","highway":"cycleway","name":"Chamblee Rail Trail","oneway":"no","segregated":"no","surface":"concrete","osm_id":1118767753,"osm_type":"way"}},{"type":"Feature","geometry":{"type":"LineString","coordinates":[[-84.3086331,33.887065],[-84.3084877,33.8871394],[-84.3083465,33.8871905]]},"properties":{"bicycle":"designated","crossing":"marked","crossing:markings":"zebra","cycleway":"crossing","foot":"designated","highway":"cycleway","name":"Chamblee Rail Trail","osm_id":1118767755,"osm_type":"way"}},{"type":"Feature","geometry":{"type":"LineString","coordinates":[[-84.3044254,33.889195],[-84.3043134,33.8892631],[-84.3042556,33.8892941],[-84.3033551,33.8897625],[-84.3027032,33.8901039],[-84.3024046,33.8903196]]},"properties":{"bicycle":"designated","foot":"designated","highway":"cycleway","name":"Chamblee Rail Trail","oneway":"no","segregated":"no","surface":"concrete","osm_id":1118767756,"osm_type":"way"}},{"type":"Feature","geometry":{"type":"LineString","coordinates":[[-84.3287513,33.8395023],[-84.3287307,33.8395412],[-84.3286637,33.8396618],[-84.3285892,33.8397086],[-84.3283333,33.839856],[-84.3282442,33.8398562],[-84.3281328,33.8398397],[-84.3280837,33.8397856]]},"properties":{"bicycle":"designated","foot":"designated","highway":"cycleway","segregated":"no","surface":"concrete","osm_id":1145016785,"osm_type":"way"}},{"type":"Feature","geometry":{"type":"LineString","coordinates":[[-84.3264699,33.8402065],[-84.3266216,33.8402965],[-84.3267418,33.84034],[-84.3268876,33.8403951],[-84.327006,33.8404274],[-84.3271366,33.8404208],[-84.327229,33.8403737],[-84.3272726,33.8403479],[-84.3273349,33.8402735]]},"properties":{"bicycle":"designated","foot":"designated","highway":"cycleway","segregated":"no","surface":"concrete","osm_id":1145016891,"osm_type":"way"}},{"type":"Feature","geometry":{"type":"LineString","coordinates":[[-84.3234308,33.8411957],[-84.3234656,33.8412703]]},"properties":{"bicycle":"designated","foot":"designated","highway":"cycleway","segregated":"no","surface":"concrete","osm_id":1148629025,"osm_type":"way"}},{"type":"Feature","geometry":{"type":"LineString","coordinates":[[-84.5320823,33.8767502],[-84.5321075,33.8767593],[-84.5320679,33.8769137],[-84.5323996,33.8778039],[-84.5324241,33.8778735],[-84.5324486,33.8779432],[-84.5325172,33.8781127],[-84.5325989,33.8783147],[-84.5326233,33.878512],[-84.5326793,33.8786136],[-84.5327352,33.8786252]]},"properties":{"bicycle":"designated","foot":"designated","highway":"cycleway","lit":"yes","segregated":"no","surface":"concrete","osm_id":1149166515,"osm_type":"way"}},{"type":"Feature","geometry":{"type":"LineString","coordinates":[[-84.4386368,33.68381],[-84.4387337,33.683873],[-84.4391051,33.6840916],[-84.4393882,33.6842311],[-84.4398774,33.6844535],[-84.440643,33.6847192],[-84.4406872,33.6847323],[-84.4408332,33.6847757],[-84.4413541,33.684902],[-84.4418433,33.6850038],[-84.442174,33.6850679],[-84.4423733,33.6851508],[-84.442559,33.6851847],[-84.4425962,33.6851917]]},"properties":{"bicycle":"designated","foot":"designated","highway":"cycleway","name":"East Point PATH","surface":"concrete","osm_id":1160104763,"osm_type":"way"}},{"type":"Feature","geometry":{"type":"LineString","coordinates":[[-84.4423733,33.6851508],[-84.4422722,33.6853202],[-84.4422284,33.6855107],[-84.4421718,33.6856627],[-84.4419956,33.6859014],[-84.4420214,33.685913]]},"properties":{"bicycle":"designated","foot":"designated","highway":"cycleway","name":"East Point PATH","osm_id":1160106347,"osm_type":"way"}},{"type":"Feature","geometry":{"type":"LineString","coordinates":[[-84.4174304,33.7748814],[-84.4175368,33.7748839],[-84.418305,33.774895],[-84.419692,33.774903],[-84.4206213,33.7749016],[-84.4209206,33.7748993],[-84.421115,33.7748925],[-84.4212202,33.7748804],[-84.4213749,33.7748505],[-84.4215098,33.7748281],[-84.4216691,33.7748017],[-84.422043,33.774753],[-84.4228192,33.7746292],[-84.4228556,33.7746234],[-84.4230207,33.7746024],[-84.4231263,33.7745943],[-84.4231878,33.7745822],[-84.4232375,33.7745645],[-84.4232927,33.7745327],[-84.4234107,33.774429],[-84.4234728,33.7743804]]},"properties":{"abandoned:railway":"rail","bicycle":"designated","electrified":"no","end_date":"2019","foot":"designated","gauge":"1435","highway":"cycleway","name":"Westside BeltLine Connector","note:old_railway_operator":"AB&C","old_railway_operator":"ACL","oneway":"no","operator":"CSX Transportation","operator:wikidata":"Q856783","railway":"abandoned","segregated":"no","service":"spur","surface":"concrete","osm_id":1164074994,"osm_type":"way"}},{"type":"Feature","geometry":{"type":"LineString","coordinates":[[-84.4281603,33.7875624],[-84.4283581,33.788322],[-84.4283686,33.7883443],[-84.4283791,33.7883665],[-84.4284252,33.7884777],[-84.4284306,33.7885055],[-84.428429,33.7885494]]},"properties":{"bicycle":"designated","foot":"designated","gauge":"1435","highway":"cycleway","name":"Atlanta Beltline Northwest Trail","oneway":"no","operator:wikidata":"Q856783","segregated":"no","surface":"concrete","osm_id":1164074995,"osm_type":"way"}},{"type":"Feature","geometry":{"type":"LineString","coordinates":[[-84.4279916,33.7865039],[-84.4279744,33.7866138],[-84.4281603,33.7875624]]},"properties":{"bicycle":"designated","bridge":"yes","foot":"designated","gauge":"1435","highway":"cycleway","layer":"1","name":"Atlanta Beltline Northwest Trail","oneway":"no","operator:wikidata":"Q856783","segregated":"no","surface":"concrete","osm_id":1164074996,"osm_type":"way"}},{"type":"Feature","geometry":{"type":"LineString","coordinates":[[-84.3938925,33.7498466],[-84.3939782,33.7498935],[-84.3940643,33.7499407],[-84.394233,33.7500331],[-84.3942881,33.7500634],[-84.3943107,33.7500757]]},"properties":{"cycleway":"lane","highway":"primary","lanes":"3","lanes:backward":"2","lanes:forward":"1","name":"Trinity Avenue Southwest","ref":"GA 154","sidewalk:both":"separate","surface":"asphalt","tiger:cfcc":"A31","tiger:county":"Fulton, GA","tiger:name_base":"Trinity","tiger:name_base_1":"State Route 14","tiger:name_base_2":"State Route 154","tiger:name_direction_suffix":"SW","tiger:name_type":"Ave","tiger:reviewed":"no","turn:lanes:backward":"left|none","osm_id":1177485081,"osm_type":"way"}},{"type":"Feature","geometry":{"type":"LineString","coordinates":[[-84.3943107,33.7500757],[-84.394468,33.7501619],[-84.3945519,33.7502079]]},"properties":{"cycleway":"lane","highway":"primary","lanes":"3","lanes:backward":"2","lanes:forward":"1","name":"Trinity Avenue Southwest","ref":"GA 154","sidewalk:both":"separate","tiger:cfcc":"A31","tiger:county":"Fulton, GA","tiger:name_base":"Trinity","tiger:name_base_1":"State Route 14","tiger:name_base_2":"State Route 154","tiger:name_direction_suffix":"SW","tiger:name_type":"Ave","tiger:reviewed":"no","osm_id":1177485083,"osm_type":"way"}},{"type":"Feature","geometry":{"type":"LineString","coordinates":[[-84.3935343,33.7496503],[-84.3936247,33.7496999],[-84.3938321,33.7498135],[-84.3938925,33.7498466]]},"properties":{"cycleway":"lane","highway":"primary","lanes":"3","lanes:backward":"1","lanes:forward":"2","name":"Trinity Avenue Southwest","ref":"GA 154","sidewalk:both":"separate","surface":"asphalt","tiger:cfcc":"A31","tiger:county":"Fulton, GA","tiger:name_base":"Trinity","tiger:name_base_1":"State Route 14","tiger:name_base_2":"State Route 154","tiger:name_direction_suffix":"SW","tiger:name_type":"Ave","tiger:reviewed":"no","turn:lanes:forward":"left|none","osm_id":1177485084,"osm_type":"way"}},{"type":"Feature","geometry":{"type":"LineString","coordinates":[[-84.3927116,33.7491995],[-84.3927967,33.7492463],[-84.3933215,33.7495337],[-84.3935343,33.7496503]]},"properties":{"cycleway":"lane","highway":"primary","lanes":"3","lanes:backward":"1","lanes:both_ways":"1","lanes:forward":"1","name":"Trinity Avenue Southwest","ref":"GA 154","sidewalk:both":"separate","surface":"asphalt","tiger:cfcc":"A31","tiger:county":"Fulton, GA","tiger:name_base":"Trinity","tiger:name_base_1":"State Route 14","tiger:name_base_2":"State Route 154","tiger:name_direction_suffix":"SW","tiger:name_type":"Ave","tiger:reviewed":"no","turn:lanes:backward":"through;right","turn:lanes:both_ways":"left","osm_id":1177485085,"osm_type":"way"}},{"type":"Feature","geometry":{"type":"LineString","coordinates":[[-84.3915282,33.7485518],[-84.39158,33.7485794],[-84.3916159,33.7485992]]},"properties":{"cycleway":"lane","highway":"primary","lanes":"3","lanes:backward":"2","lanes:forward":"1","name":"Trinity Avenue Southwest","ref":"GA 154","sidewalk:both":"separate","tiger:cfcc":"A31","tiger:county":"Fulton, GA","tiger:name_base":"Trinity","tiger:name_base_1":"State Route 14","tiger:name_base_2":"State Route 154","tiger:name_direction_suffix":"SW","tiger:name_type":"Ave","tiger:reviewed":"no","turn:lanes:backward":"left|through","osm_id":1177485087,"osm_type":"way"}},{"type":"Feature","geometry":{"type":"LineString","coordinates":[[-84.3874502,33.7493972],[-84.3874859,33.7494274],[-84.3875125,33.7494477],[-84.3875667,33.7494824],[-84.3876671,33.7495391],[-84.3877341,33.7495758]]},"properties":{"highway":"cycleway","oneway":"no","surface":"asphalt","osm_id":1185517553,"osm_type":"way"}},{"type":"Feature","geometry":{"type":"LineString","coordinates":[[-84.3733286,33.7998577],[-84.3732928,33.7998488],[-84.3731619,33.7998014],[-84.3730957,33.7997349],[-84.3729755,33.79958],[-84.3729231,33.7995352],[-84.3728492,33.7995198],[-84.3727629,33.7995006],[-84.3726412,33.7994033],[-84.3725925,33.7993992]]},"properties":{"bicycle":"designated","foot":"designated","highway":"cycleway","name":"Beltline Access Line","surface":"dirt","osm_id":1186242585,"osm_type":"way"}},{"type":"Feature","geometry":{"type":"LineString","coordinates":[[-84.3796175,33.7817967],[-84.3795387,33.7817394],[-84.3794134,33.7817257],[-84.3793266,33.7816946]]},"properties":{"crossing":"uncontrolled","crossing:island":"no","crossing:markings":"yes","crossing:signals":"no","cycleway":"crossing","highway":"cycleway","oneway":"yes","tactile_paving":"no","osm_id":1186278550,"osm_type":"way"}},{"type":"Feature","geometry":{"type":"LineString","coordinates":[[-84.3793036,33.7818437],[-84.3793506,33.7818437],[-84.3794132,33.7818437],[-84.3794753,33.7818437],[-84.3795135,33.7818437]]},"properties":{"crossing":"marked","crossing:markings":"yes","cycleway":"crossing","highway":"cycleway","oneway":"yes","osm_id":1186278776,"osm_type":"way"}},{"type":"Feature","geometry":{"type":"LineString","coordinates":[[-84.3794134,33.7815999],[-84.379349,33.781648],[-84.3793266,33.7816946]]},"properties":{"highway":"cycleway","oneway":"yes","osm_id":1186279112,"osm_type":"way"}},{"type":"Feature","geometry":{"type":"LineString","coordinates":[[-84.2558837,33.6863815],[-84.2557291,33.6861576],[-84.2555688,33.6860396],[-84.2553852,33.6859813],[-84.255262,33.6859118],[-84.2549895,33.6854392],[-84.2549763,33.6851833],[-84.2550324,33.6849683],[-84.2550528,33.6848424],[-84.2550141,33.6847184],[-84.2548471,33.6844363],[-84.2547733,33.6844011],[-84.254627,33.6843863],[-84.2545968,33.6843714],[-84.2545609,33.6843326],[-84.2544137,33.6839653],[-84.2544206,33.6837326],[-84.254394,33.6836448],[-84.2543085,33.6835368],[-84.2539917,33.6833725],[-84.2535572,33.683011],[-84.2532997,33.6827253],[-84.2521203,33.6820053],[-84.2520101,33.6819604],[-84.2518928,33.6819322],[-84.2517816,33.6819173],[-84.2516214,33.6819392],[-84.2514382,33.68202],[-84.2512357,33.6821311],[-84.2511378,33.6821918],[-84.2510466,33.68227],[-84.2506604,33.6826539],[-84.2501015,33.6830081],[-84.2499915,33.6830652],[-84.2499013,33.6830972],[-84.249804,33.6831136],[-84.2496723,33.683119],[-84.2495555,33.6831112],[-84.2494578,33.6830812]]},"properties":{"highway":"cycleway","name":"South River Trail Trail","smoothness":"excellent","surface":"concrete","osm_id":1186645196,"osm_type":"way"}},{"type":"Feature","geometry":{"type":"LineString","coordinates":[[-84.3329755,33.7621118],[-84.332203,33.7618877],[-84.3317752,33.7617706],[-84.3314373,33.7616636],[-84.3311744,33.7615677],[-84.3311049,33.7615391],[-84.3310256,33.7615064]]},"properties":{"cycleway":"lane","highway":"secondary","lanes":"3","maxspeed":"35 mph","name":"DeKalb Avenue Northeast","source:maxspeed":"survey 2015-02-22","tiger:cfcc":"A41","tiger:county":"DeKalb, GA","tiger:name_base":"Dekalb","tiger:name_direction_suffix":"NE","tiger:name_type":"Ave","tiger:zip_left":"30307","tiger:zip_right":"30307","osm_id":1193395685,"osm_type":"way"}},{"type":"Feature","geometry":{"type":"LineString","coordinates":[[-84.2947122,33.7799507],[-84.294726,33.7804258],[-84.294727,33.7804778],[-84.2947304,33.7805103],[-84.2947571,33.7807862],[-84.2948255,33.7812449],[-84.2948273,33.7812725],[-84.294847,33.7815781],[-84.2948045,33.7819363],[-84.2947938,33.7820102],[-84.2947556,33.7822225]]},"properties":{"highway":"cycleway","horse":"no","incline":"15%","name":"Church Street cycle track (protected)","smoothness":"intermediate","surface":"concrete","osm_id":1195127677,"osm_type":"way"}},{"type":"Feature","geometry":{"type":"LineString","coordinates":[[-84.2933079,33.7843895],[-84.2932457,33.7844507],[-84.2932308,33.7844647],[-84.2929101,33.7847634],[-84.2928257,33.784842]]},"properties":{"highway":"cycleway","horse":"no","incline":"15%","name":"Church Street cycle track (protected)","smoothness":"excellent","surface":"concrete","osm_id":1195127678,"osm_type":"way"}},{"type":"Feature","geometry":{"type":"LineString","coordinates":[[-84.2933761,33.7843223],[-84.2933079,33.7843895]]},"properties":{"bridge":"yes","highway":"cycleway","horse":"no","incline":"15%","layer":"1","name":"Church Street cycle track (protected)","smoothness":"intermediate","surface":"concrete","osm_id":1195127679,"osm_type":"way"}},{"type":"Feature","geometry":{"type":"LineString","coordinates":[[-84.2948772,33.7805175],[-84.2948761,33.7805059],[-84.2948634,33.7803666],[-84.2948474,33.7801901],[-84.2948571,33.7800472],[-84.2948925,33.7794819],[-84.2949165,33.7791466],[-84.2949188,33.7790573],[-84.2949156,33.7786818],[-84.2949192,33.7782439],[-84.2949192,33.7781204],[-84.2949204,33.7779409]]},"properties":{"highway":"cycleway","incline":"15%","name":"Church Street Cycle Track (protected)","smoothness":"intermediate","surface":"concrete","osm_id":1195127680,"osm_type":"way"}},{"type":"Feature","geometry":{"type":"LineString","coordinates":[[-84.2901412,33.7866899],[-84.2903012,33.786637],[-84.2903415,33.7865983],[-84.290679,33.7863753],[-84.2914838,33.7859366],[-84.2915024,33.785927],[-84.2915202,33.7859179],[-84.2919736,33.7856949],[-84.2919978,33.7856826],[-84.2920359,33.7856633],[-84.2925894,33.7852972]]},"properties":{"highway":"cycleway","incline":"15%","name":"Church Street Cycle Track (protected)","smoothness":"intermediate","surface":"concrete","osm_id":1195127681,"osm_type":"way"}},{"type":"Feature","geometry":{"type":"LineString","coordinates":[[-84.2933796,33.784544],[-84.2934453,33.7844777]]},"properties":{"bridge":"yes","highway":"cycleway","incline":"15%","layer":"1","name":"Church Street Cycle Track (protected)","smoothness":"intermediate","surface":"concrete","osm_id":1195127682,"osm_type":"way"}},{"type":"Feature","geometry":{"type":"LineString","coordinates":[[-84.2963434,33.777982],[-84.2959821,33.7779742],[-84.2959719,33.7779739],[-84.2956208,33.7779613],[-84.2955835,33.7779613],[-84.2951189,33.7778936],[-84.2950182,33.7779141],[-84.2949888,33.7779246],[-84.2949204,33.7779409]]},"properties":{"highway":"cycleway","surface":"concrete","osm_id":1195127756,"osm_type":"way"}},{"type":"Feature","geometry":{"type":"LineString","coordinates":[[-84.2967649,33.7778277],[-84.296663,33.7778912]]},"properties":{"foot":"no","highway":"cycleway","name":"Decatur PATH","oneway":"yes","surface":"concrete","osm_id":1197821222,"osm_type":"way"}},{"type":"Feature","geometry":{"type":"LineString","coordinates":[[-84.2989954,33.7736753],[-84.298983,33.773637],[-84.2989716,33.7735865],[-84.2989672,33.773566]]},"properties":{"crossing":"traffic_signals","cycleway":"crossing","direction":"forward","foot":"no","highway":"cycleway","name":"Decatur PATH","oneway":"yes","surface":"paved","osm_id":1201489921,"osm_type":"way"}},{"type":"Feature","geometry":{"type":"LineString","coordinates":[[-84.2988743,33.7735175],[-84.2988339,33.7735177],[-84.2987786,33.7735138]]},"properties":{"crossing":"traffic_signals","cycleway":"crossing","direction":"forward","foot":"no","highway":"cycleway","name":"Decatur PATH","oneway":"yes","oneway:bicycle":"yes","surface":"paved","osm_id":1201489922,"osm_type":"way"}},{"type":"Feature","geometry":{"type":"LineString","coordinates":[[-84.2988743,33.7735175],[-84.2988025,33.7735628],[-84.2987858,33.773645]]},"properties":{"crossing":"traffic_signals","cycleway":"crossing","direction":"forward","foot":"no","highway":"cycleway","oneway":"yes","osm_id":1201541218,"osm_type":"way"}},{"type":"Feature","geometry":{"type":"LineString","coordinates":[[-84.2989672,33.773566],[-84.2988743,33.7735175]]},"properties":{"crossing":"traffic_signals","cycleway":"crossing","direction":"forward","foot":"no","highway":"cycleway","name":"Decatur PATH","oneway":"yes","surface":"paved","osm_id":1201541219,"osm_type":"way"}},{"type":"Feature","geometry":{"type":"LineString","coordinates":[[-84.400477,33.8043491],[-84.400577,33.8043475],[-84.400577,33.8043226]]},"properties":{"bicycle":"designated","foot":"designated","highway":"cycleway","osm_id":1211067343,"osm_type":"way"}},{"type":"Feature","geometry":{"type":"LineString","coordinates":[[-84.400477,33.8043491],[-84.4004528,33.8043265],[-84.4004465,33.8042517],[-84.4004699,33.8041742],[-84.4004913,33.8041019],[-84.400509,33.8040164],[-84.4004983,33.8039351],[-84.4004976,33.8038957],[-84.4004941,33.8038197],[-84.4004741,33.803718],[-84.400373,33.8035481],[-84.4003616,33.8035018],[-84.4003664,33.803458],[-84.4003656,33.8033666]]},"properties":{"bicycle":"designated","foot":"designated","highway":"cycleway","motorcycle":"no","name":"Tanyard Creek Trail","osm_id":1211067354,"osm_type":"way"}},{"type":"Feature","geometry":{"type":"LineString","coordinates":[[-84.3580592,33.7466451],[-84.3580585,33.7465991],[-84.3580591,33.7465501]]},"properties":{"bicycle":"designated","crossing":"traffic_signals","crossing:markings":"ladder:paired","crossing:signals":"yes","cycleway":"crossing","foot":"designated","highway":"cycleway","segregated":"no","surface":"asphalt","osm_id":1215104240,"osm_type":"way"}},{"type":"Feature","geometry":{"type":"LineString","coordinates":[[-84.3510574,33.7483449],[-84.3510092,33.7483051],[-84.3506972,33.74822],[-84.3503193,33.748117],[-84.3499498,33.7480499],[-84.3497193,33.7480521],[-84.349574,33.7480669],[-84.3493302,33.7480916]]},"properties":{"bicycle":"designated","foot":"designated","highway":"cycleway","segregated":"no","osm_id":1215117872,"osm_type":"way"}},{"type":"Feature","geometry":{"type":"LineString","coordinates":[[-84.290132,33.7865969],[-84.2900951,33.7866402],[-84.2900509,33.7866921]]},"properties":{"crossing":"marked","cycleway":"crossing","highway":"cycleway","name":"Church St Bike Lane (unprotected)","oneway":"yes","smoothness":"excellent","surface":"asphalt","osm_id":1215447348,"osm_type":"way"}},{"type":"Feature","geometry":{"type":"LineString","coordinates":[[-84.3984283,33.7749083],[-84.3984027,33.7748413],[-84.3983918,33.7747774],[-84.3983892,33.7747213],[-84.3984018,33.7746305],[-84.3984214,33.7745652],[-84.398441,33.774532],[-84.3984566,33.7745212],[-84.3984718,33.7745197],[-84.3984759,33.7745677],[-84.3985089,33.774654],[-84.3985526,33.7747158],[-84.3986233,33.7747805],[-84.3986572,33.7748071],[-84.3986884,33.7748394],[-84.398745,33.7748892],[-84.3987858,33.7749343],[-84.3987986,33.7749499],[-84.3988171,33.774961],[-84.3988359,33.7749482],[-84.3988334,33.774927],[-84.3988269,33.7748856],[-84.3988259,33.7748375],[-84.3988212,33.7748106],[-84.3988147,33.774791],[-84.3987939,33.7747466],[-84.3987762,33.7747261],[-84.3987532,33.7747056],[-84.3987213,33.7746834],[-84.3986797,33.7746635],[-84.3986596,33.7746479],[-84.3986478,33.7746317],[-84.3986445,33.774608],[-84.3986436,33.7745891]]},"properties":{"bicycle":"designated","foot":"designated","highway":"cycleway","segregated":"no","surface":"paved","osm_id":1215629001,"osm_type":"way"}},{"type":"Feature","geometry":{"type":"LineString","coordinates":[[-84.3582413,33.7466629],[-84.3580594,33.7466559]]},"properties":{"bicycle":"designated","foot":"designated","highway":"cycleway","name":"Atlanta Beltline Southeast Trail","segregated":"no","surface":"concrete","osm_id":1216082913,"osm_type":"way"}},{"type":"Feature","geometry":{"type":"LineString","coordinates":[[-84.4261391,33.7756665],[-84.426072,33.7756657]]},"properties":{"bicycle":"designated","foot":"designated","highway":"cycleway","name":"Beltline Access Line","segregated":"no","osm_id":1217430776,"osm_type":"way"}},{"type":"Feature","geometry":{"type":"LineString","coordinates":[[-84.5104953,33.8394231],[-84.5105624,33.83947],[-84.5105139,33.8395155],[-84.5104846,33.839541],[-84.5104654,33.8395812],[-84.5104629,33.8396247],[-84.5104743,33.8396777],[-84.5105037,33.8396978],[-84.5105586,33.8397211],[-84.5105968,33.8397455],[-84.5106147,33.8397773],[-84.5106109,33.839807],[-84.5105879,33.8398303],[-84.5105509,33.8398324],[-84.5104705,33.8398144],[-84.510186,33.8397434],[-84.5100699,33.8397105],[-84.5099857,33.8396798],[-84.5099157,33.839647],[-84.5098947,33.8396433],[-84.5098736,33.8396428],[-84.5098532,33.8396528],[-84.5098404,33.8396629],[-84.5098331,33.8396812],[-84.5098376,33.8397134],[-84.5099213,33.8397601]]},"properties":{"bicycle":"designated","foot":"designated","highway":"cycleway","segregated":"no","surface":"concrete","osm_id":1221525553,"osm_type":"way"}},{"type":"Feature","geometry":{"type":"LineString","coordinates":[[-84.3981799,33.7796076],[-84.3982712,33.7796694],[-84.3984055,33.7797081],[-84.3984306,33.7797132],[-84.398557,33.779739],[-84.398652,33.7797656],[-84.3987522,33.7797798]]},"properties":{"bicycle":"yes","highway":"cycleway","motor_vehicle":"permit","osm_id":1222341771,"osm_type":"way"}},{"type":"Feature","geometry":{"type":"LineString","coordinates":[[-84.4023188,33.7794826],[-84.4022415,33.7795074],[-84.4019808,33.7796024],[-84.4017928,33.779619],[-84.4015941,33.7795934],[-84.4013846,33.7795179],[-84.4011497,33.7794553],[-84.4008316,33.7794103],[-84.4006421,33.7794129],[-84.4005088,33.779427],[-84.4002939,33.7794692],[-84.400089,33.7794961],[-84.4000059,33.7794951],[-84.399801,33.7794756],[-84.3995329,33.7794692],[-84.39929,33.7794904]]},"properties":{"highway":"cycleway","surface":"asphalt","osm_id":1222341772,"osm_type":"way"}},{"type":"Feature","geometry":{"type":"LineString","coordinates":[[-84.3984283,33.7749083],[-84.3983803,33.7749295]]},"properties":{"bicycle":"designated","foot":"designated","highway":"cycleway","segregated":"no","surface":"paved","osm_id":1222367304,"osm_type":"way"}},{"type":"Feature","geometry":{"type":"LineString","coordinates":[[-84.3972276,33.7725099],[-84.3971022,33.7724274],[-84.3969791,33.7723223],[-84.3967386,33.7720496],[-84.3966548,33.7719437],[-84.3965951,33.7718569],[-84.3964709,33.7716624],[-84.3963614,33.7714852],[-84.3963409,33.7714422],[-84.396304,33.7713571],[-84.3962625,33.7712438]]},"properties":{"foot":"no","highway":"cycleway","lanes":"2","name":"PATH Parkway","oneway":"no","segregated":"yes","short_name":"Tech Parkway","surface":"concrete","tiger:cfcc":"A41","tiger:county":"Fulton, GA","tiger:name_base":"Tech","tiger:name_direction_suffix":"NW","tiger:name_type":"Pky","tiger:reviewed":"no","osm_id":1222367318,"osm_type":"way"}},{"type":"Feature","geometry":{"type":"LineString","coordinates":[[-84.3629278,33.7693133],[-84.362775,33.769006],[-84.3627314,33.768903],[-84.3625855,33.7687482],[-84.3625138,33.7687048]]},"properties":{"bicycle":"designated","foot":"designated","highway":"cycleway","name":"Beltline Access Line","osm_id":1229184079,"osm_type":"way"}},{"type":"Feature","geometry":{"type":"LineString","coordinates":[[-84.3623528,33.7689767],[-84.3624412,33.7688274]]},"properties":{"bicycle":"designated","foot":"designated","highway":"cycleway","name":"Beltline Access Line","osm_id":1229184080,"osm_type":"way"}},{"type":"Feature","geometry":{"type":"LineString","coordinates":[[-84.362775,33.769006],[-84.3626195,33.7690308],[-84.3624412,33.7688274]]},"properties":{"bicycle":"designated","foot":"designated","highway":"cycleway","name":"Beltline Access Line","surface":"concrete","osm_id":1229184081,"osm_type":"way"}},{"type":"Feature","geometry":{"type":"LineString","coordinates":[[-84.3624046,33.7685947],[-84.3623316,33.7686935],[-84.362129,33.7687602]]},"properties":{"bicycle":"designated","foot":"designated","highway":"cycleway","name":"Beltline Access Line","osm_id":1229184082,"osm_type":"way"}},{"type":"Feature","geometry":{"type":"LineString","coordinates":[[-84.3628273,33.7677926],[-84.3628922,33.7679304],[-84.3630734,33.7681952],[-84.3632349,33.7684312],[-84.3632739,33.7684882]]},"properties":{"highway":"cycleway","oneway":"no","surface":"asphalt","osm_id":1229184089,"osm_type":"way"}},{"type":"Feature","geometry":{"type":"LineString","coordinates":[[-84.329151,33.760046],[-84.3290725,33.7600381],[-84.3280483,33.7598871],[-84.3273379,33.7597815],[-84.3267023,33.7597599]]},"properties":{"bicycle":"designated","foot":"designated","highway":"cycleway","name":"Pullman Trail","segregated":"no","surface":"concrete","osm_id":1230399612,"osm_type":"way"}},{"type":"Feature","geometry":{"type":"LineString","coordinates":[[-84.3465125,33.7487792],[-84.3471011,33.748702],[-84.3474037,33.7486577],[-84.3475038,33.7486431],[-84.3480783,33.7484928]]},"properties":{"bicycle":"designated","foot":"yes","highway":"cycleway","name":"Trolley Line Trail","segregated":"no","smoothness":"excellent","surface":"concrete","osm_id":1251224108,"osm_type":"way"}},{"type":"Feature","geometry":{"type":"LineString","coordinates":[[-84.364801,33.7734331],[-84.3646895,33.7734409],[-84.3645553,33.7734649],[-84.3643332,33.7735215],[-84.3642015,33.7735582]]},"properties":{"bicycle":"designated","foot":"designated","highway":"cycleway","osm_id":1255405484,"osm_type":"way"}},{"type":"Feature","geometry":{"type":"LineString","coordinates":[[-84.3977957,33.7738518],[-84.3977995,33.7736222],[-84.3978034,33.77339]]},"properties":{"bicycle":"designated","foot":"designated","highway":"cycleway","oneway":"no","segregated":"no","osm_id":1258392320,"osm_type":"way"}},{"type":"Feature","geometry":{"type":"LineString","coordinates":[[-84.3977752,33.7796852],[-84.3978172,33.7796588],[-84.3978976,33.7796134]]},"properties":{"highway":"cycleway","motor_vehicle":"permit","osm_id":1258398262,"osm_type":"way"}},{"type":"Feature","geometry":{"type":"LineString","coordinates":[[-84.3978976,33.7796134],[-84.3980244,33.7795836],[-84.3980775,33.7795836],[-84.3981799,33.7796076]]},"properties":{"highway":"cycleway","motor_vehicle":"permit","osm_id":1258398263,"osm_type":"way"}},{"type":"Feature","geometry":{"type":"LineString","coordinates":[[-84.3984306,33.7797132],[-84.3985319,33.7796981],[-84.3986431,33.7796519],[-84.3987607,33.7795946],[-84.398891,33.7795489],[-84.3989837,33.7795234]]},"properties":{"highway":"cycleway","surface":"asphalt","osm_id":1258398264,"osm_type":"way"}},{"type":"Feature","geometry":{"type":"LineString","coordinates":[[-84.388225,33.865196],[-84.388212,33.86527],[-84.388176,33.865379],[-84.38812,33.865481],[-84.388064,33.865555],[-84.387883,33.865753],[-84.387797,33.865863],[-84.387708,33.866003],[-84.38764,33.866142],[-84.387571,33.866353],[-84.387547,33.866483],[-84.387538,33.866588],[-84.3875301,33.8672266]]},"properties":{"cycleway":"lane","highway":"tertiary","lanes":"2","maxspeed":"35 mph","name":"Lake Forrest Drive Northeast","osm_id":1258885604,"osm_type":"way"}},{"type":"Feature","geometry":{"type":"LineString","coordinates":[[-84.3472439,33.9196941],[-84.3471445,33.9197986],[-84.3470529,33.9198996],[-84.3469581,33.9199865],[-84.3468495,33.9200735],[-84.3467417,33.9201438],[-84.3466654,33.9201898],[-84.3464829,33.9202761],[-84.3463103,33.9203355],[-84.3461601,33.9203771],[-84.3460053,33.9204052],[-84.3458643,33.9204199],[-84.3457195,33.9204244],[-84.3456641,33.9204218]]},"properties":{"highway":"cycleway","oneway":"yes","osm_id":1274161297,"osm_type":"way"}},{"type":"Feature","geometry":{"type":"LineString","coordinates":[[-84.34751,33.9177859],[-84.3475315,33.9178055],[-84.3475506,33.9178294],[-84.3475592,33.917851],[-84.347558,33.9178859],[-84.3475417,33.9179256],[-84.3475183,33.917976],[-84.3475183,33.9180825],[-84.3475312,33.9181794],[-84.3475463,33.9182472],[-84.3475662,33.9183151],[-84.347579,33.9183955],[-84.3475814,33.9184478],[-84.347572,33.9184865],[-84.3475662,33.9185611],[-84.3475709,33.9186425],[-84.3475884,33.9187026],[-84.3476119,33.9187452],[-84.3476357,33.9188155],[-84.3476514,33.918877],[-84.3476561,33.9189661],[-84.3476584,33.9190504],[-84.3476397,33.9191269],[-84.3476,33.9192112],[-84.3475533,33.9193139],[-84.34753,33.9193633],[-84.347529,33.9193984]]},"properties":{"bicycle":"designated","foot":"designated","highway":"cycleway","osm_id":1274161299,"osm_type":"way"}},{"type":"Feature","geometry":{"type":"LineString","coordinates":[[-84.3508991,33.9177981],[-84.3507909,33.9177871],[-84.3505353,33.9177688],[-84.3503993,33.9177681],[-84.3502784,33.917765],[-84.3492192,33.9177593],[-84.3491441,33.9177597],[-84.3490139,33.9177572],[-84.3489885,33.9177567],[-84.3482326,33.9177486],[-84.3480665,33.9177475],[-84.3479443,33.917736],[-84.3477818,33.9176977],[-84.3476965,33.9176817],[-84.3476019,33.9176623],[-84.3474983,33.9176496],[-84.3473946,33.9176496],[-84.3472686,33.9176623],[-84.3471517,33.9176893],[-84.3469118,33.9177433],[-84.3466811,33.9177964],[-84.3464951,33.9178386],[-84.3463691,33.9178656],[-84.3462949,33.9178715],[-84.346236,33.9178689],[-84.3461577,33.9178529],[-84.3461079,33.917836],[-84.3460439,33.9178116],[-84.3460055,33.9177908],[-84.3459344,33.9177523]]},"properties":{"highway":"cycleway","motor_vehicle":"yes","oneway":"yes","surface":"asphalt","osm_id":1274161303,"osm_type":"way"}},{"type":"Feature","geometry":{"type":"LineString","coordinates":[[-84.3458586,33.9178401],[-84.3459178,33.9178715],[-84.3459961,33.9179136],[-84.3460967,33.9179499],[-84.3461851,33.9179685],[-84.3462817,33.9179794],[-84.3463589,33.9179777],[-84.346425,33.9179685],[-84.3465321,33.9179432],[-84.3467495,33.9178918],[-84.3468021,33.9178807],[-84.3468966,33.9178563],[-84.3471171,33.9178065],[-84.3472999,33.9177672],[-84.347358,33.9177593],[-84.3474199,33.9177565],[-84.3474322,33.9177551],[-84.3474973,33.9177559],[-84.3475382,33.9177584],[-84.3475761,33.9177633],[-84.3476463,33.9177774],[-84.3477773,33.917813],[-84.3479768,33.9178463],[-84.3480466,33.9178485],[-84.348652,33.9178509],[-84.3489865,33.9178561],[-84.3491417,33.9178578],[-84.3492167,33.9178613],[-84.3503054,33.9178734],[-84.3503996,33.9178741],[-84.3505319,33.9178752],[-84.3508011,33.9178746],[-84.3508999,33.917861]]},"properties":{"highway":"cycleway","motor_vehicle":"yes","oneway":"yes","surface":"asphalt","osm_id":1274161304,"osm_type":"way"}},{"type":"Feature","geometry":{"type":"LineString","coordinates":[[-84.3470961,33.9160176],[-84.3470085,33.9162191],[-84.3467948,33.9165209],[-84.3466585,33.9166633],[-84.3465523,33.9167742],[-84.3464656,33.9168704],[-84.34634,33.9170128],[-84.346209,33.9171531],[-84.346071,33.9173036],[-84.3459436,33.9174526],[-84.3457994,33.9176245],[-84.3457642,33.917665],[-84.3456978,33.9177419],[-84.3455233,33.9179416],[-84.3454083,33.9180716],[-84.345326,33.9181751],[-84.3452455,33.9183044],[-84.3451897,33.9183873],[-84.3450552,33.9185995],[-84.3450128,33.91867],[-84.3449983,33.9187046],[-84.3449446,33.9188324],[-84.3448886,33.9189656],[-84.3448792,33.9189879],[-84.344873,33.9190379],[-84.344873,33.9191561],[-84.3448747,33.9192721],[-84.3448854,33.9193639],[-84.3449137,33.9194821],[-84.344932,33.9195581],[-84.3449535,33.9196113],[-84.3450199,33.919776],[-84.3450491,33.9198198],[-84.3450951,33.919905],[-84.3451597,33.9200136],[-84.3452304,33.9201238],[-84.3452685,33.9201862],[-84.3452959,33.9202758],[-84.3453003,33.9203213],[-84.3452783,33.9203855]]},"properties":{"highway":"cycleway","motor_vehicle":"yes","oneway":"yes","osm_id":1274161305,"osm_type":"way"}},{"type":"Feature","geometry":{"type":"LineString","coordinates":[[-84.331283,33.9038526],[-84.3312921,33.9039871],[-84.331393,33.9043698],[-84.331469,33.9045731],[-84.3315638,33.9048269],[-84.3315763,33.9048538],[-84.3316994,33.9051479],[-84.3317125,33.9051825],[-84.3317278,33.9052227],[-84.3318076,33.9054333],[-84.3318275,33.9054925],[-84.3318292,33.9055085],[-84.3318254,33.9055229]]},"properties":{"foot":"yes","highway":"cycleway","name":"Nancy Creek PATH Trail","surface":"paved","osm_id":1283786952,"osm_type":"way"}},{"type":"Feature","geometry":{"type":"LineString","coordinates":[[-84.4755442,33.8826885],[-84.475575,33.882763],[-84.4756872,33.8830899],[-84.475742,33.8831581],[-84.4757938,33.8831946],[-84.4758243,33.8832161],[-84.475919,33.8832637],[-84.4759388,33.8832661],[-84.4760361,33.8832781],[-84.4761632,33.8832678],[-84.4762778,33.8832492],[-84.4765794,33.8831685],[-84.4768884,33.8831271],[-84.4770588,33.8831209],[-84.4771238,33.8831185],[-84.4772274,33.8831147],[-84.4774593,33.8831109]]},"properties":{"bicycle":"designated","foot":"designated","highway":"cycleway","name":"Mountain to River Trail","segregated":"no","surface":"concrete","osm_id":1284907288,"osm_type":"way"}},{"type":"Feature","geometry":{"type":"LineString","coordinates":[[-84.4774593,33.8831109],[-84.4775745,33.883109],[-84.4776126,33.8831084],[-84.477669,33.8831075],[-84.4777958,33.8831054]]},"properties":{"bicycle":"designated","crossing":"traffic_signals","crossing:markings":"ladder:paired","crossing:signals":"yes","foot":"designated","highway":"cycleway","name":"Mountain to River Trail","segregated":"no","surface":"concrete","osm_id":1284907291,"osm_type":"way"}},{"type":"Feature","geometry":{"type":"LineString","coordinates":[[-84.5055813,33.8386058],[-84.505087,33.838476],[-84.504657,33.838422],[-84.504228,33.838382],[-84.50412,33.838378],[-84.503904,33.838384],[-84.50369,33.838408],[-84.50348,33.83845],[-84.503377,33.838478],[-84.502798,33.838584],[-84.500473,33.839088],[-84.4980447,33.8396191],[-84.4969068,33.8398655],[-84.4959971,33.8400478]]},"properties":{"abandoned:railway":"rail","bicycle":"designated","end_date:railway":"2020","foot":"designated","highway":"cycleway","old_railway_operator":"SAL;CSX","railway":"abandoned","segregated":"no","surface":"concrete","osm_id":1290319448,"osm_type":"way"}},{"type":"Feature","geometry":{"type":"LineString","coordinates":[[-84.3456433,33.9204236],[-84.345613,33.920389],[-84.3456016,33.9203584],[-84.3455835,33.9202214],[-84.3455511,33.920114],[-84.3455288,33.9200341],[-84.3454333,33.9198667],[-84.3452863,33.9196297],[-84.3452409,33.9195288],[-84.3452032,33.9194525],[-84.3451785,33.9193762],[-84.3451342,33.9192367],[-84.3451236,33.9191266],[-84.3451316,33.918999]]},"properties":{"highway":"cycleway","osm_id":1296060353,"osm_type":"way"}},{"type":"Feature","geometry":{"type":"LineString","coordinates":[[-84.3599423,33.7557818],[-84.3600104,33.755791],[-84.3600939,33.7557484],[-84.3603591,33.7555991],[-84.3604654,33.7555385],[-84.3605016,33.7554495]]},"properties":{"highway":"cycleway","oneway":"yes","osm_id":1298209331,"osm_type":"way"}},{"type":"Feature","geometry":{"type":"LineString","coordinates":[[-84.5272362,33.8897249],[-84.5272071,33.8895153],[-84.5271847,33.8894091],[-84.5271861,33.8887627],[-84.5271952,33.8872065]]},"properties":{"bicycle":"designated","foot":"designated","highway":"cycleway","lit":"yes","segregated":"no","surface":"concrete","osm_id":1315729093,"osm_type":"way"}},{"type":"Feature","geometry":{"type":"LineString","coordinates":[[-84.4118719,33.7797512],[-84.411975,33.7798986],[-84.4120648,33.7800033],[-84.4124021,33.7803734],[-84.4126115,33.7806055],[-84.4131402,33.7811883],[-84.4131625,33.7812129],[-84.4134395,33.7815185],[-84.4134822,33.7815855],[-84.4135225,33.7816488],[-84.413577,33.7818057],[-84.4135964,33.7819724],[-84.4136151,33.7821331],[-84.4136328,33.7823192],[-84.4136427,33.7824336],[-84.4136498,33.7825146],[-84.4136572,33.7826002],[-84.4136582,33.7826196],[-84.4136654,33.7827523],[-84.413655,33.7828151],[-84.4136423,33.7828919],[-84.4136083,33.7829949],[-84.4135298,33.7831315],[-84.4133819,33.7832914],[-84.4131052,33.783462],[-84.4127464,33.7836601],[-84.4121491,33.7840035]]},"properties":{"bicycle":"designated","foot":"no","highway":"cycleway","name":"Brady Avenue Northwest","osm_id":1317633984,"osm_type":"way"}},{"type":"Feature","geometry":{"type":"LineString","coordinates":[[-84.3653742,33.7767632],[-84.3652604,33.7767649],[-84.3652597,33.7767312],[-84.3652596,33.7766846]]},"properties":{"bicycle":"designated","highway":"cycleway","name":"Beltline Access Line","segregated":"no","osm_id":1317656141,"osm_type":"way"}},{"type":"Feature","geometry":{"type":"LineString","coordinates":[[-84.3962625,33.7712438],[-84.3962567,33.7711854],[-84.396234,33.7704098],[-84.3962342,33.770272],[-84.3962339,33.7700596]]},"properties":{"bicycle":"designated","foot":"designated","highway":"cycleway","lanes":"2","name":"PATH Parkway","oneway":"no","segregated":"no","short_name":"Tech Parkway","surface":"concrete","tiger:cfcc":"A41","tiger:county":"Fulton, GA","tiger:name_base":"Tech","tiger:name_direction_suffix":"NW","tiger:name_type":"Pky","tiger:reviewed":"no","osm_id":1317656142,"osm_type":"way"}},{"type":"Feature","geometry":{"type":"LineString","coordinates":[[-84.3973233,33.7725641],[-84.3972557,33.7726468],[-84.3972341,33.7726719],[-84.3971938,33.772716],[-84.3971441,33.7727636]]},"properties":{"bicycle":"designated","foot":"no","highway":"cycleway","osm_id":1317656147,"osm_type":"way"}},{"type":"Feature","geometry":{"type":"LineString","coordinates":[[-84.3782275,33.879867],[-84.377929,33.8799401],[-84.3776857,33.8800662],[-84.3759619,33.8809933],[-84.3759327,33.881009],[-84.375189,33.881409],[-84.374459,33.881813],[-84.374213,33.88195],[-84.373251,33.882517],[-84.372576,33.882832],[-84.371972,33.883129],[-84.371845,33.883188],[-84.371225,33.883492],[-84.37097,33.883609],[-84.370549,33.883828],[-84.37032,33.883928],[-84.370107,33.884005],[-84.369732,33.884119],[-84.369427,33.884211],[-84.369149,33.884281],[-84.368925,33.884328],[-84.368641,33.884376],[-84.368354,33.884412],[-84.368066,33.884435],[-84.367777,33.884446],[-84.3666136,33.8845526],[-84.3660661,33.8846028],[-84.365881,33.8846198],[-84.3654838,33.8846562]]},"properties":{"cycleway":"lane","highway":"tertiary","lanes":"2","maxspeed":"35 mph","name":"Windsor Parkway Northeast","tiger:cfcc":"A41","tiger:county":"Fulton, GA","tiger:name_base":"Windsor","tiger:name_direction_suffix":"NE","tiger:name_type":"Pky","tiger:reviewed":"no","tiger:zip_left":"30342","tiger:zip_right":"30342","osm_id":1320096480,"osm_type":"way"}},{"type":"Feature","geometry":{"type":"LineString","coordinates":[[-84.2966372,33.7779831],[-84.2964564,33.7779828],[-84.2963434,33.777982]]},"properties":{"crossing":"traffic_signals","crossing:markings":"dashes","crossing:signals":"yes","cycleway":"crossing","highway":"cycleway","surface":"concrete","osm_id":1321875385,"osm_type":"way"}},{"type":"Feature","geometry":{"type":"LineString","coordinates":[[-84.2984739,33.7777384],[-84.2984904,33.7777236],[-84.298542,33.7776837],[-84.2985864,33.7776421]]},"properties":{"crossing":"marked","cycleway":"crossing","highway":"cycleway","incline":"0%","name":"Decatur PATH","oneway":"yes","smoothness":"intermediate","surface":"concrete","osm_id":1321877539,"osm_type":"way"}},{"type":"Feature","geometry":{"type":"LineString","coordinates":[[-84.2985864,33.7776421],[-84.2985989,33.7776304],[-84.2987273,33.7774849],[-84.2988207,33.7773432],[-84.2988686,33.7772558],[-84.29892,33.7771113],[-84.2989351,33.7770501],[-84.2989402,33.7770196]]},"properties":{"highway":"cycleway","incline":"0%","name":"Decatur PATH","oneway":"yes","smoothness":"intermediate","surface":"concrete","osm_id":1321877540,"osm_type":"way"}},{"type":"Feature","geometry":{"type":"LineString","coordinates":[[-84.294886,33.780614],[-84.2948816,33.7805657],[-84.2948772,33.7805175]]},"properties":{"crossing":"marked","cycleway":"crossing","highway":"cycleway","incline":"15%","name":"Church Street Cycle Track (protected)","smoothness":"intermediate","surface":"concrete","osm_id":1321883889,"osm_type":"way"}},{"type":"Feature","geometry":{"type":"LineString","coordinates":[[-84.2945945,33.7831381],[-84.2947926,33.7826265],[-84.2949114,33.7820997],[-84.2949815,33.781654],[-84.294886,33.780614]]},"properties":{"highway":"cycleway","incline":"15%","name":"Church Street Cycle Track (protected)","smoothness":"intermediate","surface":"concrete","osm_id":1321883890,"osm_type":"way"}},{"type":"Feature","geometry":{"type":"LineString","coordinates":[[-84.2945336,33.7832166],[-84.2945582,33.7831848],[-84.2945945,33.7831381]]},"properties":{"crossing":"marked","cycleway":"crossing","highway":"cycleway","incline":"15%","name":"Church Street Cycle Track (protected)","smoothness":"intermediate","surface":"concrete","osm_id":1321883895,"osm_type":"way"}},{"type":"Feature","geometry":{"type":"LineString","coordinates":[[-84.2939394,33.7839738],[-84.2945336,33.7832166]]},"properties":{"highway":"cycleway","incline":"15%","name":"Church Street Cycle Track (protected)","smoothness":"intermediate","surface":"concrete","osm_id":1321883896,"osm_type":"way"}},{"type":"Feature","geometry":{"type":"LineString","coordinates":[[-84.2938124,33.7841073],[-84.293875,33.7840415],[-84.2939394,33.7839738]]},"properties":{"crossing":"marked","cycleway":"crossing","highway":"cycleway","incline":"15%","name":"Church Street Cycle Track (protected)","smoothness":"intermediate","surface":"concrete","osm_id":1321883897,"osm_type":"way"}},{"type":"Feature","geometry":{"type":"LineString","coordinates":[[-84.2934453,33.7844777],[-84.2938124,33.7841073]]},"properties":{"highway":"cycleway","incline":"15%","name":"Church Street Cycle Track (protected)","smoothness":"intermediate","surface":"concrete","osm_id":1321883898,"osm_type":"way"}},{"type":"Feature","geometry":{"type":"LineString","coordinates":[[-84.2928257,33.784842],[-84.2928143,33.7848526],[-84.2928006,33.7848652],[-84.2927823,33.784882]]},"properties":{"crossing":"unmarked","cycleway":"crossing","highway":"cycleway","horse":"no","incline":"15%","name":"Church Street cycle track (protected)","smoothness":"excellent","surface":"concrete","osm_id":1321936295,"osm_type":"way"}},{"type":"Feature","geometry":{"type":"LineString","coordinates":[[-84.2927823,33.784882],[-84.2923995,33.7852339],[-84.2918816,33.7855603],[-84.2918672,33.7855681],[-84.2915717,33.7857288]]},"properties":{"highway":"cycleway","horse":"no","incline":"15%","name":"Church Street cycle track (protected)","smoothness":"excellent","surface":"concrete","osm_id":1321936296,"osm_type":"way"}},{"type":"Feature","geometry":{"type":"LineString","coordinates":[[-84.2915717,33.7857288],[-84.2915347,33.785749],[-84.2915041,33.7857657]]},"properties":{"crossing":"unmarked","cycleway":"crossing","highway":"cycleway","horse":"no","incline":"15%","name":"Church Street cycle track (protected)","smoothness":"excellent","surface":"concrete","osm_id":1321936297,"osm_type":"way"}},{"type":"Feature","geometry":{"type":"LineString","coordinates":[[-84.2915041,33.7857657],[-84.2912761,33.7858897],[-84.2911011,33.7859849],[-84.2910699,33.7860019],[-84.2908083,33.7861527],[-84.290692,33.7862197],[-84.2901944,33.7865549],[-84.290132,33.7865969]]},"properties":{"highway":"cycleway","horse":"no","incline":"15%","name":"Church Street cycle track (protected)","smoothness":"excellent","surface":"concrete","osm_id":1321936298,"osm_type":"way"}},{"type":"Feature","geometry":{"type":"LineString","coordinates":[[-84.2925894,33.7852972],[-84.2926522,33.7852574],[-84.2927023,33.7852274]]},"properties":{"crossing":"unmarked","cycleway":"crossing","highway":"cycleway","incline":"15%","name":"Church Street Cycle Track (protected)","smoothness":"intermediate","surface":"concrete","osm_id":1321938072,"osm_type":"way"}},{"type":"Feature","geometry":{"type":"LineString","coordinates":[[-84.2927023,33.7852274],[-84.2933796,33.784544]]},"properties":{"highway":"cycleway","incline":"15%","name":"Church Street Cycle Track (protected)","smoothness":"intermediate","surface":"concrete","osm_id":1321938073,"osm_type":"way"}},{"type":"Feature","geometry":{"type":"LineString","coordinates":[[-84.2900509,33.7866921],[-84.2898101,33.7870135],[-84.2897058,33.7871668],[-84.289687,33.7873051]]},"properties":{"highway":"cycleway","name":"Church St Bike Lane (unprotected)","oneway":"yes","smoothness":"excellent","surface":"asphalt","osm_id":1321938702,"osm_type":"way"}},{"type":"Feature","geometry":{"type":"LineString","coordinates":[[-84.2947556,33.7822225],[-84.2947445,33.7822842],[-84.2947292,33.7823688]]},"properties":{"crossing":"unmarked","cycleway":"crossing","highway":"cycleway","horse":"no","incline":"15%","name":"Church Street cycle track (protected)","smoothness":"intermediate","surface":"concrete","osm_id":1321941995,"osm_type":"way"}},{"type":"Feature","geometry":{"type":"LineString","coordinates":[[-84.2947292,33.7823688],[-84.2946149,33.7827076],[-84.2943487,33.7832394],[-84.2941121,33.7835698],[-84.2937671,33.7839429],[-84.2937142,33.7839885],[-84.2933761,33.7843223]]},"properties":{"highway":"cycleway","horse":"no","incline":"15%","name":"Church Street cycle track (protected)","smoothness":"intermediate","surface":"concrete","osm_id":1321941996,"osm_type":"way"}},{"type":"Feature","geometry":{"type":"LineString","coordinates":[[-84.2947149,33.7797751],[-84.294713,33.7798865],[-84.2947122,33.7799507]]},"properties":{"crossing":"marked","cycleway":"crossing","highway":"cycleway","horse":"no","incline":"15%","name":"Church Street cycle track (protected)","smoothness":"intermediate","surface":"concrete","osm_id":1321952921,"osm_type":"way"}},{"type":"Feature","geometry":{"type":"LineString","coordinates":[[-84.2947239,33.7778936],[-84.2947446,33.7779221],[-84.2947413,33.7784002],[-84.2947369,33.7787612],[-84.2947351,33.778855],[-84.2947331,33.779053],[-84.2947292,33.7793954],[-84.2947149,33.7797751]]},"properties":{"highway":"cycleway","horse":"no","incline":"15%","name":"Church Street cycle track (protected)","smoothness":"intermediate","surface":"concrete","osm_id":1321952922,"osm_type":"way"}},{"type":"Feature","geometry":{"type":"LineString","coordinates":[[-84.2966491,33.7704994],[-84.2966577,33.7703499],[-84.2966583,33.7702098],[-84.2966724,33.7700967]]},"properties":{"highway":"cycleway","name":"Decatur PATH","surface":"asphalt","osm_id":1321963448,"osm_type":"way"}},{"type":"Feature","geometry":{"type":"LineString","coordinates":[[-84.2966078,33.7712114],[-84.2966458,33.770556]]},"properties":{"highway":"cycleway","name":"Decatur PATH","surface":"asphalt","osm_id":1321963450,"osm_type":"way"}},{"type":"Feature","geometry":{"type":"LineString","coordinates":[[-84.2966065,33.7712592],[-84.2966071,33.7712371],[-84.2966078,33.7712114]]},"properties":{"highway":"cycleway","name":"Decatur PATH","osm_id":1321963451,"osm_type":"way"}},{"type":"Feature","geometry":{"type":"LineString","coordinates":[[-84.2966458,33.770556],[-84.2966476,33.7705252],[-84.2966491,33.7704994]]},"properties":{"highway":"cycleway","name":"Decatur PATH","surface":"asphalt","osm_id":1321963452,"osm_type":"way"}},{"type":"Feature","geometry":{"type":"LineString","coordinates":[[-84.3557263,33.7623655],[-84.3557385,33.76236],[-84.3557499,33.7623481],[-84.3557534,33.762337],[-84.3557522,33.7623255],[-84.3557487,33.7623181],[-84.35574,33.7623091],[-84.3557281,33.7623031],[-84.3557145,33.7623009],[-84.355706,33.7623015]]},"properties":{"bicycle":"designated","foot":"designated","highway":"path","motor_vehicle":"no","surface":"concrete","osm_id":1321999023,"osm_type":"way"}},{"type":"Feature","geometry":{"type":"LineString","coordinates":[[-84.3557756,33.7625902],[-84.3557653,33.762591],[-84.3557498,33.7625884],[-84.3557425,33.7625854],[-84.3557306,33.7625767],[-84.3557214,33.7625599],[-84.3557213,33.7625467],[-84.3557291,33.762531],[-84.3557404,33.7625218],[-84.355754,33.7625165]]},"properties":{"bicycle":"designated","foot":"designated","highway":"path","motor_vehicle":"no","surface":"concrete","osm_id":1321999024,"osm_type":"way"}},{"type":"Feature","geometry":{"type":"LineString","coordinates":[[-84.402977,33.7738422],[-84.4029592,33.7738325],[-84.4028429,33.7737815]]},"properties":{"crossing":"marked","crossing:markings":"yes","cycleway":"crossing","highway":"cycleway","lanes":"2","name":"PATH Parkway","oneway":"no","segregated":"no","short_name":"Tech Parkway","surface":"concrete","tiger:cfcc":"A41","tiger:name_base":"Tech","tiger:name_direction_suffix":"NW","tiger:name_type":"Pky","osm_id":1322002139,"osm_type":"way"}},{"type":"Feature","geometry":{"type":"LineString","coordinates":[[-84.4026736,33.7737095],[-84.4025348,33.773647]]},"properties":{"highway":"cycleway","lanes":"2","name":"PATH Parkway","oneway":"no","segregated":"no","short_name":"Tech Parkway","surface":"concrete","tiger:cfcc":"A41","tiger:county":"Fulton, GA","tiger:name_base":"Tech","tiger:name_direction_suffix":"NW","tiger:name_type":"Pky","tiger:reviewed":"no","osm_id":1322002143,"osm_type":"way"}},{"type":"Feature","geometry":{"type":"LineString","coordinates":[[-84.3945519,33.7502079],[-84.3946243,33.7502486],[-84.3948301,33.7503603],[-84.3948504,33.7503715]]},"properties":{"cycleway":"lane","highway":"primary","lanes":"4","name":"Trinity Avenue Southwest","ref":"GA 154","sidewalk:both":"separate","tiger:cfcc":"A31","tiger:county":"Fulton, GA","tiger:name_base":"Trinity","tiger:name_base_1":"State Route 14","tiger:name_base_2":"State Route 154","tiger:name_direction_suffix":"SW","tiger:name_type":"Ave","tiger:reviewed":"no","osm_id":1322434931,"osm_type":"way"}},{"type":"Feature","geometry":{"type":"LineString","coordinates":[[-84.4078117,33.7547457],[-84.4073245,33.7547463],[-84.4070508,33.7547496],[-84.4069265,33.7547449],[-84.406753,33.7547338],[-84.4065928,33.7547201]]},"properties":{"highway":"cycleway","osm_id":1327289328,"osm_type":"way"}},{"type":"Feature","geometry":{"type":"LineString","coordinates":[[-84.4065928,33.7547201],[-84.406532,33.7547173],[-84.406456,33.7547112]]},"properties":{"crossing":"uncontrolled","crossing:markings":"yes","crossing:signals":"no","cycleway":"crossing","highway":"cycleway","osm_id":1327289331,"osm_type":"way"}},{"type":"Feature","geometry":{"type":"LineString","coordinates":[[-84.406456,33.7547112],[-84.4061205,33.7546928],[-84.40578,33.7546826],[-84.4056642,33.7546796],[-84.4056115,33.7546786]]},"properties":{"highway":"cycleway","osm_id":1327289332,"osm_type":"way"}},{"type":"Feature","geometry":{"type":"LineString","coordinates":[[-84.4056115,33.7546786],[-84.4054804,33.7546747],[-84.4053661,33.7546721]]},"properties":{"crossing":"uncontrolled","crossing:markings":"yes","cycleway":"crossing","highway":"cycleway","osm_id":1327289333,"osm_type":"way"}},{"type":"Feature","geometry":{"type":"LineString","coordinates":[[-84.403287,33.7546678],[-84.4029502,33.7546644]]},"properties":{"highway":"cycleway","osm_id":1327289335,"osm_type":"way"}},{"type":"Feature","geometry":{"type":"LineString","coordinates":[[-84.4034218,33.7546686],[-84.4033836,33.754668],[-84.403287,33.7546678]]},"properties":{"crossing":"uncontrolled","crossing:markings":"yes","crossing:signals":"no","cycleway":"crossing","highway":"cycleway","osm_id":1327289336,"osm_type":"way"}},{"type":"Feature","geometry":{"type":"LineString","coordinates":[[-84.3795135,33.7818437],[-84.3796175,33.7817967]]},"properties":{"highway":"cycleway","osm_id":1327337973,"osm_type":"way"}},{"type":"Feature","geometry":{"type":"LineString","coordinates":[[-84.4292773,33.7472722],[-84.4287851,33.7472623]]},"properties":{"highway":"cycleway","osm_id":1327567848,"osm_type":"way"}},{"type":"Feature","geometry":{"type":"LineString","coordinates":[[-84.4287851,33.7472623],[-84.4287179,33.7472609],[-84.4286655,33.7472602]]},"properties":{"cycleway":"crossing","highway":"cycleway","osm_id":1327567849,"osm_type":"way"}},{"type":"Feature","geometry":{"type":"LineString","coordinates":[[-84.39929,33.7794904],[-84.3992666,33.7794925],[-84.3991967,33.7795008],[-84.3990924,33.7795104],[-84.3990547,33.7795175]]},"properties":{"crossing":"marked","crossing:markings":"yes","cycleway":"crossing","highway":"cycleway","surface":"asphalt","osm_id":1328180771,"osm_type":"way"}},{"type":"Feature","geometry":{"type":"LineString","coordinates":[[-84.3990547,33.7795175],[-84.3989837,33.7795234]]},"properties":{"highway":"cycleway","surface":"asphalt","osm_id":1328180772,"osm_type":"way"}},{"type":"Feature","geometry":{"type":"LineString","coordinates":[[-84.2966038,33.7713491],[-84.2966065,33.7712592]]},"properties":{"highway":"cycleway","name":"Decatur PATH","osm_id":1328914153,"osm_type":"way"}},{"type":"Feature","geometry":{"type":"LineString","coordinates":[[-84.2966021,33.7714096],[-84.2966034,33.7713637],[-84.2966038,33.7713491]]},"properties":{"highway":"cycleway","name":"Decatur PATH","osm_id":1328914154,"osm_type":"way"}},{"type":"Feature","geometry":{"type":"LineString","coordinates":[[-84.4085596,33.666062],[-84.4085619,33.6659335],[-84.408573,33.66532]]},"properties":{"cycleway":"lane","highway":"primary","lanes":"3","lanes:backward":"1","lanes:forward":"2","maxspeed":"35 mph","name":"Dogwood Drive","old_name":"Stewart Avenue","ref":"US 19;US 41;GA 3","tiger:cfcc":"A21","tiger:county":"Fulton, GA","tiger:name_base":"Dogwood","tiger:name_base_1":"State Route 3","tiger:name_base_2":"United States Highway 41","tiger:name_base_3":"United States Highway 19","tiger:name_type":"Dr","tiger:reviewed":"no","tiger:zip_left":"30354","tiger:zip_right":"30354","turn:lanes:forward":"left|","osm_id":1339455363,"osm_type":"way"}},{"type":"Feature","geometry":{"type":"LineString","coordinates":[[-84.3998284,33.7523316],[-84.3998287,33.7523765],[-84.3998284,33.752416],[-84.3998257,33.7526062],[-84.3998197,33.7527913],[-84.3998187,33.7528044],[-84.3998142,33.7528711],[-84.399813,33.7528849],[-84.3997942,33.7530115],[-84.3997734,33.753123],[-84.399766,33.7531676],[-84.3997674,33.7532005],[-84.3997821,33.753283],[-84.3998116,33.7533374]]},"properties":{"highway":"cycleway","oneway":"yes","osm_id":1340352572,"osm_type":"way"}},{"type":"Feature","geometry":{"type":"LineString","coordinates":[[-84.4000057,33.7542313],[-84.4001748,33.7541075]]},"properties":{"cycleway":"lane","highway":"secondary","name":"Martin Luther King Jr Drive Southwest","name:etymology:wikidata":"Q8027","tiger:reviewed":"no","osm_id":1340352581,"osm_type":"way"}},{"type":"Feature","geometry":{"type":"LineString","coordinates":[[-84.4098635,33.6612945],[-84.4099833,33.661061],[-84.410109,33.660816]]},"properties":{"cycleway":"lane","highway":"primary","lanes":"3","lanes:backward":"1","lanes:forward":"2","maxspeed":"35 mph","name":"Dogwood Drive","old_name":"Stewart Avenue","ref":"US 19;US 41;GA 3","tiger:cfcc":"A21","tiger:county":"Fulton, GA","tiger:name_base":"Dogwood","tiger:name_base_1":"State Route 3","tiger:name_base_2":"United States Highway 41","tiger:name_base_3":"United States Highway 19","tiger:name_type":"Dr","tiger:reviewed":"no","tiger:zip_left":"30354","tiger:zip_right":"30354","turn:lanes:forward":"left|none","osm_id":1340989886,"osm_type":"way"}},{"type":"Feature","geometry":{"type":"LineString","coordinates":[[-84.3103265,33.8864303],[-84.3103715,33.8864062],[-84.3104395,33.8863408],[-84.3109325,33.8860664],[-84.3109733,33.8860652],[-84.3115883,33.8857535]]},"properties":{"bicycle":"designated","foot":"designated","highway":"cycleway","name":"Chamblee Rail Trail","oneway":"no","segregated":"no","surface":"concrete","osm_id":1346416629,"osm_type":"way"}},{"type":"Feature","geometry":{"type":"LineString","coordinates":[[-84.3102133,33.8862818],[-84.3102547,33.8863341],[-84.3103265,33.8864303]]},"properties":{"bicycle":"designated","crossing":"marked","crossing:markings":"surface","cycleway":"crossing","foot":"designated","highway":"cycleway","name":"Chamblee Rail Trail","surface":"concrete","osm_id":1346416630,"osm_type":"way"}},{"type":"Feature","geometry":{"type":"LineString","coordinates":[[-84.3096627,33.8865603],[-84.3097091,33.8865369],[-84.3097535,33.8865099]]},"properties":{"bicycle":"designated","crossing":"marked","crossing:markings":"zebra","cycleway":"crossing","foot":"designated","highway":"cycleway","name":"Chamblee Rail Trail","osm_id":1346416631,"osm_type":"way"}},{"type":"Feature","geometry":{"type":"LineString","coordinates":[[-84.3097535,33.8865099],[-84.3102133,33.8862818]]},"properties":{"bicycle":"designated","foot":"designated","highway":"cycleway","name":"Chamblee Rail Trail","oneway":"no","segregated":"no","surface":"concrete","osm_id":1346416632,"osm_type":"way"}},{"type":"Feature","geometry":{"type":"LineString","coordinates":[[-84.3064646,33.8881646],[-84.3064588,33.8881944],[-84.3045959,33.8890968]]},"properties":{"bicycle":"designated","foot":"designated","highway":"cycleway","name":"Chamblee Rail Trail","oneway":"no","segregated":"no","surface":"concrete","osm_id":1346446672,"osm_type":"way"}},{"type":"Feature","geometry":{"type":"LineString","coordinates":[[-84.3045959,33.8890968],[-84.3044938,33.8891498]]},"properties":{"bicycle":"designated","crossing":"marked","crossing:markings":"zebra","cycleway":"crossing","foot":"designated","highway":"cycleway","name":"Chamblee Rail Trail","surface":"concrete","osm_id":1346446673,"osm_type":"way"}},{"type":"Feature","geometry":{"type":"LineString","coordinates":[[-84.3044938,33.8891498],[-84.3044254,33.889195]]},"properties":{"bicycle":"designated","crossing":"marked","crossing:markings":"zebra","cycleway":"crossing","foot":"designated","highway":"cycleway","name":"Chamblee Rail Trail","osm_id":1346446674,"osm_type":"way"}},{"type":"Feature","geometry":{"type":"LineString","coordinates":[[-84.3024046,33.8903196],[-84.3024484,33.8903612],[-84.3025041,33.8904127]]},"properties":{"bicycle":"designated","crossing":"marked","crossing:markings":"lines","cycleway":"crossing","foot":"designated","highway":"cycleway","name":"Chamblee Rail Trail","osm_id":1346674802,"osm_type":"way"}},{"type":"Feature","geometry":{"type":"LineString","coordinates":[[-84.303757,33.891291],[-84.3033921,33.8910684],[-84.3032828,33.8910017],[-84.303073,33.8908738],[-84.3029515,33.8907822],[-84.3028611,33.8907068],[-84.302838,33.8906904],[-84.3027071,33.8905741],[-84.302588,33.8904772],[-84.3025041,33.8904127]]},"properties":{"bicycle":"designated","foot":"designated","highway":"cycleway","name":"Chamblee Rail Trail","oneway":"no","segregated":"no","surface":"concrete","osm_id":1346674843,"osm_type":"way"}},{"type":"Feature","geometry":{"type":"LineString","coordinates":[[-84.3352504,33.835146],[-84.3353086,33.8350941],[-84.3354118,33.8350395],[-84.3354596,33.834987]]},"properties":{"foot":"designated","highway":"cycleway","segregated":"no","osm_id":1346989501,"osm_type":"way"}},{"type":"Feature","geometry":{"type":"LineString","coordinates":[[-84.3287129,33.839335],[-84.3286752,33.8393997],[-84.3286336,33.8394306],[-84.3285332,33.8394672],[-84.3284924,33.8394849],[-84.3284252,33.8395394],[-84.3283669,33.8395707],[-84.3282687,33.8396281],[-84.3281413,33.8397636]]},"properties":{"bicycle":"designated","foot":"designated","highway":"cycleway","osm_id":1347201902,"osm_type":"way"}},{"type":"Feature","geometry":{"type":"LineString","coordinates":[[-84.3251629,33.8946767],[-84.3256622,33.8947563],[-84.3257856,33.894828],[-84.325806,33.8949907],[-84.3257684,33.8951021],[-84.3257201,33.8952624],[-84.3256987,33.8953603],[-84.325704,33.8954538],[-84.3256933,33.8955696],[-84.3256697,33.8957122],[-84.3257174,33.8957786],[-84.3259495,33.8959343],[-84.3260279,33.8959777],[-84.3261171,33.8959636],[-84.3261863,33.895919],[-84.3268074,33.8950933],[-84.3268735,33.8950154],[-84.326955,33.8949618],[-84.3270181,33.8949453],[-84.3271672,33.8949835],[-84.3272318,33.8950244],[-84.3272471,33.8951175],[-84.3272318,33.8952566],[-84.3272487,33.8953651],[-84.3272763,33.8954647],[-84.3272533,33.8955795],[-84.327216,33.895657]]},"properties":{"bicycle":"designated","foot":"designated","highway":"cycleway","name":"Nancy Creek PATH Trail","surface":"paved","osm_id":1347683037,"osm_type":"way"}},{"type":"Feature","geometry":{"type":"LineString","coordinates":[[-84.3618223,33.8439933],[-84.3618369,33.8440075],[-84.3618567,33.8440202],[-84.3618832,33.844033],[-84.3619065,33.8440417],[-84.3619304,33.8440472],[-84.3620016,33.8440556],[-84.3621179,33.8440707],[-84.3621941,33.8440804]]},"properties":{"foot":"yes","highway":"cycleway","osm_id":1347696357,"osm_type":"way"}},{"type":"Feature","geometry":{"type":"LineString","coordinates":[[-84.3622899,33.8440953],[-84.3623269,33.844102],[-84.3626149,33.8441541],[-84.3627768,33.8441735]]},"properties":{"foot":"yes","highway":"cycleway","osm_id":1347696359,"osm_type":"way"}},{"type":"Feature","geometry":{"type":"LineString","coordinates":[[-84.3619045,33.8440586],[-84.3618832,33.844033]]},"properties":{"foot":"yes","highway":"cycleway","osm_id":1347696362,"osm_type":"way"}},{"type":"Feature","geometry":{"type":"LineString","coordinates":[[-84.3618832,33.844033],[-84.361826,33.8440383]]},"properties":{"foot":"yes","highway":"cycleway","osm_id":1347696363,"osm_type":"way"}},{"type":"Feature","geometry":{"type":"LineString","coordinates":[[-84.3185126,33.8883688],[-84.3183751,33.8880568],[-84.3181547,33.8877774],[-84.3180952,33.8877022]]},"properties":{"bicycle":"designated","foot":"designated","highway":"cycleway","osm_id":1348379125,"osm_type":"way"}},{"type":"Feature","geometry":{"type":"LineString","coordinates":[[-84.3571656,33.8461873],[-84.3571012,33.8462223],[-84.3570432,33.8462537],[-84.3569425,33.8463084]]},"properties":{"bicycle":"designated","crossing":"marked","crossing:markings":"ladder:paired","cycleway":"crossing","foot":"designated","highway":"cycleway","horse":"no","name":"Path 400","oneway":"no","segregated":"no","surface":"concrete","osm_id":1349648638,"osm_type":"way"}},{"type":"Feature","geometry":{"type":"LineString","coordinates":[[-84.3625864,33.8438036],[-84.3625743,33.8438105],[-84.3625579,33.8438118],[-84.3620817,33.8435009],[-84.3620097,33.8434465],[-84.3616097,33.8431445],[-84.3614488,33.843204],[-84.3613247,33.8431958],[-84.3612538,33.8432138],[-84.3611357,33.8433207],[-84.3609265,33.8435368],[-84.3606851,33.8438075],[-84.3603874,33.8441383],[-84.3600596,33.844494],[-84.359906,33.8446685],[-84.3597759,33.8448021],[-84.3596444,33.8449091],[-84.359446,33.8450572],[-84.3592756,33.8451563],[-84.3590932,33.8452087],[-84.3588319,33.8453389],[-84.3586863,33.8454115],[-84.3586375,33.8454361]]},"properties":{"bicycle":"designated","foot":"designated","highway":"cycleway","horse":"no","name":"Path 400","segregated":"no","surface":"concrete","osm_id":1349648639,"osm_type":"way"}},{"type":"Feature","geometry":{"type":"LineString","coordinates":[[-84.3044356,33.9147159],[-84.3044522,33.9146887],[-84.30452,33.9145783],[-84.3046006,33.9144408]]},"properties":{"cycleway":"lane","highway":"residential","lanes":"2","name":"Longview Drive","oneway":"no","sidewalk:left":"separate","sidewalk:right":"no","surface":"asphalt","tiger:cfcc":"A45","tiger:county":"DeKalb, GA","tiger:name_base":"Longview","tiger:name_type":"Dr","osm_id":1350782132,"osm_type":"way"}},{"type":"Feature","geometry":{"type":"LineString","coordinates":[[-84.304255,33.9149995],[-84.3043484,33.9148526],[-84.304366,33.9148249]]},"properties":{"cycleway":"lane","highway":"residential","lanes":"2","name":"Longview Drive","oneway":"no","sidewalk:left":"separate","sidewalk:right":"no","surface":"asphalt","tiger:cfcc":"A45","tiger:county":"DeKalb, GA","tiger:name_base":"Longview","tiger:name_type":"Dr","osm_id":1350782133,"osm_type":"way"}},{"type":"Feature","geometry":{"type":"LineString","coordinates":[[-84.3049363,33.9135532],[-84.3049489,33.9134841],[-84.3049634,33.9134043]]},"properties":{"cycleway":"lane","highway":"residential","lanes":"2","name":"Longview Drive","oneway":"no","sidewalk:left":"separate","sidewalk:right":"no","surface":"asphalt","tiger:cfcc":"A45","tiger:county":"DeKalb, GA","tiger:name_base":"Longview","tiger:name_type":"Dr","osm_id":1350782144,"osm_type":"way"}},{"type":"Feature","geometry":{"type":"LineString","coordinates":[[-84.3034916,33.9162061],[-84.3036112,33.9160185]]},"properties":{"cycleway":"lane","highway":"residential","lanes":"2","name":"Longview Drive","oneway":"no","surface":"asphalt","tiger:cfcc":"A45","tiger:county":"DeKalb, GA","tiger:name_base":"Longview","tiger:name_type":"Dr","tiger:reviewed":"no","osm_id":1350782148,"osm_type":"way"}},{"type":"Feature","geometry":{"type":"LineString","coordinates":[[-84.2686723,33.7027502],[-84.2686936,33.7028253],[-84.2683959,33.7028807],[-84.2681764,33.7030264],[-84.2680504,33.7031021],[-84.2679772,33.7031128]]},"properties":{"foot":"yes","highway":"cycleway","osm_id":1353694735,"osm_type":"way"}},{"type":"Feature","geometry":{"type":"LineString","coordinates":[[-84.4284562,33.7796324],[-84.4284411,33.779641]]},"properties":{"bicycle":"designated","foot":"designated","highway":"cycleway","name":"Beltline Access Line","osm_id":1353724250,"osm_type":"way"}},{"type":"Feature","geometry":{"type":"LineString","coordinates":[[-84.4283633,33.7797125],[-84.428314,33.779781]]},"properties":{"bicycle":"designated","foot":"designated","highway":"cycleway","name":"Beltline Access Line","osm_id":1353724251,"osm_type":"way"}},{"type":"Feature","geometry":{"type":"LineString","coordinates":[[-84.4715088,33.8789271],[-84.4714904,33.8788699],[-84.4714807,33.878828]]},"properties":{"bicycle":"designated","crossing":"traffic_signals","crossing:markings":"ladder:paired","crossing:signals":"yes","cycleway":"crossing","foot":"designated","highway":"cycleway","name":"Mountain to River Trail","segregated":"no","surface":"asphalt","osm_id":1353800461,"osm_type":"way"}},{"type":"Feature","geometry":{"type":"LineString","coordinates":[[-84.3627584,33.7694354],[-84.3629445,33.7693455]]},"properties":{"bicycle":"designated","foot":"designated","highway":"cycleway","name":"Beltline Access Line","segregated":"no","surface":"concrete","osm_id":1353860784,"osm_type":"way"}},{"type":"Feature","geometry":{"type":"LineString","coordinates":[[-84.3629278,33.7693133],[-84.3631896,33.7691927]]},"properties":{"bicycle":"designated","foot":"designated","highway":"cycleway","name":"Beltline Access Line","segregated":"no","surface":"concrete","osm_id":1353860785,"osm_type":"way"}},{"type":"Feature","geometry":{"type":"LineString","coordinates":[[-84.3631896,33.7691927],[-84.3631716,33.7691667],[-84.3632224,33.769145]]},"properties":{"bicycle":"designated","foot":"designated","highway":"cycleway","segregated":"no","surface":"concrete","osm_id":1353860786,"osm_type":"way"}},{"type":"Feature","geometry":{"type":"LineString","coordinates":[[-84.3637819,33.7534735],[-84.3638707,33.7535152],[-84.3639452,33.7535563]]},"properties":{"bicycle":"designated","crossing":"traffic_signals","crossing:markings":"yes","crossing:signals":"yes","cycleway":"crossing","foot":"designated","highway":"cycleway","lit":"yes","motor_vehicle":"no","name":"Atlanta Beltline Eastside Trail","oneway":"no","segregated":"no","start_date":"2017-9-1","surface":"asphalt","osm_id":1353860787,"osm_type":"way"}},{"type":"Feature","geometry":{"type":"LineString","coordinates":[[-84.357076,33.7525553],[-84.3570769,33.7525257],[-84.3570784,33.7524778]]},"properties":{"bicycle":"designated","crossing":"unmarked","crossing:continuous":"yes","cycleway":"crossing","foot":"designated","highway":"cycleway","lit":"yes","motor_vehicle":"no","name":"Atlanta Beltline Eastside Trail","segregated":"no","surface":"asphalt","osm_id":1353860788,"osm_type":"way"}},{"type":"Feature","geometry":{"type":"LineString","coordinates":[[-84.3580588,33.7465344],[-84.358033,33.746522]]},"properties":{"bicycle":"designated","foot":"designated","highway":"cycleway","name":"Atlanta Beltline Southeast Trail","oneway":"no","segregated":"no","surface":"concrete","osm_id":1353860789,"osm_type":"way"}},{"type":"Feature","geometry":{"type":"LineString","coordinates":[[-84.3580591,33.7465501],[-84.3580588,33.7465344]]},"properties":{"bicycle":"designated","foot":"designated","highway":"cycleway","name":"Atlanta Beltline Southeast Trail","oneway":"no","segregated":"no","surface":"concrete","osm_id":1353860790,"osm_type":"way"}},{"type":"Feature","geometry":{"type":"LineString","coordinates":[[-84.3580594,33.7466559],[-84.3580592,33.7466451]]},"properties":{"bicycle":"designated","foot":"designated","highway":"cycleway","segregated":"no","osm_id":1353860794,"osm_type":"way"}},{"type":"Feature","geometry":{"type":"LineString","coordinates":[[-84.358118,33.744095],[-84.3581271,33.7444509],[-84.3581601,33.7448953],[-84.3581444,33.7452723]]},"properties":{"bicycle":"designated","foot":"designated","highway":"cycleway","lit":"yes","motor_vehicle":"no","name":"Atlanta Beltline Southeast Trail","segregated":"no","start_date":"2017-10-23","surface":"concrete","osm_id":1353860795,"osm_type":"way"}},{"type":"Feature","geometry":{"type":"LineString","coordinates":[[-84.3581444,33.7452723],[-84.3581428,33.7453267],[-84.3581395,33.7453691]]},"properties":{"bicycle":"designated","crossing":"marked","crossing:markings":"ladder:paired","cycleway":"crossing","foot":"designated","highway":"cycleway","lit":"yes","motor_vehicle":"no","name":"Atlanta Beltline Eastside Trail","segregated":"no","start_date":"2017-10-23","surface":"concrete","surface:colour":"green","osm_id":1353860796,"osm_type":"way"}},{"type":"Feature","geometry":{"type":"LineString","coordinates":[[-84.3311204,33.9026703],[-84.3311231,33.9028634],[-84.3311769,33.903222],[-84.3312121,33.9034227]]},"properties":{"bicycle":"designated","foot":"designated","highway":"cycleway","name":"Nancy Creek PATH Trail","surface":"paved","osm_id":1354024350,"osm_type":"way"}},{"type":"Feature","geometry":{"type":"LineString","coordinates":[[-84.2947407,33.7805105],[-84.2947304,33.7805103]]},"properties":{"highway":"cycleway","horse":"no","incline":"15%","name":"Church Street cycle track (protected)","smoothness":"intermediate","surface":"concrete","osm_id":1354305372,"osm_type":"way"}},{"type":"Feature","geometry":{"type":"LineString","coordinates":[[-84.3764841,33.849545],[-84.3764803,33.8495501]]},"properties":{"bicycle":"designated","foot":"designated","highway":"cycleway","osm_id":1354309188,"osm_type":"way"}},{"type":"Feature","geometry":{"type":"LineString","coordinates":[[-84.4606337,33.8800863],[-84.4606506,33.8800666]]},"properties":{"bicycle":"designated","foot":"designated","highway":"cycleway","osm_id":1354329771,"osm_type":"way"}},{"type":"Feature","geometry":{"type":"LineString","coordinates":[[-84.4609234,33.8802303],[-84.4609342,33.8802098]]},"properties":{"bicycle":"designated","foot":"designated","highway":"cycleway","osm_id":1354329773,"osm_type":"way"}},{"type":"Feature","geometry":{"type":"LineString","coordinates":[[-84.4608622,33.8801764],[-84.4609342,33.8802098]]},"properties":{"bicycle":"designated","foot":"designated","highway":"cycleway","osm_id":1354329821,"osm_type":"way"}},{"type":"Feature","geometry":{"type":"LineString","coordinates":[[-84.4606506,33.8800666],[-84.4607121,33.8800983]]},"properties":{"bicycle":"designated","foot":"designated","highway":"cycleway","osm_id":1354329822,"osm_type":"way"}},{"type":"Feature","geometry":{"type":"LineString","coordinates":[[-84.4607121,33.8800983],[-84.4607257,33.8801055]]},"properties":{"bicycle":"designated","foot":"designated","highway":"cycleway","osm_id":1354329823,"osm_type":"way"}},{"type":"Feature","geometry":{"type":"LineString","coordinates":[[-84.4608484,33.8801694],[-84.4608622,33.8801764]]},"properties":{"bicycle":"designated","foot":"designated","highway":"cycleway","osm_id":1354329824,"osm_type":"way"}},{"type":"Feature","geometry":{"type":"LineString","coordinates":[[-84.3034849,33.6976941],[-84.303477,33.6977094]]},"properties":{"access":"yes","bicycle":"designated","foot":"designated","highway":"cycleway","horse":"yes","motor_vehicle":"no","name":"South River PATH Trail","segregated":"no","surface":"concrete","osm_id":1354556652,"osm_type":"way"}},{"type":"Feature","geometry":{"type":"LineString","coordinates":[[-84.4557078,33.8799991],[-84.4556751,33.8800155]]},"properties":{"bicycle":"designated","foot":"designated","highway":"cycleway","name":"Cobb Galleria Trail","surface":"concrete","osm_id":1354556824,"osm_type":"way"}},{"type":"Feature","geometry":{"type":"LineString","coordinates":[[-84.4554214,33.8214798],[-84.4552206,33.8213532]]},"properties":{"bicycle":"designated","cycleway":"traffic_island","foot":"designated","highway":"cycleway","segregated":"no","osm_id":1354663508,"osm_type":"way"}},{"type":"Feature","geometry":{"type":"LineString","coordinates":[[-84.4555093,33.8215352],[-84.4554598,33.821504],[-84.4554214,33.8214798]]},"properties":{"bicycle":"designated","crossing":"uncontrolled","crossing:markings":"ladder:paired","cycleway":"crossing","foot":"designated","highway":"cycleway","segregated":"no","osm_id":1354663509,"osm_type":"way"}},{"type":"Feature","geometry":{"type":"LineString","coordinates":[[-84.4556931,33.8216511],[-84.4555093,33.8215352]]},"properties":{"bicycle":"designated","foot":"designated","highway":"cycleway","segregated":"no","osm_id":1354663510,"osm_type":"way"}},{"type":"Feature","geometry":{"type":"LineString","coordinates":[[-84.4552206,33.8213532],[-84.4550932,33.8212726],[-84.4549168,33.821161]]},"properties":{"bicycle":"designated","crossing":"traffic_signals","crossing:markings":"ladder:paired","crossing:signals":"yes","cycleway":"crossing","foot":"designated","highway":"cycleway","segregated":"no","osm_id":1354663511,"osm_type":"way"}},{"type":"Feature","geometry":{"type":"LineString","coordinates":[[-84.4558056,33.821722],[-84.4557635,33.8216954],[-84.4556931,33.8216511]]},"properties":{"bicycle":"designated","crossing":"uncontrolled","crossing:markings":"ladder:paired","cycleway":"crossing","foot":"designated","highway":"cycleway","segregated":"no","osm_id":1354663512,"osm_type":"way"}},{"type":"Feature","geometry":{"type":"LineString","coordinates":[[-84.473934,33.8760959],[-84.4738227,33.8760604],[-84.4736737,33.8760128]]},"properties":{"bicycle":"designated","button_operated":"yes","crossing":"traffic_signals","crossing:island":"no","crossing:markings":"ladder:paired","cycleway":"crossing","foot":"designated","highway":"cycleway","motor_vehicle":"no","name":"Silver Comet Trail Cumberland Connector","segregated":"no","surface":"concrete","osm_id":1354667264,"osm_type":"way"}},{"type":"Feature","geometry":{"type":"LineString","coordinates":[[-84.4753778,33.872801],[-84.4753102,33.8728003],[-84.475262,33.8727879],[-84.4750705,33.8727061],[-84.4750307,33.8726924],[-84.4749709,33.8727236],[-84.4749075,33.8727753],[-84.4748804,33.8728366],[-84.4748435,33.8732707],[-84.4747598,33.8735895],[-84.4746462,33.8740098],[-84.4745277,33.8743963],[-84.4743636,33.8749244],[-84.4742565,33.8753043],[-84.4741495,33.8756104],[-84.4740627,33.8758433],[-84.473934,33.8760959]]},"properties":{"bicycle":"designated","foot":"designated","highway":"cycleway","motor_vehicle":"no","name":"Silver Comet Trail Cumberland Connector","segregated":"no","surface":"concrete","osm_id":1354667265,"osm_type":"way"}},{"type":"Feature","geometry":{"type":"LineString","coordinates":[[-84.4642741,33.8777878],[-84.464243,33.8777756],[-84.4641821,33.8777516]]},"properties":{"bicycle":"designated","crossing":"uncontrolled","crossing:markings":"ladder:paired","cycleway":"crossing","foot":"designated","highway":"cycleway","name":"Mountain to River Trail","osm_id":1354671756,"osm_type":"way"}},{"type":"Feature","geometry":{"type":"LineString","coordinates":[[-84.4646703,33.8781547],[-84.4646659,33.8781912]]},"properties":{"bicycle":"designated","cycleway":"traffic_island","foot":"designated","highway":"cycleway","lit":"yes","segregated":"no","surface":"concrete","osm_id":1354671758,"osm_type":"way"}},{"type":"Feature","geometry":{"type":"LineString","coordinates":[[-84.4646983,33.8779223],[-84.4645775,33.8778873],[-84.4644126,33.8778303],[-84.4643755,33.8778184]]},"properties":{"bicycle":"designated","crossing":"traffic_signals","crossing:markings":"ladder:paired","crossing:signals":"yes","cycleway":"crossing","foot":"designated","highway":"cycleway","name":"Mountain to River Trail","segregated":"no","osm_id":1354671759,"osm_type":"way"}},{"type":"Feature","geometry":{"type":"LineString","coordinates":[[-84.464623,33.8781879],[-84.4646659,33.8781912]]},"properties":{"bicycle":"designated","cycleway":"traffic_island","foot":"designated","highway":"cycleway","segregated":"no","surface":"concrete","osm_id":1354671760,"osm_type":"way"}},{"type":"Feature","geometry":{"type":"LineString","coordinates":[[-84.4643755,33.8778184],[-84.46433,33.8778103],[-84.4642741,33.8777878]]},"properties":{"bicycle":"designated","cycleway":"traffic_island","foot":"designated","highway":"cycleway","name":"Mountain to River Trail","segregated":"no","osm_id":1354671761,"osm_type":"way"}},{"type":"Feature","geometry":{"type":"LineString","coordinates":[[-84.4643373,33.8778468],[-84.46433,33.8778103]]},"properties":{"bicycle":"designated","cycleway":"traffic_island","foot":"designated","highway":"cycleway","osm_id":1354671762,"osm_type":"way"}},{"type":"Feature","geometry":{"type":"LineString","coordinates":[[-84.4630085,33.877351],[-84.4629278,33.8773366],[-84.462889,33.8773297],[-84.4628306,33.8773192]]},"properties":{"bicycle":"designated","crossing":"uncontrolled","crossing:markings":"ladder:paired","cycleway":"crossing","foot":"designated","highway":"cycleway","name":"Mountain to River Trail","segregated":"no","osm_id":1354674367,"osm_type":"way"}},{"type":"Feature","geometry":{"type":"LineString","coordinates":[[-84.4641821,33.8777516],[-84.4636594,33.877558],[-84.4634993,33.8774697],[-84.4630085,33.877351]]},"properties":{"bicycle":"designated","foot":"designated","highway":"cycleway","name":"Mountain to River Trail","segregated":"no","osm_id":1354674368,"osm_type":"way"}},{"type":"Feature","geometry":{"type":"LineString","coordinates":[[-84.4565903,33.8711976],[-84.4565805,33.8711778],[-84.4565684,33.8711532]]},"properties":{"bicycle":"designated","cycleway":"traffic_island","foot":"designated","highway":"cycleway","name":"Mountain to River Trail","segregated":"no","osm_id":1354677230,"osm_type":"way"}},{"type":"Feature","geometry":{"type":"LineString","coordinates":[[-84.4565684,33.8711532],[-84.4565618,33.8711274],[-84.4565482,33.8710739]]},"properties":{"bicycle":"designated","crossing":"uncontrolled","crossing:markings":"ladder:paired","crossing:signals":"no","cycleway":"crossing","foot":"designated","highway":"cycleway","name":"Mountain to River Trail","segregated":"no","osm_id":1354677231,"osm_type":"way"}},{"type":"Feature","geometry":{"type":"LineString","coordinates":[[-84.4512434,33.8651859],[-84.4511504,33.8651257]]},"properties":{"bicycle":"designated","crossing":"traffic_signals","crossing:markings":"ladder:paired","cycleway":"crossing","foot":"designated","highway":"cycleway","name":"Mountain to River Trail","segregated":"no","surface":"concrete","osm_id":1354683429,"osm_type":"way"}},{"type":"Feature","geometry":{"type":"LineString","coordinates":[[-84.4512904,33.8652192],[-84.4512611,33.8651985],[-84.4512434,33.8651859]]},"properties":{"bicycle":"designated","cycleway":"traffic_island","foot":"designated","highway":"cycleway","name":"Mountain to River Trail","segregated":"no","surface":"concrete","osm_id":1354683430,"osm_type":"way"}},{"type":"Feature","geometry":{"type":"LineString","coordinates":[[-84.4513632,33.8653501],[-84.4513621,33.8653184]]},"properties":{"bicycle":"designated","foot":"designated","highway":"cycleway","name":"Mountain to River Trail","segregated":"no","surface":"concrete","osm_id":1354683431,"osm_type":"way"}},{"type":"Feature","geometry":{"type":"LineString","coordinates":[[-84.4513621,33.8653184],[-84.4513272,33.8652701],[-84.4512904,33.8652192]]},"properties":{"bicycle":"designated","crossing":"uncontrolled","crossing:markings":"ladder:paired","cycleway":"crossing","foot":"designated","highway":"cycleway","name":"Mountain to River Trail","segregated":"no","surface":"concrete","osm_id":1354683432,"osm_type":"way"}},{"type":"Feature","geometry":{"type":"LineString","coordinates":[[-84.4076821,33.8242411],[-84.4076855,33.8241582],[-84.4076897,33.8240563]]},"properties":{"bicycle":"designated","crossing":"traffic_signals","crossing:markings":"ladder:paired","cycleway":"crossing","foot":"designated","highway":"cycleway","osm_id":1354692909,"osm_type":"way"}},{"type":"Feature","geometry":{"type":"LineString","coordinates":[[-84.4179267,33.7305413],[-84.4178306,33.7305011]]},"properties":{"bicycle":"designated","crossing":"uncontrolled","crossing:markings":"ladder:paired","foot":"designated","highway":"path","motor_vehicle":"no","path":"crossing","segregated":"no","surface":"concrete","osm_id":1354729741,"osm_type":"way"}},{"type":"Feature","geometry":{"type":"LineString","coordinates":[[-84.3721823,33.7600399],[-84.3722125,33.7600104]]},"properties":{"bicycle":"designated","cycleway":"traffic_island","foot":"designated","highway":"cycleway","motor_vehicle":"no","name":"Stone Mountain Trail","segregated":"no","surface":"paved","osm_id":1354748072,"osm_type":"way"}},{"type":"Feature","geometry":{"type":"LineString","coordinates":[[-84.3722125,33.7600104],[-84.3722377,33.7599858],[-84.3722676,33.7599566]]},"properties":{"bicycle":"designated","crossing":"uncontrolled","crossing:markings":"ladder:paired","cycleway":"crossing","foot":"designated","highway":"cycleway","motor_vehicle":"no","name":"Stone Mountain Trail","segregated":"no","surface":"paved","osm_id":1354748075,"osm_type":"way"}},{"type":"Feature","geometry":{"type":"LineString","coordinates":[[-84.3719516,33.7600343],[-84.3720628,33.7600365],[-84.3721823,33.7600399]]},"properties":{"bicycle":"designated","crossing":"traffic_signals","crossing:markings":"ladder:paired","cycleway":"crossing","foot":"designated","highway":"cycleway","motor_vehicle":"no","name":"Stone Mountain Trail","segregated":"no","surface":"paved","osm_id":1354748076,"osm_type":"way"}},{"type":"Feature","geometry":{"type":"LineString","coordinates":[[-84.3722676,33.7599566],[-84.3723097,33.7599271],[-84.3723751,33.7599069],[-84.3724932,33.7598792],[-84.3726193,33.759831],[-84.3726768,33.7598169],[-84.3727241,33.7598128],[-84.3727899,33.759816],[-84.3728796,33.7598142],[-84.3729717,33.7598049],[-84.373057,33.7597874],[-84.373237,33.7597427],[-84.3732928,33.7597342],[-84.3733379,33.7597304],[-84.3733932,33.7597295],[-84.3734457,33.7597361],[-84.3734877,33.7597435],[-84.373551,33.7597599],[-84.373608,33.7597776],[-84.3736535,33.7597869],[-84.3736989,33.7597934],[-84.3737511,33.7597944],[-84.3737914,33.759791],[-84.3738424,33.7597773],[-84.3739019,33.7597584],[-84.3739764,33.7597414],[-84.3740717,33.7597321],[-84.3741734,33.7597326],[-84.3742309,33.7597329],[-84.3743138,33.7597334]]},"properties":{"bicycle":"designated","foot":"designated","highway":"cycleway","motor_vehicle":"no","name":"Stone Mountain Trail","segregated":"no","surface":"paved","osm_id":1354748077,"osm_type":"way"}},{"type":"Feature","geometry":{"type":"LineString","coordinates":[[-84.3569425,33.8463084],[-84.3568844,33.846347],[-84.3568013,33.8463448],[-84.3565921,33.846454],[-84.3564768,33.8465163],[-84.3564742,33.8465656],[-84.3564191,33.846621],[-84.356104,33.846791]]},"properties":{"bicycle":"designated","foot":"designated","highway":"cycleway","horse":"no","name":"Path 400","segregated":"no","surface":"concrete","osm_id":1355193451,"osm_type":"way"}},{"type":"Feature","geometry":{"type":"LineString","coordinates":[[-84.4387302,33.6863502],[-84.4393593,33.6854588],[-84.4394096,33.6853749],[-84.4394495,33.6852791],[-84.4394697,33.6851267],[-84.4394393,33.6849644],[-84.4393402,33.684794],[-84.4392349,33.6847016],[-84.438977,33.6845702],[-84.4378801,33.6840037],[-84.4378519,33.6839882]]},"properties":{"bicycle":"designated","foot":"designated","highway":"cycleway","name":"East Point PATH","surface":"concrete","osm_id":1355212885,"osm_type":"way"}},{"type":"Feature","geometry":{"type":"LineString","coordinates":[[-84.4383494,33.6836212],[-84.4384227,33.6836708],[-84.4384598,33.6836951]]},"properties":{"crossing":"uncontrolled","crossing:markings":"zebra:bicolour","crossing:signals":"no","cycleway":"crossing","highway":"cycleway","name":"East Point PATH","surface":"concrete","osm_id":1355212886,"osm_type":"way"}},{"type":"Feature","geometry":{"type":"LineString","coordinates":[[-84.4384598,33.6836951],[-84.4385272,33.6837415]]},"properties":{"bicycle":"designated","foot":"designated","highway":"cycleway","name":"East Point PATH","surface":"concrete","osm_id":1355212887,"osm_type":"way"}},{"type":"Feature","geometry":{"type":"LineString","coordinates":[[-84.4385272,33.6837415],[-84.4385742,33.6837723],[-84.4386368,33.68381]]},"properties":{"crossing":"uncontrolled","crossing:markings":"zebra:bicolour","crossing:signals":"no","cycleway":"crossing","highway":"cycleway","name":"East Point PATH","surface":"concrete","osm_id":1355212888,"osm_type":"way"}},{"type":"Feature","geometry":{"type":"LineString","coordinates":[[-84.4573095,33.8780618],[-84.4573154,33.8780579]]},"properties":{"bicycle":"designated","foot":"designated","highway":"cycleway","osm_id":1355232720,"osm_type":"way"}},{"type":"Feature","geometry":{"type":"LineString","coordinates":[[-84.4571043,33.8778512],[-84.4571203,33.8778442]]},"properties":{"bicycle":"designated","foot":"designated","highway":"cycleway","osm_id":1355232722,"osm_type":"way"}},{"type":"Feature","geometry":{"type":"LineString","coordinates":[[-84.2963609,33.7778086],[-84.2963273,33.7778074],[-84.2957594,33.7778018],[-84.2954487,33.777777],[-84.2953998,33.7777731],[-84.2951137,33.7777327],[-84.2950123,33.7777957]]},"properties":{"foot":"no","highway":"cycleway","name":"Decatur PATH","oneway":"yes","surface":"concrete","osm_id":1360731423,"osm_type":"way"}},{"type":"Feature","geometry":{"type":"LineString","coordinates":[[-84.2966366,33.777818],[-84.296461,33.7778117],[-84.2963609,33.7778086]]},"properties":{"crossing":"traffic_signals","crossing:markings":"no","crossing:signals":"yes","cycleway":"crossing","foot":"no","highway":"cycleway","name":"Decatur PATH","oneway":"yes","surface":"concrete","osm_id":1360731424,"osm_type":"way"}},{"type":"Feature","geometry":{"type":"LineString","coordinates":[[-84.4047824,33.7643413],[-84.4048164,33.7643762],[-84.4048675,33.7644365]]},"properties":{"bicycle":"designated","foot":"designated","highway":"cycleway","name":"Westside Beltline Connector","segregated":"no","surface":"concrete","osm_id":1360971302,"osm_type":"way"}},{"type":"Feature","geometry":{"type":"LineString","coordinates":[[-84.4044932,33.7640936],[-84.4045846,33.7641368],[-84.4046391,33.7641902]]},"properties":{"abandoned:railway":"rail","bicycle":"designated","foot":"designated","highway":"cycleway","name":"Westside Beltline Connector","note:old_railway_operator":"AB&C","old_railway_operator":"ACL","railway":"abandoned","segregated":"no","surface":"concrete","osm_id":1360971303,"osm_type":"way"}},{"type":"Feature","geometry":{"type":"LineString","coordinates":[[-84.4045726,33.764191],[-84.4047201,33.764343]]},"properties":{"bicycle":"designated","bridge":"yes","foot":"designated","highway":"cycleway","layer":"1","name":"Westside Beltline Connector","segregated":"no","surface":"concrete","osm_id":1360971304,"osm_type":"way"}},{"type":"Feature","geometry":{"type":"LineString","coordinates":[[-84.4047201,33.764343],[-84.4047652,33.7643893],[-84.4048675,33.7644365]]},"properties":{"bicycle":"designated","foot":"designated","highway":"cycleway","name":"Westside Beltline Connector","segregated":"no","surface":"concrete","osm_id":1360971305,"osm_type":"way"}},{"type":"Feature","geometry":{"type":"LineString","coordinates":[[-84.4044932,33.7640936],[-84.4045426,33.7641601],[-84.4045726,33.764191]]},"properties":{"bicycle":"designated","foot":"designated","highway":"cycleway","name":"Westside Beltline Connector","segregated":"no","surface":"concrete","osm_id":1360971306,"osm_type":"way"}},{"type":"Feature","geometry":{"type":"LineString","coordinates":[[-84.405281,33.7649582],[-84.4052818,33.7649816],[-84.4054467,33.7649805],[-84.4054651,33.7649827],[-84.4054705,33.7649949],[-84.4054705,33.7652113],[-84.4054851,33.7652395],[-84.4054828,33.7654246],[-84.4054859,33.7654438],[-84.4055044,33.7654771],[-84.405549,33.7655462]]},"properties":{"bicycle":"designated","foot":"designated","highway":"cycleway","name":"Westside Beltline Connector","segregated":"no","surface":"concrete","osm_id":1360971307,"osm_type":"way"}},{"type":"Feature","geometry":{"type":"LineString","coordinates":[[-84.4052796,33.7649044],[-84.4052802,33.7649347],[-84.405281,33.7649582]]},"properties":{"bicycle":"designated","crossing":"marked","crossing:markings":"ladder:paired","cycleway":"crossing","foot":"designated","highway":"cycleway","name":"Westside Beltline Connector","segregated":"no","surface":"concrete","osm_id":1360971308,"osm_type":"way"}},{"type":"Feature","geometry":{"type":"LineString","coordinates":[[-84.3223117,33.8422024],[-84.3225111,33.8424872],[-84.3226258,33.8425522]]},"properties":{"bicycle":"designated","foot":"designated","highway":"cycleway","name":"Briarwood MUP","surface":"concrete","osm_id":1364821384,"osm_type":"way"}},{"type":"Feature","geometry":{"type":"LineString","coordinates":[[-84.3584081,33.8455544],[-84.3583084,33.8456062],[-84.357445,33.8460251],[-84.357319,33.8460875],[-84.357231,33.8460989]]},"properties":{"bicycle":"designated","foot":"designated","highway":"cycleway","horse":"no","name":"Path 400","segregated":"no","surface":"concrete","osm_id":1365049654,"osm_type":"way"}},{"type":"Feature","geometry":{"type":"LineString","coordinates":[[-84.322726,33.8426368],[-84.3228795,33.8428372],[-84.3231044,33.8430314],[-84.3234651,33.843237],[-84.323905,33.8434865],[-84.3241712,33.8436023]]},"properties":{"bicycle":"designated","foot":"designated","highway":"cycleway","name":"Briarwood MUP","segregated":"no","surface":"concrete","osm_id":1365362567,"osm_type":"way"}},{"type":"Feature","geometry":{"type":"LineString","coordinates":[[-84.3538454,33.8479681],[-84.3536594,33.8480731],[-84.353493,33.8481959],[-84.3534006,33.848306],[-84.3532973,33.8484557],[-84.3532296,33.8485606],[-84.3531387,33.8486284],[-84.3531596,33.8486484]]},"properties":{"bicycle":"designated","foot":"designated","highway":"cycleway","horse":"no","name":"Path 400","segregated":"no","surface":"concrete","osm_id":1366025917,"osm_type":"way"}},{"type":"Feature","geometry":{"type":"LineString","coordinates":[[-84.3383384,33.8333596],[-84.3383128,33.8334031]]},"properties":{"bicycle":"designated","foot":"designated","highway":"cycleway","horse":"no","lit":"yes","segregated":"no","surface":"concrete","osm_id":1369385634,"osm_type":"way"}},{"type":"Feature","geometry":{"type":"LineString","coordinates":[[-84.3319346,33.8382176],[-84.3322554,33.8381941]]},"properties":{"bridge":"yes","foot":"yes","highway":"cycleway","horse":"no","incline":"0%","layer":"1","lit":"yes","name":"Peachtree Creek Greenway","segregated":"no","surface":"concrete","width":"2","osm_id":1369385642,"osm_type":"way"}},{"type":"Feature","geometry":{"type":"LineString","coordinates":[[-84.4271283,33.7927311],[-84.4271278,33.7934664],[-84.4271441,33.7944641],[-84.4274361,33.7945046],[-84.4278762,33.7945202],[-84.4279773,33.7946157],[-84.4279843,33.7950104],[-84.4281206,33.7953153],[-84.428311,33.7956286],[-84.4284905,33.7960615],[-84.4285861,33.7965322],[-84.4285917,33.796768],[-84.4285138,33.797097],[-84.4284051,33.7973675],[-84.4284455,33.7974371],[-84.4288924,33.7974453],[-84.4290051,33.797455],[-84.4290919,33.7974652],[-84.4291813,33.7975048],[-84.4292611,33.7975646],[-84.4293089,33.797629],[-84.4293593,33.7977455],[-84.4293881,33.7978586],[-84.4294523,33.7980482],[-84.4294475,33.7980727],[-84.4293736,33.7981535],[-84.4294139,33.7981646],[-84.4295622,33.798013],[-84.4301882,33.7981821],[-84.4301534,33.7982584],[-84.4301088,33.7983365],[-84.4300623,33.7984777],[-84.4300265,33.7986605],[-84.4300087,33.7993188],[-84.4300015,33.7999161],[-84.4299783,33.8005743],[-84.4298684,33.801433],[-84.4298057,33.8014307]]},"properties":{"bicycle":"designated","foot":"designated","highway":"cycleway","name":"Woodall Rail Trail","segregated":"no","surface":"concrete","osm_id":1371245377,"osm_type":"way"}},{"type":"Feature","geometry":{"type":"LineString","coordinates":[[-84.3629445,33.7693455],[-84.3629278,33.7693133]]},"properties":{"bicycle":"designated","foot":"designated","highway":"cycleway","segregated":"no","surface":"concrete","osm_id":1376878302,"osm_type":"way"}},{"type":"Feature","geometry":{"type":"LineString","coordinates":[[-84.3629445,33.7693455],[-84.3630275,33.7693053]]},"properties":{"bicycle":"designated","foot":"designated","highway":"cycleway","name":"Beltline Access Line","surface":"concrete","osm_id":1376878303,"osm_type":"way"}},{"type":"Feature","geometry":{"type":"LineString","coordinates":[[-84.3632224,33.769145],[-84.3635288,33.7690637],[-84.3636173,33.7691855]]},"properties":{"bicycle":"designated","foot":"designated","highway":"cycleway","segregated":"no","surface":"concrete","osm_id":1376878304,"osm_type":"way"}},{"type":"Feature","geometry":{"type":"LineString","coordinates":[[-84.3635288,33.7690637],[-84.3634638,33.7689746]]},"properties":{"bicycle":"designated","foot":"designated","highway":"cycleway","segregated":"no","surface":"concrete","osm_id":1376878305,"osm_type":"way"}},{"type":"Feature","geometry":{"type":"LineString","coordinates":[[-84.3927955,33.7469377],[-84.3929622,33.7469434],[-84.3932705,33.7469406],[-84.3933817,33.7469412]]},"properties":{"cycleway":"track","highway":"secondary","lanes":"3","lanes:backward":"2","lanes:forward":"1","name":"Memorial Drive Southwest","tiger:cfcc":"A41","tiger:county":"Fulton, GA","tiger:name_base":"Memorial","tiger:name_direction_suffix":"SW","tiger:name_type":"Dr","tiger:reviewed":"no","tiger:zip_left":"30303","tiger:zip_right":"30303","turn:lanes:backward":"left|","osm_id":1377166241,"osm_type":"way"}},{"type":"Feature","geometry":{"type":"LineString","coordinates":[[-84.3933817,33.7469412],[-84.3935965,33.7469424]]},"properties":{"cycleway":"track","highway":"secondary","name":"Memorial Drive Southwest","tiger:cfcc":"A41","tiger:county":"Fulton, GA","tiger:name_base":"Memorial","tiger:name_direction_suffix":"SW","tiger:name_type":"Dr","tiger:reviewed":"no","tiger:zip_left":"30303","tiger:zip_right":"30303","osm_id":1377339688,"osm_type":"way"}},{"type":"Feature","geometry":{"type":"LineString","coordinates":[[-84.3959348,33.7469546],[-84.3963866,33.7469574]]},"properties":{"cycleway":"track","highway":"secondary","lanes":"3","lanes:backward":"1","lanes:forward":"2","name":"Memorial Drive Southwest","tiger:cfcc":"A41","tiger:county":"Fulton, GA","tiger:name_base":"Memorial","tiger:name_direction_suffix":"SW","tiger:name_type":"Dr","tiger:reviewed":"no","tiger:zip_left":"30303","tiger:zip_right":"30303","turn:lanes:forward":"left;through|through;right","osm_id":1377787887,"osm_type":"way"}},{"type":"Feature","geometry":{"type":"LineString","coordinates":[[-84.3416857,33.7711485],[-84.3417063,33.7711497],[-84.3417409,33.7711141],[-84.3418021,33.771046],[-84.3418212,33.77102],[-84.3417977,33.7708858],[-84.3418145,33.7708506],[-84.341846,33.7708167],[-84.3419285,33.7707757],[-84.3420532,33.7707492],[-84.3421934,33.7706884],[-84.3422411,33.7706831],[-84.3422841,33.7706906],[-84.3423206,33.7707068],[-84.3423693,33.7707506],[-84.3424001,33.7707968],[-84.3424086,33.7708295],[-84.3424025,33.7708629],[-84.3423242,33.7709846],[-84.3423218,33.771046],[-84.3423465,33.7711047],[-84.3423642,33.7711244],[-84.3424095,33.7711582],[-84.3424317,33.7711582]]},"properties":{"bicycle":"designated","foot":"designated","highway":"cycleway","motor_vehicle":"no","name":"Stone Mountain Trail","segregated":"no","surface":"paved","osm_id":1378180759,"osm_type":"way"}},{"type":"Feature","geometry":{"type":"LineString","coordinates":[[-84.3416024,33.7711471],[-84.3416414,33.7711478],[-84.3416857,33.7711485]]},"properties":{"bicycle":"designated","crossing":"uncontrolled","crossing:markings":"ladder:paired","cycleway":"crossing","foot":"designated","highway":"cycleway","motor_vehicle":"no","name":"Stone Mountain Trail","segregated":"no","surface":"paved","osm_id":1378180760,"osm_type":"way"}},{"type":"Feature","geometry":{"type":"LineString","coordinates":[[-84.3415781,33.7711465],[-84.3416024,33.7711471]]},"properties":{"bicycle":"designated","foot":"designated","highway":"cycleway","motor_vehicle":"no","name":"Stone Mountain Trail","segregated":"no","surface":"paved","osm_id":1378180761,"osm_type":"way"}},{"type":"Feature","geometry":{"type":"LineString","coordinates":[[-84.4203231,33.756561],[-84.4195987,33.7565809],[-84.4183377,33.7565881],[-84.4176682,33.756577]]},"properties":{"bicycle":"designated","foot":"designated","highway":"cycleway","name":"Lionel Hampton PATH Trail","surface":"concrete","osm_id":1382918770,"osm_type":"way"}},{"type":"Feature","geometry":{"type":"LineString","coordinates":[[-84.4212463,33.7565828],[-84.4212206,33.7565828],[-84.4204435,33.7565621]]},"properties":{"bicycle":"designated","foot":"designated","highway":"cycleway","name":"Lionel Hampton PATH Trail","surface":"concrete","osm_id":1383669541,"osm_type":"way"}},{"type":"Feature","geometry":{"type":"LineString","coordinates":[[-84.4213583,33.7565821],[-84.4212998,33.7565828],[-84.4212463,33.7565828]]},"properties":{"bicycle":"designated","crossing":"unmarked","cycleway":"crossing","foot":"designated","highway":"cycleway","name":"Lionel Hampton PATH Trail","surface":"asphalt","osm_id":1383669546,"osm_type":"way"}},{"type":"Feature","geometry":{"type":"LineString","coordinates":[[-84.3474322,33.9177551],[-84.3474694,33.9177636],[-84.3474882,33.9177709],[-84.34751,33.9177859]]},"properties":{"highway":"cycleway","oneway":"yes","osm_id":1384917639,"osm_type":"way"}},{"type":"Feature","geometry":{"type":"LineString","coordinates":[[-84.34751,33.9177859],[-84.3475141,33.9177726],[-84.3475243,33.9177643],[-84.3475382,33.9177584]]},"properties":{"highway":"cycleway","oneway":"yes","osm_id":1384917640,"osm_type":"way"}},{"type":"Feature","geometry":{"type":"LineString","coordinates":[[-84.3478906,33.9192264],[-84.347826,33.9192406],[-84.3477968,33.919247],[-84.3476728,33.9192593],[-84.347656,33.9192662],[-84.3476344,33.9192834],[-84.3475566,33.9193697],[-84.347529,33.9193984],[-84.3474963,33.919435],[-84.3473976,33.9195406],[-84.3473684,33.9195688]]},"properties":{"highway":"cycleway","oneway":"yes","osm_id":1384917642,"osm_type":"way"}},{"type":"Feature","geometry":{"type":"LineString","coordinates":[[-84.3473684,33.9195688],[-84.3472926,33.9196452],[-84.3472439,33.9196941]]},"properties":{"crossing":"unknown","crossing:island":"no","crossing:markings":"dashes","cycleway":"crossing","highway":"cycleway","oneway":"yes","surface":"asphalt","osm_id":1384917643,"osm_type":"way"}},{"type":"Feature","geometry":{"type":"LineString","coordinates":[[-84.3764707,33.7613296],[-84.3755902,33.7613221],[-84.3744042,33.7613269],[-84.374379,33.7613168]]},"properties":{"bicycle":"designated","foot":"designated","highway":"cycleway","motor_vehicle":"no","name":"Stone Mountain Trail","segregated":"no","surface":"concrete","osm_id":1385954551,"osm_type":"way"}},{"type":"Feature","geometry":{"type":"LineString","coordinates":[[-84.3770563,33.7612869],[-84.3770412,33.7613029],[-84.3770171,33.7613284]]},"properties":{"bicycle":"designated","crossing":"marked","crossing:markings":"ladder:paired","cycleway":"crossing","foot":"designated","highway":"cycleway","motor_vehicle":"no","name":"Stone Mountain Trail","segregated":"no","surface":"asphalt","osm_id":1385954552,"osm_type":"way"}},{"type":"Feature","geometry":{"type":"LineString","coordinates":[[-84.3770171,33.7613284],[-84.3769322,33.7613283]]},"properties":{"bicycle":"designated","cycleway":"traffic_island","foot":"designated","highway":"cycleway","motor_vehicle":"no","name":"Stone Mountain Trail","segregated":"no","surface":"concrete","osm_id":1385954553,"osm_type":"way"}},{"type":"Feature","geometry":{"type":"LineString","coordinates":[[-84.3769322,33.7613283],[-84.3769229,33.7613284],[-84.376872,33.7613287]]},"properties":{"bicycle":"designated","crossing":"marked","crossing:markings":"ladder:paired","cycleway":"crossing","foot":"designated","highway":"cycleway","motor_vehicle":"no","name":"Stone Mountain Trail","segregated":"no","surface":"asphalt","osm_id":1385954554,"osm_type":"way"}},{"type":"Feature","geometry":{"type":"LineString","coordinates":[[-84.376872,33.7613287],[-84.3765948,33.7613279]]},"properties":{"bicycle":"designated","foot":"designated","highway":"cycleway","motor_vehicle":"no","name":"Stone Mountain Trail","segregated":"no","surface":"concrete","osm_id":1385954555,"osm_type":"way"}},{"type":"Feature","geometry":{"type":"LineString","coordinates":[[-84.3765948,33.7613279],[-84.3765273,33.76133],[-84.3764707,33.7613296]]},"properties":{"bicycle":"designated","crossing":"marked","crossing:markings":"ladder:paired","cycleway":"crossing","foot":"designated","highway":"cycleway","motor_vehicle":"no","name":"Stone Mountain Trail","segregated":"no","surface":"asphalt","osm_id":1385954556,"osm_type":"way"}},{"type":"Feature","geometry":{"type":"LineString","coordinates":[[-84.4637205,33.881218],[-84.4637324,33.8811749]]},"properties":{"bicycle":"designated","cycleway":"crossing","foot":"designated","highway":"cycleway","name":"Akers Mill W Trail","osm_id":1385968700,"osm_type":"way"}},{"type":"Feature","geometry":{"type":"LineString","coordinates":[[-84.4638531,33.8807798],[-84.4638622,33.8807512]]},"properties":{"bicycle":"designated","cycleway":"crossing","foot":"designated","highway":"cycleway","name":"Akers Mill W Trail","osm_id":1385968701,"osm_type":"way"}},{"type":"Feature","geometry":{"type":"LineString","coordinates":[[-84.4598513,33.884787],[-84.4598395,33.8848029],[-84.4597999,33.8848068]]},"properties":{"bicycle":"designated","cycleway":"crossing","foot":"designated","highway":"cycleway","name":"Akers Mill W Trail","segregated":"no","surface":"concrete","osm_id":1385968709,"osm_type":"way"}},{"type":"Feature","geometry":{"type":"LineString","coordinates":[[-84.4600177,33.884605],[-84.4600075,33.8846153]]},"properties":{"bicycle":"designated","cycleway":"crossing","foot":"designated","highway":"cycleway","name":"Akers Mill W Trail","segregated":"no","surface":"concrete","osm_id":1385968710,"osm_type":"way"}},{"type":"Feature","geometry":{"type":"LineString","coordinates":[[-84.4585857,33.8858806],[-84.4585553,33.8859186]]},"properties":{"bicycle":"designated","cycleway":"crossing","foot":"designated","highway":"cycleway","surface":"concrete","osm_id":1385968711,"osm_type":"way"}},{"type":"Feature","geometry":{"type":"LineString","coordinates":[[-84.4564591,33.876631],[-84.4564155,33.8766547]]},"properties":{"bicycle":"designated","foot":"designated","highway":"cycleway","name":"Cumberland Trail","osm_id":1385980771,"osm_type":"way"}},{"type":"Feature","geometry":{"type":"LineString","coordinates":[[-84.4560532,33.8768736],[-84.4560505,33.87691],[-84.4560468,33.8769686]]},"properties":{"bicycle":"designated","crossing":"marked","crossing:markings":"ladder:paired","cycleway":"crossing","foot":"designated","highway":"cycleway","name":"Cumberland Trail","osm_id":1385980772,"osm_type":"way"}},{"type":"Feature","geometry":{"type":"LineString","coordinates":[[-84.4561766,33.8767718],[-84.4561249,33.8767995],[-84.4560777,33.8768211]]},"properties":{"bicycle":"designated","crossing":"traffic_signals","crossing:markings":"ladder:paired","crossing:signals":"yes","cycleway":"crossing","foot":"designated","highway":"cycleway","name":"Cumberland Trail","segregated":"no","surface":"asphalt","osm_id":1385980773,"osm_type":"way"}},{"type":"Feature","geometry":{"type":"LineString","coordinates":[[-84.456215,33.876753],[-84.4561766,33.8767718]]},"properties":{"bicycle":"designated","cycleway":"traffic_island","foot":"designated","highway":"cycleway","name":"Cumberland Trail","segregated":"no","surface":"asphalt","osm_id":1385980774,"osm_type":"way"}},{"type":"Feature","geometry":{"type":"LineString","coordinates":[[-84.4560468,33.8769686],[-84.456045,33.8769886]]},"properties":{"bicycle":"designated","foot":"designated","highway":"cycleway","name":"Cumberland Trail","osm_id":1385980775,"osm_type":"way"}},{"type":"Feature","geometry":{"type":"LineString","coordinates":[[-84.4560777,33.8768211],[-84.4560558,33.8768343],[-84.4560532,33.8768736]]},"properties":{"bicycle":"designated","cycleway":"traffic_island","foot":"designated","highway":"cycleway","name":"Cumberland Trail","osm_id":1385980776,"osm_type":"way"}},{"type":"Feature","geometry":{"type":"LineString","coordinates":[[-84.4568231,33.8773776],[-84.4568313,33.8773895],[-84.4571203,33.8778442],[-84.4571354,33.8778645]]},"properties":{"bicycle":"designated","foot":"designated","highway":"cycleway","osm_id":1385980778,"osm_type":"way"}},{"type":"Feature","geometry":{"type":"LineString","coordinates":[[-84.4571354,33.8778645],[-84.4572139,33.8779467],[-84.4572852,33.8780186]]},"properties":{"bicycle":"designated","crossing":"traffic_signals","crossing:markings":"ladder","crossing:signals":"yes","cycleway":"crossing","foot":"designated","highway":"cycleway","segregated":"no","osm_id":1385980779,"osm_type":"way"}},{"type":"Feature","geometry":{"type":"LineString","coordinates":[[-84.417555,33.7634073],[-84.417481,33.7634084],[-84.4174077,33.7634095]]},"properties":{"bicycle":"designated","crossing":"traffic_signals","crossing:markings":"ladder:paired","crossing:signals":"yes","cycleway":"crossing","foot":"designated","highway":"cycleway","segregated":"no","osm_id":1386104456,"osm_type":"way"}},{"type":"Feature","geometry":{"type":"LineString","coordinates":[[-84.5198125,33.8766245],[-84.5198737,33.8766105],[-84.5201087,33.8765059],[-84.5203731,33.8763943],[-84.5205997,33.8763215],[-84.5207899,33.8762603],[-84.5210188,33.8761979],[-84.5211171,33.876171],[-84.5215742,33.8760855],[-84.522009,33.8760482],[-84.5224885,33.8760482],[-84.5226108,33.8760737],[-84.5227046,33.8760943],[-84.5227628,33.8761005],[-84.5228729,33.8761121],[-84.5229761,33.8761132],[-84.5231277,33.8761149],[-84.523249,33.876116],[-84.5234516,33.8761388],[-84.5235119,33.8761444],[-84.523707,33.8761622],[-84.5240316,33.8761929],[-84.5243347,33.8762224],[-84.5244957,33.8762392],[-84.5245747,33.8762474],[-84.5248322,33.8762675],[-84.5249422,33.8762725],[-84.5251014,33.8762733],[-84.5252315,33.8762672],[-84.5253492,33.8762538],[-84.5253959,33.8762481],[-84.5254803,33.8762377],[-84.5255866,33.8762182],[-84.5256771,33.8761998],[-84.5257955,33.876172],[-84.5258947,33.8761458],[-84.5259508,33.876126],[-84.5259966,33.8761099],[-84.5260821,33.8760801],[-84.5261723,33.8760448],[-84.5263406,33.8759696],[-84.5276252,33.8753883],[-84.5277204,33.8753452],[-84.5277873,33.8753178],[-84.5278352,33.8752981],[-84.5280482,33.8752108],[-84.5287317,33.874967],[-84.5290569,33.8748519],[-84.5291729,33.8748109],[-84.5293964,33.8747701],[-84.5295246,33.8747049],[-84.5297836,33.8745732],[-84.5300218,33.8744427],[-84.5304324,33.8742178],[-84.5305488,33.8741877]]},"properties":{"bicycle":"designated","foot":"designated","highway":"cycleway","lit":"yes","motor_vehicle":"no","name":"Concord Road Trail","segregated":"no","surface":"concrete","osm_id":1386128748,"osm_type":"way"}},{"type":"Feature","geometry":{"type":"LineString","coordinates":[[-84.5196557,33.8766604],[-84.5197382,33.8766415],[-84.5198125,33.8766245]]},"properties":{"bicycle":"designated","crossing":"traffic_signals","crossing:markings":"ladder:paired","crossing:signals":"yes","cycleway":"crossing","foot":"designated","highway":"cycleway","lit":"yes","motor_vehicle":"no","name":"Concord Road Trail","segregated":"no","surface":"concrete","osm_id":1386128749,"osm_type":"way"}},{"type":"Feature","geometry":{"type":"LineString","coordinates":[[-84.4406231,33.8145185],[-84.4405501,33.8144832]]},"properties":{"bicycle":"designated","crossing":"traffic_signals","cycleway":"crossing","foot":"designated","highway":"cycleway","name":"Silver Comet Connector","osm_id":1386541988,"osm_type":"way"}},{"type":"Feature","geometry":{"type":"LineString","coordinates":[[-84.4405501,33.8144832],[-84.4404922,33.8144545]]},"properties":{"bicycle":"designated","crossing":"traffic_signals","cycleway":"crossing","foot":"designated","highway":"cycleway","name":"Silver Comet Connector","osm_id":1386541989,"osm_type":"way"}},{"type":"Feature","geometry":{"type":"LineString","coordinates":[[-84.4406425,33.8145303],[-84.4406582,33.8145138]]},"properties":{"bicycle":"designated","foot":"designated","highway":"cycleway","name":"Silver Comet Connector","surface":"concrete","osm_id":1386541991,"osm_type":"way"}},{"type":"Feature","geometry":{"type":"LineString","coordinates":[[-84.4406582,33.8145138],[-84.4407131,33.8144657],[-84.4407741,33.8144099],[-84.4408122,33.8143673]]},"properties":{"bicycle":"designated","crossing":"traffic_signals","cycleway":"crossing","foot":"designated","highway":"cycleway","name":"Silver Comet Connector","osm_id":1386541992,"osm_type":"way"}},{"type":"Feature","geometry":{"type":"LineString","coordinates":[[-84.4423275,33.8149972],[-84.4420233,33.8149058],[-84.4418512,33.8148549],[-84.4416521,33.8147896],[-84.4415413,33.8147463],[-84.4413102,33.8146483],[-84.4410141,33.8144932],[-84.4408122,33.8143673]]},"properties":{"bicycle":"designated","foot":"designated","highway":"cycleway","name":"Silver Comet Connector","osm_id":1386549037,"osm_type":"way"}},{"type":"Feature","geometry":{"type":"LineString","coordinates":[[-84.3601406,33.7526248],[-84.3601382,33.7526433]]},"properties":{"bicycle":"designated","foot":"designated","highway":"cycleway","name":"Beltline Access Line","osm_id":1386912805,"osm_type":"way"}},{"type":"Feature","geometry":{"type":"LineString","coordinates":[[-84.3601565,33.7525198],[-84.3601497,33.7525608]]},"properties":{"bicycle":"designated","foot":"designated","highway":"cycleway","name":"Beltline Access Line","osm_id":1386912806,"osm_type":"way"}},{"type":"Feature","geometry":{"type":"LineString","coordinates":[[-84.359018,33.752603],[-84.3590158,33.7526208]]},"properties":{"bicycle":"designated","foot":"designated","highway":"cycleway","name":"Beltline Access Line","osm_id":1386912807,"osm_type":"way"}},{"type":"Feature","geometry":{"type":"LineString","coordinates":[[-84.3582429,33.7524894],[-84.35824,33.7525126]]},"properties":{"bicycle":"designated","foot":"designated","highway":"cycleway","name":"Beltline Access Line","osm_id":1386912810,"osm_type":"way"}},{"type":"Feature","geometry":{"type":"LineString","coordinates":[[-84.3582325,33.7525894],[-84.358231,33.7526077]]},"properties":{"bicycle":"designated","foot":"designated","highway":"cycleway","name":"Beltline Access Line","osm_id":1386912811,"osm_type":"way"}},{"type":"Feature","geometry":{"type":"LineString","coordinates":[[-84.3576,33.7525759],[-84.3576002,33.7525971]]},"properties":{"bicycle":"designated","foot":"designated","highway":"cycleway","name":"Beltline Access Line","osm_id":1386912814,"osm_type":"way"}},{"type":"Feature","geometry":{"type":"LineString","coordinates":[[-84.3575992,33.7524747],[-84.3575994,33.7524997]]},"properties":{"bicycle":"designated","foot":"designated","highway":"cycleway","name":"Beltline Access Line","osm_id":1386912815,"osm_type":"way"}},{"type":"Feature","geometry":{"type":"LineString","coordinates":[[-84.3186987,33.7941519],[-84.318798,33.7942282]]},"properties":{"bicycle":"designated","crossing":"marked","cycleway":"crossing","foot":"designated","highway":"cycleway","segregated":"no","osm_id":1387028169,"osm_type":"way"}},{"type":"Feature","geometry":{"type":"LineString","coordinates":[[-84.318798,33.7942282],[-84.3188668,33.7942996],[-84.318934,33.7943693]]},"properties":{"bicycle":"designated","crossing":"marked","crossing:island":"no","crossing:markings":"ladder:paired","cycleway":"crossing","foot":"designated","highway":"cycleway","segregated":"no","surface:colour":"red","osm_id":1387028170,"osm_type":"way"}},{"type":"Feature","geometry":{"type":"LineString","coordinates":[[-84.3201191,33.7952104],[-84.3201965,33.7952203],[-84.320368,33.795202],[-84.3204899,33.7951886],[-84.3207268,33.7951735],[-84.320934,33.7951637],[-84.321047,33.7951496],[-84.3210723,33.7951511],[-84.3211247,33.7951499]]},"properties":{"bicycle":"designated","foot":"designated","highway":"cycleway","lit":"no","name":"Emory PATH","segregated":"no","surface":"paved","osm_id":1387030704,"osm_type":"way"}},{"type":"Feature","geometry":{"type":"LineString","coordinates":[[-84.320047,33.7952129],[-84.3200821,33.7952117],[-84.3201191,33.7952104]]},"properties":{"bicycle":"designated","crossing":"marked","crossing:markings":"ladder:paired","cycleway":"crossing","foot":"designated","highway":"cycleway","lit":"no","name":"Emory PATH","segregated":"no","surface":"paved","osm_id":1387030705,"osm_type":"way"}},{"type":"Feature","geometry":{"type":"LineString","coordinates":[[-84.3192176,33.7947572],[-84.3192423,33.794794],[-84.3192605,33.7948211]]},"properties":{"bicycle":"designated","crossing":"marked","crossing:markings":"ladder:paired","cycleway":"crossing","foot":"designated","highway":"cycleway","lit":"no","name":"Emory PATH","segregated":"no","surface":"paved","osm_id":1387030706,"osm_type":"way"}},{"type":"Feature","geometry":{"type":"LineString","coordinates":[[-84.3191709,33.794684],[-84.3192176,33.7947572]]},"properties":{"bicycle":"designated","foot":"designated","highway":"cycleway","lit":"no","name":"Emory PATH","segregated":"no","surface":"paved","osm_id":1387030707,"osm_type":"way"}},{"type":"Feature","geometry":{"type":"LineString","coordinates":[[-84.3191013,33.7945897],[-84.3191338,33.7946338],[-84.3191709,33.794684]]},"properties":{"bicycle":"designated","crossing":"marked","crossing:markings":"ladder:paired","cycleway":"crossing","foot":"designated","highway":"cycleway","lit":"no","name":"Emory PATH","segregated":"no","surface":"paved","osm_id":1387030708,"osm_type":"way"}},{"type":"Feature","geometry":{"type":"LineString","coordinates":[[-84.318934,33.7943693],[-84.3190542,33.7945021],[-84.3191013,33.7945897]]},"properties":{"bicycle":"designated","foot":"designated","highway":"cycleway","lit":"no","name":"Emory PATH","segregated":"no","surface":"paved","osm_id":1387030709,"osm_type":"way"}},{"type":"Feature","geometry":{"type":"LineString","coordinates":[[-84.3183063,33.7900772],[-84.3183374,33.790062],[-84.3184011,33.790031]]},"properties":{"bicycle":"designated","crossing":"traffic_signals","crossing:markings":"ladder:paired","crossing:signals":"yes","cycleway":"crossing","foot":"designated","highway":"cycleway","segregated":"no","surface:colour":"red","tactile_paving":"yes","osm_id":1387034505,"osm_type":"way"}},{"type":"Feature","geometry":{"type":"LineString","coordinates":[[-84.3182506,33.7901192],[-84.3183063,33.7900772]]},"properties":{"bicycle":"designated","cycleway":"traffic_island","foot":"designated","highway":"cycleway","segregated":"no","tactile_paving":"yes","osm_id":1387034506,"osm_type":"way"}},{"type":"Feature","geometry":{"type":"LineString","coordinates":[[-84.3077171,33.7984804],[-84.3077657,33.7984311],[-84.3078134,33.7983828]]},"properties":{"bicycle":"designated","crossing":"uncontrolled","crossing:markings":"ladder:paired","foot":"designated","highway":"cycleway","name":"South Peachtree Creek PATH Trail - Bridge Under Clairmont to Starvine Way","segregated":"no","osm_id":1387038692,"osm_type":"way"}},{"type":"Feature","geometry":{"type":"LineString","coordinates":[[-84.2892805,33.7726016],[-84.2892839,33.7725269]]},"properties":{"bicycle":"designated","cycleway":"link","foot":"designated","highway":"cycleway","lcn_ref":"PATH","motor_vehicle":"no","name":"Stone Mountain Trail","segregated":"no","surface":"asphalt","osm_id":1387049360,"osm_type":"way"}},{"type":"Feature","geometry":{"type":"LineString","coordinates":[[-84.3055136,33.7669234],[-84.3055193,33.7669056],[-84.3055397,33.7668997],[-84.3059412,33.766883],[-84.3060549,33.7668775]]},"properties":{"bicycle":"designated","foot":"designated","highway":"cycleway","lcn_ref":"PATH","motor_vehicle":"no","segregated":"no","surface":"concrete","osm_id":1387054830,"osm_type":"way"}},{"type":"Feature","geometry":{"type":"LineString","coordinates":[[-84.3055137,33.7669873],[-84.3055136,33.7669509],[-84.3055136,33.7669234]]},"properties":{"bicycle":"designated","button_operated":"yes","crossing":"traffic_signals","crossing:markings":"ladder:paired","crossing:signals":"yes","cycleway":"crossing","foot":"designated","highway":"cycleway","lcn_ref":"PATH","motor_vehicle":"no","segregated":"no","surface":"concrete","osm_id":1387054831,"osm_type":"way"}},{"type":"Feature","geometry":{"type":"LineString","coordinates":[[-84.3581471,33.7439127],[-84.3581212,33.743997]]},"properties":{"bicycle":"designated","foot":"designated","highway":"cycleway","name":"Atlanta Beltline Southeast Trail","oneway":"no","surface":"concrete","osm_id":1387066504,"osm_type":"way"}},{"type":"Feature","geometry":{"type":"LineString","coordinates":[[-84.3573775,33.7502389],[-84.3573862,33.7502065],[-84.3573942,33.7501765]]},"properties":{"abandoned:railway":"rail","bicycle":"designated","crossing":"unmarked","cycleway":"crossing","foot":"designated","highway":"cycleway","historic:operator":"A&WP","lit":"yes","motor_vehicle":"no","name":"Atlanta BeltLine Eastside Trail","railway":"abandoned","segregated":"no","start_date":"2017-10-23","surface":"concrete","osm_id":1387069490,"osm_type":"way"}},{"type":"Feature","geometry":{"type":"LineString","coordinates":[[-84.3570997,33.7517911],[-84.3571402,33.751425],[-84.3571726,33.7511511],[-84.3572359,33.7507971],[-84.3573691,33.7502721],[-84.3573775,33.7502389]]},"properties":{"abandoned:railway":"rail","bicycle":"designated","foot":"designated","highway":"cycleway","historic:operator":"A&WP","lit":"yes","motor_vehicle":"no","name":"Atlanta Beltline Southeast Trail","oneway":"no","railway":"abandoned","segregated":"no","start_date":"2017-10-23","surface":"concrete","osm_id":1387069491,"osm_type":"way"}},{"type":"Feature","geometry":{"type":"LineString","coordinates":[[-84.3601115,33.7640607],[-84.3607266,33.7637647]]},"properties":{"bicycle":"designated","covered":"yes","foot":"designated","highway":"cycleway","motor_vehicle":"no","name":"Stone Mountain Trail","segregated":"no","surface":"paved","osm_id":1387075148,"osm_type":"way"}},{"type":"Feature","geometry":{"type":"LineString","coordinates":[[-84.3703778,33.7938724],[-84.3703665,33.7938369],[-84.3703542,33.7937979]]},"properties":{"abandoned:railway":"rail","bicycle":"designated","crossing":"marked","crossing:markings":"ladder:paired","cycleway":"crossing","foot":"designated","highway":"cycleway","name":"Interim BeltLine Northeast Trail","old_railway_operator":"Southern","railway":"abandoned","segregated":"no","surface":"gravel","osm_id":1387087345,"osm_type":"way"}},{"type":"Feature","geometry":{"type":"LineString","coordinates":[[-84.3739509,33.8011927],[-84.3739365,33.8011581]]},"properties":{"bicycle":"designated","electrified":"no","gauge":"1435","highway":"cycleway","segregated":"no","service":"spur","surface":"concrete","osm_id":1387088074,"osm_type":"way"}},{"type":"Feature","geometry":{"type":"LineString","coordinates":[[-84.3633745,33.8185104],[-84.3632803,33.8185794]]},"properties":{"cycleway":"link","highway":"cycleway","osm_id":1387089697,"osm_type":"way"}},{"type":"Feature","geometry":{"type":"LineString","coordinates":[[-84.428039,33.7864169],[-84.4280387,33.7864408],[-84.4279916,33.7865039]]},"properties":{"bicycle":"designated","foot":"designated","gauge":"1435","highway":"cycleway","name":"Atlanta Beltline Northwest Trail","oneway":"no","operator:wikidata":"Q856783","segregated":"no","surface":"concrete","osm_id":1387090375,"osm_type":"way"}},{"type":"Feature","geometry":{"type":"LineString","coordinates":[[-84.4280369,33.7862574],[-84.4280403,33.7863242],[-84.428039,33.7864169]]},"properties":{"bicycle":"designated","crossing":"marked","crossing:markings":"ladder:paired","cycleway":"crossing","foot":"designated","gauge":"1435","highway":"cycleway","name":"Westside BeltLine Connector","oneway":"no","operator:wikidata":"Q856783","segregated":"no","surface":"concrete","osm_id":1387090376,"osm_type":"way"}},{"type":"Feature","geometry":{"type":"LineString","coordinates":[[-84.3571998,33.8461581],[-84.3571919,33.846173],[-84.3571656,33.8461873]]},"properties":{"bicycle":"designated","cycleway":"traffic_island","foot":"designated","highway":"cycleway","horse":"no","name":"Path 400","oneway":"no","segregated":"no","surface":"concrete","osm_id":1387092323,"osm_type":"way"}},{"type":"Feature","geometry":{"type":"LineString","coordinates":[[-84.357231,33.8460989],[-84.357211,33.8461368],[-84.3571998,33.8461581]]},"properties":{"bicycle":"designated","crossing":"marked","crossing:markings":"ladder:paired","cycleway":"crossing","foot":"designated","highway":"cycleway","horse":"no","name":"Path 400","oneway":"no","segregated":"no","surface":"concrete","osm_id":1387092324,"osm_type":"way"}},{"type":"Feature","geometry":{"type":"LineString","coordinates":[[-84.4609342,33.8802098],[-84.461028,33.8802534],[-84.4611205,33.8802982],[-84.4612176,33.8803236],[-84.4616118,33.8804527]]},"properties":{"bicycle":"designated","foot":"designated","highway":"cycleway","osm_id":1387094560,"osm_type":"way"}},{"type":"Feature","geometry":{"type":"LineString","coordinates":[[-84.4616118,33.8804527],[-84.4616799,33.8804745],[-84.4617432,33.880491]]},"properties":{"bicycle":"designated","crossing":"marked","crossing:markings":"ladder:paired","cycleway":"crossing","foot":"designated","highway":"cycleway","osm_id":1387094561,"osm_type":"way"}},{"type":"Feature","geometry":{"type":"LineString","coordinates":[[-84.4631486,33.8807237],[-84.4633173,33.8807436],[-84.4634511,33.880756],[-84.4635894,33.8807537],[-84.4638622,33.8807512]]},"properties":{"bicycle":"designated","foot":"designated","highway":"cycleway","osm_id":1387094564,"osm_type":"way"}},{"type":"Feature","geometry":{"type":"LineString","coordinates":[[-84.4630338,33.8807087],[-84.4630861,33.8807156],[-84.4631486,33.8807237]]},"properties":{"bicycle":"designated","crossing":"marked","crossing:markings":"ladder:paired","cycleway":"crossing","foot":"designated","highway":"cycleway","osm_id":1387094565,"osm_type":"way"}},{"type":"Feature","geometry":{"type":"LineString","coordinates":[[-84.4533963,33.8584539],[-84.4533789,33.8584506],[-84.4531721,33.858374]]},"properties":{"bicycle":"designated","foot":"designated","highway":"cycleway","segregated":"no","surface":"concrete","osm_id":1387095282,"osm_type":"way"}},{"type":"Feature","geometry":{"type":"LineString","coordinates":[[-84.4536041,33.8585226],[-84.4535709,33.8585096],[-84.4534559,33.8584653],[-84.4533963,33.8584539]]},"properties":{"bicycle":"designated","crossing":"unmarked","crossing:markings":"no","cycleway":"crossing","foot":"designated","highway":"cycleway","surface":"asphalt","osm_id":1387095283,"osm_type":"way"}},{"type":"Feature","geometry":{"type":"LineString","coordinates":[[-84.4558599,33.8593782],[-84.4563042,33.8595612],[-84.4563771,33.8596615]]},"properties":{"bicycle":"designated","foot":"designated","highway":"cycleway","segregated":"no","surface":"concrete","osm_id":1387095284,"osm_type":"way"}},{"type":"Feature","geometry":{"type":"LineString","coordinates":[[-84.4557601,33.8593389],[-84.455816,33.8593601],[-84.4558599,33.8593782]]},"properties":{"bicycle":"designated","crossing":"unmarked","crossing:markings":"no","cycleway":"crossing","foot":"designated","highway":"cycleway","surface":"asphalt","osm_id":1387095285,"osm_type":"way"}},{"type":"Feature","geometry":{"type":"LineString","coordinates":[[-84.4322016,33.7389121],[-84.4321362,33.7388233],[-84.4321081,33.7387852],[-84.4320624,33.7387504],[-84.4319975,33.7387199],[-84.4319356,33.7386927],[-84.4318457,33.7386675],[-84.4317573,33.7386634],[-84.4317114,33.7386766],[-84.431661,33.7386911],[-84.4315091,33.7387498],[-84.4314128,33.7387623],[-84.4314039,33.7387635],[-84.4312985,33.7387602],[-84.4311797,33.7387363],[-84.4310852,33.7386847],[-84.4310642,33.7386694],[-84.4309994,33.7386219],[-84.4309323,33.7385395],[-84.4308889,33.7384262],[-84.4308807,33.738256],[-84.4308807,33.7379594],[-84.4308269,33.7379276]]},"properties":{"bicycle":"designated","foot":"designated","highway":"cycleway","motor_vehicle":"no","name":"West End Trail","segregated":"no","surface":"concrete","osm_id":1387097342,"osm_type":"way"}},{"type":"Feature","geometry":{"type":"LineString","coordinates":[[-84.4308269,33.7379276],[-84.4307701,33.7378972],[-84.430709,33.7378617]]},"properties":{"bicycle":"designated","crossing":"unmarked","crossing:markings":"no","cycleway":"crossing","foot":"designated","highway":"cycleway","motor_vehicle":"no","name":"West End Trail","segregated":"no","surface":"concrete","osm_id":1387097343,"osm_type":"way"}},{"type":"Feature","geometry":{"type":"LineString","coordinates":[[-84.4312666,33.7380478],[-84.4312271,33.738096],[-84.4311833,33.7381408]]},"properties":{"bicycle":"designated","crossing":"marked","crossing:markings":"ladder:paired","cycleway":"crossing","foot":"designated","highway":"cycleway","name":"Atlanta BeltLine Westside Trail","start_date":"2017-09-29","surface":"paved","osm_id":1387097344,"osm_type":"way"}},{"type":"Feature","geometry":{"type":"LineString","coordinates":[[-84.4252976,33.7345942],[-84.4252774,33.734582],[-84.4247132,33.7342403],[-84.4242211,33.7339332],[-84.4232467,33.7333381],[-84.4230287,33.7332187],[-84.421998,33.7327103],[-84.4219905,33.7327689],[-84.4219935,33.7327927],[-84.4220103,33.7328142],[-84.4220871,33.7328618],[-84.4223213,33.7330347],[-84.4224138,33.7330966],[-84.4225365,33.7331561],[-84.4228142,33.7332826],[-84.422923,33.7333465],[-84.4229829,33.7333774],[-84.4230533,33.7333992],[-84.4231266,33.7334122],[-84.4231825,33.7334083],[-84.4233185,33.7333951]]},"properties":{"bicycle":"designated","foot":"designated","highway":"cycleway","motor_vehicle":"no","name":"West End Trail","segregated":"no","surface":"concrete","osm_id":1387097345,"osm_type":"way"}},{"type":"Feature","geometry":{"type":"LineString","coordinates":[[-84.4253822,33.7346457],[-84.4253383,33.7346189],[-84.4252976,33.7345942]]},"properties":{"bicycle":"designated","crossing":"marked","crossing:markings":"ladder:paired","cycleway":"crossing","foot":"designated","highway":"cycleway","motor_vehicle":"no","name":"West End Trail","segregated":"no","surface":"concrete","osm_id":1387097346,"osm_type":"way"}},{"type":"Feature","geometry":{"type":"LineString","coordinates":[[-84.4584123,33.8788136],[-84.4584369,33.8788252]]},"properties":{"bicycle":"designated","foot":"designated","highway":"cycleway","osm_id":1387098785,"osm_type":"way"}},{"type":"Feature","geometry":{"type":"LineString","coordinates":[[-84.3257602,33.8441057],[-84.3265191,33.8441213]]},"properties":{"bicycle":"designated","foot":"designated","highway":"cycleway","name":"Briarwood MUP","segregated":"no","surface":"concrete","osm_id":1387292026,"osm_type":"way"}},{"type":"Feature","geometry":{"type":"LineString","coordinates":[[-84.3256558,33.8440968],[-84.325717,33.8441042],[-84.3257602,33.8441057]]},"properties":{"bicycle":"designated","crossing":"unmarked","cycleway":"crossing","foot":"designated","highway":"cycleway","name":"Briarwood MUP","segregated":"no","surface":"concrete","osm_id":1387292027,"osm_type":"way"}},{"type":"Feature","geometry":{"type":"LineString","coordinates":[[-84.3265191,33.8441213],[-84.3266054,33.8441237],[-84.326692,33.8441242]]},"properties":{"bicycle":"designated","crossing":"unmarked","cycleway":"crossing","foot":"designated","highway":"cycleway","name":"Briarwood MUP","segregated":"no","surface":"asphalt","osm_id":1387292028,"osm_type":"way"}},{"type":"Feature","geometry":{"type":"LineString","coordinates":[[-84.326692,33.8441242],[-84.3271615,33.8441255],[-84.3272217,33.8440967]]},"properties":{"bicycle":"designated","foot":"designated","highway":"cycleway","name":"Briarwood MUP","segregated":"no","surface":"concrete","osm_id":1387292029,"osm_type":"way"}},{"type":"Feature","geometry":{"type":"LineString","coordinates":[[-84.3764803,33.8495501],[-84.376551,33.8495761],[-84.3766382,33.8496082],[-84.3766673,33.8496194],[-84.3766792,33.8496026]]},"properties":{"bicycle":"designated","crossing":"unmarked","cycleway":"crossing","foot":"designated","highway":"cycleway","osm_id":1387294187,"osm_type":"way"}},{"type":"Feature","geometry":{"type":"LineString","coordinates":[[-84.3752354,33.8490934],[-84.3752503,33.8491035],[-84.3753019,33.8491371],[-84.3753152,33.8491441]]},"properties":{"bicycle":"designated","crossing":"marked","crossing:markings":"ladder:paired","cycleway":"crossing","foot":"designated","highway":"cycleway","osm_id":1387294188,"osm_type":"way"}},{"type":"Feature","geometry":{"type":"LineString","coordinates":[[-84.3733652,33.8499374],[-84.3733849,33.8498173],[-84.3739325,33.8493076],[-84.3742367,33.8488968],[-84.3743573,33.8488186],[-84.3745304,33.8488111],[-84.3752128,33.8490792],[-84.3752354,33.8490934]]},"properties":{"bicycle":"designated","foot":"designated","highway":"cycleway","osm_id":1387294189,"osm_type":"way"}},{"type":"Feature","geometry":{"type":"LineString","coordinates":[[-84.2627796,33.7816005],[-84.2627789,33.7816213],[-84.2627168,33.7816182]]},"properties":{"bicycle":"designated","foot":"designated","highway":"cycleway","lcn_ref":"PATH","motor_vehicle":"no","name":"Stone Mountain Trail","segregated":"no","surface":"paved","tiger:cfcc":"A41","tiger:county":"DeKalb, GA","tiger:reviewed":"no","trail_visibility":"excellent","osm_id":1387294639,"osm_type":"way"}},{"type":"Feature","geometry":{"type":"LineString","coordinates":[[-84.2627824,33.7815206],[-84.2627814,33.7815509],[-84.2627796,33.7816005]]},"properties":{"bicycle":"designated","crossing":"marked","crossing:markings":"lines","cycleway":"crossing","foot":"designated","highway":"cycleway","lcn_ref":"PATH","motor_vehicle":"no","name":"Stone Mountain Trail","segregated":"no","surface":"paved","tiger:cfcc":"A41","tiger:county":"DeKalb, GA","tiger:reviewed":"no","trail_visibility":"excellent","osm_id":1387294640,"osm_type":"way"}},{"type":"Feature","geometry":{"type":"LineString","coordinates":[[-84.263278,33.7800877],[-84.263278,33.7801546],[-84.2632578,33.7802271],[-84.2632176,33.7803073],[-84.2631532,33.780411],[-84.2629615,33.7807253],[-84.2628796,33.7808714],[-84.2628421,33.780955],[-84.262826,33.781014],[-84.2628153,33.7810809],[-84.2627898,33.7813206],[-84.2627844,33.7814621],[-84.2627824,33.7815206]]},"properties":{"bicycle":"designated","foot":"designated","highway":"cycleway","lcn_ref":"PATH","motor_vehicle":"no","name":"Stone Mountain Trail","segregated":"no","surface":"paved","tiger:cfcc":"A41","tiger:county":"DeKalb, GA","tiger:reviewed":"no","trail_visibility":"excellent","osm_id":1387294642,"osm_type":"way"}},{"type":"Feature","geometry":{"type":"LineString","coordinates":[[-84.2633799,33.780022],[-84.2633303,33.7800565],[-84.263278,33.7800877]]},"properties":{"bicycle":"designated","crossing":"marked","crossing:markings":"lines","cycleway":"crossing","foot":"designated","highway":"cycleway","lcn_ref":"PATH","motor_vehicle":"no","name":"Stone Mountain Trail","segregated":"no","surface":"paved","tiger:cfcc":"A41","tiger:county":"DeKalb, GA","tiger:reviewed":"no","trail_visibility":"excellent","osm_id":1387294643,"osm_type":"way"}},{"type":"Feature","geometry":{"type":"LineString","coordinates":[[-84.3356442,33.7738295],[-84.3356564,33.7738106],[-84.3356853,33.7737629]]},"properties":{"bicycle":"designated","crossing":"marked","crossing:markings":"ladder:paired","cycleway":"crossing","foot":"designated","highway":"cycleway","motor_vehicle":"no","name":"Stone Mountain Trail","surface":"concrete","osm_id":1387296151,"osm_type":"way"}},{"type":"Feature","geometry":{"type":"LineString","coordinates":[[-84.4066902,33.8133007],[-84.4067272,33.8132971],[-84.4067453,33.8132941]]},"properties":{"bicycle":"designated","crossing":"marked","crossing:markings":"ladder:paired","cycleway":"crossing","foot":"designated","highway":"cycleway","motorcycle":"no","name":"Bitsy Grant Connector Trail","surface":"asphalt","website":"https://beltline.org/trails/northside-trail/","osm_id":1387297459,"osm_type":"way"}},{"type":"Feature","geometry":{"type":"LineString","coordinates":[[-84.4067453,33.8132941],[-84.4067912,33.8132925],[-84.406831,33.8133023],[-84.4069018,33.8133403],[-84.4069733,33.8133479],[-84.4070395,33.8133444],[-84.4073715,33.8132719],[-84.4076483,33.8132853]]},"properties":{"bicycle":"designated","foot":"designated","highway":"cycleway","motorcycle":"no","name":"Bitsy Grant Connector Trail","surface":"concrete","website":"https://beltline.org/trails/northside-trail/","width":"3","osm_id":1387297460,"osm_type":"way"}},{"type":"Feature","geometry":{"type":"LineString","coordinates":[[-84.3975601,33.8133741],[-84.3975253,33.8133743]]},"properties":{"bicycle":"designated","cycleway":"crossing","foot":"designated","highway":"cycleway","osm_id":1387297461,"osm_type":"way"}},{"type":"Feature","geometry":{"type":"LineString","coordinates":[[-84.3975253,33.8133743],[-84.397472,33.8133748],[-84.397436,33.8133754]]},"properties":{"bicycle":"designated","crossing":"marked","crossing:markings":"ladder:paired","cycleway":"crossing","foot":"designated","highway":"cycleway","osm_id":1387297462,"osm_type":"way"}},{"type":"Feature","geometry":{"type":"LineString","coordinates":[[-84.4075713,33.81494],[-84.4075749,33.8150067],[-84.4075738,33.8150599]]},"properties":{"bicycle":"designated","crossing":"traffic_signals","crossing:markings":"ladder:paired","crossing:signals":"yes","cycleway":"crossing","foot":"designated","highway":"cycleway","motorcycle":"no","name":"Bitsy Grant Connector Trail","surface":"concrete","website":"https://beltline.org/trails/northside-trail/","width":"3","osm_id":1387298808,"osm_type":"way"}},{"type":"Feature","geometry":{"type":"LineString","coordinates":[[-84.4075738,33.8150599],[-84.4075419,33.816551],[-84.4075329,33.8179527],[-84.4075255,33.8184936],[-84.4075104,33.8185779],[-84.4074829,33.8186805],[-84.4074685,33.8187544],[-84.4074608,33.8188193],[-84.4074661,33.8188827],[-84.4074865,33.8190149],[-84.4075028,33.819103],[-84.4075196,33.819265],[-84.4075284,33.8193932],[-84.4075212,33.819881],[-84.4075213,33.8199301]]},"properties":{"bicycle":"designated","foot":"designated","highway":"cycleway","motorcycle":"no","name":"Bitsy Grant Connector Trail","surface":"concrete","website":"https://beltline.org/trails/northside-trail/","width":"3","osm_id":1387298809,"osm_type":"way"}},{"type":"Feature","geometry":{"type":"LineString","coordinates":[[-84.3022906,33.6973067],[-84.3023267,33.6973497],[-84.3028291,33.6974973],[-84.3033575,33.697658],[-84.3034849,33.6976941],[-84.3038698,33.697803],[-84.3039422,33.6977896],[-84.3040469,33.6977472],[-84.3041005,33.6977205],[-84.3041407,33.6976401],[-84.3041595,33.697533],[-84.30413,33.6974214],[-84.3040925,33.6973612]]},"properties":{"access":"yes","bicycle":"designated","foot":"designated","highway":"cycleway","horse":"yes","motor_vehicle":"no","name":"South River PATH Trail","surface":"concrete","osm_id":1387300161,"osm_type":"way"}},{"type":"Feature","geometry":{"type":"LineString","coordinates":[[-84.3040925,33.6973612],[-84.3041529,33.6973277],[-84.3042212,33.6972898]]},"properties":{"access":"yes","bicycle":"designated","crossing":"marked","crossing:markings":"ladder:paired","cycleway":"crossing","foot":"designated","highway":"cycleway","horse":"yes","motor_vehicle":"no","name":"South River PATH Trail","surface":"concrete","osm_id":1387300162,"osm_type":"way"}},{"type":"Feature","geometry":{"type":"LineString","coordinates":[[-84.3022906,33.6973067],[-84.3022029,33.6972763],[-84.3021261,33.6972493]]},"properties":{"bicycle":"designated","crossing":"marked","crossing:island":"no","crossing:markings":"ladder:paired","cycleway":"crossing","foot":"designated","highway":"cycleway","osm_id":1387300163,"osm_type":"way"}},{"type":"Feature","geometry":{"type":"LineString","coordinates":[[-84.4076971,33.8205621],[-84.4076286,33.8205722],[-84.4075093,33.8205908]]},"properties":{"bicycle":"designated","crossing":"traffic_signals","crossing:markings":"ladder:paired","crossing:signals":"yes","cycleway":"crossing","foot":"designated","highway":"cycleway","osm_id":1387300575,"osm_type":"way"}},{"type":"Feature","geometry":{"type":"LineString","coordinates":[[-84.4296589,33.8015931],[-84.4297358,33.8016569],[-84.4298215,33.8017118]]},"properties":{"bicycle":"designated","crossing":"traffic_signals","crossing:markings":"ladder:paired","cycleway":"crossing","foot":"designated","highway":"cycleway","osm_id":1387303030,"osm_type":"way"}},{"type":"Feature","geometry":{"type":"LineString","coordinates":[[-84.4298215,33.8017118],[-84.429901,33.8017293]]},"properties":{"bicycle":"designated","foot":"designated","highway":"cycleway","name":"Silver Comet Connector","oneway":"no","segregated":"no","osm_id":1387303031,"osm_type":"way"}},{"type":"Feature","geometry":{"type":"LineString","coordinates":[[-84.4298057,33.8014307],[-84.4297346,33.8015066],[-84.4296589,33.8015931]]},"properties":{"bicycle":"designated","crossing":"traffic_signals","crossing:markings":"ladder:paired","cycleway":"crossing","foot":"designated","highway":"cycleway","osm_id":1387303034,"osm_type":"way"}},{"type":"Feature","geometry":{"type":"LineString","coordinates":[[-84.3555539,33.7685396],[-84.3555415,33.768506]]},"properties":{"bicycle":"designated","cycleway":"link","foot":"designated","highway":"cycleway","segregated":"no","osm_id":1387313036,"osm_type":"way"}},{"type":"Feature","geometry":{"type":"LineString","coordinates":[[-84.359306,33.7711628],[-84.3592986,33.7710932],[-84.359293,33.7710401]]},"properties":{"bicycle":"designated","crossing":"traffic_signals","crossing:markings":"ladder:paired","crossing:signals":"yes","cycleway":"crossing","foot":"designated","highway":"cycleway","motor_vehicle":"no","segregated":"no","surface":"paved","osm_id":1387314743,"osm_type":"way"}},{"type":"Feature","geometry":{"type":"LineString","coordinates":[[-84.3489165,33.7689474],[-84.3488947,33.7688999],[-84.3488445,33.7688091],[-84.3488331,33.768708],[-84.3488453,33.7686245],[-84.3488701,33.7685049],[-84.3488815,33.7682948],[-84.3488609,33.7682054],[-84.3488484,33.7681203],[-84.3489133,33.767906],[-84.3489189,33.7678946],[-84.3489316,33.7678857],[-84.3489508,33.7678773]]},"properties":{"bicycle":"designated","foot":"designated","highway":"cycleway","motor_vehicle":"no","segregated":"no","surface":"concrete","osm_id":1387320651,"osm_type":"way"}},{"type":"Feature","geometry":{"type":"LineString","coordinates":[[-84.3489065,33.769042],[-84.3489124,33.7689866],[-84.3489165,33.7689474]]},"properties":{"bicycle":"designated","crossing":"marked","crossing:markings":"ladder:paired","cycleway":"crossing","foot":"designated","highway":"cycleway","motor_vehicle":"no","segregated":"no","surface":"concrete","osm_id":1387320652,"osm_type":"way"}},{"type":"Feature","geometry":{"type":"LineString","coordinates":[[-84.3489973,33.7710811],[-84.3489233,33.7710297]]},"properties":{"bicycle":"designated","cycleway":"link","highway":"cycleway","osm_id":1387321263,"osm_type":"way"}},{"type":"Feature","geometry":{"type":"LineString","coordinates":[[-84.339397,33.7711349],[-84.3394189,33.7711202],[-84.3395463,33.7709667],[-84.33961,33.7709263],[-84.3396757,33.7709067],[-84.3398096,33.7708902],[-84.339913,33.7708936],[-84.3400075,33.7709175],[-84.3402043,33.7710106],[-84.3402684,33.7710227],[-84.3403345,33.7710224],[-84.3404562,33.7710102],[-84.3405397,33.770989],[-84.3407036,33.7709027],[-84.3407833,33.7708715],[-84.3408768,33.770846],[-84.3410506,33.7708175],[-84.3412244,33.7708175],[-84.3413121,33.7708464],[-84.341388,33.7708946],[-84.3414561,33.7709758],[-84.3415022,33.7710698],[-84.3415377,33.7711158],[-84.3415781,33.7711465]]},"properties":{"bicycle":"designated","foot":"designated","highway":"cycleway","motor_vehicle":"no","name":"Stone Mountain Trail","segregated":"no","surface":"paved","osm_id":1387324445,"osm_type":"way"}},{"type":"Feature","geometry":{"type":"LineString","coordinates":[[-84.3393149,33.7712075],[-84.3393552,33.7711719],[-84.339397,33.7711349]]},"properties":{"bicycle":"designated","crossing":"uncontrolled","crossing:markings":"zebra","cycleway":"crossing","foot":"designated","highway":"cycleway","motor_vehicle":"no","name":"Stone Mountain Trail","segregated":"no","surface":"paved","osm_id":1387324446,"osm_type":"way"}},{"type":"Feature","geometry":{"type":"LineString","coordinates":[[-84.3337972,33.7554113],[-84.3337019,33.7554109]]},"properties":{"bicycle":"designated","cycleway":"link","foot":"designated","highway":"cycleway","segregated":"no","osm_id":1387337635,"osm_type":"way"}},{"type":"Feature","geometry":{"type":"LineString","coordinates":[[-84.3291203,33.7548191],[-84.3291236,33.754613],[-84.3291302,33.7542115],[-84.3291399,33.7536154],[-84.3291203,33.7535477],[-84.3290729,33.7535046],[-84.3291387,33.7534541]]},"properties":{"bicycle":"designated","foot":"designated","highway":"cycleway","motor_vehicle":"no","name":"Trolley Line Trail","segregated":"no","surface":"concrete","osm_id":1387337639,"osm_type":"way"}},{"type":"Feature","geometry":{"type":"LineString","coordinates":[[-84.3292563,33.7548751],[-84.3291941,33.7548507],[-84.3291203,33.7548191]]},"properties":{"bicycle":"designated","crossing":"marked","crossing:markings":"ladder:paired","cycleway":"crossing","foot":"designated","highway":"cycleway","motor_vehicle":"no","name":"Trolley Line Trail","segregated":"no","surface":"concrete","osm_id":1387337640,"osm_type":"way"}},{"type":"Feature","geometry":{"type":"LineString","coordinates":[[-84.3225811,33.6903582],[-84.3224712,33.6903479]]},"properties":{"bicycle":"designated","foot":"designated","highway":"cycleway","surface":"concrete","osm_id":1387337642,"osm_type":"way"}},{"type":"Feature","geometry":{"type":"LineString","coordinates":[[-84.3224712,33.6903479],[-84.3224346,33.6903444],[-84.3224011,33.6903406]]},"properties":{"bicycle":"designated","crossing":"unmarked","cycleway":"crossing","foot":"designated","highway":"cycleway","surface":"concrete","osm_id":1387337643,"osm_type":"way"}},{"type":"Feature","geometry":{"type":"LineString","coordinates":[[-84.3223235,33.6900808],[-84.3223477,33.6900654],[-84.3223825,33.6900594]]},"properties":{"bicycle":"designated","crossing":"unmarked","cycleway":"crossing","foot":"designated","highway":"cycleway","surface":"concrete","osm_id":1387337644,"osm_type":"way"}},{"type":"Feature","geometry":{"type":"LineString","coordinates":[[-84.3223825,33.6900594],[-84.3224319,33.6900488],[-84.3225807,33.6900337]]},"properties":{"bicycle":"designated","foot":"designated","highway":"cycleway","surface":"concrete","osm_id":1387337645,"osm_type":"way"}},{"type":"Feature","geometry":{"type":"LineString","coordinates":[[-84.3318139,33.7553661],[-84.3318056,33.7554112],[-84.331798,33.755453]]},"properties":{"bicycle":"designated","crossing":"uncontrolled","crossing:markings":"ladder:paired","cycleway":"crossing","foot":"designated","highway":"cycleway","segregated":"no","osm_id":1387338277,"osm_type":"way"}},{"type":"Feature","geometry":{"type":"LineString","coordinates":[[-84.3480783,33.7484928],[-84.3481544,33.748504]]},"properties":{"bicycle":"designated","highway":"cycleway","name":"Trolley Line Trail","segregated":"no","smoothness":"excellent","surface":"concrete","osm_id":1387343615,"osm_type":"way"}},{"type":"Feature","geometry":{"type":"LineString","coordinates":[[-84.3463931,33.7487461],[-84.3464144,33.748752],[-84.3464574,33.7487639],[-84.3465125,33.7487792]]},"properties":{"bicycle":"designated","crossing":"uncontrolled","crossing:markings":"dashes;pictograms","cycleway":"crossing","foot":"yes","highway":"cycleway","name":"Trolley Line Trail","segregated":"no","smoothness":"excellent","surface":"concrete","osm_id":1387343628,"osm_type":"way"}},{"type":"Feature","geometry":{"type":"LineString","coordinates":[[-84.3455064,33.7488223],[-84.3463178,33.7487498],[-84.3463931,33.7487461]]},"properties":{"bicycle":"designated","foot":"yes","highway":"cycleway","name":"Trolley Line Trail","segregated":"no","smoothness":"excellent","surface":"concrete","osm_id":1387343629,"osm_type":"way"}},{"type":"Feature","geometry":{"type":"LineString","coordinates":[[-84.3453822,33.7488422],[-84.3454266,33.7488351],[-84.3455064,33.7488223]]},"properties":{"bicycle":"designated","crossing":"uncontrolled","crossing:markings":"dashes;pictograms","foot":"yes","highway":"cycleway","name":"Trolley Line Trail","segregated":"no","smoothness":"excellent","surface":"concrete","osm_id":1387343630,"osm_type":"way"}},{"type":"Feature","geometry":{"type":"LineString","coordinates":[[-84.3446564,33.7489652],[-84.3447646,33.7489485],[-84.3453822,33.7488422]]},"properties":{"bicycle":"designated","foot":"yes","highway":"cycleway","name":"Trolley Line Trail","segregated":"no","smoothness":"excellent","surface":"concrete","osm_id":1387343631,"osm_type":"way"}},{"type":"Feature","geometry":{"type":"LineString","coordinates":[[-84.3445441,33.7489827],[-84.3445889,33.7489757],[-84.3446564,33.7489652]]},"properties":{"bicycle":"designated","crossing":"uncontrolled","crossing:markings":"dashes;pictograms","cycleway":"crossing","foot":"yes","highway":"cycleway","name":"Trolley Line Trail","segregated":"no","smoothness":"excellent","surface":"concrete","osm_id":1387343632,"osm_type":"way"}},{"type":"Feature","geometry":{"type":"LineString","coordinates":[[-84.3423332,33.7493402],[-84.3439105,33.7490809],[-84.3445441,33.7489827]]},"properties":{"bicycle":"designated","foot":"yes","highway":"cycleway","name":"Trolley Line Trail","segregated":"no","smoothness":"excellent","surface":"concrete","osm_id":1387343633,"osm_type":"way"}},{"type":"Feature","geometry":{"type":"LineString","coordinates":[[-84.3421523,33.7493737],[-84.3422343,33.7493585],[-84.3423332,33.7493402]]},"properties":{"bicycle":"designated","crossing":"uncontrolled","crossing:markings":"dashes;pictograms","cycleway":"crossing","foot":"yes","highway":"cycleway","name":"Trolley Line Trail","segregated":"no","smoothness":"excellent","surface":"concrete","osm_id":1387343636,"osm_type":"way"}},{"type":"Feature","geometry":{"type":"LineString","coordinates":[[-84.339671,33.7500258],[-84.3404942,33.7497653],[-84.3410253,33.7496255],[-84.3414589,33.7495262],[-84.3419276,33.7494498],[-84.3421209,33.749418],[-84.3421523,33.7493737]]},"properties":{"bicycle":"designated","foot":"yes","highway":"cycleway","name":"Trolley Line Trail","segregated":"no","smoothness":"excellent","surface":"concrete","osm_id":1387343637,"osm_type":"way"}},{"type":"Feature","geometry":{"type":"LineString","coordinates":[[-84.3395364,33.7500684],[-84.3396057,33.7500465],[-84.339671,33.7500258]]},"properties":{"bicycle":"designated","crossing":"uncontrolled","crossing:markings":"dashes;pictograms","cycleway":"crossing","foot":"yes","highway":"cycleway","name":"Trolley Line Trail","segregated":"no","smoothness":"excellent","surface":"concrete","osm_id":1387343638,"osm_type":"way"}},{"type":"Feature","geometry":{"type":"LineString","coordinates":[[-84.3376436,33.7506646],[-84.3387594,33.7503147],[-84.3395364,33.7500684]]},"properties":{"bicycle":"designated","foot":"designated","highway":"cycleway","name":"Trolley Line Trail","segregated":"no","osm_id":1387343639,"osm_type":"way"}},{"type":"Feature","geometry":{"type":"LineString","coordinates":[[-84.3374901,33.7507127],[-84.337572,33.750687],[-84.3376436,33.7506646]]},"properties":{"bicycle":"designated","crossing":"uncontrolled","crossing:markings":"ladder:paired","cycleway":"crossing","foot":"designated","highway":"cycleway","name":"Trolley Line Trail","segregated":"no","osm_id":1387343640,"osm_type":"way"}},{"type":"Feature","geometry":{"type":"LineString","coordinates":[[-84.2784321,33.7627355],[-84.2784596,33.7627858],[-84.2784948,33.7628365]]},"properties":{"bicycle":"designated","crossing":"marked","crossing:markings":"zebra:paired","foot":"designated","highway":"cycleway","lit":"no","name":"East Decatur PATH Greenway Trail","oneway":"no","segregated":"no","surface":"concrete","width":"3","osm_id":1387344167,"osm_type":"way"}},{"type":"Feature","geometry":{"type":"LineString","coordinates":[[-84.4349699,33.8091301],[-84.434884,33.8092086],[-84.4348022,33.8092792],[-84.4347622,33.8093086]]},"properties":{"bicycle":"designated","construction":"cycleway","foot":"designated","highway":"cycleway","name":"Silver Comet Connector (Under Construction)","osm_id":1387355235,"osm_type":"way"}},{"type":"Feature","geometry":{"type":"LineString","coordinates":[[-84.4150468,33.7633895],[-84.4143059,33.763381],[-84.4139307,33.7633837]]},"properties":{"bicycle":"designated","foot":"designated","highway":"cycleway","segregated":"yes","osm_id":1387369118,"osm_type":"way"}},{"type":"Feature","geometry":{"type":"LineString","coordinates":[[-84.4151892,33.7633908],[-84.4151108,33.7633901],[-84.4150468,33.7633895]]},"properties":{"bicycle":"designated","crossing":"uncontrolled","crossing:markings":"ladder:paired","foot":"designated","highway":"cycleway","segregated":"yes","osm_id":1387369119,"osm_type":"way"}},{"type":"Feature","geometry":{"type":"LineString","coordinates":[[-84.4138422,33.7633839],[-84.4138204,33.7633838],[-84.4131321,33.7633796],[-84.4126685,33.7633757]]},"properties":{"bicycle":"designated","foot":"designated","highway":"cycleway","segregated":"yes","osm_id":1387369120,"osm_type":"way"}},{"type":"Feature","geometry":{"type":"LineString","coordinates":[[-84.4139307,33.7633837],[-84.413876,33.7633838],[-84.4138422,33.7633839]]},"properties":{"bicycle":"designated","crossing":"uncontrolled","crossing:markings":"ladder:paired","cycleway":"crossing","foot":"designated","highway":"cycleway","segregated":"yes","osm_id":1387369121,"osm_type":"way"}},{"type":"Feature","geometry":{"type":"LineString","coordinates":[[-84.4125695,33.7633743],[-84.4112825,33.7633631]]},"properties":{"bicycle":"designated","foot":"designated","highway":"cycleway","segregated":"yes","osm_id":1387369122,"osm_type":"way"}},{"type":"Feature","geometry":{"type":"LineString","coordinates":[[-84.4126685,33.7633757],[-84.412608,33.7633749],[-84.4125695,33.7633743]]},"properties":{"bicycle":"designated","crossing":"traffic_signals","crossing:markings":"no","crossing:signals":"yes","foot":"designated","highway":"cycleway","segregated":"yes","osm_id":1387369123,"osm_type":"way"}},{"type":"Feature","geometry":{"type":"LineString","coordinates":[[-84.4112825,33.7633631],[-84.4112093,33.763363],[-84.4111607,33.7633629]]},"properties":{"bicycle":"designated","crossing":"uncontrolled","cycleway":"crossing","cycleway:crossing:markings":"dashes","foot":"designated","footway:crossing:markings":"ladder:paired","highway":"cycleway","segregated":"yes","osm_id":1387369126,"osm_type":"way"}},{"type":"Feature","geometry":{"type":"LineString","coordinates":[[-84.4111607,33.7633629],[-84.4100846,33.7633728]]},"properties":{"bicycle":"designated","foot":"designated","highway":"cycleway","segregated":"yes","osm_id":1387369127,"osm_type":"way"}},{"type":"Feature","geometry":{"type":"LineString","coordinates":[[-84.4099371,33.7633729],[-84.4089927,33.7633625]]},"properties":{"bicycle":"designated","foot":"designated","highway":"cycleway","segregated":"yes","osm_id":1387369129,"osm_type":"way"}},{"type":"Feature","geometry":{"type":"LineString","coordinates":[[-84.4100846,33.7633728],[-84.4100016,33.7633735],[-84.4099371,33.7633729]]},"properties":{"bicycle":"designated","crossing":"traffic_signals","crossing:signals":"yes","cycleway":"crossing","cycleway:crossing:markings":"dashes;pictograms","foot":"designated","footway:crossing:markings":"ladder:paired","highway":"cycleway","segregated":"yes","osm_id":1387369130,"osm_type":"way"}},{"type":"Feature","geometry":{"type":"LineString","coordinates":[[-84.4088227,33.7633628],[-84.408779,33.763363],[-84.4082724,33.7633658],[-84.407822,33.7633679],[-84.4077625,33.7633685]]},"properties":{"bicycle":"designated","foot":"designated","highway":"cycleway","segregated":"no","osm_id":1387369133,"osm_type":"way"}},{"type":"Feature","geometry":{"type":"LineString","coordinates":[[-84.4089927,33.7633625],[-84.4088804,33.7633627],[-84.4088227,33.7633628]]},"properties":{"bicycle":"designated","crossing":"uncontrolled","crossing:markings":"zebra","crossing:markings:colour":"green;white","cycleway":"crossing","foot":"designated","highway":"cycleway","segregated":"no","osm_id":1387369134,"osm_type":"way"}},{"type":"Feature","geometry":{"type":"LineString","coordinates":[[-84.4063042,33.7633773],[-84.4052949,33.7633819]]},"properties":{"bicycle":"designated","foot":"designated","highway":"cycleway","segregated":"no","osm_id":1387369141,"osm_type":"way"}},{"type":"Feature","geometry":{"type":"LineString","coordinates":[[-84.4064431,33.7633766],[-84.4063651,33.7633773],[-84.4063042,33.7633773]]},"properties":{"bicycle":"designated","crossing":"uncontrolled","crossing:markings":"zebra","crossing:markings:colour":"green;white","foot":"designated","highway":"cycleway","segregated":"no","osm_id":1387369142,"osm_type":"way"}},{"type":"Feature","geometry":{"type":"LineString","coordinates":[[-84.4052789,33.7633816],[-84.4052104,33.7633777],[-84.4051629,33.7633774]]},"properties":{"bicycle":"designated","crossing":"marked","crossing:markings":"zebra","crossing:markings:colour":"green;white","cycleway":"crossing","foot":"designated","highway":"cycleway","segregated":"no","osm_id":1387369144,"osm_type":"way"}},{"type":"Feature","geometry":{"type":"LineString","coordinates":[[-84.4348138,33.80867],[-84.4349033,33.8086691],[-84.4351709,33.808687]]},"properties":{"bicycle":"designated","foot":"designated","highway":"cycleway","name":"Silver Comet Connector (Under Construction)","osm_id":1387473095,"osm_type":"way"}},{"type":"Feature","geometry":{"type":"LineString","coordinates":[[-84.4154684,33.7750763],[-84.4155282,33.7750641],[-84.4155942,33.7750438],[-84.415683,33.7750095],[-84.4157752,33.7749524],[-84.4158737,33.7749045],[-84.4159508,33.7748806],[-84.416049,33.7748636]]},"properties":{"bicycle":"designated","foot":"designated","highway":"cycleway","name":"Westside BeltLine Connector","segregated":"no","surface":"concrete","osm_id":1388009067,"osm_type":"way"}},{"type":"Feature","geometry":{"type":"LineString","coordinates":[[-84.4153878,33.7750815],[-84.4154281,33.7750789],[-84.4154684,33.7750763]]},"properties":{"bicycle":"designated","crossing":"marked","crossing:markings":"ladder:paired","foot":"designated","highway":"cycleway","name":"Westside BeltLine Connector","segregated":"no","surface":"concrete","osm_id":1388009068,"osm_type":"way"}},{"type":"Feature","geometry":{"type":"LineString","coordinates":[[-84.3092286,33.8883495],[-84.3091728,33.8883837],[-84.3091429,33.8884109],[-84.3090282,33.8885067],[-84.3089714,33.8885449],[-84.3087483,33.88865],[-84.3085785,33.8887369],[-84.308048,33.8890065],[-84.3080189,33.8890137],[-84.3079707,33.8890196],[-84.3079211,33.8890298],[-84.3074192,33.8892576]]},"properties":{"abandoned:railway":"rail","bicycle":"designated","foot":"designated","highway":"cycleway","name":"Chamblee Rail Trail","oneway":"no","segregated":"no","service":"spur","surface":"concrete","osm_id":1388040648,"osm_type":"way"}},{"type":"Feature","geometry":{"type":"LineString","coordinates":[[-84.3073621,33.8892948],[-84.3073277,33.8893124],[-84.3072829,33.8893331]]},"properties":{"abandoned:railway":"rail","bicycle":"designated","crossing":"marked","crossing:markings":"yes","cycleway":"crossing","foot":"designated","highway":"cycleway","name":"Chamblee Rail Trail","oneway":"no","segregated":"no","service":"spur","surface":"concrete","osm_id":1388040651,"osm_type":"way"}},{"type":"Feature","geometry":{"type":"LineString","coordinates":[[-84.450026,33.7843155],[-84.4500813,33.7843981],[-84.4501442,33.7845374],[-84.4502088,33.7846936],[-84.4502424,33.7847988],[-84.450259,33.7849265],[-84.4502437,33.7850693],[-84.4502074,33.7851526],[-84.4501456,33.7852383],[-84.4500889,33.7853295],[-84.4500634,33.7854298],[-84.4500875,33.7856692],[-84.4500491,33.7857846],[-84.4499914,33.7859756],[-84.450032,33.7861281],[-84.4500691,33.7862262],[-84.4501679,33.7863556],[-84.4504391,33.7866997],[-84.4505187,33.7868072],[-84.4505698,33.786913],[-84.4506656,33.7870572],[-84.4508244,33.7871908],[-84.4510119,33.7873717],[-84.4510655,33.7874709],[-84.4510813,33.7875667],[-84.4510717,33.7877199],[-84.4510571,33.7878842],[-84.4510663,33.7880142],[-84.4511098,33.7881013],[-84.4512122,33.7882777],[-84.4512502,33.7883804],[-84.4512647,33.7884548]]},"properties":{"bicycle":"designated","foot":"designated","highway":"cycleway","name":"Proctor Creek Greenway","osm_id":1388043748,"osm_type":"way"}},{"type":"Feature","geometry":{"type":"LineString","coordinates":[[-84.4499809,33.7842419],[-84.4500022,33.7842766],[-84.450026,33.7843155]]},"properties":{"bicycle":"designated","crossing":"marked","crossing:markings":"zebra:bicolour","cycleway":"crossing","foot":"designated","highway":"cycleway","name":"Proctor Creek Greenway","osm_id":1388043749,"osm_type":"way"}},{"type":"Feature","geometry":{"type":"LineString","coordinates":[[-84.4377639,33.6875829],[-84.4378248,33.6875091],[-84.4378674,33.6874575]]},"properties":{"bicycle":"designated","crossing":"marked","crossing:markings":"ladder:paired","cycleway":"crossing","foot":"designated","highway":"cycleway","name":"East Point PATH","surface":"concrete","osm_id":1388050806,"osm_type":"way"}},{"type":"Feature","geometry":{"type":"LineString","coordinates":[[-84.4378674,33.6874575],[-84.4381615,33.6870536],[-84.4382342,33.6870252],[-84.4384676,33.6866945],[-84.4385716,33.6865347]]},"properties":{"bicycle":"designated","foot":"designated","highway":"cycleway","name":"East Point PATH","surface":"concrete","osm_id":1388050807,"osm_type":"way"}},{"type":"Feature","geometry":{"type":"LineString","coordinates":[[-84.4385716,33.6865347],[-84.4386748,33.6864159],[-84.4387302,33.6863502]]},"properties":{"bicycle":"designated","crossing":"marked","crossing:markings":"ladder:paired","cycleway":"crossing","foot":"designated","highway":"cycleway","name":"East Point PATH","surface":"concrete","osm_id":1388050808,"osm_type":"way"}},{"type":"Feature","geometry":{"type":"LineString","coordinates":[[-84.4377462,33.6838948],[-84.4377378,33.6838776],[-84.4377339,33.6838439],[-84.4377383,33.6837989],[-84.4377496,33.683757],[-84.4377618,33.6837214],[-84.4379032,33.6833642],[-84.4379202,33.6833649]]},"properties":{"bicycle":"designated","foot":"designated","highway":"cycleway","name":"East Point PATH","surface":"concrete","osm_id":1388050809,"osm_type":"way"}},{"type":"Feature","geometry":{"type":"LineString","coordinates":[[-84.4378519,33.6839882],[-84.4377764,33.6839398],[-84.4377462,33.6838948]]},"properties":{"bicycle":"designated","crossing":"marked","crossing:markings":"zebra:bicolour","cycleway":"crossing","foot":"designated","highway":"cycleway","name":"East Point PATH","surface":"concrete","osm_id":1388050810,"osm_type":"way"}},{"type":"Feature","geometry":{"type":"LineString","coordinates":[[-84.4380836,33.6834521],[-84.4382503,33.6835559],[-84.4383494,33.6836212]]},"properties":{"bicycle":"designated","foot":"designated","highway":"cycleway","name":"East Point PATH","surface":"concrete","osm_id":1388050811,"osm_type":"way"}},{"type":"Feature","geometry":{"type":"LineString","coordinates":[[-84.4379202,33.6833649],[-84.4379502,33.6833785],[-84.4380836,33.6834521]]},"properties":{"bicycle":"designated","crossing":"traffic_signals","crossing:markings":"zebra:bicolour","crossing:signals":"yes","cycleway":"crossing","foot":"designated","highway":"cycleway","name":"East Point PATH","surface":"concrete","osm_id":1388050812,"osm_type":"way"}},{"type":"Feature","geometry":{"type":"LineString","coordinates":[[-84.4068654,33.7683178],[-84.4069118,33.7684195],[-84.4073872,33.7694608],[-84.4074701,33.7696046],[-84.407512,33.769657],[-84.407554,33.7697009],[-84.4075797,33.7697312],[-84.4076099,33.769771],[-84.4076516,33.7698366],[-84.4077136,33.7699614],[-84.4077267,33.7699866],[-84.4077314,33.7699955]]},"properties":{"abandoned:railway":"rail","bicycle":"designated","foot":"designated","highway":"cycleway","name":"Westside Beltline Connector","note:old_railway_operator":"AB&C","old_railway_operator":"ACL","railway":"abandoned","segregated":"no","surface":"concrete","osm_id":1388066050,"osm_type":"way"}},{"type":"Feature","geometry":{"type":"LineString","coordinates":[[-84.4077314,33.7699955],[-84.4077493,33.7700317],[-84.4077686,33.7700706]]},"properties":{"abandoned:railway":"rail","bicycle":"designated","crossing":"marked","crossing:markings":"ladder:paired","cycleway":"crossing","foot":"designated","highway":"cycleway","name":"Westside Beltline Connector","note:old_railway_operator":"AB&C","old_railway_operator":"ACL","railway":"abandoned","segregated":"no","surface":"concrete","osm_id":1388066051,"osm_type":"way"}},{"type":"Feature","geometry":{"type":"LineString","coordinates":[[-84.4077686,33.7700706],[-84.4079346,33.7704279],[-84.4080437,33.7706238],[-84.4081599,33.7707929],[-84.4083799,33.7710858],[-84.4083973,33.7711089],[-84.4084066,33.7711191]]},"properties":{"abandoned:railway":"rail","bicycle":"designated","foot":"designated","highway":"cycleway","name":"Westside Beltline Connector","note:old_railway_operator":"AB&C","old_railway_operator":"ACL","railway":"abandoned","segregated":"no","surface":"concrete","osm_id":1388066052,"osm_type":"way"}},{"type":"Feature","geometry":{"type":"LineString","coordinates":[[-84.4084066,33.7711191],[-84.4084472,33.7711641],[-84.4084864,33.7712098]]},"properties":{"abandoned:railway":"rail","bicycle":"designated","crossing":"marked","crossing:island":"no","crossing:markings":"ladder:paired","cycleway":"crossing","foot":"designated","highway":"cycleway","name":"Westside Beltline Connector","note:old_railway_operator":"AB&C","old_railway_operator":"ACL","railway":"abandoned","segregated":"no","surface":"concrete","osm_id":1388066053,"osm_type":"way"}},{"type":"Feature","geometry":{"type":"LineString","coordinates":[[-84.4417266,33.7474128],[-84.441793,33.7473601]]},"properties":{"bicycle":"designated","crossing":"marked","crossing:markings":"ladder:paired","cycleway":"crossing","foot":"designated","highway":"cycleway","name":"Westview PATH","source":"Bing","surface":"concrete","osm_id":1388076692,"osm_type":"way"}},{"type":"Feature","geometry":{"type":"LineString","coordinates":[[-84.441793,33.7473601],[-84.4418631,33.7473]]},"properties":{"bicycle":"designated","crossing":"marked","crossing:markings":"ladder:paired","cycleway":"crossing","foot":"designated","highway":"cycleway","source":"Bing","surface":"concrete","osm_id":1388076693,"osm_type":"way"}},{"type":"Feature","geometry":{"type":"LineString","coordinates":[[-84.4404809,33.7458849],[-84.4402067,33.7456222],[-84.4396808,33.7450876]]},"properties":{"bicycle":"designated","foot":"designated","highway":"cycleway","source":"Bing","surface":"concrete","osm_id":1388076694,"osm_type":"way"}},{"type":"Feature","geometry":{"type":"LineString","coordinates":[[-84.4405267,33.7459302],[-84.4405046,33.7459076],[-84.4404809,33.7458849]]},"properties":{"bicycle":"designated","crossing":"unmarked","crossing:markings":"no","cycleway":"crossing","foot":"designated","highway":"cycleway","source":"Bing","surface":"concrete","osm_id":1388076695,"osm_type":"way"}},{"type":"Feature","geometry":{"type":"LineString","coordinates":[[-84.4395247,33.744947],[-84.4395018,33.7450351],[-84.4394778,33.7451325]]},"properties":{"bicycle":"designated","crossing":"traffic_signals","crossing:markings":"ladder:paired","crossing:signals":"yes","cycleway":"crossing","foot":"designated","highway":"cycleway","source":"Bing","surface":"concrete","osm_id":1388076696,"osm_type":"way"}},{"type":"Feature","geometry":{"type":"LineString","coordinates":[[-84.4396174,33.7450183],[-84.4395541,33.7449445]]},"properties":{"bicycle":"designated","crossing":"traffic_signals","crossing:markings":"ladder:paired","crossing:signals":"yes","cycleway":"crossing","foot":"designated","highway":"cycleway","source":"Bing","surface":"concrete","osm_id":1388076697,"osm_type":"way"}},{"type":"Feature","geometry":{"type":"LineString","coordinates":[[-84.4395541,33.7449445],[-84.4395469,33.7449373],[-84.439529,33.7449378],[-84.4395247,33.744947]]},"properties":{"bicycle":"designated","foot":"designated","highway":"cycleway","source":"Bing","surface":"concrete","osm_id":1388076698,"osm_type":"way"}},{"type":"Feature","geometry":{"type":"LineString","coordinates":[[-84.4396808,33.7450876],[-84.4396174,33.7450183]]},"properties":{"bicycle":"designated","crossing":"traffic_signals","crossing:markings":"ladder:paired","crossing:signals":"yes","cycleway":"crossing","foot":"designated","highway":"cycleway","source":"Bing","surface":"concrete","osm_id":1388076699,"osm_type":"way"}},{"type":"Feature","geometry":{"type":"LineString","coordinates":[[-84.4076926,33.8199303],[-84.4076933,33.8199116],[-84.4077082,33.8196217],[-84.4077109,33.8193688],[-84.4077142,33.8193243],[-84.4077337,33.8192947],[-84.4077632,33.8192858],[-84.4078041,33.819278],[-84.407849,33.8192775],[-84.4079965,33.8192702],[-84.4081689,33.8192507],[-84.4083251,33.8192067],[-84.4085906,33.8191404],[-84.4087864,33.8190669],[-84.4090037,33.8189443],[-84.4095227,33.8185945],[-84.4099653,33.8183037],[-84.4102161,33.8182056],[-84.4103757,33.8181588],[-84.410613,33.8181165],[-84.4108625,33.8180998],[-84.4109986,33.8181115],[-84.4111153,33.8181454],[-84.4112004,33.818214],[-84.4112762,33.8183076],[-84.4113124,33.8184073],[-84.4112876,33.818546],[-84.4112011,33.8187922],[-84.411073,33.8191571],[-84.4110596,33.8192507],[-84.411073,33.8193421],[-84.4111253,33.8194379],[-84.4111723,33.8195048],[-84.4112447,33.8195638],[-84.4113413,33.8196128],[-84.4114405,33.8196451],[-84.4115652,33.8196563],[-84.411759,33.8196407],[-84.4119293,33.8196134],[-84.4121144,33.8195811],[-84.4121949,33.8195766],[-84.4122941,33.8195861],[-84.41251,33.8196708],[-84.4125737,33.8197276],[-84.4126582,33.8198323],[-84.4127206,33.8199827],[-84.4129016,33.8204568],[-84.4129828,33.8207526],[-84.4130149,33.8210234],[-84.4130096,33.8213732],[-84.4128996,33.8221108],[-84.412846,33.8224539]]},"properties":{"bicycle":"yes","foot":"designated","highway":"cycleway","osm_id":1388085009,"osm_type":"way"}},{"type":"Feature","geometry":{"type":"LineString","coordinates":[[-84.4076973,33.8207005],[-84.4076971,33.8206349],[-84.4076971,33.8205621]]},"properties":{"bicycle":"designated","crossing":"traffic_signals","crossing:markings":"ladder:paired","crossing:signals":"yes","cycleway":"crossing","foot":"designated","highway":"cycleway","osm_id":1388085010,"osm_type":"way"}},{"type":"Feature","geometry":{"type":"LineString","coordinates":[[-84.412846,33.8224539],[-84.4128688,33.8226356],[-84.4129184,33.8227381],[-84.4130699,33.8229185],[-84.413204,33.823011],[-84.4133341,33.8230623],[-84.4134669,33.8230712],[-84.413605,33.82306],[-84.4137445,33.8230077],[-84.4139282,33.8228873],[-84.4140369,33.822825],[-84.4142407,33.8227447],[-84.4143681,33.8227102],[-84.4147423,33.8226924],[-84.4151218,33.8226979],[-84.4156677,33.8227113],[-84.415728,33.8227336],[-84.4157783,33.8227815],[-84.4158004,33.8229041],[-84.415897,33.823499],[-84.4160117,33.8238099],[-84.4161995,33.8243192]]},"properties":{"bicycle":"yes","foot":"designated","highway":"cycleway","osm_id":1388085011,"osm_type":"way"}},{"type":"Feature","geometry":{"type":"LineString","coordinates":[[-84.4161995,33.8243192],[-84.4162765,33.8245279],[-84.4164378,33.8249779]]},"properties":{"bicycle":"yes","bridge":"yes","foot":"designated","highway":"cycleway","layer":"1","osm_id":1388085012,"osm_type":"way"}},{"type":"Feature","geometry":{"type":"LineString","coordinates":[[-84.4076971,33.8205621],[-84.4076877,33.8205485],[-84.407683,33.8205184]]},"properties":{"bicycle":"yes","foot":"designated","highway":"cycleway","osm_id":1388085013,"osm_type":"way"}},{"type":"Feature","geometry":{"type":"LineString","coordinates":[[-84.407683,33.8205184],[-84.4076926,33.8199303]]},"properties":{"bicycle":"yes","bridge":"yes","foot":"designated","highway":"cycleway","layer":"1","osm_id":1388085014,"osm_type":"way"}},{"type":"Feature","geometry":{"type":"LineString","coordinates":[[-84.4531655,33.8201776],[-84.4531211,33.8201547]]},"properties":{"bicycle":"designated","foot":"designated","highway":"cycleway","osm_id":1388090484,"osm_type":"way"}},{"type":"Feature","geometry":{"type":"LineString","coordinates":[[-84.4532681,33.8202335],[-84.4532166,33.8202054],[-84.4531655,33.8201776]]},"properties":{"bicycle":"designated","crossing":"marked","crossing:markings":"ladder:paired","cycleway":"crossing","foot":"designated","highway":"cycleway","osm_id":1388090485,"osm_type":"way"}},{"type":"Feature","geometry":{"type":"LineString","coordinates":[[-84.4533942,33.8203052],[-84.4533076,33.8202562],[-84.4532681,33.8202335]]},"properties":{"bicycle":"designated","foot":"designated","highway":"cycleway","osm_id":1388090486,"osm_type":"way"}},{"type":"Feature","geometry":{"type":"LineString","coordinates":[[-84.4534752,33.8203506],[-84.4534323,33.8203267],[-84.4533942,33.8203052]]},"properties":{"bicycle":"designated","crossing":"marked","crossing:markings":"ladder:paired","cycleway":"crossing","foot":"designated","highway":"cycleway","osm_id":1388090487,"osm_type":"way"}},{"type":"Feature","geometry":{"type":"LineString","coordinates":[[-84.4537872,33.8205239],[-84.4534752,33.8203506]]},"properties":{"bicycle":"designated","foot":"designated","highway":"cycleway","segregated":"no","surface":"concrete","osm_id":1388090488,"osm_type":"way"}},{"type":"Feature","geometry":{"type":"LineString","coordinates":[[-84.4539005,33.8205862],[-84.4538398,33.8205531],[-84.4537872,33.8205239]]},"properties":{"bicycle":"designated","crossing":"marked","crossing:markings":"ladder:paired","cycleway":"crossing","foot":"designated","highway":"cycleway","osm_id":1388090489,"osm_type":"way"}},{"type":"Feature","geometry":{"type":"LineString","coordinates":[[-84.454312,33.8208108],[-84.4539005,33.8205862]]},"properties":{"bicycle":"designated","foot":"designated","highway":"cycleway","segregated":"no","surface":"concrete","osm_id":1388090490,"osm_type":"way"}},{"type":"Feature","geometry":{"type":"LineString","coordinates":[[-84.4544519,33.8208878],[-84.454382,33.820849],[-84.454312,33.8208108]]},"properties":{"bicycle":"designated","crossing":"marked","crossing:markings":"ladder:paired","cycleway":"crossing","foot":"designated","highway":"cycleway","osm_id":1388090491,"osm_type":"way"}},{"type":"Feature","geometry":{"type":"LineString","coordinates":[[-84.4321214,33.7472877],[-84.4321086,33.7473138]]},"properties":{"bicycle":"designated","cycleway":"crossing","foot":"designated","highway":"cycleway","osm_id":1388093206,"osm_type":"way"}},{"type":"Feature","geometry":{"type":"LineString","coordinates":[[-84.4620644,33.8832114],[-84.4620018,33.8832689],[-84.4616473,33.8835367]]},"properties":{"bicycle":"designated","foot":"designated","highway":"cycleway","name":"Akers Mill W Trail","segregated":"no","surface":"concrete","osm_id":1388093851,"osm_type":"way"}},{"type":"Feature","geometry":{"type":"LineString","coordinates":[[-84.4616473,33.8835367],[-84.4616079,33.8835672],[-84.4615486,33.8836131],[-84.4615202,33.8836351]]},"properties":{"bicycle":"designated","crossing":"unmarked","crossing:markings":"no","cycleway":"crossing","foot":"designated","highway":"cycleway","name":"Akers Mill W Trail","segregated":"no","surface":"concrete","osm_id":1388093852,"osm_type":"way"}},{"type":"Feature","geometry":{"type":"LineString","coordinates":[[-84.4615202,33.8836351],[-84.4613671,33.8837499]]},"properties":{"bicycle":"designated","foot":"designated","highway":"cycleway","name":"Akers Mill W Trail","segregated":"no","surface":"concrete","osm_id":1388093853,"osm_type":"way"}},{"type":"Feature","geometry":{"type":"LineString","coordinates":[[-84.4613671,33.8837499],[-84.4613349,33.883774],[-84.4613032,33.8837965]]},"properties":{"bicycle":"designated","crossing":"unmarked","crossing:markings":"no","cycleway":"crossing","foot":"designated","highway":"cycleway","name":"Akers Mill W Trail","segregated":"no","surface":"concrete","osm_id":1388093854,"osm_type":"way"}},{"type":"Feature","geometry":{"type":"LineString","coordinates":[[-84.4613032,33.8837965],[-84.4609446,33.8840447]]},"properties":{"bicycle":"designated","foot":"designated","highway":"cycleway","name":"Akers Mill W Trail","segregated":"no","surface":"concrete","osm_id":1388093855,"osm_type":"way"}},{"type":"Feature","geometry":{"type":"LineString","coordinates":[[-84.4609446,33.8840447],[-84.460912,33.8840667],[-84.4608619,33.8841007]]},"properties":{"bicycle":"designated","crossing":"unmarked","crossing:markings":"no","cycleway":"crossing","foot":"designated","highway":"cycleway","name":"Akers Mill W Trail","segregated":"no","surface":"concrete","osm_id":1388093856,"osm_type":"way"}},{"type":"Feature","geometry":{"type":"LineString","coordinates":[[-84.4608619,33.8841007],[-84.4606274,33.8842517]]},"properties":{"bicycle":"designated","foot":"designated","highway":"cycleway","name":"Akers Mill W Trail","segregated":"no","surface":"concrete","osm_id":1388093857,"osm_type":"way"}},{"type":"Feature","geometry":{"type":"LineString","coordinates":[[-84.4606274,33.8842517],[-84.4605736,33.8842863],[-84.4605147,33.884325]]},"properties":{"bicycle":"designated","crossing":"unmarked","crossing:markings":"no","cycleway":"crossing","foot":"designated","highway":"cycleway","name":"Akers Mill W Trail","segregated":"no","surface":"concrete","osm_id":1388093858,"osm_type":"way"}},{"type":"Feature","geometry":{"type":"LineString","coordinates":[[-84.4204435,33.7565621],[-84.42038,33.7565594],[-84.4203396,33.7565605]]},"properties":{"bicycle":"designated","crossing":"unmarked","cycleway":"crossing","foot":"designated","highway":"cycleway","name":"Lionel Hampton PATH Trail","surface":"asphalt","osm_id":1388094117,"osm_type":"way"}},{"type":"Feature","geometry":{"type":"LineString","coordinates":[[-84.4203396,33.7565605],[-84.4203231,33.756561]]},"properties":{"bicycle":"designated","foot":"designated","highway":"cycleway","name":"Lionel Hampton PATH Trail","osm_id":1388094118,"osm_type":"way"}},{"type":"Feature","geometry":{"type":"LineString","coordinates":[[-84.3980924,33.7727984],[-84.397738,33.772727],[-84.3974508,33.7726286],[-84.3973233,33.7725641],[-84.3972867,33.7725456],[-84.3972276,33.7725099]]},"properties":{"foot":"yes","highway":"cycleway","lanes":"2","name":"PATH Parkway","oneway":"no","segregated":"yes","short_name":"Tech Parkway","surface":"concrete","tiger:cfcc":"A41","tiger:county":"Fulton, GA","tiger:name_base":"Tech","tiger:name_direction_suffix":"NW","tiger:name_type":"Pky","tiger:reviewed":"no","osm_id":1388098916,"osm_type":"way"}},{"type":"Feature","geometry":{"type":"LineString","coordinates":[[-84.396226,33.7695665],[-84.3962057,33.7691051],[-84.3961727,33.7690032]]},"properties":{"bicycle":"designated","foot":"no","highway":"cycleway","lanes":"2","name":"PATH Parkway","oneway":"no","segregated":"no","short_name":"Tech Parkway","surface":"concrete","tiger:cfcc":"A41","tiger:county":"Fulton, GA","tiger:name_base":"Tech","tiger:name_direction_suffix":"NW","tiger:name_type":"Pky","tiger:reviewed":"no","osm_id":1388098917,"osm_type":"way"}},{"type":"Feature","geometry":{"type":"LineString","coordinates":[[-84.3962269,33.7697197],[-84.3962261,33.7696854],[-84.3962259,33.7696533]]},"properties":{"bicycle":"designated","crossing":"marked","crossing:markings":"zebra:bicolour","cycleway":"crossing","foot":"designated","highway":"cycleway","lanes":"2","name":"PATH Parkway","oneway":"no","segregated":"no","short_name":"Tech Parkway","surface":"concrete","tiger:cfcc":"A41","tiger:county":"Fulton, GA","tiger:name_base":"Tech","tiger:name_direction_suffix":"NW","tiger:name_type":"Pky","tiger:reviewed":"no","osm_id":1388098918,"osm_type":"way"}},{"type":"Feature","geometry":{"type":"LineString","coordinates":[[-84.396233,33.7699881],[-84.3962269,33.7697197]]},"properties":{"bicycle":"designated","foot":"designated","highway":"cycleway","lanes":"2","name":"PATH Parkway","oneway":"no","segregated":"no","short_name":"Tech Parkway","surface":"concrete","tiger:cfcc":"A41","tiger:county":"Fulton, GA","tiger:name_base":"Tech","tiger:name_direction_suffix":"NW","tiger:name_type":"Pky","tiger:reviewed":"no","osm_id":1388098919,"osm_type":"way"}},{"type":"Feature","geometry":{"type":"LineString","coordinates":[[-84.3962339,33.7700596],[-84.3962338,33.7700232],[-84.396233,33.7699881]]},"properties":{"bicycle":"designated","crossing":"marked","crossing:markings":"zebra:bicolour","cycleway":"crossing","foot":"designated","highway":"cycleway","lanes":"2","name":"PATH Parkway","oneway":"no","segregated":"no","short_name":"Tech Parkway","surface":"concrete","tiger:cfcc":"A41","tiger:county":"Fulton, GA","tiger:name_base":"Tech","tiger:name_direction_suffix":"NW","tiger:name_type":"Pky","tiger:reviewed":"no","osm_id":1388098920,"osm_type":"way"}},{"type":"Feature","geometry":{"type":"LineString","coordinates":[[-84.3961727,33.7690032],[-84.3961691,33.7689462],[-84.3961692,33.7688203],[-84.3961663,33.7682943],[-84.3961843,33.7681492],[-84.3961935,33.7679426],[-84.396194,33.7679344],[-84.3961908,33.7678348],[-84.3961811,33.7677352],[-84.3961773,33.7676818]]},"properties":{"bicycle":"designated","foot":"no","highway":"cycleway","lanes":"2","name":"PATH Parkway","oneway":"no","short_name":"Tech Parkway","surface":"asphalt","tiger:cfcc":"A41","tiger:county":"Fulton, GA","tiger:name_base":"Tech","tiger:name_direction_suffix":"NW","tiger:name_type":"Pky","tiger:reviewed":"no","osm_id":1388098921,"osm_type":"way"}},{"type":"Feature","geometry":{"type":"LineString","coordinates":[[-84.3962259,33.7696533],[-84.3962258,33.769635],[-84.396226,33.7695665]]},"properties":{"bicycle":"designated","foot":"designated","highway":"cycleway","lanes":"2","name":"PATH Parkway","oneway":"no","segregated":"no","short_name":"Tech Parkway","surface":"concrete","tiger:cfcc":"A41","tiger:county":"Fulton, GA","tiger:name_base":"Tech","tiger:name_direction_suffix":"NW","tiger:name_type":"Pky","tiger:reviewed":"no","osm_id":1388098922,"osm_type":"way"}},{"type":"Feature","geometry":{"type":"LineString","coordinates":[[-84.2683378,33.7798639],[-84.2683725,33.7798565]]},"properties":{"bicycle":"designated","check_date:surface":"2020-12-29","foot":"designated","highway":"cycleway","lcn_ref":"PATH","motor_vehicle":"no","name":"Stone Mountain Trail","segregated":"no","surface":"concrete","osm_id":1388099989,"osm_type":"way"}},{"type":"Feature","geometry":{"type":"LineString","coordinates":[[-84.3196178,33.7629545],[-84.319692,33.7629393],[-84.3198152,33.7629271]]},"properties":{"bicycle":"designated","foot":"no","highway":"cycleway","lcn_ref":"PATH","motor_vehicle":"no","name":"Stone Mountain Trail","segregated":"no","surface":"concrete","osm_id":1388103426,"osm_type":"way"}},{"type":"Feature","geometry":{"type":"LineString","coordinates":[[-84.429901,33.8017293],[-84.4308833,33.8024257],[-84.430917,33.8024548]]},"properties":{"bicycle":"designated","foot":"designated","highway":"cycleway","name":"Silver Comet Connector","oneway":"no","segregated":"no","osm_id":1388140894,"osm_type":"way"}},{"type":"Feature","geometry":{"type":"LineString","coordinates":[[-84.3633027,33.8216087],[-84.3633026,33.8218864],[-84.3633195,33.8220016],[-84.3632913,33.8220469],[-84.363287,33.8220793],[-84.3632883,33.8220984],[-84.3633114,33.8221446],[-84.3632898,33.82227],[-84.3632213,33.8224744]]},"properties":{"bicycle":"designated","foot":"designated","highway":"cycleway","name":"PATH400","oneway":"no","segregated":"no","smoothness":"good","surface":"concrete","width":"3","osm_id":1388205735,"osm_type":"way"}},{"type":"Feature","geometry":{"type":"LineString","coordinates":[[-84.3632213,33.8224744],[-84.3630789,33.8228561]]},"properties":{"bicycle":"designated","foot":"designated","highway":"cycleway","name":"PATH400","oneway":"no","segregated":"no","smoothness":"good","surface":"concrete","width":"3","osm_id":1388205736,"osm_type":"way"}},{"type":"Feature","geometry":{"type":"LineString","coordinates":[[-84.4719399,33.878223],[-84.4719345,33.8782294],[-84.4719083,33.8781984],[-84.471747,33.8781162],[-84.4714834,33.8779783],[-84.4714383,33.8779677],[-84.4713313,33.8779666],[-84.4712558,33.8779927],[-84.4711665,33.8780456]]},"properties":{"bicycle":"designated","foot":"designated","highway":"cycleway","motor_vehicle":"no","name":"Silver Comet Trail Cumberland Connector","segregated":"no","surface":"concrete","osm_id":1388247079,"osm_type":"way"}},{"type":"Feature","geometry":{"type":"LineString","coordinates":[[-84.4720685,33.8780615],[-84.4720002,33.8781498],[-84.4719634,33.8781943],[-84.4719399,33.878223]]},"properties":{"bicycle":"designated","crossing":"uncontrolled","crossing:markings":"ladder:paired","cycleway":"crossing","foot":"designated","highway":"cycleway","motor_vehicle":"no","name":"Silver Comet Trail Cumberland Connector","segregated":"no","surface":"concrete","osm_id":1388247080,"osm_type":"way"}},{"type":"Feature","geometry":{"type":"LineString","coordinates":[[-84.4123802,33.774525],[-84.4124148,33.7745378],[-84.4124617,33.7745552]]},"properties":{"abandoned:railway":"rail","bicycle":"designated","crossing":"marked","crossing:markings":"ladder:paired","cycleway":"crossing","electrified":"no","end_date:railway":"2019","foot":"designated","highway":"cycleway","name":"Westside BeltLine Connector","note:old_railway_operator":"AB&C","old_railway_operator":"ACL","railway":"abandoned","segregated":"no","surface":"concrete","osm_id":1388247096,"osm_type":"way"}},{"type":"Feature","geometry":{"type":"LineString","coordinates":[[-84.4621879,33.8830889],[-84.462176,33.8831007]]},"properties":{"bicycle":"designated","foot":"designated","highway":"cycleway","name":"Akers Mill W Trail","segregated":"no","surface":"concrete","osm_id":1388247751,"osm_type":"way"}},{"type":"Feature","geometry":{"type":"LineString","coordinates":[[-84.4620727,33.8832031],[-84.4620644,33.8832114]]},"properties":{"bicycle":"designated","foot":"designated","highway":"cycleway","name":"Akers Mill W Trail","segregated":"no","surface":"concrete","osm_id":1388247752,"osm_type":"way"}},{"type":"Feature","geometry":{"type":"LineString","coordinates":[[-84.4573953,33.6891863],[-84.457855,33.6892691],[-84.458206,33.6893318],[-84.4585432,33.6893963],[-84.4585849,33.6894675]]},"properties":{"bicycle":"designated","foot":"designated","highway":"cycleway","name":"East Point PATH","surface":"concrete","osm_id":1388252136,"osm_type":"way"}},{"type":"Feature","geometry":{"type":"LineString","coordinates":[[-84.4572701,33.6891649],[-84.4573292,33.6891754],[-84.4573953,33.6891863]]},"properties":{"bicycle":"designated","crossing":"marked","crossing:markings":"ladder:paired","cycleway":"crossing","foot":"designated","highway":"cycleway","name":"East Point PATH","surface":"concrete","osm_id":1388252137,"osm_type":"way"}},{"type":"Feature","geometry":{"type":"LineString","coordinates":[[-84.4535611,33.6874629],[-84.4536144,33.687501],[-84.4537292,33.6876207],[-84.4538896,33.6877448],[-84.4540789,33.6878914],[-84.4546085,33.6882804],[-84.4547398,33.6883769],[-84.4552562,33.6886827],[-84.455664,33.688846],[-84.4561362,33.688969],[-84.456345,33.6890033],[-84.4564738,33.6890244],[-84.4566555,33.6890542],[-84.4572111,33.6891544],[-84.4572701,33.6891649]]},"properties":{"bicycle":"designated","foot":"designated","highway":"cycleway","name":"East Point PATH","surface":"concrete","osm_id":1388252138,"osm_type":"way"}},{"type":"Feature","geometry":{"type":"LineString","coordinates":[[-84.4534134,33.6873576],[-84.4534591,33.6873901],[-84.4535611,33.6874629]]},"properties":{"bicycle":"designated","crossing":"unmarked","crossing:markings":"no","cycleway":"crossing","foot":"designated","highway":"cycleway","name":"East Point PATH","surface":"concrete","osm_id":1388252139,"osm_type":"way"}},{"type":"Feature","geometry":{"type":"LineString","coordinates":[[-84.4500071,33.6850544],[-84.4500535,33.6850559],[-84.4502958,33.6850716],[-84.4505585,33.6851206],[-84.4508009,33.6852186],[-84.4508878,33.6852559],[-84.4509879,33.6852989],[-84.4512221,33.6853995],[-84.451811,33.6856992],[-84.4521032,33.6859046],[-84.4522368,33.6860177],[-84.4523863,33.6860761],[-84.4525674,33.686208],[-84.4527554,33.6863984],[-84.4528495,33.6865291],[-84.4528893,33.6865832],[-84.4529329,33.6866426],[-84.4530217,33.6867635],[-84.4531382,33.6868921],[-84.4533692,33.6871691],[-84.4534134,33.6873576]]},"properties":{"bicycle":"designated","foot":"designated","highway":"cycleway","name":"East Point PATH","surface":"concrete","osm_id":1388252140,"osm_type":"way"}},{"type":"Feature","geometry":{"type":"LineString","coordinates":[[-84.449858,33.6850537],[-84.4499181,33.6850536],[-84.4500071,33.6850544]]},"properties":{"bicycle":"designated","crossing":"marked","crossing:markings":"zebra:bicolour","cycleway":"crossing","foot":"designated","highway":"cycleway","name":"East Point PATH","surface":"concrete","osm_id":1388252141,"osm_type":"way"}},{"type":"Feature","geometry":{"type":"LineString","coordinates":[[-84.4495922,33.6850735],[-84.4496367,33.685066],[-84.4498116,33.6850553],[-84.449858,33.6850537]]},"properties":{"bicycle":"designated","foot":"designated","highway":"cycleway","name":"East Point PATH","surface":"concrete","osm_id":1388252142,"osm_type":"way"}},{"type":"Feature","geometry":{"type":"LineString","coordinates":[[-84.4494786,33.6850923],[-84.4495271,33.6850844],[-84.4495922,33.6850735]]},"properties":{"bicycle":"designated","crossing":"marked","crossing:markings":"zebra:bicolour","cycleway":"crossing","foot":"designated","highway":"cycleway","name":"East Point PATH","surface":"concrete","osm_id":1388252143,"osm_type":"way"}},{"type":"Feature","geometry":{"type":"LineString","coordinates":[[-84.4475293,33.6857335],[-84.4475304,33.6857086],[-84.4478588,33.6856295],[-84.4481079,33.6855503],[-84.448955,33.6852243],[-84.4491996,33.6851489],[-84.4494238,33.6851018],[-84.4494786,33.6850923]]},"properties":{"bicycle":"designated","foot":"designated","highway":"cycleway","name":"East Point PATH","surface":"concrete","osm_id":1388252144,"osm_type":"way"}},{"type":"Feature","geometry":{"type":"LineString","coordinates":[[-84.4475222,33.6858847],[-84.4475233,33.6858661],[-84.4475281,33.6857583],[-84.4475293,33.6857335]]},"properties":{"bicycle":"designated","crossing":"traffic_signals","crossing:markings":"zebra:bicolour","crossing:signals":"yes","cycleway":"crossing","foot":"designated","highway":"cycleway","name":"East Point PATH","surface":"concrete","osm_id":1388252145,"osm_type":"way"}},{"type":"Feature","geometry":{"type":"LineString","coordinates":[[-84.4566927,33.8813158],[-84.4567132,33.881355],[-84.4567493,33.8814243],[-84.4568619,33.8816781],[-84.4570215,33.8820272],[-84.4571181,33.8822404],[-84.4571655,33.8823093],[-84.4571939,33.8823656]]},"properties":{"bicycle":"designated","foot":"designated","highway":"cycleway","name":"Cobb Galleria Trail","surface":"concrete","osm_id":1388253591,"osm_type":"way"}},{"type":"Feature","geometry":{"type":"LineString","coordinates":[[-84.4571939,33.8823656],[-84.4572173,33.8824159],[-84.4572584,33.8825041]]},"properties":{"bicycle":"designated","crossing":"traffic_signals","crossing:markings":"surface","crossing:signals":"yes","cycleway":"crossing","foot":"designated","highway":"cycleway","name":"Cobb Galleria Trail","osm_id":1388253592,"osm_type":"way"}},{"type":"Feature","geometry":{"type":"LineString","coordinates":[[-84.4475018,33.6859101],[-84.4475213,33.6859084],[-84.4475222,33.6858847]]},"properties":{"bicycle":"designated","foot":"designated","highway":"cycleway","name":"East Point PATH","surface":"concrete","osm_id":1388257603,"osm_type":"way"}},{"type":"Feature","geometry":{"type":"LineString","coordinates":[[-84.4473311,33.6859254],[-84.4474297,33.6859166],[-84.4475018,33.6859101]]},"properties":{"bicycle":"designated","crossing":"traffic_signals","crossing:markings":"zebra:bicolour","crossing:signals":"yes","cycleway":"crossing","foot":"designated","highway":"cycleway","name":"East Point PATH","surface":"concrete","osm_id":1388257604,"osm_type":"way"}},{"type":"Feature","geometry":{"type":"LineString","coordinates":[[-84.4452821,33.6857038],[-84.4453539,33.6857199],[-84.4457615,33.6857991],[-84.4460197,33.6858518],[-84.4463028,33.6859103],[-84.4465203,33.6859385],[-84.4469415,33.685948],[-84.4472473,33.6859329],[-84.4473139,33.6859269],[-84.4473311,33.6859254]]},"properties":{"bicycle":"designated","foot":"designated","highway":"cycleway","name":"East Point PATH","surface":"concrete","osm_id":1388257607,"osm_type":"way"}},{"type":"Feature","geometry":{"type":"LineString","coordinates":[[-84.4451102,33.6856652],[-84.4452102,33.6856876],[-84.4452821,33.6857038]]},"properties":{"bicycle":"designated","crossing":"marked","crossing:markings":"zebra:bicolour","cycleway":"crossing","foot":"designated","highway":"cycleway","name":"East Point PATH","surface":"concrete","osm_id":1388257608,"osm_type":"way"}},{"type":"Feature","geometry":{"type":"LineString","coordinates":[[-84.442751,33.6852209],[-84.4429576,33.6852299],[-84.4437775,33.6853901],[-84.4443392,33.6855107],[-84.4450436,33.6856502],[-84.4451102,33.6856652]]},"properties":{"bicycle":"designated","foot":"designated","highway":"cycleway","name":"East Point PATH","surface":"concrete","osm_id":1388257609,"osm_type":"way"}},{"type":"Feature","geometry":{"type":"LineString","coordinates":[[-84.4425962,33.6851917],[-84.4426695,33.6852054],[-84.442751,33.6852209]]},"properties":{"bicycle":"designated","crossing":"marked","crossing:markings":"zebra:bicolour","cycleway":"crossing","foot":"designated","highway":"cycleway","name":"East Point PATH","surface":"concrete","osm_id":1388257610,"osm_type":"way"}},{"type":"Feature","geometry":{"type":"LineString","coordinates":[[-84.4401666,33.74744],[-84.4402265,33.7474385],[-84.4402736,33.7474393]]},"properties":{"bicycle":"designated","crossing":"marked","crossing:markings":"ladder:paired","cycleway":"crossing","foot":"designated","highway":"cycleway","name":"Westview PATH","source":"Bing","surface":"concrete","osm_id":1388258135,"osm_type":"way"}},{"type":"Feature","geometry":{"type":"LineString","coordinates":[[-84.4400932,33.7474419],[-84.4401383,33.7474407],[-84.4401666,33.74744]]},"properties":{"bicycle":"designated","foot":"designated","highway":"cycleway","name":"Westview PATH","source":"Bing","surface":"concrete","osm_id":1388258136,"osm_type":"way"}},{"type":"Feature","geometry":{"type":"LineString","coordinates":[[-84.4591835,33.8268153],[-84.4591546,33.8267524],[-84.4591341,33.8267046]]},"properties":{"bicycle":"designated","crossing":"unmarked","crossing:markings":"no","cycleway":"crossing","foot":"designated","highway":"cycleway","osm_id":1388258373,"osm_type":"way"}},{"type":"Feature","geometry":{"type":"LineString","coordinates":[[-84.4420214,33.685913],[-84.4420787,33.6859388],[-84.4421321,33.6859625]]},"properties":{"bicycle":"designated","crossing":"unmarked","crossing:markings":"no","cycleway":"crossing","foot":"designated","highway":"cycleway","name":"East Point PATH","osm_id":1388261179,"osm_type":"way"}},{"type":"Feature","geometry":{"type":"LineString","coordinates":[[-84.4508125,33.8156654],[-84.4509834,33.8163696],[-84.451138,33.816757],[-84.4512619,33.8170947],[-84.451658,33.817979],[-84.4518963,33.8184435],[-84.452009,33.818663],[-84.452477,33.819405],[-84.453035,33.819938],[-84.4531324,33.8200525],[-84.453134,33.8201021],[-84.4531211,33.8201547]]},"properties":{"abandoned:railway":"rail","bicycle":"designated","foot":"designated","highway":"cycleway","highway_1":"cycleway","name":"Whetstone Creek PATH Trail","railway":"abandoned","segregated":"no","surface":"concrete","osm_id":1388264381,"osm_type":"way"}},{"type":"Feature","geometry":{"type":"LineString","coordinates":[[-84.4507966,33.8155973],[-84.4508044,33.8156321],[-84.4508125,33.8156654]]},"properties":{"abandoned:railway":"rail","bicycle":"designated","crossing":"marked","crossing:markings":"ladder:paired","cycleway":"crossing","foot":"designated","highway":"cycleway","highway_1":"cycleway","name":"Whetstone Creek PATH Trail","railway":"abandoned","segregated":"no","surface":"paved","osm_id":1388264382,"osm_type":"way"}},{"type":"Feature","geometry":{"type":"LineString","coordinates":[[-84.4506218,33.8148146],[-84.4507966,33.8155973]]},"properties":{"abandoned:railway":"rail","bicycle":"designated","foot":"designated","highway":"cycleway","highway_1":"cycleway","name":"Whetstone Creek PATH Trail","railway":"abandoned","segregated":"no","surface":"concrete","osm_id":1388264383,"osm_type":"way"}},{"type":"Feature","geometry":{"type":"LineString","coordinates":[[-84.4506027,33.8147353],[-84.4506136,33.8147778],[-84.4506218,33.8148146]]},"properties":{"abandoned:railway":"rail","bicycle":"designated","crossing":"marked","crossing:markings":"ladder:paired","cycleway":"crossing","foot":"designated","highway":"cycleway","highway_1":"cycleway","name":"Whetstone Creek PATH Trail","railway":"abandoned","segregated":"no","surface":"paved","osm_id":1388264384,"osm_type":"way"}},{"type":"Feature","geometry":{"type":"LineString","coordinates":[[-84.4505685,33.8126804],[-84.4505347,33.8127747],[-84.4504068,33.8134235],[-84.4503998,33.8137458],[-84.4504815,33.8142636],[-84.4506027,33.8147353]]},"properties":{"abandoned:railway":"rail","bicycle":"designated","foot":"designated","highway":"cycleway","highway_1":"cycleway","name":"Whetstone Creek PATH Trail","railway":"abandoned","segregated":"no","surface":"concrete","osm_id":1388264385,"osm_type":"way"}},{"type":"Feature","geometry":{"type":"LineString","coordinates":[[-84.4505928,33.8126127],[-84.4505817,33.8126437],[-84.4505685,33.8126804]]},"properties":{"abandoned:railway":"rail","bicycle":"designated","crossing":"marked","crossing:markings":"yes","cycleway":"crossing","foot":"designated","highway":"cycleway","highway_1":"cycleway","name":"Whetstone Creek PATH Trail","railway":"abandoned","segregated":"no","surface":"paved","osm_id":1388264386,"osm_type":"way"}},{"type":"Feature","geometry":{"type":"LineString","coordinates":[[-84.2726031,33.7801687],[-84.2726936,33.7801759]]},"properties":{"bicycle":"designated","check_date:surface":"2020-12-29","crossing":"marked","crossing:markings":"ladder:paired","cycleway":"crossing","foot":"designated","highway":"cycleway","lcn_ref":"PATH","motor_vehicle":"no","name":"Stone Mountain Trail","segregated":"no","surface":"concrete","osm_id":1388265761,"osm_type":"way"}},{"type":"Feature","geometry":{"type":"LineString","coordinates":[[-84.397726,33.7814337],[-84.3977209,33.7815073]]},"properties":{"bicycle":"designated","foot":"no","highway":"cycleway","name":"Atlantic Drive Northwest","sidewalk":"both;right","surface":"paved","tiger:cfcc":"A41","tiger:name_base":"Atlantic","tiger:name_direction_suffix":"NW","tiger:name_type":"Dr","osm_id":1388266360,"osm_type":"way"}},{"type":"Feature","geometry":{"type":"LineString","coordinates":[[-84.4603076,33.8212238],[-84.4603749,33.8211838],[-84.4605251,33.821157],[-84.4606968,33.8211036],[-84.4608577,33.8210144],[-84.4610079,33.8208986],[-84.4611849,33.8207916],[-84.4613459,33.8206623],[-84.4614693,33.8205554],[-84.4615548,33.820444],[-84.4616386,33.8203414],[-84.4618036,33.8203417],[-84.4619991,33.8203476],[-84.4621364,33.8203519]]},"properties":{"bicycle":"designated","foot":"designated","highway":"cycleway","name":"Whetstone Creek Trail","segregated":"no","surface":"paved","osm_id":1388267954,"osm_type":"way"}},{"type":"Feature","geometry":{"type":"LineString","coordinates":[[-84.4602414,33.8212624],[-84.4602759,33.8212426],[-84.4603076,33.8212238]]},"properties":{"bicycle":"designated","crossing":"unmarked","crossing:markings":"no","cycleway":"crossing","foot":"designated","highway":"cycleway","name":"Whetstone Creek Trail","segregated":"no","surface":"paved","osm_id":1388267955,"osm_type":"way"}},{"type":"Feature","geometry":{"type":"LineString","coordinates":[[-84.4586248,33.8211293],[-84.4586778,33.8211682],[-84.4587941,33.8212275],[-84.4592229,33.821224],[-84.459587,33.8212277],[-84.4600438,33.8212328],[-84.4601174,33.821264],[-84.460222,33.8212735],[-84.4602414,33.8212624]]},"properties":{"bicycle":"designated","foot":"designated","highway":"cycleway","name":"Whetstone Creek Trail","segregated":"no","surface":"paved","osm_id":1388267956,"osm_type":"way"}},{"type":"Feature","geometry":{"type":"LineString","coordinates":[[-84.4585724,33.8210634],[-84.4585994,33.821101],[-84.4586248,33.8211293]]},"properties":{"bicycle":"designated","crossing":"marked","crossing:markings":"ladder:paired","cycleway":"crossing","foot":"designated","highway":"cycleway","name":"Whetstone Creek Trail","segregated":"no","surface":"paved","osm_id":1388267957,"osm_type":"way"}},{"type":"Feature","geometry":{"type":"LineString","coordinates":[[-84.2578587,33.7985467],[-84.257672,33.7986998],[-84.257562,33.7987889],[-84.2574748,33.7988435],[-84.257385,33.7989015],[-84.2571623,33.799072],[-84.2570567,33.7991513],[-84.2570202,33.7991946],[-84.2569706,33.7992659],[-84.2569207,33.7993822],[-84.2568901,33.7994264],[-84.2568244,33.7994877],[-84.2566546,33.7996105],[-84.2565907,33.7996127]]},"properties":{"bicycle":"designated","foot":"designated","highway":"cycleway","lcn":"yes","lcn_ref":"PATH","motor_vehicle":"no","name":"Stone Mountain Trail","segregated":"no","surface":"concrete","osm_id":1388271717,"osm_type":"way"}},{"type":"Feature","geometry":{"type":"LineString","coordinates":[[-84.2579343,33.7984818],[-84.2578955,33.7985159],[-84.2578587,33.7985467]]},"properties":{"bicycle":"designated","crossing":"unmarked","crossing:markings":"no","cycleway":"crossing","foot":"designated","highway":"cycleway","lcn":"yes","lcn_ref":"PATH","motor_vehicle":"no","name":"Stone Mountain Trail","segregated":"no","surface":"concrete","osm_id":1388271718,"osm_type":"way"}},{"type":"Feature","geometry":{"type":"LineString","coordinates":[[-84.2588917,33.7978506],[-84.2587207,33.7979642],[-84.2586443,33.798011],[-84.2585705,33.7980511],[-84.2583546,33.7981537],[-84.2583076,33.7981793],[-84.25825,33.7982161],[-84.258088,33.798348],[-84.2579343,33.7984818]]},"properties":{"bicycle":"designated","foot":"designated","highway":"cycleway","lcn":"yes","lcn_ref":"PATH","motor_vehicle":"no","name":"Stone Mountain Trail","segregated":"no","surface":"concrete","osm_id":1388271719,"osm_type":"way"}},{"type":"Feature","geometry":{"type":"LineString","coordinates":[[-84.2589827,33.7977874],[-84.2589283,33.7978263],[-84.2588917,33.7978506]]},"properties":{"bicycle":"designated","crossing":"unmarked","crossing:markings":"no","cycleway":"crossing","foot":"designated","highway":"cycleway","lcn":"yes","lcn_ref":"PATH","motor_vehicle":"no","name":"Stone Mountain Trail","segregated":"no","surface":"concrete","osm_id":1388271720,"osm_type":"way"}},{"type":"Feature","geometry":{"type":"LineString","coordinates":[[-84.2592617,33.7975879],[-84.2590371,33.7977485],[-84.2589827,33.7977874]]},"properties":{"bicycle":"designated","foot":"designated","highway":"cycleway","lcn":"yes","lcn_ref":"PATH","motor_vehicle":"no","name":"Stone Mountain Trail","segregated":"no","surface":"concrete","osm_id":1388271721,"osm_type":"way"}},{"type":"Feature","geometry":{"type":"LineString","coordinates":[[-84.2594623,33.7974337],[-84.2593807,33.7975006],[-84.2593604,33.7975173],[-84.2592617,33.7975879]]},"properties":{"bicycle":"designated","crossing":"unmarked","crossing:markings":"no","cycleway":"crossing","foot":"designated","highway":"cycleway","lcn":"yes","lcn_ref":"PATH","motor_vehicle":"no","name":"Stone Mountain Trail","segregated":"no","surface":"concrete","osm_id":1388271722,"osm_type":"way"}},{"type":"Feature","geometry":{"type":"LineString","coordinates":[[-84.2606904,33.7962928],[-84.2601222,33.7968644],[-84.2598378,33.7971194],[-84.259752,33.7971964],[-84.2594623,33.7974337]]},"properties":{"bicycle":"designated","foot":"designated","highway":"cycleway","lcn":"yes","lcn_ref":"PATH","motor_vehicle":"no","name":"Stone Mountain Trail","segregated":"no","surface":"concrete","osm_id":1388271723,"osm_type":"way"}},{"type":"Feature","geometry":{"type":"LineString","coordinates":[[-84.2607813,33.7962119],[-84.2607383,33.7962502],[-84.2606904,33.7962928]]},"properties":{"bicycle":"designated","crossing":"unmarked","crossing:markings":"no","cycleway":"crossing","foot":"designated","highway":"cycleway","lcn":"yes","lcn_ref":"PATH","motor_vehicle":"no","name":"Stone Mountain Trail","segregated":"no","surface":"concrete","osm_id":1388271724,"osm_type":"way"}},{"type":"Feature","geometry":{"type":"LineString","coordinates":[[-84.2610698,33.7959428],[-84.2607813,33.7962119]]},"properties":{"bicycle":"designated","foot":"designated","highway":"cycleway","lcn":"yes","lcn_ref":"PATH","motor_vehicle":"no","name":"Stone Mountain Trail","segregated":"no","surface":"concrete","osm_id":1388271725,"osm_type":"way"}},{"type":"Feature","geometry":{"type":"LineString","coordinates":[[-84.2611961,33.7958229],[-84.2611441,33.7958735],[-84.2610698,33.7959428]]},"properties":{"bicycle":"designated","crossing":"marked","crossing:markings":"ladder:paired","cycleway":"crossing","foot":"designated","highway":"cycleway","lcn":"yes","lcn_ref":"PATH","motor_vehicle":"no","name":"Stone Mountain Trail","segregated":"no","surface":"concrete","osm_id":1388271726,"osm_type":"way"}},{"type":"Feature","geometry":{"type":"LineString","coordinates":[[-84.2630015,33.7937064],[-84.2629819,33.7937444],[-84.2629284,33.7938138],[-84.2628376,33.7939789],[-84.2627289,33.7941397],[-84.262496,33.7944834],[-84.2623725,33.7946369],[-84.2621734,33.7948646],[-84.2619985,33.7950476],[-84.2617015,33.7953309],[-84.2611961,33.7958229]]},"properties":{"bicycle":"designated","foot":"designated","highway":"cycleway","lcn":"yes","lcn_ref":"PATH","motor_vehicle":"no","name":"Stone Mountain Trail","segregated":"no","surface":"concrete","osm_id":1388271727,"osm_type":"way"}},{"type":"Feature","geometry":{"type":"LineString","coordinates":[[-84.2630905,33.793535],[-84.2630573,33.7935983],[-84.2630015,33.7937064]]},"properties":{"bicycle":"designated","crossing":"traffic_signals","crossing:markings":"ladder:paired","crossing:signals":"yes","cycleway":"crossing","foot":"designated","highway":"cycleway","lcn":"yes","lcn_ref":"PATH","motor_vehicle":"no","name":"Stone Mountain Trail","segregated":"no","surface":"concrete","osm_id":1388271728,"osm_type":"way"}},{"type":"Feature","geometry":{"type":"LineString","coordinates":[[-84.2633688,33.7928842],[-84.263255,33.7931554],[-84.2631225,33.7934685],[-84.2631018,33.7935135],[-84.2630905,33.793535]]},"properties":{"bicycle":"designated","foot":"designated","highway":"cycleway","lcn":"yes","lcn_ref":"PATH","motor_vehicle":"no","name":"Stone Mountain Trail","segregated":"no","surface":"concrete","osm_id":1388271729,"osm_type":"way"}},{"type":"Feature","geometry":{"type":"LineString","coordinates":[[-84.2634041,33.7928011],[-84.2633873,33.7928419],[-84.2633688,33.7928842]]},"properties":{"bicycle":"designated","crossing":"unmarked","crossing:markings":"no","cycleway":"crossing","foot":"designated","highway":"cycleway","lcn":"yes","lcn_ref":"PATH","motor_vehicle":"no","name":"Stone Mountain Trail","segregated":"no","surface":"concrete","osm_id":1388271730,"osm_type":"way"}},{"type":"Feature","geometry":{"type":"LineString","coordinates":[[-84.2637694,33.7918343],[-84.2636927,33.7919998],[-84.2635472,33.7923916],[-84.2634041,33.7928011]]},"properties":{"bicycle":"designated","foot":"designated","highway":"cycleway","lcn":"yes","lcn_ref":"PATH","motor_vehicle":"no","name":"Stone Mountain Trail","segregated":"no","surface":"concrete","osm_id":1388271731,"osm_type":"way"}},{"type":"Feature","geometry":{"type":"LineString","coordinates":[[-84.2637874,33.7917842],[-84.2637779,33.7918108],[-84.2637694,33.7918343]]},"properties":{"bicycle":"designated","crossing":"unmarked","crossing:markings":"no","cycleway":"crossing","foot":"designated","highway":"cycleway","lcn":"yes","lcn_ref":"PATH","motor_vehicle":"no","name":"Stone Mountain Trail","segregated":"no","surface":"concrete","osm_id":1388271732,"osm_type":"way"}},{"type":"Feature","geometry":{"type":"LineString","coordinates":[[-84.2639559,33.7906417],[-84.2639445,33.7907034],[-84.2638987,33.7908728],[-84.263873,33.7910583],[-84.2638644,33.7912437],[-84.2638473,33.7914442],[-84.2638301,33.7915718],[-84.2638113,33.7916797],[-84.2637874,33.7917842]]},"properties":{"bicycle":"designated","foot":"designated","highway":"cycleway","lcn":"yes","lcn_ref":"PATH","motor_vehicle":"no","name":"Stone Mountain Trail","segregated":"no","surface":"concrete","osm_id":1388271733,"osm_type":"way"}},{"type":"Feature","geometry":{"type":"LineString","coordinates":[[-84.2639637,33.790567],[-84.2639606,33.7906045],[-84.2639559,33.7906417]]},"properties":{"bicycle":"designated","crossing":"unmarked","crossing:markings":"no","cycleway":"crossing","foot":"designated","highway":"cycleway","lcn":"yes","lcn_ref":"PATH","motor_vehicle":"no","name":"Stone Mountain Trail","segregated":"no","surface":"concrete","osm_id":1388271734,"osm_type":"way"}},{"type":"Feature","geometry":{"type":"LineString","coordinates":[[-84.2628413,33.788032],[-84.2628837,33.7880976],[-84.2629333,33.7881778],[-84.2630433,33.7884085],[-84.263121,33.7885724],[-84.2632203,33.7887685],[-84.263349,33.7890316],[-84.2635125,33.7894034],[-84.2636199,33.7896357],[-84.2636776,33.7897873],[-84.2637211,33.7899287],[-84.2637608,33.7900726],[-84.2637929,33.7901952],[-84.2638157,33.7902554],[-84.2638452,33.7903067],[-84.2639123,33.7903992],[-84.2639351,33.7904371],[-84.2639498,33.7904727],[-84.2639606,33.790505],[-84.2639646,33.7905329],[-84.2639637,33.790567]]},"properties":{"bicycle":"designated","foot":"designated","highway":"cycleway","lcn":"yes","lcn_ref":"PATH","motor_vehicle":"no","name":"Stone Mountain Trail","segregated":"no","surface":"concrete","osm_id":1388271735,"osm_type":"way"}},{"type":"Feature","geometry":{"type":"LineString","coordinates":[[-84.2627996,33.7879607],[-84.2628153,33.7879917],[-84.2628413,33.788032]]},"properties":{"bicycle":"designated","crossing":"marked","crossing:markings":"lines","cycleway":"crossing","foot":"designated","highway":"cycleway","lcn":"yes","lcn_ref":"PATH","motor_vehicle":"no","name":"Stone Mountain Trail","segregated":"no","surface":"concrete","osm_id":1388271736,"osm_type":"way"}},{"type":"Feature","geometry":{"type":"LineString","coordinates":[[-84.262644,33.783038],[-84.2626342,33.7831966],[-84.2626195,33.7836012],[-84.2626141,33.7838063],[-84.2626007,33.7843246],[-84.2626027,33.7843742],[-84.2626236,33.7844593]]},"properties":{"bicycle":"designated","foot":"designated","highway":"cycleway","lcn":"yes","lcn_ref":"PATH","motor_vehicle":"no","name":"Stone Mountain Trail","segregated":"no","surface":"concrete","osm_id":1388271737,"osm_type":"way"}},{"type":"Feature","geometry":{"type":"LineString","coordinates":[[-84.2625852,33.7853418],[-84.2625839,33.7853718],[-84.2625822,33.7853998]]},"properties":{"bicycle":"designated","crossing":"marked","crossing:markings":"lines","cycleway":"crossing","foot":"designated","highway":"cycleway","lcn":"yes","lcn_ref":"PATH","motor_vehicle":"no","name":"Stone Mountain Trail","segregated":"no","surface":"concrete","osm_id":1388271738,"osm_type":"way"}},{"type":"Feature","geometry":{"type":"LineString","coordinates":[[-84.2626597,33.7845208],[-84.2626675,33.7845562],[-84.262671,33.7845927],[-84.2626691,33.784659],[-84.2626597,33.7847426],[-84.2626409,33.7848474],[-84.2626154,33.7850023],[-84.262598,33.785155],[-84.2625886,33.7852798],[-84.2625852,33.7853418]]},"properties":{"bicycle":"designated","foot":"designated","highway":"cycleway","lcn":"yes","lcn_ref":"PATH","motor_vehicle":"no","name":"Stone Mountain Trail","segregated":"no","surface":"concrete","osm_id":1388271739,"osm_type":"way"}},{"type":"Feature","geometry":{"type":"LineString","coordinates":[[-84.2626236,33.7844593],[-84.2626377,33.7844821],[-84.2626597,33.7845208]]},"properties":{"bicycle":"designated","crossing":"marked","crossing:markings":"lines","cycleway":"crossing","foot":"designated","highway":"cycleway","lcn":"yes","lcn_ref":"PATH","motor_vehicle":"no","name":"Stone Mountain Trail","segregated":"no","surface":"concrete","osm_id":1388271740,"osm_type":"way"}},{"type":"Feature","geometry":{"type":"LineString","coordinates":[[-84.2964274,33.7700483],[-84.2964554,33.7700374]]},"properties":{"bicycle":"designated","crossing":"traffic_signals","crossing:markings":"ladder:paired","crossing:signals":"yes","cycleway":"crossing","foot":"designated","highway":"cycleway","lcn_ref":"PATH","motor_vehicle":"no","name":"Stone Mountain Trail","segregated":"no","surface":"asphalt","osm_id":1388317526,"osm_type":"way"}},{"type":"Feature","geometry":{"type":"LineString","coordinates":[[-84.3651836,33.8181798],[-84.3653515,33.8181396],[-84.3656358,33.818095],[-84.3658772,33.8180505],[-84.3661508,33.8179702],[-84.3663976,33.8178499],[-84.3667423,33.8177067],[-84.3668091,33.8176895],[-84.3668214,33.8176538],[-84.3668424,33.817626]]},"properties":{"foot":"yes","highway":"cycleway","name":"PATH 400","segregated":"no","osm_id":1388526471,"osm_type":"way"}},{"type":"Feature","geometry":{"type":"LineString","coordinates":[[-84.3650258,33.8182024],[-84.3651836,33.8181798]]},"properties":{"foot":"yes","highway":"cycleway","name":"PATH 400","segregated":"no","osm_id":1388526472,"osm_type":"way"}},{"type":"Feature","geometry":{"type":"LineString","coordinates":[[-84.3633027,33.8216087],[-84.3633033,33.8208225],[-84.3633033,33.820791],[-84.3633104,33.8207763],[-84.3633324,33.8207673]]},"properties":{"bicycle":"designated","foot":"designated","highway":"cycleway","name":"PATH400","oneway":"no","segregated":"no","smoothness":"good","surface":"concrete","width":"3","osm_id":1388542620,"osm_type":"way"}},{"type":"Feature","geometry":{"type":"LineString","coordinates":[[-84.3732737,33.8499346],[-84.3733186,33.849936],[-84.3733652,33.8499374]]},"properties":{"bicycle":"yes","crossing":"uncontrolled","crossing:markings":"ladder:paired","cycleway":"crossing","foot":"yes","highway":"cycleway","horse":"no","lit":"no","name":"PATH400","surface":"paved","website":"https://livablebuckhead.com/greenspace-2/path400-trail/","width":"4","osm_id":1388643390,"osm_type":"way"}},{"type":"Feature","geometry":{"type":"LineString","coordinates":[[-84.3732279,33.8499333],[-84.3732737,33.8499346]]},"properties":{"bicycle":"yes","cycleway":"traffic_island","foot":"yes","highway":"cycleway","horse":"no","lit":"no","name":"PATH400","surface":"paved","website":"https://livablebuckhead.com/greenspace-2/path400-trail/","width":"4","osm_id":1388643391,"osm_type":"way"}},{"type":"Feature","geometry":{"type":"LineString","coordinates":[[-84.3730886,33.8500546],[-84.3731665,33.8499865],[-84.3732279,33.8499333]]},"properties":{"bicycle":"yes","crossing":"traffic_signals","crossing:markings":"ladder:paired","crossing:signals":"yes","cycleway":"crossing","foot":"yes","highway":"cycleway","horse":"no","lit":"no","name":"PATH400","surface":"paved","website":"https://livablebuckhead.com/greenspace-2/path400-trail/","width":"4","osm_id":1388643392,"osm_type":"way"}},{"type":"Feature","geometry":{"type":"LineString","coordinates":[[-84.3352275,33.8352231],[-84.3353013,33.8352628],[-84.3353674,33.8352983]]},"properties":{"cycleway":"lane","highway":"residential","name":"Corporate Boulevard Northeast","surface":"asphalt","tiger:cfcc":"A49","tiger:county":"DeKalb, GA","tiger:name_base":"Corporate","tiger:name_direction_suffix":"NE","tiger:name_type":"Blvd","tiger:reviewed":"no","osm_id":1388742022,"osm_type":"way"}},{"type":"Feature","geometry":{"type":"LineString","coordinates":[[-84.4002437,33.7541807],[-84.4002541,33.7541425],[-84.4002289,33.7541044],[-84.4002108,33.754087],[-84.4001522,33.754027],[-84.4001221,33.7540408]]},"properties":{"crossing":"marked","crossing:markings":"dashes","cycleway":"crossing","highway":"cycleway","osm_id":1388827965,"osm_type":"way"}},{"type":"Feature","geometry":{"type":"LineString","coordinates":[[-84.4295293,33.7719313],[-84.4295769,33.7720293]]},"properties":{"bicycle":"designated","foot":"designated","highway":"cycleway","name":"Proctor Creek Greenway","surface":"concrete","osm_id":1388936405,"osm_type":"way"}},{"type":"Feature","geometry":{"type":"LineString","coordinates":[[-84.3921082,33.7620354],[-84.3921586,33.7620721]]},"properties":{"highway":"cycleway","osm_id":1389222468,"osm_type":"way"}},{"type":"Feature","geometry":{"type":"LineString","coordinates":[[-84.3636173,33.7691855],[-84.3636323,33.7691799]]},"properties":{"bicycle":"designated","crossing:island":"no","foot":"designated","highway":"cycleway","surface":"asphalt","osm_id":1389749877,"osm_type":"way"}},{"type":"Feature","geometry":{"type":"LineString","coordinates":[[-84.3860659,33.7623136],[-84.3860559,33.7627952],[-84.3860369,33.7639279],[-84.3860541,33.7640035],[-84.3860917,33.764067]]},"properties":{"foot":"no","highway":"cycleway","horse":"no","name":"Peachtree Center Cycle Track","source:width":"ARCore","surface":"concrete","width":"7'8\"","osm_id":1389986987,"osm_type":"way"}},{"type":"Feature","geometry":{"type":"LineString","coordinates":[[-84.3860682,33.7621647],[-84.3860691,33.7622345],[-84.3860659,33.7623136]]},"properties":{"crossing":"marked","crossing:markings":"yes","cycleway":"crossing","foot":"no","highway":"cycleway","horse":"no","name":"Peachtree Center Cycle Track","source:width":"ARCore","surface":"concrete","width":"7'8\"","osm_id":1389986988,"osm_type":"way"}},{"type":"Feature","geometry":{"type":"LineString","coordinates":[[-84.3647983,33.7571295],[-84.364381,33.7571224]]},"properties":{"bicycle":"designated","foot":"designated","highway":"cycleway","name":"Beltline Access Line","surface":"concrete","osm_id":1390483461,"osm_type":"way"}},{"type":"Feature","geometry":{"type":"LineString","coordinates":[[-84.364981,33.7571357],[-84.3648587,33.7571306]]},"properties":{"bicycle":"designated","foot":"designated","highway":"cycleway","name":"Beltline Access Line","surface":"concrete","osm_id":1390483462,"osm_type":"way"}},{"type":"Feature","geometry":{"type":"LineString","coordinates":[[-84.3927554,33.7523448],[-84.3922707,33.7520762]]},"properties":{"highway":"cycleway","osm_id":1390862813,"osm_type":"way"}},{"type":"Feature","geometry":{"type":"LineString","coordinates":[[-84.3896327,33.7484819],[-84.3901063,33.7478784],[-84.390152,33.7477868],[-84.3901926,33.7477177],[-84.3906527,33.7471209],[-84.3906911,33.7470496],[-84.390705,33.7470048]]},"properties":{"foot":"no","highway":"cycleway","segregated":"yes","osm_id":1390862814,"osm_type":"way"}},{"type":"Feature","geometry":{"type":"LineString","coordinates":[[-84.4144753,33.7750282],[-84.414477,33.775098]]},"properties":{"bicycle":"designated","foot":"designated","highway":"cycleway","name":"Beltline Access Line","surface":"concrete","osm_id":1390863060,"osm_type":"way"}},{"type":"Feature","geometry":{"type":"LineString","coordinates":[[-84.294131,33.7621151],[-84.2941214,33.7621152]]},"properties":{"bicycle":"designated","foot":"designated","highway":"cycleway","name":"Decatur Trolley Trail","segregated":"no","osm_id":1390958242,"osm_type":"way"}},{"type":"Feature","geometry":{"type":"LineString","coordinates":[[-84.4174304,33.7748814],[-84.4174394,33.7753677],[-84.4174408,33.7755402]]},"properties":{"bicycle":"designated","foot":"designated","highway":"cycleway","osm_id":1391965558,"osm_type":"way"}},{"type":"Feature","geometry":{"type":"LineString","coordinates":[[-84.416049,33.7748636],[-84.4161519,33.7748578],[-84.4162527,33.7748584],[-84.4169252,33.7748666],[-84.4170551,33.7748746],[-84.41714,33.7748781],[-84.4173003,33.7748804]]},"properties":{"abandoned:railway":"rail","bicycle":"designated","electrified":"no","end_date":"2019","foot":"designated","gauge":"1435","highway":"cycleway","name":"Westside BeltLine Connector","note:old_railway_operator":"AB&C","old_railway_operator":"ACL","oneway":"no","operator":"CSX Transportation","operator:wikidata":"Q856783","railway":"abandoned","segregated":"no","service":"spur","surface":"concrete","osm_id":1391965559,"osm_type":"way"}},{"type":"Feature","geometry":{"type":"LineString","coordinates":[[-84.4174408,33.7755402],[-84.4177495,33.7755413],[-84.4181001,33.7755425],[-84.4181036,33.775599],[-84.4181096,33.7756961],[-84.4181716,33.7758515],[-84.4181867,33.7759068],[-84.4182258,33.7761236],[-84.4182152,33.776941],[-84.418181,33.778073],[-84.4181896,33.7780977],[-84.4182095,33.7781324],[-84.4182436,33.7781607],[-84.4182945,33.7781791],[-84.4183369,33.7781846],[-84.4185589,33.7781853],[-84.4186194,33.7781878],[-84.4186531,33.7782052],[-84.4186747,33.7782272],[-84.4186928,33.7782577],[-84.4187051,33.7782902],[-84.4186892,33.7786375],[-84.418691,33.7786859],[-84.4187058,33.7787382],[-84.4187236,33.7787726],[-84.4187572,33.7788462],[-84.4187636,33.7788762],[-84.4187632,33.7789311],[-84.4187665,33.7790818],[-84.4187673,33.7791465],[-84.4187717,33.7791911],[-84.4187827,33.779237],[-84.4188233,33.7793225],[-84.4188444,33.7793761],[-84.4188524,33.7794297],[-84.4188584,33.7795045],[-84.4188671,33.7796831],[-84.4188773,33.7798442],[-84.4188875,33.7798864],[-84.4189186,33.7799168]]},"properties":{"bicycle":"yes","foot":"yes","highway":"cycleway","horse":"no","name":"Westside Spur Trail","oneway":"no","segregated":"no","smoothness":"good","stroller":"yes","surface":"concrete","wheelchair":"yes","width":"3","osm_id":1391965560,"osm_type":"way"}},{"type":"Feature","geometry":{"type":"LineString","coordinates":[[-84.4191991,33.7809214],[-84.41927,33.7809226],[-84.4193774,33.7811955],[-84.41943,33.7812253],[-84.4195054,33.7811645],[-84.4195625,33.7808378],[-84.4195693,33.7807476]]},"properties":{"bicycle":"yes","foot":"yes","highway":"cycleway","horse":"no","name":"Westside Spur Trail","oneway":"no","segregated":"no","smoothness":"good","stroller":"yes","surface":"concrete","wheelchair":"yes","width":"3","osm_id":1391965561,"osm_type":"way"}},{"type":"Feature","geometry":{"type":"LineString","coordinates":[[-84.4195625,33.7808378],[-84.4196879,33.7807999]]},"properties":{"bicycle":"yes","foot":"yes","highway":"cycleway","horse":"no","name":"Westside Spur Trail","oneway":"no","segregated":"no","smoothness":"good","stroller":"yes","surface":"concrete","wheelchair":"yes","width":"3","osm_id":1391965562,"osm_type":"way"}},{"type":"Feature","geometry":{"type":"LineString","coordinates":[[-84.4185999,33.7796224],[-84.41866,33.7796823],[-84.4188671,33.7796831]]},"properties":{"bicycle":"designated","foot":"designated","highway":"cycleway","oneway":"no","segregated":"no","smoothness":"good","surface":"concrete","width":"2","osm_id":1391965563,"osm_type":"way"}},{"type":"Feature","geometry":{"type":"LineString","coordinates":[[-84.396216,33.764438],[-84.3962237,33.7641364],[-84.396223,33.7638771],[-84.3962234,33.7637707],[-84.3962236,33.7637128],[-84.3962286,33.7634844],[-84.3962289,33.7634567],[-84.3962296,33.7633962],[-84.3962287,33.7631557],[-84.3962185,33.7630705],[-84.3962092,33.7630456],[-84.3962011,33.7630204],[-84.3961876,33.7629972],[-84.3961312,33.7629402],[-84.3959596,33.7627577],[-84.3956894,33.7624908],[-84.3952264,33.7620336]]},"properties":{"bicycle":"designated","highway":"cycleway","lanes":"2","name":"PATH Parkway","oneway":"no","short_name":"Tech Parkway","surface":"asphalt","tiger:cfcc":"A41","tiger:county":"Fulton, GA","tiger:name_base":"Tech","tiger:name_direction_suffix":"NW","tiger:name_type":"Pky","tiger:reviewed":"no","osm_id":1392240394,"osm_type":"way"}},{"type":"Feature","geometry":{"type":"LineString","coordinates":[[-84.3962108,33.7647043],[-84.3962122,33.7645845],[-84.396216,33.764438]]},"properties":{"bicycle":"designated","crossing":"marked","crossing:markings":"yes","cycleway":"crossing","highway":"cycleway","lanes":"2","name":"PATH Parkway","oneway":"no","short_name":"Tech Parkway","surface":"asphalt","tiger:cfcc":"A41","tiger:county":"Fulton, GA","tiger:name_base":"Tech","tiger:name_direction_suffix":"NW","tiger:name_type":"Pky","tiger:reviewed":"no","osm_id":1392240395,"osm_type":"way"}},{"type":"Feature","geometry":{"type":"LineString","coordinates":[[-84.392125,33.7610689],[-84.3921255,33.7610418],[-84.3920498,33.7610404],[-84.3919518,33.7610387]]},"properties":{"crossing":"marked","crossing:markings":"yes","cycleway":"crossing","foot":"no","highway":"cycleway","name":"PATH Parkway","surface":"concrete","osm_id":1392240399,"osm_type":"way"}},{"type":"Feature","geometry":{"type":"LineString","coordinates":[[-84.3952264,33.7620336],[-84.3952049,33.7620089],[-84.3951027,33.7619831],[-84.3949347,33.7619512]]},"properties":{"crossing":"marked","crossing:markings":"yes","cycleway":"crossing","highway":"cycleway","osm_id":1392240401,"osm_type":"way"}},{"type":"Feature","geometry":{"type":"LineString","coordinates":[[-84.3951568,33.7621229],[-84.3950343,33.7620398],[-84.3949716,33.7619999],[-84.3949347,33.7619512]]},"properties":{"crossing":"marked","crossing:markings":"yes","cycleway":"crossing","highway":"cycleway","osm_id":1392240402,"osm_type":"way"}},{"type":"Feature","geometry":{"type":"LineString","coordinates":[[-84.3935367,33.7621863],[-84.3922136,33.7621861]]},"properties":{"bicycle":"designated","foot":"no","highway":"cycleway","name":"PATH Parkway","surface":"paving_stones","osm_id":1392257433,"osm_type":"way"}},{"type":"Feature","geometry":{"type":"LineString","coordinates":[[-84.4093532,33.771879],[-84.4092419,33.7719519]]},"properties":{"bicycle":"yes","foot":"yes","highway":"cycleway","motor_vehicle":"no","name":"Westside Beltline Connector","oneway":"no","segregated":"no","smoothness":"good","stroller":"yes","surface":"concrete","wheelchair":"yes","width":"2","osm_id":1392719555,"osm_type":"way"}},{"type":"Feature","geometry":{"type":"LineString","coordinates":[[-84.4032687,33.8104864],[-84.4032633,33.8103848],[-84.4032483,33.8103607],[-84.4031088,33.8102842]]},"properties":{"bicycle":"designated","foot":"designated","highway":"cycleway","name":"Beltline Access Line","osm_id":1392896277,"osm_type":"way"}},{"type":"Feature","geometry":{"type":"LineString","coordinates":[[-84.3861395,33.7584215],[-84.3861418,33.7583472],[-84.3861446,33.758258],[-84.3861486,33.7581273]]},"properties":{"highway":"cycleway","osm_id":1394101047,"osm_type":"way"}},{"type":"Feature","geometry":{"type":"LineString","coordinates":[[-84.4331033,33.7445232],[-84.4330433,33.7444205],[-84.432968,33.7443205],[-84.4328849,33.7442486],[-84.432803,33.7442039],[-84.4327141,33.744185],[-84.4326541,33.7441656],[-84.4326071,33.7441347],[-84.4325637,33.7441031],[-84.4325265,33.7440875],[-84.4324825,33.7440813]]},"properties":{"bicycle":"designated","foot":"designated","highway":"cycleway","name":"Beltline Access Line","surface":"ground","osm_id":1395889722,"osm_type":"way"}},{"type":"Feature","geometry":{"type":"LineString","coordinates":[[-84.4340155,33.7393211],[-84.4340439,33.7393974],[-84.4340544,33.7394662],[-84.4340561,33.7394774]]},"properties":{"bicycle":"designated","foot":"designated","highway":"cycleway","osm_id":1395889787,"osm_type":"way"}},{"type":"Feature","geometry":{"type":"LineString","coordinates":[[-84.4340561,33.7394774],[-84.4340622,33.7395091],[-84.4340701,33.7395497]]},"properties":{"bicycle":"designated","crossing":"uncontrolled","crossing:markings":"yes","cycleway":"crossing","foot":"designated","highway":"cycleway","osm_id":1395889789,"osm_type":"way"}},{"type":"Feature","geometry":{"type":"LineString","coordinates":[[-84.4340701,33.7395497],[-84.4340794,33.7396075]]},"properties":{"bicycle":"designated","foot":"designated","highway":"cycleway","osm_id":1395889790,"osm_type":"way"}},{"type":"Feature","geometry":{"type":"LineString","coordinates":[[-84.433893,33.7397859],[-84.4338775,33.7397903],[-84.433795,33.7398174]]},"properties":{"bicycle":"designated","foot":"designated","highway":"cycleway","osm_id":1395889793,"osm_type":"way"}},{"type":"Feature","geometry":{"type":"LineString","coordinates":[[-84.4338775,33.7397903],[-84.4338489,33.7397329],[-84.4336861,33.7394693],[-84.4337144,33.7394569],[-84.4337874,33.7395691],[-84.4338524,33.7395777]]},"properties":{"bicycle":"designated","foot":"designated","highway":"cycleway","osm_id":1395889794,"osm_type":"way"}},{"type":"Feature","geometry":{"type":"LineString","coordinates":[[-84.4339288,33.7396363],[-84.4338991,33.7396424],[-84.4338727,33.7396478]]},"properties":{"bicycle":"designated","foot":"designated","highway":"cycleway","osm_id":1395889808,"osm_type":"way"}},{"type":"Feature","geometry":{"type":"LineString","coordinates":[[-84.4339218,33.7393862],[-84.4338764,33.7395275],[-84.4338739,33.7395466],[-84.4338753,33.7395619],[-84.4338991,33.7396424],[-84.4339055,33.7396638],[-84.4339195,33.7396835],[-84.4339479,33.7397094],[-84.4340363,33.7397838]]},"properties":{"highway":"cycleway","oneway":"yes","osm_id":1395889809,"osm_type":"way"}},{"type":"Feature","geometry":{"type":"LineString","coordinates":[[-84.4340363,33.7397838],[-84.4340699,33.7396983],[-84.4340806,33.7396439],[-84.4340794,33.7396075]]},"properties":{"highway":"cycleway","oneway":"yes","osm_id":1395889810,"osm_type":"way"}},{"type":"Feature","geometry":{"type":"LineString","coordinates":[[-84.433726,33.7423259],[-84.4337191,33.7423873],[-84.433702,33.7425394],[-84.433702,33.7426059],[-84.4337026,33.7426945],[-84.433714,33.7427922],[-84.4337305,33.7429338],[-84.4337297,33.7430019],[-84.4337003,33.7431256],[-84.4336672,33.7432211],[-84.4336218,33.743307],[-84.4335738,33.7433613],[-84.4335213,33.7433954],[-84.4334595,33.7434101],[-84.4334097,33.7434097],[-84.4333473,33.7433965],[-84.4332728,33.7433624],[-84.4332074,33.7433113],[-84.4331267,33.7432389],[-84.4330526,33.7431651],[-84.4330005,33.7430979],[-84.4329755,33.7430443],[-84.4329564,33.742979],[-84.4329381,33.7429149],[-84.4329196,33.7428708],[-84.4328907,33.7428377],[-84.4328506,33.7428212],[-84.4328023,33.7428112],[-84.432754,33.7428071],[-84.4326203,33.7428109],[-84.4325704,33.7428213],[-84.4325429,33.742841],[-84.4325221,33.7428581]]},"properties":{"bicycle":"designated","foot":"designated","highway":"cycleway","name":"West End Trail","source":"Bing","surface":"concrete","osm_id":1395889812,"osm_type":"way"}},{"type":"Feature","geometry":{"type":"LineString","coordinates":[[-84.3652597,33.7767312],[-84.3652341,33.776732]]},"properties":{"bicycle":"designated","highway":"cycleway","segregated":"no","osm_id":1396654819,"osm_type":"way"}},{"type":"Feature","geometry":{"type":"LineString","coordinates":[[-84.3685188,33.7820132],[-84.3685801,33.7820977],[-84.3686429,33.782184]]},"properties":{"bicycle":"designated","cycleway":"crossing","foot":"designated","highway":"cycleway","osm_id":1396654821,"osm_type":"way"}},{"type":"Feature","geometry":{"type":"LineString","coordinates":[[-84.3685688,33.7818638],[-84.368591,33.7818611]]},"properties":{"bicycle":"designated","highway":"cycleway","sidewalk":"yes","surface":"asphalt","osm_id":1396654822,"osm_type":"way"}},{"type":"Feature","geometry":{"type":"LineString","coordinates":[[-84.368591,33.7818611],[-84.3686525,33.7818538],[-84.3687519,33.7818432],[-84.3687592,33.7818418]]},"properties":{"bicycle":"designated","cycleway":"crossing","foot":"designated","highway":"cycleway","sidewalk":"yes","surface":"asphalt","osm_id":1396654823,"osm_type":"way"}},{"type":"Feature","geometry":{"type":"LineString","coordinates":[[-84.3701359,33.7920209],[-84.3701376,33.7919907],[-84.3701415,33.7917894],[-84.3701768,33.791593],[-84.3701898,33.7914886],[-84.3702106,33.7913325],[-84.3702319,33.7909982],[-84.3702449,33.7909008],[-84.3704023,33.789725],[-84.3704063,33.7896887]]},"properties":{"abandoned:railway":"rail","bicycle":"designated","foot":"designated","highway":"cycleway","name":"Interim BeltLine Northeast Trail","railway":"abandoned","segregated":"no","surface":"gravel","osm_id":1396654828,"osm_type":"way"}},{"type":"Feature","geometry":{"type":"LineString","coordinates":[[-84.3703542,33.7937979],[-84.3703493,33.7937824],[-84.3703414,33.7937578],[-84.3703249,33.7937056],[-84.3703029,33.7935913]]},"properties":{"abandoned:railway":"rail","bicycle":"designated","foot":"designated","highway":"cycleway","name":"Interim BeltLine Northeast Trail","old_railway_operator":"Southern","railway":"abandoned","segregated":"no","surface":"gravel","osm_id":1396654832,"osm_type":"way"}},{"type":"Feature","geometry":{"type":"LineString","coordinates":[[-84.370905,33.7953896],[-84.3708684,33.7954031],[-84.3709917,33.7956217],[-84.37097,33.7956301],[-84.3708554,33.7954313],[-84.3707981,33.7953701]]},"properties":{"bicycle":"designated","foot":"designated","highway":"cycleway","name":"Beltline Access Line","osm_id":1396654833,"osm_type":"way"}},{"type":"Feature","geometry":{"type":"LineString","coordinates":[[-84.3724708,33.7979889],[-84.3722237,33.7980958],[-84.3722485,33.7981585],[-84.3722154,33.7981783]]},"properties":{"bicycle":"designated","foot":"designated","highway":"cycleway","source":"local_knowledge","osm_id":1396654834,"osm_type":"way"}},{"type":"Feature","geometry":{"type":"LineString","coordinates":[[-84.3722154,33.7981783],[-84.3719275,33.7983503]]},"properties":{"bicycle":"designated","bridge":"yes","foot":"designated","highway":"cycleway","layer":"1","source":"local_knowledge","osm_id":1396654835,"osm_type":"way"}},{"type":"Feature","geometry":{"type":"LineString","coordinates":[[-84.3730691,33.7994031],[-84.3729966,33.7994157],[-84.3729291,33.7994158],[-84.3728776,33.7994074],[-84.3728197,33.7993794],[-84.3727717,33.7993591],[-84.3727152,33.7993542],[-84.3726629,33.7993587],[-84.3725788,33.7993768]]},"properties":{"bicycle":"designated","foot":"designated","highway":"cycleway","name":"Beltline Access Line","surface":"fine_gravel","osm_id":1396654836,"osm_type":"way"}},{"type":"Feature","geometry":{"type":"LineString","coordinates":[[-84.3772081,33.8095753],[-84.3771272,33.8095876],[-84.3770443,33.8096091],[-84.3769855,33.8096309],[-84.3769284,33.8096592],[-84.3763181,33.8099703],[-84.3762287,33.8100217],[-84.3761386,33.8100834],[-84.3760525,33.8101531],[-84.3759463,33.8102434],[-84.3758875,33.8103019],[-84.3758308,33.8103595],[-84.3756588,33.8105385],[-84.3756316,33.8105532],[-84.3756145,33.8105604]]},"properties":{"bicycle":"designated","foot":"designated","highway":"cycleway","name":"Beltline Access Line","osm_id":1396654837,"osm_type":"way"}},{"type":"Feature","geometry":{"type":"LineString","coordinates":[[-84.3773024,33.8095597],[-84.3773029,33.8095828],[-84.3773036,33.8096107]]},"properties":{"bicycle":"designated","foot":"designated","highway":"cycleway","osm_id":1396654839,"osm_type":"way"}},{"type":"Feature","geometry":{"type":"LineString","coordinates":[[-84.3704375,33.7894695],[-84.3704411,33.7894474],[-84.370449,33.7894297],[-84.3704595,33.7894176],[-84.3704796,33.7894078],[-84.370571,33.7893776],[-84.3706172,33.7893664],[-84.370654,33.7893486],[-84.3706879,33.7893215]]},"properties":{"abandoned:railway":"rail","bicycle":"designated","foot":"designated","highway":"cycleway","name":"Beltline Access Line","railway":"abandoned","segregated":"no","surface":"paved","osm_id":1396654840,"osm_type":"way"}},{"type":"Feature","geometry":{"type":"LineString","coordinates":[[-84.3704063,33.7896887],[-84.3704194,33.7895901],[-84.3704375,33.7894695]]},"properties":{"abandoned:railway":"rail","bicycle":"designated","cycleway":"crossing","foot":"designated","highway":"cycleway","name":"Interim BeltLine Northeast Trail","railway":"abandoned","segregated":"no","surface":"paved","osm_id":1396654841,"osm_type":"way"}},{"type":"Feature","geometry":{"type":"LineString","coordinates":[[-84.3639154,33.7707957],[-84.363736,33.7708574]]},"properties":{"bicycle":"designated","foot":"designated","highway":"cycleway","name":"Beltline Access Line","osm_id":1396654845,"osm_type":"way"}},{"type":"Feature","geometry":{"type":"LineString","coordinates":[[-84.3639711,33.7709094],[-84.3640463,33.7708848]]},"properties":{"bicycle":"designated","foot":"designated","highway":"cycleway","name":"Beltline Access Line","osm_id":1396654847,"osm_type":"way"}},{"type":"Feature","geometry":{"type":"LineString","coordinates":[[-84.3655385,33.7551185],[-84.3653694,33.7550976]]},"properties":{"bicycle":"designated","foot":"designated","highway":"cycleway","name":"Beltline Access Line","surface":"concrete","osm_id":1396654863,"osm_type":"way"}},{"type":"Feature","geometry":{"type":"LineString","coordinates":[[-84.3655337,33.7552778],[-84.3654458,33.7557127],[-84.365417,33.7557315],[-84.3652644,33.7557128]]},"properties":{"bicycle":"designated","foot":"designated","highway":"cycleway","name":"Beltline Access Line","surface":"concrete","osm_id":1396654866,"osm_type":"way"}},{"type":"Feature","geometry":{"type":"LineString","coordinates":[[-84.3657316,33.7566588],[-84.365601,33.7566556],[-84.3655178,33.7566335],[-84.3654862,33.7566251],[-84.3654851,33.7566248],[-84.3654171,33.7566034],[-84.365335,33.7565694],[-84.3652927,33.7565614],[-84.3651028,33.7565394]]},"properties":{"bicycle":"designated","foot":"designated","highway":"cycleway","name":"Beltline Access Line","osm_id":1396654868,"osm_type":"way"}},{"type":"Feature","geometry":{"type":"LineString","coordinates":[[-84.4221977,33.7314065],[-84.4221809,33.7314346],[-84.4221655,33.7314423],[-84.4221392,33.7314456],[-84.4221137,33.7314369],[-84.4220998,33.7314238],[-84.422091,33.7314128],[-84.4220497,33.7313611],[-84.4220306,33.7313436],[-84.4220113,33.7313326],[-84.4219734,33.7313238],[-84.4219209,33.73131],[-84.421893,33.7312953],[-84.4218769,33.7312799],[-84.421813,33.7311826],[-84.4218002,33.7311678],[-84.4217749,33.7311582],[-84.4217313,33.731147],[-84.4217188,33.7311347],[-84.4217188,33.7311229],[-84.421726,33.7311121],[-84.4217569,33.7310827]]},"properties":{"bicycle":"designated","foot":"designated","highway":"cycleway","name":"Beltline Access Line","surface":"wood","osm_id":1396660091,"osm_type":"way"}},{"type":"Feature","geometry":{"type":"LineString","coordinates":[[-84.426897,33.7509541],[-84.4268515,33.7509165],[-84.426842,33.7508929],[-84.4268474,33.7508373],[-84.4268812,33.7507496],[-84.4268839,33.7506988],[-84.4268613,33.7506599],[-84.4268147,33.7506307],[-84.426773,33.750619],[-84.4265944,33.7505814],[-84.4265067,33.7505794],[-84.4264712,33.7505828],[-84.4264,33.750592]]},"properties":{"bicycle":"designated","foot":"designated","highway":"cycleway","name":"Beltline Access Line","oneway":"no","segregated":"no","surface":"concrete","osm_id":1396660094,"osm_type":"way"}},{"type":"Feature","geometry":{"type":"LineString","coordinates":[[-84.4251489,33.7557259],[-84.4252512,33.755727],[-84.4252475,33.7558179]]},"properties":{"bicycle":"designated","foot":"designated","highway":"cycleway","name":"Beltline Access Line","osm_id":1396660095,"osm_type":"way"}},{"type":"Feature","geometry":{"type":"LineString","coordinates":[[-84.4240492,33.7635732],[-84.4240507,33.7635923],[-84.4241293,33.7635965],[-84.4241963,33.7636128],[-84.4242542,33.7636451],[-84.4243237,33.763703],[-84.4243615,33.7637519],[-84.4243852,33.7638128],[-84.4244393,33.7641565],[-84.4244445,33.7642443],[-84.4244348,33.7645251],[-84.4244429,33.7646381],[-84.4244651,33.7647615],[-84.4245016,33.7648718],[-84.4245444,33.76497],[-84.4246698,33.7652345],[-84.4246943,33.7653039],[-84.4247082,33.7653821],[-84.4247038,33.7654593],[-84.4246844,33.7655405],[-84.4246438,33.7656307],[-84.4245838,33.7657145],[-84.4245083,33.7657778],[-84.4244287,33.7658242],[-84.4243308,33.7658696]]},"properties":{"bicycle":"designated","foot":"designated","highway":"cycleway","name":"Atlanta Beltline Westside Trail","oneway":"no","surface":"concrete","osm_id":1396660105,"osm_type":"way"}},{"type":"Feature","geometry":{"type":"LineString","coordinates":[[-84.4235594,33.7743537],[-84.4236049,33.7743842],[-84.4236681,33.7744267],[-84.4237324,33.7744519],[-84.4238102,33.7744745],[-84.4238987,33.7744793],[-84.424203,33.7744439],[-84.4248466,33.77436],[-84.4249376,33.774346],[-84.4250376,33.7743385],[-84.4251506,33.774334],[-84.4253086,33.774343],[-84.4254519,33.7743571],[-84.425606,33.774389],[-84.4256757,33.7744053],[-84.4257722,33.7744395],[-84.4258273,33.7744657],[-84.4258793,33.7745006],[-84.4262112,33.7746959],[-84.426297,33.77479],[-84.4263645,33.7748567],[-84.4263934,33.7749032],[-84.4264136,33.7749682]]},"properties":{"bicycle":"designated","electrified":"no","end_date":"2019","foot":"designated","highway":"cycleway","name":"Atlanta Beltline Westside Trail","oneway":"no","segregated":"no","service":"spur","surface":"concrete","osm_id":1396660109,"osm_type":"way"}},{"type":"Feature","geometry":{"type":"LineString","coordinates":[[-84.4173003,33.7748804],[-84.4173565,33.7748808],[-84.4174304,33.7748814]]},"properties":{"abandoned:railway":"rail","bicycle":"designated","cycleway":"crossing","electrified":"no","end_date":"2019","foot":"designated","gauge":"1435","highway":"cycleway","name":"Westside BeltLine Connector","note:old_railway_operator":"AB&C","old_railway_operator":"ACL","oneway":"no","operator":"CSX Transportation","operator:wikidata":"Q856783","railway":"abandoned","segregated":"no","service":"spur","surface":"concrete","osm_id":1396660110,"osm_type":"way"}},{"type":"Feature","geometry":{"type":"LineString","coordinates":[[-84.4114711,33.7740561],[-84.4115238,33.7740972],[-84.4116321,33.7741778],[-84.4117708,33.77425],[-84.411982,33.7743553],[-84.4121712,33.7744408],[-84.4123802,33.774525]]},"properties":{"abandoned:railway":"rail","bicycle":"designated","foot":"designated","highway":"cycleway","name":"Westside BeltLine Connector","note:old_railway_operator":"AB&C","old_railway_operator":"ACL","railway":"abandoned","segregated":"no","surface":"concrete","osm_id":1396660112,"osm_type":"way"}},{"type":"Feature","geometry":{"type":"LineString","coordinates":[[-84.4113833,33.7739858],[-84.4114324,33.7740259],[-84.4114711,33.7740561]]},"properties":{"abandoned:railway":"rail","bicycle":"designated","cycleway":"crossing","foot":"designated","highway":"cycleway","name":"Westside BeltLine Connector","note:old_railway_operator":"AB&C","old_railway_operator":"ACL","railway":"abandoned","segregated":"no","surface":"concrete","osm_id":1396660113,"osm_type":"way"}},{"type":"Feature","geometry":{"type":"LineString","coordinates":[[-84.3624412,33.7688274],[-84.3625138,33.7687048]]},"properties":{"bicycle":"designated","foot":"designated","highway":"cycleway","name":"Beltline Access Line","osm_id":1409591695,"osm_type":"way"}},{"type":"Feature","geometry":{"type":"LineString","coordinates":[[-84.3624412,33.7688274],[-84.3623316,33.7686935]]},"properties":{"bicycle":"designated","foot":"designated","highway":"cycleway","name":"Beltline Access Line","osm_id":1409591696,"osm_type":"way"}},{"type":"Feature","geometry":{"type":"LineString","coordinates":[[-84.2901231,33.7868293],[-84.2903012,33.786637]]},"properties":{"highway":"cycleway","incline":"15%","name":"Church Street Cycle Track (protected)","smoothness":"intermediate","surface":"concrete","osm_id":1409834886,"osm_type":"way"}},{"type":"Feature","geometry":{"type":"LineString","coordinates":[[-84.4228192,33.7746292],[-84.4228733,33.7746143],[-84.4229211,33.7745946],[-84.4230189,33.7745357],[-84.4231247,33.7744783],[-84.4232334,33.7744344],[-84.4233477,33.7744031],[-84.4234728,33.7743804],[-84.4235594,33.7743537]]},"properties":{"abandoned:railway":"rail","bicycle":"designated","electrified":"no","end_date":"2019","foot":"designated","gauge":"1435","highway":"cycleway","name":"Westside BeltLine Connector","note:old_railway_operator":"AB&C","old_railway_operator":"ACL","oneway":"no","operator":"CSX Transportation","operator:wikidata":"Q856783","railway":"abandoned","segregated":"no","service":"spur","surface":"concrete","osm_id":1409896508,"osm_type":"way"}},{"type":"Feature","geometry":{"type":"LineString","coordinates":[[-84.423959,33.7635742],[-84.4239506,33.7634988],[-84.4239443,33.7634416]]},"properties":{"bicycle":"designated","crossing":"marked","crossing:island":"no","crossing:markings":"ladder:paired","cycleway":"crossing","foot":"designated","highway":"cycleway","name":"Atlanta Beltline Westside Trail","surface":"asphalt","osm_id":1409896510,"osm_type":"way"}},{"type":"Feature","geometry":{"type":"LineString","coordinates":[[-84.423959,33.7635742],[-84.4240492,33.7635732]]},"properties":{"bicycle":"designated","foot":"designated","highway":"cycleway","name":"Atlanta Beltline Westside Trail","oneway":"no","surface":"concrete","osm_id":1409896512,"osm_type":"way"}},{"type":"Feature","geometry":{"type":"LineString","coordinates":[[-84.4252291,33.7565802],[-84.425188,33.7567123],[-84.4251617,33.7567649],[-84.4251363,33.7568028],[-84.4250856,33.7568691],[-84.4250608,33.7569161],[-84.4250399,33.7569723],[-84.4247335,33.7581384],[-84.4245463,33.7588288],[-84.4245419,33.7588448]]},"properties":{"abandoned:railway":"rail","bicycle":"designated","foot":"designated","highway":"cycleway","name":"Atlanta Beltline Westside Trail","surface":"concrete","osm_id":1409896513,"osm_type":"way"}},{"type":"Feature","geometry":{"type":"LineString","coordinates":[[-84.4239782,33.763432],[-84.4240363,33.7634114]]},"properties":{"bicycle":"designated","foot":"designated","highway":"cycleway","name":"Atlanta Beltline Westside Trail","surface":"concrete","osm_id":1409896514,"osm_type":"way"}},{"type":"Feature","geometry":{"type":"LineString","coordinates":[[-84.4239782,33.763432],[-84.4239443,33.7634416]]},"properties":{"bicycle":"designated","foot":"designated","highway":"cycleway","name":"Atlanta Beltline Westside Trail","surface":"concrete","osm_id":1409896516,"osm_type":"way"}},{"type":"Feature","geometry":{"type":"LineString","coordinates":[[-84.4614177,33.738849],[-84.4611101,33.7387776],[-84.4609449,33.738742],[-84.4608365,33.7387252],[-84.4606814,33.7387179],[-84.4605326,33.7387189],[-84.4603686,33.7387168],[-84.4601984,33.7386937],[-84.4600369,33.7386644],[-84.4597368,33.7386445],[-84.4594316,33.7385994],[-84.4593383,33.7385878],[-84.4592374,33.7385857],[-84.4591327,33.7385952],[-84.4590495,33.7386361],[-84.4589247,33.7387336],[-84.4588389,33.7387934],[-84.4587872,33.7388206],[-84.4587305,33.7388301],[-84.4586119,33.7388217],[-84.4584782,33.7388175],[-84.4582411,33.7388364],[-84.4580532,33.7388479],[-84.4578969,33.7388542],[-84.45769,33.7388521],[-84.457342,33.7388458],[-84.4570141,33.7388311],[-84.4568056,33.7388395],[-84.456484,33.738872]]},"properties":{"bicycle":"designated","foot":"designated","highway":"cycleway","name":"Lionel Hampton Trail","oneway":"no","surface":"concrete","osm_id":1409906180,"osm_type":"way"}},{"type":"Feature","geometry":{"type":"LineString","coordinates":[[-84.4615929,33.7388678],[-84.4614177,33.738849]]},"properties":{"bicycle":"designated","bridge":"yes","foot":"designated","highway":"cycleway","layer":"1","name":"Lionel Hampton Trail","oneway":"no","surface":"concrete","osm_id":1409906181,"osm_type":"way"}},{"type":"Feature","geometry":{"type":"LineString","coordinates":[[-84.4696628,33.7298175],[-84.4696172,33.7300272],[-84.4696172,33.7301298],[-84.4697111,33.7303774],[-84.4697433,33.7305157],[-84.4698291,33.7308593],[-84.4698922,33.7310167]]},"properties":{"foot":"yes","highway":"cycleway","name":"Lionel Hampton Trail","osm_id":1409906182,"osm_type":"way"}},{"type":"Feature","geometry":{"type":"LineString","coordinates":[[-84.4698922,33.7310167],[-84.4699244,33.7310971]]},"properties":{"bridge":"yes","foot":"yes","highway":"cycleway","layer":"1","name":"Lionel Hampton Trail","osm_id":1409906183,"osm_type":"way"}},{"type":"Feature","geometry":{"type":"LineString","coordinates":[[-84.4752535,33.7489965],[-84.4753732,33.7491088]]},"properties":{"bicycle":"designated","foot":"designated","highway":"cycleway","segregated":"no","surface":"concrete","osm_id":1410134820,"osm_type":"way"}},{"type":"Feature","geometry":{"type":"LineString","coordinates":[[-84.2762556,33.6878387],[-84.2762092,33.6878075],[-84.2757391,33.6872716],[-84.2756103,33.6867181],[-84.2754937,33.6864096],[-84.2751812,33.6860575],[-84.2745803,33.6857539],[-84.2735289,33.6853254],[-84.2727224,33.6847084],[-84.2724698,33.6846418],[-84.2721556,33.6846827],[-84.2718669,33.6846069]]},"properties":{"highway":"cycleway","name":"South River PATH Trail","smoothness":"excellent","surface":"concrete","osm_id":1413155657,"osm_type":"way"}},{"type":"Feature","geometry":{"type":"LineString","coordinates":[[-84.2718669,33.6846069],[-84.2694517,33.6839123],[-84.2692528,33.6838856],[-84.2685648,33.6837884]]},"properties":{"bridge":"yes","highway":"cycleway","layer":"1","name":"South River Trail Trail","smoothness":"excellent","surface":"wood","osm_id":1413155658,"osm_type":"way"}},{"type":"Feature","geometry":{"type":"LineString","coordinates":[[-84.2766128,33.6881248],[-84.2764491,33.687969],[-84.2762556,33.6878387]]},"properties":{"bridge":"yes","highway":"cycleway","layer":"1","name":"South River PATH Trail","smoothness":"excellent","surface":"wood","osm_id":1413155659,"osm_type":"way"}},{"type":"Feature","geometry":{"type":"LineString","coordinates":[[-84.2765149,33.6881657],[-84.2766128,33.6881248]]},"properties":{"bridge":"yes","highway":"cycleway","layer":"1","name":"South River PATH Trail","surface":"wood","osm_id":1413155660,"osm_type":"way"}},{"type":"Feature","geometry":{"type":"LineString","coordinates":[[-84.2769199,33.6879656],[-84.276971,33.6879214],[-84.2769755,33.6878786],[-84.2769651,33.6878371],[-84.2768745,33.6877311]]},"properties":{"bicycle":"designated","bridge":"yes","foot":"designated","highway":"cycleway","layer":"1","name":"South River PATH Trail","surface":"wood","osm_id":1413155661,"osm_type":"way"}},{"type":"Feature","geometry":{"type":"LineString","coordinates":[[-84.2768144,33.6880188],[-84.2769199,33.6879656]]},"properties":{"bridge":"yes","highway":"cycleway","layer":"1","name":"South River PATH Trail","surface":"concrete","osm_id":1413155662,"osm_type":"way"}},{"type":"Feature","geometry":{"type":"LineString","coordinates":[[-84.3042212,33.6972898],[-84.3042266,33.6972675],[-84.3041273,33.6971648],[-84.3040817,33.6970979],[-84.3040817,33.6970421],[-84.3041032,33.6969484],[-84.3041434,33.6967899],[-84.304138,33.6967252],[-84.3041273,33.6966158],[-84.3040629,33.6963481],[-84.3040254,33.696116],[-84.304012,33.6960089],[-84.3040308,33.6959776],[-84.3041112,33.6959285],[-84.3042614,33.6959017],[-84.3044423,33.6958639],[-84.3045592,33.6958437],[-84.3045913,33.6958125],[-84.3046208,33.6957679],[-84.3046611,33.6957009],[-84.3046691,33.6956005],[-84.3046825,33.6955068],[-84.304712,33.6953996],[-84.304771,33.695297],[-84.3048757,33.6951609],[-84.3050527,33.6950247],[-84.3051868,33.694931],[-84.3053316,33.6948395],[-84.3055087,33.6947525],[-84.3058171,33.6945985],[-84.3060826,33.694478],[-84.3064582,33.6942905],[-84.3067237,33.6941723],[-84.3068471,33.6941276],[-84.3069866,33.6941142],[-84.3070938,33.6941142],[-84.3072172,33.6941254],[-84.3073567,33.6941678],[-84.3075498,33.694228],[-84.3080387,33.6943965],[-84.3086529,33.6946018],[-84.3091518,33.6947737],[-84.3093503,33.6948674],[-84.3096178,33.6950046],[-84.3097982,33.6950861],[-84.3101522,33.6952401],[-84.3103742,33.6953394],[-84.3105251,33.6954052],[-84.3106082,33.6954231],[-84.3107316,33.6954432],[-84.3108228,33.6954365],[-84.3109757,33.6954008],[-84.3111444,33.6953902],[-84.3111708,33.6953885],[-84.3113478,33.6954063],[-84.311608,33.6954041],[-84.3117233,33.6953818]]},"properties":{"access":"yes","bicycle":"designated","foot":"designated","highway":"cycleway","horse":"yes","motor_vehicle":"no","name":"South River PATH Trail","surface":"concrete","osm_id":1413155669,"osm_type":"way"}},{"type":"Feature","geometry":{"type":"LineString","coordinates":[[-84.3117233,33.6953818],[-84.311836,33.6953126],[-84.3119057,33.69521],[-84.3119245,33.6951028],[-84.3119215,33.6950523],[-84.3119138,33.6949198]]},"properties":{"access":"yes","bicycle":"designated","bridge":"yes","foot":"designated","highway":"cycleway","horse":"yes","layer":"1","motor_vehicle":"no","name":"South River PATH Trail","surface":"wood","osm_id":1413155670,"osm_type":"way"}},{"type":"Feature","geometry":{"type":"LineString","coordinates":[[-84.2685648,33.6837884],[-84.2675422,33.6836292],[-84.2671719,33.6837544],[-84.2668654,33.6840264],[-84.2665732,33.6846479],[-84.2662333,33.6850576],[-84.2657587,33.6853629],[-84.2651712,33.6855888],[-84.2647262,33.685621],[-84.2639803,33.685629],[-84.2632081,33.685629],[-84.26311,33.685629],[-84.262784,33.6856513],[-84.2621558,33.6859213]]},"properties":{"highway":"cycleway","name":"South River Trail Trail","smoothness":"excellent","surface":"concrete","osm_id":1413264521,"osm_type":"way"}},{"type":"Feature","geometry":{"type":"LineString","coordinates":[[-84.2621558,33.6859213],[-84.2618422,33.6860561]]},"properties":{"bridge":"yes","highway":"cycleway","layer":"1","name":"South River Trail Trail","smoothness":"excellent","surface":"wood","osm_id":1413264522,"osm_type":"way"}},{"type":"Feature","geometry":{"type":"LineString","coordinates":[[-84.2618422,33.6860561],[-84.2608421,33.686486],[-84.2600584,33.6868581],[-84.2588948,33.6872537],[-84.2581433,33.6873728],[-84.2575859,33.6873609],[-84.2569887,33.6871761],[-84.2567775,33.6871221]]},"properties":{"highway":"cycleway","name":"South River Trail Trail","smoothness":"excellent","surface":"concrete","osm_id":1413264523,"osm_type":"way"}},{"type":"Feature","geometry":{"type":"LineString","coordinates":[[-84.2567775,33.6871221],[-84.2565342,33.6870762],[-84.256454,33.6870395],[-84.2563682,33.6869818],[-84.2558837,33.6863815]]},"properties":{"bridge":"yes","highway":"cycleway","layer":"1","name":"South River Trail Trail","smoothness":"excellent","surface":"wood","osm_id":1413264524,"osm_type":"way"}},{"type":"Feature","geometry":{"type":"LineString","coordinates":[[-84.2816618,33.7741311],[-84.2816641,33.7739585]]},"properties":{"bicycle":"designated","foot":"designated","highway":"cycleway","surface":"concrete","osm_id":1414347769,"osm_type":"way"}},{"type":"Feature","geometry":{"type":"LineString","coordinates":[[-84.255617,33.780926],[-84.2554955,33.7808673],[-84.2549439,33.7810863],[-84.2548609,33.7811214]]},"properties":{"bicycle":"designated","foot":"designated","highway":"cycleway","osm_id":1416337460,"osm_type":"way"}},{"type":"Feature","geometry":{"type":"LineString","coordinates":[[-84.3704796,33.7894078],[-84.370457,33.7893925],[-84.3704497,33.7893616],[-84.3704579,33.7892758],[-84.3704761,33.7891393],[-84.3704977,33.7889766],[-84.3705485,33.7885596],[-84.3705796,33.7883242],[-84.3706414,33.7879093],[-84.3707166,33.7874301],[-84.370753,33.7871266],[-84.3707846,33.786771],[-84.3708086,33.7863493],[-84.3707847,33.7861065],[-84.3707213,33.7857186],[-84.3706981,33.7856223],[-84.3707842,33.7855921]]},"properties":{"bicycle":"designated","foot":"designated","highway":"cycleway","segregated":"no","surface":"gravel","osm_id":1416361869,"osm_type":"way"}},{"type":"Feature","geometry":{"type":"LineString","coordinates":[[-84.493568,33.8490663],[-84.4935471,33.8490969],[-84.4935223,33.849168],[-84.493537,33.8492374],[-84.4935779,33.8494295],[-84.493556,33.849594],[-84.4935733,33.8499054],[-84.4935867,33.8505269],[-84.4936055,33.8510214],[-84.4936243,33.8515894],[-84.4936269,33.8519324],[-84.493609,33.8523068]]},"properties":{"bicycle":"designated","foot":"designated","highway":"cycleway","motor_vehicle":"no","name":"Silver Comet Trail Cumberland Connector","segregated":"no","surface":"concrete","osm_id":1420770947,"osm_type":"way"}},{"type":"Feature","geometry":{"type":"LineString","coordinates":[[-84.493609,33.8523068],[-84.4935866,33.852453],[-84.493567,33.8525807]]},"properties":{"bicycle":"designated","crossing":"uncontrolled","crossing:markings":"ladder:paired","crossing:signals":"no","cycleway":"crossing","foot":"designated","highway":"cycleway","name":"Silver Comet Trail Cumberland Connector","segregated":"no","osm_id":1420770948,"osm_type":"way"}},{"type":"Feature","geometry":{"type":"LineString","coordinates":[[-84.3639452,33.7535563],[-84.3639871,33.7535748],[-84.3647182,33.753411],[-84.36478,33.7533972],[-84.3648304,33.7533921],[-84.364894,33.7533957],[-84.3649873,33.753426]]},"properties":{"bicycle":"designated","foot":"designated","highway":"cycleway","lit":"yes","motor_vehicle":"no","name":"Atlanta Beltline Eastside Trail","oneway":"no","segregated":"no","start_date":"2017-9-1","surface":"concrete","osm_id":1421664781,"osm_type":"way"}},{"type":"Feature","geometry":{"type":"LineString","coordinates":[[-84.357076,33.7525553],[-84.3570751,33.7525848]]},"properties":{"abandoned:railway":"rail","bicycle":"designated","foot":"designated","highway":"cycleway","lit":"yes","motor_vehicle":"no","name":"Atlanta Beltline Southeast Trail","old_railway_operator":"Southern","railway":"abandoned","segregated":"no","start_date":"2017-9-1","surface":"concrete","osm_id":1421664782,"osm_type":"way"}},{"type":"Feature","geometry":{"type":"LineString","coordinates":[[-84.2829375,33.767442],[-84.2830603,33.7674412],[-84.2831076,33.7674458],[-84.2831412,33.7674533],[-84.2831839,33.7674767],[-84.2833639,33.7675845],[-84.2834383,33.7676157],[-84.28362,33.7676829],[-84.2836536,33.7676995],[-84.2840451,33.7679306],[-84.2843844,33.7681314]]},"properties":{"highway":"cycleway","osm_id":1422164801,"osm_type":"way"}},{"type":"Feature","geometry":{"type":"LineString","coordinates":[[-84.2845737,33.7682459],[-84.2850705,33.7685407],[-84.2852785,33.7686668],[-84.2854529,33.7687884],[-84.2855874,33.7688858],[-84.2856019,33.7689024],[-84.2856264,33.768953],[-84.2856428,33.7689764],[-84.2858835,33.7691599],[-84.2860052,33.7692571],[-84.2861606,33.7693812],[-84.2861706,33.7694046],[-84.2861685,33.7694323]]},"properties":{"highway":"cycleway","osm_id":1422164802,"osm_type":"way"}},{"type":"Feature","geometry":{"type":"LineString","coordinates":[[-84.46555,33.8338205],[-84.4653011,33.8337388],[-84.4650237,33.83364],[-84.4646079,33.8334745],[-84.4645136,33.8334334],[-84.4639513,33.8332223],[-84.4632203,33.8329486],[-84.4627581,33.8327274],[-84.4626007,33.8326407],[-84.4622543,33.8324083],[-84.4620614,33.8322631],[-84.4619128,33.8321409],[-84.461586,33.8318369],[-84.4614712,33.8317132],[-84.4613247,33.8315611],[-84.4612238,33.8314286],[-84.4611284,33.8312946],[-84.4610761,33.83122],[-84.4610125,33.8311083],[-84.4608612,33.8308784],[-84.4608388,33.8308378],[-84.4608134,33.8307962],[-84.4606509,33.8304076],[-84.4606047,33.8302268],[-84.4605758,33.8300868],[-84.460314,33.8292989],[-84.4599646,33.8285361],[-84.4597295,33.828077],[-84.4595313,33.8276572],[-84.4593853,33.8273476],[-84.4593154,33.8271763],[-84.4591845,33.8268784],[-84.4591835,33.8268153]]},"properties":{"bicycle":"designated","foot":"designated","highway":"cycleway","segregated":"no","surface":"concrete","osm_id":1427155723,"osm_type":"way"}},{"type":"Feature","geometry":{"type":"LineString","coordinates":[[-84.4702301,33.8352883],[-84.4700752,33.8352755],[-84.470025,33.8352602],[-84.4699245,33.8351805],[-84.4696496,33.8350764],[-84.4692675,33.8349751],[-84.4685705,33.8347535],[-84.4683869,33.8347178],[-84.4675096,33.8344321],[-84.4666721,33.8341701],[-84.4665231,33.8341209],[-84.4663575,33.834085]]},"properties":{"bicycle":"designated","foot":"designated","highway":"cycleway","segregated":"no","surface":"concrete","osm_id":1427155724,"osm_type":"way"}},{"type":"Feature","geometry":{"type":"LineString","coordinates":[[-84.4663575,33.834085],[-84.46555,33.8338205]]},"properties":{"bicycle":"designated","bridge":"yes","foot":"designated","highway":"cycleway","layer":"1","segregated":"no","surface":"concrete","osm_id":1427155725,"osm_type":"way"}},{"type":"Feature","geometry":{"type":"LineString","coordinates":[[-84.4340196,33.7423008],[-84.4340232,33.7422653],[-84.4340341,33.7420709],[-84.4340438,33.7417229],[-84.4340569,33.7410047],[-84.4340609,33.7408166],[-84.4340514,33.7406389],[-84.434009,33.7404004],[-84.4339652,33.7402224],[-84.4339222,33.7400897],[-84.4338662,33.7399555],[-84.433795,33.7398174],[-84.4337332,33.7397055],[-84.4336214,33.7395387],[-84.4334879,33.7393761],[-84.4332466,33.7391125]]},"properties":{"abandoned:railway":"rail","bicycle":"designated","foot":"designated","highway":"cycleway","name":"Atlanta Beltline Southwest Trail","oneway":"no","railway":"abandoned","segregated":"no","start_date":"2017-09-29","surface":"concrete","osm_id":1428809101,"osm_type":"way"}},{"type":"Feature","geometry":{"type":"LineString","coordinates":[[-84.4340057,33.7424391],[-84.4340196,33.7423008]]},"properties":{"abandoned:railway":"rail","bicycle":"designated","foot":"designated","highway":"cycleway","layer":"-1","name":"Atlanta Beltline Southwest Trail","oneway":"no","railway":"abandoned","segregated":"no","start_date":"2017-09-29","surface":"concrete","tunnel":"yes","osm_id":1428809102,"osm_type":"way"}},{"type":"Feature","geometry":{"type":"LineString","coordinates":[[-84.4103266,33.795239],[-84.4100999,33.795448],[-84.4100295,33.7955224],[-84.4099732,33.795578],[-84.4099157,33.7956285],[-84.4098453,33.7956807],[-84.4098178,33.795702],[-84.4097741,33.7957083],[-84.4096868,33.795709],[-84.4095883,33.7957046],[-84.4095363,33.7956984],[-84.4094635,33.7956736],[-84.4093624,33.795654],[-84.4084205,33.7956505],[-84.4083784,33.7956618],[-84.4083485,33.7956745],[-84.4083006,33.7956758],[-84.4082837,33.7956761],[-84.4082715,33.7956864],[-84.4082715,33.7957087],[-84.4082721,33.7960884]]},"properties":{"bicycle":"designated","foot":"designated","highway":"cycleway","name":"Atlanta Beltline Northwest Trail","oneway":"no","osm_id":1429897137,"osm_type":"way"}},{"type":"Feature","geometry":{"type":"LineString","coordinates":[[-84.4260706,33.7534127],[-84.4263925,33.7521445],[-84.4267171,33.751091],[-84.4267849,33.7510149],[-84.426897,33.7509541],[-84.4271737,33.7507135],[-84.4272442,33.750602],[-84.4273084,33.7504185],[-84.4273407,33.7502594],[-84.4273836,33.7501462],[-84.4274497,33.7500338],[-84.4275759,33.7499063],[-84.4277072,33.7497878],[-84.4277742,33.7496814],[-84.427861,33.7494632],[-84.4278901,33.7493901],[-84.4280327,33.7491617],[-84.4282108,33.7489636],[-84.4282792,33.7488823],[-84.4284513,33.7487127],[-84.4290285,33.7481953],[-84.4291285,33.7481051],[-84.4305013,33.7468678],[-84.4305516,33.7468271],[-84.4307791,33.74662]]},"properties":{"abandoned:railway":"rail","bicycle":"designated","foot":"designated","highway":"cycleway","name":"Atlanta Beltline Westside Trail","oneway":"no","segregated":"no","start_date":"2017-09-29","surface":"concrete","osm_id":1429899923,"osm_type":"way"}},{"type":"Feature","geometry":{"type":"LineString","coordinates":[[-84.423881,33.7625258],[-84.4238741,33.7625732],[-84.4237645,33.7625764],[-84.423724,33.7626313],[-84.4238109,33.76267],[-84.4238584,33.7627171],[-84.423996,33.7632554],[-84.4240176,33.7633478],[-84.4240363,33.7634114]]},"properties":{"bicycle":"designated","foot":"designated","highway":"cycleway","name":"Atlanta Beltline Westside Trail","oneway":"no","osm_id":1429902361,"osm_type":"way"}},{"type":"Feature","geometry":{"type":"LineString","coordinates":[[-84.4022728,33.8110089],[-84.4022599,33.8110943],[-84.4022616,33.8112737],[-84.4022662,33.8113606],[-84.4022477,33.8114287],[-84.402243,33.8114812],[-84.4022119,33.8115134],[-84.4021831,33.8115541]]},"properties":{"bicycle":"designated","foot":"designated","highway":"cycleway","name":"Beltline Access Line","segregated":"no","osm_id":1431126387,"osm_type":"way"}},{"type":"Feature","geometry":{"type":"LineString","coordinates":[[-84.3579123,33.7474921],[-84.3579112,33.7475452],[-84.3579212,33.7475743],[-84.3579369,33.7475906],[-84.3579601,33.7476084],[-84.3579946,33.7476335],[-84.358026,33.7476443],[-84.3580526,33.7476534],[-84.3580779,33.747661]]},"properties":{"bicycle":"designated","foot":"designated","highway":"cycleway","name":"Beltline Access Line","osm_id":1431126388,"osm_type":"way"}},{"type":"Feature","geometry":{"type":"LineString","coordinates":[[-84.3652644,33.7557128],[-84.3652087,33.7557084],[-84.3651315,33.7557105],[-84.3651167,33.7557143],[-84.3650945,33.7557182],[-84.3650783,33.7557235],[-84.36505,33.7557326],[-84.3650137,33.7557423],[-84.3649726,33.7557425],[-84.3649181,33.7557338]]},"properties":{"bicycle":"designated","foot":"designated","highway":"cycleway","name":"Beltline Access Line","osm_id":1431135521,"osm_type":"way"}},{"type":"Feature","geometry":{"type":"LineString","coordinates":[[-84.361834,33.7611551],[-84.3617254,33.7610707]]},"properties":{"bicycle":"designated","foot":"designated","highway":"cycleway","name":"Beltline Access Line","osm_id":1431135522,"osm_type":"way"}},{"type":"Feature","geometry":{"type":"LineString","coordinates":[[-84.3599525,33.7631644],[-84.3599925,33.7631698],[-84.3601152,33.7631773],[-84.3601682,33.7631837],[-84.3602494,33.7632012]]},"properties":{"bicycle":"designated","foot":"designated","highway":"cycleway","name":"Beltline Access Line","osm_id":1431135523,"osm_type":"way"}},{"type":"Feature","geometry":{"type":"LineString","coordinates":[[-84.3598542,33.7634092],[-84.35982,33.7634003],[-84.3597848,33.7633916],[-84.3597503,33.7633764],[-84.3597307,33.7633577],[-84.3597215,33.7633385],[-84.359714,33.7633224],[-84.3597335,33.7632906],[-84.3598056,33.7632804],[-84.359824,33.7632844],[-84.3598462,33.7632892],[-84.3598675,33.7632941],[-84.3598959,33.7633022]]},"properties":{"bicycle":"designated","foot":"designated","highway":"cycleway","name":"Beltline Access Line","osm_id":1431135524,"osm_type":"way"}},{"type":"Feature","geometry":{"type":"LineString","coordinates":[[-84.359714,33.7633224],[-84.3596175,33.7633054]]},"properties":{"bicycle":"designated","foot":"designated","highway":"cycleway","name":"Beltline Access Line","osm_id":1431135525,"osm_type":"way"}},{"type":"Feature","geometry":{"type":"LineString","coordinates":[[-84.3597415,33.7658815],[-84.359879,33.7658509],[-84.3599493,33.7658464],[-84.3600157,33.7658528],[-84.3600557,33.7658684],[-84.3600933,33.7658801],[-84.3601393,33.765881],[-84.3602082,33.7658799],[-84.3602747,33.7659006],[-84.3603412,33.765931],[-84.3604293,33.7659365],[-84.3605057,33.7659089],[-84.3605456,33.7658606],[-84.3605905,33.765815],[-84.360637,33.7657707],[-84.3606836,33.7657528],[-84.3607434,33.7657583]]},"properties":{"bicycle":"designated","check_date:surface":"2025-05-03","foot":"designated","highway":"cycleway","name":"Beltline Access Line","surface":"concrete","osm_id":1431135526,"osm_type":"way"}},{"type":"Feature","geometry":{"type":"LineString","coordinates":[[-84.4249165,33.7565806],[-84.4248952,33.7566578],[-84.4248829,33.7566916],[-84.4248603,33.7567429],[-84.4248292,33.7567516],[-84.4247761,33.7567518],[-84.4246942,33.7567501],[-84.4246626,33.756748],[-84.4246366,33.7567476]]},"properties":{"bicycle":"designated","foot":"designated","highway":"cycleway","name":"Beltline Access Line","osm_id":1431135528,"osm_type":"way"}},{"type":"Feature","geometry":{"type":"LineString","coordinates":[[-84.425081,33.7565779],[-84.4249165,33.7565806]]},"properties":{"bicycle":"designated","foot":"designated","highway":"cycleway","name":"Beltline Access Line","surface":"concrete","osm_id":1431135529,"osm_type":"way"}},{"type":"Feature","geometry":{"type":"LineString","coordinates":[[-84.4036696,33.81005],[-84.4035882,33.8100115],[-84.4035405,33.8100062],[-84.4034393,33.8100037],[-84.4032424,33.8100143]]},"properties":{"bicycle":"designated","foot":"designated","highway":"cycleway","name":"Beltline Access Line","osm_id":1431135533,"osm_type":"way"}},{"type":"Feature","geometry":{"type":"LineString","coordinates":[[-84.4033057,33.8093894],[-84.4022704,33.80995]]},"properties":{"bicycle":"designated","foot":"designated","highway":"cycleway","name":"Beltline Access Line","osm_id":1431135534,"osm_type":"way"}},{"type":"Feature","geometry":{"type":"LineString","coordinates":[[-84.403183,33.808663],[-84.403003,33.8086573],[-84.4028148,33.8086881],[-84.4027374,33.8087159]]},"properties":{"bicycle":"designated","foot":"designated","highway":"cycleway","name":"Beltline Access Line","osm_id":1431135535,"osm_type":"way"}},{"type":"Feature","geometry":{"type":"LineString","coordinates":[[-84.403028,33.807346],[-84.4028038,33.8073664],[-84.4025614,33.8074199],[-84.4023344,33.8074799],[-84.4021262,33.8075525]]},"properties":{"bicycle":"designated","foot":"designated","highway":"cycleway","name":"Beltline Access Line","osm_id":1431135536,"osm_type":"way"}},{"type":"Feature","geometry":{"type":"LineString","coordinates":[[-84.4014339,33.8074166],[-84.4012854,33.8074994],[-84.4011944,33.8075624],[-84.4011014,33.8076318],[-84.4010139,33.8077],[-84.4009664,33.8077431],[-84.4008735,33.8078274],[-84.4008315,33.8078646],[-84.4007978,33.8078929]]},"properties":{"bicycle":"designated","foot":"designated","highway":"cycleway","name":"Beltline Access Line","osm_id":1431135537,"osm_type":"way"}},{"type":"Feature","geometry":{"type":"LineString","coordinates":[[-84.4289485,33.747975],[-84.4291285,33.7481051]]},"properties":{"bicycle":"designated","foot":"designated","highway":"cycleway","name":"Beltline Access Line","osm_id":1431140277,"osm_type":"way"}},{"type":"Feature","geometry":{"type":"LineString","coordinates":[[-84.3575526,33.7496212],[-84.3576681,33.7496521]]},"properties":{"bicycle":"designated","foot":"designated","highway":"cycleway","name":"Beltline Access Line","osm_id":1431140278,"osm_type":"way"}},{"type":"Feature","geometry":{"type":"LineString","coordinates":[[-84.3653637,33.7539035],[-84.3654915,33.7538243]]},"properties":{"bicycle":"designated","foot":"designated","highway":"cycleway","name":"Beltline Access Line","osm_id":1431140279,"osm_type":"way"}},{"type":"Feature","geometry":{"type":"LineString","coordinates":[[-84.3649873,33.753426],[-84.3650357,33.7533515],[-84.3650542,33.7533356]]},"properties":{"bicycle":"designated","foot":"designated","highway":"cycleway","name":"Beltline Access Line","osm_id":1431140280,"osm_type":"way"}},{"type":"Feature","geometry":{"type":"LineString","coordinates":[[-84.3652157,33.7559635],[-84.3651285,33.7559649]]},"properties":{"bicycle":"designated","foot":"designated","highway":"cycleway","name":"Beltline Access Line","osm_id":1431140281,"osm_type":"way"}},{"type":"Feature","geometry":{"type":"LineString","coordinates":[[-84.3640916,33.7593445],[-84.3640178,33.7593135]]},"properties":{"bicycle":"designated","foot":"designated","highway":"cycleway","name":"Beltline Access Line","osm_id":1431140282,"osm_type":"way"}},{"type":"Feature","geometry":{"type":"LineString","coordinates":[[-84.360534,33.7623064],[-84.3604408,33.7622763]]},"properties":{"bicycle":"designated","foot":"designated","highway":"cycleway","name":"Beltline Access Line","osm_id":1431140283,"osm_type":"way"}},{"type":"Feature","geometry":{"type":"LineString","coordinates":[[-84.3622564,33.752497],[-84.3622587,33.752507]]},"properties":{"bicycle":"designated","foot":"designated","highway":"cycleway","name":"Beltline Access Line","osm_id":1431140284,"osm_type":"way"}},{"type":"Feature","geometry":{"type":"LineString","coordinates":[[-84.3622294,33.7523846],[-84.3622355,33.7524097]]},"properties":{"bicycle":"designated","foot":"designated","highway":"cycleway","name":"Beltline Access Line","osm_id":1431140285,"osm_type":"way"}},{"type":"Feature","geometry":{"type":"LineString","coordinates":[[-84.3683611,33.7817981],[-84.3683624,33.7818526],[-84.3683508,33.781895],[-84.3683194,33.781924],[-84.3682815,33.7819529],[-84.3682394,33.7819766],[-84.3681872,33.7820145],[-84.3681551,33.7820334]]},"properties":{"bicycle":"designated","foot":"designated","highway":"cycleway","name":"Beltline Access Line","osm_id":1431140286,"osm_type":"way"}},{"type":"Feature","geometry":{"type":"LineString","coordinates":[[-84.4005031,33.8048937],[-84.4004978,33.8047711],[-84.4005253,33.8046367],[-84.4005561,33.8045213],[-84.4005872,33.8044184]]},"properties":{"bicycle":"designated","foot":"designated","highway":"cycleway","motorcycle":"no","name":"Beltline Access Line","oneway":"no","osm_id":1431140287,"osm_type":"way"}},{"type":"Feature","geometry":{"type":"LineString","coordinates":[[-84.3975601,33.8133741],[-84.3975634,33.8132579],[-84.3975683,33.8132169],[-84.397584,33.813177],[-84.3976238,33.8131156],[-84.397665,33.813071],[-84.3977352,33.8130098],[-84.3978007,33.8129732],[-84.3978633,33.812956],[-84.397944,33.812947]]},"properties":{"bicycle":"designated","foot":"designated","highway":"cycleway","motorcycle":"no","name":"Beltline Access Line","oneway":"no","surface":"concrete","website":"https://beltline.org/trails/northside-trail/","width":"3","osm_id":1431140288,"osm_type":"way"}},{"type":"Feature","geometry":{"type":"LineString","coordinates":[[-84.4310884,33.8025761],[-84.430917,33.8024548]]},"properties":{"bicycle":"designated","foot":"designated","highway":"cycleway","name":"Silver Comet Connector","oneway":"no","segregated":"no","osm_id":1432552652,"osm_type":"way"}},{"type":"Feature","geometry":{"type":"LineString","coordinates":[[-84.4236049,33.7743842],[-84.4236643,33.7742521],[-84.4235197,33.7741048],[-84.4234501,33.7739854],[-84.4234686,33.7738916],[-84.4236088,33.7736703],[-84.4236604,33.7735994],[-84.4236924,33.7735238],[-84.4237201,33.7734554],[-84.4237666,33.7733925],[-84.4239087,33.7733265],[-84.423989,33.773314],[-84.4240628,33.7732907],[-84.4242175,33.7732161],[-84.4242953,33.7731138]]},"properties":{"bicycle":"designated","foot":"designated","highway":"cycleway","name":"Beltline Access Line","surface":"concrete","osm_id":1432563046,"osm_type":"way"}},{"type":"Feature","geometry":{"type":"LineString","coordinates":[[-84.4233134,33.7731604],[-84.423344,33.7730978],[-84.4235834,33.7730152],[-84.4236488,33.7728918],[-84.4236716,33.7726839],[-84.4236857,33.7724985],[-84.423717,33.7723768],[-84.4237694,33.7723712],[-84.4238031,33.7724],[-84.4238047,33.7724765],[-84.4237774,33.7726465],[-84.4236804,33.7729023],[-84.4238064,33.7728108]]},"properties":{"bicycle":"designated","foot":"designated","highway":"cycleway","name":"Beltline Access Line","surface":"concrete","osm_id":1432563047,"osm_type":"way"}},{"type":"Feature","geometry":{"type":"LineString","coordinates":[[-84.3920921,33.751977],[-84.391097,33.751412]]},"properties":{"cycleway:oneway":"no","cycleway:right":"track","foot":"no","highway":"cycleway","osm_id":1435181797,"osm_type":"way"}},{"type":"Feature","geometry":{"type":"LineString","coordinates":[[-84.3898821,33.7507455],[-84.3897582,33.7506803],[-84.3885728,33.7500337],[-84.3884969,33.7499908]]},"properties":{"foot":"no","highway":"cycleway","oneway":"no","osm_id":1435181798,"osm_type":"way"}},{"type":"Feature","geometry":{"type":"LineString","coordinates":[[-84.3884345,33.7499549],[-84.3877341,33.7495758]]},"properties":{"foot":"no","highway":"cycleway","oneway":"no","osm_id":1435181799,"osm_type":"way"}},{"type":"Feature","geometry":{"type":"LineString","coordinates":[[-84.3884969,33.7499908],[-84.3884345,33.7499549]]},"properties":{"foot":"no","highway":"cycleway","oneway":"no","osm_id":1435181800,"osm_type":"way"}},{"type":"Feature","geometry":{"type":"LineString","coordinates":[[-84.391097,33.751412],[-84.3910583,33.7513915],[-84.3910196,33.751371],[-84.3909363,33.7513232],[-84.3899839,33.7508012],[-84.3898821,33.7507455]]},"properties":{"foot":"no","highway":"cycleway","oneway":"no","osm_id":1435181801,"osm_type":"way"}},{"type":"Feature","geometry":{"type":"LineString","coordinates":[[-84.3896327,33.7484819],[-84.3893883,33.7487892],[-84.3893521,33.7488347]]},"properties":{"highway":"cycleway","oneway":"no","segregated":"yes","osm_id":1435185926,"osm_type":"way"}},{"type":"Feature","geometry":{"type":"LineString","coordinates":[[-84.3893521,33.7488347],[-84.3893026,33.7489008]]},"properties":{"highway":"cycleway","oneway":"no","segregated":"yes","osm_id":1435185927,"osm_type":"way"}},{"type":"Feature","geometry":{"type":"LineString","coordinates":[[-84.3934392,33.7528253],[-84.3934964,33.7527555],[-84.3935168,33.7527307],[-84.3935569,33.7526725],[-84.3936609,33.752536],[-84.3936629,33.7525333]]},"properties":{"cycleway":"lane","highway":"tertiary","lanes":"4","name":"Forsyth Street Southwest","sidewalk:both":"separate","surface":"asphalt","osm_id":1435989862,"osm_type":"way"}},{"type":"Feature","geometry":{"type":"LineString","coordinates":[[-84.3941041,33.7519558],[-84.3942831,33.7517229],[-84.394329,33.7516591]]},"properties":{"cycleway":"lane","highway":"tertiary","lanes":"4","name":"Forsyth Street Southwest","sidewalk:both":"separate","surface":"asphalt","osm_id":1435989863,"osm_type":"way"}},{"type":"Feature","geometry":{"type":"LineString","coordinates":[[-84.4947692,33.8987002],[-84.4946687,33.8986527],[-84.4936159,33.8975634],[-84.4933508,33.8972381],[-84.4930365,33.8967936],[-84.4929006,33.8965413],[-84.4927144,33.896202],[-84.4924259,33.895677],[-84.4920055,33.8948986],[-84.4916783,33.8942565],[-84.491652,33.894164],[-84.4916221,33.8940587],[-84.4915994,33.8939784],[-84.4915399,33.8934867],[-84.4915619,33.8932129],[-84.4916071,33.8928907],[-84.491642,33.8926878],[-84.4917093,33.8925611],[-84.4917805,33.8921348],[-84.4918464,33.89205]]},"properties":{"bicycle":"designated","foot":"designated","highway":"cycleway","osm_id":1445677480,"osm_type":"way"}},{"type":"Feature","geometry":{"type":"LineString","coordinates":[[-84.4918464,33.89205],[-84.4918317,33.8920344],[-84.491817,33.8920188],[-84.4917732,33.8919721],[-84.4917803,33.8918776],[-84.4917845,33.8918224],[-84.4918909,33.8917655],[-84.4919215,33.8917492]]},"properties":{"bicycle":"designated","cycleway":"crossing","foot":"designated","highway":"cycleway","osm_id":1445677481,"osm_type":"way"}},{"type":"Feature","geometry":{"type":"LineString","coordinates":[[-84.428429,33.7885494],[-84.4284492,33.7886504],[-84.4284956,33.7888298],[-84.4285861,33.7890712],[-84.4286993,33.7892938],[-84.4288728,33.7895979],[-84.4290086,33.7898143],[-84.4292878,33.7902782],[-84.4294802,33.7905667],[-84.4294437,33.7905975],[-84.4293598,33.7906401],[-84.4291708,33.7907798],[-84.4283975,33.7911937],[-84.4280731,33.7913912],[-84.4277487,33.7916671],[-84.4274884,33.7919523],[-84.4273111,33.7922094],[-84.4272696,33.7923003],[-84.4271904,33.7923724],[-84.4270471,33.792385],[-84.4270617,33.7924502],[-84.4270886,33.7925619],[-84.4270998,33.7926585],[-84.4271283,33.7927311]]},"properties":{"bicycle":"designated","foot":"designated","highway":"cycleway","incline":"down","name":"Atlanta Beltline Northwest Trail","oneway":"no","segregated":"no","smoothness":"excellent","surface":"concrete","osm_id":1447724481,"osm_type":"way"}},{"type":"Feature","geometry":{"type":"LineString","coordinates":[[-84.4270471,33.792385],[-84.4269535,33.7923786],[-84.4268458,33.7923712],[-84.4263577,33.7923622],[-84.426304,33.7924247],[-84.4262021,33.7924915],[-84.4260948,33.792545],[-84.4255959,33.792545],[-84.4253652,33.7925673],[-84.4251614,33.7925629],[-84.4248127,33.7924425],[-84.4244372,33.7923533],[-84.4238417,33.7924068],[-84.4232409,33.7923801],[-84.4227742,33.7923979],[-84.4222163,33.7924826],[-84.422109,33.7924777],[-84.4218891,33.7924737],[-84.4217067,33.792389],[-84.4215565,33.7922597],[-84.4214546,33.7922552],[-84.4213526,33.7923087],[-84.4212346,33.7924603],[-84.4210737,33.7925094],[-84.420945,33.7924603],[-84.4208967,33.7923355],[-84.4207411,33.7922017],[-84.4206038,33.7921732]]},"properties":{"bicycle":"designated","foot":"designated","highway":"cycleway","name":"Atlanta Northwest Beltline Trail","oneway":"no","segregated":"no","smoothness":"excellent","surface":"concrete","osm_id":1447802549,"osm_type":"way"}},{"type":"Feature","geometry":{"type":"LineString","coordinates":[[-84.4312565,33.8027213],[-84.4312625,33.80275],[-84.4312505,33.80279],[-84.4312355,33.8029061],[-84.4311844,33.8031034],[-84.4311784,33.8032307],[-84.431228,33.8034388],[-84.4313362,33.8036523],[-84.4314018,33.8037315],[-84.4316309,33.8039726],[-84.4318626,33.8042287],[-84.4321191,33.8045117]]},"properties":{"bicycle":"designated","bridge":"boardwalk","construction":"cycleway","foot":"designated","highway":"cycleway","layer":"1","name":"Silver Comet Connector (Under Construction)","oneway":"no","segregated":"no","surface":"wood","osm_id":1448119296,"osm_type":"way"}},{"type":"Feature","geometry":{"type":"LineString","coordinates":[[-84.4310884,33.8025761],[-84.4312415,33.8026914],[-84.4312565,33.8027213]]},"properties":{"bicycle":"designated","construction":"cycleway","foot":"designated","highway":"cycleway","layer":"1","name":"Silver Comet Connector (Under Construction)","oneway":"no","segregated":"no","surface":"concrete","osm_id":1448119297,"osm_type":"way"}},{"type":"Feature","geometry":{"type":"LineString","coordinates":[[-84.4318626,33.8042287],[-84.4315924,33.8043849],[-84.4314233,33.8045384],[-84.4314085,33.8045973],[-84.4314017,33.8046864]]},"properties":{"bicycle":"designated","bridge":"boardwalk","construction":"cycleway","foot":"designated","highway":"cycleway","layer":"1","name":"Silver Comet Connector (Under Construction)","surface":"wood","osm_id":1448119298,"osm_type":"way"}},{"type":"Feature","geometry":{"type":"LineString","coordinates":[[-84.4314017,33.8046864],[-84.4297526,33.8046714],[-84.4296784,33.8046707],[-84.4296227,33.804669]]},"properties":{"bicycle":"designated","foot":"designated","highway":"cycleway","segregated":"no","osm_id":1448119299,"osm_type":"way"}},{"type":"Feature","geometry":{"type":"LineString","coordinates":[[-84.4321191,33.8045117],[-84.4324257,33.8045502]]},"properties":{"bicycle":"designated","bridge":"yes","construction":"cycleway","foot":"designated","highway":"cycleway","layer":"1","name":"Silver Comet Connector (Under Construction)","surface":"concrete","osm_id":1448119301,"osm_type":"way"}},{"type":"Feature","geometry":{"type":"LineString","coordinates":[[-84.4324257,33.8045502],[-84.4324857,33.8045862],[-84.4325661,33.8047329],[-84.4326348,33.8048241],[-84.4327566,33.8049665]]},"properties":{"bicycle":"designated","bridge":"boardwalk","foot":"designated","highway":"cycleway","layer":"1","name":"Silver Comet Connector (Under Construction)","surface":"wood","osm_id":1448119302,"osm_type":"way"}},{"type":"Feature","geometry":{"type":"LineString","coordinates":[[-84.4327566,33.8049665],[-84.4329287,33.8051961],[-84.4329271,33.805321],[-84.4329264,33.8053786],[-84.4330147,33.8053758],[-84.4330623,33.8053796],[-84.433085,33.805405],[-84.4335217,33.8063481],[-84.4335465,33.8065056],[-84.4335556,33.8065636],[-84.4337981,33.8065418],[-84.4338333,33.8065691],[-84.4338536,33.8066039],[-84.4338502,33.8066782],[-84.4338559,33.8067168],[-84.4338491,33.8067817],[-84.4341886,33.8077069],[-84.4342056,33.8077634],[-84.4342135,33.8078123],[-84.4342124,33.8078556],[-84.4342305,33.8079262],[-84.4342758,33.8080139],[-84.4343157,33.808077],[-84.4345699,33.8083596],[-84.4346011,33.8084093],[-84.434632,33.8084659],[-84.4347008,33.8085546],[-84.4348138,33.80867]]},"properties":{"bicycle":"designated","construction":"cycleway","foot":"designated","highway":"cycleway","name":"Silver Comet Connector (Under Construction)","surface":"concrete","osm_id":1448119303,"osm_type":"way"}},{"type":"Feature","geometry":{"type":"LineString","coordinates":[[-84.4351709,33.808687],[-84.435138,33.808729]]},"properties":{"bicycle":"designated","foot":"designated","highway":"cycleway","name":"Silver Comet Connector (Under Construction)","osm_id":1448119305,"osm_type":"way"}},{"type":"Feature","geometry":{"type":"LineString","coordinates":[[-84.435138,33.808729],[-84.4348743,33.8090489],[-84.4349113,33.8090803],[-84.4349699,33.8091301]]},"properties":{"bicycle":"designated","construction":"cycleway","foot":"designated","highway":"cycleway","name":"Silver Comet Connector (Under Construction)","surface":"concrete","osm_id":1448119306,"osm_type":"way"}},{"type":"Feature","geometry":{"type":"LineString","coordinates":[[-84.4347622,33.8093086],[-84.4347098,33.8095641]]},"properties":{"bicycle":"designated","bridge":"yes","construction":"cycleway","foot":"designated","highway":"cycleway","layer":"1","name":"Silver Comet Connector (Under Construction)","surface":"concrete","osm_id":1448120742,"osm_type":"way"}},{"type":"Feature","geometry":{"type":"LineString","coordinates":[[-84.4347098,33.8095641],[-84.4348201,33.8096425],[-84.4349464,33.8097517],[-84.4349869,33.8098105],[-84.4350384,33.8099155],[-84.435091,33.8100045],[-84.435135,33.8100549],[-84.4357551,33.8107081]]},"properties":{"bicycle":"designated","bridge":"boardwalk","construction":"cycleway","foot":"designated","highway":"cycleway","layer":"1","name":"Silver Comet Connector (Under Construction)","surface":"wood","osm_id":1448120743,"osm_type":"way"}},{"type":"Feature","geometry":{"type":"LineString","coordinates":[[-84.4357551,33.8107081],[-84.4360259,33.8109756],[-84.4363033,33.8112416],[-84.4364213,33.8114065],[-84.4365133,33.811563],[-84.4365595,33.8116612],[-84.4365713,33.8117423],[-84.4365673,33.8118288],[-84.4365514,33.8118874],[-84.4364567,33.8120135],[-84.4364146,33.8120531],[-84.436395,33.812101],[-84.4363878,33.8121456],[-84.4364195,33.8121895]]},"properties":{"bicycle":"designated","construction":"cycleway","foot":"designated","highway":"cycleway","name":"Silver Comet Connector (Under Construction)","surface":"concrete","osm_id":1448120744,"osm_type":"way"}},{"type":"Feature","geometry":{"type":"LineString","coordinates":[[-84.4364195,33.8121895],[-84.4366485,33.8123795]]},"properties":{"bicycle":"designated","bridge":"yes","construction":"cycleway","foot":"designated","highway":"cycleway","layer":"1","name":"Silver Comet Connector (Under Construction)","surface":"concrete","osm_id":1448120745,"osm_type":"way"}},{"type":"Feature","geometry":{"type":"LineString","coordinates":[[-84.4366485,33.8123795],[-84.4366736,33.8124256],[-84.4366906,33.8129697]]},"properties":{"bicycle":"designated","construction":"cycleway","foot":"designated","highway":"cycleway","name":"Silver Comet Connector (Under Construction)","oneway":"no","segregated":"no","surface":"concrete","osm_id":1448120746,"osm_type":"way"}},{"type":"Feature","geometry":{"type":"LineString","coordinates":[[-84.4366906,33.8129697],[-84.4366969,33.8130322],[-84.4367144,33.8130682],[-84.4369422,33.8132651],[-84.4369864,33.813291],[-84.4370336,33.8132974],[-84.4371014,33.8132929],[-84.4371197,33.8132834]]},"properties":{"bicycle":"designated","bridge":"boardwalk","construction":"cycleway","foot":"designated","highway":"cycleway","layer":"1","name":"Silver Comet Connector (Under Construction)","osm_id":1448120747,"osm_type":"way"}},{"type":"Feature","geometry":{"type":"LineString","coordinates":[[-84.4371197,33.8132834],[-84.4372544,33.8132018],[-84.4373402,33.8131606],[-84.4374663,33.8131182],[-84.4376661,33.8130759],[-84.4378579,33.8130469],[-84.4384745,33.8130619],[-84.4385303,33.8130809],[-84.4385897,33.8131062],[-84.4386298,33.8131381],[-84.4390725,33.813668],[-84.4391033,33.8137403],[-84.4393506,33.8139712],[-84.4393985,33.8139877],[-84.4394483,33.8139847],[-84.4396664,33.813917],[-84.4396972,33.8139088],[-84.4397135,33.8139125],[-84.4397216,33.8139313],[-84.4397189,33.8139426],[-84.4397062,33.8139576],[-84.4394972,33.8140238],[-84.4394709,33.8140426],[-84.4394664,33.8140689],[-84.4394936,33.8140832],[-84.4395442,33.8140712],[-84.4398139,33.8139734],[-84.4399515,33.8139151]]},"properties":{"bicycle":"designated","construction":"cycleway","foot":"designated","highway":"cycleway","name":"Silver Comet Connector (Under Construction)","oneway":"no","segregated":"no","osm_id":1448120748,"osm_type":"way"}},{"type":"Feature","geometry":{"type":"LineString","coordinates":[[-84.4399515,33.8139151],[-84.4399627,33.8139285],[-84.4400465,33.8140393],[-84.4402073,33.8142412],[-84.4402677,33.8142961],[-84.4403165,33.8143388],[-84.4403776,33.8143899],[-84.4404222,33.8144239],[-84.4404549,33.8144438],[-84.4404922,33.8144545]]},"properties":{"bicycle":"designated","foot":"designated","highway":"cycleway","oneway":"no","segregated":"no","surface":"concrete","osm_id":1448120749,"osm_type":"way"}},{"type":"Feature","geometry":{"type":"LineString","coordinates":[[-84.4406425,33.8145303],[-84.4406231,33.8145185]]},"properties":{"bicycle":"designated","foot":"designated","highway":"cycleway","name":"Silver Comet Connector","surface":"concrete","osm_id":1448120750,"osm_type":"way"}},{"type":"Feature","geometry":{"type":"LineString","coordinates":[[-84.4075619,33.8148111],[-84.4075654,33.8148325],[-84.4075713,33.81494]]},"properties":{"bicycle":"designated","foot":"designated","highway":"cycleway","motorcycle":"no","name":"Bitsy Grant Connector Trail","surface":"concrete","website":"https://beltline.org/trails/northside-trail/","width":"3","osm_id":1449949786,"osm_type":"way"}},{"type":"Feature","geometry":{"type":"LineString","coordinates":[[-84.4076392,33.8134327],[-84.4075982,33.8134278],[-84.4075783,33.8134398],[-84.407566,33.8134545],[-84.4075586,33.8134856],[-84.4075675,33.8135429],[-84.4075949,33.813597],[-84.4076035,33.8136477],[-84.4076074,33.8136952],[-84.4076029,33.813919],[-84.4075998,33.81403]]},"properties":{"bicycle":"designated","foot":"designated","highway":"cycleway","motorcycle":"no","name":"Bitsy Grant Connector Trail","surface":"concrete","website":"https://beltline.org/trails/northside-trail/","width":"3","osm_id":1449949787,"osm_type":"way"}},{"type":"Feature","geometry":{"type":"LineString","coordinates":[[-84.4103389,33.7751865],[-84.4099164,33.7751882],[-84.4097938,33.7752046],[-84.4096825,33.7752399],[-84.4095929,33.775283],[-84.4095326,33.7753128],[-84.4094703,33.7753214],[-84.4094137,33.7753042],[-84.4093732,33.7752799],[-84.4093496,33.7752399],[-84.4093253,33.7751878],[-84.4092968,33.7751341],[-84.4092412,33.7750729],[-84.4091657,33.7750134],[-84.4091129,33.7749655],[-84.4090563,33.7749209],[-84.4089582,33.7748103],[-84.4088979,33.7747194],[-84.4088356,33.7746128],[-84.408796,33.7745336],[-84.40878,33.7744662],[-84.4087828,33.7744019],[-84.4088017,33.774358],[-84.4088455,33.7743179],[-84.4091355,33.7740868],[-84.4091619,33.7740492],[-84.4091874,33.7739935],[-84.4091865,33.7739441],[-84.4091638,33.7738728],[-84.4091478,33.7737897],[-84.4091629,33.7736948],[-84.4091902,33.7736196],[-84.4092251,33.7735561]]},"properties":{"highway":"cycleway","osm_id":1450096009,"osm_type":"way"}},{"type":"Feature","geometry":{"type":"LineString","coordinates":[[-84.3600496,33.7640826],[-84.3601115,33.7640607]]},"properties":{"bicycle":"designated","foot":"designated","highway":"cycleway","name":"Stone Mountain Trail","segregated":"no","osm_id":1451196892,"osm_type":"way"}},{"type":"Feature","geometry":{"type":"LineString","coordinates":[[-84.4505928,33.8126127],[-84.4505222,33.812601],[-84.4503078,33.8126515],[-84.4501932,33.8126785],[-84.4500157,33.8127341],[-84.449922,33.8127635],[-84.4497531,33.8128423],[-84.4494404,33.8130343],[-84.4493684,33.8130962],[-84.4491053,33.8133221],[-84.449052,33.8133679],[-84.4487941,33.813512],[-84.4486281,33.8135711],[-84.4484696,33.8136068],[-84.4482781,33.8136175],[-84.4480414,33.8136155],[-84.4467545,33.8136021],[-84.4454339,33.8135984],[-84.4453401,33.8135982],[-84.4452363,33.8136043],[-84.4450229,33.8136314],[-84.4447977,33.8136831],[-84.4446229,33.813741],[-84.4444893,33.8138008],[-84.4444066,33.8138378],[-84.4442851,33.8139191],[-84.4439206,33.8141776],[-84.4438258,33.8142471],[-84.4437677,33.8142897],[-84.4440804,33.8145828],[-84.44332,33.8151224],[-84.4431943,33.8152441]]},"properties":{"bicycle":"designated","foot":"designated","highway":"cycleway","name":"Silver Comet Connector","segregated":"no","surface":"concrete","osm_id":1452647126,"osm_type":"way"}},{"type":"Feature","geometry":{"type":"LineString","coordinates":[[-84.4431943,33.8152441],[-84.4429733,33.8151858],[-84.4424269,33.8150294],[-84.4423275,33.8149972]]},"properties":{"bicycle":"designated","foot":"designated","highway":"cycleway","name":"Silver Comet Connector","segregated":"no","surface":"concrete","osm_id":1452647127,"osm_type":"way"}},{"type":"Feature","geometry":{"type":"LineString","coordinates":[[-84.3968737,33.7739974],[-84.3969148,33.7739974]]},"properties":{"bicycle":"designated","foot":"designated","highway":"cycleway","lit":"yes","name":"Skiles Walkway","surface":"concrete","osm_id":1453230958,"osm_type":"way"}},{"type":"Feature","geometry":{"type":"LineString","coordinates":[[-84.3139529,33.8900863],[-84.3138037,33.8901682],[-84.3135844,33.8903454],[-84.3132358,33.8905923],[-84.3130224,33.890722],[-84.3128659,33.8908573],[-84.3124151,33.8911205],[-84.3123054,33.8912153],[-84.3121266,33.8914982],[-84.3119462,33.8916413],[-84.3115856,33.8920118],[-84.3113618,33.8922212]]},"properties":{"bicycle":"designated","foot":"designated","highway":"cycleway","name":"Chamblee Rail Trail","oneway":"no","segregated":"no","surface":"concrete","osm_id":1454287980,"osm_type":"way"}},{"type":"Feature","geometry":{"type":"LineString","coordinates":[[-84.3118462,33.886167],[-84.3117995,33.8860618],[-84.3117365,33.885959],[-84.3115883,33.8857535]]},"properties":{"bicycle":"designated","foot":"designated","highway":"cycleway","name":"Chamblee Rail Trail","oneway":"no","segregated":"no","surface":"concrete","osm_id":1454287981,"osm_type":"way"}},{"type":"Feature","geometry":{"type":"LineString","coordinates":[[-84.3054825,33.8902783],[-84.3054447,33.8902583],[-84.3053545,33.8902958],[-84.3053008,33.8903191],[-84.3051643,33.8903783],[-84.3041951,33.8909109],[-84.3040884,33.8910488],[-84.3040256,33.8910962],[-84.3038835,33.8911828],[-84.303757,33.891291]]},"properties":{"abandoned:railway":"rail","bicycle":"designated","foot":"designated","highway":"cycleway","name":"Chamblee Rail Trail","oneway":"no","segregated":"no","service":"spur","surface":"concrete","osm_id":1454287986,"osm_type":"way"}},{"type":"Feature","geometry":{"type":"LineString","coordinates":[[-84.3063846,33.8899599],[-84.3056422,33.8903333],[-84.3055724,33.8903256],[-84.3054825,33.8902783]]},"properties":{"abandoned:railway":"rail","bicycle":"designated","bridge":"boardwalk","foot":"designated","highway":"cycleway","layer":"1","name":"Chamblee Rail Trail","oneway":"no","segregated":"no","service":"spur","surface":"concrete","osm_id":1454287987,"osm_type":"way"}},{"type":"Feature","geometry":{"type":"LineString","coordinates":[[-84.3646739,33.7735241],[-84.364708,33.7735191],[-84.3648226,33.7740505],[-84.3649034,33.7740381],[-84.3648076,33.7736053]]},"properties":{"bicycle":"designated","bridge":"yes","foot":"designated","highway":"cycleway","layer":"1","osm_id":1455524748,"osm_type":"way"}},{"type":"Feature","geometry":{"type":"LineString","coordinates":[[-84.3648076,33.7736053],[-84.364801,33.7734331]]},"properties":{"bicycle":"designated","foot":"designated","highway":"cycleway","osm_id":1455524749,"osm_type":"way"}},{"type":"Feature","geometry":{"type":"LineString","coordinates":[[-84.3646398,33.7735292],[-84.3646739,33.7735241]]},"properties":{"bicycle":"designated","foot":"designated","highway":"cycleway","osm_id":1455524750,"osm_type":"way"}},{"type":"Feature","geometry":{"type":"LineString","coordinates":[[-84.3074192,33.8892576],[-84.3073621,33.8892948]]},"properties":{"bicycle":"designated","foot":"designated","highway":"cycleway","name":"Chamblee Rail Trail","oneway":"no","segregated":"no","surface":"concrete","osm_id":1459054942,"osm_type":"way"}},{"type":"Feature","geometry":{"type":"LineString","coordinates":[[-84.3694377,33.8642568],[-84.3695382,33.8642879]]},"properties":{"bicycle":"yes","foot":"yes","highway":"cycleway","horse":"no","lit":"no","name":"PATH400","surface":"paved","website":"https://livablebuckhead.com/greenspace-2/path400-trail/","width":"4","osm_id":1459059895,"osm_type":"way"}},{"type":"Feature","geometry":{"type":"LineString","coordinates":[[-84.3695382,33.8642879],[-84.3694678,33.8643079],[-84.3694246,33.8643932],[-84.3693616,33.8646453],[-84.3692834,33.8648266],[-84.3692542,33.8649662],[-84.3692332,33.8651591],[-84.3691725,33.8653472],[-84.3691363,33.8655827],[-84.3690756,33.8659395],[-84.3690405,33.8660025],[-84.3689973,33.8660713],[-84.3689226,33.8663059],[-84.3688736,33.8664174],[-84.3687195,33.8666947],[-84.3684965,33.8670534],[-84.3684136,33.8672036],[-84.3683622,33.8672724],[-84.3682992,33.8673636],[-84.3681544,33.8675264],[-84.3681042,33.8675914],[-84.3680844,33.8676747],[-84.368082,33.8677368],[-84.3680914,33.8678124],[-84.3680832,33.8679026],[-84.3680657,33.8679646],[-84.3680131,33.8680228],[-84.3679629,33.8680683],[-84.3678672,33.8681187],[-84.3677878,33.8681507],[-84.3676687,33.8682283],[-84.3675543,33.868301],[-84.3674247,33.8683795],[-84.3673319,33.868425],[-84.3671964,33.868445],[-84.3670797,33.8684651],[-84.3666747,33.8684372],[-84.36655,33.8684127],[-84.3664695,33.8684027],[-84.3664105,33.868406],[-84.3663689,33.8684172],[-84.3662952,33.868484]]},"properties":{"bicycle":"yes","foot":"yes","highway":"cycleway","horse":"no","lit":"no","name":"PATH400","surface":"paved","website":"https://livablebuckhead.com/greenspace-2/path400-trail/","width":"4","osm_id":1459059896,"osm_type":"way"}},{"type":"Feature","geometry":{"type":"LineString","coordinates":[[-84.3657359,33.8691375],[-84.3656997,33.8692245],[-84.3655924,33.8694672],[-84.3654801,33.8696517],[-84.365411,33.869758],[-84.3653094,33.8698964],[-84.3651955,33.8700533],[-84.3650675,33.8702728],[-84.3650024,33.8704398],[-84.3648988,33.8706761],[-84.3648357,33.8708128],[-84.3647544,33.8709293],[-84.3646792,33.8710356],[-84.3645735,33.8711116],[-84.3644556,33.8711504],[-84.3643743,33.8711892],[-84.3643093,33.8712517],[-84.3642503,33.8713462],[-84.3642483,33.8714998],[-84.3641995,33.8715825],[-84.3641832,33.8717462],[-84.3641812,33.8719031],[-84.3641626,33.8725837]]},"properties":{"bicycle":"yes","foot":"yes","highway":"cycleway","horse":"no","lit":"no","name":"PATH400","surface":"paved","website":"https://livablebuckhead.com/greenspace-2/path400-trail/","width":"4","osm_id":1459059897,"osm_type":"way"}},{"type":"Feature","geometry":{"type":"LineString","coordinates":[[-84.3662952,33.868484],[-84.3657359,33.8691375]]},"properties":{"bicycle":"yes","bridge":"yes","foot":"yes","highway":"cycleway","horse":"no","layer":"1","lit":"no","name":"PATH400","surface":"paved","website":"https://livablebuckhead.com/greenspace-2/path400-trail/","width":"4","osm_id":1459059898,"osm_type":"way"}},{"type":"Feature","geometry":{"type":"LineString","coordinates":[[-84.3045697,33.8065242],[-84.304577,33.8064831],[-84.304604,33.8064573],[-84.3047859,33.8062831],[-84.3048896,33.8062303],[-84.305098,33.806124],[-84.3052051,33.8061805]]},"properties":{"bicycle":"yes","foot":"yes","highway":"cycleway","horse":"no","name":"South Peachtree Creek Trail","oneway":"no","segregated":"no","surface":"concrete","osm_id":1465378367,"osm_type":"way"}},{"type":"Feature","geometry":{"type":"LineString","coordinates":[[-84.3042514,33.8073955],[-84.304263,33.80745],[-84.304239,33.8074822],[-84.3041977,33.8074991]]},"properties":{"bridge":"yes","highway":"cycleway","layer":"1","name":"South Peachtree Creek Trail","oneway":"no","surface":"wood","osm_id":1465378368,"osm_type":"way"}},{"type":"Feature","geometry":{"type":"LineString","coordinates":[[-84.3934964,33.7527555],[-84.3934292,33.7527182],[-84.3929233,33.7524379]]},"properties":{"highway":"cycleway","osm_id":1488681674,"osm_type":"way"}},{"type":"Feature","geometry":{"type":"LineString","coordinates":[[-84.3929233,33.7524379],[-84.3929122,33.7524318],[-84.3928257,33.7523838],[-84.3927715,33.7523537],[-84.3927554,33.7523448]]},"properties":{"crossing":"marked","crossing:markings":"zebra","cycleway":"crossing","highway":"cycleway","osm_id":1488681675,"osm_type":"way"}},{"type":"Feature","geometry":{"type":"LineString","coordinates":[[-84.3922707,33.7520762],[-84.3922526,33.7520662],[-84.3921796,33.7520256],[-84.3921112,33.7519876],[-84.3920921,33.751977]]},"properties":{"crossing":"uncontrolled","crossing:markings":"zebra","crossing:signals":"no","cycleway":"crossing","cycleway:oneway":"no","cycleway:right":"track","foot":"no","highway":"cycleway","osm_id":1488681846,"osm_type":"way"}},{"type":"Feature","geometry":{"type":"LineString","coordinates":[[-84.4210957,33.7307387],[-84.42103,33.7308464],[-84.4209696,33.7308867],[-84.4209321,33.7309331]]},"properties":{"bicycle":"designated","foot":"designated","highway":"cycleway","name":"Beltline Access Line","surface":"concrete","osm_id":1498117442,"osm_type":"way"}},{"type":"Feature","geometry":{"type":"LineString","coordinates":[[-84.4190984,33.7800499],[-84.4191352,33.7800876],[-84.419159,33.7801305],[-84.4191731,33.7801743],[-84.4191818,33.7802439],[-84.4192002,33.7804196],[-84.4192054,33.7807682],[-84.4191991,33.7809214],[-84.4191893,33.7811599],[-84.419231,33.7814787],[-84.4192663,33.7816468],[-84.4194142,33.7825378],[-84.4194445,33.7826787],[-84.4196041,33.7834219],[-84.4197688,33.7841882],[-84.4197688,33.78442],[-84.4197022,33.7846518]]},"properties":{"bicycle":"yes","foot":"yes","highway":"cycleway","horse":"no","name":"Westside Spur Trail","oneway":"no","segregated":"no","smoothness":"good","stroller":"yes","surface":"concrete","wheelchair":"yes","width":"3","osm_id":1498997048,"osm_type":"way"}},{"type":"Feature","geometry":{"type":"LineString","coordinates":[[-84.4189186,33.7799168],[-84.4190081,33.7799827],[-84.4190984,33.7800499]]},"properties":{"bicycle":"yes","bridge":"yes","foot":"yes","highway":"cycleway","horse":"no","layer":"1","name":"Westside Spur Trail","oneway":"no","segregated":"no","smoothness":"good","stroller":"yes","surface":"concrete","wheelchair":"yes","width":"3","osm_id":1498997049,"osm_type":"way"}},{"type":"Feature","geometry":{"type":"LineString","coordinates":[[-84.3653969,33.773254],[-84.3653916,33.773309],[-84.3653881,33.7733457],[-84.3653833,33.7733956],[-84.3653819,33.7734098],[-84.3653769,33.7734621]]},"properties":{"crossing":"uncontrolled","crossing:island":"yes","crossing:markings":"yes","cycleway":"crossing","highway":"cycleway","osm_id":1499709555,"osm_type":"way"}},{"type":"Feature","geometry":{"type":"LineString","coordinates":[[-84.3653769,33.7734621],[-84.3653398,33.7734593],[-84.3651265,33.773443],[-84.3650311,33.7734377],[-84.364801,33.7734331]]},"properties":{"bicycle":"designated","foot":"designated","highway":"cycleway","osm_id":1499709556,"osm_type":"way"}},{"type":"Feature","geometry":{"type":"LineString","coordinates":[[-84.3675019,33.7779009],[-84.3675817,33.7779685]]},"properties":{"bicycle":"designated","foot":"designated","highway":"cycleway","osm_id":1499709586,"osm_type":"way"}},{"type":"Feature","geometry":{"type":"LineString","coordinates":[[-84.2784948,33.7628365],[-84.2785275,33.7628853],[-84.2784728,33.7629646],[-84.2784484,33.7630275],[-84.2784367,33.7630817],[-84.2784589,33.763165],[-84.2785089,33.7632221],[-84.278623,33.763284],[-84.2789523,33.7634743],[-84.2789837,33.7634966],[-84.2790396,33.7635421],[-84.2792468,33.7638305],[-84.2792678,33.7638518],[-84.2793074,33.7639525],[-84.2793595,33.7640208],[-84.279449,33.7640945],[-84.2795604,33.7642506],[-84.2795806,33.7643137],[-84.2795902,33.7643655],[-84.2795894,33.7644093],[-84.2795885,33.7644611],[-84.2795929,33.7644903],[-84.2796052,33.7645173],[-84.2796218,33.7645406],[-84.2796429,33.7645545],[-84.2797695,33.7646548],[-84.2797923,33.7646789],[-84.279932,33.7648723],[-84.2799651,33.7649181],[-84.2802161,33.7651918],[-84.2805706,33.7656607],[-84.2806268,33.765738],[-84.2806513,33.7657686],[-84.280675,33.7658306],[-84.2806908,33.7658766],[-84.2807163,33.7659238],[-84.2807499,33.7659628],[-84.2808049,33.7659963],[-84.2808706,33.7660241],[-84.2809309,33.7660331],[-84.2809604,33.7660386],[-84.2809953,33.766052],[-84.2810288,33.7660877],[-84.2811254,33.7661579],[-84.2812032,33.7661691],[-84.2814923,33.7663852],[-84.2816484,33.7665017],[-84.2818361,33.7665842],[-84.2828762,33.7672716],[-84.2829172,33.7673855],[-84.2829375,33.767442]]},"properties":{"bicycle":"designated","foot":"designated","highway":"cycleway","surface":"concrete","osm_id":1500950598,"osm_type":"way"}},{"type":"Feature","geometry":{"type":"LineString","coordinates":[[-84.2780998,33.7630944],[-84.2781555,33.7631459],[-84.2782118,33.7631851],[-84.2782423,33.7631962],[-84.2782828,33.7632033],[-84.278324,33.763207],[-84.2783658,33.763201],[-84.2784123,33.76319],[-84.2784589,33.763165]]},"properties":{"bicycle":"designated","foot":"designated","highway":"cycleway","surface":"concrete","osm_id":1500950599,"osm_type":"way"}},{"type":"Feature","geometry":{"type":"LineString","coordinates":[[-84.4583062,33.8943716],[-84.4581759,33.8942925]]},"properties":{"bicycle":"designated","foot":"designated","highway":"cycleway","name":"Bob Callan Trail","segregated":"no","surface":"asphalt","osm_id":1501612384,"osm_type":"way"}}],"_source":"OpenStreetMap via Overpass API \u00b7 2026-05-05"}