{"type":"FeatureCollection","features":[{"type":"Feature","id":1,"geometry":{"type":"MultiPolygon","coordinates":[[[[-84.5665967915358,33.6096615273608],[-84.5665966788942,33.6096614041962],[-84.5665963400183,33.6096615288205],[-84.5665955105736,33.6096618326599],[-84.5660272699739,33.6098700526109],[-84.5658986494538,33.6099171760901],[-84.5658982384965,33.6099173270936],[-84.5658981968615,33.6099171784524],[-84.5658980960421,33.6099168145031],[-84.5657177403455,33.6092657413021],[-84.5657177019855,33.609265601667],[-84.5657172888342,33.6092657436603],[-84.5657162806992,33.609266089547],[-84.564663204903,33.6096272395738],[-84.564655973305,33.6106982739341],[-84.5646523094951,33.6112233471552],[-84.5646451212205,33.6123035871509],[-84.5646446696849,33.6123035877019],[-84.5646440187818,33.6123035879927],[-84.5646435661645,33.6123035876455],[-84.5646431146248,33.6123035872949],[-84.5625382609182,33.6123012830095],[-84.5625378083008,33.6123012826547],[-84.5625373567611,33.6123012822964],[-84.5625367058537,33.6123012816744],[-84.5625362532363,33.6123012813195],[-84.5625358016965,33.6123012809612],[-84.561715439509,33.6123004781149],[-84.5617149868916,33.612300477757],[-84.5617145353518,33.6123004773957],[-84.5617138844444,33.6123004767694],[-84.561713431827,33.6123004764115],[-84.5617129802872,33.6123004760502],[-84.5603299445692,33.6122989863761],[-84.5603294919518,33.6122989860131],[-84.5603290404119,33.6122989856467],[-84.5603283895045,33.6122989850131],[-84.560327936887,33.6122989846502],[-84.5603274853472,33.6122989842838],[-84.5596467447317,33.6122982733339],[-84.5596465582956,33.6122982730245],[-84.5596462921142,33.6122982729685],[-84.5596461056782,33.6122982726591],[-84.5596462542084,33.6122887325174],[-84.5596468469975,33.6122505160511],[-84.5596469955071,33.6122409714011],[-84.5596468091039,33.6122409783049],[-84.5596465451148,33.6122409863569],[-84.5596463576176,33.6122409896576],[-84.5596454396889,33.6122410412639],[-84.5588135205513,33.6122812647436],[-84.5588130690441,33.6122812715849],[-84.5576305969398,33.6123038260311],[-84.557630144363,33.6123038346748],[-84.5576296928638,33.6123038433152],[-84.5569487498728,33.6123168343644],[-84.5569482972877,33.6123168412024],[-84.5567910228439,33.6123481563957],[-84.5567869992454,33.6123489571448],[-84.5561928665155,33.6108108792525],[-84.5562867988022,33.610792661836],[-84.5563524523533,33.6107839351513],[-84.5572459507923,33.6106182810085],[-84.5575458574942,33.6105627907863],[-84.5575459156369,33.6105627797826],[-84.5575458198185,33.6105532494286],[-84.5575331044094,33.6092888472366],[-84.5575253890608,33.609215152825],[-84.5575253811879,33.6092150798146],[-84.5575249375492,33.6092151551533],[-84.5575238532248,33.6092153407167],[-84.5574000064039,33.6092365001333],[-84.5572646693103,33.6092701820418],[-84.5571244604368,33.6093161085384],[-84.556999221654,33.6093677601378],[-84.5569354350774,33.6093981150572],[-84.5569350705452,33.6093982884263],[-84.5569349812949,33.6093983310864],[-84.5569349824831,33.609398116485],[-84.5569349855187,33.6093975944081],[-84.5569350307793,33.6093887461712],[-84.5569354191427,33.6093132697018],[-84.5569397441525,33.6089974774575],[-84.5569420646521,33.6086013030642],[-84.5569465402514,33.608282348149],[-84.5569484547269,33.6081241782263],[-84.5569538012153,33.6079621491409],[-84.5569537582249,33.6079526086972],[-84.5569533265549,33.6078568120376],[-84.5569532835648,33.6078472715937],[-84.5569595892633,33.6076431909538],[-84.5569595462729,33.6076336505095],[-84.5569589796177,33.6075078980579],[-84.5569589366275,33.6074983576134],[-84.5569597519324,33.6074152786881],[-84.5569598376511,33.607406561063],[-84.5569597089545,33.6074057409485],[-84.5569469851483,33.6073242898732],[-84.5569108906422,33.6072591317776],[-84.5568671474507,33.6072095254715],[-84.55665775251,33.6070620529317],[-84.5565277573606,33.6069684706746],[-84.556450242917,33.606931087294],[-84.5564499102976,33.6069309269429],[-84.5564497914131,33.6069310887166],[-84.5564495011676,33.606931484563],[-84.5564221625317,33.6069688033989],[-84.5564056774365,33.6069915287541],[-84.5563893584391,33.6070145285935],[-84.5563730388125,33.607037390477],[-84.5563518277416,33.6070681014841],[-84.5563360024014,33.6070913738692],[-84.5563151205818,33.6071222208867],[-84.556299789373,33.6071456296665],[-84.556279565626,33.6071768866688],[-84.5562370044163,33.6072440788769],[-84.5562206902704,33.6072681778152],[-84.5562094305974,33.6072840159562],[-84.5561978405648,33.6072997180823],[-84.5561666560584,33.6073402165401],[-84.555564663687,33.6073900694139],[-84.5555642122051,33.6073900762432],[-84.5555219288074,33.6073908818051],[-84.555521476256,33.6073908904409],[-84.555521024778,33.6073908981717],[-84.5548812065451,33.6074019522948],[-84.5548808401919,33.6074019588544],[-84.5548807539854,33.607401959125],[-84.5548803876322,33.6074019656847],[-84.5548807166243,33.6073924213661],[-84.5548957937913,33.6069554639293],[-84.5549059472658,33.6066560051219],[-84.5549124848061,33.6064658023232],[-84.5549138036923,33.6064302047148],[-84.5549142562631,33.6064302014912],[-84.5567191785515,33.6064147822607],[-84.5567196300404,33.6064147781322],[-84.556720082611,33.606414774902],[-84.556720733446,33.6064147692433],[-84.5567211849391,33.6064147660164],[-84.5567988521274,33.6064007282511],[-84.5567997457942,33.6064005667387],[-84.556800111875,33.606400500664],[-84.5568001972953,33.6064005653149],[-84.5568443667843,33.6064339104736],[-84.556845119343,33.6064344788579],[-84.556845427502,33.6064347114188],[-84.5568455719177,33.6064344765289],[-84.5568868368426,33.6063672476197],[-84.5569514926837,33.6062834957196],[-84.5570085377057,33.6062239524217],[-84.5571155224508,33.6061312719701],[-84.5572240072279,33.6060436703118],[-84.5572963017335,33.6059788571598],[-84.5574874545143,33.6057961789852],[-84.5576416613116,33.605650856299],[-84.5578403830636,33.6054718631299],[-84.557957176328,33.6053696698599],[-84.558131729822,33.6052211218462],[-84.5582431636468,33.6051322737672],[-84.5585724191247,33.6048763260228],[-84.5587049839488,33.6047760053462],[-84.5587810914896,33.6047194241208],[-84.5588865206855,33.6046469472019],[-84.5590055638455,33.6045707166425],[-84.559112676392,33.6045071661478],[-84.5591739398461,33.6044728931294],[-84.5592286507362,33.6044422132943],[-84.5592690839547,33.6044139149752],[-84.5593093550591,33.6043857542114],[-84.5593574348552,33.6043413538942],[-84.5593996189528,33.6043006826514],[-84.5594295110157,33.6042654099526],[-84.5595226253807,33.6041208279632],[-84.5595670570595,33.6040768277684],[-84.5595681265768,33.6040757685147],[-84.5595685642537,33.6040753352242],[-84.5595685780615,33.6040757661792],[-84.5596809391579,33.6075969234626],[-84.5605649814875,33.6077325065307],[-84.5605683804522,33.6077330276939],[-84.5605650194914,33.6077420478894],[-84.5603647594109,33.6082794878092],[-84.5600903820334,33.6088271653351],[-84.5600856404342,33.6088366326275],[-84.5600860930581,33.6088366384014],[-84.5600899684364,33.6088367000137],[-84.5600904199909,33.6088367075944],[-84.560090872623,33.6088367151716],[-84.5601705938498,33.6088380007627],[-84.5601710454125,33.6088380101464],[-84.5601714959059,33.6088380213368],[-84.5602442653367,33.6088404678033],[-84.5602453366331,33.6088405004618],[-84.5602457838854,33.6088405098589],[-84.5608518537322,33.6079851687349],[-84.560851954377,33.6079850259502],[-84.5608519961362,33.6079849672086],[-84.5608524069637,33.6079850245081],[-84.5623597377771,33.6081947955678],[-84.56291846737,33.6082727130398],[-84.5629189199704,33.6082727142951],[-84.5632761268073,33.6082742989656],[-84.5632765783343,33.6082743011247],[-84.5632770309388,33.6082743032803],[-84.5632776818242,33.6082743057019],[-84.5632781333512,33.608274307861],[-84.5632785859557,33.6082743100166],[-84.5639593269903,33.6082773283191],[-84.5639597785173,33.6082773304757],[-84.5639602311218,33.6082773326288],[-84.5639608820072,33.6082773350468],[-84.5639613335301,33.6082773363018],[-84.5639617861305,33.6082773375532],[-84.5643033897393,33.6082785600081],[-84.5643038412622,33.6082785612618],[-84.5643042938667,33.6082785634137],[-84.5643049447521,33.6082785658299],[-84.5643053962791,33.6082785679852],[-84.5643058488836,33.6082785701371],[-84.5646704447537,33.6082801243252],[-84.5646708962807,33.6082801264792],[-84.5646713488811,33.608280127728],[-84.5646719997665,33.6082801301423],[-84.5646724512893,33.6082801313947],[-84.5646746739204,33.6078703537655],[-84.5647037334462,33.6036512098056],[-84.564703964177,33.6035227263318],[-84.5647045377509,33.6034688577484],[-84.5647047454285,33.603406883416],[-84.5647053697667,33.6033284170778],[-84.564710456792,33.6026143122405],[-84.5647104601993,33.6026138812306],[-84.5647104615465,33.6026137054004],[-84.5647109116802,33.6026138797781],[-84.5659961165557,33.6031129130996],[-84.5661997831223,33.6031919569694],[-84.5666838215813,33.603531181277],[-84.5677687921758,33.6045198049914],[-84.569140044041,33.6048756529593],[-84.569140496611,33.604875651487],[-84.5702383019433,33.6048720751957],[-84.5702387534356,33.6048720737229],[-84.5702392060055,33.6048720722466],[-84.5702398568441,33.6048720701234],[-84.5702403083365,33.6048720686506],[-84.5712380085384,33.6055174087544],[-84.5713132346246,33.6055720194632],[-84.5713138757971,33.6055724844313],[-84.5713141374586,33.6055726747297],[-84.5713143283664,33.6055724820494],[-84.5714824908984,33.6054022798736],[-84.5716630070185,33.6052362108601],[-84.5716679211435,33.6052316900265],[-84.5716629678003,33.6052266704116],[-84.5715147975228,33.605076500641],[-84.5711890411824,33.6048781770857],[-84.5710839900213,33.6047834294419],[-84.5704146349759,33.6028425329804],[-84.5704122810627,33.6028357059958],[-84.5704145926665,33.6028329925373],[-84.5706712066808,33.6025317865626],[-84.5706717446557,33.6025311545378],[-84.5706719654218,33.6025308959389],[-84.5706721961358,33.6025311530635],[-84.5741939420459,33.6064455631294],[-84.5743226230294,33.6065701864144],[-84.5745752048445,33.606850092498],[-84.574841651996,33.6068584440634],[-84.5748486368752,33.6068586626648],[-84.5748416904979,33.6068679863126],[-84.5745379815239,33.607275688166],[-84.5743389788103,33.6075428038874],[-84.5743388845731,33.6075429295301],[-84.5743385262309,33.6075428062805],[-84.5743376498015,33.6075425044041],[-84.5734303781173,33.6072302390101],[-84.5734300273334,33.6072301184381],[-84.5734299255353,33.6072302404983],[-84.5734296758531,33.6072305379687],[-84.5733933113442,33.607273897128],[-84.5733698627376,33.6073018583711],[-84.573357924105,33.6073160935157],[-84.5733500618179,33.6073254687811],[-84.5733315821578,33.6073475023318],[-84.5733218520776,33.6073591054508],[-84.5733106463992,33.6073724662663],[-84.5732938266303,33.6073925224022],[-84.5732793064948,33.6074098353099],[-84.5732653896696,33.6074264303067],[-84.5732512220824,33.6074433236773],[-84.57323643296,33.6074609575569],[-84.5732260020282,33.6074733961148],[-84.5732084085246,33.6074943744854],[-84.5731870408385,33.6075198528684],[-84.5731728078481,33.6075368230868],[-84.5731565773969,33.6075561766696],[-84.5731523124295,33.6075612625785],[-84.5731399230882,33.607575913951],[-84.5731246168187,33.6075938082955],[-84.5731037729759,33.6076181767902],[-84.5730879201078,33.6076367086034],[-84.5730762222726,33.6076496905095],[-84.5730672752301,33.6076596202408],[-84.5730574180398,33.6076705592253],[-84.5730466957312,33.6076824586246],[-84.5730339247869,33.607696629748],[-84.5730225431852,33.6077092616638],[-84.5730023851223,33.6077307470523],[-84.5729910425426,33.6077427404544],[-84.5729756767656,33.6077589885259],[-84.5729629252089,33.6077724734073],[-84.5729575450743,33.6077778253579],[-84.5729523215429,33.6077830226084],[-84.572936183284,33.6077990775495],[-84.5729161472021,33.6078190089454],[-84.5729038552611,33.607831238088],[-84.5728920782809,33.6078427505139],[-84.5728780178826,33.6078563352613],[-84.5728516585125,33.6078818029262],[-84.5728367034297,33.6078962507998],[-84.5728241394277,33.6079079172838],[-84.5727941134781,33.6079355663927],[-84.5727634641209,33.607963791003],[-84.5726813057034,33.6080371473547],[-84.5724602821475,33.6082366358298],[-84.5724553245722,33.608241109949],[-84.572460322536,33.6082461762693],[-84.5724939905739,33.608280300438],[-84.572524704798,33.6083111792589],[-84.5725394692099,33.6083268433235],[-84.5725545451179,33.6083432105686],[-84.5725729083029,33.6083631484596],[-84.5725922289673,33.608384124635],[-84.572600241882,33.6083928247055],[-84.5726392658868,33.6084384744393],[-84.5726633228042,33.6084668350669],[-84.5726796446208,33.6084869112848],[-84.5726998412276,33.6085117509293],[-84.5727241993206,33.6085434323086],[-84.5727406231007,33.6085652538167],[-84.5727585231719,33.6085898241769],[-84.5727660829671,33.6086007032568],[-84.5727806004105,33.6086215914771],[-84.5727898407604,33.6086348869243],[-84.5727956683239,33.6086435869426],[-84.5728201072137,33.6086823713937],[-84.572836803902,33.6087092954449],[-84.5728517021269,33.608734394107],[-84.5728696775377,33.6087646744792],[-84.5728798888968,33.6087839547219],[-84.5728871288276,33.6087976237097],[-84.5728924921887,33.6088077507877],[-84.5729036450964,33.6088288060298],[-84.5729174674216,33.6088572480022],[-84.5729282288784,33.608879390138],[-84.5729351503867,33.608893632729],[-84.5729445229359,33.6089148831645],[-84.5729642068352,33.6089594908577],[-84.5728821406838,33.6089715776511],[-84.572878711508,33.6089637218404],[-84.5728627204553,33.6089271178546],[-84.5728481231505,33.6088961095629],[-84.5728330329641,33.6088652408432],[-84.5728172878219,33.608834649281],[-84.5728008877246,33.6088043348763],[-84.5727838298706,33.6087741596824],[-84.5727662819305,33.6087442602024],[-84.5727480779633,33.6087146387843],[-84.5727292179611,33.6086852936244],[-84.5727097023638,33.6086560885687],[-84.572689696251,33.608627297183],[-84.5726690341088,33.6085987829563],[-84.5726478797274,33.608570544449],[-84.5726260710417,33.6085427210501],[-84.5726037705526,33.6085150363147],[-84.5725808157554,33.6084877657854],[-84.5725385449058,33.6084391223211],[-84.5725129548236,33.6084103492255],[-84.5724868735881,33.608381852745],[-84.5724603018416,33.608353769931],[-84.5724332378645,33.6083259637351],[-84.5724056833766,33.6082985712051],[-84.5723778015255,33.6082714538501],[-84.5723492647324,33.6082446145474],[-84.5723204012224,33.6082181883726],[-84.5722908823308,33.608192176403],[-84.5722610371539,33.6081664396038],[-84.5722155323403,33.6081285247816],[-84.5721922896404,33.6081099129584],[-84.5721611356565,33.6080854175163],[-84.5721453133064,33.608073240025],[-84.5721214165206,33.6080553165032],[-84.5720980102771,33.6080369802074],[-84.5720741128696,33.6080189196244],[-84.5720498887369,33.6080012721706],[-84.5720251740901,33.6079840392842],[-84.5720002969428,33.607967081033],[-84.5719749282036,33.6079505373522],[-84.5719493969637,33.6079342683063],[-84.5719233752093,33.6079184138268],[-84.5718970267246,33.6079029715737],[-84.5718705153108,33.6078879428135],[-84.5718435144553,33.6078733277139],[-84.5718163500248,33.6078589881535],[-84.5717886940013,33.6078450631619],[-84.5717608778355,33.6078316869039],[-84.5717328980983,33.6078185870863],[-84.5717044267631,33.6078059009351],[-84.5716759590815,33.6077937638825],[-84.571647000238,33.6077819034407],[-84.571617878463,33.6077704564903],[-84.5715885954701,33.607759559178],[-84.5715589840254,33.6077489370414],[-84.5715292124481,33.6077388663422],[-84.5714992779293,33.6077292073307],[-84.5714691815546,33.6077199618066],[-84.5714387584492,33.6077111294074],[-84.5714081724054,33.6077027095971],[-84.5713774262225,33.607694840322],[-84.5713466808928,33.6076873830997],[-84.5713156088308,33.6076803390018],[-84.5712843755507,33.6076738454423],[-84.5712531442,33.6076677639318],[-84.5712217499083,33.6076620950097],[-84.5711901948344,33.6076568395702],[-84.571158476381,33.6076521337742],[-84.5711267609328,33.6076478400234],[-84.5710950480515,33.6076440953734],[-84.5710631722311,33.6076407642128],[-84.5710311345485,33.607637846538],[-84.5709990994272,33.6076354770622],[-84.5709670662352,33.6076335205368],[-84.5709350356117,33.6076321140135],[-84.5709032946854,33.607631131222],[-84.5709028420465,33.6076311209794],[-84.5709023904893,33.6076311116348],[-84.570871267897,33.6076305460913],[-84.5708708152748,33.6076305394552],[-84.5708703637513,33.6076305373238],[-84.5708697128836,33.6076305376471],[-84.570869260291,33.6076305373225],[-84.5708688087759,33.6076305369944],[-84.570839079862,33.6076305069898],[-84.5708386272735,33.6076305075667],[-84.5708385626186,33.607630507778],[-84.5708381757752,33.6076305108451],[-84.5708381100428,33.6076305110599],[-84.5708376585529,33.6076305161417],[-84.570807057542,33.6076308794017],[-84.570806604983,33.6076308862902],[-84.5708061535142,33.6076308958801],[-84.5707748722784,33.6076316653027],[-84.5707744208264,33.6076316784991],[-84.5707739704604,33.6076316934954],[-84.5707422381491,33.6076330189104],[-84.5707102222713,33.6076347726352],[-84.5706782089535,33.6076370754606],[-84.5706461975599,33.6076397912365],[-84.5706143525176,33.6076430555781],[-84.5705825093945,33.6076467319686],[-84.5705508330642,33.6076508207714],[-84.5705191592912,33.607655458675],[-84.57048748744,33.6076605095292],[-84.5704561450868,33.6076659704615],[-84.5704248063711,33.6076719813929],[-84.5703936327253,33.6076782667871],[-84.5703624622773,33.6076852392358],[-84.5703316206908,33.607692485613],[-84.5703007827399,33.6077002819897],[-84.570270275362,33.6077084884418],[-84.5702397694634,33.6077172449005],[-84.5702095945801,33.6077262752813],[-84.570179584968,33.6077358551347],[-84.5701497421388,33.6077458465001],[-84.5684531914509,33.6083276149266],[-84.5684497464351,33.6083287964835],[-84.5684532313982,33.6083371553705],[-84.5687850145759,33.6091329996565],[-84.5687885442885,33.6091414665876],[-84.5687850534835,33.6091425401023],[-84.5682862297689,33.6092958674677],[-84.5682829466318,33.6092968762754],[-84.5682862696994,33.6093054079103],[-84.5682997331797,33.6093399693997],[-84.5690293846296,33.6112091875527],[-84.5697793678559,33.6131304680855],[-84.5697854930659,33.6131461570117],[-84.5697858300894,33.6131470215162],[-84.5697850415347,33.6131461593849],[-84.5697831145645,33.6131440539544],[-84.5697794079362,33.6131400040122],[-84.568015754118,33.6112124803731],[-84.5667594316902,33.6098392418133],[-84.5665967915358,33.6096615273608]]],[[[-84.4783668609177,33.6163339139016],[-84.4783684693208,33.61631817476],[-84.4783704073773,33.6160868547826],[-84.4783668609177,33.6163339139016],[-84.4783704652464,33.6160798783956],[-84.4783706801816,33.6160647414754],[-84.4783707763996,33.6160594366928],[-84.4782819222911,33.6160584306855],[-84.478277671645,33.6160583836867],[-84.47827220745,33.616058322613],[-84.4779700309557,33.6160549294607],[-84.4779316782868,33.6160545444833],[-84.4779026477358,33.616054145957],[-84.477902195077,33.6160541398826],[-84.4779017435023,33.6160541356088],[-84.4778866022289,33.6160539780424],[-84.4774355239622,33.6160492720059],[-84.4774351683091,33.6160492692927],[-84.4774351676942,33.6160493982335],[-84.4774351702347,33.6160495055261],[-84.4774192307059,33.616049438272],[-84.4773593721623,33.6160495886363],[-84.477335810569,33.6160493764115],[-84.4773331129852,33.6157961402954],[-84.4773373117985,33.6157643232448],[-84.4773708145661,33.6155352214352],[-84.4774568066359,33.6151854728597],[-84.4774870429039,33.6150624961787],[-84.4775459900756,33.6149275578767],[-84.4776693681484,33.6146447545371],[-84.4776955146698,33.6146227456856],[-84.477406355904,33.6145465669298],[-84.4772994627152,33.6145217896395],[-84.4770780500374,33.6144705181984],[-84.4766053440343,33.6144277731065],[-84.4763183042944,33.6144316947219],[-84.4761389262523,33.6144340290229],[-84.4756214709659,33.6144411004447],[-84.4756210183543,33.6144411051819],[-84.4756205668138,33.614441108113],[-84.4756199158966,33.6144411097388],[-84.4756194632721,33.6144411108692],[-84.4756190117252,33.614441111997],[-84.4748469236477,33.6144430379734],[-84.4748464710199,33.6144430381994],[-84.4748460194666,33.6144430375211],[-84.4748453685333,33.6144430346344],[-84.474844915899,33.6144430330571],[-84.4748444643393,33.6144430305754],[-84.4734291781555,33.6144355760109],[-84.4734287255212,33.6144355744283],[-84.4734289173877,33.6144368020313],[-84.4734422421011,33.6145345013263],[-84.4734448623184,33.6145388607288],[-84.4734444583017,33.6147037641997],[-84.4734555787203,33.6150617034957],[-84.4734399656319,33.6150618603367],[-84.4728643288603,33.6150676416746],[-84.4728637261022,33.615060539787],[-84.4728534184675,33.6150631242497],[-84.4728480040224,33.6150627896061],[-84.4726972802107,33.6150534641982],[-84.4726857776133,33.6150527523818],[-84.4726827300693,33.6150524975344],[-84.4726826287351,33.6150524887683],[-84.4726531537515,33.6147057250484],[-84.4726527022031,33.6147057261653],[-84.4726520512838,33.6147057277755],[-84.4726515986577,33.6147057288951],[-84.4726511471093,33.6147057300121],[-84.471655362167,33.6147081892181],[-84.4716549095409,33.6147081903341],[-84.4715757732147,33.6141562513127],[-84.4715598829116,33.6135612808535],[-84.4715594313501,33.6135612765565],[-84.471089606084,33.6135550273333],[-84.4710891534449,33.6135550230372],[-84.47107825165,33.6129765290712],[-84.4710778001075,33.6129765292807],[-84.4710771491914,33.6129765281775],[-84.471076696568,33.6129765274879],[-84.4710762450222,33.6129765267958],[-84.4707804474199,33.6129758919263],[-84.4707799947964,33.6129758912357],[-84.4703790222549,33.612440954154],[-84.470308690892,33.6121465473885],[-84.4703086832252,33.6121465122421],[-84.4703091358727,33.6121465210494],[-84.4703733574901,33.612147949437],[-84.4703738090632,33.6121479591484],[-84.4703742617107,33.6121479679555],[-84.4703749158978,33.6121479816778],[-84.4703753674645,33.6121479895859],[-84.4703571667932,33.6119224031025],[-84.4703762434563,33.6118360552927],[-84.4703766960612,33.6118360523781],[-84.4704563526811,33.6118353247961],[-84.4704568042051,33.6118353209822],[-84.4704572568068,33.6118353171657],[-84.4704579076921,33.6118353119605],[-84.4704583592192,33.6118353090484],[-84.4704479722547,33.611492308186],[-84.4704479612781,33.6114919439369],[-84.4704479564456,33.6114917951726],[-84.4704484128098,33.611491942828],[-84.4706784827859,33.6115665943332],[-84.4706789445454,33.6115667437779],[-84.4706791333512,33.6115668055294],[-84.4706793971551,33.6115667426656],[-84.4715603344181,33.6113571400429],[-84.4717244011389,33.6113097394315],[-84.4716581904758,33.6111454320227],[-84.4716581285107,33.611145278891],[-84.4716577389491,33.6111454340377],[-84.4716567865646,33.6111458123836],[-84.471512165307,33.6112033529973],[-84.4706435481415,33.611414809502],[-84.4706431260641,33.6114149124282],[-84.4706430955357,33.6114148115158],[-84.4706430192306,33.6114145637431],[-84.4704630326624,33.6108266683626],[-84.4706950631521,33.6107711313936],[-84.4702410303472,33.6107447634169],[-84.469904907611,33.6102464951715],[-84.4697394897979,33.6096260575488],[-84.4697390382664,33.60962605595],[-84.4687502659335,33.609619686695],[-84.4687498133244,33.6096196850952],[-84.4687540214708,33.6089427656482],[-84.4687544740669,33.608942764543],[-84.4696105994311,33.6089406709791],[-84.4696110509496,33.6089406698734],[-84.4696115035456,33.608940668765],[-84.4696121544219,33.6089406671711],[-84.4696126059403,33.6089406660654],[-84.4694225944964,33.608330190282],[-84.469423047105,33.6083301936827],[-84.4701287677798,33.6083380484412],[-84.4701292193172,33.6083380536453],[-84.4701296719259,33.6083380570434],[-84.4701303217421,33.6083380617611],[-84.4701307732732,33.6083380651619],[-84.4701789558713,33.6080282156085],[-84.4701794084689,33.6080282163015],[-84.4709649171387,33.6080290250091],[-84.4709653686587,33.6080290257018],[-84.4709658212563,33.6080290263919],[-84.4709664721319,33.6080290265942],[-84.4709669236487,33.6080290263853],[-84.4710566253648,33.6080386997751],[-84.471057077956,33.6080386986615],[-84.4712122768947,33.6080383166948],[-84.4712127284084,33.6080383155833],[-84.4712131809997,33.6080383144691],[-84.471213831869,33.6080383128668],[-84.4712142833827,33.6080383117553],[-84.4713299952467,33.6074119593603],[-84.471329543711,33.6074119532589],[-84.4711747504374,33.6074087826762],[-84.4711742978114,33.6074087729703],[-84.4711738462598,33.6074087623599],[-84.4703857415982,33.6073906600108],[-84.4703852889786,33.6073906521052],[-84.4704858698426,33.6068517657028],[-84.4704858762038,33.6068517359319],[-84.4704863288142,33.6068517420338],[-84.4712681576104,33.6068657286419],[-84.4712686091497,33.6068657365469],[-84.4712688300702,33.6068657405113],[-84.4712690617602,33.6068657426459],[-84.4712692815936,33.606865743908],[-84.4712697341693,33.6068657400886],[-84.4714458534462,33.6068625724476],[-84.4714463049347,33.6068625659252],[-84.4714892799755,33.6065675647824],[-84.4714994744991,33.6064979024589],[-84.4715232770815,33.6063352484918],[-84.4717712192498,33.6050024007524],[-84.471976218983,33.6042293998006],[-84.472089219566,33.6037664004139],[-84.4721522196242,33.6032813999721],[-84.4721602195738,33.6027944001176],[-84.4721262198654,33.6024344002336],[-84.4721142190174,33.6023084000652],[-84.4720992193973,33.6022153995795],[-84.4720942188719,33.602194400195],[-84.471987218998,33.6017304000056],[-84.4718272192335,33.6012743993384],[-84.4717842194068,33.6011843992021],[-84.4716292190668,33.6008513996315],[-84.4713472186364,33.6003663989888],[-84.4711812191821,33.6000873992648],[-84.4691102182042,33.5965893985046],[-84.4731416275293,33.5962341908902],[-84.4733662198825,33.5962143980354],[-84.4758492205765,33.5959533985274],[-84.4767282206623,33.5958593984511],[-84.4770702205187,33.5957923985407],[-84.4772622209092,33.5957343979349],[-84.4774432210277,33.5956633981532],[-84.4777822211369,33.5954793978709],[-84.4779532204756,33.595402398394],[-84.4781422204941,33.595340397827],[-84.4783682206249,33.5952923978606],[-84.4786582204313,33.5952693982848],[-84.4801942215008,33.5952783979784],[-84.4853110838069,33.5953089811501],[-84.4863892231173,33.5953153979536],[-84.4867792227929,33.5946453978214],[-84.4870502229979,33.5942193977296],[-84.487092223741,33.5941363970379],[-84.4871252232125,33.5940503972272],[-84.4871502228329,33.5939623974722],[-84.4871662232348,33.5938733976195],[-84.4871732233679,33.593783397675],[-84.4871702233766,33.5936853978174],[-84.4871752227087,33.5935953976426],[-84.4871892233164,33.5935063975518],[-84.4872132228685,33.5934183976626],[-84.4872462230263,33.5933323969076],[-84.4873372232733,33.5931733976656],[-84.4873972231582,33.5930983976674],[-84.487450223685,33.5930203969751],[-84.4874982234873,33.5929393976288],[-84.4875382230344,33.592855397494],[-84.487571223133,33.5927703975064],[-84.4877072233829,33.5922593968937],[-84.4883622232073,33.5919423968646],[-84.4881332236626,33.5911473964914],[-84.4880842234578,33.5909343964387],[-84.4879682234304,33.5904303966162],[-84.4879112235709,33.5902563966955],[-84.4878382228532,33.5900873965909],[-84.4877482237019,33.5899233961575],[-84.4876572228648,33.5897843963212],[-84.4875732227316,33.5896353967038],[-84.4874272226707,33.5893773963228],[-84.4872152231608,33.5889633964094],[-84.4870222228442,33.5885423958911],[-84.4868822233046,33.5882013961932],[-84.4867542230853,33.5878573960567],[-84.4867320037571,33.5877888476709],[-84.4866132226563,33.5874223961162],[-84.4865692222224,33.5872453962527],[-84.4865392227043,33.5870673962858],[-84.4865242222571,33.5868873963915],[-84.4865212226566,33.5867973960799],[-84.4865232228677,33.5866623954912],[-84.4865262228492,33.5865273959221],[-84.4865162228091,33.5862563957924],[-84.4864922227371,33.585987395685],[-84.4864772224476,33.5858753957054],[-84.4864252221941,33.5848853951445],[-84.486466222051,33.5841883957056],[-84.4864422229271,33.5840093954857],[-84.4864012227735,33.5838323949188],[-84.4863422228702,33.5836593955859],[-84.4862672227795,33.5834903950024],[-84.4862202221049,33.5834093951893],[-84.4862012224207,33.583363395597],[-84.4872382226383,33.5829903949171],[-84.4879782228755,33.5827553949932],[-84.4883052225118,33.5826863949957],[-84.4886372228311,33.5826383947113],[-84.4890042235923,33.582607394571],[-84.4905602237677,33.5824883952094],[-84.4909132235477,33.5824483948561],[-84.4911952240336,33.5823993952171],[-84.4914732234879,33.5823363951786],[-84.4917462237003,33.5822583947245],[-84.4920132237124,33.5821673946357],[-84.4924952246345,33.5819583945751],[-84.4927088868767,33.581844802123],[-84.4927322247541,33.5818323948731],[-84.4929592244133,33.5816953944744],[-84.4932252247565,33.5815113945251],[-84.4942122245572,33.5807593941818],[-84.494724380756,33.580368644705],[-84.4948565357987,33.5802678159157],[-84.4948565884338,33.5802677761024],[-84.4956006010668,33.5797006908575],[-84.4959902076028,33.5794035267692],[-84.4960671540918,33.5793469815855],[-84.4961506694725,33.5792904170627],[-84.4962358323695,33.579236254673],[-84.4963103634647,33.5791927711566],[-84.4963922810238,33.5791475493193],[-84.4964766667372,33.5791043802817],[-84.4965627013045,33.5790639569075],[-84.4966503888034,33.57902593384],[-84.4967397294694,33.5789906546141],[-84.4968307198429,33.5789577747947],[-84.4969225412423,33.5789272992679],[-84.4970151917377,33.5788995679694],[-84.497109495434,33.5788745823038],[-84.4972046312379,33.5788519964126],[-84.4973005964143,33.5788325036912],[-84.497396570949,33.5788157582815],[-84.4974941984702,33.5788014113492],[-84.4975918388287,33.5787901543541],[-84.4976903105175,33.5787816469779],[-84.4977887926882,33.5787758896114],[-84.4978872842455,33.5787728750442],[-84.4979816820544,33.5787726223753],[-84.4980769088265,33.5787747721883],[-84.4981713263469,33.5787796751133],[-84.498264936748,33.5787873230313],[-84.4983618367893,33.578797714883],[-84.4989004612899,33.5777635880061],[-84.4992451388086,33.5771003179044],[-84.4992826257457,33.5770294471961],[-84.4993494807511,33.5769110927394],[-84.4993935247075,33.5768374551555],[-84.4994465492001,33.5767514269003],[-84.4995020397973,33.5766660799696],[-84.4995583507698,33.5765817632277],[-84.4996171334524,33.5764984677227],[-84.4996653079898,33.5764323785923],[-84.4997151297305,33.576366626746],[-84.4997657684162,33.5763015642674],[-84.4998172361102,33.5762375274487],[-84.4998703456089,33.5761738261207],[-84.4999487960826,33.5760825788072],[-84.5000068250606,33.5760174918189],[-84.500063223375,33.5759558490961],[-84.5001212693555,33.5758952280174],[-84.5002038517513,33.5758104939478],[-84.5002937893226,33.5757185274759],[-84.5003567537988,33.5756568651146],[-84.5004311795936,33.5755862379906],[-84.5005023449585,33.5755221459595],[-84.5008009463053,33.5752626578558],[-84.5007391573956,33.5752037340962],[-84.500682281564,33.5751417069963],[-84.500635274123,33.5750844636929],[-84.500587408632,33.5750172564407],[-84.5005461128749,33.5749514083088],[-84.50043859487,33.5747417949065],[-84.5004063273127,33.5746745500237],[-84.5003773371671,33.574606607413],[-84.5001974912499,33.5741567112636],[-84.5000325650097,33.5737449083982],[-84.4999007706139,33.5734106541751],[-84.499701034772,33.5729106521948],[-84.499666266767,33.5728334511804],[-84.4996282395115,33.5727641576239],[-84.4995853069718,33.5726979700049],[-84.4989465943666,33.5718078561551],[-84.49887064402,33.5716936604813],[-84.4988243825728,33.571615800274],[-84.4987830492607,33.5715396481291],[-84.4987449994955,33.5714624529346],[-84.4987060892005,33.5713759844697],[-84.4986721040352,33.571288474867],[-84.4986447084532,33.5712081564992],[-84.4986205942688,33.5711268050171],[-84.4984938532062,33.5706094290027],[-84.4984730613653,33.5705376849782],[-84.4984481653303,33.5704669816674],[-84.4984134031342,33.5703904655235],[-84.4983770266815,33.570322198644],[-84.4983340836479,33.5702532604658],[-84.4982903523988,33.5701939479996],[-84.498237577586,33.5701298465823],[-84.4981798924501,33.5700691936886],[-84.4981247027631,33.5700174688185],[-84.4980588302724,33.5699626788652],[-84.4976299760341,33.5696405537386],[-84.4975657565234,33.5695874749924],[-84.4975072608677,33.569529574064],[-84.4974569642073,33.5694699325965],[-84.4974124030819,33.5694068403861],[-84.4973520336985,33.5692888240538],[-84.497320490736,33.5691954637382],[-84.4973054394485,33.5691226744446],[-84.4972977606062,33.5690460856182],[-84.4972991101137,33.5689694726748],[-84.4973193039684,33.5686688197395],[-84.4973765740388,33.5677593154102],[-84.4974027236669,33.5672995885017],[-84.4974333836914,33.5667299176819],[-84.4974782493075,33.5657970854675],[-84.4974993261318,33.5652978657741],[-84.4975188553906,33.564823039701],[-84.4975284818409,33.5645495544303],[-84.4975869723701,33.5628856324242],[-84.4976010708037,33.5624939591565],[-84.497603246999,33.5624187162767],[-84.49760624497,33.5623434730025],[-84.4976075948522,33.5622678905932],[-84.4976097710516,33.5621926513173],[-84.4976111276216,33.5621174115266],[-84.4976124774977,33.5620418291146],[-84.4976130122921,33.5619665906172],[-84.4976143653965,33.5618910081947],[-84.4976140784362,33.5618157754992],[-84.4976146121594,33.5617405388054],[-84.4976141430423,33.5616175491195],[-84.4976130419493,33.5615440362973],[-84.4976109380271,33.5614227713832],[-84.4975835568468,33.5606990047463],[-84.4975676916662,33.560627934355],[-84.4975114676377,33.5605184917286],[-84.4977704663812,33.5604284806583],[-84.4981475186622,33.5603075752238],[-84.4982385088952,33.5602801936866],[-84.4983172097076,33.5602579963047],[-84.4984090325525,33.560234044206],[-84.4984885657839,33.5602149381491],[-84.4986091107203,33.5601888467701],[-84.4986894755343,33.5601731746572],[-84.4987706696973,33.560159211656],[-84.4988658137654,33.5601445304004],[-84.4989470184103,33.5601333191831],[-84.49902904814,33.5601238252014],[-84.4991250349174,33.5601146336175],[-84.4992078979624,33.5601078837969],[-84.499303897038,33.5601024718842],[-84.4993867743098,33.5600991582085],[-84.4994967358383,33.5600971440204],[-84.4996075304996,33.5600975340781],[-84.4996896081719,33.56009971809],[-84.5001435125873,33.5601163603004],[-84.501469342968,33.5601651720517],[-84.5015678916069,33.5601715743161],[-84.5032174350542,33.5602354960046],[-84.5040981313961,33.5602622995225],[-84.5041933366183,33.5602641012247],[-84.5042877171902,33.5602634985191],[-84.5043829037044,33.5602604923696],[-84.5045351364791,33.5602578011443],[-84.5047819566781,33.560224680319],[-84.5050195155785,33.5601993225312],[-84.5053771390822,33.560149560994],[-84.5055485251657,33.5601140472695],[-84.5056485294901,33.5600838900029],[-84.5057607734688,33.5600351416576],[-84.5058934589197,33.559967100761],[-84.506057202286,33.5598666818184],[-84.5062199780716,33.55972881945],[-84.5063564217577,33.5595728224022],[-84.5064526939731,33.5594275806995],[-84.5065365875539,33.5592652013118],[-84.5066131349528,33.5591128037967],[-84.5067215936882,33.5591465145862],[-84.5068752278446,33.5591897220667],[-84.5069598492421,33.5592131937533],[-84.5071052659324,33.5592533325761],[-84.5072227574709,33.5592866763476],[-84.5073237767186,33.5593066654706],[-84.5074486255462,33.5593334633242],[-84.5075669458273,33.5593698963467],[-84.5076662766725,33.5593778677411],[-84.507765607245,33.5593841213564],[-84.5078657447267,33.5593879660845],[-84.5079584870501,33.5593897734857],[-84.5135200971214,33.5593605744149],[-84.5136235089124,33.5593620005312],[-84.5137269284816,33.5593661784655],[-84.5138303579605,33.5593731000966],[-84.5139329562555,33.5593827740958],[-84.5139329791573,33.5593828452642],[-84.5140676365477,33.5593995074031],[-84.5141898324011,33.5594192268077],[-84.5143113867631,33.5594427962616],[-84.514442817823,33.5594734827592],[-84.5145621070604,33.5595050282752],[-84.5146787861362,33.5595407034923],[-84.5147948259585,33.5595805028755],[-84.5149043071853,33.5596222438811],[-84.5149171314484,33.5596277044447],[-84.515031896158,33.5596768521981],[-84.5150914198051,33.5597033428396],[-84.5152456994011,33.5597831598068],[-84.5153672567878,33.5598480215258],[-84.5154760181851,33.5599144303935],[-84.5155714701398,33.5599773727496],[-84.5156636616569,33.5600458217623],[-84.5158082148202,33.5601553469236],[-84.5159202356161,33.5602567187409],[-84.5159861661199,33.5603252406915],[-84.5161015364517,33.5604430928016],[-84.5161292492923,33.5604773685588],[-84.5162199720376,33.5605884202344],[-84.516268490701,33.5606534178375],[-84.5162975442021,33.5606942864554],[-84.5163122114677,33.5607155111375],[-84.5163180159734,33.5607239101165],[-84.516312243447,33.5607250508147],[-84.5162333888505,33.5607406390233],[-84.5161830534027,33.5607951983978],[-84.5161518003313,33.5608598721194],[-84.5161518238941,33.5608657221483],[-84.5161518387588,33.5608694126799],[-84.5161518623217,33.5608752627088],[-84.516148511249,33.5609398576556],[-84.5161485496763,33.5609493982159],[-84.5161486311143,33.560969617243],[-84.5161486695417,33.5609791578033],[-84.5161416541193,33.5610305715253],[-84.5161336222022,33.5610740181728],[-84.5161330825286,33.5611028770404],[-84.5161326312613,33.5611028783143],[-84.5161319807508,33.5611028810524],[-84.5161315284065,33.5611028823293],[-84.5161310771392,33.5611028836032],[-84.5096289764908,33.5611254635831],[-84.509628524146,33.5611254648363],[-84.5095997703744,33.5651192053908],[-84.509599701455,33.5651287453451],[-84.5095998026952,33.5651287441629],[-84.5096001537993,33.5651287386818],[-84.5096002550394,33.5651287374997],[-84.5159829197297,33.5650125230074],[-84.5159833709956,33.5650125163239],[-84.5160661445739,33.5649974401831],[-84.5160672348499,33.5649972423431],[-84.5160676804289,33.564997160836],[-84.5160676861338,33.5649972401676],[-84.5160851485937,33.5652587516406],[-84.5160851870204,33.5652682921943],[-84.5160857765434,33.5654146582268],[-84.5160858149703,33.5654241987804],[-84.5160428418606,33.5656863136271],[-84.5160412765302,33.5656958587067],[-84.5160417288984,33.56569585743],[-84.5160424236067,33.5656958554692],[-84.5160428748979,33.5656958541955],[-84.5160433272661,33.5656958529187],[-84.5160474782832,33.5656958412027],[-84.5160479295743,33.565695839929],[-84.5160483819426,33.5656958386522],[-84.5160490324911,33.565695836816],[-84.5160494837823,33.5656958355423],[-84.5160495222056,33.5657053760954],[-84.5160513270049,33.5661535043613],[-84.5160513654292,33.5661630449137],[-84.5154773919907,33.5671153077912],[-84.5154769406922,33.567115309063],[-84.5154762901329,33.5671153108962],[-84.5154758377573,33.5671153121709],[-84.5154753864587,33.5671153134426],[-84.51095312347,33.5671279740851],[-84.510952671094,33.5671279753433],[-84.5109522197952,33.5671279765985],[-84.51094834121,33.5671279873862],[-84.5109478888341,33.5671279886444],[-84.5109527014157,33.5671375150187],[-84.510999980402,33.5672310778351],[-84.511000171469,33.5672314551069],[-84.5110000171809,33.5672406147873],[-84.5109916684311,33.5677360707042],[-84.5109849905554,33.568038679059],[-84.5109769242225,33.5684050516477],[-84.5109764729134,33.5684050520014],[-84.5109758223406,33.5684050529093],[-84.5109753699545,33.568405053266],[-84.5109749186418,33.568405052718],[-84.5106297011503,33.5684049223597],[-84.5106292487605,33.5684049218134],[-84.5106287974479,33.5684049212642],[-84.5106281468678,33.568404920367],[-84.5106276944781,33.5684049198207],[-84.5106272431654,33.5684049192715],[-84.5104924687065,33.5684047545026],[-84.5104920163167,33.5684047539559],[-84.5104915650041,33.5684047534061],[-84.5104909144276,33.5684047534098],[-84.5104904620379,33.5684047528631],[-84.5104900107252,33.5684047523133],[-84.5095791220291,33.5684039897858],[-84.5095786696393,33.5684039892357],[-84.5095782183266,33.5684039886826],[-84.5095775677501,33.5684039886816],[-84.5095771153603,33.5684039881315],[-84.5095766640477,33.5684039875784],[-84.5075945124925,33.5684023260566],[-84.5075940601027,33.5684023254993],[-84.507579955282,33.5708277150663],[-84.5075799554451,33.5708277565431],[-84.5075795039673,33.5708277172111],[-84.507578401668,33.5708276201608],[-84.5067838698151,33.5707576969334],[-84.5067835185466,33.5707576663399],[-84.5067834174201,33.5707576981765],[-84.5067831710611,33.5707577763978],[-84.5048226325731,33.5713808616988],[-84.5048135620643,33.5730786408345],[-84.5048135215971,33.5730862195484],[-84.5048135992554,33.5730881795841],[-84.5048189054045,33.573222169761],[-84.5048189842984,33.5732241703688],[-84.5048189425964,33.5732317085104],[-84.5048180177884,33.5733973168135],[-84.5048121478894,33.5750072984126],[-84.5047952785482,33.5751439360447],[-84.5047878494775,33.5757239325233],[-84.5047877272484,33.575733472606],[-84.5047878812976,33.5757334748902],[-84.5047881796906,33.5757334767801],[-84.5047883337398,33.5757334790643],[-84.5075463843198,33.5757679462192],[-84.5075468356851,33.5757679503861],[-84.5075468591912,33.5757774927742],[-84.5075479377684,33.5762974123444],[-84.5075479580637,33.5763025752934],[-84.5075479752718,33.5763069528898],[-84.5075479955672,33.5763121158387],[-84.5075440874113,33.5771553076248],[-84.5075436360423,33.5771553043596],[-84.5075429853789,33.5771552989383],[-84.5075425329257,33.5771552938727],[-84.5075420815461,33.5771552879024],[-84.5066013391562,33.5771426577162],[-84.5066008866995,33.5771426517455],[-84.5066004353236,33.5771426466735],[-84.5051831853474,33.5771267609936],[-84.5051827329015,33.5771267577227],[-84.5051770492883,33.5791612077451],[-84.5051762734487,33.5793829998813],[-84.5051757025415,33.5796572834775],[-84.5051702325724,33.5817886172473],[-84.5051696096607,33.5818448420993],[-84.5051695044045,33.5818543045823],[-84.5051696415134,33.5818543799481],[-84.5052182051851,33.5818811044476],[-84.5053159332653,33.5819338799959],[-84.5053646341384,33.5819604047914],[-84.50546235917,33.5820126302083],[-84.505511714044,33.5820386040337],[-84.5055610689533,33.5820643037295],[-84.5056104238861,33.5820902775149],[-84.5056597756225,33.5821154262552],[-84.5057076139446,33.582140335669],[-84.5057086891084,33.5821408953697],[-84.5057091295383,33.5821411249923],[-84.5057091404821,33.5821408932314],[-84.505710610891,33.582110569425],[-84.5057106378159,33.5821100166234],[-84.5057106487808,33.5821097902726],[-84.505711089193,33.5821100153868],[-84.5058011274241,33.5821559895297],[-84.505861993107,33.5821866032567],[-84.5059228588362,33.5822172178549],[-84.5059837235319,33.5822475574144],[-84.5060445871935,33.5822776219352],[-84.5061054519744,33.5823076864226],[-84.506259412626,33.5823817434295],[-84.5063817910457,33.5824402212133],[-84.5064442924414,33.5824691818962],[-84.5065373874748,33.5825123501048],[-84.5065989000302,33.5825404883905],[-84.5066614004903,33.5825688989427],[-84.5067238999174,33.5825973103675],[-84.5067854805645,33.5826249254002],[-84.5067896872388,33.5826268109663],[-84.5067855136839,33.5826344659484],[-84.5067371594233,33.582723152481],[-84.5067329612621,33.5827308535144],[-84.5067371914602,33.582732693032],[-84.5068234141334,33.5827701804096],[-84.5072473890811,33.5829534261072],[-84.5074055811541,33.583017300921],[-84.507676244675,33.5831248395208],[-84.5078513478853,33.5831923180482],[-84.507851854983,33.5831925132157],[-84.5078513800348,33.5832018558924],[-84.5078036995623,33.5841391644574],[-84.5078032481571,33.5841391611933],[-84.5078025974412,33.5841391557737],[-84.5078021449586,33.5841391525126],[-84.5078016935462,33.5841391474452],[-84.5074100971575,33.5841347666439],[-84.5074096446714,33.5841347624797],[-84.5073830770878,33.5854194717098],[-84.5073828797282,33.5854290119861],[-84.5073831091995,33.585429012256],[-84.5073833322069,33.5854290125437],[-84.5073835616782,33.5854290128136],[-84.508664800645,33.5854295902445],[-84.5086652520463,33.5854295908003],[-84.5086657045214,33.5854295904515],[-84.5086662388758,33.5854295907782],[-84.5086663552292,33.5854295913583],[-84.5086666902736,33.5854295904323],[-84.508666806627,33.5854295910125],[-84.5086667225301,33.585439131879],[-84.5086612245138,33.5860649066018],[-84.5086611411522,33.5860743609044],[-84.5086612578337,33.5860744444378],[-84.5087498697176,33.5861375512686],[-84.5087504650051,33.5861379761158],[-84.5087507091666,33.5861381494643],[-84.5087509174767,33.5861379739633],[-84.5089745712351,33.5859495454273],[-84.5091171770695,33.5858067879672],[-84.5093132637996,33.5855701656766],[-84.5094745697492,33.5853402342814],[-84.5096070097173,33.5851183534837],[-84.5097185547124,33.5849270359683],[-84.5098565183589,33.5846905739053],[-84.5099602460211,33.5845157676945],[-84.5101138538284,33.5842501296804],[-84.5102787107252,33.5839749051715],[-84.5102788552022,33.5839746631211],[-84.5102789140639,33.583974564675],[-84.5102793076661,33.5839746618648],[-84.5107160695237,33.5840832824571],[-84.5114050948563,33.5842294625553],[-84.5114061245579,33.5842296814991],[-84.5114065450627,33.5842297704954],[-84.5114065759422,33.58422967934],[-84.5114811979942,33.5840070468778],[-84.5114815078182,33.5840061235998],[-84.511481160047,33.5839975063483],[-84.5114782292362,33.5839247826116],[-84.5114739751144,33.5835009273126],[-84.5114738789951,33.5834913869445],[-84.5114739425551,33.5834913867674],[-84.5114743314636,33.5834913874872],[-84.5114743950236,33.5834913873101],[-84.5127262187417,33.5834922806594],[-84.5127266701328,33.5834922812005],[-84.5127271226012,33.5834922817386],[-84.5127277732908,33.5834922817224],[-84.5127282246783,33.5834922813618],[-84.5152974763503,33.5850285094338],[-84.5153025325168,33.5850315320338],[-84.5152975093324,33.585038049973],[-84.5151165832193,33.5852728446816],[-84.5151147012586,33.5852752872104],[-84.5151166204911,33.5852823852084],[-84.5151603670676,33.5854441795523],[-84.5154217325107,33.5856118059477],[-84.515422457268,33.5856122709732],[-84.5154227542985,33.5856124612914],[-84.5154229097365,33.5856122687964],[-84.5157570105353,33.5851987226434],[-84.5158038590584,33.5851407046956],[-84.5158042342499,33.5851402401757],[-84.5158043875388,33.5851400494896],[-84.5158046856423,33.5851402389022],[-84.5165798082376,33.5856318216905],[-84.5165852756651,33.585635289404],[-84.5165798413617,33.5856413622275],[-84.516072524541,33.5862079425433],[-84.5160723722446,33.5862081124883],[-84.5160720720694,33.5862079447225],[-84.5160713399878,33.5862075356254],[-84.5159378850242,33.5861328911448],[-84.5159374358414,33.5861326399434],[-84.5159374336266,33.5861328924188],[-84.515937427493,33.5861335091823],[-84.5159348622639,33.5863904389784],[-84.5159336257078,33.5864910306953],[-84.5159325892823,33.5865597413016],[-84.5159326277232,33.5865692818226],[-84.5159336105732,33.5868132111468],[-84.5159336490145,33.5868227516674],[-84.5158506436788,33.5868301280865],[-84.5158505995192,33.5868301309161],[-84.515850191193,33.5868301275599],[-84.5158501481035,33.5868301285832],[-84.5158496449723,33.5868301254945],[-84.5158491924793,33.5868301231646],[-84.5158487410599,33.58683011993],[-84.5158205129224,33.5868299462079],[-84.5158200604221,33.5868299420746],[-84.5158196089883,33.5868299352332],[-84.5146375088312,33.5868096517845],[-84.5146372976565,33.5868096478699],[-84.5146370563238,33.5868096458435],[-84.5146368451491,33.5868096419289],[-84.5146370234046,33.586800103503],[-84.5146557607116,33.5857980745283],[-84.5146557687388,33.5857976588332],[-84.5146636261434,33.5857918651111],[-84.5146557278063,33.585788535793],[-84.5130104080014,33.58509497942],[-84.5130101231092,33.5850948593927],[-84.5130099566091,33.5850949806833],[-84.5130095484099,33.5850952766738],[-84.5119783778908,33.5858446503928],[-84.511969908736,33.585850804519],[-84.5119784083577,33.5858541918416],[-84.513415610143,33.5864268921482],[-84.5134161626207,33.5864271124124],[-84.5134163892232,33.5864272028467],[-84.5134166150972,33.5864271111445],[-84.513440713691,33.5864173262576],[-84.513441831228,33.5864168722881],[-84.5134419506199,33.5864168241647],[-84.5134422883553,33.5864166870652],[-84.5134422826236,33.5864168701215],[-84.5134419855616,33.5864263665009],[-84.5134306422096,33.5867888412562],[-84.5134204542345,33.5871150942463],[-84.5134038704705,33.5876483141055],[-84.5134010775461,33.5877998376831],[-84.5134009023856,33.5878093760975],[-84.5134011114116,33.5878093809219],[-84.5134013549054,33.5878093838463],[-84.5134015639314,33.5878093886707],[-84.5143551323164,33.5878308689986],[-84.5143555837627,33.5878308776486],[-84.5143560362681,33.5878308817872],[-84.5153084367573,33.5878364398703],[-84.5153088881818,33.5878364431069],[-84.5153093406874,33.587836447242],[-84.515924054781,33.587843494333],[-84.5159241754506,33.5878434957958],[-84.5159245062056,33.5878434975673],[-84.5159246268752,33.5878434990301],[-84.5159245392679,33.5878530399049],[-84.5159085000162,33.5895962227704],[-84.5159084123963,33.5896057609375],[-84.515908533072,33.589605763302],[-84.5159088649002,33.5896057623654],[-84.515908985565,33.5896057620249],[-84.5159871882032,33.5896055412871],[-84.5159876396188,33.5896055400128],[-84.5159880921118,33.5896055387354],[-84.5159887428398,33.5896055368985],[-84.5159891942627,33.5896055374275],[-84.5159896467738,33.5896055406584],[-84.5166747718214,33.5896137611404],[-84.5166752232625,33.5896137661753],[-84.516675675781,33.5896137712071],[-84.5180449037343,33.5896299358842],[-84.5180451881731,33.5896299386833],[-84.5180453551682,33.5896299391107],[-84.5180456396107,33.5896299428114],[-84.5180453884665,33.5896394814435],[-84.5180305621742,33.5902038332552],[-84.5180301107373,33.5902038300286],[-84.5180294599757,33.5902038246631],[-84.5180290074578,33.590203820538],[-84.5180285560136,33.5902038155081],[-84.5166789817006,33.5901882965974],[-84.5166785302455,33.5901882888576],[-84.5166780787723,33.5901882766095],[-84.5166707699753,33.5901880529288],[-84.5166703185094,33.5901880424839],[-84.5166698670543,33.5901880347441],[-84.5159845737629,33.5901800960497],[-84.5159841212488,33.5901800928187],[-84.515978719544,33.5907546346578],[-84.5159782681224,33.5907546359322],[-84.5159776173858,33.5907546377691],[-84.5159771648868,33.5907546390465],[-84.5159767134652,33.5907546403208],[-84.5158983891237,33.5907548613991],[-84.5158979366356,33.5907548653812],[-84.5158901570522,33.5915950418885],[-84.5158897056226,33.5915950422608],[-84.5158890548687,33.5915950413924],[-84.5158886023581,33.5915950408662],[-84.5158881509249,33.5915950403369],[-84.5133640857853,33.5915903333704],[-84.5133639381794,33.5915903328822],[-84.5133636332746,33.5915903328349],[-84.5133634856687,33.5915903323467],[-84.5133636004963,33.5915807923039],[-84.5133848177444,33.5898194548289],[-84.5133849325654,33.5898099138817],[-84.5133847849661,33.5898099142952],[-84.5133844811486,33.5898099151465],[-84.5133843335493,33.5898099155601],[-84.5133838304225,33.5898099178715],[-84.5133833779283,33.5898099191393],[-84.5133829265115,33.5898099204042],[-84.5119946904725,33.5898146264687],[-84.5119942379782,33.5898146277315],[-84.5117639961051,33.5893090307558],[-84.5112309051923,33.5883690823775],[-84.5111669854351,33.5882476666941],[-84.5111630752595,33.588240237855],[-84.5111669518222,33.5882381252572],[-84.5112381113635,33.5881993534533],[-84.511365250642,33.5881308417126],[-84.5114327649704,33.5880976739456],[-84.5115579816086,33.5880415338437],[-84.5115900491718,33.5880280031868],[-84.5115953548635,33.5880257639642],[-84.5115900176709,33.5880184626456],[-84.5115083533686,33.5879067300933],[-84.5114369800609,33.5876256837273],[-84.5114367950783,33.5876249520821],[-84.5114369432015,33.5876161459054],[-84.5114452975209,33.5871206130877],[-84.5114470003459,33.5870202806924],[-84.5114471593118,33.587010950611],[-84.5114469656444,33.5870107437652],[-84.5109592530836,33.5864878367054],[-84.5109590853818,33.5864876568368],[-84.510958801684,33.5864878379612],[-84.5109581074754,33.5864882790088],[-84.5105562044053,33.586744094689],[-84.5101961721082,33.5869749011728],[-84.5101893569051,33.5869792697758],[-84.5101962034543,33.5869844417169],[-84.5103678040113,33.5871140716252],[-84.5103803863108,33.5871235755055],[-84.5098974756266,33.587124915868],[-84.5098970231464,33.587124917123],[-84.5088488346364,33.5877733918502],[-84.5084621541811,33.5880160653924],[-84.5082699679043,33.5881366767329],[-84.5074174651279,33.5886475848437],[-84.5074172050181,33.5886477406481],[-84.5074170126431,33.5886475869914],[-84.5074165414354,33.5886472113885],[-84.5070479336548,33.588353313],[-84.5070508823488,33.5883516557242],[-84.5066838991922,33.5879999859041],[-84.5066836861522,33.5879997818091],[-84.5066834477845,33.5879999871445],[-84.5066828636646,33.5880004873761],[-84.5064092096885,33.5882352427777],[-84.5056462050804,33.5888897832706],[-84.5055342678269,33.5889843573388],[-84.5054966267602,33.5890157909345],[-84.5054589845947,33.5890469504124],[-84.5054210138042,33.5890781098766],[-84.5053830419151,33.5891089952228],[-84.5053064397948,33.5891702176596],[-84.5052484944345,33.5892159983014],[-84.5052049577884,33.5892512953888],[-84.5051725450187,33.5892761188247],[-84.5051401300791,33.589300667247],[-84.5050847907689,33.589340944069],[-84.5049721318433,33.5894190297565],[-84.5049492042177,33.5894342081265],[-84.5049259479881,33.5894493873904],[-84.5048912263184,33.5894717437677],[-84.5048558463656,33.5894938269233],[-84.5048204653262,33.5895153600496],[-84.504796877241,33.5895297160646],[-84.504724796417,33.5895716876352],[-84.5046880977133,33.589592400192],[-84.5046146959728,33.589632451131],[-84.5045897891511,33.5896454356528],[-84.5045524289108,33.5896647758222],[-84.5044770458306,33.5897020837825],[-84.5044514796343,33.5897145209561],[-84.5044131292683,33.5897324905344],[-84.5043875609108,33.5897443776786],[-84.5043488797747,33.5897617972159],[-84.5043101964778,33.5897789426377],[-84.5042449557805,33.5898066037069],[-84.5041124919821,33.5898589078302],[-84.5040724867244,33.5898738584977],[-84.5040321517812,33.5898885341383],[-84.503998703446,33.5899004426855],[-84.5038357558142,33.589967396179],[-84.5035071071221,33.5900688794535],[-84.5012656755694,33.5906150038523],[-84.5009438169679,33.590690353049],[-84.5005225314988,33.5907854828661],[-84.5000340115709,33.5909033288825],[-84.4999277045204,33.5909269758468],[-84.4996179055892,33.590979477629],[-84.4995995326286,33.5909839245359],[-84.4995814903772,33.5909889196706],[-84.4995634491835,33.5909941907126],[-84.4995483622116,33.5909989028809],[-84.499509989116,33.5910116484976],[-84.4994896582743,33.5910193989837],[-84.4994722795458,33.5910260414825],[-84.4992443480238,33.5911217783706],[-84.4992417922503,33.5911228519219],[-84.4992443803282,33.5911313198144],[-84.4992568875567,33.5911722412029],[-84.499259417806,33.5911805189969],[-84.4992569198625,33.5911817826466],[-84.4992233648193,33.5911987549027],[-84.4991873139242,33.5912175399129],[-84.4991637181312,33.5912299707001],[-84.4991047306705,33.5912622847417],[-84.4989887367423,33.5913291057053],[-84.4989543361125,33.5913500854021],[-84.4989317313048,33.5913641626484],[-84.4988426284691,33.5914215662991],[-84.4988095453165,33.5914436415613],[-84.4987767928584,33.5914662659491],[-84.4987551769371,33.5914814396514],[-84.498733889612,33.5914966124681],[-84.4986703604064,33.5915432291457],[-84.4986389254235,33.5915669491045],[-84.498607820081,33.5915909431819],[-84.4985770443752,33.5916152104768],[-84.4985469268898,33.5916400260205],[-84.4981063077618,33.5920056335909],[-84.4980866684526,33.5920224510459],[-84.4980637557369,33.5920420246698],[-84.4979973240601,33.5921026662203],[-84.4979757288558,33.5921233363439],[-84.4979544632955,33.5921442796905],[-84.4979335273859,33.5921654980636],[-84.4978632111093,33.5922409897154],[-84.4978465364571,33.5922602724925],[-84.4978301904078,33.5922795552896],[-84.4978141729247,33.5922991104128],[-84.4978037154514,33.5923123308117],[-84.4977827983635,33.5923384957],[-84.4977622108941,33.5923652097247],[-84.4977422806232,33.5923919210858],[-84.4977275806807,33.5924122977053],[-84.4976988379934,33.5924530500825],[-84.4976802241872,33.5924805829444],[-84.497644641679,33.5925361942813],[-84.4976273454168,33.5925645477421],[-84.4975947212788,33.5926212502937],[-84.4975787393892,33.5926498752432],[-84.4975634157559,33.5926787734413],[-84.4975334340172,33.5927393172601],[-84.4975243128863,33.5927585797949],[-84.4975021651043,33.5928067343773],[-84.4974894691849,33.5928359005509],[-84.4974810052212,33.5928554354346],[-84.4974728698664,33.5928749703408],[-84.497445874824,33.5929434760605],[-84.4974348218544,33.5929731869563],[-84.4974276733566,33.5929929942321],[-84.4974205237747,33.5930128006088],[-84.4974039642503,33.5930623143875],[-84.4973974729301,33.5930823949158],[-84.4973825574516,33.5931324543188],[-84.4973795345644,33.5931427117415],[-84.4973767222923,33.5931522580811],[-84.4973771748046,33.5931522568717],[-84.4973791152277,33.5931522534889],[-84.4973795666661,33.593152253184],[-84.4973800191785,33.5931522519745],[-84.4973826049738,33.5931522477684],[-84.4978142775184,33.593151515251],[-84.499061689481,33.5931493896686],[-84.4990621409159,33.5931493884559],[-84.4990625934316,33.593149388142],[-84.4990632441909,33.5931493872955],[-84.4990636956257,33.5931493860828],[-84.4993064625373,33.5933675378126],[-84.4993128240398,33.5933732535619],[-84.4993064937705,33.5933770783541],[-84.4989381526336,33.593599635765],[-84.4989317782574,33.5936034868051],[-84.4989381827492,33.5936091763095],[-84.4990283289433,33.5936892491183],[-84.4990996043993,33.5937783784918],[-84.4992957979905,33.5940240482218],[-84.4992961379377,33.5940244738003],[-84.4992962775964,33.5940246483498],[-84.4992965904545,33.5940244725838],[-84.4992978773656,33.5940237495875],[-84.499298835292,33.5940232114173],[-84.4992992266322,33.5940229912583],[-84.4992992867279,33.5940232093021],[-84.499767238869,33.5957418999742],[-84.4997692105444,33.5957424437862],[-84.4998223851899,33.5958663530469],[-84.4998258761663,33.595874485771],[-84.4998224175607,33.5958758935812],[-84.4997517715851,33.5959046416253],[-84.4996638914806,33.5959392319781],[-84.4995786307245,33.5959718910468],[-84.4994881141485,33.5960042900853],[-84.4993808665426,33.5960414056258],[-84.4992654002635,33.5960763448829],[-84.499161091061,33.5961087807571],[-84.4990486166765,33.596138937404],[-84.4990482334961,33.5961390403226],[-84.4990481641521,33.5961389395213],[-84.4990479929643,33.5961386920206],[-84.4989646813841,33.5960177893046],[-84.4985110633207,33.5945175898636],[-84.4985109847516,33.5945173303919],[-84.4985106118822,33.594517591976],[-84.4985097006616,33.5945182310025],[-84.4985093073763,33.5945185070681],[-84.4985090193992,33.5945187098156],[-84.4985088548603,33.5945185091834],[-84.4985084532564,33.5945180197492],[-84.4982399453259,33.5941906533556],[-84.4982397851186,33.5941904581214],[-84.4982394938856,33.5941906545653],[-84.4982387824668,33.5941911361629],[-84.4972467234421,33.5948620427787],[-84.4972446654472,33.5948634341516],[-84.4972467566054,33.594871583314],[-84.4972826681334,33.5950114670069],[-84.4973608976616,33.595287462654],[-84.4974177051289,33.59545770665],[-84.4975098308372,33.5956748514817],[-84.4976374788809,33.595991940249],[-84.4977936399078,33.5963793084467],[-84.4978747852657,33.5965756726002],[-84.4978784980621,33.5965846550644],[-84.4978748152647,33.5965852122393],[-84.497676970398,33.5966151525114],[-84.4976765189623,33.5966151582275],[-84.4972328745715,33.5966229202064],[-84.4972327829914,33.5966229213527],[-84.4972324220616,33.5966229268253],[-84.4972323304815,33.5966229279717],[-84.4972323910593,33.5966133880903],[-84.4972361682614,33.5960187667069],[-84.4972362288354,33.5960092259228],[-84.497236137249,33.5960092252659],[-84.4972357773684,33.5960092226206],[-84.497235685782,33.5960092219637],[-84.4963893448339,33.5959988513484],[-84.4963888922895,33.5959988480459],[-84.4963934772282,33.5959952615884],[-84.4959908822621,33.5956856752031],[-84.4959906542536,33.5956854999834],[-84.4959904308139,33.5956856764047],[-84.495989884027,33.5956861070573],[-84.4955021315134,33.5960707387873],[-84.4948682372894,33.5965742625521],[-84.4938728955459,33.5973766573174],[-84.4935936076499,33.5976019324569],[-84.4923811132868,33.5985670387318],[-84.4898552443289,33.6005931205304],[-84.4890853671762,33.6011992078219],[-84.4887752807379,33.6014509361806],[-84.4879248485354,33.6021253834809],[-84.4872862416837,33.6026217355728],[-84.486795598585,33.6030764770307],[-84.486545212714,33.6034526548467],[-84.4865388709527,33.6034621821029],[-84.4865393235261,33.6034621827361],[-84.4865447910628,33.6034621956499],[-84.4865452425619,33.6034621971876],[-84.4865456951353,33.6034621978208],[-84.4873077162089,33.6034640275934],[-84.4873081677081,33.6034640291282],[-84.4873086202815,33.6034640297587],[-84.4873092711254,33.6034640307769],[-84.4873097226146,33.6034640296067],[-84.4873101751713,33.6034640257288],[-84.4876344950089,33.6034596366679],[-84.4876349464813,33.6034596309883],[-84.4876353990312,33.6034596253058],[-84.4876359302382,33.6034596185176],[-84.4876360498418,33.6034596173057],[-84.487636265343,33.6034596149432],[-84.4876336791021,33.6037588422155],[-84.4876270694139,33.6044597450408],[-84.4876187179114,33.6054411873987],[-84.4875913138415,33.6085289461232],[-84.4875912598666,33.6085350280505],[-84.4875913491858,33.6085384848347],[-84.4876123494799,33.6093512203628],[-84.4876680921623,33.6115409251089],[-84.4876902894064,33.6123885825157],[-84.4876904435104,33.6123885821158],[-84.4876902899178,33.6123887204703],[-84.4876952054744,33.6125812581461],[-84.4877210353934,33.6135932241023],[-84.4877205838682,33.6135932297826],[-84.4877180579301,33.6135932660937],[-84.4867099550526,33.6135849726896],[-84.4850872291175,33.6135650037362],[-84.4850084935285,33.6135639629805],[-84.485008040889,33.6135639587353],[-84.4850075215072,33.6135639744987],[-84.4842133508877,33.6135909992906],[-84.4842128993754,33.6135910085647],[-84.4842124478499,33.6135910142322],[-84.4842117969561,33.6135910204114],[-84.4842113443463,33.6135910242783],[-84.4842108928174,33.6135910290441],[-84.4839254944695,33.6135938081446],[-84.4826048888353,33.613605735069],[-84.4825645214969,33.6136061032552],[-84.4824136603745,33.6136074631321],[-84.4823332370991,33.6136081877518],[-84.4816974591064,33.6146830209942],[-84.4808199127297,33.6161677270603],[-84.4808058455306,33.6161915263663],[-84.4806991957196,33.6163719621618],[-84.4806990319025,33.6163719607743],[-84.4806377144497,33.6164756825343],[-84.4806372660797,33.6164756710489],[-84.4806361935992,33.6164756277859],[-84.4806212608685,33.6164750471408],[-84.4806212201643,33.6164751157712],[-84.4803194582275,33.6164634147927],[-84.4802529400415,33.6164608360487],[-84.4799998167554,33.6164510153916],[-84.4799970005778,33.6165802340006],[-84.479996492641,33.6166137946363],[-84.4799956122225,33.6166671235815],[-84.4799951375556,33.6166958809231],[-84.4799946483356,33.6167289555093],[-84.4799940332593,33.616768051783],[-84.4799928221815,33.6168449639063],[-84.4799916839667,33.6169172926429],[-84.479990384388,33.6169998287196],[-84.4799892498891,33.6170764611276],[-84.4799880567613,33.6171520811051],[-84.4799868792785,33.6172266641186],[-84.4799856922592,33.6173018882445],[-84.4799845712409,33.6173768867843],[-84.4799832644116,33.6174595067287],[-84.4799821514588,33.6175298850769],[-84.4799810041186,33.6176023761296],[-84.4799799014251,33.617676483767],[-84.4799787373718,33.6177497178384],[-84.4799775032245,33.6178274081511],[-84.4799624372757,33.6188009160271],[-84.4795447961955,33.618797582021],[-84.4795186270451,33.6187974390257],[-84.4790378264454,33.6187936174441],[-84.4790341869369,33.6187936239303],[-84.4790337891116,33.6185865766447],[-84.479033595608,33.6185858161221],[-84.4789219137031,33.6185860683558],[-84.4789219165096,33.6185868464919],[-84.4789227251013,33.61879281344],[-84.4789226179564,33.6187935855419],[-84.4786898499635,33.6187901045986],[-84.478684460031,33.6187900631932],[-84.4786508734549,33.6187898052776],[-84.478624528393,33.6187895949114],[-84.4784014405623,33.6187869762562],[-84.4783700424802,33.618786607253],[-84.478306055365,33.6187858559932],[-84.4783161452702,33.618455042181],[-84.478245314431,33.618384419512],[-84.4782356577324,33.6175404198924],[-84.4782197541831,33.6174689627367],[-84.4782179618583,33.6174656490965],[-84.4782173581406,33.6174634992267],[-84.4782148734701,33.6174576653525],[-84.4782140423623,33.6174549191482],[-84.4782099103106,33.6174477152744],[-84.4782082567484,33.6174446276044],[-84.4782066044224,33.6174418834684],[-84.4782057807317,33.6174411984686],[-84.4782033059513,33.6174381128669],[-84.4782016499174,33.6174343381286],[-84.478200000064,33.6174322810607],[-84.4781948218783,33.6174251699884],[-84.4781942144533,33.6174219895161],[-84.4781925646003,33.6174199324481],[-84.4781900848769,33.6174154727098],[-84.4781850724209,33.6174082944958],[-84.4781816436935,33.6174021681516],[-84.478180037646,33.6173994058653],[-84.4781760079073,33.6173924803494],[-84.4781727354717,33.6173866592782],[-84.4781719080738,33.6173849436759],[-84.4781686071345,33.6173804860052],[-84.4781636476926,33.6173715665273],[-84.4781628165873,33.6173688203226],[-84.4781603418105,33.61736573472],[-84.4781586857799,33.6173619599811],[-84.4781570309853,33.6173585287762],[-84.4781537238683,33.6173523534346],[-84.4781504118082,33.6173448039565],[-84.4781495807036,33.6173420577517],[-84.4781487533067,33.6173403421492],[-84.4781470910978,33.6173348497396],[-84.4781462599933,33.6173321035348],[-84.4781437827465,33.6173283308636],[-84.4781287370882,33.6172658359608],[-84.4781335278775,33.6165498995199],[-84.4781355145211,33.6164403647419],[-84.4783661064108,33.616444052405],[-84.4783668609177,33.6163339139016]]],[[[-84.4971575659463,33.6218092310875],[-84.4993437530041,33.6216075128087],[-84.4994086120759,33.6216015279714],[-84.499576145466,33.6216000465449],[-84.4995729159268,33.6216144837784],[-84.4995696877076,33.6216292645449],[-84.4995664581663,33.6216437017781],[-84.4995656417022,33.621648593738],[-84.4995640498807,33.6216581368009],[-84.4995616429154,33.6216729153567],[-84.4995568369086,33.6217045336668],[-84.4998307683958,33.6216103063297],[-84.4998668643888,33.621597762427],[-84.4999775897997,33.621560018592],[-84.5002129828896,33.6214793399769],[-84.50013302767,33.6209769595693],[-84.5001321958336,33.6209742135182],[-84.5003776384174,33.6209446944644],[-84.5004630099987,33.6209345015346],[-84.5004129895096,33.6205282316673],[-84.5004129789146,33.620525483402],[-84.5006505405133,33.620156227233],[-84.5009584374461,33.6201375315517],[-84.5013188815245,33.620115256674],[-84.5019773696373,33.6200749971915],[-84.5019910215035,33.61935902867],[-84.5019909376775,33.61933738608],[-84.5019983590481,33.6184291628431],[-84.5020013574978,33.6180402078909],[-84.5020076496348,33.6172912308543],[-84.5003701650929,33.6172856814541],[-84.5003634251854,33.6172572014012],[-84.5003150057242,33.6170525840088],[-84.50030664136,33.6170130998231],[-84.5002982783272,33.6169739591699],[-84.5002831920573,33.6168949854627],[-84.5002764688221,33.6168551533106],[-84.5002706710257,33.6168163555845],[-84.5002705559706,33.6168155840638],[-84.5002663601564,33.6167892214804],[-84.5002629733981,33.6167627782694],[-84.5002578926028,33.6167229416858],[-84.5002545058498,33.6166964984742],[-84.5002519389848,33.6166697095144],[-84.5002485006186,33.6166298685004],[-84.5002459350811,33.6166034230735],[-84.5002441907539,33.6165769754318],[-84.5002415722799,33.6165367886689],[-84.500239827952,33.6165103401252],[-84.5002389180711,33.6164873256024],[-84.5002371075753,33.6164437012902],[-84.5002361831379,33.6164169078998],[-84.5002360812314,33.616390455828],[-84.5002317674458,33.6159102018575],[-84.5002318457624,33.6155005522493],[-84.5002319181475,33.6151246080319],[-84.5002319350451,33.6150361151887],[-84.5003372009287,33.6150556960175],[-84.5003373260302,33.6150557191235],[-84.500335699706,33.6149961274976],[-84.5003359476875,33.6149961565838],[-84.5007568026586,33.6150466332337],[-84.501441866791,33.6151776893201],[-84.5015951864695,33.6152070195348],[-84.5016818348204,33.6152235956626],[-84.5019034307582,33.6152550849062],[-84.5032244178693,33.6154427955856],[-84.504637679533,33.6156436028232],[-84.506696655325,33.6159636762849],[-84.5070008056258,33.6160109539247],[-84.507132856354,33.6164342752012],[-84.507137968386,33.6168926357794],[-84.5071235570868,33.6173914395322],[-84.5058418142928,33.618514203719],[-84.5058492430142,33.618523802378],[-84.5058566717372,33.6185334010366],[-84.5058632805811,33.6185433454798],[-84.5058707106533,33.6185532876705],[-84.5058773195003,33.6185632321129],[-84.5058839283489,33.618573176555],[-84.5058905385449,33.6185834645297],[-84.5058963261694,33.6185934112232],[-84.5059021164872,33.6186040449826],[-84.5059079054605,33.6186143352086],[-84.5059136944351,33.6186246254344],[-84.5059186635297,33.6186352614453],[-84.5059236326255,33.618645897456],[-84.5059286030687,33.6186568769996],[-84.5059335721669,33.6186675130098],[-84.5059377213847,33.6186784948055],[-84.5059418692572,33.6186891330678],[-84.5059460184771,33.6187001148632],[-84.5059493478159,33.618711442444],[-84.5059526758094,33.6187224264917],[-84.5059560038037,33.6187334105392],[-84.5059593331452,33.6187447381197],[-84.5059618399126,33.6187557244198],[-84.5059643480304,33.6187670551544],[-84.5059668561453,33.6187783849874],[-84.505968543032,33.618789717073],[-84.505970229919,33.6188010491586],[-84.5059719168065,33.6188123812441],[-84.5059736050408,33.6188240568627],[-84.5059744706998,33.618835391201],[-84.505975336359,33.6188467255392],[-84.5059762020184,33.6188580598773],[-84.5059762477947,33.6188697400014],[-84.5059771134545,33.6188810743395],[-84.5059763366545,33.6188924131833],[-84.5059730813996,33.6191095373365],[-84.5070787547947,33.6189855734777],[-84.5070679751262,33.6193569681433],[-84.5070585936007,33.6196881642437],[-84.5070513371734,33.6199527056576],[-84.5070376385219,33.6204336964891],[-84.5070885233927,33.6204119145431],[-84.5071377169893,33.62039116694],[-84.5072016632243,33.620362820895],[-84.5072500328191,33.6203413884425],[-84.507298401038,33.6203196124383],[-84.5073459479893,33.6202978386772],[-84.5073943148076,33.6202757191027],[-84.5074574342205,33.6202460010566],[-84.5075049770335,33.6202231966358],[-84.5075525198213,33.6202003921969],[-84.5075992399891,33.6201772464704],[-84.5076615336828,33.6201461564496],[-84.507723823547,33.6201143793346],[-84.5077705409116,33.6200905455762],[-84.5078172569001,33.620066369169],[-84.5078787227008,33.6200339071756],[-84.5079246160337,33.6200093894605],[-84.5079705079863,33.6199845281956],[-84.5080163985578,33.6199593233808],[-84.5080614678629,33.6199341208157],[-84.5081065357867,33.6199085747014],[-84.5081516023289,33.6198826850377],[-84.5081958554589,33.619858515287],[-84.5082220781828,33.6198440143379],[-84.5082482995424,33.6198291698503],[-84.5082917275905,33.6198043152705],[-84.5083179475704,33.6197891272353],[-84.5083441675411,33.6197739391946],[-84.5083777569498,33.6197532342024],[-84.5084203596164,33.6197273512477],[-84.5084629609011,33.6197011247453],[-84.5085047395663,33.6196745569651],[-84.5085465168492,33.6196476456379],[-84.508588291389,33.619620046329],[-84.5086292446693,33.6195924501784],[-84.5086701965663,33.6195645104812],[-84.5087021365575,33.6195420922781],[-84.5087267068479,33.6195248474979],[-84.5087504548153,33.6195076049871],[-84.5087823920495,33.6194844996974],[-84.5088061399946,33.619467257176],[-84.5088372532487,33.619443467078],[-84.5088683678434,33.6194200205052],[-84.5088994810634,33.6193962303916],[-84.509008510945,33.6193113564319],[-84.5102435530503,33.6183499199376],[-84.5106578201977,33.6180274201336],[-84.5106952589742,33.6179982740811],[-84.5107311563979,33.6180320022321],[-84.5108347478324,33.6181293316655],[-84.5109383589707,33.6182266789883],[-84.5109752150379,33.618261307873],[-84.5109732309573,33.6183334020057],[-84.5104754537914,33.618728603213],[-84.5100512314202,33.6190654016717],[-84.5090812309992,33.619847402357],[-84.5088492304198,33.6200194024677],[-84.5086632312621,33.6201424025861],[-84.5082702308628,33.6203864023746],[-84.5076162306982,33.6207404022633],[-84.5073242307036,33.6208844020953],[-84.5070882300331,33.6209814026147],[-84.5064712301676,33.6212124022722],[-84.5060572300302,33.6213464028822],[-84.5054182295044,33.621523402489],[-84.5053832300823,33.6215364030549],[-84.505111230217,33.621600402555],[-84.504860230146,33.6216544031178],[-84.5045852302401,33.6217074029688],[-84.503835229864,33.6217554025175],[-84.4993782287162,33.6221714027027],[-84.4986382276696,33.6222664029715],[-84.4975762278117,33.6223334027427],[-84.4962702279174,33.6224574028242],[-84.4952280037312,33.6225540398059],[-84.4947717340807,33.6225963437879],[-84.4947705833445,33.622384871596],[-84.4947686499257,33.6220294532731],[-84.4947804674685,33.6220285148425],[-84.4969432174705,33.6218290065393],[-84.4970745351494,33.621816891708],[-84.4971575659463,33.6218092310875]]],[[[-84.516457295627,33.6256717802176],[-84.516366294974,33.6254682628611],[-84.5159525681147,33.6245429687518],[-84.515923546606,33.6244750296192],[-84.5158920309639,33.6243985100153],[-84.5158613206481,33.624318553667],[-84.5158297550784,33.6242306974874],[-84.5157499359529,33.6239880408141],[-84.5157174887055,33.6238854168296],[-84.5156858671121,33.6237827877998],[-84.5156550644028,33.6236798120111],[-84.5156242607009,33.6235768389207],[-84.515595101767,33.6234738593772],[-84.5155667647889,33.6233715645788],[-84.515566482328,33.6233014857593],[-84.5154700351857,33.6230087185541],[-84.5154475744227,33.6229376698614],[-84.5154209876906,33.622861482457],[-84.5153902717428,33.6227801491337],[-84.515355437386,33.6226960809243],[-84.5153173112781,33.6226092727898],[-84.5152742278411,33.6225156078862],[-84.5152237130344,33.622412004959],[-84.5151715588795,33.6223094327291],[-84.5151219161293,33.6222178501725],[-84.515071449282,33.6221266098454],[-84.5150185272192,33.6220364061187],[-84.5149802503328,33.6219700932636],[-84.5139897103559,33.6202539374853],[-84.5135952359859,33.6195700317064],[-84.5135481285339,33.6194963034554],[-84.5134928250347,33.6194263770702],[-84.5134309671924,33.6193605923757],[-84.5133633797629,33.6192992869802],[-84.5132884222711,33.61924350059],[-84.5132093825814,33.6191928804436],[-84.5131246169406,33.619148457239],[-84.5130357699612,33.619110227261],[-84.5129428441098,33.619078541244],[-84.5128474774955,33.6190533882826],[-84.5127496782303,33.6190354545202],[-84.5126510830652,33.6190243909345],[-84.5123249767898,33.6190050349252],[-84.512224748855,33.6189963821221],[-84.5121261401007,33.6189818854939],[-84.5120283336343,33.6189615491286],[-84.5119321455797,33.6189357070731],[-84.5118392230339,33.6189047027797],[-84.5117479178786,33.6188681991204],[-84.5116606984181,33.6188265327507],[-84.5115767501801,33.618780046782],[-84.5114968860631,33.6187290806879],[-84.511421110111,33.6186732954366],[-84.5113502430577,33.6186133758218],[-84.5113493095955,33.6186125281472],[-84.5114942389961,33.6187268807767],[-84.5116580513439,33.618824332843],[-84.5118365759528,33.6189025028759],[-84.5133740854633,33.618939581328],[-84.5133742603281,33.6189399180628],[-84.5142569747352,33.6189629858739],[-84.514264579001,33.6189631845121],[-84.5142580188158,33.618965607704],[-84.5135389540852,33.6192561979895],[-84.5136837876245,33.6195343999321],[-84.5151041496636,33.6219944581695],[-84.5156013812197,33.6219947641603],[-84.5156029267597,33.6219947652101],[-84.5156001004496,33.6214973314902],[-84.5155997127352,33.6214011414693],[-84.5155985828458,33.6211208188849],[-84.5155960308742,33.620714421498],[-84.5155941745307,33.6204134878381],[-84.5155968114611,33.6204131341577],[-84.5164551193784,33.6202980325635],[-84.5164552837332,33.6203005657933],[-84.5164577666189,33.6203002323668],[-84.5164847800405,33.6207177701369],[-84.5167992861055,33.6207192660539],[-84.5203963575445,33.6207330760095],[-84.5204023534043,33.6205777821898],[-84.5204128205869,33.6203097938141],[-84.5204276987509,33.6199394180356],[-84.5204604850058,33.619119987876],[-84.5239788618127,33.6191624360877],[-84.5240585268914,33.619163580073],[-84.5240395081142,33.619132028767],[-84.524940776556,33.6190218945598],[-84.5249379155083,33.6190100007959],[-84.5248967600681,33.6188389432525],[-84.5248396186151,33.6186014319723],[-84.524698954072,33.6180167514441],[-84.5246984507385,33.6180146583201],[-84.5246983441934,33.6179888933884],[-84.5246982589574,33.6179682814429],[-84.5246989736319,33.617942514134],[-84.5246996897267,33.6179170903573],[-84.5247004044005,33.6178913230482],[-84.5247019402925,33.6178655533618],[-84.5247034776044,33.6178401272078],[-84.5247050134948,33.6178143575212],[-84.5247073720191,33.6177889280882],[-84.5247097291252,33.6177631560242],[-84.5247120876507,33.6177377274926],[-84.5247152659714,33.6177119530512],[-84.5247184457108,33.6176865221421],[-84.5247224466652,33.6176610888556],[-84.5247264476173,33.6176356555688],[-84.5247304485671,33.6176102222819],[-84.5247360706357,33.6175796312535],[-84.5247416941211,33.6175493837572],[-84.5250051163841,33.6162144726507],[-84.5239693194517,33.6162108867719],[-84.5223186552533,33.6162049770651],[-84.5205053846497,33.6161982969344],[-84.5205054306657,33.6161961075453],[-84.5205027374336,33.6161960972161],[-84.5205074470795,33.615969315257],[-84.5204766338111,33.6159952723424],[-84.5204414358521,33.6160232003902],[-84.520407060472,33.6160514687106],[-84.5203718610607,33.6160790523044],[-84.5203366616269,33.6161066358881],[-84.5203014607676,33.6161338759291],[-84.5202662598862,33.6161611159602],[-84.5202302363767,33.6161880147959],[-84.5202175952017,33.6161973327307],[-84.5185163825684,33.616191178623],[-84.5183652684579,33.6161906039122],[-84.5176479217985,33.6150723446005],[-84.5177485552189,33.6149799911571],[-84.5174874621537,33.6145866942944],[-84.5172305027408,33.6141999123325],[-84.5169500145958,33.6137777093444],[-84.517110914373,33.6136979281539],[-84.5177558634683,33.6133778579259],[-84.5197884522292,33.6123691393142],[-84.5197472370082,33.6123307808261],[-84.5194288424461,33.6119823121423],[-84.5193702796072,33.611918580358],[-84.5193686355972,33.6119197590221],[-84.5193635015506,33.6119234380543],[-84.5191588444307,33.6117079591918],[-84.5191171438406,33.6116640538838],[-84.5190808757848,33.6116304905892],[-84.5190454289169,33.6115969249445],[-84.5190091623147,33.6115637051612],[-84.5189630096891,33.6115226121714],[-84.5189259233848,33.6114897373328],[-84.518888838829,33.6114575504534],[-84.5188509328234,33.6114250223643],[-84.5182485855332,33.6117235526376],[-84.5180656939751,33.611577725552],[-84.5178185426661,33.6113805491668],[-84.5178365465279,33.6113650388937],[-84.5182956453306,33.6109769111823],[-84.518173717169,33.6108793496512],[-84.5176974049877,33.6112754271147],[-84.5174444833302,33.6110720835757],[-84.5172212178429,33.6108920150893],[-84.5169666463933,33.6106862704685],[-84.516749976775,33.6105120225654],[-84.516655233903,33.6104356818833],[-84.5161130791012,33.6108927456157],[-84.515785006196,33.6108929848622],[-84.5157305658488,33.6108932358721],[-84.5153856591388,33.610894822672],[-84.5153927051701,33.6113544319388],[-84.5154103958975,33.6118888571462],[-84.5154158630803,33.6120540262259],[-84.5148086131941,33.6121115168602],[-84.5147238725537,33.6121195106014],[-84.5144219855106,33.612147988674],[-84.5144014646542,33.6121501075832],[-84.5143817677209,33.612152911247],[-84.5143702783023,33.6121546612271],[-84.5143587902625,33.6121567547393],[-84.5143481233876,33.6121588459425],[-84.5143366353467,33.6121609394526],[-84.5143259698499,33.612163374187],[-84.514202443314,33.6121708715492],[-84.5141993228735,33.6120012713133],[-84.5141987286772,33.6119689453377],[-84.5141936969213,33.6119428506603],[-84.5141894794387,33.6119150360098],[-84.5141869415061,33.6118964921405],[-84.5141844256317,33.6118834448014],[-84.5141810348319,33.6118570019761],[-84.5141784651966,33.6118305568437],[-84.5141758955629,33.6118041117112],[-84.5141741470927,33.6117776642717],[-84.5141723972451,33.6117508732989],[-84.5141714699385,33.6117244235523],[-84.5141713899852,33.6117044986289],[-84.5141713362235,33.6116911008355],[-84.5141712300788,33.6116646487819],[-84.514175817491,33.611375376801],[-84.51418425519,33.6108177915332],[-84.5141155041779,33.6108178638289],[-84.5139642579872,33.6108180234493],[-84.5130091751448,33.6108190258245],[-84.5130058014244,33.6101807424022],[-84.5129999883849,33.6091377771382],[-84.5125434145974,33.6091339014658],[-84.5125670780126,33.6082739598269],[-84.5120538591195,33.6082723019253],[-84.5120501269186,33.6085718777265],[-84.5120383378515,33.6095279765058],[-84.5115842336485,33.6095261516291],[-84.5109231965211,33.60952352697],[-84.5109261857031,33.6090360384411],[-84.5105074188327,33.6090406384663],[-84.5104959375577,33.6082188724519],[-84.5104825345265,33.6081502572482],[-84.5103811181525,33.6076314533028],[-84.5103165818488,33.6073014923216],[-84.510082698294,33.6061021287895],[-84.5098107489486,33.6047107641696],[-84.5096160047581,33.6046755906965],[-84.5093379777387,33.604625375082],[-84.5090981056919,33.6045820511244],[-84.5088147210319,33.6045308663364],[-84.5085235533157,33.6044782759572],[-84.5082536063803,33.6044295161198],[-84.5079772253629,33.6043795940538],[-84.5076951575621,33.6043286438087],[-84.5074234743626,33.6042795686508],[-84.5071062571562,33.604222290347],[-84.5071075978251,33.6049785326801],[-84.5071245629029,33.6052397728623],[-84.5071323971956,33.6053234797743],[-84.5071838543839,33.6053925253394],[-84.5072322616763,33.6055916438283],[-84.5072348505143,33.6056210970685],[-84.507246874196,33.6057578766371],[-84.5072677024278,33.605776717463],[-84.5073449356735,33.60584658284],[-84.507292541584,33.6058865774546],[-84.5072851556775,33.6058876284027],[-84.5072817356239,33.6058884971135],[-84.5072769527168,33.6058897122122],[-84.5072703946706,33.6058924785674],[-84.5072630195698,33.605896277784],[-84.5072564669258,33.6059004182734],[-84.5072515591962,33.6059052413089],[-84.5072458330607,33.6059107536721],[-84.5072417504889,33.6059166050479],[-84.5072393114811,33.6059227954365],[-84.5072368738237,33.6059293293587],[-84.507235257273,33.6059358610205],[-84.5072353099501,33.6059492588361],[-84.5073005964392,33.6060093243808],[-84.5074166116662,33.6061160623367],[-84.5074240124564,33.6061187902516],[-84.5074305961963,33.6061225519307],[-84.5074371799332,33.6061263127076],[-84.507442945265,33.6061307628134],[-84.5074478921914,33.6061359022483],[-84.5074528391185,33.6061410416829],[-84.5074569662887,33.606146526913],[-84.5074610961626,33.6061526992103],[-84.5074635838189,33.6061588760313],[-84.5074660714755,33.6061650528524],[-84.5074677393748,33.606171575469],[-84.5074685875168,33.6061784438812],[-84.5074686131978,33.6061849710218],[-84.5074686402305,33.606191841696],[-84.5074670236925,33.6061983733605],[-84.507465408506,33.6062052485586],[-84.5074629695062,33.6062114389512],[-84.5074597093965,33.6062176316057],[-84.5074556281765,33.6062238265221],[-84.5074515442529,33.6062293343708],[-84.5074466392188,33.6062348444812],[-84.5074409103711,33.6062396697858],[-84.5074351801714,33.6062441515565],[-84.5074286275095,33.6062482920549],[-84.5074220734956,33.6062520890192],[-84.5074089560062,33.6062572782108],[-84.5073770421665,33.6062851926389],[-84.5073610131629,33.6063852061741],[-84.5074152092108,33.6063857439858],[-84.5074234216752,33.6063860649029],[-84.5074316327881,33.6063860422858],[-84.5074390187352,33.6063849913288],[-84.5074472230902,33.6063832510421],[-84.5074546049821,33.6063811694831],[-84.5074619828187,33.6063780573226],[-84.507468538192,33.6063746038899],[-84.507476727677,33.6063690847306],[-84.5074849320298,33.6063673444414],[-84.5074923274367,33.6063686982171],[-84.5074980914357,33.6063728047864],[-84.5075006007294,33.6063844781457],[-84.5075353145236,33.6064420967897],[-84.5075950955052,33.6066095792192],[-84.5071105649252,33.6067169178323],[-84.5071108587793,33.6068942183921],[-84.5071130789567,33.6082338330772],[-84.5071139282509,33.6086837474043],[-84.5071200993073,33.6123246242368],[-84.5071200639966,33.6123246883527],[-84.5064570487354,33.6123526120349],[-84.5046952535557,33.6124265574578],[-84.5046466488296,33.6124293015087],[-84.5046367969503,33.6124298784458],[-84.5046271099511,33.6124304549317],[-84.504617258068,33.6124310309656],[-84.504607406723,33.6124317449531],[-84.5045975548431,33.6124323218871],[-84.5045877034978,33.612433035873],[-84.5045778521523,33.6124337498582],[-84.5045681646095,33.6124344633951],[-84.5045583132637,33.6124351773787],[-84.5045484619177,33.6124358913616],[-84.5045386105716,33.6124366053436],[-84.5045289230281,33.6124373188774],[-84.5045190722163,33.6124381699107],[-84.5045092208696,33.6124388838904],[-84.504499370061,33.6124397358236],[-84.5044896841291,33.6124405864042],[-84.5044798333165,33.6124414374343],[-84.5044699825073,33.6124422893653],[-84.5044601306167,33.6124431403967],[-84.5044504446874,33.6124439918759],[-84.5044405944086,33.6124449799556],[-84.5044309074014,33.6124458314361],[-84.5044210571256,33.6124468204159],[-84.5044112063116,33.6124476714405],[-84.5044015209159,33.6124486599686],[-84.5043916706395,33.6124496489461],[-84.5043818203629,33.6124506379227],[-84.5043721344233,33.6124517635042],[-84.5043622841462,33.6124527524793],[-84.5043525976681,33.6124537401048],[-84.5043427479285,33.6124548670328],[-84.5043330625276,33.6124558546538],[-84.5043232127874,33.6124569815802],[-84.5043135268463,33.6124581071571],[-84.5043036771021,33.6124592331803],[-84.5042939911604,33.6124603587556],[-84.5042841414158,33.6124614847772],[-84.5042744570891,33.6124627483025],[-84.5042647711466,33.6124638738755],[-84.5042549219389,33.6124651378492],[-84.5042452359959,33.6124662634207],[-84.5042353867876,33.6124675273929],[-84.504225702456,33.6124687900127],[-84.5042160170499,33.6124700535363],[-84.5042063327177,33.6124713161546],[-84.5041964835082,33.6124725801236],[-84.5041867981013,33.612473843645],[-84.5041771132282,33.6124752442182],[-84.504167264552,33.6124766452377],[-84.5041575802183,33.6124779078522],[-84.5041478953443,33.6124793084232],[-84.5041382104699,33.6124807089935],[-84.5041285266729,33.61248210956],[-84.5041188417979,33.6124835101288],[-84.5041089931198,33.6124849111436],[-84.5040993098594,33.6124864496623],[-84.5040896249834,33.6124878502288],[-84.5040799406411,33.6124893878472],[-84.5040702568422,33.6124907884092],[-84.5040605724992,33.6124923260262],[-84.5040508892371,33.6124938645411],[-84.5040412048934,33.6124954021565],[-84.5040315205529,33.6124969406728],[-84.5040218372862,33.6124984782837],[-84.5040121534789,33.6125001538513],[-84.5040026340143,33.6125016910141],[-84.5039929502063,33.6125033665801],[-84.5039832674755,33.6125050421425],[-84.5039735831293,33.6125065797526],[-84.5039638993201,33.6125082553164],[-84.5039542165882,33.6125099308764],[-84.5039446981926,33.6125117430419],[-84.5039350143822,33.6125134186034],[-84.5039253305715,33.6125150941642],[-84.5039158121747,33.6125169063274],[-84.5039061283632,33.6125185818866],[-84.5038964461627,33.6125203944949],[-84.5038869277647,33.612522206656],[-84.5038772444857,33.6125240192657],[-84.5038675612063,33.6125258318746],[-84.5038580428105,33.6125276449351],[-84.503848360608,33.6125294575396],[-84.5038388416639,33.6125314067526],[-84.503829159464,33.6125332202573],[-84.503819640519,33.6125351694688],[-84.5038101226548,33.6125371195783],[-84.5038004404501,33.6125389321791],[-84.5037909215074,33.6125408822901],[-84.5037814036384,33.6125428314957],[-84.5037799994698,33.6125431148408],[-84.5037784919238,33.6125434183044],[-84.5037717219695,33.6125447820487],[-84.5037622035589,33.6125468692102],[-84.503759465188,33.6125474149707],[-84.5037579295307,33.6125147497658],[-84.5036699722052,33.6106425323079],[-84.5026075487977,33.6106758985832],[-84.5025093759715,33.6106789810717],[-84.5018441568512,33.6106998673617],[-84.5003698312172,33.6107461462024],[-84.5003686007039,33.6107461855886],[-84.5003673701941,33.6107462258766],[-84.5003661396844,33.6107462661645],[-84.5003649081039,33.6107463082587],[-84.5003632670766,33.6107463649824],[-84.5003616271339,33.6107464235066],[-84.5003599861204,33.6107464838369],[-84.5003583451105,33.6107465450689],[-84.5003567051816,33.6107466071996],[-84.5003550641821,33.6107466711365],[-84.5003534231895,33.6107467368768],[-84.5003517832814,33.6107468044174],[-84.5003501433769,33.6107468728597],[-84.5003489129123,33.610746924869],[-84.5003476824511,33.6107469777801],[-84.5003460425604,33.610747049829],[-84.5003448131873,33.610747105442],[-84.5003435827366,33.610747161058],[-84.500342353367,33.6107472175728],[-84.5003411229232,33.6107472749921],[-84.5003394830568,33.6107473533525],[-84.5003382536976,33.6107474125722],[-84.5003370243419,33.6107474726935],[-84.5003357949896,33.6107475337165],[-84.5003345645632,33.610747595644],[-84.5003333352143,33.6107476575687],[-84.5003321058725,33.6107477212966],[-84.5003304671115,33.6107478068673],[-84.5003292377766,33.6107478723986],[-84.5003280084452,33.6107479388314],[-84.5003263696981,33.6107480280088],[-84.500324730958,33.6107481189893],[-84.5003230922213,33.6107482108716],[-84.5003218639814,33.6107482809082],[-84.5003206346708,33.6107483527509],[-84.500318995948,33.6107484482398],[-84.5003173583098,33.6107485455291],[-84.5003157196009,33.6107486446245],[-84.5003140819731,33.6107487446187],[-84.5003124443523,33.6107488464162],[-84.5003108067349,33.6107489491154],[-84.5003091691245,33.6107490536178],[-84.500307531521,33.6107491599236],[-84.500305893921,33.6107492671309],[-84.5003042574056,33.6107493761387],[-84.5003030292143,33.6107494587984],[-84.500301802104,33.6107495423568],[-84.5003001645249,33.6107496549741],[-84.5002985280302,33.6107497693918],[-84.5002968915391,33.6107498847112],[-84.5002952550514,33.6107500009322],[-84.500294027962,33.6107500899005],[-84.5002928008726,33.6107501788688],[-84.5002911654799,33.6107502995951],[-84.5002899383974,33.6107503903667],[-84.5002887113219,33.6107504829417],[-84.5002874842464,33.6107505755165],[-84.5002862582519,33.6107506689902],[-84.5002850311868,33.6107507642701],[-84.5002838051993,33.610750859547],[-84.5002821698344,33.6107509874865],[-84.5002805344764,33.6107511172294],[-84.5002793085028,33.6107512161129],[-84.5002780825292,33.6107513149965],[-84.5002768565591,33.6107514147817],[-84.5002756305924,33.6107515154686],[-84.5002739963329,33.6107516506184],[-84.5002723620838,33.6107517884732],[-84.5002711372051,33.610751891862],[-84.5002699112523,33.6107519961555],[-84.5002686863807,33.6107521013477],[-84.5002674615124,33.6107522074415],[-84.5002658272841,33.6107523507062],[-84.5002641941369,33.6107524948696],[-84.5002625609932,33.6107526399347],[-84.500260928934,33.6107527868001],[-84.5002592958041,33.6107529354718],[-84.5002580709602,33.6107530478772],[-84.5002568471974,33.6107531611813],[-84.500255215159,33.6107533134567],[-84.5002535831241,33.6107534666337],[-84.5002519510962,33.610753621614],[-84.5002503190752,33.6107537783976],[-84.5002490953297,33.61075389621],[-84.5002478726688,33.6107540158228],[-84.5002466489302,33.6107541354385],[-84.5002454251951,33.6107542559558],[-84.5002437953502,33.6107544181435],[-84.5002421644346,33.6107545821374],[-84.5002409417876,33.6107547053568],[-84.500239719144,33.6107548294778],[-84.5002384965073,33.6107549554022],[-84.5002372738707,33.6107550813265],[-84.5002356440535,33.6107552507274],[-84.5002340142398,33.6107554210299],[-84.500232791617,33.6107555505608],[-84.5002315700719,33.6107556800888],[-84.5002299413532,33.6107558548968],[-84.5002283126379,33.6107560306063],[-84.5002266839261,33.6107562072175],[-84.5002043134388,33.610758789514],[-84.5002030951994,33.610758937968],[-84.5002014698106,33.6107591380133],[-84.5002002515781,33.6107592882706],[-84.5001990333491,33.6107594394295],[-84.5001974090484,33.6107596421769],[-84.5001961908298,33.6107597960408],[-84.5001949726112,33.6107599499046],[-84.5001937554737,33.6107601046672],[-84.500192537262,33.6107602603343],[-84.5001909140597,33.6107604684887],[-84.5001892908679,33.6107606793481],[-84.5001880737442,33.6107608377173],[-84.5001871334393,33.6107609610766],[-84.5000406590713,33.6107801683974],[-84.499791460946,33.6107915993737],[-84.4997138783102,33.6102227283606],[-84.4996883137588,33.6100285543284],[-84.4997401901322,33.610028628361],[-84.499740641662,33.6100286289486],[-84.4997410942693,33.6100286295333],[-84.4997417451588,33.6100286295841],[-84.499742196685,33.6100286292701],[-84.4997426492889,33.6100286289531],[-84.4998313374184,33.6100283901308],[-84.4998317932517,33.6100283889031],[-84.4998322555507,33.610028387658],[-84.4998327146168,33.6100283864217],[-84.4998328924241,33.6100283859428],[-84.4998333439469,33.6100283847268],[-84.4998322307066,33.610018848027],[-84.4998092276617,33.6098216401998],[-84.4997862222463,33.6096473222346],[-84.4997311828243,33.6092144744994],[-84.4996554143433,33.6086867300307],[-84.4996457959235,33.6086198346533],[-84.4996178643884,33.60844552988],[-84.4995628656871,33.6080231259502],[-84.4995195273397,33.6077283494746],[-84.4994948494809,33.6074179941513],[-84.4994863343599,33.6071271931927],[-84.4994861545542,33.6071210632003],[-84.4994862977076,33.6071176544904],[-84.4994986401485,33.6068231131672],[-84.499505756269,33.6067089025133],[-84.499522397264,33.6065094680224],[-84.4995695336385,33.6062112876647],[-84.4995987440996,33.6060347678132],[-84.499632851971,33.6058935506107],[-84.4996926117014,33.6056327123704],[-84.4997220129902,33.6055059363832],[-84.4997609752108,33.6053460179821],[-84.4997927518825,33.6051964241399],[-84.4998318781739,33.6050363673116],[-84.499875867479,33.6048598075641],[-84.4999386309794,33.6045882906712],[-84.4999408038283,33.604578892986],[-84.4999385996581,33.6045787492459],[-84.4998216245285,33.6045711232644],[-84.4998213852495,33.6045711076787],[-84.4998211719566,33.6045711244832],[-84.4998206484188,33.6045711655666],[-84.4998013582858,33.6045726719108],[-84.4998009089465,33.6045726731208],[-84.4998002537913,33.6045726739833],[-84.499799801216,33.6045726743003],[-84.4997993497181,33.6045726746143],[-84.4970790264366,33.604573104431],[-84.4970785738542,33.6045731029347],[-84.4970781223356,33.6045730978289],[-84.4934769567872,33.6045174062961],[-84.4934765041915,33.60451740118],[-84.4923168796567,33.6044718786361],[-84.4923152910946,33.6044718160937],[-84.4923168491785,33.6044623381053],[-84.4925389333372,33.6031113631532],[-84.4925393858882,33.6031113583545],[-84.4927629554262,33.6031080317924],[-84.4927634068962,33.6031080260941],[-84.4928706470114,33.6009290208326],[-84.493014626468,33.6009145344413],[-84.4930149646796,33.6009145001872],[-84.4930151014721,33.6009144863013],[-84.4930154172327,33.6009144989935],[-84.4931075676973,33.6009182268637],[-84.4935180175146,33.6009352181793],[-84.4935190553245,33.6009352605213],[-84.4935194810114,33.6009352783319],[-84.4935195078777,33.6009352593258],[-84.4936385450377,33.6008505904558],[-84.4936414391499,33.6003991811776],[-84.4936418917241,33.6003991862932],[-84.4938091501166,33.6004013337607],[-84.4938096016167,33.6004013397803],[-84.4938100541943,33.600401345797],[-84.4939720581661,33.6004036512054],[-84.4939725096662,33.6004036572244],[-84.4939729622439,33.6004036632405],[-84.4941362791781,33.600405827906],[-84.4941367306783,33.6004058339243],[-84.4941371832559,33.6004058399399],[-84.4941893233554,33.6004065116285],[-84.4941897748589,33.6004065185484],[-84.4941902274502,33.6004065281704],[-84.4941983559876,33.6004067573176],[-84.4941988075014,33.6004067669424],[-84.4941992600825,33.6004067738593],[-84.4942466360396,33.6004073228846],[-84.4942470875398,33.6004073289026],[-84.4942475401175,33.6004073349177],[-84.494317252578,33.6004083702871],[-84.4943177040816,33.6004083772064],[-84.4943181566593,33.6004083832213],[-84.4943433630691,33.6004087150058],[-84.4943438145693,33.6004087210234],[-84.494344267147,33.6004087270382],[-84.4943929581684,33.6004094077757],[-84.4943934096686,33.6004094137932],[-84.4943938622463,33.6004094198078],[-84.4944688286145,33.6004104438797],[-84.4944692801148,33.6004104498968],[-84.4944697326925,33.6004104559111],[-84.4948513002249,33.6004156136236],[-84.4948517517252,33.6004156196393],[-84.4948522043029,33.6004156256522],[-84.4949611646844,33.6004171083693],[-84.4949616161846,33.6004171143847],[-84.4949620687624,33.6004171203971],[-84.4972027898337,33.6004475550364],[-84.4972032413341,33.6004475610436],[-84.4972036939122,33.6004475670478],[-84.4974446484211,33.600450716428],[-84.4974450999216,33.6004507224343],[-84.4974455524996,33.6004507284377],[-84.4974459210257,33.6004507328625],[-84.4974463725228,33.6004507379671],[-84.4974468250974,33.6004507430689],[-84.4974474791715,33.6004507494353],[-84.4974479317392,33.6004507527337],[-84.4974450688874,33.6004411828037],[-84.4972093263336,33.5996528865844],[-84.4972092401041,33.5996525964756],[-84.4972092910233,33.5996433487671],[-84.4972097261837,33.5995647937321],[-84.4972101787467,33.5995647970314],[-84.4984438703816,33.5995786538177],[-84.4984443218776,33.5995786598204],[-84.4984447744546,33.5995786667219],[-84.4989637039232,33.5995880824553],[-84.4989641554262,33.5995880902594],[-84.4989646080101,33.5995880989623],[-84.4989651133945,33.599588108425],[-84.4989651564873,33.5995881065059],[-84.4989655648872,33.5995881135241],[-84.4989656090401,33.5995881070938],[-84.4990810922786,33.5995644840871],[-84.4990846893877,33.5995637485748],[-84.4990810610654,33.5995549444566],[-84.4990490522386,33.5994772727616],[-84.4987297767546,33.5986933505354],[-84.4984925223086,33.5981006266216],[-84.4982878226495,33.5976035944228],[-84.4982461635844,33.5974880013774],[-84.4982084416554,33.5974247679323],[-84.4982033600108,33.5974162480998],[-84.4982084116151,33.5974152273931],[-84.4983638808484,33.5973838228498],[-84.4983639939026,33.5973838018082],[-84.4983644464578,33.597383806005],[-84.4997733329488,33.5974019929908],[-84.4997737844336,33.5974019989888],[-84.4997742369958,33.5974020049837],[-84.5000341077771,33.597405413107],[-84.5000345592549,33.5974054173006],[-84.5000458723989,33.5977850675562],[-84.5000583502233,33.5982114322076],[-84.5000588027585,33.5982114300866],[-84.5002880379097,33.5982101323221],[-84.5002884893674,33.5982101302031],[-84.5002889419026,33.5982101280812],[-84.5002895926893,33.5982101245231],[-84.5002900441436,33.5982101215024],[-84.5002904966753,33.5982101184788],[-84.5020563634737,33.598199718777],[-84.5020568149278,33.5981997157499],[-84.5020572674628,33.5981997136216],[-84.5020579182493,33.5981997100541],[-84.5020583697068,33.5981997079286],[-84.5020599793198,33.5966642266824],[-84.5020604318608,33.5966642281607],[-84.5072331760662,33.5966866305983],[-84.5072336275333,33.5966866329624],[-84.5072340800743,33.5966866344218],[-84.5072347308703,33.5966866362372],[-84.5072351823338,33.5966866376995],[-84.5072364836998,33.5965580138627],[-84.5072437456176,33.5958989500522],[-84.5072494975275,33.5953571044258],[-84.5072510918434,33.5952196848204],[-84.5072553212296,33.594833535501],[-84.5072585639611,33.5945305250905],[-84.5072632755509,33.5940998524032],[-84.5072667796038,33.5937802765684],[-84.5072667804579,33.5937802197605],[-84.5072672319489,33.5937802320428],[-84.507350624291,33.5937833566952],[-84.5073517266589,33.5937833969404],[-84.5073521770689,33.5937834083237],[-84.5073565688422,33.593605586847],[-84.5073680224697,33.593136006289],[-84.5073720157915,33.5929823643052],[-84.5073762669409,33.5928107205677],[-84.5073925649573,33.5921532797361],[-84.5074031929184,33.591724241557],[-84.5074036454299,33.5917242421143],[-84.5079908194934,33.591724813104],[-84.5079912709276,33.5917248136621],[-84.5079917234391,33.5917248142173],[-84.5079923741906,33.5917248142256],[-84.5079928256248,33.5917248147837],[-84.5079932781363,33.5917248153388],[-84.5092364193083,33.5917259054754],[-84.5092368707424,33.591725906029],[-84.5092373232539,33.5917259065796],[-84.5092379740055,33.5917259065813],[-84.5092384254396,33.5917259071349],[-84.5092388779511,33.5917259076854],[-84.5120244868843,33.5917284614918],[-84.5120249383183,33.5917284620351],[-84.5120253908297,33.5917284625755],[-84.5120260415811,33.5917284625626],[-84.5120264930152,33.591728463106],[-84.5120269455266,33.5917284636464],[-84.5133608873626,33.5917296718507],[-84.5133613387967,33.5917296723892],[-84.5133617913081,33.5917296729247],[-84.5133624420594,33.5917296729048],[-84.5133628934934,33.5917296734433],[-84.5133633460048,33.5917296739788],[-84.5158034856845,33.5917322842401],[-84.5158039371184,33.5917322847697],[-84.5158043896298,33.5917322852963],[-84.5158050403883,33.5917322870668],[-84.5158054918223,33.5917322875964],[-84.5158059443372,33.5917322890246],[-84.5158867314003,33.5917325957446],[-84.5158871860701,33.5917325971664],[-84.5158876385851,33.5917325985943],[-84.5158877549469,33.5917325991676],[-84.5158882893472,33.5917326012661],[-84.5158887407848,33.591732602697],[-84.5158891933034,33.5917326050266],[-84.5159691297985,33.5917330556562],[-84.515969239696,33.5917330562476],[-84.5159695812361,33.5917330570869],[-84.5159696911335,33.5917330576783],[-84.5159696143052,33.5917425985167],[-84.5159607202213,33.592847935322],[-84.5159357447746,33.5938333567414],[-84.5159355030906,33.5938428962386],[-84.5159357778428,33.593842898168],[-84.5159359556203,33.5938428985679],[-84.5159362303725,33.5938429004974],[-84.5171790709571,33.5938517417148],[-84.5171795224093,33.5938517440426],[-84.5172191894682,33.594484156292],[-84.5172196420012,33.5944841586167],[-84.5174421897041,33.594485716277],[-84.5174423879575,33.5944857175183],[-84.5174426411596,33.5944857186038],[-84.5174428394131,33.5944857198451],[-84.5174426743947,33.594495260028],[-84.5174312592868,33.595154142223],[-84.5174205065381,33.5957738591527],[-84.5174203415162,33.5957833993336],[-84.5174205397726,33.5957834005749],[-84.5174207940523,33.5957834007558],[-84.5174209923087,33.5957834019971],[-84.5181550503606,33.5957879047428],[-84.5181555018303,33.5957879088703],[-84.5181559543774,33.5957879129948],[-84.5185595030132,33.5957922499436],[-84.5185599544793,33.595792253168],[-84.5185604070117,33.5957922536843],[-84.5190799478939,33.5957907750164],[-84.5190803993416,33.5957907737306],[-84.5190808518667,33.5957907724417],[-84.519081502641,33.5957907705881],[-84.5190819540886,33.5957907693023],[-84.5191043103265,33.5945049100558],[-84.5191047628486,33.5945049096685],[-84.5199234710704,33.5945033955145],[-84.519923922515,33.5945033951273],[-84.519924375037,33.5945033947371],[-84.5199250258016,33.5945033928792],[-84.5199254772425,33.5945033915903],[-84.5199414634668,33.5935916440686],[-84.5199414643641,33.593591599884],[-84.5199419169218,33.593591609412],[-84.5207303383791,33.5936142898961],[-84.5207307898633,33.593614300326],[-84.5207312424249,33.5936143107528],[-84.5207318943448,33.5936143296258],[-84.5207323447478,33.5936143391571],[-84.5207327479838,33.591783969373],[-84.5207421058505,33.5909797867049],[-84.5207595630119,33.5895056804576],[-84.5207603674923,33.5893407798314],[-84.5207665942343,33.5888121811631],[-84.5207667060914,33.5888026411206],[-84.5207665606449,33.5888026406351],[-84.5207662546691,33.5888026397073],[-84.520766109219,33.5888026383202],[-84.5203830420796,33.5888000343166],[-84.520382941882,33.5888000337014],[-84.5203825895763,33.5888000320034],[-84.5203824893787,33.5888000313881],[-84.5203825560255,33.5887904905733],[-84.5203933947364,33.5872335207583],[-84.5203934613897,33.5872239817444],[-84.5203933611866,33.5872239793258],[-84.520393009972,33.587223979428],[-84.52039290978,33.5872239797145],[-84.5203923592512,33.5872239785831],[-84.5203919067635,33.5872239780732],[-84.5203914553494,33.5872239766585],[-84.5199464971831,33.587222925934],[-84.5199460446954,33.5872229254224],[-84.5199460835752,33.5872324650366],[-84.5199463978301,33.5873095709066],[-84.5199464367138,33.5873191114223],[-84.5199583751216,33.587629774816],[-84.5200094247711,33.5877876566698],[-84.5200657627108,33.5878732433044],[-84.5201061184053,33.5879454081394],[-84.5201359786011,33.5880204892025],[-84.5201628364997,33.5881241610364],[-84.520170745752,33.5882079915314],[-84.5201714168719,33.5882151056349],[-84.5201707846544,33.5882175302422],[-84.5201516939891,33.5882907412924],[-84.5201040215854,33.5883572488707],[-84.520039425076,33.5884206443893],[-84.5199621796123,33.5884825647801],[-84.5198904547084,33.5885292157257],[-84.519801830909,33.5885792131835],[-84.5196486013663,33.5886500071769],[-84.5195747318912,33.5886944657727],[-84.5194417058939,33.5887674001736],[-84.5194412544828,33.5887674014605],[-84.5194406037614,33.5887674033156],[-84.5194401512729,33.5887674046055],[-84.5194396998618,33.5887674058924],[-84.5190991678303,33.5887683762195],[-84.5190989739066,33.5887683767718],[-84.5190990922977,33.5887550992679],[-84.5190994763735,33.5887120413815],[-84.5190994912333,33.5887103966838],[-84.5191006617744,33.5885793682249],[-84.5191007252617,33.588572195218],[-84.519103962303,33.5882096187884],[-84.5191042169036,33.5881810872553],[-84.5191058535391,33.587997763899],[-84.5191063040624,33.5879472020765],[-84.5191128424636,33.5872148301268],[-84.5191137399489,33.5872148438008],[-84.5191140538377,33.5871312089076],[-84.519114144901,33.5871048517747],[-84.5191141671878,33.5871010592645],[-84.5189876134163,33.5870975685845],[-84.5188177058897,33.5870881653402],[-84.5186657840167,33.5870754168834],[-84.5184964007206,33.5870565973133],[-84.5184852033656,33.5870551440888],[-84.5184798295652,33.5869760409537],[-84.5184798249778,33.5869759724394],[-84.5184791753214,33.5869664120183],[-84.518245621695,33.5835279205489],[-84.5182449732333,33.5835183754461],[-84.5182451369884,33.5835183767843],[-84.5182454257127,33.5835183786691],[-84.5182455883905,33.5835183800103],[-84.5182460408772,33.5835183850365],[-84.5205859335334,33.5835436897103],[-84.520586384943,33.5835436947311],[-84.5205868374225,33.5835436979454],[-84.5205874881341,33.5835437032979],[-84.5205879395363,33.5835437065153],[-84.520587900595,33.5835341677977],[-84.5205725118469,33.579764329119],[-84.5205724729055,33.5797547885922],[-84.5206032951441,33.5795834802111],[-84.5211599457381,33.5791266287845],[-84.5212314485166,33.5790680223712],[-84.521416342999,33.5789161975261],[-84.521416303966,33.5789066569989],[-84.5214137554692,33.5782837392557],[-84.5214137164373,33.5782741987275],[-84.5223111734489,33.5775378224012],[-84.5249997102888,33.575336084285],[-84.5250001626994,33.5753360811718],[-84.5257958498631,33.5753293918982],[-84.5257963011927,33.5753293878836],[-84.5257967535995,33.5753293838658],[-84.5257973331142,33.5753293794793],[-84.5257974042085,33.575329379273],[-84.5257977844476,33.5753293763663],[-84.5257978555418,33.57532937616],[-84.5257978185714,33.5753389169101],[-84.5257855046021,33.578491349379],[-84.5257849407218,33.5795443682968],[-84.5257827106313,33.5855062903981],[-84.525783726804,33.5864648990449],[-84.5257837663289,33.5864744395559],[-84.5257841483889,33.586566660888],[-84.5257841879252,33.5865762041039],[-84.5259401989808,33.5865844082452],[-84.5260633788805,33.5865940825989],[-84.5262546329338,33.586609029502],[-84.5263583539621,33.5866171352852],[-84.5270059225793,33.5866603242793],[-84.5274307854121,33.5866872565368],[-84.5276331319777,33.5867037054233],[-84.527787695765,33.5867088746135],[-84.5277881472175,33.5867088859195],[-84.5277885986588,33.5867088945205],[-84.5280900957548,33.5867136128242],[-84.5280905471886,33.5867136196208],[-84.5280909996997,33.5867136264143],[-84.5280911322222,33.5867136287322],[-84.5280912808971,33.5867136291997],[-84.5280915836485,33.5867136337255],[-84.5280917333818,33.5867136296815],[-84.5283949506595,33.5867014808938],[-84.5288601319187,33.586671813059],[-84.5296488283304,33.5866187955422],[-84.5304711798571,33.5865655370097],[-84.5310740828671,33.5865288592411],[-84.5317416215735,33.5864792084296],[-84.5317782234188,33.5864764900946],[-84.5319306128791,33.5864650228189],[-84.5319310329099,33.5864649918238],[-84.531931725416,33.586464939286],[-84.5319321809832,33.5864649045793],[-84.5319321768107,33.5864649370519],[-84.5319310677285,33.5864745332459],[-84.5319177658286,33.586589583858],[-84.5319178060288,33.5865991243623],[-84.5319179091718,33.5866236027302],[-84.531917949372,33.5866331432345],[-84.5319206247663,33.5868784224849],[-84.5319238267069,33.5872486542783],[-84.531923827045,33.5872487345263],[-84.5319242794679,33.5872487196658],[-84.5326141337604,33.5872048916113],[-84.5326151849704,33.5872048253855],[-84.5326152409765,33.5872048216131],[-84.5326156928566,33.58720480585],[-84.5326152198617,33.587214365904],[-84.5325861976587,33.587801949678],[-84.5324856987447,33.5882261737077],[-84.5322466246494,33.5892352347254],[-84.5320695986523,33.5918379944261],[-84.5320691472335,33.5918379975625],[-84.5320684965012,33.5918380021891],[-84.532068044005,33.5918380053287],[-84.5320675925862,33.5918380084651],[-84.5312020829054,33.5918443690614],[-84.5312016304091,33.5918443721978],[-84.5312011789901,33.591844375331],[-84.5311957307299,33.5918444157267],[-84.5311952782298,33.5918444179614],[-84.5312016629929,33.5918539118153],[-84.533116966171,33.5947013817449],[-84.5339605339232,33.5959555457975],[-84.5339609864561,33.5959555462576],[-84.5351005705592,33.5959558586412],[-84.5351010220146,33.5959558591002],[-84.5351014745475,33.5959558595561],[-84.5351021253295,33.5959558594216],[-84.535102576781,33.5959558589789],[-84.5352158437281,33.6000014401885],[-84.5352162962897,33.6000014424471],[-84.5354305156626,33.6000028563515],[-84.5354309671545,33.6000028604158],[-84.5354314197276,33.6000028653786],[-84.5402840826241,33.6000677178558],[-84.5402845341241,33.6000677237058],[-84.5402849866977,33.6000677286508],[-84.5403490874314,33.6000684628856],[-84.5403495389275,33.6000684678336],[-84.5403499915011,33.6000684727784],[-84.5403505992413,33.6000684790579],[-84.5403510474972,33.6000684822124],[-84.5408042497419,33.5998739093615],[-84.54182998015,33.599433548888],[-84.5421564814169,33.5992933563907],[-84.5435742546653,33.598684556008],[-84.5436209657802,33.5986642135282],[-84.5436668563195,33.5986437364769],[-84.5437127445628,33.5986229844054],[-84.5437586309906,33.598601820258],[-84.5438045167954,33.5985805181395],[-84.5438504001871,33.5985586668927],[-84.5438954631185,33.5985369551846],[-84.5439405242331,33.5985148314012],[-84.5439575650594,33.5985062595322],[-84.5439855835302,33.5984922955425],[-84.5440077023529,33.5984809598819],[-84.5440527604169,33.5984581489923],[-84.5440969956294,33.598434928532],[-84.5441412314152,33.5984118451084],[-84.544185464664,33.5983879375478],[-84.5442296974081,33.5983641670271],[-84.5442509915387,33.5983520088092],[-84.5442952224505,33.5983278262062],[-84.5443386311113,33.5983033719889],[-84.5443812169161,33.5982785073022],[-84.5444246237234,33.5982536391925],[-84.5444459148076,33.5982407947772],[-84.5444884975547,33.5982152429883],[-84.5445310802766,33.5981896911847],[-84.5445728401461,33.5981637298153],[-84.5446145987909,33.5981374934253],[-84.5446563562107,33.5981109820148],[-84.5446981136048,33.5980844705902],[-84.5447398702528,33.5980575470893],[-84.5447603372149,33.5980440180635],[-84.5448012705177,33.5980168220477],[-84.5448413809679,33.5979892164689],[-84.5448823124207,33.5979616083675],[-84.54492241982,33.597933315697],[-84.5449625271932,33.5979050230136],[-84.5450026345401,33.5978767303173],[-84.5450419190304,33.5978480271581],[-84.5450812022976,33.5978190498817],[-84.5451204843373,33.5977897975863],[-84.5451589447256,33.5977604107376],[-84.5451974038865,33.5977307488705],[-84.5452358612206,33.5977006749325],[-84.545254681642,33.5976859137675],[-84.5452923167094,33.5976555673177],[-84.5453299517505,33.5976252208564],[-84.5453677487382,33.5975944618235],[-84.5454047257483,33.5975637043873],[-84.5454246845994,33.5975468793891],[-84.5454596957014,33.5975172270936],[-84.5454960129993,33.5974859234326],[-84.5455320004398,33.597454344859],[-84.5455678234811,33.5974226297241],[-84.5455856514245,33.5974066344528],[-84.5456209808297,33.5973746467056],[-84.5456561441511,33.5973423835451],[-84.5456734790645,33.5973262527169],[-84.5457081487502,33.597293716945],[-84.5457426534296,33.597260905757],[-84.5457768277857,33.5972279594189],[-84.5458106733624,33.5971947381667],[-84.5458441896896,33.5971613808601],[-84.5458775416183,33.5971278869938],[-84.5458940524207,33.5971110715855],[-84.5459270738839,33.5970771666541],[-84.5459596023214,33.5970431252692],[-84.5459919646791,33.5970088093747],[-84.5460238346157,33.5969744949813],[-84.5460398505608,33.5969571319518],[-84.5460713911098,33.5969224064915],[-84.5461026013335,33.5968875449817],[-84.5461336465553,33.5968524089598],[-84.5461490056844,33.5968349099744],[-84.5461795572694,33.5967995004446],[-84.5462097796071,33.5967639548628],[-84.546239836466,33.5967282718252],[-84.5462694013832,33.5966924532352],[-84.5462988002215,33.5966563601374],[-84.5463278698135,33.5966201309884],[-84.5463564463832,33.5965837653894],[-84.5463850217278,33.596547125679],[-84.5464131040508,33.596510349519],[-84.5464408571283,33.5964734373087],[-84.5464682809568,33.5964363881469],[-84.5464955403895,33.5963992024291],[-84.5465223062011,33.5963617432105],[-84.5465356890963,33.5963430131481],[-84.5465621256521,33.5963054178772],[-84.5465751793089,33.596286551767],[-84.5466011211558,33.5962486829963],[-84.5466265710653,33.5962106786763],[-84.546639295473,33.596191676516],[-84.5466644155194,33.5961533972891],[-84.5466892052496,33.5961149829188],[-84.5467136668068,33.5960764306938],[-84.5467378008044,33.5960378803717],[-84.5467616038777,33.595999056051],[-84.5467733410364,33.5959795077903],[-84.546796651083,33.5959405470213],[-84.5468196329701,33.5959014511033],[-84.5468424481767,33.5958619427268],[-84.5468535280576,33.5958423955761],[-84.5468787789336,33.5957973894214],[-84.5468792314731,33.5957973916375],[-84.5474279402429,33.5958015985385],[-84.547428391709,33.5958016016575],[-84.5474288442525,33.5958016047733],[-84.5482718178577,33.5958081913355],[-84.5482722693238,33.5958081944514],[-84.5482727218674,33.5958081975641],[-84.5482731270037,33.595808200823],[-84.5482731991921,33.5958082006003],[-84.5482735784659,33.5958082030373],[-84.5482736517197,33.5958082001064],[-84.5487231202919,33.5957807709403],[-84.548723884,33.5957807244002],[-84.5487241974546,33.5957807053988],[-84.5487243365235,33.5957807230029],[-84.5495423932598,33.5958849478722],[-84.5496277711532,33.5958957922587],[-84.5496311142104,33.5958962165179],[-84.5496278079342,33.5959053336476],[-84.5495957479339,33.5959937526358],[-84.549555515499,33.5961046341331],[-84.5495434940554,33.5961340784928],[-84.5495101920471,33.5962155313682],[-84.5494597403893,33.596317786588],[-84.5493991272595,33.5964244706772],[-84.5493182475398,33.5965525176316],[-84.5492324592137,33.5966848383093],[-84.5491666616619,33.5967702398969],[-84.5490653626022,33.5968854315384],[-84.5490320235295,33.5969215374648],[-84.5489589729208,33.5970007767807],[-84.5488870330302,33.5970712186071],[-84.5488443641418,33.5971139490398],[-84.5487596728504,33.5971974845963],[-84.548739400652,33.5972176094171],[-84.548684950031,33.5972699952207],[-84.5486156303415,33.5973387796385],[-84.5485356749285,33.5974163908575],[-84.5484872798643,33.5974642233714],[-84.5484195916173,33.59753066641],[-84.5483584395136,33.5975900814474],[-84.548306098166,33.5977038780128],[-84.5483036264,33.5977092514913],[-84.5483061380286,33.5977134175871],[-84.5483079267745,33.5977163839829],[-84.5483093951355,33.5977187760998],[-84.5483312480023,33.5977543761592],[-84.5483529164335,33.5977901742497],[-84.5483745859641,33.5978259732344],[-84.5483934409325,33.5978568334206],[-84.5483969141069,33.5978623193018],[-84.5484161019563,33.597894140542],[-84.5484217271479,33.5979036051758],[-84.5484457113108,33.5979431064868],[-84.5484945092101,33.5980240307033],[-84.5485019535696,33.5980365121259],[-84.5485993689412,33.5981945145121],[-84.5487305614345,33.5984157595263],[-84.5488157676628,33.5985105083276],[-84.5488221388362,33.5985175929273],[-84.5488158021995,33.5985200488184],[-84.5487987650289,33.5985266529922],[-84.5487940558451,33.598528478095],[-84.5487988017187,33.5985361934763],[-84.5489681516289,33.598811485638],[-84.5489683719357,33.5988118429212],[-84.5489684609332,33.5988119887172],[-84.5489688233937,33.5988118406246],[-84.5490523614822,33.5987777363899],[-84.5495543131492,33.5985822342903],[-84.5496704720224,33.5985369958201],[-84.5498624703503,33.5984622081048],[-84.5498798954379,33.598437359043],[-84.5498801063755,33.5984370590344],[-84.5498801920308,33.5984369361416],[-84.5498805578354,33.5984370576361],[-84.5503473235361,33.5985921450143],[-84.5508530219846,33.5987626194034],[-84.5511995288843,33.5988790326878],[-84.5515179034883,33.5989835781325],[-84.5517708383166,33.5990689504188],[-84.5520423460107,33.599158111772],[-84.5523655017598,33.5992666246205],[-84.552460430603,33.5992960090018],[-84.5524607456649,33.5992961063017],[-84.5524608751432,33.5992961464732],[-84.5524611982066,33.5992961048906],[-84.5526013594838,33.5992781185181],[-84.5528107890507,33.5992549295734],[-84.553176456941,33.5992116012488],[-84.5534178816986,33.5991829517823],[-84.5537917575063,33.5991391839195],[-84.5541477466185,33.5990980812877],[-84.5544886263858,33.5990568879402],[-84.5545933234946,33.5990415811397],[-84.5546649254596,33.5990063158324],[-84.5547575129145,33.5989634268433],[-84.5548381339884,33.5989256598583],[-84.5548798952427,33.5989003820937],[-84.5549236003737,33.5988837849257],[-84.5549246921683,33.598883370337],[-84.5549251396422,33.5988832003201],[-84.5549251436262,33.5988833680187],[-84.5549619145013,33.6002735896206],[-84.5549623670642,33.6002735918069],[-84.5559484062902,33.6002796912292],[-84.5559488577756,33.6002796934153],[-84.5560127640699,33.6010165875136],[-84.5565232061299,33.6010443367615],[-84.5565240866758,33.6010443844804],[-84.5565232436781,33.601053878135],[-84.5563338820661,33.603187665001],[-84.5563338789714,33.6031876956676],[-84.5563334305859,33.6031876673246],[-84.5563323333417,33.6031875995485],[-84.5541988997149,33.6030546804195],[-84.5541984502531,33.6030546520722],[-84.5541984471536,33.6030546818371],[-84.5541984410071,33.6030547530884],[-84.5540975893712,33.6041858931887],[-84.5540971378735,33.6041858927993],[-84.5540964870267,33.6041858921325],[-84.5540960344475,33.6041858908448],[-84.5540955829457,33.6041858895537],[-84.5537367537519,33.6041849677488],[-84.5537363011727,33.6041849664598],[-84.5537358496709,33.6041849651673],[-84.5537351988201,33.604184963597],[-84.5537347462408,33.6041849623079],[-84.5537342947391,33.6041849610155],[-84.5531765939738,33.6041835586888],[-84.5531761413945,33.6041835573978],[-84.5531756898928,33.6041835561033],[-84.5531750390419,33.60418355453],[-84.5531745864627,33.6041835532389],[-84.5531741349609,33.6041835519444],[-84.5530141773177,33.6041831048165],[-84.5530137247424,33.6041831044265],[-84.5529511946006,33.6045227104948],[-84.5522317466117,33.6047077163846],[-84.55215513695,33.6047306411744],[-84.5521533720946,33.6047311687414],[-84.5521399714781,33.6047113024901],[-84.5520969760317,33.6046447893963],[-84.5520548045235,33.6045779301832],[-84.5520142672784,33.6045107250324],[-84.5519604967575,33.6044205423073],[-84.551908361151,33.6043296655889],[-84.5518702888147,33.6042610749576],[-84.5518330318,33.6041921409434],[-84.5517957606534,33.6041197724937],[-84.5509583317921,33.6024747688498],[-84.5508888508412,33.602360242389],[-84.5500647429753,33.6007485165293],[-84.5498560238104,33.6003386353827],[-84.5498369786046,33.6003022785293],[-84.5498046759756,33.6002391677329],[-84.5495616428207,33.6002395774667],[-84.5485870365653,33.6002381229207],[-84.5485032482216,33.600228762497],[-84.5469072310989,33.6002580689864],[-84.5467593284798,33.600233101697],[-84.5466639959127,33.6002124387643],[-84.5465726933167,33.600174586524],[-84.5464970272926,33.6001452737408],[-84.5464361014661,33.6001073272369],[-84.5462541866646,33.6000024222734],[-84.54597310602,33.599842777597],[-84.5459722402608,33.5998433960934],[-84.5455582409139,33.6000943963348],[-84.545219239909,33.6002853965805],[-84.5450042403433,33.6003973963432],[-84.5449072407062,33.6004343964027],[-84.5448192400976,33.6004863970562],[-84.5444162400573,33.6006943969678],[-84.5435992395517,33.6010933964822],[-84.5434992400772,33.6011373970478],[-84.5433692401587,33.6012083965881],[-84.5427198792221,33.6015283125394],[-84.5426820624048,33.6015876348936],[-84.542247308782,33.6018019926715],[-84.5422469991151,33.6018021450925],[-84.5422468562306,33.6018019949469],[-84.5420323543557,33.6015767589607],[-84.5420322136387,33.6015766115134],[-84.542031902879,33.6015767603305],[-84.542031142646,33.6015771242077],[-84.5402103366552,33.6024477257151],[-84.5402066214286,33.6024495015052],[-84.5402103734827,33.602457266199],[-84.5403458109387,33.6027375270564],[-84.5403461371091,33.6027382014238],[-84.5403458509985,33.6027470639233],[-84.5403161474948,33.6036663940507],[-84.5403096480777,33.6038346098003],[-84.5402650331393,33.6049891687991],[-84.5402530753411,33.6053007244541],[-84.5402440862685,33.6055305967864],[-84.5402440553952,33.6055314336311],[-84.5402439951919,33.6055314662731],[-84.5402425003254,33.6055314031617],[-84.5402413891322,33.6055313533185],[-84.5385877130395,33.6054571744239],[-84.538520034399,33.605223084711],[-84.5384676910879,33.605041991526],[-84.5384620263001,33.6050229075298],[-84.5384571980497,33.6050076693555],[-84.538445884513,33.6049734867037],[-84.5384379049055,33.6049508372378],[-84.5384310904848,33.6049320317045],[-84.538422619036,33.6049095216711],[-84.5384153127691,33.6048908546689],[-84.5384076789336,33.6048721895522],[-84.5383983876818,33.6048502310986],[-84.5383935770404,33.6048388403031],[-84.538380641513,33.6048096090909],[-84.5383733428298,33.6047924541671],[-84.5383633847547,33.6047680244275],[-84.5383549140305,33.6047459264508],[-84.5383444422979,33.6047165507779],[-84.5383371259421,33.6046952734599],[-84.5383299722999,33.6046739956527],[-84.5383229840119,33.6046525793923],[-84.538316158441,33.6046311635443],[-84.5383040026971,33.6045920368339],[-84.5382925008311,33.6045523581379],[-84.5382806566681,33.6045092459996],[-84.5382319060884,33.6043231944235],[-84.5382213937838,33.6042843377769],[-84.5382103862027,33.6042450696507],[-84.5382033891431,33.6042215930873],[-84.5381963904182,33.6041979785725],[-84.5381842353788,33.6041589888992],[-84.5381767448192,33.6041355138159],[-84.5381690899874,33.6041121762795],[-84.5381559496138,33.6040733275175],[-84.5381423184812,33.6040346172815],[-84.5381280272167,33.6039954969616],[-84.5381137417557,33.6039574757608],[-84.5381017859262,33.6039267303703],[-84.5380895020473,33.6038961239192],[-84.5380799657917,33.6038549280944],[-84.5380681518372,33.6038346479837],[-84.5379081793232,33.6035600387356],[-84.5379080870526,33.6035598803182],[-84.5379077278359,33.6035600400904],[-84.5379068719457,33.6035604691497],[-84.5352413288456,33.6048975976726],[-84.5352363557173,33.604900092087],[-84.5352413640519,33.6049071381611],[-84.5354237047539,33.605163645297],[-84.5354246469059,33.6052386534955],[-84.535424699014,33.6052427938187],[-84.535424687513,33.605248192164],[-84.535423013577,33.6060411104432],[-84.5354224669383,33.6062989659187],[-84.5354224574276,33.6062997693368],[-84.5354220154405,33.6062989681661],[-84.5354209162956,33.6062969408771],[-84.5353074974352,33.6060878006543],[-84.5349364936574,33.6054036492647],[-84.5347532142751,33.6051425853554],[-84.5347531058644,33.605142431492],[-84.5347527627794,33.6051425866987],[-84.5347519444918,33.6051429966892],[-84.5343952722972,33.6053219158156],[-84.5343904464315,33.6053243358213],[-84.534395307411,33.6053314563044],[-84.5345195895741,33.60551350592],[-84.534568235396,33.6055847619766],[-84.5345684208116,33.6055850328286],[-84.5345682737465,33.6055942988486],[-84.5345513330593,33.6066657159406],[-84.5342436431005,33.6067637676621],[-84.5342405470638,33.6067647542735],[-84.5342436781997,33.6067733081488],[-84.5344507485681,33.6073389291529],[-84.5344542188139,33.6073484098341],[-84.534453767326,33.6073484156847],[-84.5344512351674,33.6073484610829],[-84.5344507826095,33.60734846874],[-84.5344503311291,33.6073484763939],[-84.5338810729691,33.6073584862746],[-84.5338806204034,33.6073584921263],[-84.5337618542795,33.6073877531083],[-84.5337552824128,33.6073893721752],[-84.5337618871714,33.607397293601],[-84.5340169120707,33.6077031392784],[-84.5342707723335,33.6080408637695],[-84.5342786401692,33.6080513304393],[-84.5342786889364,33.6080513952147],[-84.5342781886584,33.608051331781],[-84.5342769670814,33.6080511785201],[-84.5342708052709,33.6080504015556],[-84.5341743489564,33.6080382378551],[-84.5341738974341,33.6080382364915],[-84.5338818117547,33.608036506137],[-84.533881359151,33.6080365038738],[-84.5338620449908,33.6083615417408],[-84.5337373200617,33.608886013077],[-84.5329584037026,33.6090463488321],[-84.532953564069,33.6090669753764],[-84.5329487244331,33.6090876019204],[-84.5329430619175,33.6091078188366],[-84.5329374011418,33.6091284478113],[-84.5329309180692,33.6091488051122],[-84.5329244344063,33.6091690235569],[-84.5329171284457,33.6091889703276],[-84.532909824228,33.6092093300582],[-84.5329016960471,33.6092292792621],[-84.5328935689402,33.6092492284622],[-84.5328846189507,33.6092687680339],[-84.5328756695368,33.6092884446572],[-84.5328658972399,33.6093077116517],[-84.5328561261014,33.609327253652],[-84.532846352633,33.6093462456385],[-84.5328357591858,33.6093655150612],[-84.5328243428544,33.6093843748547],[-84.5328015078515,33.6094215444257],[-84.5327892674629,33.6094397195809],[-84.5327762065103,33.6094580342175],[-84.5327639661112,33.6094762093703],[-84.5327500811051,33.609493839369],[-84.5327370183945,33.6095117419426],[-84.5327231316357,33.6095289598795],[-84.5327084254739,33.6095465923032],[-84.5326790067498,33.6095803468645],[-84.532663474786,33.6095968825884],[-84.5326479428163,33.6096134183104],[-84.5326209915236,33.6096481258381],[-84.5326111889409,33.6096602480557],[-84.5326013857727,33.6096722323184],[-84.5325915814398,33.609683941574],[-84.5325817771043,33.6096956508287],[-84.5325711516256,33.6097073625115],[-84.532553167807,33.6097266537687],[-84.5325351839803,33.6097459450232],[-84.53251310779,33.6097684087367],[-84.532483669758,33.6097976278999],[-84.5324673223804,33.6098155401577],[-84.5324616034084,33.6098224278061],[-84.5324558861759,33.6098297275129],[-84.532450985442,33.6098359256676],[-84.5324411984809,33.6098517573022],[-84.5324218041287,33.6098830746978],[-84.5324167307731,33.609891267859],[-84.5324218390356,33.6098926160832],[-84.5330547466342,33.6100595784723],[-84.5330554802412,33.6100597719622],[-84.5330547816034,33.6100691180534],[-84.5330399368839,33.6102677272173],[-84.5330197566277,33.6105442656057],[-84.5330193051114,33.6105442687462],[-84.533018654235,33.6105442724771],[-84.5330182016411,33.6105442756208],[-84.5330177501249,33.6105442787613],[-84.5326786161857,33.6105466468668],[-84.5326781635918,33.6105466500093],[-84.5326777120755,33.6105466531485],[-84.5326770612028,33.6105466577793],[-84.5326766086089,33.6105466609217],[-84.5326761570926,33.610546664061],[-84.5323370920784,33.6105490274196],[-84.5323366394844,33.6105490305608],[-84.5323361944338,33.6105490336797],[-84.5323357493794,33.610549035897],[-84.5323366743791,33.6105585710436],[-84.5323812496077,33.6110181429334],[-84.5323812529701,33.6110181735802],[-84.5323817055436,33.6110181650289],[-84.5331854586067,33.6109983542154],[-84.533185910091,33.6109983429593],[-84.5331863626567,33.6109983326017],[-84.5333226679683,33.6109952290674],[-84.5333231194563,33.6109952187124],[-84.533323572022,33.6109952083543],[-84.5333242217783,33.6109951938051],[-84.533324673274,33.6109951852535],[-84.5333391876729,33.6113201262283],[-84.5333519202459,33.6116120956417],[-84.5333696240156,33.6120060915356],[-84.5333700523613,33.6120156299474],[-84.5333696590261,33.6120156320151],[-84.5333696008335,33.6120156321876],[-84.5333692074984,33.6120156342553],[-84.5333689499422,33.6120156350188],[-84.5333684973369,33.6120156372621],[-84.5333680458092,33.6120156395023],[-84.5331906721466,33.6120165718325],[-84.5331902195412,33.6120165740753],[-84.5331897680097,33.6120165754131],[-84.5331891171184,33.6120165782433],[-84.5331886645092,33.6120165795844],[-84.5331882129776,33.6120165809223],[-84.5330848187176,33.612016887229],[-84.5330847422051,33.6120168874557],[-84.5330843661084,33.6120168885697],[-84.5330842895959,33.6120168887963],[-84.5330844010876,33.6120264290495],[-84.5330907193988,33.6125661173514],[-84.5330971548771,33.6131158958597],[-84.5331042320114,33.6139109963533],[-84.5331067725073,33.6141968266312],[-84.5331068582777,33.6142061442444],[-84.5330986392744,33.6142019271318],[-84.5326972899238,33.6139838921394],[-84.5326968383781,33.6139838925739],[-84.5326961874568,33.613983891795],[-84.5326957348411,33.6139838940359],[-84.5326952832764,33.6139838899621],[-84.5306838281067,33.6139788468178],[-84.5306833754758,33.6139788454448],[-84.5306829239225,33.6139788440686],[-84.5306822729973,33.6139788423774],[-84.5306818203664,33.6139788410044],[-84.5306813688131,33.6139788396282],[-84.5304890774786,33.6139783278469],[-84.5304886248476,33.6139783264732],[-84.5304881732943,33.6139783250963],[-84.5304875600912,33.6139783241948],[-84.530487107464,33.6139783237227],[-84.5304885901516,33.6139687859938],[-84.5304979375354,33.6139086711415],[-84.5304994180729,33.613899135222],[-84.5304989697454,33.6138991320323],[-84.5304983554652,33.613899131134],[-84.5304983188246,33.6138991312418],[-84.5304979028346,33.6138991297603],[-84.5304978661941,33.6138991298681],[-84.5304974512818,33.6138991283835],[-84.5304974146412,33.6138991284912],[-84.5294214702841,33.6138957089479],[-84.5294210176574,33.613895708472],[-84.5292459477206,33.6131186620082],[-84.5290679150244,33.6123284224972],[-84.528843349151,33.6113332336847],[-84.5288148931324,33.6112049712676],[-84.5288148532366,33.611195430798],[-84.5288088766705,33.6097661752325],[-84.5288088371885,33.6097567330417],[-84.5288088367776,33.6097566347607],[-84.5288083856723,33.6097567352652],[-84.5288072832066,33.6097569801406],[-84.5282870671411,33.6098724903772],[-84.5281890183818,33.6098939896856],[-84.5281886189479,33.6098940774134],[-84.5281885657835,33.6098939910083],[-84.5281884355927,33.6098937812993],[-84.5276357196325,33.6090037311639],[-84.5275904371043,33.6089393477604],[-84.5274648458853,33.6087607574858],[-84.5274647298946,33.6087605928181],[-84.5274643943704,33.6087607588026],[-84.5274635749211,33.6087611651416],[-84.5262776790116,33.6093490683619],[-84.5262727471882,33.6093515127041],[-84.5262777132371,33.6093586088527],[-84.5235324149104,33.6106322879902],[-84.5236952199329,33.6108779647003],[-84.5237778964824,33.6110141111231],[-84.5237961176996,33.6110518484849],[-84.5239372443375,33.6112238974155],[-84.5239900991886,33.6112958857031],[-84.5240487256013,33.6113740436623],[-84.5241618321074,33.6115217821518],[-84.5241981591998,33.6115683981817],[-84.5243502644487,33.6118132438074],[-84.5243665223839,33.6118428401526],[-84.5245554585063,33.6121867628761],[-84.5252284304703,33.6134802949667],[-84.5252599225625,33.6135495990085],[-84.5252939394065,33.6136336650977],[-84.5253238561199,33.6137191190146],[-84.5253496734208,33.6138056163218],[-84.5253672152212,33.6138780499077],[-84.5253848264872,33.6139659442457],[-84.5253974786609,33.6140466404933],[-84.5254069101632,33.6141428034287],[-84.5254147562525,33.6142527133307],[-84.5254175151102,33.614324504506],[-84.5254170689813,33.6144145142252],[-84.5254125517605,33.6145134659015],[-84.5254055439148,33.6146058948966],[-84.5253959842292,33.614678067133],[-84.5251064262122,33.6161444366751],[-84.5250863170763,33.6162461808856],[-84.5250360525538,33.6166015451879],[-84.5250206862553,33.6168571827405],[-84.5250111980698,33.6171444059122],[-84.5250295735665,33.6174171216143],[-84.5250576473281,33.6176530516925],[-84.5250855385642,33.617843290121],[-84.5251457969064,33.6181315437176],[-84.5251651328835,33.6182240405627],[-84.5252145320843,33.6184533788635],[-84.5252305980697,33.6185577764037],[-84.5252449174997,33.6186508251672],[-84.5252692709197,33.6187806131596],[-84.5253037713414,33.6189665980949],[-84.5253809885636,33.6193828512752],[-84.5254253036461,33.6195730428385],[-84.5254737952282,33.6197804008885],[-84.5255090154807,33.6199565319947],[-84.5255224372424,33.6200245132646],[-84.5256352374824,33.6204903675404],[-84.5256561421777,33.6205796254256],[-84.5256703993002,33.6206506960746],[-84.52568471378,33.6207358515457],[-84.5257168782008,33.6209673025893],[-84.5254491263059,33.6209674952766],[-84.5249284729973,33.62096786926],[-84.5248266343271,33.6209674789279],[-84.5247371097643,33.6209656769145],[-84.5246221183357,33.6209622308598],[-84.5245334090065,33.6209587086577],[-84.5244315501167,33.6209531623082],[-84.5243165402604,33.6209452491479],[-84.5242023456707,33.6209356194487],[-84.5241012932056,33.6209259471576],[-84.5240125576691,33.6209165845389],[-84.5239114917458,33.6209041629387],[-84.5237980958243,33.6208890339768],[-84.5236797592928,33.6208715108102],[-84.523592668847,33.6208624875796],[-84.5235056007332,33.6208586163673],[-84.5234185506248,33.620859897186],[-84.5233315224908,33.6208659891929],[-84.5232461591375,33.6208772284835],[-84.5231608166443,33.6208932771647],[-84.5230771342594,33.620914130513],[-84.5229959332179,33.6209397861657],[-84.5229163944195,33.6209702473887],[-84.5228327946207,33.6210106828102],[-84.5227516888274,33.6210590105289],[-84.522633742346,33.620936363101],[-84.5225743879297,33.6208819107176],[-84.52250767028,33.620834008484],[-84.5224344112938,33.6207933374906],[-84.5223562538027,33.6207602401446],[-84.5222732081545,33.6207354025783],[-84.5221877297598,33.6207191567525],[-84.522099823264,33.620711852497],[-84.5215946194678,33.6207097154995],[-84.5215792580235,33.6213311619479],[-84.5213769047122,33.6216726630727],[-84.5208967069206,33.6220149608083],[-84.5206756366438,33.6223100251528],[-84.520492244597,33.6227599459547],[-84.5204201793445,33.6232560364014],[-84.5204034042138,33.6244021799989],[-84.5191032885868,33.6243993662294],[-84.5191129361776,33.6251551184657],[-84.5191173912542,33.6252409907259],[-84.5191250912537,33.6253172347235],[-84.5191344345941,33.6253931277951],[-84.519147063124,33.6254690133057],[-84.5191638366708,33.6255538198431],[-84.5191830481855,33.6256327784111],[-84.5186524528171,33.6256246706022],[-84.5185078863663,33.6256209577138],[-84.5184019211335,33.6256164496131],[-84.5175730668224,33.6255768944479],[-84.5174868202932,33.6255747343677],[-84.5173997591323,33.6255739533874],[-84.5172979208813,33.6255752700475],[-84.5172108750173,33.625578265986],[-84.5170950964192,33.6255844333003],[-84.5170088881924,33.6255912029168],[-84.5169079045853,33.6256007662126],[-84.5168217091461,33.6256109710248],[-84.5167355192509,33.6256225517095],[-84.5166419512849,33.6256372477434],[-84.5165492125862,33.625653655435],[-84.516457295627,33.6256717802176]]],[[[-84.4819705634766,33.6231562260519],[-84.4819194519562,33.6231611721672],[-84.4819705704754,33.6231563721049],[-84.4819705634766,33.6231562260519],[-84.4819707110807,33.6231562112489],[-84.4819707180827,33.6231563582035],[-84.4821776557467,33.6231368088234],[-84.4829204706049,33.6230664775361],[-84.4828852487553,33.6230704402714],[-84.4829204670613,33.6230666876346],[-84.4830625186964,33.6230532645215],[-84.4833201248108,33.6230289219633],[-84.4832777614186,33.6213257565628],[-84.483277926303,33.621325752534],[-84.4833418037188,33.6213230994887],[-84.4836916169546,33.6213085556595],[-84.483733246395,33.6229897932267],[-84.4837332500875,33.6229899185495],[-84.4837332526096,33.6229900186286],[-84.4837332527615,33.6229900601051],[-84.4837337042007,33.6229900174709],[-84.4838250779068,33.6229813435518],[-84.4841461818292,33.6229508520382],[-84.4841462130782,33.6229508501547],[-84.4841597756016,33.6229495602139],[-84.4841602227293,33.6229495175893],[-84.4841602271892,33.622949558153],[-84.4842255721778,33.6235176201041],[-84.4842313546875,33.6235678887634],[-84.484242925272,33.6236684684443],[-84.4842050161114,33.6236720913123],[-84.4841997522552,33.6290368152168],[-84.4842002049689,33.6290368176611],[-84.4852833238177,33.629044159528],[-84.4852837754536,33.6290441619712],[-84.4852821051352,33.6289294963255],[-84.4852825578483,33.6289294987658],[-84.4854856948203,33.6289306640881],[-84.4854861464523,33.6289306656289],[-84.4854520571069,33.6272654228194],[-84.4854525098047,33.6272654234559],[-84.4860601542007,33.627265684286],[-84.4860606058207,33.627265684923],[-84.4860610585185,33.6272656855573],[-84.4861385072886,33.6272657181509],[-84.4861389589053,33.6272657178859],[-84.4861288612029,33.6280902361531],[-84.486129313915,33.628090239492],[-84.48618024365,33.6280908049161],[-84.4861806952876,33.6280908091593],[-84.486181147993,33.6280908106947],[-84.4868837891756,33.6280912286493],[-84.4868842407966,33.6280912283816],[-84.4868930836387,33.6272665492217],[-84.4869127638662,33.6271429928168],[-84.4868909537496,33.6245778586269],[-84.4868905927158,33.6245778676766],[-84.4868911985416,33.6245773106787],[-84.4868896316796,33.6245127081967],[-84.4865750534518,33.6244323863014],[-84.4864868739328,33.6234570403591],[-84.4864713745778,33.6233611885961],[-84.4863704586678,33.6227370952802],[-84.4863683344705,33.6227362541015],[-84.4862512796302,33.6223178023675],[-84.486250828036,33.622317801731],[-84.4851323255733,33.6223148520237],[-84.4851318729013,33.6223148513859],[-84.4849944506433,33.6217950885414],[-84.4849949033126,33.6217950891797],[-84.4855385049464,33.6217960900704],[-84.4855389565346,33.6217960898078],[-84.4854622458468,33.6214829846266],[-84.485462698541,33.6214829924765],[-84.4860224095001,33.6214976271809],[-84.4860228621977,33.6214976359305],[-84.4859188477621,33.6211242760775],[-84.4858810054011,33.6209884422373],[-84.4858517807615,33.6208835342211],[-84.485870986931,33.6207792820656],[-84.4886438417701,33.6206028412787],[-84.4892417508152,33.6206119339289],[-84.4894540217316,33.6206151220837],[-84.4894561116323,33.6206151535982],[-84.4904991690036,33.6206313216376],[-84.4907134926211,33.6206346582453],[-84.490820298275,33.6206361934451],[-84.4908202049797,33.6206363190219],[-84.4906070311005,33.6209249796032],[-84.4905481105541,33.6209811304103],[-84.4904831853188,33.6211884540204],[-84.4904832262635,33.6211884512082],[-84.491427820123,33.6211293334114],[-84.4915029564366,33.6211246304522],[-84.4915029536804,33.6211247575951],[-84.4914705358438,33.622333623365],[-84.4928924864372,33.6222023919427],[-84.4929855798896,33.6221937995968],[-84.4929971511866,33.6227599464509],[-84.4921452257884,33.6228384032198],[-84.4896072251199,33.6230724034425],[-84.4886772255764,33.6231584032172],[-84.4884652249357,33.6231774040793],[-84.4883122253351,33.623188403911],[-84.4881102249196,33.6232064034517],[-84.4875532250494,33.6232624036236],[-84.4873582245888,33.6232804036126],[-84.4865236342604,33.6233563665701],[-84.4865236785863,33.6233569868054],[-84.4866120414626,33.623710600213],[-84.4866112497736,33.6237191906796],[-84.4866480884061,33.6241309977245],[-84.4866647400867,33.6241921032773],[-84.4867027692779,33.6242596834152],[-84.4867777827544,33.6243340376556],[-84.4868872279978,33.6243914658016],[-84.4869932566235,33.624414208197],[-84.4871969755641,33.6244243318478],[-84.4872833134572,33.6244519345367],[-84.4873293624585,33.6244669325732],[-84.4874117291355,33.6245313020905],[-84.4874430305124,33.6245556120162],[-84.4875165858751,33.6246797833041],[-84.4875151756459,33.6247433412479],[-84.4875111312923,33.625081114105],[-84.4874856995608,33.6272048629182],[-84.4874696324409,33.6284096880266],[-84.4874603861584,33.6296814866096],[-84.4874535739847,33.6307248242475],[-84.4874438010803,33.631855774749],[-84.4874406419499,33.6318910147981],[-84.4874365853526,33.631936257597],[-84.4874049085002,33.6320524559197],[-84.4873055246614,33.6324170027382],[-84.4872125345669,33.6325823269499],[-84.4871799179777,33.6326373195811],[-84.4870729489566,33.6327633310381],[-84.486944624661,33.632889535666],[-84.4866663572786,33.6331597263897],[-84.4865407916346,33.6333288898277],[-84.4865418792907,33.633328898736],[-84.4865422780687,33.6333294675598],[-84.4865418727739,33.6333294686082],[-84.4865398391822,33.6333301726625],[-84.4865393864593,33.6333301738335],[-84.4865387354008,33.6333301755176],[-84.4865382826779,33.6333301766886],[-84.486537831033,33.6333301778568],[-84.4839983100605,33.633335623188],[-84.4839978573309,33.6333356225464],[-84.483997405666,33.6333356182954],[-84.4809252145016,33.6332931828402],[-84.480924761759,33.6332931785807],[-84.4809532852797,33.6331859209673],[-84.4805655188854,33.6331649195215],[-84.4804263524276,33.6328368835363],[-84.4804263382971,33.6328368511121],[-84.4804259007883,33.6328368855839],[-84.4804248317997,33.6328369694464],[-84.4799178890676,33.6328768911649],[-84.4799832104058,33.6329512045395],[-84.4802981813087,33.6332840466078],[-84.480297727485,33.6332840414471],[-84.4802970559134,33.6332840341336],[-84.4802966031676,33.6332840289701],[-84.4802961514965,33.6332840229022],[-84.477344820611,33.6332453395912],[-84.4773443678688,33.6332453353186],[-84.4773655587683,33.6307286669226],[-84.4773660114812,33.6307286666869],[-84.4788462616213,33.6307293291665],[-84.4788467132562,33.6307293289281],[-84.4788471659691,33.630729328687],[-84.4788478170118,33.6307293279453],[-84.4788482686468,33.6307293277068],[-84.4788655896673,33.6298841833414],[-84.4789202903803,33.6288369440912],[-84.4789227705947,33.6284315637734],[-84.4790188843446,33.6242668817638],[-84.4790192114068,33.6242526796129],[-84.4790192142595,33.6242525741101],[-84.4790187598121,33.624252681655],[-84.4790176506159,33.6242529441376],[-84.4788447677549,33.6242938530493],[-84.4786958929956,33.6243356713512],[-84.4786954440046,33.6243357978163],[-84.4786954403227,33.6243356733949],[-84.4786954389946,33.6243356039696],[-84.4786954066964,33.6243356139695],[-84.4786954316795,33.6243353686518],[-84.4786845261188,33.62395675096],[-84.4786828455789,33.623898377381],[-84.4786719747421,33.6235209858467],[-84.4792234973592,33.6234151572196],[-84.4793173222315,33.6234030171138],[-84.4795026664808,33.6233790337601],[-84.479521784147,33.6233765599069],[-84.4796134231023,33.6233647019191],[-84.4796593994126,33.6233601205018],[-84.4797283628682,33.6233534187623],[-84.4797751618445,33.6233495213918],[-84.4798211395422,33.6233456260829],[-84.4798671184785,33.6233420742907],[-84.4799139199284,33.6233388639351],[-84.4799828920502,33.6233345667898],[-84.4800246431687,33.6233323150393],[-84.4800296959754,33.6233320425561],[-84.4800756798705,33.6233298648213],[-84.4801224850374,33.6233276849879],[-84.4801684712495,33.6233258507496],[-84.4801783240513,33.6233251387012],[-84.480183384738,33.6233246615124],[-84.4802880451776,33.6233147987778],[-84.4807679018574,33.6232695758994],[-84.4808638608473,33.6232605318532],[-84.4809228284857,33.6232549747166],[-84.4810999705407,33.6232382799885],[-84.4811281204895,33.6232356269353],[-84.4813459267091,33.6232150982454],[-84.4819705634766,33.6231562260519]]]]},"properties":{"FID":1,"CityName":"South Fulton","DistrNum":"District 3","Shape_Leng":255088.564305,"created_us":" ","created_da":null,"last_edite":" ","last_edi_1":null,"Shape_Le_1":228475.712356,"CreationDate":1676574024707,"Creator":"erik.michael_cosfga","EditDate":1677002954483,"Editor":"erik.michael_cosfga","Shape__Area":29043240.5,"Shape__Length":102380.77462625114}},{"type":"Feature","id":2,"geometry":{"type":"MultiPolygon","coordinates":[[[[-84.5430433933718,33.6165851786357],[-84.5429645285918,33.6164502663339],[-84.542778994066,33.6161330955558],[-84.5427728965536,33.616122212001],[-84.542735957416,33.6160562742607],[-84.5426921010378,33.6159797764358],[-84.5426474221414,33.6159029591981],[-84.5426035650382,33.6158265064251],[-84.5425588876979,33.6157500110444],[-84.5425142106328,33.6156735607289],[-84.5424695350402,33.6155974313863],[-84.5424248595267,33.6155213020261],[-84.5423793509577,33.615445155342],[-84.5423338663463,33.615369047339],[-84.5422883696832,33.6152928753361],[-84.5422420536922,33.6152171169646],[-84.5421965589739,33.6151413560811],[-84.5421502429497,33.6150655525893],[-84.5421039285903,33.6149901142504],[-84.5420567920494,33.6149146792898],[-84.5420104778571,33.6148392418146],[-84.5419633425583,33.614763806812],[-84.5419161632317,33.6146883890556],[-84.5418988444016,33.6146609415443],[-84.5419284321749,33.61466737898],[-84.5418255946738,33.6144337416785],[-84.5415054230347,33.6138874577613],[-84.5414886229005,33.6138943775956],[-84.5414718164108,33.6139013235954],[-84.5409110850643,33.6129840367266],[-84.5404229821229,33.612149341682],[-84.5404031229877,33.6121143609475],[-84.5403898835733,33.6120910404559],[-84.540376644166,33.6120677199627],[-84.5403567836834,33.6120324182293],[-84.5403311244939,33.6119854086796],[-84.5403178851188,33.6119620881795],[-84.5402988442661,33.6119264178819],[-84.5402740049117,33.6118790839465],[-84.5402491655884,33.6118317509072],[-84.5402251460674,33.6117840943919],[-84.5402077476111,33.6117484191193],[-84.540195326307,33.6117243639778],[-84.5401721264256,33.6116763388977],[-84.5401497479226,33.6116283564166],[-84.5401381464257,33.6116039777987],[-84.5401215678152,33.6115679790425],[-84.5401000087529,33.6115195829154],[-84.5400784483307,33.6114708657933],[-84.5400568879292,33.6114221477653],[-84.5400369698674,33.6113734256777],[-84.540016230673,33.6113247060646],[-84.5400087618818,33.6113065437039],[-84.5399963110789,33.6112756178957],[-84.5399772112781,33.6112262062542],[-84.5399701566528,33.6112078713234],[-84.5399630933085,33.611189512975],[-84.539952295503,33.6111610545556],[-84.5399468896658,33.6111469660271],[-84.5399414990882,33.6111329171258],[-84.5399257135752,33.6110903662079],[-84.5399107481529,33.6110478128133],[-84.5399053458942,33.611033551151],[-84.5398999501884,33.6110193093054],[-84.5398799953955,33.6109620214238],[-84.53986086316,33.6109050511501],[-84.5398562820735,33.6108907879096],[-84.5398517075321,33.6108765426826],[-84.5398375614516,33.6108332997322],[-84.5398192488498,33.6107759618013],[-84.5398146704584,33.6107615705135],[-84.5398100920608,33.6107471774222],[-84.5397967685552,33.6107042529798],[-84.5397800969231,33.6106465890971],[-84.5397675932138,33.6106033411831],[-84.5397634213465,33.6105887548075],[-84.5397592560318,33.6105741882488],[-84.5397425844505,33.6105165243595],[-84.5397388230644,33.6105019133014],[-84.5397350682347,33.6104873229619],[-84.5397233857185,33.6104440725657],[-84.539712522978,33.6104004987009],[-84.5397087616061,33.6103858885433],[-84.5397050067867,33.6103712982025],[-84.5396974906006,33.6103420977034],[-84.5396874490319,33.6102985213594],[-84.5396840994162,33.6102839325009],[-84.5396807541976,33.6102693634658],[-84.5396698913071,33.6102257445128],[-84.5396573226168,33.6101673811635],[-84.5396401955119,33.6100039084083],[-84.5396208831736,33.6099050280473],[-84.5396023920214,33.6098061452059],[-84.5395839009125,33.6097072623599],[-84.539566230982,33.6096083761324],[-84.5395485610968,33.6095094908021],[-84.539530891253,33.6094106054675],[-84.5395132200688,33.6093113991376],[-84.5394963714431,33.6092125113195],[-84.5394803424117,33.6091132540471],[-84.5394634922886,33.609014000147],[-84.5394474635317,33.6089147888512],[-84.5393706388343,33.6084268761316],[-84.5393630608494,33.6083832472405],[-84.5393605279901,33.6083671086393],[-84.5393579951317,33.608350970038],[-84.5393495976087,33.6083077096932],[-84.5393466541948,33.6082915732299],[-84.5393437107704,33.6082754340616],[-84.5393378225633,33.608242839242],[-84.5393344641837,33.6082266814866],[-84.539331110201,33.6082105435546],[-84.5393244066586,33.6081782929236],[-84.5393206366438,33.6081621364076],[-84.5393168775926,33.6081460231387],[-84.5393101630946,33.6081137283577],[-84.5393005356102,33.6080736167431],[-84.543537417198,33.6080816845252],[-84.5429562930471,33.6072850279252],[-84.5429493128339,33.6072754571748],[-84.5429497654335,33.6072754594048],[-84.5429558087022,33.6072754861068],[-84.5429562602242,33.6072754883401],[-84.5429567128238,33.6072754905701],[-84.543698981664,33.6072789273518],[-84.543699433186,33.6072789295824],[-84.5436998857817,33.607278930908],[-84.5437004062689,33.6072789329284],[-84.5437005366601,33.6072789334327],[-84.543700857787,33.6072789342574],[-84.5437009881782,33.6072789347616],[-84.5437008216493,33.6072693946829],[-84.5436957393187,33.6069784245402],[-84.543690475169,33.6067122680382],[-84.5436851500515,33.6064320952246],[-84.5436790254015,33.6061568714054],[-84.5436639010364,33.605700699566],[-84.543658599421,33.6054258852688],[-84.5436575540548,33.6053743579121],[-84.5436575125331,33.6053648174495],[-84.5436554276849,33.6048857754831],[-84.5436553861642,33.6048762350197],[-84.5436533690166,33.604601410677],[-84.5436533274965,33.6045918702131],[-84.5436521026731,33.604310428778],[-84.5436520611497,33.6043008874121],[-84.5436516096511,33.6043008869845],[-84.5436509587951,33.6043008844594],[-84.543650506215,33.6043008831335],[-84.5436500547085,33.6043008809026],[-84.5434226012661,33.6042998083076],[-84.543422148686,33.6042998069808],[-84.5434221071879,33.6042902656147],[-84.5434211161896,33.6040624107164],[-84.5434210746841,33.6040528675465],[-84.5434206231672,33.6040528626098],[-84.5426778578566,33.6040398939829],[-84.5426775561179,33.6040398885883],[-84.5426774052583,33.6040398881451],[-84.5426771035196,33.6040398827505],[-84.5426773692265,33.6040303458597],[-84.5427461204355,33.6015656107025],[-84.5427463842646,33.6015561405373],[-84.5427463908364,33.6015559169025],[-84.5427460822487,33.6015560693215],[-84.5427459327919,33.6015561428113],[-84.5426820624048,33.6015876348936],[-84.5427198792221,33.6015283125394],[-84.5433692401587,33.6012083965881],[-84.5434992400772,33.6011373970478],[-84.5435992395517,33.6010933964822],[-84.5444162400573,33.6006943969678],[-84.5448192400976,33.6004863970562],[-84.5449072407062,33.6004343964027],[-84.5450042403433,33.6003973963432],[-84.545219239909,33.6002853965805],[-84.5455582409139,33.6000943963348],[-84.5459722370362,33.5998433979067],[-84.54597310602,33.599842777597],[-84.5462541866646,33.6000024222734],[-84.5464361014661,33.6001073272369],[-84.5464970272926,33.6001452737408],[-84.5465726933167,33.600174586524],[-84.5466639959127,33.6002124387643],[-84.5467593284798,33.600233101697],[-84.5469072310989,33.6002580689864],[-84.5485032482216,33.600228762497],[-84.5485870365653,33.6002381229207],[-84.5495616428207,33.6002395774667],[-84.5498046759756,33.6002391677329],[-84.5498369786046,33.6003022785293],[-84.5498560238104,33.6003386353827],[-84.5500647429753,33.6007485165293],[-84.5508888508412,33.602360242389],[-84.5509583317921,33.6024747688498],[-84.5517957606534,33.6041197724937],[-84.5518330318,33.6041921409434],[-84.5518702888147,33.6042610749576],[-84.551908361151,33.6043296655889],[-84.5519604967575,33.6044205423073],[-84.5520142672784,33.6045107250324],[-84.5520548045235,33.6045779301832],[-84.5520969760317,33.6046447893963],[-84.5521399714781,33.6047113024901],[-84.5521533720946,33.6047311687414],[-84.5521500737557,33.6047321555289],[-84.5521551697127,33.6047401825604],[-84.5521960491449,33.6048045679702],[-84.5522448061399,33.6048746345913],[-84.5522936211989,33.6049465918163],[-84.5522937036346,33.604946713285],[-84.5522937372594,33.6049467627721],[-84.5522941562058,33.6049467118743],[-84.5523881593262,33.6049352335899],[-84.5523891738408,33.6049351096028],[-84.5523895895544,33.6049350587148],[-84.5523896253344,33.6049351081952],[-84.5524198266272,33.6049763259113],[-84.552435686666,33.6049977136968],[-84.5524517115741,33.6050191000644],[-84.5524839245956,33.6050617361317],[-84.552500112705,33.6050829849297],[-84.5525470200496,33.6051431631547],[-84.5525494974184,33.6051463166876],[-84.552582857835,33.6051883991294],[-84.5526167095009,33.6052302050194],[-84.5526507237626,33.6052717353828],[-84.5528518493367,33.6055130504981],[-84.5528561145504,33.6055181667922],[-84.5528518886347,33.6055225900587],[-84.5527993199025,33.605577609128],[-84.5527951443931,33.6055819799382],[-84.5527993581212,33.6055871495936],[-84.5528798534002,33.605685875695],[-84.5529082551076,33.6057206907246],[-84.5529368206271,33.6057555052359],[-84.553034720786,33.6058710399454],[-84.5530959759549,33.6059447784594],[-84.5531144792272,33.6059694553087],[-84.5532329363955,33.6061283492262],[-84.5532797556541,33.6061960726194],[-84.5532851688035,33.6062039011445],[-84.5532797917676,33.6062056121886],[-84.5532136532475,33.6062266600895],[-84.5532071086909,33.6062287426603],[-84.5532136882802,33.6062362005637],[-84.5532524564079,33.6062801377873],[-84.5532591020626,33.6062876685171],[-84.5532524925225,33.606289678258],[-84.5530188403445,33.6063606997572],[-84.55266967997,33.6064669119338],[-84.55260561524,33.6067945717523],[-84.5525348062633,33.6071570182936],[-84.5524593407565,33.6075432518558],[-84.5523272899196,33.6082187420092],[-84.5523254260853,33.6082282757773],[-84.5523258786858,33.6082282770713],[-84.5523268754899,33.6082282811772],[-84.5523273270168,33.6082282833762],[-84.5523277796213,33.608228285572],[-84.5524884711003,33.6082289873433],[-84.5524889226272,33.6082289895418],[-84.5524893752317,33.6082289917369],[-84.552490026117,33.6082289942153],[-84.5524904776438,33.6082289964137],[-84.5524909302483,33.6082289986089],[-84.5528046155786,33.6082303371823],[-84.5528050671055,33.6082303393797],[-84.5528055197099,33.6082303415736],[-84.5528061705952,33.6082303440503],[-84.5528066221181,33.608230345346],[-84.5528070747226,33.6082303475399],[-84.5531698638834,33.6082318060147],[-84.5531701375996,33.6082318069628],[-84.5531703154102,33.6082318082106],[-84.5531705891265,33.6082318091588],[-84.5531707680107,33.6082318095016],[-84.5531710417269,33.6082318104498],[-84.553171418892,33.6082318110747],[-84.5531718704148,33.608231812369],[-84.5531705519444,33.608222269596],[-84.5531474329178,33.6080548988161],[-84.5530845066248,33.6076409939475],[-84.5530831399729,33.6076319995391],[-84.5530844683674,33.6076314525838],[-84.553942921866,33.6072775285113],[-84.5540046567944,33.6072542930303],[-84.5540055238757,33.6072539666155],[-84.554005878884,33.6072538329583],[-84.5540059753813,33.6072539652019],[-84.5540741213434,33.6073471992046],[-84.5541663495557,33.6074789663897],[-84.5543063615429,33.6076828635352],[-84.5543933149332,33.607810386674],[-84.5544240458168,33.607851514752],[-84.5545240401719,33.6079938384215],[-84.5546195974927,33.6081354879454],[-84.5546845578944,33.6082288641288],[-84.5548328420947,33.6084457890885],[-84.5549203048946,33.6085767456027],[-84.5550292379277,33.6087342934503],[-84.5551710321636,33.6089317261983],[-84.5551976096497,33.6089709411485],[-84.5552024435005,33.6089780735109],[-84.5551976470603,33.6089804816095],[-84.5551393575193,33.6090097399431],[-84.5548592000768,33.6091602642802],[-84.5548589399967,33.6092488975294],[-84.5548581606135,33.6094414184012],[-84.5548575467197,33.6096340758017],[-84.5548569728271,33.6097991130945],[-84.5548567673387,33.6098265966616],[-84.5548561523701,33.6100192540535],[-84.5548560382134,33.6100495631689],[-84.5548560023062,33.6100591029569],[-84.554856075584,33.610059102727],[-84.5548564549,33.610059100635],[-84.5548565281778,33.6100591004051],[-84.5557831955489,33.6100548212075],[-84.555783647065,33.6100548188856],[-84.5557840996587,33.6100548165603],[-84.5557847505333,33.6100548136113],[-84.5557852020494,33.6100548112894],[-84.5558502740687,33.6100311757747],[-84.5558512197594,33.610030831968],[-84.5558516070762,33.6100306918922],[-84.5558516712753,33.6100308296459],[-84.5559423203071,33.6102262231735],[-84.5561555935577,33.6107232685839],[-84.5561923322161,33.6108106861741],[-84.5561924149955,33.6108108815759],[-84.556192447681,33.6108109608201],[-84.5561928665155,33.6108108792525],[-84.5567869992454,33.6123489571448],[-84.5567910593576,33.6123576968532],[-84.5568206651427,33.6124214065669],[-84.5568583090242,33.6125018123922],[-84.5568793692989,33.6125466806943],[-84.5569189973109,33.6126299664865],[-84.5569591178843,33.6127132507104],[-84.5569791773546,33.6127548247435],[-84.5570197892903,33.6128378323858],[-84.5570401774978,33.6128794044689],[-84.5570812824972,33.612962273479],[-84.5571227145597,33.6130450034862],[-84.5571614910472,33.6131216961632],[-84.5572824603193,33.6133601413873],[-84.5574133713317,33.6136180672165],[-84.5575257229324,33.6138393625866],[-84.5576543137956,33.6140922118511],[-84.5577858906242,33.6143515092871],[-84.5578438898514,33.6144656549229],[-84.5580379218952,33.6148479758444],[-84.5580427476484,33.6148574831108],[-84.5580422961115,33.6148574863428],[-84.558041645205,33.6148574902056],[-84.5580411925863,33.6148574925393],[-84.5580407410494,33.6148574957713],[-84.5580384111567,33.614857511258],[-84.5580379585421,33.6148575144934],[-84.5580375070052,33.6148575177254],[-84.5548384813143,33.6148792573996],[-84.5548380286953,33.6148792597217],[-84.5548376418467,33.6150126918557],[-84.5548371276358,33.6151179535137],[-84.5548366523622,33.6152513732967],[-84.5548366184017,33.6152608661839],[-84.5548366908083,33.6152609110402],[-84.5550798745009,33.6154105723515],[-84.5557451978906,33.6158195959475],[-84.5557452465202,33.6158196255496],[-84.5557452364337,33.6158291327874],[-84.5557444322625,33.6165521842612],[-84.5557439806963,33.6165521829766],[-84.5557433297445,33.6165521796141],[-84.5557428770925,33.6165521765296],[-84.5557424255182,33.6165521734417],[-84.5548324839871,33.6165457117284],[-84.5548320313352,33.6165457086406],[-84.5548315797609,33.6165457055493],[-84.5496340202968,33.6165090112742],[-84.549633567645,33.6165090081673],[-84.5496331160669,33.6165090041554],[-84.5488636909188,33.6165024628383],[-84.5488632382631,33.6165024588269],[-84.5488627866851,33.6165024548122],[-84.5486963207311,33.616501055711],[-84.5486958680754,33.616501051699],[-84.5486954164974,33.6165010476837],[-84.5480941840202,33.6164961811759],[-84.5480937313645,33.6164961771617],[-84.5480932797866,33.6164961731442],[-84.5474396494284,33.6164906399908],[-84.5474391967727,33.6164906359742],[-84.5474387451948,33.6164906319543],[-84.5473513051476,33.6164898758942],[-84.5472702895692,33.6164891748432],[-84.5472360163823,33.6165600649992],[-84.5472278144644,33.6165763698858],[-84.5472058306799,33.6166193804557],[-84.5471838483795,33.6166627336514],[-84.547161043342,33.6167057458377],[-84.5471382367725,33.6167484144879],[-84.5471146089744,33.6167910856596],[-84.5471032056699,33.6168124199809],[-84.5470909811531,33.6168337568267],[-84.5470673518033,33.6168760853592],[-84.5470429012191,33.6169184155106],[-84.5470176294032,33.6169607481824],[-84.5469923560537,33.6170027373172],[-84.5469670811709,33.6170443829151],[-84.5469409839771,33.6170860310358],[-84.546914887836,33.6171276791475],[-84.5469018390017,33.6171483314355],[-84.5468749201045,33.6171896385314],[-84.5468480011818,33.6172309456214],[-84.546835987081,33.617248687738],[-84.5450575618672,33.6173716646005],[-84.5436514229434,33.6174688797639],[-84.5435752935806,33.6174950825661],[-84.5430433933718,33.6165851786357]]],[[[-84.5739078387713,33.6558770837155],[-84.5739078456744,33.6558742001739],[-84.5730742514789,33.6559584077678],[-84.572047251544,33.6560374076413],[-84.5715730009733,33.6560328963904],[-84.5711012508941,33.6560284075993],[-84.5702772508589,33.6559554077501],[-84.5695212498328,33.6558294073751],[-84.5688922503466,33.6556864076239],[-84.5684702502641,33.6555694077555],[-84.5678202495997,33.655352407243],[-84.5670792493301,33.65503940761],[-84.5669032493388,33.6549484072864],[-84.5665792497907,33.6547834072404],[-84.5650662493747,33.6539404074131],[-84.5632882478472,33.6529504069594],[-84.562964248407,33.6528044071105],[-84.5626562479259,33.6527114072738],[-84.5623362484992,33.6526564069319],[-84.5620102480918,33.6526374076611],[-84.5616672473644,33.6526604072651],[-84.5615912474769,33.6526714069183],[-84.5614922473845,33.6526874075757],[-84.5612992476215,33.6527324073122],[-84.5609642472311,33.6528464069363],[-84.5607892480468,33.6529274069178],[-84.5606222473662,33.653021407506],[-84.560349247804,33.6532194070794],[-84.5596482472221,33.6538714071865],[-84.5594512477809,33.6540554073718],[-84.5560512463652,33.657218408224],[-84.5557642462012,33.6574854081859],[-84.555394246317,33.6578604082935],[-84.5550172460504,33.6582924090069],[-84.5548252461071,33.6581794087204],[-84.5541282460091,33.657849408869],[-84.5537962460563,33.6576564082651],[-84.5537352452761,33.657621408245],[-84.5534002458215,33.6573644086438],[-84.5531102452262,33.6570644086677],[-84.5528762453618,33.6567134080555],[-84.5525122455167,33.6554834081005],[-84.5524082455346,33.655226408522],[-84.5522732448741,33.6549904079227],[-84.5520232448624,33.6546444082904],[-84.5517452450653,33.6543034076113],[-84.5514042444559,33.6539324083236],[-84.5509372444543,33.6534654082282],[-84.5506562447594,33.6531334075301],[-84.5504122441264,33.6527824077652],[-84.5499572443514,33.6519974071444],[-84.5497772440353,33.6517354074981],[-84.5496642442692,33.6516144070549],[-84.5494362439971,33.6514044076199],[-84.5492562443949,33.6512584072668],[-84.5490592438929,33.6511194074604],[-84.5486542436265,33.6508634072358],[-84.5478106823181,33.6503672258432],[-84.5474070908146,33.6501298302039],[-84.5459052431676,33.6492464068611],[-84.5447422429503,33.6485894068906],[-84.5435812424994,33.6479914073651],[-84.543108242304,33.6477474069225],[-84.5424182419146,33.6473894067132],[-84.5420232414958,33.6471364071173],[-84.5417222420757,33.6468904065879],[-84.5416782422753,33.6468544066951],[-84.5410882413428,33.6462794063578],[-84.5396202412872,33.647588406779],[-84.5382362412603,33.6488274069268],[-84.5377122407536,33.6492714072251],[-84.5375102410554,33.6494594073568],[-84.5369652401901,33.6500304075467],[-84.5368972445189,33.6501099099635],[-84.5359842406102,33.6511774075257],[-84.5356086076647,33.651648259768],[-84.5356056557753,33.6516482784954],[-84.5355897558162,33.6515255993656],[-84.5355919799481,33.6514507806488],[-84.5356004853976,33.6511647208464],[-84.535638750232,33.6498777180387],[-84.5356400994392,33.6498323467057],[-84.5356530867061,33.6494392322086],[-84.5356545028331,33.6493478955583],[-84.5356546364439,33.649339286957],[-84.5356574166896,33.649244736304],[-84.5356594080725,33.6491800764197],[-84.5356620780135,33.649090754853],[-84.5356622075286,33.6490849765924],[-84.535662317495,33.6490849762642],[-84.5356612481662,33.6490266479932],[-84.5356612467918,33.6490265785691],[-84.5356578573537,33.6486433122006],[-84.5356578466118,33.6486420580155],[-84.5356568980302,33.6485407722168],[-84.5356564853584,33.6484882730538],[-84.5356490006914,33.6476965155222],[-84.5356490003952,33.6476964460948],[-84.5356030806039,33.6476319255639],[-84.5345407195645,33.6461375562159],[-84.5345405490537,33.6461375152466],[-84.5344807453715,33.6460905089747],[-84.5344497400428,33.6461156585115],[-84.5344004844222,33.6461548787234],[-84.5344004382187,33.6461549149275],[-84.5343556256355,33.6461904052387],[-84.5343360462112,33.6462055239941],[-84.5343233534535,33.6462152925196],[-84.5342910952952,33.6462409470683],[-84.5342797946949,33.6462500406102],[-84.5342543384203,33.6462704380481],[-84.534226562017,33.6462915763344],[-84.5341979197079,33.6463141914126],[-84.5341978659846,33.6463142339506],[-84.5341656636393,33.6463398477255],[-84.5341655948689,33.6463399011283],[-84.5341333302217,33.6463655727865],[-84.5341037468628,33.6463882267064],[-84.5340634135511,33.6464206902312],[-84.5340467732633,33.6464336154698],[-84.5340289026213,33.6464474956196],[-84.5339876594819,33.6464784668604],[-84.5339509699975,33.6465048350795],[-84.5339508980004,33.6465048902949],[-84.5339187043755,33.6465297988764],[-84.533910239237,33.6465356334556],[-84.5338880697106,33.6465509149197],[-84.533866610652,33.6465662005814],[-84.5338657905452,33.6465667827884],[-84.5338657282085,33.6465668280569],[-84.5338379397826,33.646587210695],[-84.5338110829771,33.6466061091228],[-84.5337770072632,33.6466295706719],[-84.5337442329382,33.6466517993768],[-84.5337083586931,33.6466774888537],[-84.5336742817553,33.6466994049222],[-84.5336401961208,33.6467220702917],[-84.5336070128633,33.6467439818858],[-84.5335792620537,33.6467620777286],[-84.533579207225,33.6467621139579],[-84.533546923106,33.646783273583],[-84.5335164275737,33.6468029212086],[-84.5334922120306,33.6468187893452],[-84.5334784281864,33.6468280786294],[-84.5334697925919,33.6468338992574],[-84.5334627085391,33.6468384899176],[-84.5334464729529,33.6468490118359],[-84.5334144512033,33.64686951694],[-84.5334128373677,33.6468705487248],[-84.5334127911366,33.646870578617],[-84.5333724791377,33.6468969952792],[-84.5333410918726,33.6469181512888],[-84.5333410252154,33.6469181947664],[-84.5333123514191,33.6469362833681],[-84.5332836832145,33.6469551852495],[-84.5332531939956,33.6469748246764],[-84.533240932189,33.6469833096433],[-84.5332280856146,33.6469921993876],[-84.5332057664459,33.6470068238581],[-84.5331958625637,33.6470133091481],[-84.5331957969959,33.6470133553275],[-84.5331626093414,33.6470375895071],[-84.5331124782686,33.6470722268269],[-84.533112409478,33.6470722757208],[-84.5330797211034,33.6470952776241],[-84.5330796748798,33.6470953093194],[-84.5330536683554,33.6471126785417],[-84.533037320394,33.6471244369236],[-84.5330231919262,33.6471345990892],[-84.5329891244372,33.6471580658063],[-84.5329568527301,33.6471806976611],[-84.5329420095866,33.6471911423529],[-84.5329290044984,33.6472002931171],[-84.5329180981605,33.6472078471238],[-84.5328994369386,33.6472207096674],[-84.5328662596736,33.6472441259254],[-84.5328420438834,33.6472599930335],[-84.5328205254445,33.6472758530505],[-84.5327963117577,33.6472924757397],[-84.5327608956637,33.6473177758679],[-84.5327205359468,33.6473442222134],[-84.5326890382405,33.6473655965874],[-84.5326882513365,33.6473661308999],[-84.532688183612,33.6473661770854],[-84.5326532757182,33.6473895524244],[-84.5326350262703,33.647401655408],[-84.5326111229799,33.6474175080208],[-84.5325703509715,33.6474448869586],[-84.5325671333658,33.6474470460529],[-84.5325671064786,33.6474470614609],[-84.5325927639877,33.6474709905832],[-84.5326220216672,33.6474983245553],[-84.5326392375638,33.6475555934123],[-84.5330085066103,33.6487856796346],[-84.5330803372837,33.6490246904532],[-84.5330798812963,33.6490247035263],[-84.5330792301113,33.6490247027512],[-84.533078777297,33.6490247013882],[-84.5330783255609,33.6490247000219],[-84.5329396469699,33.6490243030442],[-84.5329391941557,33.6490243016806],[-84.5329387424195,33.6490243003139],[-84.5329380912269,33.6490242977348],[-84.5329376384126,33.6490242963712],[-84.5329371866765,33.6490242950045],[-84.5327348486398,33.6490236517683],[-84.5326593333569,33.6490239618951],[-84.5323347300363,33.6490229396111],[-84.5323348721343,33.6490223792564],[-84.5323015649925,33.6488505526163],[-84.5320879616591,33.6477485908779],[-84.5320726956654,33.6476722738957],[-84.5320726868693,33.6476722333467],[-84.5319136729502,33.6476794368433],[-84.5318421460789,33.6476663178926],[-84.5317784775827,33.6476465818101],[-84.5316911216275,33.6476203190413],[-84.5316352831309,33.6475872295356],[-84.5315954949742,33.6475806133372],[-84.5315175738304,33.6475319243088],[-84.531403011841,33.6474411336296],[-84.531222138535,33.6472932825798],[-84.5311065956821,33.647206228312],[-84.5307705981033,33.6469329394922],[-84.5305258292971,33.6467470512124],[-84.5304466074837,33.6466866445649],[-84.5304427149682,33.6466836769121],[-84.5303123758264,33.6465842936569],[-84.530207770853,33.6465046604373],[-84.5302075448123,33.6465044888836],[-84.530207318067,33.6465046626703],[-84.5302067646267,33.6465050844741],[-84.5301330604273,33.6465612883323],[-84.5301330271548,33.6465613235951],[-84.5301322004344,33.6470680047755],[-84.5301321999891,33.6470681553551],[-84.5300997449813,33.6470509306523],[-84.5300903493079,33.6470460297624],[-84.5298296723131,33.646907646068],[-84.5298292066249,33.6469074003792],[-84.529829217365,33.6469076474043],[-84.5298292446975,33.6469082514404],[-84.52983751658,33.6470932860319],[-84.5298370843719,33.6470930546715],[-84.5298359530872,33.6470924538781],[-84.5293935263926,33.646857372703],[-84.5292946836994,33.6468048493404],[-84.5288612971421,33.6465745663446],[-84.5288612323332,33.6465745367794],[-84.5288879495833,33.6464234717689],[-84.5289154075201,33.6462678060805],[-84.5289150291069,33.6462678044841],[-84.5282834192147,33.6462642397831],[-84.5282424533259,33.6462640106457],[-84.5282423239502,33.6462640092207],[-84.5282504592413,33.6462268980852],[-84.5283346699859,33.6457300310171],[-84.5283687429234,33.6455336917387],[-84.5283804092941,33.6454660281097],[-84.5283804398074,33.6454658485888],[-84.5283804524349,33.6454657746152],[-84.5283808925881,33.6454658463625],[-84.5284470131092,33.645476731687],[-84.5284480822154,33.6454769079904],[-84.5284485191383,33.6454769806486],[-84.5284485339219,33.6454769066687],[-84.528464122108,33.645397097829],[-84.5284683561839,33.6449562606406],[-84.5284847427774,33.6448611680096],[-84.5284850280869,33.6448595315514],[-84.5284850375743,33.6448594801286],[-84.5284854892888,33.6448594815118],[-84.5294187918049,33.6448926728622],[-84.5294187838629,33.6448912933356],[-84.5294560014108,33.644891184139],[-84.5294560164447,33.6448939972947],[-84.5294561803349,33.6448940031254],[-84.5299070740933,33.6449101563117],[-84.5301226707685,33.6449178505344],[-84.5306821715422,33.6449343551341],[-84.5306459598492,33.644254827837],[-84.5306418577253,33.6441787121972],[-84.5306307115482,33.6439698748249],[-84.5306203258783,33.6437752292433],[-84.5306152819198,33.6436799766892],[-84.5306010201747,33.6434137095896],[-84.5306010167054,33.6434136536964],[-84.5305867549221,33.64314632983],[-84.53057211989,33.6428717495321],[-84.5305721175064,33.6428716954391],[-84.530557672962,33.6426003452388],[-84.5305572212822,33.642600349273],[-84.5305565701757,33.6426003556976],[-84.5305561174178,33.642600359735],[-84.5305556657417,33.6426003646709],[-84.5292182149529,33.642615265881],[-84.5292177621948,33.6426152699136],[-84.5292177645928,33.6426153276132],[-84.5292444517403,33.6432362525962],[-84.5287403284528,33.6432429532047],[-84.528493801141,33.6432462292874],[-84.5284944117406,33.6433298300528],[-84.5289439677582,33.6433289491977],[-84.5291464261078,33.6433285524021],[-84.5296177524557,33.6441817217338],[-84.5297095010029,33.6443477990602],[-84.5297095346834,33.6443478611763],[-84.5297090482244,33.6443478003896],[-84.5297078595728,33.6443476496947],[-84.5294529334306,33.6443154997287],[-84.5294529493945,33.644318534692],[-84.5294155693085,33.6443186443636],[-84.5294155560194,33.6443162468709],[-84.5259613936696,33.6443853123005],[-84.5259609420025,33.644385321728],[-84.5259609361253,33.6443852045284],[-84.5259571167336,33.6443346375288],[-84.5259395789664,33.6439095291278],[-84.5259388061471,33.6437234724104],[-84.5258539881935,33.6437135498343],[-84.5231659921099,33.6428213274847],[-84.5227090264687,33.6426696402612],[-84.5226416208505,33.6426585662023],[-84.522641570983,33.6426584987208],[-84.5227939323942,33.642347252596],[-84.5228887728466,33.6421534058741],[-84.5229397867294,33.642054045743],[-84.5229984606194,33.6419396859202],[-84.523142127529,33.6417187212928],[-84.5232266384791,33.641576253129],[-84.5234295454166,33.6412982293221],[-84.5234840736915,33.6412247646219],[-84.523556483505,33.6411271331934],[-84.5236748248552,33.6409489494002],[-84.5236748634512,33.6409488978937],[-84.5238862696028,33.6406637851178],[-84.5240003510607,33.6405034996881],[-84.524165267452,33.6402716794697],[-84.5243472295892,33.6400093910649],[-84.5243494020416,33.6400063290296],[-84.5249227707555,33.6391978795674],[-84.5254662611475,33.6384315417125],[-84.5260507461437,33.637607382748],[-84.5257748472305,33.6374520244398],[-84.5257713042848,33.6374500303211],[-84.5257701688946,33.6373650369987],[-84.5257630068875,33.6368440560658],[-84.5257397114287,33.6351724762588],[-84.5257381193483,33.6351724862917],[-84.5240476487743,33.6351836544249],[-84.5237248493747,33.6351858501341],[-84.5235896056154,33.6351867328738],[-84.5211420848808,33.6352029158627],[-84.5211416321535,33.6352029180621],[-84.5211202545138,33.6352013734682],[-84.5211201413162,33.635201370186],[-84.5208942632962,33.6352036647701],[-84.5202865666816,33.6352054040298],[-84.5202839397634,33.6352054115417],[-84.5193847695966,33.6352294473391],[-84.5168613563191,33.6352968659165],[-84.5168609036312,33.6352968780185],[-84.5168604520175,33.6352968892158],[-84.5165523880854,33.6353051125392],[-84.5159360056541,33.6353215630134],[-84.5158823577522,33.6353229885834],[-84.515882300629,33.635322990548],[-84.5158819050785,33.6353230042884],[-84.5158819038623,33.6353229700285],[-84.5158746274768,33.6349444502884],[-84.5158695977247,33.6346781422491],[-84.515865038374,33.6344466517058],[-84.5158580574646,33.6340926907282],[-84.5158580546502,33.6340925275341],[-84.5158476662736,33.6335555401051],[-84.5158414812667,33.6332507845017],[-84.5158390710618,33.6331284474714],[-84.5158365305607,33.6329994628022],[-84.5158305660194,33.6326966947281],[-84.515830153372,33.6326759061134],[-84.5158297826679,33.6326572308922],[-84.5158229625168,33.6323109660016],[-84.515817043716,33.632010422181],[-84.5158018545123,33.6312390078454],[-84.5158005602325,33.6312385408281],[-84.515837105279,33.6311763243704],[-84.5157202407647,33.6311348177305],[-84.5155709187239,33.6310817827458],[-84.5152346802168,33.6309595872537],[-84.5151709783372,33.6309364027338],[-84.5150277944771,33.6308847059018],[-84.5149307943182,33.6308496832622],[-84.5149079202979,33.6308413495288],[-84.5147063006754,33.6307680929428],[-84.514649388667,33.6307502620906],[-84.5146207316175,33.6307394631824],[-84.5146155401858,33.6307375067399],[-84.5146071862003,33.6307347386761],[-84.5145463186879,33.6307145700565],[-84.5144358327464,33.6306815154348],[-84.5144183943373,33.6306763338888],[-84.514350972597,33.6306586595863],[-84.5142790159675,33.6306390458799],[-84.5142786145561,33.6306389370045],[-84.5142785632636,33.630639048054],[-84.5142784371573,33.6306393180076],[-84.5142484843542,33.630703607358],[-84.5140008795497,33.6312133412801],[-84.5140008389231,33.6312134243478],[-84.5140004268428,33.6312133434532],[-84.5139994203789,33.6312131470111],[-84.5139390636866,33.6312013288218],[-84.5137254685958,33.6311595067018],[-84.5136351578061,33.6311418962443],[-84.5135192127601,33.6311192172037],[-84.5134016067735,33.6311110731104],[-84.5131650434019,33.6310945692686],[-84.5128868419327,33.6310750347248],[-84.512886524942,33.6310750121688],[-84.5128863892228,33.6310750359922],[-84.5128860563814,33.6310750928275],[-84.5124954507689,33.6311422672784],[-84.5124183072215,33.6311555400529],[-84.5124182523108,33.6311555555348],[-84.5124178526364,33.631155611654],[-84.5124178534081,33.63115553501],[-84.5124178558924,33.6311553474558],[-84.5124254703823,33.6305953507698],[-84.512416614875,33.6305406865782],[-84.5124145252127,33.6305278265006],[-84.5124145099171,33.6305277751482],[-84.5124140800508,33.6305278277452],[-84.51241299731,33.6305279615143],[-84.5123904094785,33.6305307458999],[-84.5123266817429,33.6305385999486],[-84.5122915860211,33.6305440593633],[-84.5122609838261,33.6305486649535],[-84.5122170150162,33.6305565737315],[-84.5121937113541,33.6305606828302],[-84.5121291806818,33.6305718093753],[-84.5121370559825,33.6305980656271],[-84.5121496689347,33.6306384450149],[-84.5121560954527,33.6309365513945],[-84.5121617655527,33.6311996128906],[-84.5119403280758,33.6312379066767],[-84.5117579360957,33.6312694476187],[-84.5115851081721,33.6312991014739],[-84.5112574823848,33.6313555441127],[-84.5112518347745,33.6316453270376],[-84.5112436178644,33.6320573068046],[-84.5112431662452,33.6320573125713],[-84.511141469833,33.6320588392916],[-84.5103784038386,33.6320702893339],[-84.5103779511378,33.6320702941989],[-84.5103774995077,33.6320702972574],[-84.5103768484601,33.6320702990669],[-84.510376395745,33.6320703003251],[-84.5103759441077,33.6320703015804],[-84.5102798402211,33.6320705686468],[-84.5102793875059,33.6320705699047],[-84.5102829572783,33.6321090531451],[-84.5102999818401,33.6322925748629],[-84.5103168782874,33.6324107042764],[-84.5103344024026,33.6324800498379],[-84.510352708065,33.6325393621551],[-84.5103594303877,33.6325535925496],[-84.5103676180624,33.6325709260228],[-84.510399060054,33.6326285526691],[-84.5104371210259,33.6326985282004],[-84.5104818703397,33.6327980301149],[-84.5106476246271,33.633170375058],[-84.510753507659,33.6333802198619],[-84.5107826630558,33.6334378969452],[-84.5107960774944,33.6334638403063],[-84.5108876927385,33.6336403521154],[-84.5110414296762,33.6339228605806],[-84.5110411250888,33.6339229777441],[-84.5109523945853,33.6339571717391],[-84.5109061935362,33.6339569135411],[-84.5092171900638,33.6339475926307],[-84.5091357196516,33.6339387339645],[-84.5091354151543,33.6339388745664],[-84.5091539106358,33.633777205493],[-84.5091582668993,33.6337408047729],[-84.5091598487118,33.6337262240112],[-84.5091892189728,33.6334683527909],[-84.5091955424791,33.6334284283064],[-84.5092009048664,33.6333924152189],[-84.5092236888344,33.6332864817357],[-84.5092381606312,33.6332123325658],[-84.5092494547791,33.6331346639652],[-84.5092495022355,33.6331346710471],[-84.5092526354111,33.6330964703704],[-84.5092552886976,33.6330516816251],[-84.5092580248043,33.6330054869479],[-84.5092575242858,33.6328790671133],[-84.5092564270955,33.6328094008854],[-84.5092546293223,33.6327702427691],[-84.5092537245987,33.6327649804294],[-84.5092504256792,33.6327457948359],[-84.5092485545312,33.6327398327731],[-84.5092417474329,33.6327193936593],[-84.5092362661458,33.6327079333002],[-84.5092291868566,33.6326941591761],[-84.5092290814899,33.6326939547891],[-84.5091177502512,33.6324809417373],[-84.5090143407131,33.6322830862476],[-84.5089378261257,33.6320848713019],[-84.5089188262651,33.6320574410078],[-84.5087595880714,33.6318351323269],[-84.5086916915045,33.6317387170825],[-84.5085937826102,33.6316135286601],[-84.5085507076759,33.6315628044204],[-84.5086073294928,33.631517467929],[-84.5086073660269,33.6315174389745],[-84.5086078187678,33.6315174449361],[-84.5094114473052,33.63153086876],[-84.5094179628286,33.6315076426359],[-84.5094052971125,33.6312008234374],[-84.5093898552514,33.6308274245322],[-84.5094060038166,33.6307573849859],[-84.5088902840905,33.6306100566674],[-84.5088798445224,33.6306418892407],[-84.5088685188323,33.630676424765],[-84.5084935041229,33.6313872091609],[-84.508439408217,33.6314356421663],[-84.5084391590271,33.6314358655673],[-84.5081422702286,33.6311320377677],[-84.5081153563146,33.6310973464128],[-84.5079905557513,33.6309421376203],[-84.5078101184947,33.6307167258168],[-84.5076296832589,33.630491313733],[-84.5074700604282,33.6302948381085],[-84.5074761281408,33.6302054163423],[-84.5074778162307,33.6301805418403],[-84.5074779781986,33.6301781510679],[-84.5074025388966,33.6301262794087],[-84.5073496472408,33.6300854748987],[-84.5072843350019,33.6300188717418],[-84.5072110560738,33.6299316774179],[-84.5071498328885,33.6298608025387],[-84.5071002901427,33.6297941558642],[-84.5070882351093,33.6297779743229],[-84.5070695429315,33.6297449083502],[-84.5070435674862,33.6296978468671],[-84.5070314605926,33.6296684731339],[-84.507014713937,33.6296290810933],[-84.5069931528855,33.6295766479253],[-84.5069735908296,33.6295312179308],[-84.5069504150582,33.6294740951052],[-84.5069503682563,33.6294739798202],[-84.5069499634378,33.6294740972495],[-84.5069489750815,33.6294743848966],[-84.5069461252087,33.6294752132574],[-84.5068425673048,33.6295053316971],[-84.5068810386555,33.6295971565039],[-84.5068770084777,33.6301181072229],[-84.5068745634045,33.6303861478548],[-84.5068739291247,33.6304556674206],[-84.506872990468,33.6305585324641],[-84.5068706180503,33.6307907693847],[-84.5068667647715,33.6312731055235],[-84.506863249334,33.6316324547968],[-84.5068604390886,33.6319622580122],[-84.5068576061432,33.6322862896874],[-84.5068547602207,33.6326070230753],[-84.5068523452751,33.6326790262032],[-84.5068521927098,33.6326947814893],[-84.5068478859747,33.632856157862],[-84.5068461615061,33.6329269481459],[-84.5068424847171,33.6330585550737],[-84.5068345437495,33.63335607003],[-84.50683428276,33.6333650847342],[-84.5067727577217,33.6333652278096],[-84.5065756414309,33.6333657697692],[-84.5065753697976,33.6333657705159],[-84.5065751887088,33.6333657710136],[-84.5064074714898,33.6335351145223],[-84.5063548002025,33.633588477529],[-84.5061968761611,33.6337479313914],[-84.5060512945169,33.6338949216697],[-84.5059853107372,33.6339612969715],[-84.505819898441,33.6341285559051],[-84.5057775032662,33.6341714248073],[-84.5055674277013,33.63438370538],[-84.505567239803,33.6343838943438],[-84.5055671014439,33.6343837964411],[-84.5055669779702,33.6343839212098],[-84.5051058364193,33.6340589467285],[-84.5051057988297,33.6340589819965],[-84.505105329532,33.6340594314104],[-84.5050521088199,33.6341104068439],[-84.5050276215559,33.6341338604382],[-84.5049039369196,33.634043518838],[-84.5050383356639,33.6339140366567],[-84.5047877321164,33.6337531412008],[-84.5047342177642,33.6337187517765],[-84.504733766118,33.6337187530112],[-84.5047331150542,33.6337187538894],[-84.5047326623301,33.633718755127],[-84.504732210684,33.6337187563617],[-84.5046359537485,33.6337189545466],[-84.5043253382945,33.6337194279656],[-84.5043253378676,33.6337195947756],[-84.5043251729466,33.6337195952259],[-84.5043270974841,33.6333708306393],[-84.5043266458397,33.6333708318725],[-84.5043259947785,33.6333708327486],[-84.5043255420562,33.6333708339847],[-84.5043250904118,33.6333708352179],[-84.5023573955727,33.6333754141053],[-84.5022261953492,33.633375718788],[-84.50085397433,33.6333788918535],[-84.5008535216075,33.6333788930769],[-84.500942700444,33.6300985620717],[-84.5009593381702,33.6295155334367],[-84.5009593400647,33.6295154658063],[-84.5009636305426,33.6293506938692],[-84.5009636313522,33.6293506244384],[-84.5009711223252,33.6290701343434],[-84.5009829487543,33.6289476573953],[-84.5009744076328,33.6289476299902],[-84.500981586282,33.6286803357599],[-84.5009846066988,33.6285732524758],[-84.500989520228,33.6283990266216],[-84.5009895221433,33.6283989644012],[-84.5009902422497,33.6283738770917],[-84.5009923580382,33.6282829027803],[-84.5009919074842,33.6282829003916],[-84.5008039014472,33.6282816321937],[-84.5008034498153,33.6282816298072],[-84.5008029971056,33.6282816274237],[-84.5008023460685,33.6282816246743],[-84.5008018944366,33.6282816222878],[-84.5008014417269,33.6282816199042],[-84.500475361937,33.6282797674987],[-84.5004749102773,33.6282797578978],[-84.500474457585,33.6282797600213],[-84.5004738065375,33.6282797545652],[-84.5004733548952,33.6282797494725],[-84.5004729021854,33.6282797470878],[-84.50040636846,33.6282792702348],[-84.5004059168246,33.6282792669452],[-84.5004054641149,33.6282792645602],[-84.5004048130744,33.6282792609071],[-84.5004043614425,33.6282792585191],[-84.5004039087328,33.6282792561341],[-84.5001558580332,33.6282778793698],[-84.500155405386,33.6282778932137],[-84.5001549536881,33.6282778736933],[-84.5001543026441,33.6282778691372],[-84.5001538509949,33.62827786224],[-84.5001533983025,33.6282778643624],[-84.4998930257147,33.6282762552053],[-84.499892573005,33.6282762528184],[-84.4998921213697,33.628276249527],[-84.4998264961892,33.628275748274],[-84.499826043476,33.6282757449852],[-84.4998255918442,33.6282757425952],[-84.4995006002705,33.6282737728807],[-84.4994651023499,33.6282735618409],[-84.4994646614896,33.6282735576172],[-84.4994646313272,33.6282735622068],[-84.4994644063841,33.6277836727857],[-84.4994646648217,33.6276462575496],[-84.4994645190796,33.6271738737946],[-84.4994645221328,33.6271738268995],[-84.4994642456747,33.6264644916978],[-84.499463913526,33.6261580571946],[-84.4994639344219,33.6255249167453],[-84.4994639352432,33.6255248500195],[-84.4994641906807,33.6253874888415],[-84.4994638867797,33.6252980763999],[-84.4994637084985,33.6252497455337],[-84.4994632482565,33.6252497422638],[-84.4987693103999,33.625244061492],[-84.4987688587735,33.6252440563931],[-84.4987695065737,33.6253628903291],[-84.4987727802481,33.6259632750965],[-84.4987723157083,33.6259632763439],[-84.4987716647059,33.625963278092],[-84.4987712120221,33.6259632793075],[-84.4987707604161,33.6259632805202],[-84.4986418296483,33.6259636365815],[-84.4985389852442,33.6259639026751],[-84.4985385325707,33.6259639065948],[-84.4985380809959,33.6259639159216],[-84.4975336300755,33.6259873401578],[-84.4975331784866,33.6259873458742],[-84.4975327258165,33.6259873506919],[-84.4975320748276,33.6259873560401],[-84.4975316232352,33.6259873608549],[-84.4975311705651,33.6259873656726],[-84.4972046673284,33.6259906173161],[-84.4972031131375,33.6259906277814],[-84.4968154419411,33.625994728029],[-84.4968117278865,33.6259947667968],[-84.4968113075542,33.6259947724272],[-84.4967783757244,33.627058804451],[-84.498645612763,33.6270390397209],[-84.4986460654385,33.6270390348991],[-84.4986465170397,33.6270390309819],[-84.4986471680295,33.6270390238244],[-84.498647620705,33.6270390190026],[-84.4986991556749,33.6270365065592],[-84.498774111009,33.6270328492013],[-84.4987794230443,33.6271759336244],[-84.4987845514066,33.6281180083724],[-84.4987846723597,33.6281396968221],[-84.4986534800654,33.6281383214612],[-84.4986123033004,33.6281387574913],[-84.497993548099,33.6281453127789],[-84.4967430884769,33.6281585496161],[-84.4967419332939,33.6281942326924],[-84.4967357486246,33.628385305005],[-84.4967406438669,33.6289727562051],[-84.4967424197282,33.6291862876865],[-84.4967495201556,33.630045239284],[-84.4967842807964,33.6324828838228],[-84.4967838291529,33.6324828841267],[-84.4967831780979,33.632482884963],[-84.4967827253765,33.6324828852698],[-84.496782273733,33.6324828855738],[-84.4967690176063,33.6324828912041],[-84.4925463805408,33.6324847475277],[-84.4923919000319,33.6324834007646],[-84.49236126939,33.6324826365747],[-84.4923225558134,33.6324816709502],[-84.492322103058,33.6324816622241],[-84.492321651377,33.6324816525935],[-84.4922404239777,33.6324801316539],[-84.4921745341818,33.6324788984987],[-84.4921740814331,33.6324788915754],[-84.4921776019109,33.6322983716234],[-84.4921776017583,33.6322983310486],[-84.4921785738434,33.6321882463275],[-84.4921781222047,33.6321882475163],[-84.4921774711585,33.6321882501316],[-84.4921770184452,33.6321882522249],[-84.4921765668098,33.6321882543154],[-84.492139594077,33.6321884057282],[-84.490826243244,33.6321937731627],[-84.4908154818315,33.6321938843241],[-84.4902972504361,33.6321992558368],[-84.4904876263094,33.632693287325],[-84.4905207909148,33.6327760621294],[-84.4905787991618,33.6329129126157],[-84.4906136025521,33.6329945830623],[-84.4906740726215,33.6331307399768],[-84.4907229413255,33.6332395814203],[-84.4907602080635,33.6333209712577],[-84.4907597564155,33.6333209715396],[-84.4907591053572,33.6333209732459],[-84.4907586526346,33.6333209744324],[-84.4907582009899,33.633320975616],[-84.4901037398435,33.6333224257649],[-84.4900583651085,33.6333225263981],[-84.4897347681595,33.6333232423644],[-84.4897343628649,33.6333232434232],[-84.4897343443923,33.633323203798],[-84.4897002691983,33.6332446843429],[-84.4896888220447,33.6332182168753],[-84.4896762318984,33.6331887534383],[-84.4896589503139,33.6331482252401],[-84.4896558776871,33.6331408567049],[-84.4896523613161,33.6331324289649],[-84.4896298717142,33.6330778735626],[-84.4896291592365,33.633076147824],[-84.4896059442659,33.6330198703184],[-84.4896008665474,33.6330075451288],[-84.4895841453212,33.6329669550436],[-84.4895718852935,33.6329372572001],[-84.4895710441346,33.6329351323574],[-84.4895436947933,33.6328665506276],[-84.489515504427,33.6327958674907],[-84.4894881349115,33.6327250325265],[-84.4894607735348,33.6326543445062],[-84.4894598777295,33.6326520169295],[-84.4894335338531,33.6325833261501],[-84.4894274891393,33.6325669126001],[-84.4894076710023,33.6325123862458],[-84.4894076557536,33.6325123439071],[-84.4894018235138,33.6324965393299],[-84.4893812372285,33.6324412449493],[-84.4893751557099,33.6324244951694],[-84.4893554418422,33.6323698738578],[-84.4893544831567,33.6323671587263],[-84.4893345858938,33.6323101773176],[-84.4893304904666,33.6322984933446],[-84.4893055768287,33.6322271046119],[-84.4893051241117,33.632227105793],[-84.4893044730616,33.6322271074915],[-84.4893040214226,33.6322271086698],[-84.4893035687056,33.6322271098509],[-84.4891224140101,33.632227582338],[-84.4889405241842,33.6322280564754],[-84.4889400725451,33.6322280576524],[-84.4889609095351,33.6318683064672],[-84.4889593530373,33.6318683051137],[-84.4889528243093,33.6318683410633],[-84.4888454858051,33.6318695557811],[-84.4883383319265,33.6318752914622],[-84.4883399644477,33.631869936706],[-84.4879613188858,33.6318709210302],[-84.4875259998317,33.6318720512498],[-84.4874561888834,33.6318643517614],[-84.4874365853526,33.631936257597],[-84.4874406419499,33.6318910147981],[-84.4874438010803,33.631855774749],[-84.4874535739847,33.6307248242475],[-84.4874603861584,33.6296814866096],[-84.4874696324409,33.6284096880266],[-84.4874856995608,33.6272048629182],[-84.4875111312923,33.625081114105],[-84.4875151756459,33.6247433412479],[-84.4875165858751,33.6246797833041],[-84.4874430305124,33.6245556120162],[-84.4874117291355,33.6245313020905],[-84.4873293624585,33.6244669325732],[-84.4872833134572,33.6244519345367],[-84.4871969755641,33.6244243318478],[-84.4869932566235,33.624414208197],[-84.4868872279978,33.6243914658016],[-84.4867777827544,33.6243340376556],[-84.4867027692779,33.6242596834152],[-84.4866647400867,33.6241921032773],[-84.4866480884061,33.6241309977245],[-84.4866112497736,33.6237191906796],[-84.4866120414626,33.623710600213],[-84.4865236785863,33.6233569868054],[-84.4865236342604,33.6233563665701],[-84.4873582245888,33.6232804036126],[-84.4875532250494,33.6232624036236],[-84.4881102249196,33.6232064034517],[-84.4883122253351,33.623188403911],[-84.4884652249357,33.6231774040793],[-84.4886772255764,33.6231584032172],[-84.4896072251199,33.6230724034425],[-84.4921452257884,33.6228384032198],[-84.4929971511866,33.6227599464509],[-84.4930043152368,33.623110446794],[-84.4928014832737,33.6231168219247],[-84.4927887950847,33.6238908453136],[-84.4927833689888,33.6241945469171],[-84.493102873144,33.6242002312445],[-84.4934667293463,33.6242068281733],[-84.4938240164206,33.6242134414082],[-84.4941895163561,33.6242200318622],[-84.4945640493574,33.6242265972882],[-84.4949049096351,33.6242329074122],[-84.4949149444479,33.6234138876533],[-84.4947760684367,33.6233929568749],[-84.4947717340807,33.6225963437879],[-84.4962702279174,33.6224574028242],[-84.4975762278117,33.6223334027427],[-84.4986382276696,33.6222664029715],[-84.4993782287162,33.6221714027027],[-84.503835229864,33.6217554025175],[-84.5045852302401,33.6217074029688],[-84.504860230146,33.6216544031178],[-84.505111230217,33.621600402555],[-84.5053832300823,33.6215364030549],[-84.5054182295044,33.621523402489],[-84.5060572300302,33.6213464028822],[-84.5064712301676,33.6212124022722],[-84.5070882300331,33.6209814026147],[-84.5073242307036,33.6208844020953],[-84.5076162306982,33.6207404022633],[-84.5082702308628,33.6203864023746],[-84.5086632312621,33.6201424025861],[-84.5088492304198,33.6200194024677],[-84.5090812309992,33.619847402357],[-84.5100512314202,33.6190654016717],[-84.5104754537914,33.618728603213],[-84.5109732309573,33.6183334020057],[-84.5109752150379,33.618261307873],[-84.5113410393075,33.6186050159278],[-84.511347595998,33.6186111759073],[-84.5113493095955,33.6186125281472],[-84.5113502430577,33.6186133758218],[-84.511421110111,33.6186732954366],[-84.5114968860631,33.6187290806879],[-84.5115767501801,33.618780046782],[-84.5116606984181,33.6188265327507],[-84.5117479178786,33.6188681991204],[-84.5118392230339,33.6189047027797],[-84.5119321455797,33.6189357070731],[-84.5120283336343,33.6189615491286],[-84.5121261401007,33.6189818854939],[-84.512224748855,33.6189963821221],[-84.5123249767898,33.6190050349252],[-84.5126510830652,33.6190243909345],[-84.5127496782303,33.6190354545202],[-84.5128474774955,33.6190533882826],[-84.5129428441098,33.619078541244],[-84.5130357699612,33.619110227261],[-84.5131246169406,33.619148457239],[-84.5132093825814,33.6191928804436],[-84.5132884222711,33.61924350059],[-84.5133633797629,33.6192992869802],[-84.5134309671924,33.6193605923757],[-84.5134928250347,33.6194263770702],[-84.5135481285339,33.6194963034554],[-84.5135952359859,33.6195700317064],[-84.5139897103559,33.6202539374853],[-84.5149802503328,33.6219700932636],[-84.5150185272192,33.6220364061187],[-84.515071449282,33.6221266098454],[-84.5151219161293,33.6222178501725],[-84.5151715588795,33.6223094327291],[-84.5152237130344,33.622412004959],[-84.5152742278411,33.6225156078862],[-84.5153173112781,33.6226092727898],[-84.515355437386,33.6226960809243],[-84.5153902717428,33.6227801491337],[-84.5154209876906,33.622861482457],[-84.5154475744227,33.6229376698614],[-84.5154700351857,33.6230087185541],[-84.515566482328,33.6233014857593],[-84.5155667647889,33.6233715645788],[-84.515595101767,33.6234738593772],[-84.5156242607009,33.6235768389207],[-84.5156550644028,33.6236798120111],[-84.5156858671121,33.6237827877998],[-84.5157174887055,33.6238854168296],[-84.5157499359529,33.6239880408141],[-84.5158297550784,33.6242306974874],[-84.5158613206481,33.624318553667],[-84.5158920309639,33.6243985100153],[-84.515923546606,33.6244750296192],[-84.5159525681147,33.6245429687518],[-84.516366294974,33.6254682628611],[-84.516457295627,33.6256717802176],[-84.5165492125862,33.625653655435],[-84.5166419512849,33.6256372477434],[-84.5167355192509,33.6256225517095],[-84.5168217091461,33.6256109710248],[-84.5169079045853,33.6256007662126],[-84.5170088881924,33.6255912029168],[-84.5170950964192,33.6255844333003],[-84.5172108750173,33.625578265986],[-84.5172979208813,33.6255752700475],[-84.5173997591323,33.6255739533874],[-84.5174868202932,33.6255747343677],[-84.5175730668224,33.6255768944479],[-84.5184019211335,33.6256164496131],[-84.5185078863663,33.6256209577138],[-84.5186524528171,33.6256246706022],[-84.5191830481855,33.6256327784111],[-84.5191638366708,33.6255538198431],[-84.519147063124,33.6254690133057],[-84.5191344345941,33.6253931277951],[-84.5191250912537,33.6253172347235],[-84.5191173912542,33.6252409907259],[-84.5191129361776,33.6251551184657],[-84.5191032885868,33.6243993662294],[-84.5204034042138,33.6244021799989],[-84.5204201793445,33.6232560364014],[-84.520492244597,33.6227599459547],[-84.5206756366438,33.6223100251528],[-84.5208967069206,33.6220149608083],[-84.5213769047122,33.6216726630727],[-84.5215792580235,33.6213311619479],[-84.5215946194678,33.6207097154995],[-84.522099823264,33.620711852497],[-84.5221877297598,33.6207191567525],[-84.5222732081545,33.6207354025783],[-84.5223562538027,33.6207602401446],[-84.5224344112938,33.6207933374906],[-84.52250767028,33.620834008484],[-84.5225743879297,33.6208819107176],[-84.522633742346,33.620936363101],[-84.5227516888274,33.6210590105289],[-84.5228327946207,33.6210106828102],[-84.5229163944195,33.6209702473887],[-84.5229959332179,33.6209397861657],[-84.5230771342594,33.620914130513],[-84.5231608166443,33.6208932771647],[-84.5232461591375,33.6208772284835],[-84.5233315224908,33.6208659891929],[-84.5234185506248,33.620859897186],[-84.5235056007332,33.6208586163673],[-84.523592668847,33.6208624875796],[-84.5236797592928,33.6208715108102],[-84.5237980958243,33.6208890339768],[-84.5239114917458,33.6209041629387],[-84.5240125576691,33.6209165845389],[-84.5241012932056,33.6209259471576],[-84.5242023456707,33.6209356194487],[-84.5243165402604,33.6209452491479],[-84.5244315501167,33.6209531623082],[-84.5245334090065,33.6209587086577],[-84.5246221183357,33.6209622308598],[-84.5247371097643,33.6209656769145],[-84.5248266343271,33.6209674789279],[-84.5249284729973,33.62096786926],[-84.5254491263059,33.6209674952766],[-84.5257168782008,33.6209673025893],[-84.52568471378,33.6207358515457],[-84.5256703993002,33.6206506960746],[-84.5256561421777,33.6205796254256],[-84.5256352374824,33.6204903675404],[-84.5255224372424,33.6200245132646],[-84.5255090154807,33.6199565319947],[-84.5254737952282,33.6197804008885],[-84.5254253036461,33.6195730428385],[-84.5253809885636,33.6193828512752],[-84.5253037713414,33.6189665980949],[-84.5252692709197,33.6187806131596],[-84.5252449174997,33.6186508251672],[-84.5252305980697,33.6185577764037],[-84.5252145320843,33.6184533788635],[-84.5251651328835,33.6182240405627],[-84.5251457969064,33.6181315437176],[-84.5250855385642,33.617843290121],[-84.5250576473281,33.6176530516925],[-84.5250295735665,33.6174171216143],[-84.5250111980698,33.6171444059122],[-84.5250206862553,33.6168571827405],[-84.5250360525538,33.6166015451879],[-84.5250863170763,33.6162461808856],[-84.5251064262122,33.6161444366751],[-84.5253959842292,33.614678067133],[-84.5254055439148,33.6146058948966],[-84.5254125517605,33.6145134659015],[-84.5254170689813,33.6144145142252],[-84.5254175151102,33.614324504506],[-84.5254147562525,33.6142527133307],[-84.5254069101632,33.6141428034287],[-84.5253974786609,33.6140466404933],[-84.5253848264872,33.6139659442457],[-84.5253672152212,33.6138780499077],[-84.5253496734208,33.6138056163218],[-84.5253238561199,33.6137191190146],[-84.5252939394065,33.6136336650977],[-84.5252599225625,33.6135495990085],[-84.5252284304703,33.6134802949667],[-84.5245554585063,33.6121867628761],[-84.5243665223839,33.6118428401526],[-84.5243502644487,33.6118132438074],[-84.5241981591998,33.6115683981817],[-84.5241618321074,33.6115217821518],[-84.5240487256013,33.6113740436623],[-84.5239900991886,33.6112958857031],[-84.5239372443375,33.6112238974155],[-84.5237961176996,33.6110518484849],[-84.5237778964824,33.6110141111231],[-84.5236952199329,33.6108779647003],[-84.5235324149104,33.6106322879902],[-84.5262777132371,33.6093586088527],[-84.5264393622608,33.6095895808777],[-84.5265688098605,33.609775539334],[-84.5267612837059,33.6100510458714],[-84.5267893700292,33.6100912264613],[-84.5268108466484,33.6101216701992],[-84.5268323238565,33.6101522518871],[-84.5268637205465,33.6101986064861],[-84.5268843777865,33.6102294646603],[-84.5269149545301,33.6102760966429],[-84.5269447113039,33.6103230060155],[-84.526973648677,33.6103703298311],[-84.5269967973899,33.610407639403],[-84.5270216062089,33.6104494786414],[-84.527039804694,33.610481443088],[-84.5270671027342,33.6105294587296],[-84.5270844812486,33.6105617005679],[-84.5271109599083,33.6106101315519],[-84.5271283396,33.6106426483899],[-84.5271448987251,33.6106753046705],[-84.527163939619,33.6107123511691],[-84.5271854754438,33.6107569482052],[-84.5272020357575,33.6107898794837],[-84.52721695321,33.6108226784941],[-84.5272401531339,33.6108724922499],[-84.5272550723311,33.6109057033139],[-84.5272766299937,33.6109555218491],[-84.5272907297821,33.6109891473609],[-84.5273081428072,33.6110296339494],[-84.5273189282507,33.6110561242741],[-84.527332206918,33.6110897521744],[-84.5273446655867,33.6111236574738],[-84.5273596094769,33.6111627771055],[-84.5273762214466,33.6112080755349],[-84.5273886807208,33.6112421178813],[-84.5274003194237,33.611276300575],[-84.527411136405,33.6113103477078],[-84.52742028189,33.6113373919227],[-84.527422775697,33.6113446674512],[-84.5274335938415,33.6113789895881],[-84.5274444119947,33.6114133117238],[-84.5274544089991,33.6114476362532],[-84.5274644060153,33.6114819616833],[-84.5274735835944,33.6115167006646],[-84.5274835817684,33.6115513001974],[-84.5274927593629,33.6115860391768],[-84.5275178275693,33.6116899891909],[-84.5275261851784,33.6117250055687],[-84.5275337209945,33.6117596122792],[-84.5275404362954,33.6117946334465],[-84.527547972763,33.6118296522177],[-84.5275546880754,33.6118646733837],[-84.527563940178,33.6119172760537],[-84.5275698343454,33.6119523005158],[-84.5275757302312,33.6119877361345],[-84.5275808032417,33.6120227620897],[-84.5275858774026,33.6120580630509],[-84.5275934883645,33.6121109455149],[-84.5275977402257,33.6121459738645],[-84.5276011720723,33.6121812796162],[-84.5276037088738,33.6121988611189],[-84.5277033588323,33.613055764938],[-84.5277544352561,33.6134887480727],[-84.5278021375132,33.613900166719],[-84.5278787836996,33.6145567859954],[-84.5280842276803,33.6162384865809],[-84.5280853948127,33.616248033668],[-84.5280849421623,33.6162480304822],[-84.5280847147613,33.6162480293433],[-84.5280842696548,33.6162480261355],[-84.5280838320884,33.616248022004],[-84.5280833869743,33.6162480169928],[-84.5279219108316,33.616246204763],[-84.5279214581737,33.6162461997733],[-84.5279210065935,33.6162461947805],[-84.5279207748779,33.6162461927522],[-84.5279203222238,33.6162461886642],[-84.5279214925902,33.6162557402518],[-84.5280495497564,33.6173011500667],[-84.5281702854305,33.6182881238567],[-84.5281838868802,33.6183987028455],[-84.5281906993805,33.6184568091227],[-84.5281975095974,33.6185143662883],[-84.5282043221167,33.6185724725636],[-84.5282111329248,33.6186301667796],[-84.5282187649685,33.6186878585941],[-84.5282263987473,33.6187459633675],[-84.528234030812,33.6188036551798],[-84.528242484115,33.6188613445904],[-84.52825011735,33.6189193114067],[-84.5282585706757,33.618977000815],[-84.5282656106989,33.6190250482838],[-84.5282670184739,33.6190346541714],[-84.5282670240131,33.6190346902221],[-84.5282665669092,33.6190346563932],[-84.5282656451535,33.619034587856],[-84.5282654510983,33.6190345730949],[-84.5269608075202,33.6189376744811],[-84.5269606641374,33.6189376640787],[-84.5269603536505,33.618937640638],[-84.5269603548746,33.6189376757995],[-84.5269603584642,33.6189377614478],[-84.5269606984482,33.6189472036523],[-84.5269902510235,33.6197672643464],[-84.5283376377164,33.6198674801916],[-84.5284142444517,33.6198731774346],[-84.5284209582977,33.6199068333801],[-84.5284299409431,33.619951867178],[-84.5284318585537,33.6199614787844],[-84.5284302901739,33.6199614193531],[-84.5284299754172,33.6199614067486],[-84.5269958426014,33.619902482378],[-84.5269955364858,33.6199024742531],[-84.5269953910209,33.6199024818902],[-84.5269950838163,33.6199024710634],[-84.5269950862383,33.619902535075],[-84.5269954253294,33.619912019659],[-84.5269983328936,33.6199932760298],[-84.5269991598589,33.6200164005625],[-84.5270378343345,33.6210971686868],[-84.5270382870028,33.6210971700729],[-84.5287343930858,33.6211052503127],[-84.52873484468,33.6211052525974],[-84.5287352973483,33.6211052539773],[-84.5287359483309,33.6211052565801],[-84.5287363999176,33.6211052570614],[-84.5287713907083,33.6212242940976],[-84.5287905582418,33.621290884022],[-84.5288089034073,33.6213572022427],[-84.5288280692763,33.6214233801013],[-84.5288512653932,33.6215069195325],[-84.5288539178735,33.6215164703692],[-84.5288534662808,33.6215164689866],[-84.5288528131396,33.6215164663909],[-84.5288523604692,33.6215164650114],[-84.5288519088728,33.6215164627271],[-84.5288517525901,33.6215164613814],[-84.5288512999159,33.6215164591003],[-84.5288508483195,33.621516456816],[-84.5286090682167,33.6215151502465],[-84.5286086155425,33.6215151479645],[-84.5286081639461,33.6215151456793],[-84.5286071637512,33.6215151404912],[-84.528606711077,33.6215151382091],[-84.5286086500386,33.6215246875325],[-84.528762847731,33.6222841997232],[-84.5288126511867,33.6225279646323],[-84.5291004135463,33.6233283058458],[-84.5291004691626,33.62332846077],[-84.529100492064,33.6233285247215],[-84.5291009218311,33.6233284594435],[-84.5293494954232,33.6232907767484],[-84.5293505552993,33.6232906158482],[-84.5293509882993,33.6232905505599],[-84.529351006886,33.6232906136223],[-84.5294643707367,33.6236933933264],[-84.5296712852489,33.624425756146],[-84.5298707021771,33.6251320317974],[-84.5299769285834,33.6255115345204],[-84.5301612095787,33.6261719572527],[-84.5301761735591,33.6262149237985],[-84.5301919784766,33.6262625603207],[-84.5302086035549,33.6263099194204],[-84.5302244090875,33.6263576938911],[-84.5302393944901,33.6264057448777],[-84.5302543781786,33.6264533838043],[-84.5302693636148,33.6265014347864],[-84.5302835283432,33.6265496252329],[-84.5303000381953,33.6266085278259],[-84.5303103790042,33.626645737262],[-84.5303168871979,33.6266699026976],[-84.5303295737859,33.6267182354389],[-84.5303417683982,33.6267667066789],[-84.5303537991987,33.6268151793006],[-84.5303651725352,33.6268636529525],[-84.5303763826348,33.6269122650383],[-84.5303869358485,33.6269610161083],[-84.5303971614147,33.6270097681406],[-84.5304021914603,33.6270340758728],[-84.5304119239745,33.627082966407],[-84.5304211639357,33.6271318592903],[-84.5304299113354,33.6271807527197],[-84.53043412067,33.6272051999175],[-84.5304423750181,33.6272542327509],[-84.5304501378846,33.6273032670291],[-84.5304575715235,33.6273524402301],[-84.5304645130956,33.6274014760207],[-84.5304709616118,33.6274506521179],[-84.5304770819686,33.6274999653317],[-84.5304828740985,33.6275491433583],[-84.5304854420025,33.6275738703904],[-84.530490577239,33.6276231874022],[-84.5304952199068,33.6276725049606],[-84.5304995338436,33.6277218243873],[-84.5305033552139,33.6277711452625],[-84.5305068484245,33.6278206041563],[-84.530509849067,33.6278700644987],[-84.5305123560629,33.6279195262929],[-84.5305145348225,33.6279688519986],[-84.5305154601207,33.6279935838609],[-84.5305169819776,33.6280430485523],[-84.5305181767489,33.6280926512592],[-84.5305188772941,33.6281421183661],[-84.5305189174032,33.6281516588077],[-84.5305190451607,33.6281820473818],[-84.53051908527,33.6281915878234],[-84.5305189851672,33.6282323850328],[-84.5305189645004,33.6282410573458],[-84.5305190252689,33.6282419236709],[-84.5305222846762,33.6282880642048],[-84.5305224577414,33.6282905162352],[-84.5305223247746,33.6282976019412],[-84.5305219204191,33.6283190998208],[-84.5305212198442,33.6283478218418],[-84.5305201910241,33.6283764068731],[-84.5305189967952,33.6284051303463],[-84.5305174743205,33.6284337168296],[-84.5305137735401,33.6284910296808],[-84.5305109752975,33.6285286898049],[-84.5305095785211,33.6285482060299],[-84.5305064134056,33.6285767982468],[-84.5305040690281,33.6286052500936],[-84.5305009039051,33.6286338414084],[-84.530495333742,33.6286764562417],[-84.5304913467166,33.6287049129203],[-84.5304873602648,33.6287335066506],[-84.5304809687674,33.6287761238988],[-84.5304769817331,33.6288045805765],[-84.5304721722179,33.6288327646644],[-84.5304665425333,33.6288612261737],[-84.530461733588,33.628889547313],[-84.5304528780978,33.6289321718069],[-84.5304440208671,33.6289743842423],[-84.5304383900086,33.6290025707442],[-84.5304319366702,33.6290304855575],[-84.5304214367708,33.6290727028225],[-84.5304141632494,33.6291008941544],[-84.5304068885675,33.6291288104801],[-84.5303955661632,33.6291707551525],[-84.5303793735436,33.6292264555798],[-84.5303672280556,33.629267990607],[-84.5303583101159,33.6292957747082],[-84.5303493910149,33.629323283803],[-84.5303404736398,33.6293512049547],[-84.5303307332002,33.6293787164633],[-84.5303209927545,33.6294062279711],[-84.5303112511509,33.629433465374],[-84.5302877156233,33.6295011417035],[-84.5302641799895,33.6295685448225],[-84.5302398218305,33.629635674444],[-84.530214641728,33.6297026694226],[-84.5301886402559,33.6297696668098],[-84.5301626393196,33.6298368012431],[-84.5301366366128,33.629903523613],[-84.5301098113821,33.6299699742867],[-84.5300821641978,33.6300362894142],[-84.5300634599007,33.6300807290204],[-84.5300358126462,33.6301470441368],[-84.5300162852367,33.6301910740912],[-84.5299869940855,33.6302571190167],[-84.5299674654722,33.6303008739573],[-84.5299479379976,33.630344904802],[-84.5298365001748,33.6306038460087],[-84.5296674353923,33.6309881412374],[-84.529600422587,33.631043575943],[-84.5295947509968,33.6310482677392],[-84.52960045721,33.6310531163969],[-84.5299635400887,33.6313615886224],[-84.5305452304801,33.6318703742744],[-84.5308757980757,33.6321559099125],[-84.5312987423224,33.6324925664981],[-84.5315009117381,33.6326385364139],[-84.531501503154,33.6326389629616],[-84.5315017453444,33.6326391380724],[-84.5315019558673,33.6326389607243],[-84.53156488771,33.6325860833556],[-84.5315653828678,33.6325856662254],[-84.5315655858756,33.6325854961128],[-84.5315658345067,33.6325856648928],[-84.5315837078983,33.6325978099214],[-84.5316067737178,33.6326138186014],[-84.5316248945962,33.6326258583001],[-84.5316636039116,33.6326507527279],[-84.5316973723523,33.6326726402374],[-84.5317278426168,33.6326915132783],[-84.5317583140548,33.632710661317],[-84.5317953691355,33.6327328132034],[-84.5323239967619,33.6330422204129],[-84.5323272195916,33.6330442279153],[-84.5323272855151,33.6330442682954],[-84.5323277328028,33.6330442570545],[-84.5323962766124,33.6330420066713],[-84.5323995533483,33.633039935767],[-84.532402008722,33.6330378672918],[-84.5324052837121,33.6330353834285],[-84.5324085575434,33.6330326254614],[-84.5324167316669,33.6330232572982],[-84.5325642045753,33.6327402968316],[-84.5325853983708,33.6327020331434],[-84.5325935480374,33.6326868934621],[-84.5326106803427,33.6326593599179],[-84.5326196525183,33.6326444919081],[-84.5326384188053,33.6326148923109],[-84.5326482129165,33.6326001607234],[-84.5326604617919,33.6325832217996],[-84.5326727112498,33.6325664217297],[-84.533045092789,33.6320555103903],[-84.5330704086773,33.6320209447691],[-84.5330834775801,33.6320037292656],[-84.5331014513134,33.6319810026572],[-84.5331275908345,33.6319469836996],[-84.5332738297467,33.6317617280891],[-84.5337877081675,33.6311116065215],[-84.5338146696679,33.6310778599845],[-84.5338432767483,33.6310447956272],[-84.5338718855554,33.6310121433205],[-84.533900495508,33.6309797660125],[-84.5339610065478,33.6309163757446],[-84.5339929076334,33.6308853627831],[-84.534024811613,33.630855036876],[-84.5340567167338,33.6308249850645],[-84.5340902673446,33.6307953413201],[-84.5341238180223,33.6307659725751],[-84.5341581935169,33.630737425495],[-84.5341933932463,33.6307095630272],[-84.534228594121,33.6306819755548],[-84.5342646174806,33.6306546606364],[-84.5343014650751,33.6306280303286],[-84.5343383161483,33.6306022241246],[-84.5343759897062,33.6305766904728],[-84.5344144874998,33.63055184143],[-84.5344529870224,33.6305274044325],[-84.5344923101986,33.6305035149911],[-84.5345324581937,33.6304804472086],[-84.5345726073365,33.6304576544186],[-84.5346127616264,33.6304358236805],[-84.5346537379071,33.630414402546],[-84.5346955372564,33.6303933910111],[-84.5347373406771,33.6303733415302],[-84.5347799665806,33.6303535636942],[-84.5348225959781,33.6303346117615],[-84.5348660490252,33.6303162055763],[-84.5349095038108,33.6302982123349],[-84.5349537845913,33.6302813157523],[-84.5349980665249,33.6302646941593],[-84.535042351366,33.6302487596133],[-84.5350874616214,33.6302337846727],[-84.5351325736155,33.6302192217731],[-84.5351785109327,33.6302053434691],[-84.535223567301,33.6301777263453],[-84.5352220756198,33.6292481213032],[-84.5352220446911,33.6292385808394],[-84.5352206194699,33.6287176270668],[-84.5352205928535,33.6287080865893],[-84.5352205673151,33.6286985461086],[-84.5352195778074,33.6282766077512],[-84.5352195096704,33.6280677372771],[-84.5352194690432,33.6280581968404],[-84.5352192432574,33.6280051757795],[-84.5352192430884,33.6280051361066],[-84.5352192026303,33.6279956353427],[-84.5352192024728,33.6279955983748],[-84.5352196552039,33.6279956060423],[-84.5355719537839,33.6280034641628],[-84.5355724054449,33.6280034736356],[-84.5355728581798,33.6280034822035],[-84.5358427848129,33.6280079875736],[-84.5358432364662,33.6280079952421],[-84.5358436891935,33.6280080020057],[-84.5358443273246,33.6280080118225],[-84.5358447778923,33.6280080176909],[-84.5362505767057,33.627176824909],[-84.5371431448276,33.6270879043477],[-84.5371478939292,33.6270874311719],[-84.5371431104607,33.6270783647938],[-84.536939282527,33.6266920167718],[-84.5369350902329,33.6266840693895],[-84.5369392471014,33.6266824763187],[-84.5394265148572,33.6257291756324],[-84.5394274036728,33.6257288348277],[-84.5394277673788,33.6257286957761],[-84.5394278552756,33.6257288334666],[-84.5409265641868,33.6280788385662],[-84.5409268430866,33.6280792759331],[-84.5409269570318,33.6280794541187],[-84.5409272957755,33.6280792736615],[-84.5410293865041,33.6280248654585],[-84.5411613175967,33.6279547968021],[-84.5412276934785,33.6279198301561],[-84.5413604474578,33.6278504458666],[-84.5414940219409,33.6277809218943],[-84.5415603993387,33.6277463671277],[-84.5416939775505,33.627677529098],[-84.5417742914472,33.6276370233206],[-84.5418751111954,33.6275902716378],[-84.5420590454795,33.6275049286708],[-84.5420939692257,33.6274901191505],[-84.5421694024912,33.6274603460673],[-84.542207120056,33.6274458030414],[-84.5422325406495,33.6274365189102],[-84.5422587825452,33.6274272322795],[-84.5422965042558,33.6274136512942],[-84.5423227473312,33.6274046396553],[-84.5423481708823,33.6273960425629],[-84.542386716855,33.6273831461178],[-84.5424260847183,33.6273703842172],[-84.542464633651,33.6273581748104],[-84.542504005669,33.6273463749528],[-84.5425433794657,33.6273349871398],[-84.5425840656538,33.6273235042568],[-84.5425852153824,33.6273231797681],[-84.5425840285272,33.6273139638138],[-84.5424181432782,33.6260250338384],[-84.5424169173626,33.6260155015133],[-84.5424173700405,33.6260154992363],[-84.5424176567312,33.626015496562],[-84.5424181083275,33.6260154933866],[-84.5424185610016,33.626015490208],[-84.5448472136675,33.6259973867022],[-84.5448476652636,33.625997383518],[-84.5448481179373,33.6259973803305],[-84.5448487689249,33.6259973756348],[-84.5448492205209,33.6259973724506],[-84.5449445236448,33.6260046387813],[-84.5449561402024,33.626069187978],[-84.5449601814686,33.6260919869339],[-84.5449606341508,33.6260919855493],[-84.545173893315,33.626091469216],[-84.5451740118746,33.6260914688532],[-84.5451743449194,33.6260914678339],[-84.545174463479,33.626091467471],[-84.5451747976015,33.6260914664485],[-84.5451749161611,33.6260914660856],[-84.5451755671651,33.6260914649949],[-84.5451760187695,33.6260914636128],[-84.5451743085909,33.6260819282901],[-84.5451574984112,33.6259881845489],[-84.5451474025352,33.6259332497193],[-84.5451364853796,33.6258783174015],[-84.5451258179644,33.6258250352734],[-84.5451255700399,33.6258237971392],[-84.5451257762605,33.625815497549],[-84.5451297617561,33.6256554508693],[-84.545130744146,33.6256171098083],[-84.5451549568518,33.6246556808937],[-84.5451554095225,33.6246556786068],[-84.5481275847009,33.6246348770332],[-84.5481280362895,33.6246348738371],[-84.548128488956,33.6246348706376],[-84.5481291399329,33.6246348659248],[-84.5481295915216,33.6246348627286],[-84.548130044188,33.6246348595291],[-84.5496374037538,33.6246244395489],[-84.5496378553423,33.6246244363472],[-84.5496383080086,33.6246244331422],[-84.5496389589813,33.6246244275198],[-84.5496394105698,33.6246244243182],[-84.5496398632361,33.6246244211131],[-84.5496674617955,33.6246242094176],[-84.549667913384,33.6246242062158],[-84.5496683660503,33.6246242030107],[-84.549669017023,33.6246241973882],[-84.5496694686115,33.6246241941864],[-84.5496699212777,33.6246241909812],[-84.5501503653993,33.6246203777362],[-84.5501508169877,33.6246203745327],[-84.5501512696539,33.6246203713258],[-84.5501519206305,33.6246203666024],[-84.5501523722189,33.6246203633988],[-84.5501719437599,33.6247119789777],[-84.5501719822817,33.624712159192],[-84.5501719976985,33.6247122330811],[-84.5501724349564,33.6247121577884],[-84.5502862348167,33.6246925028428],[-84.5505411914867,33.6246614806265],[-84.5507952355672,33.6246470865885],[-84.5507956882255,33.624647081576],[-84.5515161589742,33.6246360577529],[-84.5515166105465,33.6246360509377],[-84.5515170631967,33.6246360441192],[-84.5518144315213,33.6246312818482],[-84.5518148830936,33.624631275032],[-84.5518153357437,33.6246312682124],[-84.5522945264972,33.6246238772283],[-84.5522949780734,33.624623871312],[-84.552480168473,33.6246028177635],[-84.5526455991987,33.6245711083723],[-84.5527781700494,33.6245375780894],[-84.5529387157354,33.624478537751],[-84.5531505090338,33.6243823731674],[-84.5532760061442,33.6243098384343],[-84.5534351702007,33.6241991343544],[-84.5535698304046,33.6240817730644],[-84.5536834291393,33.6239565076841],[-84.5537923161736,33.6238061103082],[-84.5538976272913,33.6236274161409],[-84.5539877002531,33.6234574274244],[-84.5541899098311,33.6230560933281],[-84.5543538456669,33.6227279825605],[-84.5544635524941,33.6225044773999],[-84.5546507553608,33.6221275120756],[-84.5547416606917,33.6219479300193],[-84.5547419672931,33.6219473231358],[-84.5547420933574,33.6219470747813],[-84.5547424188753,33.6219473217189],[-84.554811577616,33.6219997107744],[-84.5548116446636,33.6219997610574],[-84.5548116160659,33.6220092476058],[-84.5548113834012,33.6220881200198],[-84.5548109214157,33.622204785702],[-84.5548047926766,33.6238783778904],[-84.5548045705467,33.623902151081],[-84.5547993151144,33.624572275944],[-84.5547992404147,33.6245818167332],[-84.5547993525014,33.6245818154798],[-84.5547996930764,33.6245818126077],[-84.554799805163,33.6245818113542],[-84.5557162265014,33.6245742767173],[-84.5557166780851,33.6245742725917],[-84.5557171307467,33.6245742684628],[-84.5557177084323,33.6245742639406],[-84.5557177817224,33.6245742637101],[-84.5557181600201,33.6245742607168],[-84.5557182333101,33.6245742604862],[-84.5557181975123,33.6245838011532],[-84.5557045333703,33.628213864863],[-84.5557041191149,33.6283044224828],[-84.5556948863851,33.6308008053201],[-84.5556948505891,33.6308103459775],[-84.5556949238885,33.6308103466486],[-84.5556953033076,33.6308103472584],[-84.555695376607,33.6308103479295],[-84.5611312968822,33.6308366672731],[-84.5611317485268,33.6308366694391],[-84.5611322012494,33.6308366716017],[-84.5611328523086,33.630836674935],[-84.5611333039533,33.6308366771011],[-84.5611337566758,33.6308366792637],[-84.5621884002216,33.6308418089644],[-84.5621888518663,33.6308418111267],[-84.5621893045889,33.6308418132854],[-84.562189955644,33.6308418157115],[-84.5621904072763,33.6308418151687],[-84.5621908599701,33.6308418110159],[-84.5622939329301,33.6308403912023],[-84.5622943845418,33.6308403861509],[-84.5623115280839,33.6307457896842],[-84.5623244731417,33.6306667342596],[-84.562333013859,33.6306305672061],[-84.562359496707,33.6305304451869],[-84.5623936955673,33.6304653381659],[-84.5624926027523,33.6303926664351],[-84.5624956923557,33.6303903960661],[-84.5624925623484,33.630383126022],[-84.5624711196407,33.6303333108058],[-84.5624389739721,33.6302366737904],[-84.5624036207978,33.630121221115],[-84.562385478745,33.6300334711876],[-84.5623736219755,33.6299551830801],[-84.5623681057584,33.6298984488799],[-84.5623651928642,33.6298363468379],[-84.5623651492417,33.6298268064342],[-84.5623648557335,33.6297626149619],[-84.5623648121153,33.6297530754597],[-84.562364360501,33.629753078708],[-84.5623637094954,33.6297530852993],[-84.5623632568073,33.6297530894527],[-84.5623628052013,33.6297530945043],[-84.5622755793524,33.629754040796],[-84.5622751266686,33.6297540458507],[-84.5622746750584,33.6297540500004],[-84.5622740240527,33.6297540565912],[-84.5622735713647,33.6297540607443],[-84.5622731197545,33.629754064894],[-84.561346899154,33.6297624992211],[-84.5613464464658,33.6297625033708],[-84.5613459948556,33.6297625075171],[-84.5613458590495,33.6297625088522],[-84.5613454063572,33.6297625121002],[-84.5613464083451,33.6297529629486],[-84.5613886979089,33.6293498574288],[-84.561389150599,33.6293498541806],[-84.5622684425896,33.6293418365733],[-84.5622688941976,33.6293418324237],[-84.5622693468876,33.6293418291722],[-84.5622699978943,33.6293418234831],[-84.5622704495147,33.6293418220385],[-84.5622709022377,33.6293418260003],[-84.5623563303665,33.6293428925774],[-84.5623567820157,33.629342897444],[-84.5623572347428,33.6293429023071],[-84.5623578858031,33.629342908339],[-84.5623583374441,33.6293429114023],[-84.5623611496516,33.6292394315468],[-84.5623685823924,33.6291406066418],[-84.5623808806644,33.6290278876995],[-84.5623945916259,33.6289370125409],[-84.5624217840018,33.6288125657296],[-84.5624477841368,33.6286789157976],[-84.5624689389912,33.6285994228992],[-84.5625150752593,33.628450867054],[-84.5625594627455,33.6283149599709],[-84.5625892915758,33.6282193553332],[-84.5625921650404,33.6282101455171],[-84.5625892533163,33.6282098140083],[-84.562504072487,33.6282001223445],[-84.5625036208933,33.6282001282982],[-84.5625031164936,33.6282001362243],[-84.5625026638261,33.6282001430831],[-84.5625022122364,33.6282001499385],[-84.5582140941543,33.6282659826389],[-84.5582140478072,33.6282659827856],[-84.5582136414778,33.6282659876788],[-84.5582135951347,33.6282659887271],[-84.5582136037129,33.628256449054],[-84.5582136522407,33.6282059464835],[-84.5582139944435,33.6279911645042],[-84.5582144471186,33.6279911594644],[-84.5625899003165,33.6279240788526],[-84.5625903519047,33.6279240719969],[-84.5625908045707,33.6279240651378],[-84.5625913898023,33.6279240560509],[-84.5625918413946,33.6279240500968],[-84.5626729756126,33.6279462057886],[-84.5626739900611,33.627946482959],[-84.5626744055517,33.6279465961404],[-84.5626744427479,33.6279464806078],[-84.56271553685,33.627817157163],[-84.5627830563084,33.6276032618968],[-84.5627960142049,33.6275632323297],[-84.5628522004331,33.6273855130651],[-84.5628609585447,33.62736116252],[-84.5629035707715,33.627232543752],[-84.5629768280456,33.6269991773984],[-84.5629798270481,33.6269896254375],[-84.56297937544,33.6269896268847],[-84.5629787244346,33.6269896289708],[-84.5629782717487,33.6269896304214],[-84.5629778201406,33.6269896318686],[-84.5629772424272,33.6269896337198],[-84.5629767897413,33.6269896351704],[-84.5629763381332,33.6269896366176],[-84.5628892790886,33.6269899155624],[-84.5628888263985,33.626989916111],[-84.5628883747821,33.6269899157546],[-84.5628877237561,33.6269899133319],[-84.5628872710578,33.6269899120772],[-84.5628868194332,33.6269899099174],[-84.5614997507263,33.6269839226324],[-84.561499298028,33.6269839213726],[-84.5613947479108,33.6273628275776],[-84.5613196071647,33.627635148354],[-84.5613191555614,33.6276351515984],[-84.5613185045634,33.6276351563808],[-84.5613180518822,33.6276351596287],[-84.5613176002789,33.6276351628731],[-84.5608524453546,33.627638685907],[-84.5608519926734,33.6276386891532],[-84.56085154107,33.6276386923959],[-84.5608502800313,33.6276387018252],[-84.560849827346,33.6276387041697],[-84.5608519546023,33.6276291469238],[-84.5610763097723,33.6266211189117],[-84.5615732940977,33.6266048295013],[-84.5630251055907,33.6265569403398],[-84.5630260711837,33.6265569083919],[-84.5630264666893,33.6265568954027],[-84.5630265238674,33.6265569069411],[-84.5631090258884,33.6265739139575],[-84.5631100615894,33.6265741279396],[-84.5631104844989,33.6265742149474],[-84.5631105131912,33.6265741255903],[-84.5631323441813,33.626505299825],[-84.563151452754,33.6264454633953],[-84.5631679575051,33.6263908568688],[-84.5631740700897,33.6263626673627],[-84.563186015224,33.6263016294273],[-84.5631878740625,33.626292127101],[-84.5631874224168,33.6262921195323],[-84.5631864296378,33.6262920983703],[-84.5631859769018,33.6262920881001],[-84.5631855252437,33.6262920778265],[-84.5631012594752,33.6262902200258],[-84.5631008067516,33.6262902124603],[-84.5631003551348,33.6262902112029],[-84.5630997041347,33.6262902132896],[-84.5630992514524,33.6262902147407],[-84.563098799848,33.6262902161882],[-84.5616481834833,33.6262952695453],[-84.5616477308009,33.626295270991],[-84.5616472791964,33.6262952724333],[-84.5616459233091,33.6262952776651],[-84.5616454706268,33.6262952791109],[-84.5616476926484,33.6262857296621],[-84.561671796525,33.6261821267662],[-84.5616730185369,33.6261768769588],[-84.561671754071,33.6261725881559],[-84.56152448555,33.6256730447126],[-84.5615216916974,33.6256635644773],[-84.5615221443477,33.6256635567205],[-84.5615239969379,33.6256635156408],[-84.5615244484981,33.6256635051825],[-84.561524901136,33.6256634947207],[-84.5630445542737,33.6256294620099],[-84.5630450058334,33.625629451546],[-84.5630454584709,33.6256294410787],[-84.5630459143418,33.6256294306009],[-84.5630463659139,33.625629422842],[-84.5631404189336,33.6256416752957],[-84.5631425219413,33.6256419489728],[-84.5631436834496,33.6256421003362],[-84.5631441590515,33.6256421619283],[-84.5631441350465,33.6256420979869],[-84.5631403817035,33.6256321357673],[-84.5631040855983,33.6255357943746],[-84.5630768630985,33.6254739072805],[-84.5630193627911,33.6253642972488],[-84.5629009561581,33.6251901605952],[-84.5628350675318,33.6251139688205],[-84.5627419899129,33.6250189020028],[-84.5626562112438,33.6249393384692],[-84.5625495367764,33.6248521469252],[-84.5623952210202,33.6247274558707],[-84.5621312413376,33.6245082994934],[-84.5620168069126,33.6244122003659],[-84.5618980749315,33.6243100691775],[-84.561758518491,33.624179970628],[-84.5617199080433,33.6241418929805],[-84.5616268546376,33.6240516338193],[-84.5615180948964,33.623938752279],[-84.5614228497998,33.623835994718],[-84.5613627236886,33.6237622579183],[-84.56128528585,33.6236742848802],[-84.5612036873321,33.6235743698427],[-84.5611176224585,33.6234673241728],[-84.560998605507,33.623302118591],[-84.560929959078,33.6232084989948],[-84.5609298473688,33.6232083460672],[-84.5609295074895,33.6232085004343],[-84.560928677146,33.623208876372],[-84.5608510034652,33.6232440509787],[-84.5596388532059,33.6238025047087],[-84.559633128051,33.623805142246],[-84.5596388900472,33.6238120442438],[-84.559693724938,33.623877722457],[-84.5597016684149,33.6238872359647],[-84.5597012168228,33.6238872373997],[-84.5597005658404,33.6238872394684],[-84.5597001131706,33.6238872409069],[-84.5596996615785,33.623887242342],[-84.5596942133734,33.6238872596552],[-84.5596937607036,33.6238872610937],[-84.5596933091115,33.6238872625287],[-84.5595846780447,33.6238876076834],[-84.5595842253749,33.6238876091215],[-84.5595085763172,33.62225928363],[-84.5595081331507,33.6222497399729],[-84.559508538419,33.6222497449974],[-84.5595085858366,33.6222497439451],[-84.5595089911049,33.6222497489696],[-84.5600602652413,33.6222569016724],[-84.5600607168495,33.622256905646],[-84.560061169519,33.6222569060095],[-84.5604069229977,33.6222558058058],[-84.5604073745812,33.6222558043681],[-84.5604078272425,33.6222558029271],[-84.5604084782126,33.6222558008548],[-84.5604089298002,33.6222558003188],[-84.5604093824779,33.6222558024844],[-84.5608797381707,33.6222589667578],[-84.5608801897747,33.6222589698267],[-84.5608806424566,33.6222589728923],[-84.5647759654201,33.6222852380739],[-84.5647764170201,33.6222852402269],[-84.5648053538633,33.6234340709445],[-84.5648058065304,33.6234340694873],[-84.5649092905645,33.623433736322],[-84.564909742154,33.6234337348679],[-84.5649101948212,33.6234337334104],[-84.5649108457997,33.6234337313143],[-84.5649112973891,33.6234337298602],[-84.564925197335,33.6244388422725],[-84.5649253283991,33.6244483535475],[-84.5649252369279,33.6244483844988],[-84.5648644812705,33.6244686115811],[-84.5647629033856,33.6244899636759],[-84.5645953593674,33.6245254055196],[-84.5645441423547,33.6245323039531],[-84.5644717296105,33.6245378963992],[-84.5641219818352,33.6245644424711],[-84.564068118983,33.6245676379441],[-84.5638408264963,33.6245766129149],[-84.563790080505,33.6245788370794],[-84.5637335891612,33.6245816296859],[-84.5636530096664,33.624586027013],[-84.5636506595527,33.6245861553799],[-84.5636530469512,33.6245955665425],[-84.5636683910274,33.6246560426667],[-84.5636844239218,33.6247494328743],[-84.5637015097964,33.6248216584487],[-84.5637810282235,33.6251833525632],[-84.5638089993186,33.625336892559],[-84.5638678098943,33.6256601771007],[-84.5638692468334,33.6257226959478],[-84.5638782278958,33.6261049544818],[-84.564011456755,33.6261306884149],[-84.5640146855586,33.626131311914],[-84.564011495168,33.6261402297414],[-84.5639674916181,33.6262632440985],[-84.5638493040878,33.6266387653375],[-84.5637481151214,33.6269602273774],[-84.5636496772844,33.6272730244795],[-84.5635365075099,33.6276330007414],[-84.5634711859508,33.6278406525231],[-84.5634681837117,33.6278501981932],[-84.5634686364063,33.6278501976424],[-84.5634707737681,33.6278501943914],[-84.5634712253848,33.6278501938441],[-84.5634716780793,33.6278501932933],[-84.5649236884318,33.6278482643802],[-84.5649241400484,33.6278482638275],[-84.5649245927428,33.6278482632714],[-84.5649252437587,33.6278482620767],[-84.5649256953753,33.627848261524],[-84.5649261480698,33.6278482609679],[-84.5661081938645,33.6278466434995],[-84.566108645481,33.6278466429426],[-84.5661090981754,33.6278466423821],[-84.5661097491912,33.6278466411811],[-84.5661102008077,33.6278466406241],[-84.5661106535021,33.6278466400637],[-84.5674075187846,33.6278449124814],[-84.5674079704011,33.6278449119197],[-84.5674084230954,33.6278449113545],[-84.5674086515961,33.6278449106141],[-84.5674090956636,33.6278449091751],[-84.5674095289569,33.6278449086728],[-84.5674090644266,33.6278353696339],[-84.5672497825802,33.624543702751],[-84.5672493180807,33.6245341619029],[-84.5672497524477,33.6245341641027],[-84.567250197601,33.6245341680709],[-84.5674040484442,33.6245358264603],[-84.5674045000685,33.6245358313086],[-84.5674049527705,33.6245358361535],[-84.5674135271646,33.6245359282928],[-84.5674139787889,33.6245359331412],[-84.5674144314909,33.624535937986],[-84.5674151029974,33.6245359448269],[-84.5674155567689,33.6245359478649],[-84.56740446453,33.6245262926779],[-84.566898693068,33.6240859426424],[-84.5666734282446,33.6240442641441],[-84.5666731391479,33.624044210979],[-84.5666729755743,33.6240442656081],[-84.5666725741725,33.6240443994515],[-84.5662448824427,33.6241867622667],[-84.5662445929588,33.6241868587788],[-84.5662444297758,33.6241867646308],[-84.5662440299203,33.6241865332923],[-84.5661726205365,33.6241453169979],[-84.5661513067214,33.6240116810828],[-84.5661387978118,33.6231321567769],[-84.5661386623276,33.6231226500243],[-84.5661387570137,33.6231226154551],[-84.566522699034,33.6229817965449],[-84.5669558088665,33.6228228840464],[-84.5669560907672,33.6228227803438],[-84.5669557690524,33.6228133418198],[-84.566953185916,33.6227374279071],[-84.5669528691258,33.6227281219123],[-84.5669528617253,33.6227279199625],[-84.5669528591861,33.6227278370172],[-84.5669531471925,33.6227278883819],[-84.5669533143887,33.6227279184975],[-84.567438564957,33.6228147520486],[-84.5674396652101,33.6228149486538],[-84.5674401150205,33.6228150292481],[-84.567440116792,33.6228149462889],[-84.5674510646688,33.6221644725458],[-84.5674612227403,33.6215559685495],[-84.56747205929,33.6209164142406],[-84.567472511969,33.6209164181837],[-84.5682735303192,33.6209265784913],[-84.5682739819204,33.620926582435],[-84.5683643740103,33.6209321686799],[-84.5683669753973,33.6209323288433],[-84.5683644128905,33.620941709108],[-84.5683270828344,33.6210783925398],[-84.5682949266257,33.6211926887633],[-84.568251872934,33.6213299678211],[-84.5681657005119,33.6216263762259],[-84.5681393963683,33.6217274610936],[-84.56809628433,33.6218878265938],[-84.5680612515088,33.622019445916],[-84.5680061833807,33.6222225856511],[-84.567955172435,33.6224154061242],[-84.5678492382068,33.6228072442247],[-84.5678117567835,33.6229423067581],[-84.5677685493178,33.6230823343992],[-84.567718853732,33.6232045201128],[-84.5676472261229,33.6233439527879],[-84.5675586019156,33.6234662646354],[-84.567448959111,33.6235901557252],[-84.5673687928105,33.6236591225862],[-84.5672939809121,33.6237110954435],[-84.5672879108682,33.6237153123706],[-84.567294018601,33.623720635872],[-84.5676990630277,33.6240735930898],[-84.5679403305878,33.6242805819128],[-84.5680727081073,33.6243836250654],[-84.5681763624833,33.6244562560912],[-84.5683083945664,33.6245202741148],[-84.5684283579528,33.6245674303363],[-84.568618156936,33.6246201301731],[-84.5687044620274,33.6246351031725],[-84.5687678832711,33.6246387471183],[-84.5687683359821,33.6246387537615],[-84.5688429133649,33.6246402505932],[-84.5688433650107,33.6246402599446],[-84.5688438177342,33.6246402692925],[-84.5688439826534,33.6246402723629],[-84.5688441249264,33.6246402728019],[-84.5688444342866,33.6246402790093],[-84.5688445776122,33.6246402740349],[-84.5689166906586,33.6246363363679],[-84.5689730154692,33.6246329928204],[-84.5690218406376,33.6246277431743],[-84.5690230891924,33.6246276083706],[-84.569021801679,33.6246182027527],[-84.5690116366179,33.6245439519087],[-84.5690113565488,33.6245418997219],[-84.5690115933578,33.6245344133043],[-84.5690500217336,33.6233190706134],[-84.5690504733641,33.6233190781608],[-84.5697141180358,33.6233285424976],[-84.5697145696622,33.6233285491409],[-84.5697150223664,33.6233285557807],[-84.5697156733899,33.6233285635775],[-84.5697161250079,33.6233285684174],[-84.5697151050843,33.6225803594044],[-84.5697155577677,33.6225803624375],[-84.5706377977239,33.6225876426089],[-84.5706382493338,33.6225876465439],[-84.5706387020215,33.6225876504753],[-84.5716931722954,33.6225958712702],[-84.5716936238969,33.622595873398],[-84.5717246725504,33.6240892837664],[-84.5717248734993,33.6240988290663],[-84.5717298695329,33.6243430564959],[-84.5717349965794,33.6245933922861],[-84.572682884492,33.624603752392],[-84.5727064929565,33.624604010308],[-84.5722562904792,33.6248932655932],[-84.5713790700793,33.6254570171308],[-84.571351533057,33.6272687278065],[-84.5728209702123,33.6278830190563],[-84.5728330340929,33.6282809320849],[-84.5729363687437,33.6282854427378],[-84.5724495331072,33.6289245684532],[-84.5696819337464,33.6278284753275],[-84.5697368195868,33.6297330577919],[-84.5697254877614,33.6297327953709],[-84.5680910405364,33.6296948972624],[-84.5682874528149,33.6305257112008],[-84.5686383758502,33.6306625892413],[-84.5688149886149,33.6318425513901],[-84.5688589342054,33.6318610242909],[-84.5688927690524,33.6318755419892],[-84.5689264798024,33.6318902593501],[-84.5689596481367,33.6319049243663],[-84.5693064171205,33.6320589411279],[-84.5695109548412,33.6321497878821],[-84.5698709758872,33.6323096937457],[-84.5698764133154,33.6323121087141],[-84.5707402456647,33.6326957759948],[-84.5709899810488,33.6328066924642],[-84.5710006216587,33.6328114229823],[-84.5710014414958,33.6328117872801],[-84.5710128738346,33.6328168641536],[-84.5711370439987,33.6328720088722],[-84.5711806325801,33.63289137025],[-84.5713483927455,33.6329658878337],[-84.5713680267682,33.6329746094208],[-84.5713849647167,33.6329821324967],[-84.5716496771583,33.6330997142179],[-84.5716839128557,33.6331149214111],[-84.5718516738784,33.6331894374012],[-84.5718778915953,33.6332010830797],[-84.5720088397776,33.6332592306979],[-84.572019435104,33.6332639351277],[-84.5721871965574,33.6333384200004],[-84.5722960967525,33.6333867708698],[-84.5723549567212,33.633412798251],[-84.5723816982009,33.6334246224367],[-84.5724393127348,33.6334498558886],[-84.5724452006408,33.6334524504998],[-84.5724723416245,33.6334644131131],[-84.5724779973012,33.6334669056949],[-84.5725561830077,33.633499971986],[-84.572614615777,33.6335245146983],[-84.5726730469674,33.633548713853],[-84.5726890804916,33.6335552596065],[-84.5726904531605,33.6335558204445],[-84.5726958801043,33.6335580351523],[-84.5726959454883,33.6335579564926],[-84.5726960687661,33.6335578109196],[-84.5726999907044,33.6335595175204],[-84.5729882158439,33.6336731266529],[-84.57300110937,33.6336780533715],[-84.5730258964904,33.6336875277839],[-84.5730677570005,33.6337032352066],[-84.5731475171431,33.6337326793625],[-84.5731936003399,33.6337493935486],[-84.5732075076886,33.633754437736],[-84.5732877197995,33.6337830120103],[-84.5733096063716,33.6337906691266],[-84.573332899791,33.6337988175292],[-84.5733480436491,33.633804115511],[-84.5734286926085,33.6338318145418],[-84.5735095850292,33.6338590122938],[-84.5735704118163,33.6338790798195],[-84.5736517205656,33.63390539518],[-84.5737332619685,33.633931203886],[-84.5738150295517,33.6339565050568],[-84.5738765008379,33.6339751474795],[-84.573958654518,33.6339995573388],[-84.574020411591,33.6340175288102],[-84.5741029384077,33.6340410428909],[-84.5741649984983,33.6340583406482],[-84.5744331035281,33.6341324133072],[-84.5748450660684,33.6342462294515],[-84.5757191243778,33.6344877054767],[-84.575720529682,33.6344880939546],[-84.5757209581813,33.6344882124588],[-84.5757209813243,33.634488091559],[-84.5759908864233,33.6330918671668],[-84.5759913391446,33.63309186657],[-84.5764164851142,33.6330916884909],[-84.5764169367577,33.6330916878961],[-84.576417389479,33.6330916872977],[-84.5764180405378,33.6330916869438],[-84.5764184921812,33.633091686349],[-84.5764189449026,33.6330916857505],[-84.5768049931308,33.6330913626722],[-84.5768054447742,33.633091362076],[-84.5768058974955,33.6330913614762],[-84.57680654855,33.6330913602186],[-84.5768070001892,33.6330913587207],[-84.576807452902,33.6330913563176],[-84.5792797152172,33.6330758557231],[-84.5792801668518,33.6330758533146],[-84.5792806195644,33.6330758509024],[-84.5792812706057,33.6330758469268],[-84.5792817222403,33.6330758445183],[-84.5793207196566,33.6312636300592],[-84.5793211723296,33.6312636213354],[-84.5794043650472,33.6312615773444],[-84.5794048166294,33.6312615659189],[-84.5794052692937,33.6312615553915],[-84.5815011355276,33.6312126801286],[-84.5815015871135,33.6312126695971],[-84.5815020397772,33.6312126590621],[-84.5815024471746,33.6312126495805],[-84.5815026918303,33.6312126442514],[-84.581502898769,33.6312126408523],[-84.5815031434248,33.6312126355233],[-84.5815029391056,33.6312221794461],[-84.5814634159828,33.6330685458784],[-84.581463128986,33.6330783831172],[-84.581462851346,33.6330879236763],[-84.58146316933,33.6330879235114],[-84.5814633040671,33.6330879230595],[-84.581463622051,33.6330879228946],[-84.5825598359637,33.6330869830549],[-84.5825600946633,33.6330869830865],[-84.5825602876069,33.6330869824376],[-84.5825605463021,33.6330869815676],[-84.5825607403236,33.6330869809151],[-84.5825609990232,33.6330869809467],[-84.582561391382,33.6330869805289],[-84.5825618430164,33.6330869781083],[-84.5825622957158,33.6330869729792],[-84.5843304926045,33.6330589012411],[-84.5843309442213,33.6330588952075],[-84.5843342226028,33.6326489768266],[-84.5843389856491,33.6320363678677],[-84.5843505310824,33.6305484081874],[-84.5843587571503,33.6294969444301],[-84.5843587592437,33.6294967081864],[-84.5843587598558,33.629496611706],[-84.5843592119415,33.6294967066574],[-84.5844633409397,33.6295186567418],[-84.5845044880497,33.6295352824132],[-84.5846058081386,33.6295965013295],[-84.5846323758803,33.6296554995519],[-84.5846505956795,33.6296866311263],[-84.5847575137231,33.629716226683],[-84.5848758091192,33.6297209103013],[-84.5849850819212,33.6297281012039],[-84.5849855346638,33.6297281086891],[-84.5851423466134,33.6297320892043],[-84.5851427982781,33.6297320966927],[-84.5852266332923,33.6297441838463],[-84.5853368415514,33.6297747289414],[-84.5853845329611,33.6297858356042],[-84.5854682237428,33.6298021789476],[-84.5855139282373,33.6298098569398],[-84.5856105804879,33.6298228588935],[-84.5856886463907,33.6298308392508],[-84.5857593103892,33.6298367834331],[-84.5858308220916,33.629847946252],[-84.5859114598577,33.6298781789937],[-84.5859830570898,33.6299072052493],[-84.586022481003,33.6299411500536],[-84.5860655360661,33.6299783808265],[-84.586142842099,33.6299990057375],[-84.5862127149132,33.6300111359715],[-84.5863039389422,33.6300225066487],[-84.5863373070443,33.630026790846],[-84.5864801509364,33.6300462310482],[-84.5864969098359,33.6300471362347],[-84.5865256629886,33.6300484127603],[-84.5865471884314,33.6300495758639],[-84.5866598084254,33.6300693934785],[-84.5867345959966,33.6300787584468],[-84.5868078129744,33.6301029692321],[-84.5868423501441,33.6301113717396],[-84.5869319294401,33.6301220604709],[-84.5870061703377,33.6301451297556],[-84.5870071893919,33.6301454463834],[-84.587007607163,33.6301455766068],[-84.5870076420929,33.6301454448448],[-84.5870412180553,33.6300172057349],[-84.5870412857856,33.6300169476281],[-84.5870413132975,33.6300168420396],[-84.587041738486,33.6300169460893],[-84.5871279862837,33.630038121563],[-84.5871413204821,33.6300438468921],[-84.5871601372714,33.6300476808174],[-84.5871604372183,33.6300477420125],[-84.587160559139,33.6300477668446],[-84.5871608899188,33.6300477404733],[-84.587246388111,33.6300408594581],[-84.5872474720289,33.6300407719169],[-84.5872479159401,33.6300407361439],[-84.5872479236472,33.6300407694794],[-84.5873000767716,33.6302616590446],[-84.5874653709894,33.6303710278754],[-84.5874909478544,33.6303947132756],[-84.5875921988585,33.6304410894332],[-84.5877236036824,33.6304553374635],[-84.5877236834706,33.6304553426018],[-84.5877240563982,33.6304553386271],[-84.5877241361645,33.6304553392572],[-84.58806334166,33.6304521371095],[-84.5880637932716,33.6304521328656],[-84.5880642459654,33.6304521295198],[-84.5880648969773,33.6304521236948],[-84.5880653485933,33.6304521203526],[-84.5881130092625,33.6304567674283],[-84.5883114939227,33.6305161319121],[-84.5883124827003,33.6305164269924],[-84.5883128874968,33.6305165482388],[-84.5883129353989,33.6305164245473],[-84.5883265985932,33.6304808009179],[-84.5883282973055,33.6304763706498],[-84.588326552112,33.6304712614478],[-84.5883153788892,33.630438540206],[-84.5883132990826,33.6304324493284],[-84.5883153334871,33.6304290007321],[-84.5885356895922,33.6300554508125],[-84.5885747435396,33.6299794649072],[-84.5890438527838,33.629386632903],[-84.5890441206004,33.629386294765],[-84.5890438072945,33.629377091625],[-84.5890429693853,33.6293524943236],[-84.5890429228227,33.6293429539509],[-84.5890428456057,33.6293271326751],[-84.5890427990432,33.6293175923023],[-84.5890250225173,33.6293007368511],[-84.5890231599661,33.629298970536],[-84.5890249791991,33.6292911982706],[-84.5890258956697,33.629287281007],[-84.5890759398958,33.6292755678552],[-84.5890964774379,33.6292486018995],[-84.5891009135283,33.6292427773104],[-84.5890990488172,33.6292412310104],[-84.5890964351854,33.6292390624137],[-84.5890925012097,33.6292357982939],[-84.5890990087157,33.6292316906155],[-84.5891146091056,33.6292218434269],[-84.5891368698362,33.6292054156648],[-84.5891756416215,33.6291727159233],[-84.5892173464291,33.6291351966599],[-84.589282142076,33.6290863772392],[-84.5892829657635,33.6290857558813],[-84.5892833029743,33.6290855022623],[-84.5892834173766,33.6290857534363],[-84.5892907753674,33.6291019664018],[-84.5893032595598,33.6291355901578],[-84.5893107588039,33.6291575507623],[-84.5893174286784,33.6291778650529],[-84.5893241079531,33.629200103467],[-84.589329674417,33.6292213655724],[-84.589329882001,33.6292221574277],[-84.5893299665806,33.6292224817385],[-84.5893303346927,33.6292221549789],[-84.5897467104635,33.6288525123467],[-84.5898173432096,33.6287849378522],[-84.5898493797849,33.6287523979973],[-84.5900705348524,33.628528068351],[-84.5903429624186,33.6282414513742],[-84.590416715611,33.6281738658449],[-84.5905097457195,33.6280846400347],[-84.5905609346623,33.6280385679661],[-84.5906734003064,33.6279601305774],[-84.5908467065446,33.6278274818182],[-84.5909783762825,33.6277460929506],[-84.5910554732451,33.6277242542401],[-84.5911244521382,33.6277218192553],[-84.5912165877719,33.6277183426629],[-84.5913324896073,33.627704477447],[-84.5914483398823,33.6276798950919],[-84.5914932536799,33.6276607778705],[-84.5915510005417,33.6276120716392],[-84.5916569071249,33.6275362680185],[-84.5917470257982,33.627490198729],[-84.5918499114682,33.6274682708831],[-84.5919368771014,33.6274491468772],[-84.5920172324233,33.6274219368583],[-84.5921073321835,33.627405412278],[-84.5921671425443,33.6274025159423],[-84.5921680520289,33.6274024722383],[-84.5921684237942,33.6274024538275],[-84.5921685047153,33.6274024706808],[-84.5922330448454,33.6274158358255],[-84.592300892038,33.6274505049507],[-84.5923558426917,33.6275015710523],[-84.5924171601327,33.6275445083279],[-84.5924752241418,33.6275603860421],[-84.592475676829,33.6275603844835],[-84.5925860646044,33.6275600043692],[-84.5925865162138,33.6275600028139],[-84.592586968901,33.6275600012549],[-84.5925876199083,33.6275599990129],[-84.5925880715177,33.6275599974576],[-84.5926684353125,33.6275678149256],[-84.5926685991999,33.6275678260828],[-84.5926688880264,33.6275678187762],[-84.5926690518694,33.6275678209169],[-84.5926913066137,33.6275674800687],[-84.5926917582008,33.6275674740048],[-84.5926924049907,33.6275320182519],[-84.5926930538084,33.6274969745534],[-84.5926953452363,33.6274619260979],[-84.5926976353131,33.6274266035403],[-84.5927007480354,33.6273915513535],[-84.5927055047174,33.6273567694132],[-84.592710260042,33.627321712469],[-84.592715838018,33.6272869276987],[-84.5927222366116,33.627252002146],[-84.5927286358792,33.6272172145454],[-84.592736679771,33.6271828333401],[-84.5927447236566,33.627148452134],[-84.5927544101352,33.6271140652682],[-84.5927640966063,33.6270796784016],[-84.5927746077471,33.6270459748609],[-84.5927859388333,33.6270119952891],[-84.5927980925588,33.6269782869883],[-84.5928110700004,33.6269448499545],[-84.5928255084873,33.6269082484452],[-84.5928386659769,33.6268781090841],[-84.5928532882922,33.626845354349],[-84.5928687325682,33.6268127338327],[-84.5928849981292,33.626780110484],[-84.5929012663867,33.6267480371404],[-84.5929191778989,33.6267160951843],[-84.5929370907525,33.6266844282292],[-84.5929558248883,33.6266527584406],[-84.5929753836895,33.6266217728764],[-84.5929957637716,33.6265907844778],[-84.5930161451894,33.6265600701779],[-84.5930381712153,33.626529763168],[-84.5930601992558,33.6264998682088],[-84.593082228636,33.6264702482494],[-84.5931059019427,33.6264408976259],[-84.5931295772637,33.6264119590525],[-84.5931540752166,33.626383292646],[-84.5931793971518,33.626355172508],[-84.5932047197503,33.6263271903175],[-84.593230867686,33.6263000293983],[-84.5932578362214,33.6262727285898],[-84.5932856300933,33.6262462490517],[-84.5933134232727,33.6262196324564],[-84.5933420428662,33.626193837127],[-84.5933706627206,33.6261683167983],[-84.593400107236,33.6261434806876],[-84.5934303730247,33.6261186417358],[-84.5934426449484,33.6261089804096],[-84.5934606421839,33.626094489835],[-84.593491736004,33.6260710221508],[-84.5935236510923,33.6260475507225],[-84.5935555695563,33.6260247672459],[-84.5935874893599,33.6260022587648],[-84.5936210557898,33.6259805687143],[-84.5936538015947,33.6259590194429],[-84.593688194026,33.6259382886008],[-84.5937242263034,33.62591700207],[-84.5937569842624,33.6258979260009],[-84.5937922047133,33.6258785664105],[-84.5938274285392,33.6258598938683],[-84.5938636398988,33.6258414929134],[-84.5938903498973,33.6258284833742],[-84.593929033909,33.6258118600603],[-84.5939487074925,33.6258042343233],[-84.5940010896146,33.6257989796631],[-84.594002435147,33.6257988442723],[-84.5940035706099,33.6257987303456],[-84.5940040359989,33.6257986836542],[-84.5940040232833,33.6257987278798],[-84.5940011324151,33.6258085218533],[-84.5939470053509,33.625991948262],[-84.5938996575884,33.6260168463496],[-84.5938675492191,33.6260345460725],[-84.5938359365061,33.6260526561368],[-84.5938046534715,33.6260711780176],[-84.5937738667692,33.6260902472915],[-84.5937434108225,33.6261097283789],[-84.5937213071808,33.6261242331739],[-84.5937116119116,33.6268559970152],[-84.5937051616331,33.6273463139558],[-84.5937041741607,33.6274126881296],[-84.5937011999094,33.6276421806154],[-84.5936951889981,33.6280885226118],[-84.593691232165,33.6289326004926],[-84.5936911888395,33.6289419509208],[-84.5936911884691,33.628942094287],[-84.5936911876804,33.628942152898],[-84.5936912738545,33.6289421417805],[-84.5936916411634,33.6289420927239],[-84.5942358658805,33.6288695028084],[-84.5946928251914,33.6287640375528],[-84.5950897439808,33.6287081096765],[-84.5954321003162,33.6285473851066],[-84.5958411132083,33.6285318616371],[-84.5958421132723,33.6285318239033],[-84.5958425227793,33.6285318080555],[-84.5958425659644,33.6285318223323],[-84.5961249063521,33.6286248075457],[-84.5961258099936,33.6286251046625],[-84.5961261803055,33.6286252269049],[-84.5961262626817,33.6286251021889],[-84.5963982971764,33.628213825193],[-84.596453451702,33.628130205065],[-84.5964537651474,33.6281297287977],[-84.5964538935247,33.6281295344933],[-84.5964542167596,33.6281297272282],[-84.5972328517934,33.6285947202979],[-84.5979282505549,33.6288048767906],[-84.5985613275621,33.6296839540165],[-84.5985623532602,33.6296853786732],[-84.598562773305,33.6296859614857],[-84.5985628048758,33.6296853761943],[-84.5986509751061,33.6280713115475],[-84.5986797166218,33.6275445659928],[-84.5986798252226,33.6275425702262],[-84.5986798696471,33.6275417531615],[-84.598680276827,33.627542567747],[-84.5986948026386,33.6275716579541],[-84.5987072593788,33.6275990972234],[-84.5987213505023,33.6276248816341],[-84.5987379608201,33.6276615133024],[-84.598761121987,33.6276944117247],[-84.5987768729034,33.6277236256775],[-84.5987901853012,33.6277579326439],[-84.5988026709164,33.6277911433665],[-84.5988118768063,33.6278254646788],[-84.5988243473438,33.6278556521649],[-84.5988392543625,33.6278803345788],[-84.5989639559175,33.6280169006028],[-84.5990125155777,33.6280700481728],[-84.599083538036,33.6281478507868],[-84.5992534692518,33.6284271697184],[-84.5993497543934,33.6286292433828],[-84.5993820205847,33.6286761262236],[-84.5994740738481,33.6287875223208],[-84.5995274549684,33.6288521950309],[-84.5996034442405,33.628937537711],[-84.600008521161,33.6292975184019],[-84.6002405821431,33.6293862990693],[-84.6003212092563,33.6294134991486],[-84.600360359381,33.629424217016],[-84.6004478452445,33.6294432860821],[-84.6005349693311,33.6294557597681],[-84.60057851795,33.6294593173352],[-84.6006647875735,33.6294617394522],[-84.600665140089,33.6294617499367],[-84.6006652392512,33.6294617495887],[-84.6006655917486,33.6294617564667],[-84.600665691984,33.6294617552133],[-84.6006660444407,33.6294617539764],[-84.6008861622656,33.629458940846],[-84.6008866138618,33.629458934752],[-84.6008870665404,33.629458929556],[-84.600887707838,33.629458922796],[-84.6008881594432,33.6294589185053],[-84.6010093153975,33.6295423146092],[-84.6011926078708,33.6297326768999],[-84.6012222845395,33.6297542838339],[-84.6015189767554,33.6298571254638],[-84.6019764662322,33.6299838211968],[-84.6019766076127,33.6299838567658],[-84.6019770602667,33.6299838461558],[-84.602440517965,33.6299692200347],[-84.6024409695228,33.6299692058202],[-84.6024414221585,33.629969191602],[-84.60244178319,33.6299691804115],[-84.6024422347615,33.6299691689019],[-84.602812882249,33.6300132061539],[-84.6033317516121,33.6301325743464],[-84.6035302311392,33.6302387820559],[-84.6035647685457,33.6302469048767],[-84.6037454944521,33.6302527249056],[-84.6038644843048,33.6302643965432],[-84.604330818938,33.6304972152596],[-84.6044060034484,33.6305347514831],[-84.6044408812299,33.6305521636141],[-84.6049498121854,33.6305722804867],[-84.6049513678332,33.6305723326801],[-84.6049515479575,33.6305082957614],[-84.6049516105681,33.6304859675978],[-84.6049584660793,33.62804911889],[-84.6049934763326,33.6253614584599],[-84.6049939290532,33.6253614658721],[-84.6070295787386,33.6253889468945],[-84.6070300303771,33.6253889534014],[-84.6070304830888,33.6253889590028],[-84.6070311341336,33.6253889675047],[-84.6070315857583,33.6253889713066],[-84.6070259949986,33.6220299026769],[-84.6070264476561,33.6220299010653],[-84.6100309141229,33.6220191675542],[-84.6100313657024,33.6220191659355],[-84.6100315747868,33.622019165186],[-84.6100318183595,33.6220191643129],[-84.6100320263663,33.6220191635672],[-84.6100324790234,33.6220191619446],[-84.6100331299876,33.6220191596111],[-84.610033581567,33.6220191579923],[-84.610031322233,33.6220096264603],[-84.6098996127107,33.6214539037442],[-84.6098709060985,33.621332807301],[-84.6097289030807,33.6212831599595],[-84.6097272022247,33.6212717608719],[-84.6097256651865,33.6212603611973],[-84.609723428198,33.6212404441826],[-84.6097218482589,33.6212206618675],[-84.6097207598189,33.62120046573],[-84.6097203791811,33.6211760012725],[-84.6097202700623,33.6211690002223],[-84.6097203303634,33.6211664627165],[-84.6097205403999,33.6211575931716],[-84.6097220218377,33.6211261206026],[-84.6097231134159,33.6211147106101],[-84.6097511666792,33.6208193070874],[-84.6097527402325,33.6208058350592],[-84.6097565556337,33.6207812239251],[-84.6097589504232,33.6207677489548],[-84.609765055167,33.620741068409],[-84.6097724761609,33.6207146590574],[-84.6097812112391,33.6206885191041],[-84.6098025903558,33.620629491544],[-84.6098417840934,33.6205210681634],[-84.6098542709446,33.6204896932097],[-84.6098596296773,33.6204777188099],[-84.6098651533022,33.6204657438191],[-84.6098716570554,33.6204528041391],[-84.6099864933078,33.6202333543107],[-84.6099991815467,33.6202091234266],[-84.6101687912927,33.6199729874052],[-84.6102435103735,33.6198419011449],[-84.6102562044518,33.6198190452544],[-84.6102685677006,33.6197957775856],[-84.6102804387969,33.6197723746273],[-84.6102918162879,33.6197489734381],[-84.6103026980625,33.6197251619642],[-84.6103130883834,33.6197013513504],[-84.6103229844025,33.6196774063569],[-84.6103325520806,33.6196533245853],[-84.6103414616339,33.6196291072187],[-84.6103498772573,33.6196046175164],[-84.6103578003557,33.6195801295802],[-84.6103652291449,33.6195555054616],[-84.61037216541,33.6195308831093],[-84.6103786077466,33.6195059884218],[-84.6103845582624,33.6194812325515],[-84.6103898499541,33.619456204036],[-84.6103948140152,33.6194311766955],[-84.610399283774,33.6194060140747],[-84.6104030961197,33.6193808538122],[-84.6104064170175,33.6193556944108],[-84.6104092436191,33.619330400631],[-84.6104115776958,33.6193051077163],[-84.6104134185503,33.6192796795175],[-84.6104146026966,33.6192543907281],[-84.6104154574351,33.6192289660669],[-84.6104156317937,33.6192068421439],[-84.6104156565488,33.6192036817129],[-84.6104155829031,33.6191973035858],[-84.6104153624374,33.6191782611732],[-84.6104145747308,33.6191528424042],[-84.6104132952095,33.6191275624529],[-84.6104113586559,33.6191021478053],[-84.6104081890715,33.619060522906],[-84.610407284037,33.6190441735227],[-84.6104050096285,33.6190169738846],[-84.610402926499,33.6189951321664],[-84.6104005153739,33.6189734295797],[-84.6103976117289,33.6189517278582],[-84.6103943804641,33.6189300282135],[-84.6103908201222,33.6189084668025],[-84.6103857540676,33.6188814151333],[-84.6103801961979,33.6188545013797],[-84.6103754877252,33.6188330820417],[-84.6103689444597,33.6188063097773],[-84.6103632516588,33.6187850301214],[-84.6103477067981,33.6187323194337],[-84.6103425322078,33.6187162603725],[-84.6103353622102,33.6186952619237],[-84.6103296965187,33.6186794796318],[-84.6103220347147,33.6186586199995],[-84.6103138800242,33.6186378991879],[-84.6103055622321,33.6186173169158],[-84.6100764865081,33.6180175009861],[-84.6099702739894,33.617739342315],[-84.609906845002,33.6175728865458],[-84.6098965316785,33.6175475019002],[-84.6098759345895,33.6175025031697],[-84.6098669743914,33.6174848094016],[-84.6097533693131,33.6173023177387],[-84.6097416154381,33.617284358058],[-84.6095667934237,33.6170144154811],[-84.6094090901408,33.6167196768317],[-84.6093948219061,33.6166915580139],[-84.6093783762468,33.6166553391955],[-84.6093732227184,33.6166431283274],[-84.609346786258,33.6165760424195],[-84.6093431033677,33.6165666962937],[-84.6093467439515,33.6165665029312],[-84.6094536676138,33.6165608184179],[-84.6094567285442,33.6165606550788],[-84.6094536242132,33.6165512780319],[-84.6093738190503,33.6163101711223],[-84.6093583178979,33.6161372218887],[-84.6093474569129,33.6156513630339],[-84.6093207383272,33.6153403527325],[-84.6093176230874,33.6151355167541],[-84.609317522361,33.6151288835469],[-84.6093175743253,33.6151259781883],[-84.6093318346176,33.614330454414],[-84.6093511892259,33.6139076986951],[-84.6093867550758,33.613572004962],[-84.6094322846675,33.6134538037809],[-84.6094342458498,33.6134487113551],[-84.6094322369735,33.6134442652088],[-84.6093978658555,33.6133681792749],[-84.6090415296549,33.6114826166904],[-84.6088254267875,33.6106865239049],[-84.6088229303602,33.6106773249928],[-84.6088253834666,33.6106769835091],[-84.6108217281328,33.610398997771],[-84.6108264404775,33.6103983415688],[-84.6110167357892,33.6103718416084],[-84.6112126420795,33.6107366424238],[-84.6112539399407,33.610815508078],[-84.6113730375262,33.6110130934929],[-84.611692871307,33.6116026881672],[-84.6117535889437,33.6117209209234],[-84.6121269162937,33.6123962066533],[-84.612464592424,33.6130360281176],[-84.6126004255922,33.6132930529838],[-84.6128808375135,33.6138146284554],[-84.6131524649893,33.6143200211563],[-84.6135130806471,33.6149464273399],[-84.6136466177596,33.6151674899339],[-84.6136468394985,33.6151678561113],[-84.6136469297177,33.615168005462],[-84.613647292115,33.615167853574],[-84.6138045872721,33.6151018889575],[-84.6139869207592,33.6150331294981],[-84.6139878134999,33.6150327926528],[-84.6139881792036,33.6150326551785],[-84.6139882650427,33.6150327910199],[-84.6140945276236,33.6152005532139],[-84.6140947351544,33.6152008806701],[-84.6140948199069,33.615201014712],[-84.614095187771,33.6152008781312],[-84.6142718604433,33.6151355145711],[-84.6143062862237,33.6151230227255],[-84.6143321878096,33.6151137220641],[-84.6143753044039,33.6150985884197],[-84.6144013729888,33.6150896992013],[-84.6144274422817,33.61508094793],[-84.6144622016769,33.6150694160108],[-84.6144873114813,33.6150614337159],[-84.6144881098146,33.6150611801621],[-84.614488436894,33.6150610761879],[-84.6144885613574,33.6150611785274],[-84.6145920179768,33.6151458987811],[-84.6148970433537,33.6156342007632],[-84.6149018791672,33.6156419411837],[-84.6148970862747,33.6156437411477],[-84.6142902822762,33.6158715762154],[-84.6139847253721,33.6159768520878],[-84.6139843531518,33.6159769805689],[-84.6139842727514,33.6159768546262],[-84.613984075016,33.6159765460695],[-84.6136766105483,33.615496829121],[-84.6136765475359,33.615496731067],[-84.6136761590031,33.6154968307528],[-84.613675209738,33.6154970749284],[-84.6129269607767,33.6156894820554],[-84.6127463950919,33.6157077059519],[-84.6127462249027,33.6157077227956],[-84.6127459424679,33.6157077075842],[-84.6127452514684,33.6157076695011],[-84.6124651130136,33.6156924016427],[-84.6124648003947,33.615692384736],[-84.6124646603896,33.6156924032739],[-84.6124643179161,33.6156924486899],[-84.6122126990851,33.6157258603749],[-84.6095506881869,33.6165572358919],[-84.6095473784463,33.6165582693314],[-84.6095507315982,33.6165667762778],[-84.6095713407567,33.6166190577943],[-84.6096134611964,33.6166979209702],[-84.6096562465021,33.6167780170333],[-84.6096935583736,33.6168478275299],[-84.6097346799595,33.6169239450549],[-84.609766156344,33.6169767367234],[-84.6098168147136,33.617054744213],[-84.6099623303367,33.6172786225004],[-84.6099627829783,33.6172786226815],[-84.612525834935,33.617281766034],[-84.6125262864988,33.6172817662096],[-84.6125267391404,33.6172817663814],[-84.6125273900826,33.61728176674],[-84.6125278416418,33.617281766014],[-84.6128699869032,33.6184337137344],[-84.6129819735019,33.6188103750336],[-84.6129863853905,33.6192202658315],[-84.6129941788,33.6199354784759],[-84.6130106417135,33.6214399695423],[-84.6130110943907,33.621439972417],[-84.6153560018768,33.6214647297812],[-84.6153564534857,33.6214647344546],[-84.6153569061724,33.621464739124],[-84.6169193537677,33.6214811456771],[-84.6169198053768,33.6214811503448],[-84.6169202580635,33.6214811550085],[-84.6169293560006,33.6214812508269],[-84.6169298076096,33.6214812554945],[-84.6169302602964,33.6214812601582],[-84.6169309350132,33.6214812667186],[-84.6169313887683,33.6214812695751],[-84.6169197643872,33.6214716117673],[-84.616779487074,33.6213550328715],[-84.6167713730692,33.6213482881814],[-84.616779445013,33.6213454924943],[-84.6168254936923,33.6213295412385],[-84.6168335129121,33.6213267628714],[-84.6168254516263,33.6213200008612],[-84.6166988785892,33.6212138123847],[-84.6166908129853,33.6212070449712],[-84.6166988365373,33.6212042720071],[-84.6172172777103,33.6210251151695],[-84.6173687919431,33.6209701016105],[-84.61760726181,33.6213503982758],[-84.6180962623472,33.6221323985467],[-84.6180332621569,33.6222303988276],[-84.6175526483914,33.6227103395895],[-84.6173212624621,33.6229413989577],[-84.6167762616865,33.6234653985486],[-84.6162182623479,33.6239793993158],[-84.6161532616448,33.6240383989307],[-84.6156142616461,33.6245223989153],[-84.6151372620411,33.624991399746],[-84.6149952760018,33.6251103257784],[-84.6145892614211,33.6254503994424],[-84.6139702616092,33.6259454000444],[-84.6134282612869,33.6264643994672],[-84.6128522611592,33.6269763996166],[-84.6124562616102,33.6273164003674],[-84.6121942607041,33.6275414002621],[-84.6109352603774,33.6285784003794],[-84.6106312608469,33.6288144002634],[-84.6095312603725,33.6297834003319],[-84.6092342604937,33.6300374005045],[-84.6089129139283,33.6303148140117],[-84.6087222598761,33.6304794003711],[-84.6079622595337,33.6311144011334],[-84.6074912596686,33.6314624006502],[-84.6070742599287,33.6317164013375],[-84.6066132598362,33.6319464015505],[-84.606098937101,33.6321652258495],[-84.6060162595599,33.6322004014263],[-84.6060170167653,33.6322013526979],[-84.6061225389136,33.6323339787793],[-84.6062312988209,33.6324732782031],[-84.6063996210723,33.6327356179513],[-84.6065775990141,33.6329650556136],[-84.6071510936388,33.634125930193],[-84.6074716686221,33.6347748286721],[-84.607655778484,33.6351265085458],[-84.6077643420138,33.6354574226846],[-84.6078220215116,33.6356728265687],[-84.6078168611792,33.6358937122189],[-84.6078055473198,33.6361409141536],[-84.6078067002592,33.6363670366737],[-84.6078631268856,33.63656765407],[-84.6079623650943,33.6367645029841],[-84.6080514021305,33.6368874373176],[-84.6081502627081,33.6370103365114],[-84.6082784257099,33.6371002644121],[-84.6084361428066,33.6372065194294],[-84.6085935664906,33.6372552572234],[-84.6089082883901,33.6373280838588],[-84.6092230528375,33.6374091255023],[-84.6094492396023,33.6374576169855],[-84.6096161090279,33.6374323687546],[-84.6098024145818,33.6373659663182],[-84.609992723029,33.6372374308966],[-84.610187022352,33.6371210416137],[-84.6104191246396,33.6370202927918],[-84.6106828750365,33.6369614997504],[-84.6108905029845,33.6369923059799],[-84.6110792984206,33.6370284389514],[-84.6112242199658,33.637091023704],[-84.6113881646802,33.6371850918058],[-84.6114954473014,33.6372635871131],[-84.6117031574012,33.637310168094],[-84.6119986946866,33.6373196220189],[-84.6123947132183,33.6373076772618],[-84.6127529297559,33.6372800920971],[-84.6130736957983,33.6373052279528],[-84.6134513420994,33.6373880046324],[-84.6137537109549,33.6375026042776],[-84.6139489844769,33.6375755207663],[-84.6141881589469,33.6376272422496],[-84.6143707782627,33.6376844274496],[-84.6146353175375,33.6377781269644],[-84.614715644457,33.6378559263443],[-84.6146506827935,33.6379608782504],[-84.6130591892822,33.6405320295751],[-84.6130102777831,33.6406046899779],[-84.612967879143,33.6406659938439],[-84.6129156704581,33.6407362613724],[-84.6128609917252,33.6408058543307],[-84.6128046629523,33.6408740772794],[-84.6127548506037,33.6409316271446],[-84.6126952264174,33.6409978043352],[-84.6126331339677,33.6410626099523],[-84.6125693882608,33.6411260500696],[-84.6124917237741,33.6411988148509],[-84.6124516609283,33.6412357201163],[-84.6124066801433,33.6412736709938],[-84.6123265302422,33.6413419795926],[-84.6122651719252,33.6413909825277],[-84.6122021646676,33.6414386163369],[-84.6121276937287,33.6414931629917],[-84.6117405546086,33.6417662923433],[-84.6116276034671,33.6418460551677],[-84.6115383925593,33.6419099308237],[-84.611464743701,33.6419641305872],[-84.6113763599626,33.6420293745807],[-84.6113043558624,33.6420846025411],[-84.6112176235879,33.6421515581512],[-84.6111505461462,33.6422064211684],[-84.6109607355687,33.6423551655051],[-84.6108961076384,33.6424076166491],[-84.6108339933424,33.642469675872],[-84.6105579296154,33.642779161471],[-84.6103357606378,33.6430262716608],[-84.6100743670802,33.6433144053376],[-84.6100220776633,33.6433698999712],[-84.6099607860562,33.6434316122681],[-84.6098896664612,33.6434995451751],[-84.6098242500793,33.6435585230182],[-84.609756360455,33.6436157938243],[-84.6096868183471,33.6436710084098],[-84.6096066253663,33.6437317558481],[-84.6095231313222,33.6437897712963],[-84.609438806222,33.6438457257568],[-84.6092020850293,33.6439798643149],[-84.6091005339011,33.644040345234],[-84.6089973333728,33.6440998031725],[-84.6088941241895,33.6441582286515],[-84.608790092464,33.6442156290895],[-84.6080241129413,33.6446282005121],[-84.6079421954451,33.6446731540831],[-84.607861924968,33.6447191314222],[-84.6077734695239,33.6447709761797],[-84.6076948540505,33.6448193504386],[-84.6075974218189,33.6448829081371],[-84.6075294694775,33.6449281560672],[-84.6074394361269,33.6449930595907],[-84.6073756102028,33.6450420697931],[-84.6073134348167,33.6450927917487],[-84.607252908615,33.645144536594],[-84.6071825874312,33.6452079973548],[-84.6071278190462,33.6452614419977],[-84.6070747127589,33.6453186559597],[-84.6070273612827,33.6453765373716],[-84.6069563182223,33.6454602699625],[-84.606280902955,33.6462387194395],[-84.6059485072607,33.6466229399629],[-84.6057328874249,33.6468707083362],[-84.6056373228176,33.6469792580522],[-84.6055654377648,33.6470599001195],[-84.6054665802579,33.6471667500351],[-84.6051773485532,33.6474786741073],[-84.6051177109797,33.6475438125591],[-84.6050523627652,33.6476179058086],[-84.6048653435261,33.6478353402832],[-84.6048008146135,33.6479090833543],[-84.6047256587603,33.6479928274194],[-84.6046684660971,33.6480548660891],[-84.6040466742381,33.6487224918286],[-84.6039870434715,33.6487903788755],[-84.6039347683606,33.648850338607],[-84.603872719321,33.648926136324],[-84.6038172066529,33.6489957272946],[-84.6037633431922,33.6490663421083],[-84.6037103046284,33.6491376419509],[-84.603658918327,33.6492109962297],[-84.6027642185082,33.6505020651642],[-84.6027030364432,33.6505881652298],[-84.6026222888139,33.6507038763331],[-84.6025627536209,33.6507909993175],[-84.6025040426515,33.6508784647036],[-84.6024461558986,33.6509662706895],[-84.6023882707552,33.6510544192736],[-84.6021821144496,33.6513904352101],[-84.6020803612543,33.65154238022],[-84.6020802589596,33.6515424058269],[-84.6020063338301,33.6515616632888],[-84.6018422592719,33.6516044053795],[-84.6018131822443,33.6516102927931],[-84.6017544384415,33.6516231408503],[-84.6016485714874,33.6516454995174],[-84.6015599324443,33.6516629853198],[-84.6014721121183,33.6516801300559],[-84.6013785442389,33.6516972895295],[-84.6012849577933,33.6517120496737],[-84.601189722612,33.6517244062996],[-84.6011067927058,33.6517336287126],[-84.6010381155064,33.6517395595176],[-84.6010238524365,33.6517407917092],[-84.601002135342,33.6517422935356],[-84.6009400826452,33.651746584332],[-84.6008571257274,33.6517506518677],[-84.6007630421608,33.651751892933],[-84.6007503305814,33.6517520601919],[-84.6006688701179,33.6517481805032],[-84.6004076667574,33.6517357408491],[-84.6003221860101,33.6517277950132],[-84.6002653836984,33.6517208738148],[-84.6002399778474,33.6517177782437],[-84.6001511821641,33.6517036612144],[-84.6000558138258,33.6516899124986],[-84.5999661981536,33.6516771705411],[-84.5998519122636,33.6516590220334],[-84.5997376206073,33.6516394975029],[-84.5996521034472,33.6516246797594],[-84.5993729170464,33.6515745167228],[-84.5992245151597,33.6515478518112],[-84.5991792896987,33.6515397616272],[-84.5990814302529,33.6515208687723],[-84.5987425967478,33.6514492243228],[-84.5986603515017,33.6514306173911],[-84.5985780946651,33.6514109780412],[-84.5984826792926,33.6513872658016],[-84.5984012380915,33.6513655631853],[-84.5982950938369,33.6513322675249],[-84.5981897645288,33.6512982818613],[-84.5980844323172,33.651263265517],[-84.5979791017064,33.6512279046417],[-84.5978482470584,33.6511823302983],[-84.597535191184,33.6510722223587],[-84.5971470623124,33.6509357083656],[-84.5970778928279,33.6509124130857],[-84.5970491349451,33.6509027274529],[-84.5970398745422,33.6508998518267],[-84.5965422572532,33.6507644058839],[-84.5962831310413,33.6507275224232],[-84.5962682573771,33.6507254056083],[-84.5962553365774,33.6507253152559],[-84.5962365674925,33.6507238242017],[-84.596142067515,33.6507200319135],[-84.5960467707948,33.6507203629198],[-84.5959514934509,33.650724814385],[-84.595857063029,33.6507337305765],[-84.5957634674668,33.6507464217662],[-84.5957045924141,33.6507570033317],[-84.5957012575844,33.6507574053245],[-84.5956983200334,33.6507581305372],[-84.5956698977366,33.650763238805],[-84.5955779864995,33.6507838234789],[-84.5954877398011,33.650808527419],[-84.5954673625111,33.6508151567927],[-84.5954582569562,33.6508174055629],[-84.5954454158328,33.650822297439],[-84.5953991554649,33.6508373488333],[-84.5953122343777,33.6508695988517],[-84.5952431343174,33.6508993570513],[-84.5952272574806,33.6509054054418],[-84.5952143460356,33.6509124290688],[-84.5951450177797,33.6509457567865],[-84.5950655403836,33.6509889766131],[-84.5949877240283,33.6510356205598],[-84.5947698839831,33.6511751626385],[-84.5947087592831,33.6512201093865],[-84.5947022578056,33.6512244057783],[-84.5947017438492,33.6512249052757],[-84.5945838644833,33.6512695913011],[-84.5945599254831,33.6513624110897],[-84.5945483939215,33.6514071247907],[-84.5942522366364,33.6525131164887],[-84.5941673054155,33.6528302869489],[-84.5935908771363,33.6549828487126],[-84.5934522062731,33.6555182116842],[-84.5934256082729,33.6556223923085],[-84.5930383339562,33.6570590153188],[-84.5928236954847,33.6578519449278],[-84.592702110704,33.6578547687433],[-84.5926068545476,33.6578647159229],[-84.5925083481514,33.6578822319569],[-84.592309729881,33.657925171484],[-84.5916590475606,33.6580981453073],[-84.5915630607324,33.6581273320576],[-84.591115197791,33.6582772778806],[-84.5910323881544,33.6583129461062],[-84.5906652206273,33.6584990259798],[-84.590561954122,33.6585509110181],[-84.5904595043104,33.6586031376052],[-84.5903570625141,33.6586557049083],[-84.5902554406368,33.6587086119487],[-84.5901530002909,33.6587615262178],[-84.5900513776936,33.658814777528],[-84.5899497588092,33.6588683722752],[-84.5898481430372,33.6589219678299],[-84.5897465266636,33.6589759068365],[-84.5896457296225,33.6590298456612],[-84.5895449373437,33.6590841225107],[-84.5893051143463,33.6592139750227],[-84.5890909614057,33.6593299285958],[-84.588854960726,33.6594578421251],[-84.5886034299916,33.6596033293092],[-84.5885354219681,33.6596413500741],[-84.586984947105,33.6604721438195],[-84.5868956273898,33.6605208838712],[-84.5868161481578,33.6605661595889],[-84.5864286088348,33.6607911153807],[-84.5862368621192,33.660896889312],[-84.5850673634932,33.6615119988212],[-84.5849788671503,33.6615617653016],[-84.5847232703178,33.6617179078828],[-84.5847744863913,33.6577945197811],[-84.5739031887128,33.6578032622606],[-84.5739078387713,33.6558770837155]]]]},"properties":{"FID":2,"CityName":"South Fulton","DistrNum":"District 2","Shape_Leng":117229.549495,"created_us":" ","created_da":null,"last_edite":" ","last_edi_1":null,"Shape_Le_1":121830.578881,"CreationDate":1676574024707,"Creator":"erik.michael_cosfga","EditDate":1677002954483,"Editor":"erik.michael_cosfga","Shape__Area":41467296.1640625,"Shape__Length":83761.70517767889}},{"type":"Feature","id":3,"geometry":{"type":"Polygon","coordinates":[[[-84.6317468629482,33.6889745938893],[-84.6178988682611,33.6870680149032],[-84.6176444396068,33.6872929251664],[-84.6170087483811,33.6878521094141],[-84.6165939722943,33.6882211987178],[-84.616464716862,33.6883370966602],[-84.6157275068691,33.6889753133261],[-84.6156522596276,33.6890460106473],[-84.6156318125012,33.6890653208818],[-84.6148515191359,33.6897981589849],[-84.6140622147424,33.690538926878],[-84.6135190669811,33.6910421050421],[-84.6133734539317,33.691175231837],[-84.6131083779376,33.6914174586678],[-84.6131082644494,33.6914174139951],[-84.6130012642323,33.6913844140325],[-84.6097781512702,33.6904860289193],[-84.6072853373848,33.6897970142819],[-84.6068012628913,33.6896634134687],[-84.6066019412079,33.6896129362438],[-84.6015590445803,33.6883357200321],[-84.6008432610668,33.6881544136207],[-84.6002016482302,33.688008994786],[-84.600179834205,33.6880050382063],[-84.5999616899553,33.6879762614426],[-84.5999476251766,33.6879749997516],[-84.5997152611436,33.6879624129809],[-84.599156356118,33.6879584637],[-84.5991495725881,33.6879588490073],[-84.5988114476114,33.6879867273611],[-84.5984789109556,33.6880452984176],[-84.5984782600568,33.6880454133994],[-84.598477290534,33.6880456566284],[-84.5982152607307,33.6881114138275],[-84.597983422134,33.6881850438567],[-84.597982260168,33.6881854130839],[-84.5979819662916,33.6881855295219],[-84.5971431258226,33.6885138132899],[-84.5971262602218,33.6885204135697],[-84.5969952599164,33.6885757221907],[-84.5949542589692,33.6894374141866],[-84.5945431996072,33.6896379557978],[-84.5945411107017,33.6896391207593],[-84.5941082588582,33.6899054140086],[-84.5938139607651,33.690099630747],[-84.5938112590007,33.6901014136468],[-84.5938089334513,33.6901031510647],[-84.5935304023621,33.690311309949],[-84.5935302615858,33.6903114159292],[-84.5935286243603,33.6903127515298],[-84.5934665536582,33.6903627221012],[-84.5910876350239,33.6923091241919],[-84.5909744840922,33.6923648186571],[-84.5893901330371,33.6931420254116],[-84.5888023823167,33.693430338956],[-84.5884850416811,33.6935846386386],[-84.5874477150209,33.6940845821005],[-84.5873591449442,33.6941250768699],[-84.587261536916,33.6941669737629],[-84.5868235055972,33.6943501948733],[-84.586730794189,33.694385205873],[-84.585617303576,33.6947771787425],[-84.5849387208136,33.6950202924001],[-84.5844570803486,33.6951960932678],[-84.5843684762175,33.6952307459797],[-84.5840348664229,33.6950827771813],[-84.5839475696389,33.6950480345524],[-84.583867718487,33.6950225393611],[-84.583746711593,33.694986191855],[-84.583661889128,33.694953152917],[-84.5835877403274,33.6949169879246],[-84.5834427015061,33.6948394956452],[-84.5833627463306,33.6947930495717],[-84.5831351981136,33.6946502161719],[-84.5830659318186,33.694604416428],[-84.58301561276,33.6945671419842],[-84.5829950056514,33.6945548442943],[-84.582925713013,33.6945035498604],[-84.5828572329359,33.6944498425203],[-84.5826938590924,33.6943201970432],[-84.5826286731928,33.6942681988434],[-84.582561864935,33.6942199849149],[-84.5824926020303,33.694174530167],[-84.582420893216,33.6941332014785],[-84.5823467617537,33.6941015033846],[-84.5822636181486,33.6940749867278],[-84.5821656510635,33.6940423399062],[-84.5820579051597,33.6940279285401],[-84.5819674497163,33.6940196443322],[-84.5817273654811,33.6940043060095],[-84.5817082996095,33.6941417808221],[-84.5816898227818,33.6942308202294],[-84.5816696161473,33.6943019982031],[-84.5816436811791,33.6943780057538],[-84.5816111861423,33.6944581586083],[-84.5807898214617,33.6962953727436],[-84.5806690817431,33.6966564888638],[-84.5806165322619,33.6968397680203],[-84.5805704973347,33.6970103137668],[-84.5805052477866,33.6972881047085],[-84.5804609491415,33.6974782267712],[-84.5804055653022,33.697756329032],[-84.5803854176811,33.6978395310604],[-84.5803710042009,33.6979199665356],[-84.5803615109619,33.697997293752],[-84.5803520588578,33.6980832073063],[-84.580348293593,33.6981546762112],[-84.5803478008847,33.6982233823011],[-84.5803506092664,33.69829482739],[-84.5803575237454,33.6983659160995],[-84.580367726659,33.6984366493635],[-84.580382039999,33.6985070253303],[-84.5804038292111,33.6985945546224],[-84.5804255338514,33.698663531705],[-84.5804530143678,33.6987372970714],[-84.5805169776997,33.6988884502386],[-84.5769742543496,33.699318416338],[-84.5768692547722,33.6993374166788],[-84.5769082544749,33.6973024162371],[-84.5768972543222,33.6963324158026],[-84.5768732541172,33.6959694161728],[-84.5768172546875,33.6955274158457],[-84.5767262545275,33.695127415415],[-84.5765862546389,33.6946844160274],[-84.5763482539211,33.6940684158114],[-84.5760312536821,33.6934114151712],[-84.5732132528574,33.6882204144945],[-84.5730012524388,33.6879034142415],[-84.5727382528878,33.6875714144092],[-84.5724292531883,33.6872274142998],[-84.5720652530299,33.6868794146566],[-84.5716812523838,33.6865944143487],[-84.5710632523532,33.6861984137151],[-84.5705352519721,33.6859394141394],[-84.5700392522154,33.6857304139196],[-84.568304251555,33.6851424138877],[-84.5657412504419,33.684285414198],[-84.5653772501477,33.6841634134992],[-84.5638222502136,33.6836884134955],[-84.5635212502013,33.6836104140741],[-84.5632432501965,33.6835384136854],[-84.5630422496597,33.6834924139226],[-84.5562992480711,33.6819654136946],[-84.5561702476343,33.6819314139113],[-84.5553152476455,33.6817084139831],[-84.5552762478473,33.6816944139269],[-84.5547352475204,33.6814974133377],[-84.5540632474249,33.6811924135737],[-84.5536112474375,33.6809424134178],[-84.5532722469056,33.6805944137155],[-84.5529612468429,33.6801904135613],[-84.5527192465575,33.6797304131204],[-84.5526012469248,33.6793864131421],[-84.5525272464781,33.6790014132956],[-84.5525022467486,33.6786884131016],[-84.5523352461852,33.6760154122462],[-84.5522172467399,33.6743464122613],[-84.5521792467283,33.6741764125365],[-84.5517152465799,33.6744634124757],[-84.5515062456909,33.674626412091],[-84.551353246086,33.6747814124366],[-84.5509592462456,33.67524841209],[-84.5508352454772,33.6753584125682],[-84.5506582463943,33.6754684125953],[-84.5505717115227,33.6755085889599],[-84.5505182457507,33.6755334127618],[-84.5503502459537,33.6755874128699],[-84.5501752462207,33.6756194122962],[-84.549975246088,33.6756274128561],[-84.5497812451605,33.6756074123381],[-84.5493402449666,33.6755254128157],[-84.5486732448618,33.6753654125694],[-84.5476402445444,33.67509141244],[-84.5471002452473,33.6747954121356],[-84.5468642452838,33.6750514122717],[-84.5454482440982,33.6764174133028],[-84.5444872446868,33.6773434136126],[-84.544175244531,33.6776244131295],[-84.5436732441922,33.6780134137307],[-84.5431272443258,33.678366413155],[-84.5427722442648,33.6785624133618],[-84.5423962440031,33.6787454131307],[-84.5420572438955,33.678891413315],[-84.5418819776044,33.6789584070188],[-84.54153924385,33.6790894134781],[-84.5414546613184,33.6791217763712],[-84.5413549531872,33.6791599268448],[-84.5410273428966,33.6792852758967],[-84.5409988542968,33.6792961758148],[-84.5406427553534,33.6794324237601],[-84.5406000228417,33.6794487730498],[-84.5402866542003,33.6795686706872],[-84.5401727011615,33.6796122696337],[-84.5399305519158,33.6797049165929],[-84.5397453778484,33.679775763845],[-84.5395744485,33.6798411614771],[-84.5393180539886,33.6799392574839],[-84.5392183439528,33.6799774053398],[-84.538975242973,33.680070413963],[-84.5388907634904,33.6801111196664],[-84.5388622875801,33.6801248403518],[-84.5385063325583,33.680296351992],[-84.5384522422938,33.6803224140456],[-84.5382601611472,33.6804378994547],[-84.5381231448807,33.6805202768755],[-84.537963242217,33.6806164137307],[-84.5379456387134,33.6806748572883],[-84.537940878161,33.6806906623808],[-84.5374857490552,33.6806864124592],[-84.5374852960557,33.6806864066052],[-84.5374848441232,33.680686398043],[-84.5354953733828,33.6806374180305],[-84.5354950767618,33.6806374108008],[-84.5354946237549,33.6806374031362],[-84.5355992295329,33.6756191461519],[-84.5356028970483,33.6754791774406],[-84.5356495791452,33.6732395565519],[-84.5356488296123,33.6732395488713],[-84.5356494507092,33.6732097353586],[-84.5356489988429,33.673209733101],[-84.533449972637,33.6731881197554],[-84.5334495196847,33.6731881156896],[-84.5334490678107,33.6731881116207],[-84.5285716590389,33.6731411056426],[-84.5285062461197,33.6731404739498],[-84.5258615788329,33.6731149044067],[-84.525861317848,33.6731149024602],[-84.5258618286862,33.6728888875115],[-84.5258617136597,33.6728544749885],[-84.5258691785717,33.6695486559144],[-84.5258692247659,33.6695283791792],[-84.5258034788491,33.6658552935346],[-84.5257973011706,33.665510178057],[-84.5257860564821,33.6648819259911],[-84.5257960630002,33.6641825096067],[-84.5257960595721,33.6641816845941],[-84.5257969503139,33.6641191588254],[-84.525802697351,33.6641180429996],[-84.5262145224489,33.664037505674],[-84.5262451946249,33.6640315078487],[-84.5262527700075,33.6640300260178],[-84.5272125222157,33.6636464567378],[-84.5279949274099,33.6631787512336],[-84.5285746946581,33.6626693110112],[-84.5288051637621,33.662253304316],[-84.5288210357006,33.6622246543258],[-84.5290266358288,33.6618535345654],[-84.529226750586,33.6606915195079],[-84.5292300526614,33.6606723440464],[-84.529248980896,33.6605624288461],[-84.5293054002205,33.6603404773622],[-84.5292979707759,33.6603393883065],[-84.528591949063,33.6602359347463],[-84.5285989040656,33.660207153092],[-84.5286951640252,33.6598088251433],[-84.528694429681,33.6597815212874],[-84.5286774511276,33.6591498396088],[-84.5278093098895,33.6591121222649],[-84.5277511540847,33.6591095952713],[-84.5269142602075,33.6590732293366],[-84.5265155362318,33.6590558398068],[-84.5258712601647,33.6589465455568],[-84.5258715125103,33.6589281310271],[-84.5258716735992,33.6589168173721],[-84.5258924466557,33.6574626376749],[-84.5258931015518,33.6574168095544],[-84.5258997717942,33.6569498377316],[-84.5258996752515,33.6569208954678],[-84.5258997970957,33.656920896917],[-84.5295130335957,33.6569763074906],[-84.5295497411224,33.6569844571902],[-84.5295153192438,33.657421462615],[-84.5295153173712,33.6574215302454],[-84.5295289125676,33.6574220241259],[-84.5295287702318,33.6574238197583],[-84.53029968494,33.6574517900269],[-84.5303562706975,33.6574898974305],[-84.5304637268936,33.6575120940149],[-84.5304647337496,33.6575123020414],[-84.5304651459893,33.6575123873881],[-84.5304651865931,33.6575122998071],[-84.5306540306673,33.6571020626254],[-84.5310599638463,33.6565318360033],[-84.5314734061131,33.6559456119614],[-84.5315389255933,33.655852711216],[-84.5316551810279,33.655687869188],[-84.5321420905674,33.6549579989817],[-84.5324399308748,33.654592833713],[-84.5327378641727,33.6542504777633],[-84.5332262052944,33.6538620730688],[-84.5337600394264,33.6534827301496],[-84.5345283912633,33.6528567319873],[-84.535368697184,33.6520118804579],[-84.5354671057951,33.6518458581413],[-84.5356060660474,33.6516514457232],[-84.5356056557753,33.6516482784954],[-84.5356086076647,33.651648259768],[-84.5359842406102,33.6511774075257],[-84.5368972445189,33.6501099099635],[-84.5369652401901,33.6500304075467],[-84.5375102410554,33.6494594073568],[-84.5377122407536,33.6492714072251],[-84.5382362412603,33.6488274069268],[-84.5396202412872,33.647588406779],[-84.5410882413428,33.6462794063578],[-84.5416782422753,33.6468544066951],[-84.5417222420757,33.6468904065879],[-84.5420232414958,33.6471364071173],[-84.5424182419146,33.6473894067132],[-84.543108242304,33.6477474069225],[-84.5435812424994,33.6479914073651],[-84.5447422429503,33.6485894068906],[-84.5459052431676,33.6492464068611],[-84.5474070908146,33.6501298302039],[-84.5478106823181,33.6503672258432],[-84.5486542436265,33.6508634072358],[-84.5490592438929,33.6511194074604],[-84.5492562443949,33.6512584072668],[-84.5494362439971,33.6514044076199],[-84.5496642442692,33.6516144070549],[-84.5497772440353,33.6517354074981],[-84.5499572443514,33.6519974071444],[-84.5504122441264,33.6527824077652],[-84.5506562447594,33.6531334075301],[-84.5509372444543,33.6534654082282],[-84.5514042444559,33.6539324083236],[-84.5517452450653,33.6543034076113],[-84.5520232448624,33.6546444082904],[-84.5522732448741,33.6549904079227],[-84.5524082455346,33.655226408522],[-84.5525122455167,33.6554834081005],[-84.5528762453618,33.6567134080555],[-84.5531102452262,33.6570644086677],[-84.5534002458215,33.6573644086438],[-84.5537352452761,33.657621408245],[-84.5537962460563,33.6576564082651],[-84.5541282460091,33.657849408869],[-84.5548252461071,33.6581794087204],[-84.5550172460504,33.6582924090069],[-84.555394246317,33.6578604082935],[-84.5557642462012,33.6574854081859],[-84.5560512463652,33.657218408224],[-84.5594512477809,33.6540554073718],[-84.5596482472221,33.6538714071865],[-84.560349247804,33.6532194070794],[-84.5606222473662,33.653021407506],[-84.5607892480468,33.6529274069178],[-84.5609642472311,33.6528464069363],[-84.5612992476215,33.6527324073122],[-84.5614922473845,33.6526874075757],[-84.5615912474769,33.6526714069183],[-84.5616672473644,33.6526604072651],[-84.5620102480918,33.6526374076611],[-84.5623362484992,33.6526564069319],[-84.5626562479259,33.6527114072738],[-84.562964248407,33.6528044071105],[-84.5632882478472,33.6529504069594],[-84.5650662493747,33.6539404074131],[-84.5665792497907,33.6547834072404],[-84.5669032493388,33.6549484072864],[-84.5670792493301,33.65503940761],[-84.5678202495997,33.655352407243],[-84.5684702502641,33.6555694077555],[-84.5688922503466,33.6556864076239],[-84.5695212498328,33.6558294073751],[-84.5702772508589,33.6559554077501],[-84.5711012508941,33.6560284075993],[-84.5715730009733,33.6560328963904],[-84.572047251544,33.6560374076413],[-84.5730742514789,33.6559584077678],[-84.5739078456659,33.6558741983706],[-84.5739031887128,33.6578032622606],[-84.5847744863913,33.6577945197811],[-84.5847232703178,33.6617179078828],[-84.5849788671503,33.6615617653016],[-84.5850673634932,33.6615119988212],[-84.5862368621192,33.660896889312],[-84.5864286088348,33.6607911153807],[-84.5868161481578,33.6605661595889],[-84.5868956273898,33.6605208838712],[-84.586984947105,33.6604721438195],[-84.5885354219681,33.6596413500741],[-84.5886034299916,33.6596033293092],[-84.588854960726,33.6594578421251],[-84.5890909614057,33.6593299285958],[-84.5893051143463,33.6592139750227],[-84.5895449373437,33.6590841225107],[-84.5896457296225,33.6590298456612],[-84.5897465266636,33.6589759068365],[-84.5898481430372,33.6589219678299],[-84.5899497588092,33.6588683722752],[-84.5900513776936,33.658814777528],[-84.5901530002909,33.6587615262178],[-84.5902554406368,33.6587086119487],[-84.5903570625141,33.6586557049083],[-84.5904595043104,33.6586031376052],[-84.590561954122,33.6585509110181],[-84.5906652206273,33.6584990259798],[-84.5910323881544,33.6583129461062],[-84.591115197791,33.6582772778806],[-84.5915630607324,33.6581273320576],[-84.5916590475606,33.6580981453073],[-84.592309729881,33.657925171484],[-84.5925083481514,33.6578822319569],[-84.5926068545476,33.6578647159229],[-84.592702110704,33.6578547687433],[-84.5928236954847,33.6578519449278],[-84.5930383339562,33.6570590153188],[-84.5934256082729,33.6556223923085],[-84.5934522062731,33.6555182116842],[-84.5935908771363,33.6549828487126],[-84.5941673054155,33.6528302869489],[-84.5942522366364,33.6525131164887],[-84.5945483939215,33.6514071247907],[-84.5945599254831,33.6513624110897],[-84.594560260757,33.651362405421],[-84.5947022578056,33.6512244057783],[-84.5949882577212,33.6510354059184],[-84.5952272574806,33.6509054054418],[-84.5954582569562,33.6508174055629],[-84.5957012575844,33.6507574053245],[-84.595983257971,33.6507234056912],[-84.5962682573771,33.6507254056083],[-84.5965422572532,33.6507644058839],[-84.5970492584091,33.6509024060311],[-84.597979257703,33.651227405478],[-84.5984422583668,33.6513764057894],[-84.5991262590169,33.6515294058013],[-84.5992242584851,33.6515474054846],[-84.600052258625,33.6516984059999],[-84.6003842592805,33.6517334056116],[-84.6007502590023,33.65175240578],[-84.6010242587448,33.6517414052155],[-84.6014372592113,33.651686405573],[-84.6018422592719,33.6516044053795],[-84.6020802589596,33.6515424058269],[-84.603220260056,33.6512574050372],[-84.6040062603523,33.6510604053878],[-84.6044442604487,33.650970405727],[-84.6049542605317,33.6509144052524],[-84.6051382600546,33.6509124057344],[-84.6054692605859,33.6509224056705],[-84.605789259942,33.6509564054746],[-84.6062112611084,33.65104240499],[-84.6068112608158,33.6512204053789],[-84.610165261781,33.6523604052339],[-84.6122922626197,33.6530694056634],[-84.6127042621457,33.6531694055376],[-84.6131102628178,33.653235405096],[-84.6135612632137,33.6532734054588],[-84.6139602624577,33.6532744050949],[-84.6143952634288,33.6532364051338],[-84.6147052632286,33.6531914053908],[-84.6149682627224,33.6531394053003],[-84.6152172635912,33.6530794054069],[-84.6155202635212,33.6529884055031],[-84.6160772633185,33.6527514053202],[-84.6214962650442,33.6499194040678],[-84.621827265073,33.6497634048481],[-84.6223352651035,33.649535404012],[-84.6227562649967,33.6493824040157],[-84.6231662654469,33.6492594045249],[-84.6236052656381,33.6491594042915],[-84.6239512653536,33.6491064039092],[-84.6242152653607,33.6490674040986],[-84.6247692653123,33.6490254044855],[-84.6253792654977,33.649027404011],[-84.6259512665032,33.6490714040453],[-84.6262912657691,33.6491184037803],[-84.6266562666902,33.6491824041649],[-84.6293792671879,33.6497184038381],[-84.6300122674306,33.6516554047501],[-84.6316222681811,33.6532564050423],[-84.6318302684133,33.6549574053307],[-84.6371672703604,33.6620624066444],[-84.6406622715233,33.6644494065668],[-84.6438702726677,33.6672244077085],[-84.6446682727106,33.6673234072453],[-84.6455622732374,33.6658224068674],[-84.6471572731987,33.6649204067205],[-84.648352273167,33.663919406899],[-84.6517447956433,33.6633499205884],[-84.6541178015801,33.6628951022244],[-84.6539864527014,33.6632069979021],[-84.6535923900886,33.664141035864],[-84.6535177926727,33.6643177679739],[-84.6534671966386,33.6644377913011],[-84.6534127098237,33.6645671738103],[-84.6533831947119,33.6646370955024],[-84.6533338926179,33.6647535413063],[-84.6533147572196,33.6647989628339],[-84.6532734718553,33.6648799247549],[-84.6532231607139,33.6649922512015],[-84.6531857359945,33.665058356603],[-84.6531441550707,33.6651450902535],[-84.6531127013953,33.665221066025],[-84.6530476418137,33.6653408719844],[-84.6529857990857,33.6654482972087],[-84.6529427048219,33.6655583968974],[-84.6529102791789,33.6656368496857],[-84.6528673291587,33.6657139706379],[-84.6527777710076,33.6658610794398],[-84.6527296407351,33.6659522360864],[-84.6526792834636,33.6660565936274],[-84.6526255652369,33.6661477722035],[-84.6526099493599,33.6661764152521],[-84.6525777655379,33.6662394765984],[-84.6525384278398,33.6663163073237],[-84.6524883650214,33.6664146171076],[-84.6524347220721,33.6665192624639],[-84.6524046744195,33.6666117220374],[-84.6523701038807,33.6667179406414],[-84.6523316572331,33.6668365416034],[-84.6522915944685,33.6669598203906],[-84.6522631646886,33.6670476020791],[-84.6522363462312,33.6671298800224],[-84.652188532766,33.6672776493924],[-84.6521465297861,33.6674067072586],[-84.6521116363829,33.667514302076],[-84.6520873997998,33.6675880500779],[-84.6520541244437,33.6676909661317],[-84.6520163223691,33.6678073653069],[-84.6519785201995,33.667923765371],[-84.6519649481171,33.6679650424503],[-84.6519560317042,33.6680161951385],[-84.6519542647139,33.6680527534755],[-84.6519489231517,33.6681550098053],[-84.6519450613538,33.668228128666],[-84.651940059928,33.6683325818985],[-84.651935619046,33.6684197192985],[-84.6519293972593,33.6685409418388],[-84.6519237637917,33.6686497949311],[-84.6519196239953,33.6687319846506],[-84.6519104518357,33.668913130306],[-84.651900970815,33.6690978504369],[-84.6519343667376,33.6694258613452],[-84.6519482948132,33.6695648683914],[-84.6519670927941,33.6697516766153],[-84.6519803009838,33.6698794184638],[-84.6519921365228,33.6699969977076],[-84.6520057204625,33.6701332578332],[-84.6520182416526,33.6702557808692],[-84.6520328525088,33.6703991825875],[-84.652069056072,33.6707587872513],[-84.6521903638125,33.6711133852055],[-84.6522007189509,33.6711430261808],[-84.6522300500017,33.6712151895984],[-84.652269930816,33.6712930839678],[-84.6523076433102,33.671394621081],[-84.6523278278487,33.6714769893003],[-84.6523453756459,33.6715579937509],[-84.6523507692372,33.6715818827004],[-84.6523791741151,33.6716647686158],[-84.6524059078021,33.6717427136985],[-84.6524466785916,33.671861827366],[-84.6524750867492,33.6719452632526],[-84.6525189534568,33.6720305615984],[-84.6525697379055,33.6721183059757],[-84.6526267765988,33.67220767487],[-84.6526808764433,33.672300627658],[-84.6527282665089,33.6724276858369],[-84.6527610064163,33.6725215476033],[-84.6528081879673,33.6726115042831],[-84.6528580420133,33.6727091460721],[-84.652900688823,33.6728109385692],[-84.6529133518683,33.6728416695146],[-84.6529652264847,33.6729478230622],[-84.6530131085407,33.6730454725407],[-84.6530796158319,33.6731817992056],[-84.6531288292562,33.6732821916446],[-84.6531674019398,33.673360914953],[-84.6531806796458,33.6733839478066],[-84.6532413748252,33.6734804476284],[-84.6533030158783,33.6736280613234],[-84.653349630583,33.6737339603969],[-84.6533913428499,33.6738448252465],[-84.6534297616111,33.6739543289262],[-84.6535734082615,33.6743632531884],[-84.6536173965812,33.6744697125025],[-84.6536607603242,33.6745816707587],[-84.6537008020379,33.6746875955792],[-84.6537392297976,33.6747987482385],[-84.6537671435195,33.6749107673387],[-84.6537898113868,33.6750250053457],[-84.6538343399932,33.6751688379064],[-84.6538602640261,33.6752775665612],[-84.6538766100032,33.6753783632257],[-84.6538791167926,33.6755314311759],[-84.6538715037142,33.675638642899],[-84.6538532484662,33.6757821738188],[-84.6538515747972,33.6758934844962],[-84.6538540133769,33.676034460589],[-84.6538587874175,33.676181473078],[-84.6538494997554,33.6762831957946],[-84.6538346655047,33.6763923592022],[-84.653820665741,33.6765328509738],[-84.6538049976059,33.6766689510374],[-84.6537947690844,33.6767786462898],[-84.6537766460795,33.676887548542],[-84.6537633055418,33.6770283118019],[-84.6537475442675,33.6771479236272],[-84.6537344044289,33.677266150091],[-84.6537096565984,33.677424271898],[-84.6536938022144,33.6775273936858],[-84.653664206656,33.6776421126226],[-84.6536394172428,33.6777930898475],[-84.6536179830346,33.6778976077311],[-84.6536021935277,33.6780122722468],[-84.653590358706,33.6781288444095],[-84.653573903053,33.6782418624133],[-84.653543460807,33.6783813188762],[-84.6535217211229,33.6784902353149],[-84.6534953466296,33.6785931244022],[-84.6534891977991,33.6786104622242],[-84.6534670604476,33.6787070131018],[-84.6534417117973,33.6788170428563],[-84.6534083434567,33.678962282301],[-84.6533833163195,33.6790712116547],[-84.6533592480428,33.6791751907408],[-84.6533521903816,33.6792059983662],[-84.6533324970951,33.6793280988288],[-84.6533182901674,33.6794320390683],[-84.6533057809742,33.6795455905832],[-84.6532909888821,33.6796624493418],[-84.6532655414931,33.6798134290395],[-84.6532404917992,33.6799182360696],[-84.6532222266115,33.6800021295228],[-84.653181030354,33.6801583926906],[-84.653141543818,33.6802682030151],[-84.6531000877477,33.680378571088],[-84.6530622580734,33.680490574001],[-84.6530451246572,33.6805420340142],[-84.6530277995394,33.6806176789912],[-84.6530024497987,33.6807277086317],[-84.652974528379,33.6808481922643],[-84.6529648346541,33.6809947125051],[-84.652957246351,33.6811065963683],[-84.6529372524092,33.6814089821744],[-84.6529314725931,33.681491727319],[-84.6529242120726,33.6816036098818],[-84.6529141923498,33.6817506813944],[-84.652906915848,33.6818595407633],[-84.6528984287684,33.6819870926075],[-84.6528908557796,33.6821017246355],[-84.6528826677355,33.6822237788049],[-84.6528753838959,33.6823315390747],[-84.6528647695605,33.6824898799941],[-84.6528589973509,33.6825739992148],[-84.6528588416796,33.6826047805437],[-84.6528519233867,33.6827188599728],[-84.6528468847434,33.6827581802551],[-84.6528417332637,33.6828357014194],[-84.6528389873257,33.682873637656],[-84.6528443359591,33.6829478192527],[-84.6528423361976,33.683059681088],[-84.6528314571903,33.6831710278447],[-84.6528116989081,33.6832818604223],[-84.6527817414955,33.6833910839893],[-84.6527438812143,33.6834981394963],[-84.6526968044098,33.6836030330047],[-84.6526405048669,33.683704665411],[-84.6525762946431,33.6838027556368],[-84.6525452845931,33.6838419021161],[-84.6525410583509,33.6838504384748],[-84.6525289623693,33.6838623040312],[-84.6524897911545,33.6839116514534],[-84.6524211745697,33.6839861238289],[-84.6523515663844,33.6840597759503],[-84.6522551277091,33.6841557935352],[-84.6521808986455,33.6842261663645],[-84.652104690188,33.6842951719005],[-84.6520402456926,33.6843517640782],[-84.6519617230833,33.6844185803797],[-84.651866816086,33.6844948048193],[-84.6517561737319,33.6845790606886],[-84.6516497050595,33.6846454364835],[-84.6515301551327,33.6847242306193],[-84.6514139073125,33.6848054849264],[-84.6513140513929,33.6848787060064],[-84.6512299248991,33.6849430696788],[-84.6511481091285,33.6850090742635],[-84.6510538725414,33.68508776869],[-84.6509622734237,33.6851681018352],[-84.6508558635036,33.6852451946922],[-84.6507477942958,33.6853195457125],[-84.650648869094,33.6853831437504],[-84.6505479583072,33.6854442744409],[-84.6504447323835,33.6855032167791],[-84.650340835173,33.6855594134136],[-84.6502333065426,33.68561315003],[-84.6501251086389,33.685664690936],[-84.6499790716641,33.6857103332523],[-84.6498848766318,33.6857381840902],[-84.6497896880614,33.6857646646184],[-84.6496944906673,33.6857897709854],[-84.6496091349922,33.6858109914525],[-84.6495014499395,33.6858366964855],[-84.6494154224258,33.6858554453023],[-84.6493070609118,33.6858778545541],[-84.6491986901308,33.6858986155215],[-84.6490741517922,33.6859089956399],[-84.6489502713302,33.6859193721636],[-84.648821133386,33.6859300449841],[-84.64871571013,33.6859488698953],[-84.6485663328089,33.6859854538265],[-84.6483829708209,33.6859996358987],[-84.6481725677276,33.6859990818264],[-84.6480371243962,33.6859993345251],[-84.6480068716623,33.6859978032456],[-84.6479878132182,33.6859995266106],[-84.6479371581913,33.6859945024246],[-84.647914469136,33.6859934907715],[-84.647815799321,33.6859853561704],[-84.6477319294449,33.6859785370946],[-84.6475921226369,33.6859625918253],[-84.6475746844874,33.6859599114475],[-84.647508899551,33.685953571845],[-84.647379962259,33.6859414314015],[-84.647211882104,33.6859253206836],[-84.6471194567528,33.6859168853348],[-84.6470125613729,33.6859076820537],[-84.6468711554149,33.6858997119153],[-84.6467057090584,33.6858841402823],[-84.6465132480035,33.6858585044654],[-84.6464046154762,33.6858322688214],[-84.6463140896892,33.685810634276],[-84.6461543671484,33.6857604116093],[-84.6460334531086,33.6857127855336],[-84.6459586715514,33.6856847690435],[-84.6459138833744,33.6856706515181],[-84.6457933523645,33.685632918487],[-84.6456820425099,33.6855981728428],[-84.6456481354908,33.6855897845359],[-84.6455707338173,33.6855634261916],[-84.6454695329959,33.6855137999267],[-84.6446925764839,33.6851345267929],[-84.6445742373166,33.6850767213453],[-84.6444189778391,33.6850009199253],[-84.6443372294277,33.6849611122817],[-84.6441823019156,33.6848855842827],[-84.6440962658156,33.6848433189037],[-84.6439996824448,33.6847961468222],[-84.6439083743726,33.684751703439],[-84.6438895899527,33.6847432562402],[-84.6437781848196,33.6846909197355],[-84.6436825825759,33.6846426444969],[-84.6436535681429,33.6846273670371],[-84.6435731366759,33.684587827902],[-84.6434633706224,33.6845343856661],[-84.6433532731561,33.684480669605],[-84.6432507571067,33.6844304974669],[-84.6431528568941,33.6843827797847],[-84.6431030827195,33.6843585124855],[-84.6430441498995,33.684342525214],[-84.6429115007759,33.6843125307945],[-84.6427978250785,33.6842654245378],[-84.6426874625992,33.6842229768912],[-84.6425305549667,33.6840858938741],[-84.6424517565034,33.6840444235786],[-84.6423340585357,33.6839830411315],[-84.6422509916921,33.6839424112501],[-84.6421425439351,33.6838895127637],[-84.6420346532405,33.6838778357459],[-84.6418948568577,33.6838629830816],[-84.6417843342007,33.6838510409616],[-84.6416530886402,33.6838369801616],[-84.6415422370983,33.6838250390889],[-84.6414068918046,33.6838423227188],[-84.6413664841553,33.6838474253362],[-84.6412866738049,33.6838609231257],[-84.6411726764518,33.6838745530448],[-84.6411509813407,33.6838749113551],[-84.6410442154308,33.6838885124872],[-84.6408908005825,33.6839080640567],[-84.6407570961047,33.6839250665757],[-84.6406516432814,33.683938388228],[-84.6405090684937,33.683956523621],[-84.6404031080123,33.6839970544769],[-84.6402768091906,33.6840456329307],[-84.6401688793073,33.6840869952477],[-84.6400737437117,33.6841233619716],[-84.6399838574636,33.6841577852838],[-84.6398713357647,33.6842010881617],[-84.6397575007395,33.6842446718721],[-84.6396439945491,33.6842882542192],[-84.6395111337028,33.6843393302509],[-84.639391064585,33.6843851357162],[-84.6392618122308,33.684434824454],[-84.6391657115575,33.6844753156407],[-84.6390484098191,33.6845463944285],[-84.6389073839112,33.6846073948959],[-84.6387721965101,33.6846540825517],[-84.6386375902669,33.6846867515985],[-84.6385561635413,33.6847054752915],[-84.6385220457138,33.6847185226982],[-84.6384538355474,33.6847492888655],[-84.6383619967852,33.6847878399246],[-84.6382757119648,33.6848197741058],[-84.638141234301,33.6848760772298],[-84.6380569598699,33.6849151483098],[-84.6379658191549,33.6849611170407],[-84.6379054695967,33.6849866314357],[-84.6378553035964,33.685010732847],[-84.6377425137105,33.6850655778128],[-84.6376431672766,33.6851137758249],[-84.6375533288814,33.6851575410512],[-84.6374477518182,33.6852087859017],[-84.6373267649907,33.685267509985],[-84.6372310243712,33.6853140448036],[-84.6371208567687,33.6853675059952],[-84.6370198704324,33.6854165347658],[-84.6368893741406,33.6854799660972],[-84.6368559440019,33.6854987810259],[-84.6367503661028,33.6855500252849],[-84.6366519878923,33.6855951964677],[-84.6365618864059,33.6856510540827],[-84.6364858275178,33.6856898187485],[-84.6364523997837,33.6857089085642],[-84.636375724734,33.6857553702363],[-84.6362964181975,33.6858012927537],[-84.6362266512475,33.6858485530939],[-84.6360965080693,33.6859166546285],[-84.6360240516673,33.6859529320827],[-84.6359935717356,33.6859700873455],[-84.6359015833714,33.686041891119],[-84.6357966935048,33.6860989034511],[-84.635684189536,33.6861463257298],[-84.6356409279452,33.6861709491455],[-84.6355940689345,33.6861988844552],[-84.6355131376675,33.6862486600017],[-84.6354072704448,33.6863073248407],[-84.6353715290768,33.6863244990071],[-84.6352892678921,33.6863715312046],[-84.635220771029,33.6864105414193],[-84.6350919692849,33.6864838583001],[-84.6349897149058,33.6865419599777],[-84.6349320793037,33.6865834021098],[-84.634847475759,33.6866230222623],[-84.6348104428177,33.6866443244325],[-84.6347419980697,33.6866932280544],[-84.6346338996139,33.6867650919087],[-84.6345398919119,33.6868286575752],[-84.6344241877487,33.686892305303],[-84.6343061103295,33.6869427706792],[-84.6342028416094,33.686996202263],[-84.6341143198003,33.6870407841252],[-84.6340570852905,33.687095690562],[-84.633976869709,33.6871564562858],[-84.6338811846478,33.687213981291],[-84.6337524593479,33.6873018627378],[-84.6336525958115,33.6873769919608],[-84.6335830313529,33.6874011649503],[-84.6334818175322,33.6874699785304],[-84.6333920766373,33.6875324280862],[-84.6332801137574,33.6876196957159],[-84.6331906855985,33.6876793956975],[-84.6330885324207,33.6877567322474],[-84.6329942499318,33.6878307416544],[-84.6329182631873,33.6878835200941],[-84.6328215893149,33.687940773907],[-84.6327314576694,33.6879919564648],[-84.632454631291,33.6881724613474],[-84.6323701269104,33.6882307680512],[-84.632270284804,33.6883102934508],[-84.632141781488,33.6883789346563],[-84.6317468629482,33.6889745938893]]]},"properties":{"FID":3,"CityName":"South Fulton","DistrNum":"District 1","Shape_Leng":203675.945588,"created_us":" ","created_da":null,"last_edite":"ROKADMIN","last_edi_1":1624320000000,"Shape_Le_1":233289.523409,"CreationDate":1676574024707,"Creator":"erik.michael_cosfga","EditDate":1677002954483,"Editor":"erik.michael_cosfga","Shape__Area":57505310.4453125,"Shape__Length":44668.04972177747}},{"type":"Feature","id":4,"geometry":{"type":"MultiPolygon","coordinates":[[[[-84.5374514303496,33.7463667468368],[-84.5374503952053,33.7463965774792],[-84.5374502657851,33.7463667548425],[-84.5374507190947,33.7463667525795],[-84.5374514303496,33.7463667468368]]],[[[-84.5374514303496,33.7463667468368],[-84.5375155164261,33.7445200213763],[-84.537514352865,33.7445200059365],[-84.5375153870004,33.744490200534],[-84.5375149347527,33.7444901964824],[-84.535333001682,33.7444608939187],[-84.5353321511403,33.7444608829336],[-84.5353358845723,33.7443877532281],[-84.5353387450573,33.7443151788409],[-84.5354643007039,33.741129883647],[-84.5354749816731,33.7408589142218],[-84.535565512565,33.73856204094],[-84.5355642078186,33.7385620520513],[-84.5355653838506,33.7385322218655],[-84.5355649316652,33.7385322250198],[-84.5355642798318,33.7385322305739],[-84.5355638265672,33.7385322337313],[-84.5355633743856,33.7385322377872],[-84.5337278892738,33.738547724285],[-84.5337275244974,33.7385477253694],[-84.5337274360051,33.7385477265341],[-84.5337270712133,33.7385477240119],[-84.5337269837926,33.7385477233702],[-84.5337266189892,33.7385477181431],[-84.5286358126073,33.7384719854274],[-84.5286353593009,33.7384719786414],[-84.5286349070736,33.7384719718522],[-84.5270075620462,33.7384476127647],[-84.5270071087475,33.738447607776],[-84.5270056417785,33.7382301928413],[-84.5263067244095,33.7380046072543],[-84.5254191180296,33.73771811117],[-84.5254184612464,33.7377179634038],[-84.5254181028695,33.7377179455103],[-84.5254177833555,33.7377179302089],[-84.5254176496009,33.7377179468272],[-84.5254171113524,33.7377180151134],[-84.5254164743569,33.7377182135245],[-84.5254159003947,33.7377185172459],[-84.5254156132137,33.7377187507069],[-84.5254154830645,33.7377188556767],[-84.5254151599488,33.7377187529254],[-84.5254100516808,33.7377171249545],[-84.5258040208958,33.7333770118914],[-84.5253448638669,33.7330653841561],[-84.5251153509848,33.7329096127267],[-84.5242206930627,33.7323023970861],[-84.5244856830821,33.7306639036446],[-84.5244207664686,33.7306121239787],[-84.5244007691697,33.730596557142],[-84.5243805751321,33.7305811675961],[-84.5240883652063,33.7303472445403],[-84.5240879765056,33.7303469327913],[-84.5240879130556,33.7303472458489],[-84.5238568105348,33.7314914357641],[-84.5238567629563,33.7314916730368],[-84.5238563583817,33.7314914379736],[-84.5235520039674,33.7313142754914],[-84.523609094714,33.7309005784753],[-84.5236217541014,33.7308088400336],[-84.5237270085202,33.7300461148465],[-84.5237276088465,33.730041765333],[-84.5237271567048,33.7300417684437],[-84.5219550429116,33.7300527655795],[-84.521908500221,33.7300530536582],[-84.5218613899265,33.730053346057],[-84.5214046109179,33.7300561756145],[-84.5214041576931,33.7300561778181],[-84.5214936146272,33.7290864059133],[-84.5213359375332,33.7290342319813],[-84.5213354988167,33.7290340871733],[-84.5213354853892,33.7290342332799],[-84.5211145116408,33.731463177437],[-84.5211140594469,33.7314631697184],[-84.5190413746136,33.7314178866297],[-84.5189138028386,33.7314150984047],[-84.51797321794,33.7313945367547],[-84.5179727646602,33.7313945272243],[-84.5179723124558,33.7313945167892],[-84.5178424583957,33.7313914742734],[-84.5178420051122,33.7313914638409],[-84.5178415529116,33.731391454307],[-84.5178026010302,33.7313906255472],[-84.5178021477504,33.7313906160162],[-84.5178016955498,33.7313906064822],[-84.5175990728215,33.7313862954962],[-84.5176769490464,33.7311646539726],[-84.5176758902393,33.7311370483218],[-84.5176768265551,33.7311348348036],[-84.5176632179366,33.7307800381693],[-84.51765364413,33.7305304242824],[-84.5174864659018,33.7300647961837],[-84.5171508022504,33.7295308038704],[-84.5171245859474,33.7294890964929],[-84.5169663730696,33.7292374003292],[-84.5162818069928,33.7285658816263],[-84.5152642076418,33.7273600779791],[-84.514527553068,33.7266128373056],[-84.514523155082,33.7266380707946],[-84.5145225591663,33.7266414834349],[-84.5145123667779,33.7266999574373],[-84.5144982035113,33.7267812121222],[-84.5144072368428,33.7274617220599],[-84.5142895948803,33.7278102030422],[-84.5140985255743,33.7284013527465],[-84.5134472688487,33.7292735580021],[-84.5125271406411,33.7298978339531],[-84.5117324433259,33.7302606414881],[-84.5115167143144,33.7303526655904],[-84.511387073722,33.7304079662757],[-84.511145631019,33.7305109580049],[-84.5109228344231,33.7306172676695],[-84.5108964200242,33.7306298715993],[-84.5107000372751,33.7307235769337],[-84.510514369151,33.7308111316895],[-84.5105150138861,33.7307998907672],[-84.5104837017904,33.7308142754893],[-84.5099266465757,33.7310701891995],[-84.5092468957678,33.731641926227],[-84.5091853571617,33.7317326041303],[-84.5091618817105,33.7317671945023],[-84.5090003296506,33.7320052410975],[-84.5087543771073,33.7325239674615],[-84.5086426181277,33.7329991748722],[-84.5086434220249,33.7330260852309],[-84.5086456634948,33.7331011751252],[-84.5086454942657,33.7331213555241],[-84.5086664464478,33.7338231714937],[-84.5090272347199,33.7361705500577],[-84.509153274462,33.7369585644284],[-84.509126317747,33.7377204222293],[-84.508943179445,33.7384461923822],[-84.508636572712,33.7393104032764],[-84.5084691581189,33.7395830688388],[-84.5084690658982,33.7395832187686],[-84.5084687048433,33.7395830709952],[-84.5084678238246,33.7395827100677],[-84.5083148638683,33.7395200230523],[-84.5082028419233,33.7394752620009],[-84.5081122541472,33.7394436327696],[-84.5080052134762,33.7394109498397],[-84.5079014754396,33.7393812809341],[-84.507796105231,33.7393547767463],[-84.5077006242561,33.7393334666313],[-84.5075936311586,33.7393124632333],[-84.5074965261864,33.7392966539248],[-84.5073879128787,33.7392818383612],[-84.5072900067767,33.7392711155257],[-84.5072019827729,33.7392638006594],[-84.5071032744152,33.7392581625101],[-84.5071028221955,33.739258158347],[-84.5069614465413,33.7392562262975],[-84.5069609932317,33.739256219432],[-84.5069605410013,33.7392562125634],[-84.5068734453684,33.7392546844226],[-84.5068732640502,33.7392546831189],[-84.5068729920623,33.7392546784583],[-84.5068728107655,33.7392546825645],[-84.5068723661752,33.7392546973142],[-84.5056663386259,33.7392943933601],[-84.5056659609333,33.7392944043152],[-84.5056658864734,33.7392944063229],[-84.5056658863067,33.7392943639457],[-84.5056644106999,33.7382919922391],[-84.5057648536948,33.7330642892839],[-84.5057693971239,33.7328637857789],[-84.5057935394473,33.731607212171],[-84.5057928476994,33.7316072086607],[-84.5057934210609,33.7315773920649],[-84.5057929688921,33.7315773906017],[-84.5018205660429,33.7315547645199],[-84.5018349146146,33.7313535861779],[-84.5019340227054,33.7300234200107],[-84.5018575130219,33.7295911217081],[-84.5020308493115,33.7282797352503],[-84.5021094427269,33.7271341884149],[-84.5020518858761,33.7271346882685],[-84.502064417314,33.72660398749],[-84.5020667742167,33.7265041659968],[-84.5020685427788,33.7264292507332],[-84.50208651312,33.7256856415552],[-84.5020930063751,33.7254169647328],[-84.5020987188539,33.7251805945477],[-84.5020724704404,33.7250074658457],[-84.5020047417956,33.7245607340583],[-84.5019059409281,33.7239087596156],[-84.5017003054205,33.723906955289],[-84.5012124725265,33.7242671710997],[-84.5009953225755,33.7240432539721],[-84.5012042838673,33.7239026032203],[-84.5009224442077,33.7239001293864],[-84.5009240981393,33.7239053527124],[-84.5009246287569,33.7239080652613],[-84.5009251529003,33.7239107778278],[-84.5009256716555,33.7239134922121],[-84.5009261828574,33.7239162066169],[-84.5009266875921,33.7239189228425],[-84.5009271858526,33.7239216390855],[-84.5009276787215,33.7239243562449],[-84.5009281640405,33.7239270743263],[-84.5009286428889,33.7239297933269],[-84.5009291152665,33.7239325132467],[-84.5009295811734,33.7239352340856],[-84.5009300406061,33.723937954942],[-84.5009304946471,33.7239406767147],[-84.5009309411383,33.7239433994095],[-84.5009313811588,33.7239461230234],[-84.5009318147086,33.7239488475565],[-84.5009322417842,33.7239515721072],[-84.5009326623925,33.7239542984786],[-84.5009330765266,33.7239570248676],[-84.5009334831075,33.723959751277],[-84.5009338843002,33.7239624795043],[-84.5009342790186,33.7239652077491],[-84.5009346672663,33.7239679369131],[-84.5009350490398,33.7239706660946],[-84.500935423267,33.7239733970998],[-84.500935792099,33.7239761281196],[-84.5009361544568,33.723978859157],[-84.5009365092648,33.7239815911164],[-84.5009368586812,33.7239843239921],[-84.5009372005477,33.7239870577899],[-84.5009375370191,33.7239897916023],[-84.5009378659372,33.7239925254351],[-84.500938188388,33.7239952610888],[-84.5009385043612,33.7239979958583],[-84.5009388149461,33.7240007324457],[-84.5009391179778,33.7240034690536],[-84.5009394145352,33.7240062056789],[-84.5009397046219,33.7240089432235],[-84.5009399882379,33.7240116816872],[-84.5009402653796,33.7240144201684],[-84.5009405360471,33.7240171586672],[-84.5009407991647,33.724019898088],[-84.5009410568873,33.7240226375234],[-84.500941308139,33.724025377878],[-84.500941551841,33.7240281191547],[-84.5009417901443,33.7240308595444],[-84.5009420208978,33.7240336008561],[-84.5009422462596,33.7240363430841],[-84.5009424640681,33.7240390853325],[-84.5009426754024,33.7240418275985],[-84.500942881345,33.7240445707807],[-84.5009430797343,33.7240473139833],[-84.5009432716493,33.7240500572035],[-84.5009434570936,33.7240528013428],[-84.5009436360637,33.7240555454997],[-84.5009438074804,33.724058289677],[-84.5009439735055,33.7240610347705],[-84.5009441330563,33.7240637798816],[-84.5009442861328,33.7240665250102],[-84.5009444316561,33.7240692701592],[-84.5009445717877,33.7240720162245],[-84.500944704366,33.7240747623102],[-84.50094483047,33.7240775084134],[-84.5009449500998,33.7240802545342],[-84.5009450643379,33.7240830015712],[-84.5009451710226,33.7240857486287],[-84.5009452712331,33.7240884957037],[-84.5009453649694,33.7240912427961],[-84.5009454511524,33.7240939899091],[-84.5009455319402,33.7240967370366],[-84.5009456062572,33.7240994850834],[-84.5009456730174,33.7241022322488],[-84.5009457343859,33.7241049803306],[-84.5009457881976,33.7241077275312],[-84.5009458366176,33.724110475648],[-84.5009458774843,33.7241132237852],[-84.5009459118767,33.72411597194],[-84.5009459397949,33.7241187201123],[-84.5009459612388,33.7241214683021],[-84.5009459762084,33.7241242165094],[-84.5009459847038,33.7241269647343],[-84.500945986725,33.7241297129767],[-84.5009459822719,33.7241324612366],[-84.5009459713445,33.724135209514],[-84.5009459528637,33.7241379578119],[-84.5009459289878,33.7241407061244],[-84.5009458975551,33.7241434535556],[-84.5009458596516,33.7241462019061],[-84.5009458163529,33.7241489502711],[-84.5009457654974,33.7241516977549],[-84.5009457081711,33.7241544461579],[-84.5009456443671,33.7241571936768],[-84.5009455740888,33.7241599412132],[-84.5009454973361,33.7241626887672],[-84.5009454130303,33.7241654363415],[-84.5009453233257,33.7241681830289],[-84.5009452271468,33.7241709297337],[-84.5009451234181,33.7241736773607],[-84.5009450142907,33.7241764241005],[-84.5009448976064,33.7241791699592],[-84.5009447744514,33.7241819167371],[-84.5009446458976,33.7241846626279],[-84.5009445097906,33.7241874085392],[-84.5009443672093,33.7241901544679],[-84.5009442181502,33.7241928995126],[-84.5009440626168,33.7241956445747],[-84.5009439006091,33.7241983896544],[-84.5009437310481,33.7242011347546],[-84.5009435560884,33.7242038789677],[-84.500943374651,33.7242066222967],[-84.5009431856636,33.7242093665477],[-84.5009429912776,33.7242121099117],[-84.5009427893383,33.7242148532962],[-84.5009425820002,33.7242175957936],[-84.5009423671087,33.7242203383114],[-84.5009421457396,33.7242230799452],[-84.5009419178961,33.7242258215964],[-84.5009416846574,33.7242285632623],[-84.5009414438618,33.7242313040469],[-84.5009411965885,33.7242340439474],[-84.5009409417654,33.7242367847701],[-84.50094068154,33.724239523804],[-84.5009404148403,33.7242422628554],[-84.5009401416663,33.7242450019244],[-84.5009398620146,33.7242477401092],[-84.5009395748095,33.7242504783145],[-84.5009392822057,33.7242532156328],[-84.5009389820451,33.7242559520698],[-84.5009386764892,33.7242586885214],[-84.5009383633765,33.7242614240918],[-84.5009380448685,33.7242641596769],[-84.5009377188037,33.7242668943807],[-84.5009373862612,33.7242696282004],[-84.5009370472443,33.7242723620376],[-84.5009367028287,33.7242750949878],[-84.5009363508562,33.7242778270568],[-84.5009359924095,33.7242805591433],[-84.5009356274849,33.7242832903456],[-84.5009352560861,33.7242860215655],[-84.500934878206,33.7242887509996],[-84.5009344938516,33.7242914804513],[-84.5009341030193,33.7242942090188],[-84.5009337057129,33.7242969376038],[-84.5009333019285,33.7242996653047],[-84.5009328905874,33.7243023921244],[-84.5009324738475,33.724305118057],[-84.5009320506298,33.7243078431056],[-84.5009316209378,33.7243105681716],[-84.5009311836855,33.7243132914548],[-84.5009307410379,33.7243160147526],[-84.5009302919125,33.7243187371663],[-84.5009298352303,33.7243214586988],[-84.5009293731528,33.7243241802458],[-84.500928903515,33.72432690001],[-84.5009284284819,33.7243296197888],[-84.5009279469675,33.7243323377819],[-84.5009274578998,33.7243350557953],[-84.5009269634333,33.7243377729218],[-84.5009264614099,33.724340489167],[-84.5009259539878,33.7243432045252],[-84.5009254390089,33.7243459190021],[-84.5009249186312,33.7243486325921],[-84.5009243906931,33.7243513443991],[-84.5009238573598,33.7243540562208],[-84.5009233175487,33.7243567671583],[-84.5009227701807,33.7243594772147],[-84.5009222174139,33.724362186384],[-84.5009216570903,33.724364894672],[-84.500921091368,33.724367602073],[-84.5009205180888,33.7243703085929],[-84.5009199394073,33.724373013324],[-84.5009193542515,33.7243757180726],[-84.5009187615353,33.7243784210384],[-84.5009181634204,33.7243811231172],[-84.5009175588312,33.7243838252135],[-84.5009169466816,33.7243865255268],[-84.5009163291332,33.7243892249532],[-84.5009157051036,33.7243919225938],[-84.5009150745996,33.7243946202519],[-84.5009144376143,33.7243973161242],[-84.5009137941512,33.7244000111124],[-84.5009131442102,33.7244027052165],[-84.5009124867125,33.7244053984393],[-84.5009118248915,33.7244080898706],[-84.5009111555171,33.7244107813223],[-84.5009104796614,33.7244134709882],[-84.5009097973244,33.7244161588683],[-84.500909108513,33.724418846766],[-84.5009084132204,33.7244215328778],[-84.5009077125255,33.724424217201],[-84.5009070042772,33.7244269015446],[-84.5009062906266,33.7244295840995],[-84.5009055694192,33.7244322657732],[-84.5009048428095,33.7244349456582],[-84.500904109722,33.7244376246591],[-84.5009033701566,33.7244403027759],[-84.5009026241099,33.7244429791068],[-84.5009018705064,33.7244456545566],[-84.5009011125831,33.7244483291164],[-84.5009003470994,33.7244510018933],[-84.5008995751345,33.7244536728844],[-84.5008987966917,33.7244563429915],[-84.5008980128501,33.7244590122114],[-84.5008972214481,33.7244616796485],[-84.5008898180452,33.7244856278329],[-84.500888964002,33.724488281013],[-84.5008881034846,33.7244909342105],[-84.5008872364822,33.7244935847207],[-84.5008863630021,33.7244962343468],[-84.5008854830406,33.724498882187],[-84.5008845966013,33.7245015291431],[-84.5008837047596,33.7245041743105],[-84.5008828064367,33.7245068176922],[-84.5008819016359,33.7245094601897],[-84.5008809903538,33.7245121009014],[-84.5008800725904,33.7245147398274],[-84.500879148349,33.7245173778692],[-84.500878218702,33.7245200132206],[-84.5008772825771,33.724522647688],[-84.5008763388953,33.7245252812741],[-84.5008753908867,33.7245279121669],[-84.5008744353213,33.7245305421786],[-84.5008734732745,33.7245331704044],[-84.5008725058254,33.7245357968416],[-84.500871531895,33.7245384214929],[-84.5008705514868,33.7245410452602],[-84.5008695645937,33.72454366634],[-84.5008685723018,33.7245462865327],[-84.5008675724495,33.7245489049426],[-84.5008665671949,33.7245515215638],[-84.5008655554625,33.7245541373008],[-84.5008645383243,33.7245567503476],[-84.5008635136257,33.7245593616114],[-84.5008624835283,33.7245619719881],[-84.500861446946,33.7245645796775],[-84.500860403886,33.7245671864827],[-84.50085935542,33.7245697905976],[-84.5008582993973,33.7245723938312],[-84.5008572379722,33.7245749952762],[-84.5008561711448,33.7245775949324],[-84.5008550967535,33.7245801919041],[-84.5008540169635,33.7245827879888],[-84.500852930692,33.7245853822877],[-84.5008518379357,33.7245879738992],[-84.5008507397807,33.7245905646236],[-84.5008496351443,33.7245931535622],[-84.500848524023,33.7245957398134],[-84.5008474064238,33.7245983251804],[-84.5008462834189,33.7246009078571],[-84.5008451539326,33.724603488748],[-84.500844017965,33.7246060678531],[-84.500842876595,33.7246086451695],[-84.5008417287437,33.7246112207002],[-84.5008405744111,33.724613794445],[-84.5008394135936,33.7246163655024],[-84.5008382473773,33.7246189356728],[-84.5008370757551,33.7246215031528],[-84.5008358965726,33.7246240688499],[-84.5008347119878,33.7246266327583],[-84.5008335209181,33.7246291939793],[-84.5008323244496,33.7246317543133],[-84.5008311204172,33.7246343119627],[-84.5008299120616,33.7246368678205],[-84.500828696142,33.7246394209937],[-84.5008274748237,33.72464197328],[-84.5008262470205,33.7246445228787],[-84.5008250138149,33.7246470706888],[-84.5008237741245,33.7246496158114],[-84.5008225290318,33.7246521591453],[-84.5008212763787,33.7246547006964],[-84.5008200194023,33.7246572404558],[-84.500818754862,33.7246597775307],[-84.5008174849194,33.7246623128169],[-84.500816208492,33.7246648454157],[-84.5008149266622,33.7246673762258],[-84.5008136383511,33.72466990525],[-84.5008123446341,33.7246724315839],[-84.5008110444358,33.7246749561321],[-84.5008097388317,33.7246774779898],[-84.5008084256671,33.7246799980647],[-84.5008071081793,33.724682516348],[-84.5008057831276,33.7246850319467],[-84.5008044537491,33.7246875448522],[-84.5008031168102,33.7246900559748],[-84.500801774469,33.7246925653087],[-84.500800426722,33.7246950719522],[-84.5007990724901,33.7246975759083],[-84.5007977117803,33.7247000789802],[-84.5007963456612,33.7247025784602],[-84.5007949741398,33.7247050761514],[-84.5007935961335,33.7247075711552],[-84.5007922116459,33.7247100643731],[-84.5007908217525,33.7247125549008],[-84.5007894264567,33.7247150436397],[-84.5007880246761,33.7247175296912],[-84.500786616414,33.7247200139569],[-84.5007852027427,33.7247224946306],[-84.5007837825935,33.7247249744201],[-84.500782357035,33.7247274506176],[-84.5007809260741,33.7247299250264],[-84.5007794886284,33.7247323967478],[-84.5007780457804,33.7247348666805],[-84.500776596444,33.724737333024],[-84.5007751406297,33.7247397984834],[-84.5007736804851,33.7247422603479],[-84.5007722138592,33.7247447204266],[-84.5007707407484,33.7247471778179],[-84.5007692622318,33.7247496325188],[-84.5007677772303,33.7247520845322],[-84.5007662879055,33.724754534754],[-84.5007647910168,33.7247569822913],[-84.5007632898014,33.7247594271353],[-84.5007617821011,33.7247618692918],[-84.5007602679193,33.7247643096626],[-84.5007587483318,33.724766747343],[-84.5007572233349,33.7247691814314],[-84.5007556918567,33.724771613734],[-84.5007541560551,33.7247740442449],[-84.5007526126862,33.7247764711697],[-84.5007510639114,33.7247788954041],[-84.5007495097343,33.7247813178498],[-84.5007479501479,33.7247837367035],[-84.5007463840801,33.7247861537714],[-84.5007448126065,33.7247885681489],[-84.500743235727,33.724790979836],[-84.5007416523627,33.7247933888357],[-84.5007400635925,33.7247957951451],[-84.5007384694165,33.7247981987641],[-84.5007368687556,33.7248005996956],[-84.5007352626889,33.7248029979367],[-84.5007336512164,33.7248053934875],[-84.500732033259,33.7248077863509],[-84.5007304109748,33.7248101765209],[-84.5007287811267,33.7248125640065],[-84.5007271469518,33.7248149487987],[-84.500725506292,33.7248173309035],[-84.5007238613054,33.724819710315],[-84.5007222087549,33.724822087042],[-84.5007205518776,33.7248244610756],[-84.5007188885155,33.7248268324219],[-84.500717220823,33.7248292001732],[-84.5007155466492,33.7248315661387],[-84.500713865987,33.7248339285151],[-84.500712180998,33.7248362881982],[-84.5007104895241,33.7248386451939],[-84.5007087926444,33.7248409994992],[-84.5007070903589,33.7248433511141],[-84.5007053826675,33.7248457000386],[-84.5007036684878,33.7248480453741],[-84.5007019499812,33.7248503880162],[-84.5007002249898,33.7248527279709],[-84.5006984945925,33.7248550652353],[-84.5006967587894,33.7248573998092],[-84.500695016498,33.7248597307941],[-84.5006932698832,33.7248620599873],[-84.5006915167766,33.7248643846898],[-84.5006897582676,33.7248667076035],[-84.5006879954283,33.7248690269223],[-84.5006862261077,33.7248713444554],[-84.5006844513742,33.7248736574947],[-84.5006826701593,33.7248759687482],[-84.5006808846141,33.7248782764068],[-84.5006790936632,33.724880581375],[-84.5006772962238,33.7248828827541],[-84.5006754944611,33.7248851823415],[-84.5006736862065,33.7248874774382],[-84.5006718725496,33.7248897707462],[-84.5006700545625,33.7248920604593],[-84.5005867730147,33.7249875275879],[-84.5005797159483,33.7249956146864],[-84.5003390244108,33.7249960407059],[-84.5002658643825,33.7249962049857],[-84.4996049239391,33.7249974114859],[-84.499603528718,33.7249974143455],[-84.4995521083419,33.7249975051677],[-84.4994964159742,33.7249976038747],[-84.4984664804503,33.7249994212671],[-84.4983883522884,33.7249995590109],[-84.4983851452681,33.7249995495918],[-84.4982572884539,33.7250432085029],[-84.4982006608646,33.7250711865395],[-84.4981669318368,33.7250668111771],[-84.4980400823836,33.7250087513365],[-84.498000550324,33.7249785797897],[-84.4979493667586,33.7249389143899],[-84.4979147825643,33.7249259529777],[-84.4978530618551,33.7249123772676],[-84.4976994036319,33.7249392411157],[-84.4976664863699,33.7249321151925],[-84.4976121210187,33.7249068395948],[-84.4975684896236,33.7248932152669],[-84.4975249610535,33.7249063860649],[-84.4974994479221,33.7249002708541],[-84.4974738710579,33.7248890740748],[-84.4974533637049,33.7248807057322],[-84.4974186037806,33.7248657907625],[-84.497409003921,33.7248667848505],[-84.4973721362211,33.7248931316905],[-84.4973341388719,33.7249420301606],[-84.4973185584779,33.724953064867],[-84.4972721251598,33.7249637457654],[-84.4972120473277,33.7249497289353],[-84.4971599803723,33.7249320199965],[-84.4970915349058,33.7248978518448],[-84.4970644168769,33.7248843202078],[-84.4970494678251,33.7248883437165],[-84.4970167201561,33.7249341984812],[-84.4969956114259,33.7249530562766],[-84.4969361344853,33.7249327892277],[-84.4968960502506,33.7248834279527],[-84.4968914247661,33.7248812952808],[-84.4968867917767,33.7248791752518],[-84.4968795614414,33.724880708465],[-84.4968091622084,33.7249539912355],[-84.496800573009,33.7249529060605],[-84.4967783223615,33.7249311193106],[-84.4967641417708,33.724878252539],[-84.4967583777365,33.7248760832323],[-84.4967238470179,33.7248857790605],[-84.4966642849226,33.724912031254],[-84.4966445607422,33.7249145815435],[-84.4966394863517,33.7249135717218],[-84.4966239566189,33.7249105142214],[-84.4964863895743,33.7248534497916],[-84.4964789925278,33.7248542801347],[-84.4964312888117,33.7248852017827],[-84.4964267917782,33.7248901314231],[-84.4963607145675,33.7249627658295],[-84.4963633176258,33.7248835537962],[-84.4963691303843,33.7247096656049],[-84.4963707988999,33.7246595056228],[-84.4963734171143,33.7245786173661],[-84.4963736009387,33.7245758956769],[-84.496373692975,33.7245731561996],[-84.4963781428256,33.7244399011695],[-84.4963802434322,33.7243766019984],[-84.4963800980984,33.7243738685647],[-84.4963872965959,33.7241656271616],[-84.4963876325666,33.7241555682888],[-84.4963946338672,33.7239459947565],[-84.4963961830566,33.723899627453],[-84.4964021990673,33.7237193811114],[-84.4964065644255,33.7235888826512],[-84.4964096807023,33.723511840418],[-84.4964121196771,33.7234515374394],[-84.4964178799373,33.7233088322313],[-84.4964267850221,33.7230880964892],[-84.4964316513704,33.7229675726044],[-84.4964337187999,33.7227850014872],[-84.4964369867035,33.7224962048093],[-84.4964379241028,33.7224134536806],[-84.4964421413623,33.7220408057987],[-84.4964451280538,33.7217766755554],[-84.4964461989962,33.7216820086681],[-84.4964412328866,33.7216054234916],[-84.4966287150974,33.7216848762544],[-84.4967403497049,33.7217265500748],[-84.4968332062728,33.7217612131211],[-84.4970552344097,33.7218440965503],[-84.4972744604323,33.7219254930338],[-84.4973416294908,33.7219504324641],[-84.497433336102,33.7219844823037],[-84.4976110275465,33.7220512013453],[-84.498413199793,33.7223536928324],[-84.4984594363892,33.7223607142556],[-84.4985029131803,33.7223773619477],[-84.498520370161,33.7223839106597],[-84.4985374964361,33.7223903232061],[-84.4986022201773,33.7224152955669],[-84.4986213237001,33.722422664855],[-84.4986863749848,33.7224474992393],[-84.4987319904866,33.7224641411006],[-84.4987489548961,33.7224711031615],[-84.4987660844024,33.7224780656778],[-84.4988029735475,33.7224918447749],[-84.4988392050313,33.7225057635832],[-84.4988571556853,33.7225127229766],[-84.4989143029286,33.7225346931986],[-84.4989640386003,33.7225536591799],[-84.4990093266967,33.7225707138761],[-84.4990249731741,33.7225769932847],[-84.4990404556386,33.722583272231],[-84.4991295488391,33.7226166984801],[-84.4991501355223,33.7226247507555],[-84.4991708878285,33.7226329396333],[-84.4992356018446,33.7226555754944],[-84.4992624419545,33.7226648479843],[-84.4993204052534,33.7226851657884],[-84.4993861061274,33.7227076618604],[-84.4994073484109,33.7227150252643],[-84.4994284256035,33.7227223882076],[-84.4994877043164,33.7227427032902],[-84.4995395740743,33.7227607021216],[-84.4996347501799,33.7227932874951],[-84.499651051743,33.7227990141457],[-84.4996676840268,33.7228048787575],[-84.4997078617796,33.7228187857675],[-84.4997709290023,33.7228404646216],[-84.4998616586933,33.7228716876873],[-84.4998995312268,33.722884639688],[-84.4999181381294,33.7228910480468],[-84.4999369106557,33.7228975930076],[-84.4999955324787,33.7229179096176],[-84.5000684611531,33.7229384616825],[-84.5000990813091,33.7229471737749],[-84.500122458078,33.7229537062769],[-84.5001596027231,33.7229634105932],[-84.5001605780837,33.7229636658332],[-84.5001609777324,33.7229637702479],[-84.5001610312724,33.7229636637078],[-84.5002149587337,33.7228557665403],[-84.5002281458387,33.7228594367327],[-84.5002341998686,33.7228473228588],[-84.5002364816498,33.7228182112296],[-84.5002573762588,33.7228243753212],[-84.5002815698531,33.7228311905104],[-84.5003059631212,33.7228377391668],[-84.5003243304357,33.7228424584077],[-84.5003427586184,33.7228470124782],[-84.5003674166578,33.7228528273606],[-84.5003921728266,33.7228583462295],[-84.500410800439,33.722862291133],[-84.5004419558022,33.7228684932862],[-84.5004732388454,33.7228742280285],[-84.5005046387742,33.7228794944874],[-84.5005361480279,33.7228842908797],[-84.5005677536508,33.7228886154372],[-84.5005994470031,33.7228924663798],[-84.5006312183696,33.7228958428321],[-84.5006503146203,33.7228976404901],[-84.5006691954048,33.7228992475767],[-84.5006949519645,33.722901167874],[-84.500720502249,33.7229027632259],[-84.5007460783296,33.7229040537429],[-84.5007716726456,33.7229050376422],[-84.5011890860002,33.7229177860402],[-84.5011980422424,33.7228508047848],[-84.5012203106257,33.7226842653496],[-84.501269944604,33.7226843788449],[-84.5012405703122,33.722904180343],[-84.5016075062271,33.7229049782592],[-84.5017019758643,33.7229051836716],[-84.5026839637181,33.7229382196722],[-84.5034539043168,33.7229363524218],[-84.5036180095298,33.7229367577765],[-84.5036520632818,33.7229368424907],[-84.5036555995786,33.7229369148924],[-84.5036852831302,33.7229375290724],[-84.5037548512171,33.7229389667047],[-84.5038568158579,33.722941093081],[-84.5039816530578,33.7229438079013],[-84.5040311438992,33.7229450829122],[-84.5041232419155,33.7229472360198],[-84.5041472701878,33.7229459107501],[-84.5041777971964,33.722944227792],[-84.504627654463,33.7229194733981],[-84.505330029324,33.7229260411977],[-84.5053173519977,33.7228719901161],[-84.5053670134805,33.7228716618809],[-84.5054072892468,33.7229267634334],[-84.505736160197,33.722929819257],[-84.5057471943312,33.722541199507],[-84.505865560114,33.7223494339355],[-84.506045406052,33.7220580619674],[-84.5060470960027,33.7219594026054],[-84.506054098007,33.7215506418334],[-84.5058797875802,33.7215504336406],[-84.5058929900578,33.7207262645143],[-84.5058976644568,33.7204514258854],[-84.505902973206,33.7201288346741],[-84.5059108653373,33.7196269130852],[-84.5059195674246,33.71912189745],[-84.5059202139459,33.7190772366191],[-84.5059250284642,33.7187941636024],[-84.5059295624663,33.718527560104],[-84.505935030663,33.7181753263863],[-84.5059368409469,33.7180586839895],[-84.5059380900778,33.717978229326],[-84.5059427642618,33.7177033905748],[-84.505949497756,33.717295956602],[-84.5059526222435,33.7171069111314],[-84.5059540340415,33.7170214590255],[-84.5059493987535,33.7170219947193],[-84.5053992256794,33.7170855225358],[-84.5051163577322,33.7175800390029],[-84.5036147511999,33.7169036225088],[-84.5039817631824,33.7163087848777],[-84.5049143206381,33.7164188037824],[-84.5054422859425,33.7167522376644],[-84.5059403288141,33.7163106600256],[-84.5059137043027,33.7159191344555],[-84.5059076428912,33.7158300078682],[-84.5059033953955,33.7157675410046],[-84.5059478989573,33.7153865434446],[-84.5059691798806,33.7152043583428],[-84.5059767118792,33.7151398727659],[-84.5059771639405,33.7151398688191],[-84.5059776170843,33.7151398657709],[-84.5059782687442,33.7151398603742],[-84.5059787208091,33.715139857329],[-84.5060122832197,33.7130130708921],[-84.5060122841319,33.7130130285117],[-84.506012737307,33.7130130362833],[-84.5069551353417,33.7130375853757],[-84.5070512832873,33.7130401354365],[-84.5071274161875,33.7130421184475],[-84.5073943448089,33.7130490717642],[-84.5077369898895,33.7130579965671],[-84.5080711549555,33.7130666995085],[-84.5084035731343,33.7130753558857],[-84.5087372074762,33.7130840530829],[-84.5090685585749,33.7130926700505],[-84.5093459721452,33.7130998308263],[-84.5100435078912,33.7131179862561],[-84.5100439599882,33.7131179940159],[-84.5104751685555,33.7131794588346],[-84.5104951142833,33.7131794033163],[-84.5110724905897,33.7131777948109],[-84.5110729426511,33.7131777935505],[-84.5110733957914,33.713177792287],[-84.5110740474503,33.71317779047],[-84.5110744995046,33.7131777874063],[-84.5110749526305,33.7131777825363],[-84.5118639814073,33.7131654354645],[-84.511864433447,33.7131654287912],[-84.5118648865619,33.7131654212133],[-84.5118650581006,33.7131654189307],[-84.5118655101583,33.7131654167657],[-84.5118659633346,33.7131654245157],[-84.512379112265,33.7131788036087],[-84.5123795643625,33.71317881136],[-84.5123754260223,33.7132085235338],[-84.5123694887169,33.7132510578006],[-84.512350115484,33.713390217],[-84.5122957320111,33.7137811023519],[-84.51229992829,33.7137811870874],[-84.5127792924219,33.7137908459266],[-84.5127792733524,33.7137909334408],[-84.5157069698824,33.7138498559711],[-84.5160699576397,33.7138571628316],[-84.5162786410306,33.7138613538376],[-84.5162790931246,33.7138613597713],[-84.5162539844762,33.7138906742797],[-84.5161298401989,33.7140356116886],[-84.5158421504571,33.7144162338802],[-84.5153092914396,33.7154883223287],[-84.5151628810492,33.7159106586042],[-84.5151443630054,33.7159640736048],[-84.5148598715887,33.7167847055059],[-84.5147226011897,33.7173303286844],[-84.5147157623132,33.7173575112628],[-84.5146930292157,33.7173563707069],[-84.5145542089569,33.7173494087738],[-84.5145431828939,33.7173488555556],[-84.5145235071411,33.7173478686556],[-84.5142214446786,33.7173327181962],[-84.5126741890104,33.7172550999104],[-84.51252414121,33.7172475720528],[-84.5083005978013,33.7170355928284],[-84.5082605753019,33.7173098414733],[-84.5082213747275,33.7175840887227],[-84.5081813476565,33.7178573067384],[-84.5081604214059,33.7179999598117],[-84.508205774199,33.7180046204042],[-84.5081861434528,33.7181324682992],[-84.5081591485595,33.7183082686204],[-84.5081456184456,33.7183963762484],[-84.5080998234125,33.7185365355447],[-84.5080771442265,33.7185343531112],[-84.5080715412812,33.7185728440923],[-84.5080643225299,33.7186185536943],[-84.5080571296062,33.7186707903166],[-84.5080467322586,33.7187443347285],[-84.5080421282527,33.718778419255],[-84.5080401711322,33.7187929088767],[-84.5080483554596,33.7188161318656],[-84.508046242902,33.7189192024676],[-84.5079807041592,33.7193571279545],[-84.50798181375,33.7193572249721],[-84.5080067428471,33.7193588602102],[-84.5082660929238,33.7193821903652],[-84.5084996589,33.7194032010474],[-84.5087311720041,33.7194240267233],[-84.5088287188969,33.7194328010434],[-84.5089625146722,33.7194448362074],[-84.5090712288908,33.7194546144879],[-84.5091953621074,33.7194657808413],[-84.5094209367697,33.7194860698779],[-84.5096493816165,33.7195066174221],[-84.5098758092026,33.719526983506],[-84.5101082663298,33.7195478914353],[-84.5103360174464,33.7195683747178],[-84.5105654514318,33.7195890097825],[-84.5108005479776,33.7196101534071],[-84.511025542662,33.7196303879282],[-84.5112537205574,33.7196509079997],[-84.5113462034671,33.7196592255962],[-84.511431945621,33.7196669361901],[-84.5114807047586,33.7196713209796],[-84.5117121426156,33.7196921340586],[-84.5119372359369,33.719712375658],[-84.5123859354912,33.7197527247357],[-84.5124796059356,33.7197611472589],[-84.5125432143319,33.7197668668807],[-84.5126542144052,33.7197768483935],[-84.5128064763308,33.7197905399037],[-84.5131857433167,33.7198245246966],[-84.5132565609652,33.7198308702116],[-84.5134012369344,33.7198438339003],[-84.5134707280434,33.7198500603912],[-84.5137507024046,33.7198751469578],[-84.5139096616509,33.7198860637257],[-84.5140140346572,33.7198909186978],[-84.5140251202343,33.7198914339249],[-84.5140561311505,33.7198928768165],[-84.5140799383803,33.7198939838092],[-84.5140825748739,33.7198941062317],[-84.5139040023889,33.7206209366651],[-84.5139112904827,33.7206215861053],[-84.5140744252892,33.7206361218845],[-84.5140736230212,33.7206410715285],[-84.5140696935101,33.7206655084466],[-84.5140254960597,33.7209403538551],[-84.5139889916014,33.7212266872427],[-84.5139778804341,33.721530125749],[-84.513975816256,33.721834225861],[-84.5139760964521,33.7218405691245],[-84.5139863093985,33.7220715094979],[-84.5139867626072,33.7220715136334],[-84.515824449791,33.7220973733641],[-84.5158249019281,33.7220973792992],[-84.5158253551442,33.7220973852311],[-84.516194962726,33.7221025089023],[-84.5161954148632,33.7221025148359],[-84.5161958680793,33.7221025207666],[-84.5165023405543,33.72210682675],[-84.5165750626587,33.7221078578116],[-84.5172126033807,33.7221168066796],[-84.517213056619,33.7221168180163],[-84.5172135087087,33.7221168122249],[-84.5172268788183,33.7221167778823],[-84.5174220259594,33.7221163500513],[-84.5174224780673,33.7221163487673],[-84.5174229312543,33.7221163474803],[-84.517423582984,33.722116346531],[-84.5174236218286,33.7221163464207],[-84.5174240350919,33.722116345247],[-84.5174244882789,33.7221163439599],[-84.5175237901754,33.7221160619011],[-84.5175364090458,33.7221106657087],[-84.5175804010415,33.7220406551843],[-84.517631864362,33.7219932333342],[-84.517690697559,33.721943734741],[-84.5177838680724,33.7218694737109],[-84.5180021767472,33.7217188038285],[-84.5182990883843,33.7215411892243],[-84.5184259410677,33.7214950707685],[-84.5184415453903,33.7214893972873],[-84.5184004910259,33.7214251657379],[-84.518399920141,33.7214254099091],[-84.5180913086042,33.7209416645842],[-84.5180767699008,33.7209188751207],[-84.5180768538424,33.7209188207825],[-84.5186331500505,33.7206480175864],[-84.5186762464027,33.7206270322493],[-84.5191674234411,33.7210979079307],[-84.5192359649554,33.7211599932672],[-84.519215685957,33.7211811210496],[-84.5191427253013,33.7212157878757],[-84.5190884695922,33.7212410042289],[-84.5190360763615,33.7212630819903],[-84.5189967782233,33.7212788576687],[-84.5189537625124,33.7213024748199],[-84.5189256916302,33.7213135190205],[-84.5188788954283,33.721329315145],[-84.5188111341406,33.721351785577],[-84.5188159612503,33.7213685940074],[-84.5188343206591,33.7214325123391],[-84.518834286245,33.7214325403885],[-84.5188342993219,33.7214325719092],[-84.5188342120696,33.7214326082242],[-84.5191163393929,33.7221093400717],[-84.5192236168615,33.7221089139657],[-84.5192579172864,33.7221087123571],[-84.5201512458213,33.7221051588619],[-84.5215668575489,33.7220994977954],[-84.5223369896342,33.7220964086726],[-84.5227714317048,33.7220946636005],[-84.5228713286664,33.7220942619177],[-84.5228728576465,33.7220942611146],[-84.5228723249025,33.7221241137633],[-84.5228394735838,33.7239653655427],[-84.5228367467537,33.724118180542],[-84.5228313510424,33.7244206031743],[-84.522829879178,33.7245023677154],[-84.5228169518042,33.7252272988171],[-84.5228078267882,33.7257390071994],[-84.5228079630293,33.7257390744306],[-84.5228082284895,33.72573907637],[-84.5228084302814,33.7257390775915],[-84.5229702222456,33.7257400986472],[-84.5229706743909,33.725740101851],[-84.5229711276115,33.7257401041501],[-84.5229717793832,33.7257401067779],[-84.5229722315211,33.7257401081784],[-84.5229942494187,33.7245019594025],[-84.5229990850917,33.7242396250779],[-84.5229995382895,33.7242396237703],[-84.5237518844551,33.7242374507759],[-84.5237523365738,33.7242374494686],[-84.5237527897716,33.7242374481583],[-84.5237534415133,33.7242374462739],[-84.523753893632,33.7242374449667],[-84.5237543468298,33.7242374436563],[-84.5241958898853,33.7242361662086],[-84.524196342004,33.7242361648997],[-84.5241967952018,33.7242361635877],[-84.5241974469434,33.724236161701],[-84.5241978990621,33.7242361603922],[-84.5241973871415,33.7242659814165],[-84.5241968395182,33.7242978619246],[-84.5241967028281,33.7243421894951],[-84.5241933557658,33.7245283134453],[-84.5241917553606,33.7246183231038],[-84.5241865429883,33.7249078668825],[-84.5241828319987,33.7251233398418],[-84.5241730933372,33.7256701325766],[-84.5241710721246,33.7257775949696],[-84.5241706513862,33.7258026044913],[-84.5241749212343,33.7258025921309],[-84.5241753733613,33.7258025908221],[-84.5241758265673,33.7258025895101],[-84.5241764783207,33.7258025876234],[-84.5241769304514,33.7258025872162],[-84.5241773836723,33.7258025895108],[-84.5244223403819,33.7258042073272],[-84.5244227925275,33.7258042105257],[-84.5244232457523,33.7258042137211],[-84.524775591462,33.7258064808657],[-84.5247760436076,33.725806484063],[-84.5247764968324,33.725806487257],[-84.5252153451711,33.7258091902479],[-84.5252157973205,33.7258091943451],[-84.5252162505528,33.7258091993408],[-84.5252324494344,33.7258094128885],[-84.5252329015988,33.7258094205922],[-84.5252333548498,33.7258094300961],[-84.5252583946185,33.7258101688826],[-84.525279776994,33.7258110688608],[-84.5253011605136,33.7258122438366],[-84.5253223817266,33.7258138304348],[-84.5253437675353,33.7258155554062],[-84.5253649899587,33.7258176920031],[-84.5253860500837,33.7258202420257],[-84.5253914806239,33.7258209133129],[-84.5254065461455,33.725822862209],[-84.5254076473965,33.7258230050782],[-84.525408098692,33.7258230632765],[-84.5254080995197,33.7258230028632],[-84.5254082369834,33.725816879325],[-84.5254083656242,33.7258094132481],[-84.5254083692652,33.7258092509396],[-84.5254083700667,33.7258091842148],[-84.5254088224712,33.7258092496231],[-84.5254279519373,33.7258120126275],[-84.5254453945383,33.7258147102003],[-84.5254626736931,33.7258175452971],[-84.5254799545675,33.7258207933444],[-84.5254972354432,33.7258240413893],[-84.5255143534434,33.7258275640081],[-84.5255336119303,33.7258317683674],[-84.5255507311437,33.7258358409872],[-84.5255655464296,33.7258393702905],[-84.5255825027731,33.725843718384],[-84.5258661636762,33.7259183333414],[-84.5261524392078,33.725988954719],[-84.5261881575924,33.7259966834194],[-84.5262227223284,33.7260038654586],[-84.5262574515953,33.7260109099575],[-84.526274733109,33.7260142949429],[-84.5262923443102,33.7260178160174],[-84.5263270702151,33.726024310497],[-84.5263619612219,33.7260308044859],[-84.5263970145327,33.7260368859359],[-84.5264319032587,33.7260428308038],[-84.5264669554317,33.7260486372324],[-84.5264847278021,33.7260514716505],[-84.5265021715623,33.7260541690703],[-84.5265372214488,33.7260594254761],[-84.5265724352924,33.7260644072911],[-84.5265900419278,33.726066829219],[-84.526607812582,33.7260692506664],[-84.5266430252855,33.7260739574598],[-84.5266607947982,33.7260761047998],[-84.5266784002902,33.7260782517137],[-84.5267216721009,33.7260833470475],[-84.5267756365821,33.7260892362019],[-84.5268531262528,33.7260969799531],[-84.5269021509508,33.7261013722856],[-84.5269230437232,33.7261030975195],[-84.5269441005145,33.7261048222714],[-84.5269932862941,33.7261082511303],[-84.5270423052621,33.7261112693018],[-84.5270914864547,33.7261135990177],[-84.5271196120685,33.7261147531],[-84.5271452708725,33.7261156402731],[-84.5271893898453,33.7261168738871],[-84.527189842019,33.726116883387],[-84.5271902952642,33.7261168910804],[-84.527212414525,33.7261172223331],[-84.5272128666912,33.7261172300295],[-84.5272133199364,33.7261172377229],[-84.5272316570614,33.7261175773088],[-84.5272321092313,33.7261175859069],[-84.5272325624727,33.7261175926985],[-84.5272390578733,33.7261176945561],[-84.5272395100281,33.7261176995476],[-84.5272513752372,33.7262414756404],[-84.5272514310419,33.7262705601576],[-84.5272515010171,33.726271294802],[-84.5272523260938,33.7267046908082],[-84.5272530714171,33.7271974501594],[-84.527253783104,33.7276429385221],[-84.5272543613281,33.7279778113568],[-84.5272544589149,33.728062038233],[-84.5272548156669,33.7282438396041],[-84.5272557000118,33.7288092889086],[-84.5272560220261,33.7289649766432],[-84.5272563430033,33.7291988513396],[-84.5272566241934,33.7293633528552],[-84.5272566823143,33.7293971160355],[-84.5272572535186,33.7297313215715],[-84.5272575891178,33.7299294690462],[-84.5272578672421,33.7301138736679],[-84.5272574150625,33.730113867775],[-84.5272567632315,33.7301138588584],[-84.527256309969,33.7301138520671],[-84.5272558577857,33.7301138452726],[-84.5271477932576,33.7301121581948],[-84.5271473421459,33.7301121495934],[-84.5270985397801,33.7304536754752],[-84.5270965833683,33.7304673691983],[-84.5269197910376,33.7317045740652],[-84.5269166413748,33.7317266133673],[-84.5268568490219,33.7321450389386],[-84.5268609652796,33.7321469339304],[-84.5270366248168,33.7322277866896],[-84.5270992384392,33.7322559104751],[-84.5271410901865,33.7322744768939],[-84.5271831054044,33.732292904868],[-84.5272252829465,33.7323109202979],[-84.5272753693113,33.7323322099667],[-84.5276589583702,33.7324944806244],[-84.5276558216369,33.7325229189419],[-84.5276414021811,33.7326536432033],[-84.5276140104435,33.7329019810427],[-84.5276084628187,33.7329461386242],[-84.5274666806052,33.73423723065],[-84.527456168588,33.734332953867],[-84.5277456773131,33.7344697396712],[-84.5277563642328,33.7343746227343],[-84.5279189613315,33.7329274184967],[-84.5279350535647,33.7327841851805],[-84.527937573345,33.7327769600695],[-84.5279440589024,33.7327197464855],[-84.5279551754939,33.7326216789391],[-84.5279718016963,33.7326290463975],[-84.5280312860205,33.7326558047418],[-84.5280759412155,33.7326762858648],[-84.5281288367525,33.73270059111],[-84.5282712097068,33.7327662691175],[-84.5283247619765,33.7327904344018],[-84.5283784771527,33.7328143241812],[-84.528431862568,33.7328378028472],[-84.5285188536496,33.7328745121684],[-84.5285625152269,33.7328932089477],[-84.5286061768268,33.732911906613],[-84.5286933377826,33.7329497144284],[-84.5287803354351,33.7329879347164],[-84.5288236713783,33.7330071832679],[-84.5289096845326,33.7330458184071],[-84.5291329458535,33.7331436878835],[-84.5293807657304,33.7332539889537],[-84.5293987261856,33.7332619068162],[-84.5294166855611,33.7332698237776],[-84.5294529344651,33.7332853817183],[-84.5294710578075,33.7332930240873],[-84.5294893451809,33.73330066507],[-84.529647507627,33.733366158032],[-84.5297669547542,33.7334156881503],[-84.5297877120258,33.733424008886],[-84.5298087967083,33.7334319165997],[-84.5298300447698,33.7334394117734],[-84.5298514557119,33.7334466323617],[-84.5298694053238,33.7334522131008],[-84.5298801104294,33.733455479863],[-84.529894764984,33.73345969617],[-84.5299166638984,33.7334656782428],[-84.5299385627361,33.7334713853075],[-84.5299607873225,33.7334765414012],[-84.5299757669729,33.7334797946776],[-84.5299905814371,33.7334827743355],[-84.5300055610135,33.7334857535058],[-84.5300205383525,33.7334884576765],[-84.5300980673975,33.733503894855],[-84.5303166644201,33.7335481843138],[-84.5304205228451,33.7335671170027],[-84.5304730267245,33.7335765811705],[-84.5305253670799,33.7335859078447],[-84.5306303742344,33.7336044240145],[-84.5306828780765,33.7336136130885],[-84.5307878829741,33.7336315791219],[-84.5308930518679,33.7336492704794],[-84.53116415012,33.7337019241939],[-84.5312118818628,33.7337105771197],[-84.5312686655312,33.7337207153737],[-84.5313256125811,33.7337304410633],[-84.5313468439858,33.7337339507153],[-84.5313684034607,33.7337374602963],[-84.5315749733591,33.7337764245146],[-84.5317489540582,33.7338091641491],[-84.5318156161806,33.7338217461806],[-84.5319137144301,33.7338398696303],[-84.5319176649145,33.7338405450053],[-84.5323902288755,33.7339302502947],[-84.5324052080285,33.7339330921231],[-84.5326958990274,33.7339902188491],[-84.5328437198516,33.7340208353436],[-84.5329251987006,33.7340368081362],[-84.533007502826,33.7340534663882],[-84.5330621543539,33.7340648463076],[-84.5331006751449,33.7340731146772],[-84.5331168070689,33.7340765021051],[-84.5331714603773,33.7340882940263],[-84.5332259508407,33.7341003623126],[-84.5332572295226,33.7341074150624],[-84.5332804414095,33.7341127055787],[-84.5333347685399,33.7341251854557],[-84.5334162610252,33.7341443190798],[-84.5336979522813,33.7342119131189],[-84.5337089827644,33.7342144915209],[-84.5340301771186,33.7342892500291],[-84.534126506258,33.7343116201598],[-84.534195775163,33.734327705987],[-84.5344315465162,33.7343824575135],[-84.5354000653869,33.7346058878177],[-84.5354196583888,33.7346107757795],[-84.5354394148405,33.7346155261988],[-84.5354542308595,33.7346187801988],[-84.535473985548,33.7346231176606],[-84.5354939025132,33.7346270434806],[-84.5355088818862,33.7346298849306],[-84.5355289617079,33.7346335343525],[-84.5355439399062,33.7346361007975],[-84.5355590815491,33.7346385287995],[-84.5355791584382,33.7346414920638],[-84.5356094387879,33.7346456610062],[-84.5356398808239,33.7346492803511],[-84.5356703199213,33.7346522126374],[-84.5357009223698,33.7346547323726],[-84.5357315213859,33.7346567021018],[-84.5357570194558,33.7346580000105],[-84.5357871642782,33.7346589945931],[-84.5357876165051,33.7346590058644],[-84.5357880687204,33.7346590144308],[-84.5358179208832,33.7346594580689],[-84.5358183730831,33.7346594630286],[-84.5358188263428,33.7346594634769],[-84.5358471179001,33.7346593788962],[-84.5358475700728,33.7346593775443],[-84.5358480233248,33.7346593761892],[-84.5358486751444,33.7346593742404],[-84.5358491273095,33.7346593710853],[-84.5358495805344,33.7346593634187],[-84.5358792640985,33.7346587417918],[-84.5358797162327,33.7346587314234],[-84.5358801694345,33.7346587183469],[-84.5359104674205,33.7346576783115],[-84.5359410505471,33.7346559377332],[-84.5359716329861,33.7346537850937],[-84.5360022119916,33.7346510833501],[-84.5360326240132,33.734647694137],[-84.5360432256156,33.7346463622407],[-84.5360628702324,33.7346438933568],[-84.5360148902079,33.7345775291288],[-84.5360147792798,33.7345755674631],[-84.5360131101318,33.734545929702],[-84.5360334931995,33.7345435334513],[-84.5360537115418,33.7345407247328],[-84.536071462996,33.7345381974933],[-84.5360915144568,33.7345349772123],[-84.5361049856268,33.7345316386622],[-84.5361184572875,33.7345281630578],[-84.5361317643259,33.7345245508932],[-84.5361452348056,33.7345208002852],[-84.5361616607349,33.7345159417169],[-84.536174800299,33.7345117800404],[-84.5361879398617,33.7345076183624],[-84.5362009131313,33.7345031821764],[-84.5362171714871,33.7344974999911],[-84.5362332635489,33.7344915432971],[-84.5362491903957,33.7344853120913],[-84.5362618326454,33.7344801898298],[-84.5362774285746,33.7344735475552],[-84.5362930239098,33.7344667673275],[-84.5363053352407,33.7344612339966],[-84.5363205990702,33.7344539056509],[-84.5365529135884,33.7343590827939],[-84.5365589860411,33.7343560413606],[-84.5365637441683,33.7343532788684],[-84.5365681719691,33.7343502423613],[-84.5365722700353,33.7343470697904],[-84.5365762018086,33.7343436227134],[-84.5365798043345,33.7343399016182],[-84.5365830771259,33.7343360444594],[-84.5368763479645,33.734227022174],[-84.5369439914269,33.7341997490206],[-84.5369607387216,33.7341931032073],[-84.5369778134874,33.7341863184568],[-84.5370457889826,33.7341597313117],[-84.5371139296506,33.7341334186381],[-84.5371815806447,33.7341079324089],[-84.5372508750583,33.7340821653047],[-84.5373196792105,33.7340570875948],[-84.5373888131563,33.7340324200105],[-84.5374060565163,33.7340264597074],[-84.5374232992845,33.7340203623524],[-84.5374868532607,33.7339983226547],[-84.537562233485,33.7339726750534],[-84.5376318674663,33.7339493808525],[-84.5377018312485,33.7339264976771],[-84.5377194048896,33.7339208104405],[-84.5377368150897,33.7339152616456],[-84.537784445245,33.7339001411448],[-84.5378422599485,33.733882102919],[-84.5378596696476,33.7338766920612],[-84.5378774084848,33.7338712793099],[-84.5379478723115,33.7338497686117],[-84.5380186676162,33.733828806885],[-84.538036407618,33.7338236691116],[-84.5380541470273,33.7338183942862],[-84.5381014544362,33.7338047849033],[-84.5381605898396,33.7337879805261],[-84.5382318835452,33.7337682533446],[-84.5383031789982,33.733748939074],[-84.5383734899468,33.7337303138839],[-84.5383922185236,33.733725448088],[-84.5384106179546,33.7337205832801],[-84.5384824112399,33.7337023656213],[-84.5385543697169,33.7336844233291],[-84.538626495049,33.7336668916463],[-84.5387603977881,33.7336351584857],[-84.5389700575308,33.7335862583392],[-84.5390740485629,33.7335620040671],[-84.5391895513218,33.733535065021],[-84.5394939994868,33.7334642040552],[-84.5395354040516,33.7334547343044],[-84.5395561074669,33.7334501373734],[-84.5395768098008,33.7334455404422],[-84.5396182173237,33.7334367586162],[-84.539649437409,33.7334302057784],[-84.5396806580825,33.7334237899822],[-84.5397118799453,33.7334176500805],[-84.5397432675074,33.7334116467215],[-84.5397746539821,33.7334056424563],[-84.5398060427258,33.7333999140821],[-84.5398374309793,33.7333943227527],[-84.5398793381667,33.7333870505003],[-84.5399108933055,33.7333818707035],[-84.5399529668936,33.7333751479316],[-84.5399845232144,33.7333702431167],[-84.540016080129,33.7333654762449],[-84.5400372832154,33.7333623888935],[-84.5400583211897,33.7333593020377],[-84.5401005640332,33.733353540768],[-84.540132452456,33.7333493219708],[-84.5401746959917,33.7333439718275],[-84.5402065855989,33.7333400280119],[-84.5402383112842,33.7333363596881],[-84.5402595179267,33.733334096399],[-84.5402808880056,33.7333316955604],[-84.5403233008077,33.73332730782],[-84.5403551933799,33.7333240510168],[-84.5403872511694,33.733321067808],[-84.5404298322103,33.7333174035494],[-84.5404312277123,33.7334117645556],[-84.5404314592406,33.733427579755],[-84.540431460699,33.7334276672109],[-84.5404314608553,33.7334277032766],[-84.5404319139442,33.7334276658391],[-84.5404816059579,33.7334235670816],[-84.5405301083195,33.733420121998],[-84.5405901207234,33.7334160929357],[-84.5406394477784,33.7334131953204],[-84.5406887766177,33.7334107097355],[-84.5407381066474,33.7334084991316],[-84.5408387386846,33.7334036598339],[-84.5410169232148,33.7333951320434],[-84.5410497369109,33.7333944969811],[-84.5410543605727,33.7333672800841],[-84.5410566026145,33.7333532570865],[-84.5410590080918,33.7333390965421],[-84.5410631607601,33.7333107774489],[-84.5410668202487,33.7332824589491],[-84.5410692048339,33.7332634890491],[-84.5410723711458,33.7332351720442],[-84.541075208802,33.7332067198859],[-84.5410750782076,33.7331769008043],[-84.5410774216057,33.7331484492426],[-84.5410795998922,33.7331199981814],[-84.5410812860844,33.7330915486121],[-84.5410826420555,33.7330631000439],[-84.5410835059332,33.7330346529676],[-84.5410840479477,33.7330081309953],[-84.5410842041052,33.7330060693423],[-84.5410841814263,33.7330008479367],[-84.5410844026513,33.7329782374073],[-84.5410844086215,33.732977624265],[-84.5410842844811,33.7329490431327],[-84.5410838651053,33.7329280205537],[-84.5410838328749,33.7329206000445],[-84.5410828870189,33.7328921584548],[-84.5410824958069,33.7328778684356],[-84.5410819405685,33.7328635798154],[-84.5410801724033,33.7328351407186],[-84.5410792874263,33.7328207151451],[-84.5410784036441,33.7328065645722],[-84.5410758125721,33.7327779900172],[-84.5410732232954,33.7327498284138],[-84.5410710062463,33.7327318345282],[-84.5410699745507,33.7327213947071],[-84.5410665623694,33.7326930976453],[-84.5410657143986,33.7326871916818],[-84.541062985565,33.7326646640311],[-84.5410587516787,33.7326365074131],[-84.5410565602965,33.7326244219837],[-84.5410540229515,33.7326082152437],[-84.5410518332451,33.7325962668604],[-84.541049460412,33.7325799216686],[-84.5410459308792,33.732562618821],[-84.5410439099784,33.7325517690411],[-84.5410415574393,33.7325400961554],[-84.5410385257367,33.7325236159094],[-84.5410339973372,33.7325034298971],[-84.5410259476559,33.7324675901351],[-84.5410190829525,33.7324397155929],[-84.5408928129098,33.7319484961228],[-84.5408925198329,33.731947357321],[-84.540869301539,33.7318570297059],[-84.5408404653542,33.7317448476983],[-84.5408346893486,33.7317223779611],[-84.5407674874649,33.731462240827],[-84.5407266090172,33.7313052064421],[-84.5407041785717,33.73121904294],[-84.5406798406406,33.7311257558347],[-84.5406640492155,33.7310652269651],[-84.540650282507,33.7310124624119],[-84.5406370216935,33.7309616330767],[-84.5405773609837,33.7307328559228],[-84.5405316380656,33.7305688852721],[-84.540464807876,33.7303076846446],[-84.5404075332769,33.7303062494472],[-84.5403687623974,33.7301681089975],[-84.5402360394739,33.7296486530497],[-84.5401512879385,33.7293543462942],[-84.540122147776,33.7292375899942],[-84.5400227546496,33.7289614957317],[-84.5399349446102,33.7287919130122],[-84.5398575258955,33.7286358461742],[-84.5396786013922,33.7282997388823],[-84.5399493753976,33.7282305780469],[-84.5400047310698,33.7283399265149],[-84.5403069794864,33.7283388122451],[-84.5406084130642,33.7283419041154],[-84.5410542694439,33.7283448956199],[-84.5410558417001,33.7283448953617],[-84.5413828583031,33.7283461441453],[-84.541384473766,33.72834615367],[-84.5417073359456,33.7283474322332],[-84.5417088628643,33.7283474284977],[-84.5420729280015,33.7283488289228],[-84.5420744808497,33.7283488323173],[-84.5431266160628,33.7283528995066],[-84.5431281430088,33.7283529020652],[-84.5435839758371,33.7283546638397],[-84.5435855891144,33.7283546670307],[-84.5441062966728,33.7283566643537],[-84.5441078452204,33.7283566713423],[-84.5445026429216,33.7283582240355],[-84.5445043188415,33.728358239646],[-84.5447274580772,33.7283591229101],[-84.5447290378829,33.7283591216804],[-84.5449387882069,33.7283599030891],[-84.5449403421619,33.7283599127557],[-84.5449930595735,33.7283601245511],[-84.5449945563129,33.7283601289824],[-84.545294676874,33.7283612721745],[-84.5452962901671,33.7283612789497],[-84.545675563407,33.7283627258149],[-84.5456770914637,33.7283627355517],[-84.5459601209336,33.7283638285935],[-84.5460610546897,33.7283642245449],[-84.5460625600261,33.7283642208218],[-84.5462830747207,33.7283650651569],[-84.546284580069,33.7283650641361],[-84.547024783618,33.7283678836011],[-84.5470263958122,33.7283678858488],[-84.5471241169793,33.7283682601696],[-84.5471256741557,33.7283682661922],[-84.5474447268518,33.7283694711613],[-84.5477043414439,33.7283704601839],[-84.5483328903085,33.7283728733016],[-84.5483342542398,33.7283728600698],[-84.5485861532982,33.7283731326292],[-84.5485877104546,33.7283731341251],[-84.5492378669914,33.7283740061146],[-84.5492729920933,33.7283740523804],[-84.5501262073145,33.7283751902654],[-84.5501279371334,33.7283751930091],[-84.5501294942938,33.7283751953872],[-84.5508342807685,33.7283761165443],[-84.550836082667,33.7283751010869],[-84.5508407727945,33.726846278534],[-84.5508418415294,33.7264586343836],[-84.5508432735553,33.7260050321916],[-84.5508442403925,33.7257051958797],[-84.5508450782566,33.7254134667258],[-84.5508460250415,33.7251093701321],[-84.550846851749,33.7248148927432],[-84.5508476865648,33.7245224764964],[-84.5508480453591,33.7244184542442],[-84.5508488783448,33.7241256259284],[-84.5508502324439,33.7237610901192],[-84.5508506825945,33.7236075766677],[-84.5508516641018,33.723274211276],[-84.5508526609188,33.722944281122],[-84.5508535396424,33.722624657228],[-84.5508540524155,33.7224445077793],[-84.5508538392241,33.722442672674],[-84.5508539184925,33.7224146886795],[-84.5508381872625,33.7222795237053],[-84.5508024572356,33.7219740298651],[-84.5507667248772,33.7216677109918],[-84.5507311679518,33.7213641397899],[-84.550697144153,33.7210721067778],[-84.5506244879128,33.7204502666578],[-84.5505983327353,33.720226778155],[-84.5505978806349,33.7202267786587],[-84.5505972289176,33.7202267788812],[-84.5505967757342,33.7202267784867],[-84.5505963236298,33.7202267780887],[-84.5500939524921,33.7202265624398],[-84.5500934993047,33.7202265611417],[-84.5500930471842,33.7202265571354],[-84.5500469206354,33.7202260240832],[-84.550046467432,33.7202260191784],[-84.5500460152995,33.7202260124669],[-84.5499163461185,33.720224094943],[-84.549915892907,33.7202240882344],[-84.5499154407746,33.7202240815225],[-84.5494789053866,33.7202176188793],[-84.5494784521753,33.7202176121691],[-84.5494780000429,33.7202176054556],[-84.5491235263605,33.7202123992563],[-84.5491230731491,33.7202123925448],[-84.5491226210128,33.7202123849283],[-84.5491097130076,33.7202121679268],[-84.5491092597922,33.7202121603137],[-84.5491088076599,33.7202121535988],[-84.5485522217372,33.7202035861159],[-84.54855176853,33.720203580304],[-84.5485513164056,33.7202035753903],[-84.5484987763629,33.72020306159],[-84.5484983231596,33.7202030566795],[-84.5484978710273,33.7202030499623],[-84.5484320078576,33.720201897474],[-84.5484315546423,33.7202018898583],[-84.548431102506,33.7202018822393],[-84.5483756010062,33.7202009726973],[-84.5483751477909,33.7202009650814],[-84.5483746956546,33.7202009574622],[-84.548272653108,33.7201992296361],[-84.5482721998928,33.7201992220199],[-84.5482717477566,33.7201992144003],[-84.547382304645,33.7201838387518],[-84.5473818514379,33.7201838329356],[-84.5473814968493,33.7201780580271],[-84.5473810447172,33.7201780513059],[-84.5471326361416,33.7201730669191],[-84.5471321829186,33.7201730574954],[-84.5471317307786,33.72017304897],[-84.5470326103613,33.7201711073435],[-84.5469144050459,33.7201687916014],[-84.5469139518269,33.7201687830785],[-84.5469134996829,33.7201687736506],[-84.5462539536557,33.7201555707779],[-84.5462535004447,33.7201555640559],[-84.5459473053742,33.720140874534],[-84.5459064165605,33.7201389127605],[-84.5459059655354,33.7201389123421],[-84.5459059496558,33.7201389818183],[-84.5459040349241,33.7201486651606],[-84.5459040891712,33.7201985454498],[-84.5459036370826,33.7201985486413],[-84.5459029853851,33.7201985533473],[-84.5459025322175,33.7201985565421],[-84.545902080129,33.7201985597335],[-84.5457624705289,33.7201996636675],[-84.5457620173614,33.7201996668617],[-84.5457615652728,33.7201996700527],[-84.5457609135792,33.7201996756596],[-84.5457604604117,33.7201996788538],[-84.5457600083231,33.7201996820448],[-84.5454107445448,33.7202023918758],[-84.5454102913772,33.7202023950687],[-84.5454098392886,33.7202023982584],[-84.5454091875949,33.7202024038634],[-84.5454087344273,33.7202024070564],[-84.5454082823387,33.720202410246],[-84.544985022644,33.7202056207655],[-84.5449845694764,33.7202056239569],[-84.5449841173877,33.720205627145],[-84.544983465694,33.7202056327478],[-84.5449830125263,33.7202056359392],[-84.5449825604377,33.7202056391273],[-84.5445176982216,33.7202092495728],[-84.5445172450539,33.7202092527625],[-84.5445167929653,33.7202092559489],[-84.5445161412714,33.7202092615492],[-84.5445156881037,33.7202092647389],[-84.544515236015,33.7202092679253],[-84.5441949121819,33.7202117487277],[-84.5441944590142,33.7202117519162],[-84.5441940069255,33.7202117551014],[-84.5441933552316,33.7202117607],[-84.5441929020638,33.7202117638886],[-84.5441924499751,33.7202117670737],[-84.5434376896408,33.7202176333601],[-84.543437236469,33.7202176356442],[-84.5434375685167,33.7202474559715],[-84.5434442758716,33.7208504010856],[-84.543447513051,33.7211396448297],[-84.5434516425141,33.7214357816948],[-84.5434519337238,33.7214769972554],[-84.5434531517024,33.7215643711121],[-84.5434548847092,33.7216881251705],[-84.5434553032952,33.721717991211],[-84.5434579192012,33.7219028026386],[-84.5434621726163,33.7221986388373],[-84.5434616408174,33.722247574167],[-84.5431923637522,33.7222466182342],[-84.543190806635,33.72224660044],[-84.5431903534132,33.7222465937068],[-84.5430221204753,33.7222460145712],[-84.5430216813043,33.7222460132045],[-84.5430212151579,33.72224601192],[-84.5430205634131,33.7222460093978],[-84.543020111294,33.7222460080706],[-84.5430196580958,33.7222460067467],[-84.5423395006222,33.7222435638102],[-84.5423390484991,33.7222435615788],[-84.5423385953009,33.7222435602524],[-84.5423379435561,33.7222435577265],[-84.542337491433,33.7222435554952],[-84.5423370382349,33.7222435541687],[-84.54195289985,33.7222421667299],[-84.5419513697436,33.7222421569528],[-84.5412824819276,33.7222397704271],[-84.5412362296965,33.722239606853],[-84.5409828545164,33.7222386979576],[-84.5409812974738,33.7222386972667],[-84.5402183404423,33.7222359399495],[-84.5402167833958,33.7222359383473],[-84.5394384898687,33.7222331180056],[-84.5392691556163,33.7222336190675],[-84.5392692855366,33.7222634391099],[-84.5391688487597,33.7228815488088],[-84.5390259575994,33.7236840557581],[-84.5389944777361,33.7240105054978],[-84.5389810961284,33.7241486450763],[-84.5389077236745,33.7244848399073],[-84.5388254739138,33.724859948891],[-84.538773102033,33.7251090986094],[-84.5387643675403,33.7251809913023],[-84.5387548895363,33.7252768855727],[-84.5387502900521,33.7253485394891],[-84.5387473111994,33.7254204148373],[-84.5387461810495,33.7254946009652],[-84.5387470843755,33.7255586517792],[-84.5387515584687,33.7256427347118],[-84.5387568020395,33.7257145852836],[-84.5387645117594,33.7257862913724],[-84.538773043737,33.7258579949823],[-84.5387840412779,33.7259294161571],[-84.5387983929502,33.7260156684551],[-84.5388126913807,33.7260898279216],[-84.5388437343026,33.7262333300506],[-84.5388629793519,33.7263104978482],[-84.5388838683435,33.7263875236354],[-84.5388982670696,33.72643639138],[-84.5389063994989,33.7264639944591],[-84.5390137712281,33.7267777963267],[-84.5391314258501,33.7270480054473],[-84.5392511359909,33.7272353498232],[-84.5392327921086,33.727236257228],[-84.5380622265761,33.7272941699495],[-84.5380617787584,33.7272941712963],[-84.5380611712331,33.7272941722216],[-84.5380611226745,33.7272941723677],[-84.538060718016,33.727294172683],[-84.5380606673032,33.7272941737371],[-84.538060265882,33.7272941740427],[-84.5380602130071,33.7272941742017],[-84.5378077736776,33.727294524662],[-84.5378073204605,33.7272945251223],[-84.5377160025964,33.7272840806582],[-84.5376262925148,33.7272648374626],[-84.5375406547531,33.7272365131332],[-84.5374599139533,33.7271996543097],[-84.5373848965265,33.7271552205858],[-84.5370996040799,33.7269720814712],[-84.536856519607,33.7268154365196],[-84.5368563627079,33.7268153360046],[-84.5368344372942,33.7268028975823],[-84.5368840543523,33.7267638424643],[-84.5369078801196,33.7267451392512],[-84.5372776024158,33.7263528430078],[-84.5372748646055,33.7263510434066],[-84.5372269667725,33.7263272878827],[-84.5369103292649,33.7261703217966],[-84.5365322468611,33.7259828772635],[-84.5365136212005,33.725973634281],[-84.5364059505176,33.725557052352],[-84.5363270569474,33.7252516131833],[-84.5362523904245,33.7249624884601],[-84.5361915437192,33.7247269473399],[-84.536172844458,33.7246543740988],[-84.5361690053748,33.7244683291294],[-84.5361688853892,33.7243443844181],[-84.5361683383251,33.7240631031209],[-84.5361679552828,33.7237818204185],[-84.5361675722559,33.723500538605],[-84.5361670241451,33.7232192563709],[-84.5361666452635,33.7229389365853],[-84.5361661115453,33.7226224771136],[-84.5361656720276,33.7222511895023],[-84.5361655768329,33.7222498742723],[-84.5359452688135,33.7192031492349],[-84.5359310795462,33.7190087207869],[-84.5359311951916,33.719008513962],[-84.5359231569632,33.7188979319056],[-84.5358913668821,33.7184619222737],[-84.5358567366322,33.717986942515],[-84.5358599442945,33.7179843902579],[-84.5358362475156,33.717672988623],[-84.5358191063858,33.7174477259955],[-84.5355536604619,33.7176589060142],[-84.5353824674343,33.7173030124813],[-84.5357832441939,33.7169789036186],[-84.5357526220426,33.7165587955308],[-84.5358073507828,33.7165138341065],[-84.5359362280895,33.7163984210203],[-84.5358032256315,33.7160455714118],[-84.535678735588,33.7157153025255],[-84.5356677862418,33.7156862550257],[-84.536522008484,33.715639422499],[-84.536463258058,33.7155564630142],[-84.5364000913232,33.7153156033813],[-84.5363110839677,33.714976210516],[-84.5362100382771,33.7145909105929],[-84.5362094777728,33.7145900295484],[-84.5361875124099,33.7144524078521],[-84.5361875747091,33.7144523427465],[-84.5360906068339,33.7140626105704],[-84.5360485536919,33.7138935874202],[-84.5359651702919,33.7135584494465],[-84.5359649933434,33.7135584481723],[-84.5358424919502,33.7135577837693],[-84.5357952396881,33.7134665457209],[-84.5356110818728,33.7134667523882],[-84.5354121261651,33.7134673464889],[-84.5352555879983,33.712812354553],[-84.5352224637175,33.7126725550739],[-84.5351351407615,33.7123069666464],[-84.5351411146295,33.7121677745273],[-84.5351553218984,33.7118366835117],[-84.5351552312566,33.7118366801755],[-84.5351701688828,33.7114906961021],[-84.5351701718305,33.7114906284691],[-84.5351712874988,33.7114646330835],[-84.535184974554,33.7111456699612],[-84.5352000460006,33.7107944405097],[-84.5351995969006,33.7107943742254],[-84.5351989510722,33.7107942210672],[-84.5351983544175,33.7107939613668],[-84.5351978350333,33.7107936058603],[-84.5351974113261,33.7107931698208],[-84.5351971038675,33.7107926703186],[-84.5351969235388,33.7107921289609],[-84.535196879071,33.7107915691647],[-84.5351997451626,33.7107247703873],[-84.5351998281674,33.710724248982],[-84.5352000277943,33.7107237515735],[-84.5352003365567,33.7107232935124],[-84.5352007448257,33.710722893762],[-84.535201235401,33.7107225668003],[-84.5352017921418,33.7107223225936],[-84.5352023945957,33.7107221720228],[-84.5352030201296,33.7107221205654],[-84.5352030783887,33.7107221203916],[-84.5352069620868,33.7104901936565],[-84.5352169228798,33.7104698640362],[-84.5352275156394,33.7104489698957],[-84.5352365743574,33.7104316427775],[-84.5352477246818,33.7104109525493],[-84.5352591765057,33.7103903786357],[-84.535268948435,33.7103733234906],[-84.5352809492573,33.7103529688426],[-84.535293247298,33.7103327386368],[-84.5353744121455,33.7102122144729],[-84.5351669410205,33.709994867934],[-84.5347654825284,33.7095174653851],[-84.5347603979109,33.7095114195984],[-84.5347654824449,33.7095096065431],[-84.53517989159,33.7093618048108],[-84.5352562102152,33.709334402071],[-84.5352361078799,33.7089134369106],[-84.5352334720357,33.7089131418183],[-84.5352335610459,33.7089077126756],[-84.5352355471312,33.7087905003479],[-84.5352362945726,33.7087460004394],[-84.535238261422,33.7086288323473],[-84.5352388678023,33.7085914676712],[-84.5352404853158,33.7084963235935],[-84.535243974217,33.7082871756154],[-84.5352476045435,33.7080722439792],[-84.5352503627226,33.7079079772527],[-84.535250511412,33.7078990927806],[-84.535252718987,33.7077675686695],[-84.5352542805516,33.7076729702487],[-84.5352552026793,33.7076196137334],[-84.5352625281947,33.7071832366409],[-84.5352658387137,33.70698412099],[-84.5352707556785,33.7066930928002],[-84.5352771285618,33.7063112867927],[-84.5352787175455,33.7062188224909],[-84.5352826006568,33.705992887102],[-84.5355916685823,33.7059967414627],[-84.5359647302337,33.7060015723091],[-84.5361564364914,33.7060040547827],[-84.5364110127151,33.7060073514445],[-84.5363989408321,33.7060577523564],[-84.5363867208931,33.7061103627706],[-84.5363748636724,33.7061630307053],[-84.5363671603674,33.706198174217],[-84.5363559065869,33.7062509350174],[-84.5363450176647,33.706303748824],[-84.53633449144,33.7063566147416],[-84.5363276765251,33.70639188543],[-84.5363177580135,33.7064448333812],[-84.5363109431234,33.7064826314138],[-84.5363082043316,33.7064978271256],[-84.5362990154803,33.7065508666635],[-84.5362930921361,33.7065862500935],[-84.5362845120343,33.7066393608423],[-84.5362789945199,33.7066747908448],[-84.5362736410554,33.7067102374874],[-84.5362659146802,33.706763439452],[-84.5362631183112,33.7067838351923],[-84.5362561823396,33.7068344317062],[-84.5362493118136,33.7068877158641],[-84.5362449350738,33.7069232560596],[-84.5362155883841,33.7071708460748],[-84.5361637135542,33.7076085006701],[-84.5361068226025,33.7080884786745],[-84.5360593491282,33.7084889942718],[-84.5360553090661,33.7085230754656],[-84.5360429564084,33.7085967254899],[-84.5359985526979,33.7088192709048],[-84.5361638824279,33.7089353021307],[-84.5383979446841,33.7089462421658],[-84.5394174002917,33.7089512102194],[-84.5406074889041,33.7089569022389],[-84.54117712436,33.7089593674517],[-84.5411715909876,33.7094090323494],[-84.5411716629904,33.709408470399],[-84.5411718721134,33.7094079323775],[-84.5411722087487,33.7094074417573],[-84.5411726578784,33.7094070184203],[-84.5411732012441,33.7094066813567],[-84.5411738151699,33.709406444163],[-84.5411744748889,33.7094063177342],[-84.5411751512878,33.7094063057653],[-84.5414088930045,33.709422552548],[-84.5414602381267,33.7094159986174],[-84.5414609187745,33.7094159713059],[-84.5414615923833,33.7094160621327],[-84.5414622287297,33.709416267583],[-84.5414628007991,33.7094165778205],[-84.5414632837191,33.7094169793959],[-84.541463656925,33.7094174570432],[-84.5414639052108,33.7094179873657],[-84.5414639680764,33.7094183027548],[-84.5418688640746,33.7093666213909],[-84.5420295936994,33.7093120192587],[-84.5424448477023,33.7093186994294],[-84.5426000257167,33.709386329404],[-84.5427076357393,33.7094044975507],[-84.5428266897396,33.7094603641858],[-84.5429864168321,33.7094599732664],[-84.5430175138376,33.7094598974623],[-84.5431019258476,33.7094596907492],[-84.5436633654115,33.7094323228207],[-84.5441291670927,33.7094096158492],[-84.544198857773,33.7093590859285],[-84.5443837036814,33.7092250621483],[-84.5447226030499,33.7092394374352],[-84.544865345313,33.7092454915187],[-84.5451085059448,33.7093099906821],[-84.5454561159607,33.7092888480647],[-84.545400957053,33.7091070484624],[-84.5453463573417,33.7089289610388],[-84.5453184837549,33.7088345402415],[-84.5452925499143,33.7087486999674],[-84.5452390525697,33.7085711942807],[-84.545184705274,33.7083926966419],[-84.5451308550067,33.7082155490339],[-84.5451256067534,33.7082001377659],[-84.545073644824,33.7080264575232],[-84.5450388379736,33.7079101196732],[-84.5449996571789,33.7077811449614],[-84.5449823129563,33.7077236633569],[-84.544955191497,33.7076337745851],[-84.5449545871982,33.7076317729541],[-84.5449295575123,33.7075497212827],[-84.5448703354691,33.7073530826347],[-84.5448569427389,33.7073100136172],[-84.5447877540172,33.7070802280642],[-84.5447313650093,33.7068950145725],[-84.5447272613878,33.7068815347364],[-84.5447052721978,33.7068093089772],[-84.5446935096528,33.7067706485597],[-84.5446785316537,33.7067210302246],[-84.5445474935019,33.7062900071765],[-84.5445442009215,33.706279169412],[-84.5445070273429,33.7061566397209],[-84.544492746823,33.7061095627988],[-84.5444945883452,33.7061095544616],[-84.5444950403916,33.706109558489],[-84.5444965475212,33.706109560191],[-84.5446094314525,33.7061109758187],[-84.5448797056337,33.7061143801156],[-84.5449841958622,33.7061156966701],[-84.5449853902032,33.7061157146523],[-84.5449858422536,33.7061157195795],[-84.5449862953828,33.7061157245034],[-84.5449869470215,33.7061157306227],[-84.544987399064,33.7061157337466],[-84.5450231898019,33.7040965286915],[-84.5450250300797,33.7039958548126],[-84.5450263021181,33.7039228058485],[-84.5450281446422,33.7038169862011],[-84.5450380723932,33.7032568714341],[-84.5450384964765,33.7032349995311],[-84.5450401175326,33.7031532259526],[-84.545039909313,33.7031532229837],[-84.5450433194904,33.7029608375959],[-84.5450458025285,33.7028207583932],[-84.5450467122955,33.7027694134222],[-84.5451044566095,33.7027020387152],[-84.5458291180154,33.7018565018028],[-84.5463421290437,33.7012578936134],[-84.5463560609715,33.7012416308756],[-84.5462726946464,33.7011613564022],[-84.5462565262461,33.701144954434],[-84.5461859947721,33.7010734036756],[-84.5460543991268,33.700924841375],[-84.5460077452375,33.7008721718334],[-84.5460075533442,33.7008719551231],[-84.5460072932423,33.7008721732213],[-84.5460066580367,33.7008727062481],[-84.5450962183613,33.7016366093744],[-84.5450669757944,33.70166114469],[-84.5450665157703,33.7016615302052],[-84.5450665227202,33.7016611469794],[-84.5450665391053,33.7016602092052],[-84.5450668570081,33.7016421714704],[-84.5450722039801,33.7013384397963],[-84.5450756094286,33.7011449994266],[-84.5450790509901,33.7009494643892],[-84.5450850534304,33.7006084994164],[-84.5450869008286,33.7005035687318],[-84.5451169509925,33.6988338558105],[-84.5451213471959,33.6985468193081],[-84.5451336416705,33.6978483896475],[-84.545138784667,33.6975589821552],[-84.5451390537877,33.6975455691633],[-84.5451390546489,33.6975455195695],[-84.5451395066781,33.6975455299063],[-84.5466354423597,33.6975927268357],[-84.5472663189518,33.6976126862736],[-84.5473490164992,33.6976152726164],[-84.5473670887723,33.6969765137748],[-84.5474589614905,33.6937284737117],[-84.5474579862882,33.6937284550774],[-84.5474588288726,33.6936986517563],[-84.5474583768832,33.693698645936],[-84.5452612246074,33.6936567885558],[-84.5452722963112,33.6933269981331],[-84.5452735916631,33.6932546549695],[-84.5453876685141,33.689856339628],[-84.5453883277059,33.6898367012686],[-84.5453886120717,33.6898265296786],[-84.5453881601146,33.6898265265556],[-84.5452089504022,33.6898246583564],[-84.5452057704715,33.6898246248186],[-84.5452053174357,33.6898246216982],[-84.5452322577413,33.6895954698737],[-84.5452415843215,33.6894731438141],[-84.5452467724752,33.6893442338901],[-84.5452477075089,33.6892440791949],[-84.5452478909076,33.6892244062255],[-84.5452402361412,33.6889781855559],[-84.5452378903431,33.6886168274173],[-84.545237704496,33.6885882147205],[-84.5453380033762,33.6863453235412],[-84.5453424525301,33.6862353786245],[-84.5453468986652,33.6861247475518],[-84.5453489744017,33.686035834812],[-84.5453510513408,33.6859471970734],[-84.5453515598713,33.6858757407632],[-84.5453516598626,33.6857111189773],[-84.5453592427646,33.6855661250343],[-84.5453687001479,33.6854737543395],[-84.5454516480382,33.6832112652547],[-84.5454897242843,33.6823377190728],[-84.5455106442216,33.681890628773],[-84.5455585575464,33.6807913638475],[-84.5455571263022,33.6807913502025],[-84.545558425653,33.6807615427246],[-84.5455579737472,33.6807615405035],[-84.537940878161,33.6806906623808],[-84.5379456387134,33.6806748572883],[-84.537963242217,33.6806164137307],[-84.5381231448807,33.6805202768755],[-84.5382601611472,33.6804378994547],[-84.5384522422938,33.6803224140456],[-84.5385063325583,33.680296351992],[-84.5388622875801,33.6801248403518],[-84.5388907634904,33.6801111196664],[-84.538975242973,33.680070413963],[-84.5392183439528,33.6799774053398],[-84.5393180539886,33.6799392574839],[-84.5395744485,33.6798411614771],[-84.5397453778484,33.679775763845],[-84.5399305519158,33.6797049165929],[-84.5401727011615,33.6796122696337],[-84.5402866542003,33.6795686706872],[-84.5406000228417,33.6794487730498],[-84.5406427553534,33.6794324237601],[-84.5409988542968,33.6792961758148],[-84.5410273428966,33.6792852758967],[-84.5413549531872,33.6791599268448],[-84.5414546613184,33.6791217763712],[-84.54153924385,33.6790894134781],[-84.5418819776044,33.6789584070188],[-84.5420572438955,33.678891413315],[-84.5423962440031,33.6787454131307],[-84.5427722442648,33.6785624133618],[-84.5431272443258,33.678366413155],[-84.5436732441922,33.6780134137307],[-84.544175244531,33.6776244131295],[-84.5444872446868,33.6773434136126],[-84.5454482440982,33.6764174133028],[-84.5468642452838,33.6750514122717],[-84.5471002452473,33.6747954121356],[-84.5476402445444,33.67509141244],[-84.5486732448618,33.6753654125694],[-84.5493402449666,33.6755254128157],[-84.5497812451605,33.6756074123381],[-84.549975246088,33.6756274128561],[-84.5501752462207,33.6756194122962],[-84.5503502459537,33.6755874128699],[-84.5505182457507,33.6755334127618],[-84.5505717115227,33.6755085889599],[-84.5506582463943,33.6754684125953],[-84.5508352454772,33.6753584125682],[-84.5509592462456,33.67524841209],[-84.551353246086,33.6747814124366],[-84.5515062456909,33.674626412091],[-84.5517152465799,33.6744634124757],[-84.5521792467283,33.6741764125365],[-84.5522172467399,33.6743464122613],[-84.5523352461852,33.6760154122462],[-84.5525022467486,33.6786884131016],[-84.5525272464781,33.6790014132956],[-84.5526012469248,33.6793864131421],[-84.5527192465575,33.6797304131204],[-84.5529612468429,33.6801904135613],[-84.5532722469056,33.6805944137155],[-84.5536112474375,33.6809424134178],[-84.5540632474249,33.6811924135737],[-84.5547352475204,33.6814974133377],[-84.5552762478473,33.6816944139269],[-84.5553152476455,33.6817084139831],[-84.5561702476343,33.6819314139113],[-84.5562992480711,33.6819654136946],[-84.5630422496597,33.6834924139226],[-84.5632432501965,33.6835384136854],[-84.5635212502013,33.6836104140741],[-84.5638222502136,33.6836884134955],[-84.5653772501477,33.6841634134992],[-84.5657412504419,33.684285414198],[-84.568304251555,33.6851424138877],[-84.5700392522154,33.6857304139196],[-84.5705352519721,33.6859394141394],[-84.5710632523532,33.6861984137151],[-84.5716812523838,33.6865944143487],[-84.5720652530299,33.6868794146566],[-84.5724292531883,33.6872274142998],[-84.5727382528878,33.6875714144092],[-84.5730012524388,33.6879034142415],[-84.5732132528574,33.6882204144945],[-84.5760312536821,33.6934114151712],[-84.5763482539211,33.6940684158114],[-84.5765862546389,33.6946844160274],[-84.5767262545275,33.695127415415],[-84.5768172546875,33.6955274158457],[-84.5768732541172,33.6959694161728],[-84.5768972543222,33.6963324158026],[-84.5769082544749,33.6973024162371],[-84.5768692547722,33.6993374166788],[-84.5769742543496,33.699318416338],[-84.5803384494292,33.6989101207533],[-84.5805169766253,33.6988884511439],[-84.5804530143678,33.6987372970714],[-84.5804255338514,33.698663531705],[-84.5804038292111,33.6985945546224],[-84.580382039999,33.6985070253303],[-84.580367726659,33.6984366493635],[-84.5803575237454,33.6983659160995],[-84.5803506092664,33.69829482739],[-84.5803478008847,33.6982233823011],[-84.580348293593,33.6981546762112],[-84.5803520588578,33.6980832073063],[-84.5803615109619,33.697997293752],[-84.5803710042009,33.6979199665356],[-84.5803854176811,33.6978395310604],[-84.5804055653022,33.697756329032],[-84.5804609491415,33.6974782267712],[-84.5805052477866,33.6972881047085],[-84.5805704973347,33.6970103137668],[-84.5806165322619,33.6968397680203],[-84.5806690817431,33.6966564888638],[-84.5807898214617,33.6962953727436],[-84.5816111861423,33.6944581586083],[-84.5816436811791,33.6943780057538],[-84.5816696161473,33.6943019982031],[-84.5816898227818,33.6942308202294],[-84.5817082996095,33.6941417808221],[-84.5817273654811,33.6940043060095],[-84.5819674497163,33.6940196443322],[-84.5820579051597,33.6940279285401],[-84.5821656510635,33.6940423399062],[-84.5822636181486,33.6940749867278],[-84.5823467617537,33.6941015033846],[-84.582420893216,33.6941332014785],[-84.5824926020303,33.694174530167],[-84.582561864935,33.6942199849149],[-84.5826286731928,33.6942681988434],[-84.5826938590924,33.6943201970432],[-84.5828572329359,33.6944498425203],[-84.582925713013,33.6945035498604],[-84.5829950056514,33.6945548442943],[-84.58301561276,33.6945671419842],[-84.5830659318186,33.694604416428],[-84.5831351981136,33.6946502161719],[-84.5833627463306,33.6947930495717],[-84.5834427015061,33.6948394956452],[-84.5835877403274,33.6949169879246],[-84.583661889128,33.694953152917],[-84.583746711593,33.694986191855],[-84.583867718487,33.6950225393611],[-84.5839475696389,33.6950480345524],[-84.5840348664229,33.6950827771813],[-84.5843684762175,33.6952307459797],[-84.5844570803486,33.6951960932678],[-84.5849387208136,33.6950202924001],[-84.585617303576,33.6947771787425],[-84.586730794189,33.694385205873],[-84.5868235055972,33.6943501948733],[-84.587261536916,33.6941669737629],[-84.5873591449442,33.6941250768699],[-84.5874477150209,33.6940845821005],[-84.5884850416811,33.6935846386386],[-84.5888023823167,33.693430338956],[-84.5893901330371,33.6931420254116],[-84.5909744819394,33.6923648195661],[-84.5910876350239,33.6923091241919],[-84.5934665536582,33.6903627221012],[-84.5935286243603,33.6903127515298],[-84.5935302615858,33.6903114159292],[-84.5935304023621,33.690311309949],[-84.5938089334513,33.6901031510647],[-84.5938112590007,33.6901014136468],[-84.5938139607651,33.690099630747],[-84.5941082588582,33.6899054140086],[-84.5945411107017,33.6896391207593],[-84.5945431996072,33.6896379557978],[-84.5949542589692,33.6894374141866],[-84.5969952599164,33.6885757221907],[-84.5971262602218,33.6885204135697],[-84.5971431258226,33.6885138132899],[-84.5979819662916,33.6881855295219],[-84.597982260168,33.6881854130839],[-84.597983422134,33.6881850438567],[-84.5982152607307,33.6881114138275],[-84.598477290534,33.6880456566284],[-84.5984782600568,33.6880454133994],[-84.5984789109556,33.6880452984176],[-84.5988114476114,33.6879867273611],[-84.5991495725881,33.6879588490073],[-84.599156356118,33.6879584637],[-84.5997152611436,33.6879624129809],[-84.5999476251766,33.6879749997516],[-84.5999616899553,33.6879762614426],[-84.600179834205,33.6880050382063],[-84.6002016482302,33.688008994786],[-84.6008432610668,33.6881544136207],[-84.6015590445803,33.6883357200321],[-84.6066019412079,33.6896129362438],[-84.6068012628913,33.6896634134687],[-84.6072853373848,33.6897970142819],[-84.6097781512702,33.6904860289193],[-84.609783809341,33.6904893104945],[-84.6099630200561,33.6905411531003],[-84.6102868419058,33.6906318417523],[-84.6105666478404,33.6907095649813],[-84.6107835850848,33.6907717688357],[-84.6109659233128,33.6908209749176],[-84.6114327965653,33.6909518225079],[-84.6117000191769,33.6910243417128],[-84.6119735468343,33.6911020834503],[-84.6122313394003,33.6911720107639],[-84.6123272304824,33.6911992195535],[-84.6125124528515,33.6911985513466],[-84.6126760654798,33.6912688166242],[-84.6129151441596,33.6913624280376],[-84.6131082644494,33.6914174139951],[-84.6131084101424,33.6914174287968],[-84.6133734539317,33.691175231837],[-84.6135190669811,33.6910421050421],[-84.6140622147424,33.690538926878],[-84.6148515191359,33.6897981589849],[-84.6156318125012,33.6890653208818],[-84.6156522596276,33.6890460106473],[-84.6157275068691,33.6889753133261],[-84.616464716862,33.6883370966602],[-84.6165939722943,33.6882211987178],[-84.6170087483811,33.6878521094141],[-84.6176444396068,33.6872929251664],[-84.6178988682611,33.6870680149032],[-84.6317468629482,33.6889745938893],[-84.6313920526413,33.6895099136708],[-84.6310939828909,33.6899595494184],[-84.6308999796567,33.6903815851259],[-84.6305555105545,33.6911304035402],[-84.6304784241595,33.6915912999759],[-84.6303790363495,33.6921850199199],[-84.6302799629237,33.6927762653137],[-84.6303399951654,33.6931891216345],[-84.630340006436,33.6931892117577],[-84.6303519823482,33.6932762865359],[-84.6304717427917,33.6941492306078],[-84.6304946772197,33.6943176124329],[-84.6306743986084,33.6947234036568],[-84.6307236740779,33.6948988321083],[-84.6308040089943,33.6951032745247],[-84.6309566749172,33.6954904792095],[-84.6311293469953,33.6959292759872],[-84.6311902645284,33.6960686582753],[-84.6313946885454,33.6966032478504],[-84.6314410539615,33.6966654580184],[-84.6315401412187,33.6967489066428],[-84.6316096618677,33.6968368647255],[-84.6316924306278,33.6969429096842],[-84.6317952864915,33.6971156636104],[-84.6319327570163,33.6973053238562],[-84.6320311548104,33.6974437404248],[-84.6321408010797,33.6976560420774],[-84.6321873173007,33.6977460088115],[-84.6323006433765,33.6979088280789],[-84.6323785163147,33.6980212125008],[-84.6324219273015,33.6980839834253],[-84.6324921795363,33.6981854044321],[-84.6325529640251,33.6982992272875],[-84.6326001794999,33.6983968868355],[-84.6326600247465,33.6985195079106],[-84.6326874191862,33.6985996536112],[-84.6327146949639,33.6986578129139],[-84.6328554198328,33.6989013273141],[-84.6328790066938,33.6990070447205],[-84.6328723023704,33.6991049076103],[-84.6328674244565,33.6991758311973],[-84.6328670321429,33.6992250260255],[-84.6328600121468,33.6993253642414],[-84.6328515766432,33.6994072933149],[-84.632813506688,33.6994813644837],[-84.6327699071936,33.6995664503701],[-84.6327309060581,33.69965069388],[-84.632714816558,33.6996852446472],[-84.6326742822315,33.6997594630203],[-84.6326527685411,33.699794172192],[-84.6326231610779,33.6998522719396],[-84.6325994072547,33.6998982575211],[-84.6325951893872,33.6999088534368],[-84.6325896769319,33.6999230292929],[-84.6325408605497,33.7000163776902],[-84.6325024402884,33.7000866027217],[-84.6324600187052,33.7001463998701],[-84.6323892316108,33.700250825808],[-84.6322835883186,33.7003545580641],[-84.6322111716756,33.7004617373796],[-84.6321474846047,33.7005414022496],[-84.6320739646045,33.7006268747144],[-84.6317181764023,33.7009890591374],[-84.631580670399,33.7010992322213],[-84.63149491189,33.7011712832914],[-84.6314251244471,33.701217717742],[-84.6313278240563,33.701283766526],[-84.6312049702996,33.7013669498751],[-84.631107293233,33.7014242060715],[-84.6301432763041,33.7019230607419],[-84.6294336750804,33.7021628946017],[-84.6293173067585,33.7021993325872],[-84.6292958048196,33.7022060087071],[-84.6291760035193,33.7022460326697],[-84.6290479967231,33.7022888345674],[-84.6289176906828,33.7023321949447],[-84.6288221776546,33.7023641561608],[-84.6287965769617,33.7023727716565],[-84.6286492032884,33.7024219670822],[-84.6285582842892,33.7024522626918],[-84.6284575797238,33.7024356006134],[-84.6283344577017,33.7024698637864],[-84.6282139696139,33.7025046679071],[-84.6281122061111,33.7025361028202],[-84.6279766700453,33.7025852532288],[-84.6278191552072,33.7026443784807],[-84.627717369223,33.7027332521117],[-84.6276031463007,33.7027713296044],[-84.6261645153625,33.7032518605179],[-84.6255815101456,33.7034035326553],[-84.6246267990603,33.7036522189681],[-84.6245248459442,33.7036795292738],[-84.62451942917,33.7036809234701],[-84.624408438473,33.7037093671924],[-84.6240957880627,33.7037814304191],[-84.6238158354603,33.7038814033803],[-84.6232377183138,33.7039951210247],[-84.6230537444518,33.7040263046775],[-84.62294210709,33.7040566736034],[-84.6228134305858,33.7040983724125],[-84.6226729045372,33.7041376415916],[-84.6225398288068,33.7041557213009],[-84.6224444868971,33.7041588213349],[-84.6223068891947,33.7041923078078],[-84.6222195353281,33.7042135167779],[-84.6221180617981,33.7042383509978],[-84.6220372782765,33.7042584364995],[-84.6219371403316,33.7042873862064],[-84.6217843862066,33.7043151564669],[-84.6216531438802,33.7043692306081],[-84.6216317888346,33.7043728825119],[-84.6214376339071,33.7044063012928],[-84.6214262995873,33.7044082680483],[-84.6214100374118,33.7044110752509],[-84.6212448821307,33.7045191394978],[-84.6212427512263,33.7045205223611],[-84.6212360330712,33.7045249435464],[-84.6211020089834,33.7046128312464],[-84.6210037787898,33.70469179153],[-84.6209268110119,33.7047495126362],[-84.6208639043393,33.7047928925862],[-84.6207465628065,33.7048645041211],[-84.6206508662948,33.7049250412347],[-84.6205164367952,33.704998638575],[-84.6204361607697,33.7050530741811],[-84.6203361568011,33.7051075812839],[-84.6202623539375,33.7051422053087],[-84.620166280457,33.7051939505027],[-84.6200919908694,33.7052610068994],[-84.6200399291944,33.7053032457041],[-84.6199767550565,33.7053578923491],[-84.6199143334601,33.7054309497757],[-84.6198855532134,33.705461011915],[-84.6198391184281,33.7055098255889],[-84.6197828273959,33.705560875433],[-84.6196786957569,33.7056437045661],[-84.6196148140296,33.7056890097812],[-84.6195345194773,33.7057401457175],[-84.6194955721032,33.7057749174074],[-84.6194903410879,33.7057807080684],[-84.6194798815723,33.7057925634834],[-84.619468439646,33.705805522516],[-84.6194213661983,33.7058583227813],[-84.6193876966187,33.7058962362918],[-84.6193587671788,33.7059287702875],[-84.6193180670802,33.7059745404057],[-84.6192796914438,33.7060241502522],[-84.6192364130278,33.7060798236369],[-84.6191778273819,33.7061322548291],[-84.6190817195665,33.7062403382405],[-84.6189852853536,33.7063489718785],[-84.618929143786,33.7064283273026],[-84.6189049610869,33.7064569973577],[-84.6188752229173,33.7064925583463],[-84.6188410313821,33.7065252494351],[-84.618818620712,33.7065466312311],[-84.6188029018275,33.7065593308515],[-84.618786202304,33.7065728581704],[-84.6187490986897,33.7066143555239],[-84.6187384735531,33.7066263485329],[-84.6187021227745,33.7067174494007],[-84.6186396595354,33.7067829486675],[-84.6186007422723,33.7068236275983],[-84.6185797637355,33.7068364834835],[-84.6185220743473,33.7068717345805],[-84.6184961081956,33.7069366882137],[-84.6184459985635,33.7070378693227],[-84.6184446971597,33.7070404852713],[-84.618421164656,33.7070679166852],[-84.6183809651738,33.7071149208274],[-84.618321007848,33.70715677572],[-84.6183049539885,33.7071679653298],[-84.6182017212648,33.7072345754872],[-84.6181413274914,33.7073186175583],[-84.6180788684265,33.7073850785884],[-84.6180448592718,33.7074212049907],[-84.6179921512285,33.7074659185261],[-84.6178993060626,33.7075698667271],[-84.6178453948583,33.7076360214098],[-84.6176698367197,33.7078320643558],[-84.6172281573255,33.7083247861005],[-84.6169379313042,33.7086028674719],[-84.6168577955724,33.7086850576395],[-84.6167799060132,33.7087565216146],[-84.6167542159848,33.7087802502653],[-84.6167128185242,33.7088186005472],[-84.6165982114856,33.7089119090884],[-84.6165180078029,33.7089811830953],[-84.6165026222036,33.7089944303148],[-84.6164339388943,33.7090658605452],[-84.6163488371947,33.7091420210717],[-84.6162397880351,33.709228987554],[-84.6161507435433,33.7093057132034],[-84.6158185168295,33.7096026324241],[-84.6155668985941,33.7097810844358],[-84.6152352226071,33.7099950028842],[-84.6149030767343,33.7101817156572],[-84.614340608325,33.7104698482226],[-84.6135679935742,33.7108191990667],[-84.6126995486845,33.7112070915048],[-84.6123649735549,33.711307511696],[-84.6122769788376,33.7113339374417],[-84.6121738810208,33.7113648149609],[-84.6121164220895,33.7113820616272],[-84.6119872386137,33.7114561798765],[-84.6114904613623,33.7116050015458],[-84.6113546740362,33.7116104369294],[-84.6113231557917,33.7116201692302],[-84.6112413993479,33.7116446476549],[-84.6112154763892,33.7116554598072],[-84.6111740889796,33.7116646775793],[-84.6111008687063,33.7116866519576],[-84.6109777416676,33.7117236470311],[-84.610878581616,33.7117534101918],[-84.6107465908354,33.7117930471972],[-84.6104993484864,33.7118671762175],[-84.6101851267971,33.7119614708948],[-84.6101369024524,33.7119841790616],[-84.6097366852632,33.7121746946883],[-84.6096422799046,33.7122338454247],[-84.6096390024388,33.7122357822082],[-84.609566813931,33.7122668199068],[-84.6094553080825,33.7123260336179],[-84.6093504321944,33.7123953896095],[-84.6092332894696,33.712445277685],[-84.6091019764053,33.7124897199275],[-84.6089939011171,33.7125123688098],[-84.6088876464004,33.7125696363718],[-84.6088039415027,33.7125990675341],[-84.6087054783087,33.7126365220708],[-84.608579799438,33.7126897383232],[-84.6084921663681,33.7127230297813],[-84.6084383626919,33.7127479563752],[-84.6083817051955,33.7127614890397],[-84.6083060668691,33.7127932263009],[-84.6083004912186,33.7127959944754],[-84.6082112770064,33.7128416593666],[-84.6081778046805,33.7128555202107],[-84.6080855423632,33.7128838832605],[-84.6080622542493,33.7128955076442],[-84.6080343994025,33.7129145707518],[-84.6077001307321,33.7131416712529],[-84.607662279671,33.7131675017115],[-84.6076365552801,33.7131850441489],[-84.6075881395725,33.7132349602958],[-84.6075061244865,33.7132737292832],[-84.6074874443729,33.7132864371298],[-84.6074383335655,33.7133289359934],[-84.6073739921655,33.7134154610076],[-84.6073619086069,33.7134319926538],[-84.6072724151757,33.7135518612241],[-84.6071668383717,33.713693977675],[-84.6071015971934,33.7137816733945],[-84.60698021346,33.7138389950646],[-84.6069060453317,33.7139335245741],[-84.6068447384313,33.714035153808],[-84.6068403048961,33.7141330061955],[-84.6068042137835,33.7141816419446],[-84.6067815156591,33.7142123655077],[-84.6067367694066,33.7142724361857],[-84.6066740571675,33.7143564817894],[-84.6066061183214,33.7144476897747],[-84.6066012202692,33.7144543037148],[-84.6065489641874,33.7145251199241],[-84.6064708998616,33.7146295559804],[-84.6064479238997,33.7146705872675],[-84.6064321197287,33.7146989500358],[-84.6064012194939,33.7147661168936],[-84.6063615021455,33.7148451330981],[-84.6063265959844,33.7149004971305],[-84.6063015242479,33.714949505561],[-84.6062588675042,33.7150329286537],[-84.6059189103612,33.7156953653639],[-84.6059026270827,33.7157267539095],[-84.6058862844706,33.7158109083003],[-84.6058554572628,33.7158923659537],[-84.6057908846765,33.7159992268269],[-84.6057643303104,33.7160476904052],[-84.605735493383,33.716100284449],[-84.6056750662221,33.7161815722681],[-84.6056321135277,33.716271317674],[-84.6056030267119,33.7163717326398],[-84.605582063417,33.7164528801617],[-84.6055547110575,33.7165065680004],[-84.6055371287348,33.7165409843532],[-84.6054455723127,33.7166443676638],[-84.6053700213867,33.7167911176616],[-84.60530638725,33.7168886311096],[-84.605250167589,33.7169564375866],[-84.6051883892179,33.7170308593642],[-84.605155050298,33.7170713771844],[-84.6050859245729,33.717188148579],[-84.6047049583619,33.7176146539153],[-84.6046824026757,33.7176416662764],[-84.6046445201707,33.7176937421273],[-84.6046021226003,33.7177639734263],[-84.6043160582038,33.718098624163],[-84.6041907932133,33.7182351057216],[-84.6040922548276,33.7183244983601],[-84.6040127044392,33.7183965092483],[-84.6039272615264,33.7184740365196],[-84.6037540838894,33.7186312999285],[-84.603657837043,33.7187184849783],[-84.603570754724,33.7187971178183],[-84.6035052817409,33.7188567115119],[-84.6034208185302,33.718933136753],[-84.6033415961054,33.7190051460472],[-84.6032676095498,33.7190721894137],[-84.6031818376099,33.7191499932355],[-84.6031681512265,33.7191750507456],[-84.6031264374026,33.7192504996822],[-84.6030863945953,33.7193314400758],[-84.6030619469443,33.7193745361911],[-84.6030423892221,33.7194090953089],[-84.6029862843247,33.7195002603537],[-84.602983022035,33.7195054942503],[-84.6027377030869,33.7197704664046],[-84.6026648763385,33.7198718591767],[-84.6026005422886,33.7199619530759],[-84.6025802629882,33.7200491441256],[-84.6025622962992,33.7201381131827],[-84.6025545962374,33.7201764786242],[-84.6025287279472,33.7201988308159],[-84.602483046156,33.7202378793913],[-84.6024491550909,33.7202669934167],[-84.6024749596489,33.7204273992189],[-84.602452103401,33.7205250431758],[-84.6024240948855,33.7206446902977],[-84.6023730886328,33.7207039573368],[-84.6023430079671,33.7207389655165],[-84.6023606347855,33.7207776536539],[-84.6023822491418,33.7208245733327],[-84.6023574570037,33.7209299178965],[-84.6023428087123,33.7209923549018],[-84.6023368506118,33.7210173841509],[-84.6023075584231,33.7211433572516],[-84.6022898533178,33.7212192721112],[-84.6022822855074,33.7212511785274],[-84.6022740730757,33.7212855604491],[-84.6022673135629,33.7213147148751],[-84.6022496069997,33.7213903547283],[-84.6022451722597,33.7214238983123],[-84.6022295197334,33.7215481750619],[-84.6022287280651,33.7215542225313],[-84.6022271694236,33.7218967973053],[-84.602227196487,33.7219021557295],[-84.6022205451784,33.7219527465521],[-84.6022195491148,33.7220159603987],[-84.6022182544824,33.7220852199744],[-84.6022199932727,33.7221039023891],[-84.6022369689425,33.7222091005051],[-84.6022342464568,33.7223212386787],[-84.6022155534446,33.7223968801914],[-84.602212995303,33.722411454503],[-84.6022114673443,33.7224996793482],[-84.6022102171245,33.7225777343791],[-84.6022083986106,33.7226733790409],[-84.6022061495291,33.7228140970084],[-84.602201944669,33.7230886604086],[-84.6022016350041,33.7230925097519],[-84.6022006083855,33.7231496772155],[-84.6021947624505,33.7231642631195],[-84.6021910166542,33.7232041257458],[-84.6021194182621,33.7233541579549],[-84.6021281288955,33.7234508645931],[-84.6021054420094,33.723517315193],[-84.6020746539505,33.7236079775591],[-84.602002721745,33.7236917782156],[-84.6019724814365,33.723760590693],[-84.6019230336032,33.7238682211564],[-84.6018765072031,33.7239686957116],[-84.6018342202196,33.7240614606119],[-84.6017895212466,33.7241327972186],[-84.6017118673353,33.7242561922679],[-84.6015270656385,33.7244596634138],[-84.6014446416121,33.7245500962658],[-84.6013726573621,33.7246242770074],[-84.6012828436685,33.7247170719411],[-84.6012810431283,33.7247188653516],[-84.6012042177087,33.724811200661],[-84.6010506992111,33.7249571221783],[-84.6010134178694,33.7249995768426],[-84.600953478522,33.7250487058565],[-84.6008896061116,33.7251008719087],[-84.600806734703,33.7251684968164],[-84.6007802034822,33.7251903000536],[-84.6007360755059,33.7252445957496],[-84.600649299254,33.7253204771772],[-84.6005648369016,33.725398823645],[-84.6004855702474,33.7254636865348],[-84.6003994164358,33.7255329691145],[-84.6001892042239,33.7257203130776],[-84.6000783987728,33.7257924320043],[-84.5999023547418,33.7259071005399],[-84.5998260317799,33.7259689294401],[-84.5997395558017,33.7260395868058],[-84.599645219511,33.7261168681535],[-84.599460146281,33.7262675724735],[-84.598861751518,33.7266373815208],[-84.5987006918724,33.7267236912493],[-84.5981871702319,33.7270321898176],[-84.5971732484461,33.7275785057259],[-84.5965760796984,33.7279999676759],[-84.596297669554,33.7281674797445],[-84.5959959729202,33.7283485392129],[-84.5959517010303,33.7283750754447],[-84.5956503946768,33.7285685006679],[-84.5953299427751,33.7287485227424],[-84.5950139533912,33.7289002238599],[-84.594720903866,33.7290352154965],[-84.5946408327431,33.7290721821215],[-84.5945164394512,33.7291255175629],[-84.5943346073104,33.7292035091097],[-84.5940383947848,33.7292979754335],[-84.5936984374126,33.7293928664266],[-84.5933573899017,33.7294671493981],[-84.5930757357172,33.7295129172065],[-84.592648433334,33.7295712807229],[-84.5922982448321,33.7295928249467],[-84.5918936439589,33.7295859749979],[-84.5915481466786,33.729558582732],[-84.5911828376134,33.7295153164031],[-84.5907597686011,33.7294315747553],[-84.5904090160716,33.7293387888215],[-84.5902528190876,33.7292794135328],[-84.5902491952036,33.7292780518456],[-84.590038294679,33.7291979762413],[-84.5898142077384,33.729111075773],[-84.5894435287098,33.7289785059531],[-84.5893176821288,33.7289374381972],[-84.5891203626967,33.7288762780743],[-84.5888001746113,33.7287773365065],[-84.5884338034724,33.7287178530465],[-84.5880308944389,33.7286524457911],[-84.5878614121002,33.7287008430677],[-84.5874153693958,33.7288282341829],[-84.5869361520905,33.7289650795117],[-84.5865357079051,33.7292030639803],[-84.5861008241259,33.7294617776944],[-84.5857307026274,33.7298488871631],[-84.5854387923156,33.7301541082788],[-84.5852140588027,33.7305437463027],[-84.5849625768809,33.7309796435884],[-84.5847846473858,33.7314581657642],[-84.584610613849,33.7319262306381],[-84.5844187192801,33.7324419006535],[-84.5842780895972,33.7330164831022],[-84.5841097116895,33.7337027385148],[-84.5839784299094,33.73423826455],[-84.5838334402726,33.7346606082519],[-84.5836329688711,33.7352417134215],[-84.5834849036556,33.7355728271618],[-84.5832211405984,33.736127212007],[-84.5830639476294,33.7364080628059],[-84.5829455622384,33.7366192517533],[-84.5828286858644,33.7368026790719],[-84.5826616527438,33.7370898830761],[-84.5823465073421,33.7376320729131],[-84.5820949773177,33.7380652159389],[-84.5820444084349,33.7381519562676],[-84.5817775390015,33.7386109852249],[-84.5813932310983,33.7390701330871],[-84.5808482099444,33.7396287552651],[-84.5806585275486,33.740202398497],[-84.5805959020782,33.7403139127171],[-84.5805327831383,33.7403907997657],[-84.5804979280086,33.740462370597],[-84.5804836166627,33.7404962223441],[-84.5804364556609,33.7406082328533],[-84.5803984042787,33.7406990528835],[-84.5803531937295,33.7408066603746],[-84.5803006578805,33.7408953297756],[-84.5802507346547,33.7409801421578],[-84.5802011341478,33.7410638543262],[-84.5801616522346,33.7411310441053],[-84.5801081339949,33.7412210908268],[-84.5800490725898,33.7413210489919],[-84.5799981692733,33.7414075145699],[-84.5799397558908,33.7415058213928],[-84.5799048405268,33.7415650261135],[-84.5798905812417,33.7416095955322],[-84.5798393473421,33.7416960612468],[-84.5797568250124,33.7418428185928],[-84.5796892322967,33.7419477515761],[-84.579630511422,33.7420507325297],[-84.579561017694,33.742170512964],[-84.5794832399597,33.7422785049274],[-84.5794665944896,33.7423060419814],[-84.5794117758259,33.742399116873],[-84.5793755559564,33.7424607972229],[-84.5793119207832,33.7425679167914],[-84.5792877729594,33.7426089459431],[-84.5792606054732,33.7426376181449],[-84.5791643726518,33.7427382509905],[-84.579081559294,33.7428250968846],[-84.5790075823602,33.7429025685086],[-84.5789997425079,33.7429138635161],[-84.578986963203,33.7429243491068],[-84.5789676472209,33.742944201228],[-84.5789132287423,33.7429839572702],[-84.5788440987199,33.7430427250084],[-84.5787332874941,33.7431222453519],[-84.5786244421611,33.7432001081149],[-84.5785388544463,33.7432570073728],[-84.5785011540163,33.743284615431],[-84.5784677162826,33.7433091869286],[-84.5784277368854,33.7433411999136],[-84.5783696953898,33.7433804177917],[-84.578332323796,33.7434077496984],[-84.5782565967059,33.7434629667642],[-84.5781479193886,33.7435420656104],[-84.5781193999323,33.743563048284],[-84.5780022014111,33.7436484959663],[-84.5778571366551,33.7437543748695],[-84.5776533126673,33.7439211843675],[-84.5775737273339,33.7439610235894],[-84.5774410843119,33.7440157425052],[-84.5773716428154,33.7440444178778],[-84.5773274977806,33.7440655884942],[-84.5772084945259,33.744117788566],[-84.5771329798726,33.7441492322283],[-84.5770584210666,33.7441738020928],[-84.5770157392285,33.7441915324471],[-84.5768591273946,33.7442562242062],[-84.5767312436707,33.744309002427],[-84.5766650865635,33.7443364303319],[-84.5766384230376,33.7443329456322],[-84.5766165857656,33.7443414007835],[-84.5765049440166,33.7443160752946],[-84.5762959208095,33.7442895607635],[-84.5761710004887,33.7442737607798],[-84.5760054271775,33.74425273695],[-84.57591539807,33.7442413545212],[-84.5751080216414,33.7444675976598],[-84.5750317633602,33.7445156689299],[-84.5749225424819,33.7445845988295],[-84.5748164364332,33.7446517312648],[-84.5747295193254,33.7447065711073],[-84.5746544078977,33.7447539521979],[-84.57452501381,33.744835589542],[-84.5744233358641,33.7448998217306],[-84.5743585829401,33.7449462063697],[-84.5742470618766,33.7450162423784],[-84.5741790162508,33.7450618127832],[-84.5740855704762,33.7451278045922],[-84.5739929762151,33.7451999770381],[-84.5739217014472,33.7452588870487],[-84.57385036554,33.7453048801793],[-84.5737609171191,33.7453466735965],[-84.573597112441,33.7454214148973],[-84.5734824755111,33.7454937966604],[-84.5733158509512,33.7455989162603],[-84.5732208945904,33.7456588650222],[-84.5731329922023,33.745714394042],[-84.573043282088,33.7457708919116],[-84.5729493092399,33.7458302872208],[-84.5728530405815,33.7458910650279],[-84.5727740752582,33.7459586564189],[-84.5726788916771,33.7460401801949],[-84.5725981242764,33.7461092885648],[-84.5725076904209,33.7461866742472],[-84.5724429771256,33.7462421265465],[-84.5723418940185,33.7463286159034],[-84.5722588336039,33.7463997927567],[-84.5721801941741,33.7464671094956],[-84.5720995893802,33.7465360790513],[-84.5720222612882,33.7466022904681],[-84.571890206972,33.7466438103549],[-84.5718410651666,33.7467574731492],[-84.5717424378401,33.7468417557309],[-84.5716284112737,33.7469395557898],[-84.5715269986259,33.747026319659],[-84.5714737528746,33.7470718400367],[-84.5712835440181,33.7472347461279],[-84.5710926769167,33.7473980679383],[-84.5708687154059,33.747589941256],[-84.5706257482934,33.7477978157209],[-84.5704063726295,33.7479856888],[-84.5701630749387,33.7481939754853],[-84.5700200452411,33.7483163269937],[-84.5699089895424,33.7484171380814],[-84.5697075330451,33.7486033013641],[-84.5694674586009,33.7487978359071],[-84.5689480497479,33.7492347116645],[-84.5686695422568,33.7494778768327],[-84.5685925118095,33.7495384516144],[-84.568380499384,33.7497198376858],[-84.5681421057935,33.7499238441172],[-84.5680398674947,33.7500114328032],[-84.5679002838061,33.7501333594885],[-84.5676799020347,33.7503195809511],[-84.5674033914319,33.7506046463411],[-84.5672981228645,33.7507131318619],[-84.5671224942442,33.7509019553109],[-84.5669500000886,33.7511285573815],[-84.5666862785456,33.7513701562364],[-84.5666232138692,33.7514277983495],[-84.5663358036668,33.7517053390108],[-84.566245695817,33.751784506097],[-84.5661331418362,33.751883255643],[-84.5660700662265,33.7519387001872],[-84.5659771720273,33.7520202113633],[-84.5659285132555,33.7520629653709],[-84.5659155771301,33.7520756501371],[-84.5658964019263,33.752091101503],[-84.56582742589,33.7521516476021],[-84.5657466572695,33.7522226773942],[-84.5656322996516,33.7523230823304],[-84.5654884515459,33.7524494164965],[-84.5654242282869,33.7525056876226],[-84.565329367558,33.752589127879],[-84.5652307379986,33.752675741413],[-84.565149311417,33.7527473202377],[-84.5650911485583,33.7527982131246],[-84.5649859652061,33.75289061817],[-84.5649246895612,33.7529444062997],[-84.5648663642732,33.752995711658],[-84.5647918177396,33.7530610854431],[-84.5647080958828,33.7531345954973],[-84.5646070072789,33.7532235526327],[-84.5645488444115,33.7532745823134],[-84.5644679085279,33.7533456100003],[-84.5644082719799,33.7533980184769],[-84.5643206168699,33.7534749762236],[-84.5642305046817,33.7535540038928],[-84.5641528456188,33.7536222725917],[-84.564066008311,33.7536985404667],[-84.5639989978613,33.7537572939456],[-84.5639278918843,33.7538197699529],[-84.563846952822,33.7538907981423],[-84.5637674899485,33.7539605835655],[-84.5636513262302,33.7540626424848],[-84.5635245119902,33.7541739404716],[-84.5634558627374,33.7542342100867],[-84.5633547726302,33.754323166196],[-84.5632830080939,33.7543860559998],[-84.5632264834444,33.7544357065791],[-84.563143741706,33.7545083874092],[-84.5630795149409,33.7545647961742],[-84.5629628581864,33.7546672662759],[-84.5628797884943,33.7547400859333],[-84.5627760750463,33.7548311102546],[-84.5626869434557,33.7549094465878],[-84.5626392653069,33.7549513729404],[-84.5625937616373,33.7550013999303],[-84.5624807217595,33.7551035829704],[-84.5623914331229,33.7551835687091],[-84.5623013262169,33.7552645190649],[-84.5622382191564,33.7553141893834],[-84.5621456481735,33.7553959698249],[-84.5620727402067,33.7554610617069],[-84.5620120865688,33.7555077008211],[-84.5619137776739,33.7555938995119],[-84.5618105378272,33.7556810741642],[-84.5617253322412,33.7557548619371],[-84.5616622515817,33.7558104394807],[-84.5615549239626,33.7559033993559],[-84.5614631263599,33.7559747339087],[-84.5614049326984,33.7560198545937],[-84.5613828106621,33.7560387508633],[-84.5612975823198,33.7561077290158],[-84.5612238661351,33.7561759832578],[-84.5611140698018,33.7562686738322],[-84.5610534204724,33.7563169624777],[-84.5609493467392,33.7564018028978],[-84.5608297177746,33.7565029081566],[-84.5607042630586,33.7565894657542],[-84.5606074532061,33.756644052208],[-84.5604984244696,33.7567254727764],[-84.5604321028739,33.7567919167848],[-84.5603501972699,33.7568685783549],[-84.5602838270969,33.756924442488],[-84.5601370498464,33.7570252206811],[-84.5600484833747,33.7570839027597],[-84.5599463009921,33.7571516969406],[-84.55991466281,33.7571762576682],[-84.5597941755894,33.7572698061303],[-84.5597245053401,33.757323893403],[-84.5596484406797,33.7573828103889],[-84.5595754913555,33.7574393812395],[-84.5595033619751,33.7574954003332],[-84.559387954586,33.7575850848953],[-84.5592674645163,33.7576784958001],[-84.5591718899955,33.7577525897835],[-84.558792713479,33.7580468938894],[-84.5587217304824,33.7581019459222],[-84.5581184510239,33.7585699606928],[-84.5580300906285,33.7586385353618],[-84.5579332030918,33.7587137307543],[-84.5578176283574,33.7588034152756],[-84.5577235284633,33.7588764043513],[-84.557628117975,33.7589503586637],[-84.5575654944723,33.7589990638959],[-84.5574658196423,33.7590763298178],[-84.5574036878562,33.7591244825035],[-84.5572420454787,33.7592500392326],[-84.5572056512866,33.7592783236954],[-84.5571648387012,33.759311844475],[-84.5570927180123,33.7593704714997],[-84.5569886418365,33.7594566835909],[-84.5568812783008,33.759543591239],[-84.5567919393947,33.7596146404331],[-84.5567108062497,33.7596815421971],[-84.5566099965581,33.7597626592485],[-84.5565501837594,33.7598146524144],[-84.5564543135163,33.7598967148943],[-84.556341996073,33.7599797903793],[-84.5562469330959,33.7600585519179],[-84.5561510717829,33.7601429512066],[-84.5560461172681,33.7602174853132],[-84.555981332812,33.7602613862595],[-84.555916573298,33.7603110585467],[-84.5558091747092,33.7603906836542],[-84.5557075202751,33.7604672673359],[-84.5556443939632,33.7605145981606],[-84.5555353598127,33.7605967023072],[-84.555442726376,33.7606670729422],[-84.5553214237429,33.7607646057812],[-84.5552328665768,33.7608274067058],[-84.5551344716694,33.7608973840934],[-84.5550565610992,33.7609495705375],[-84.5549417843515,33.761035126607],[-84.554895877925,33.7610703108703],[-84.5548768453238,33.7610816386332],[-84.5548548686947,33.7610972359418],[-84.5547621990259,33.7611600494611],[-84.5546367279971,33.761245363867],[-84.5545219012422,33.7613204768078],[-84.5544357528021,33.7613699405188],[-84.5543143509135,33.7614458980286],[-84.5542429860006,33.7614905066845],[-84.55411255591,33.7615713017368],[-84.5539779477556,33.7616376815799],[-84.5538286093154,33.7617208718324],[-84.5537334192006,33.7617722875308],[-84.5536628651855,33.7618144200862],[-84.5535955989679,33.7618559904861],[-84.5534963129157,33.7619112670773],[-84.5534150897152,33.7619589284747],[-84.5532937282035,33.7620445045426],[-84.5531976654708,33.7620849287597],[-84.553088545904,33.7621484804906],[-84.5530196290356,33.7621889566343],[-84.552902315191,33.7622603655682],[-84.5528145691472,33.7623211019503],[-84.5527366478684,33.7623715007963],[-84.5525496161041,33.7624879231391],[-84.5524289813904,33.7625524723442],[-84.5523214401403,33.7626015884805],[-84.5521950369361,33.7626636813562],[-84.552141708557,33.7626951783928],[-84.552036698095,33.7627584404565],[-84.5519612179251,33.762803059739],[-84.5518668623713,33.7628579057721],[-84.5518258382773,33.7628816687031],[-84.551794005155,33.7629003194493],[-84.5517244310226,33.762941346926],[-84.5516399253095,33.7629912174174],[-84.5515132488979,33.7630660895117],[-84.5514099392048,33.763141987753],[-84.5513238678505,33.763209998666],[-84.5511885837917,33.7633100442274],[-84.551005769462,33.7634507739603],[-84.5508384621359,33.7635643840645],[-84.5506391732947,33.7637006283342],[-84.5504226118825,33.7638370657397],[-84.5502921625353,33.7639153835904],[-84.550040834421,33.7640773476488],[-84.5496955708571,33.764315454805],[-84.5492402442164,33.7646293394989],[-84.5487822908568,33.7649451565629],[-84.5482786393282,33.7652707311033],[-84.5481740949181,33.7653291790444],[-84.5476101924256,33.7656853054874],[-84.5473147034681,33.765871860191],[-84.5464464422402,33.7664201952365],[-84.5464246236462,33.7664348284968],[-84.5454960174603,33.7670315743715],[-84.545206375988,33.767203127895],[-84.5450355970541,33.7672789526944],[-84.5445585111391,33.7674782873153],[-84.5441107642832,33.7676522463586],[-84.5438874018537,33.7677438956],[-84.5427784721654,33.7681984023494],[-84.5416990957761,33.7686409896441],[-84.540959214684,33.7690251034337],[-84.5405579992545,33.7692333983231],[-84.5399261287321,33.7695615253442],[-84.5395983774321,33.7697859201558],[-84.5395908946272,33.7697817014135],[-84.5380869037502,33.7693649325601],[-84.5338856123651,33.7682006015478],[-84.5312542113942,33.7674668462187],[-84.5286375565961,33.7667371352672],[-84.5258713159764,33.7659623113079],[-84.5229260572141,33.7652227861483],[-84.5215933185727,33.7651627735962],[-84.5198187782206,33.7648718728312],[-84.5185724161638,33.7648400572592],[-84.5168588751713,33.7649222003386],[-84.5152776138733,33.7650258165165],[-84.515282786343,33.7646542077354],[-84.5152875130252,33.7643180846168],[-84.515301385964,33.7633154901843],[-84.5153127143632,33.7624966292956],[-84.5153131677809,33.7624966325232],[-84.5173812325629,33.7625244188972],[-84.5173816849123,33.7625244248251],[-84.5173821383449,33.7625244316516],[-84.5175317772008,33.7625263272358],[-84.5175322295502,33.7625263331632],[-84.5175326829791,33.7625263390875],[-84.5194924644478,33.7625468483207],[-84.51949291679,33.7625468524376],[-84.5194933691359,33.7625468574561],[-84.5215813200712,33.7625686171089],[-84.5215817724135,33.7625686212182],[-84.5215822258428,33.7625686271276],[-84.5236359538383,33.762590036561],[-84.5236364061883,33.762590042466],[-84.5236368606898,33.7625900465614],[-84.5247875770116,33.762602073832],[-84.5247880293616,33.7626020797328],[-84.5247884827761,33.7626020820239],[-84.5247891348342,33.7626020864436],[-84.5247895871805,33.7626020914428],[-84.5247896091216,33.7626011374338],[-84.5247861834838,33.7625943236882],[-84.524786166179,33.7625950946488],[-84.5247853667655,33.762594701144],[-84.5247856856161,33.7625807778468],[-84.5247963101891,33.762116635475],[-84.5247991887175,33.7619908704307],[-84.5248967193864,33.7577300051922],[-84.5248971727791,33.7577300083847],[-84.5282227914675,33.7577673264669],[-84.5283540067588,33.7577687976704],[-84.5338091451885,33.757829812537],[-84.5338095975099,33.7578298175033],[-84.5338100509108,33.7578298224664],[-84.534669772042,33.7578393779475],[-84.5350279957638,33.7578433524264],[-84.5350191298623,33.7574980496522],[-84.5349889229765,33.7564071197609],[-84.5349372503353,33.7545409434925],[-84.5349262980189,33.7519792082604],[-84.5349261705403,33.7519493892455],[-84.5349558602479,33.7514658373039],[-84.5349685917121,33.7512903741271],[-84.535089507351,33.7512923495152],[-84.5352104246601,33.7512944618308],[-84.5355320848994,33.7513093034991],[-84.5356505213384,33.7513085375133],[-84.5357631637589,33.7512989940342],[-84.5358741288868,33.7512821728346],[-84.5359702892031,33.7512653958239],[-84.5360614126195,33.7512248608832],[-84.5361351753394,33.751163766996],[-84.536824304935,33.7504856358166],[-84.5368593134914,33.7504511860589],[-84.53714029238,33.7501746877622],[-84.5371565803851,33.7501586643327],[-84.5371443229787,33.7501513914321],[-84.5371444089324,33.7501512992058],[-84.5372315529765,33.750065566562],[-84.5372793830982,33.7500185650859],[-84.5373604692229,33.7499393099636],[-84.5374415541232,33.749860055693],[-84.5375226400504,33.7497810745659],[-84.5376037269125,33.7497020942838],[-84.5376299366528,33.7496768684843],[-84.5376856345249,33.7496232476308],[-84.5377667217849,33.7495446792942],[-84.5378486342255,33.749466521379],[-84.5379313661238,33.749387947087],[-84.5379716653386,33.7493493506372],[-84.5380132765884,33.7493096502134],[-84.5380750415082,33.7492516144831],[-84.5380959756813,33.7492317981314],[-84.5380960122432,33.7492317664636],[-84.5380964645235,33.7492317723161],[-84.5395819909359,33.749259532602],[-84.5395824432281,33.7492595411539],[-84.5395828965957,33.749259548801],[-84.539583545342,33.7492595594645],[-84.5395839976263,33.7492595662132],[-84.5396030703508,33.7489152961054],[-84.5403543953334,33.7482500113583],[-84.5399052219949,33.7476563768004],[-84.5398561466982,33.7476054078392],[-84.5398532464663,33.7475974279759],[-84.5398511297194,33.747598639882],[-84.5397223521762,33.7474955429513],[-84.5397199026975,33.7474941942693],[-84.539626197205,33.7474425981677],[-84.5395544923807,33.7474077747868],[-84.5394819693276,33.7473739158966],[-84.5394094458447,33.7473401940157],[-84.5393369264694,33.7473071591377],[-84.5391902465554,33.7472419192156],[-84.5390831073127,33.7471911251263],[-84.5390096582512,33.7471332208065],[-84.5389172009934,33.7470540758489],[-84.5388561073634,33.7470006694882],[-84.5387966556243,33.7469462960857],[-84.5387421398184,33.7468921827821],[-84.538661993624,33.7468069540518],[-84.5385809889645,33.746713346102],[-84.5385041530274,33.7466327787498],[-84.5384133582554,33.7465574757445],[-84.5383201693302,33.7464993563382],[-84.53821798572,33.7464530809741],[-84.5381092736429,33.7464186431119],[-84.5379965045253,33.7463969964622],[-84.5379117517173,33.7463876325207],[-84.5378270066217,33.7463800546693],[-84.5376706975137,33.7463702186],[-84.5375333304838,33.7463660969056],[-84.5375328782575,33.7463661000673],[-84.537532226365,33.7463661056321],[-84.5375317730593,33.7463661087971],[-84.5375313208329,33.7463661119588],[-84.5374514303496,33.7463667468368]]],[[[-84.5151602982387,33.7905406846448],[-84.5151961544781,33.7862729952687],[-84.516017960406,33.7862822935064],[-84.5198303845573,33.7863250778932],[-84.519797424357,33.7863639051497],[-84.5197953387006,33.7863695716544],[-84.5197721262945,33.7864326415233],[-84.519758461106,33.786469768047],[-84.5197590652978,33.7864727994564],[-84.5197707765396,33.7865315713178],[-84.5197785913975,33.7865707904058],[-84.5198137687161,33.7866180126406],[-84.5198379988154,33.7866505387075],[-84.5198406206451,33.7866523759717],[-84.5199119851364,33.7867023843726],[-84.5199683302018,33.7867418684426],[-84.5199960436145,33.7867637946681],[-84.520001654915,33.7867652203325],[-84.5200590174136,33.7867802920785],[-84.5200636322308,33.7867815051005],[-84.5200878901072,33.7867808053719],[-84.5201536402211,33.7867789111157],[-84.5202130414202,33.7867661133745],[-84.5203064090913,33.7867459978777],[-84.520319508895,33.7867431760492],[-84.5203678437772,33.7867300961774],[-84.5204479704205,33.7867084117948],[-84.5204600252815,33.786705150239],[-84.5204863062731,33.7866961954694],[-84.5205506381803,33.7866742767997],[-84.5206061213115,33.7866553733379],[-84.5206136932286,33.7866535591453],[-84.5206858988316,33.7866362631009],[-84.5207551054175,33.7866196861176],[-84.5207897396571,33.7866138026641],[-84.520844018587,33.7866045817244],[-84.5208535134355,33.7866029693762],[-84.52088408677,33.7866034712904],[-84.5209686415799,33.7866048614128],[-84.5209745119692,33.7866049572624],[-84.5210279248748,33.786609899985],[-84.5210730263519,33.7866140740099],[-84.5211072393996,33.7866126385965],[-84.5211809924864,33.7866095441562],[-84.5213374492084,33.7866098537292],[-84.5214191079141,33.7866130786026],[-84.5214816939196,33.7866535926514],[-84.5215321417332,33.7867349951685],[-84.5215328010407,33.7867367127118],[-84.521555880271,33.7867968781069],[-84.5215840004379,33.7868701813109],[-84.5215861748709,33.7868758509194],[-84.5215946075049,33.7868918552284],[-84.5216251393667,33.7869498009579],[-84.5216344089663,33.7869673933601],[-84.5217791017332,33.7872157592403],[-84.5217791365111,33.787215813239],[-84.5217791009399,33.7872158286694],[-84.5216896147075,33.7872651420375],[-84.5215681983213,33.7873534351827],[-84.5214170774902,33.7874218881349],[-84.5212651239532,33.7874880071299],[-84.5211451939954,33.7875380946432],[-84.520981718645,33.7876038343369],[-84.5208313931495,33.7876658257971],[-84.5207418566999,33.7877031845977],[-84.5207208274094,33.7877120386958],[-84.5206538124996,33.7877434234183],[-84.5205662667407,33.7877846228028],[-84.5204783904704,33.7878258239747],[-84.5204465260394,33.7878407555336],[-84.5203908434121,33.7878667482365],[-84.5202446588968,33.7879354606044],[-84.5201272176364,33.7879904864279],[-84.5200396697287,33.7880315483949],[-84.5199228863463,33.7880864350898],[-84.5197868831413,33.7881501713359],[-84.5196696054286,33.788205196256],[-84.51956267651,33.7882553820869],[-84.5194455620837,33.7883102692769],[-84.5193386329063,33.788360455816],[-84.5192410651298,33.7884062172837],[-84.5191339704923,33.7884564032166],[-84.5190173495254,33.7885111515405],[-84.518881344968,33.7885748858912],[-84.5187734293143,33.7886256238591],[-84.5186591072258,33.7886791282259],[-84.5185382146321,33.7887359494457],[-84.5184542802794,33.7887753508726],[-84.5184258819513,33.7887932952469],[-84.5183306479352,33.7888464698886],[-84.5182140309753,33.7889024535987],[-84.5180801250557,33.7889562882268],[-84.5180007655094,33.7889879816685],[-84.5178544130237,33.7890566916838],[-84.5177358187237,33.7891122676162],[-84.5176518825566,33.7891516694042],[-84.517568110964,33.7891909318137],[-84.5175309880647,33.7892083516911],[-84.5174863238856,33.7892325255903],[-84.5173155018313,33.7893144956186],[-84.5171521668321,33.7894162316669],[-84.5170528478485,33.7894769745226],[-84.5169132318324,33.7895437410807],[-84.5168252658135,33.7895635023709],[-84.5167381410657,33.7895877964911],[-84.5166149308286,33.7896417371355],[-84.51652298617,33.7896949010527],[-84.516477169834,33.7897194899056],[-84.5164382656829,33.7897440591472],[-84.5163300881313,33.7898121100291],[-84.5162228968075,33.7898797450681],[-84.5161155400951,33.7899473804822],[-84.5160526829231,33.789990292901],[-84.51597638471,33.7900465732746],[-84.5158560120267,33.7901108100395],[-84.515646879229,33.7902426290797],[-84.5153830820613,33.7904088179321],[-84.5153000477171,33.7904682771933],[-84.5152341936964,33.7905028159616],[-84.5151602918221,33.7905414997509],[-84.5151602982387,33.7905406846448]]]]},"properties":{"FID":4,"CityName":"South Fulton","DistrNum":"District 4","Shape_Leng":525413.396984,"created_us":" ","created_da":null,"last_edite":"REDDY.ASI","last_edi_1":1651190400000,"Shape_Le_1":494412.841643,"CreationDate":1676574024707,"Creator":"erik.michael_cosfga","EditDate":1677002954483,"Editor":"erik.michael_cosfga","Shape__Area":71733610.35546875,"Shape__Length":81685.62057627465}},{"type":"Feature","id":5,"geometry":{"type":"MultiPolygon","coordinates":[[[[-84.6081458196026,33.5509993769525],[-84.6080504244263,33.5509587665132],[-84.6079813464742,33.5509296063663],[-84.6079362890327,33.5509121770484],[-84.607892872766,33.5508947427671],[-84.6078267735944,33.5508702435056],[-84.6077590322315,33.5508457500591],[-84.6076952387991,33.550823166691],[-84.6070654414468,33.5505819070137],[-84.6067181414053,33.5504471004497],[-84.6066913244144,33.5504342783343],[-84.605963268885,33.5500067519883],[-84.6049969486328,33.5494217620787],[-84.6046333333283,33.5491956268816],[-84.6046331107965,33.5491954888105],[-84.6046328821278,33.5491956284776],[-84.6046323228035,33.5491959703885],[-84.6046236216297,33.5492012940119],[-84.604244889687,33.5494384388152],[-84.6041966302446,33.5494691158077],[-84.6041763446452,33.549481829907],[-84.6041465687267,33.5495003482703],[-84.6041125429218,33.5495221808787],[-84.6040647699659,33.5495517560549],[-84.6040042393209,33.5495898971259],[-84.6039008423263,33.5496542976162],[-84.603876957319,33.5496694976778],[-84.6038537291862,33.5496846954155],[-84.6037876343802,33.5497258793514],[-84.6037333202003,33.5497601499844],[-84.6037025643044,33.5497797717465],[-84.6036799888415,33.5497941421132],[-84.6036299311024,33.5498261993882],[-84.6035824890288,33.5498563241354],[-84.6035206524843,33.5498961178443],[-84.6034972598513,33.5499111781389],[-84.6034310089306,33.5499541486577],[-84.6033933858751,33.5499787411686],[-84.603243202843,33.550073538464],[-84.6024125431255,33.5506165088844],[-84.6022149307318,33.5507445886454],[-84.6014084665725,33.5512713894054],[-84.6012778785205,33.551354113287],[-84.6012775854583,33.5513542991595],[-84.6012774262362,33.5513541157763],[-84.6012770363117,33.5513536681098],[-84.6010765312104,33.5511230465035],[-84.6009111300154,33.5509323440271],[-84.6009199572304,33.550925442287],[-84.6009127649834,33.5503404322723],[-84.6009127634961,33.5503403502249],[-84.6009123137812,33.5503404347564],[-84.600911213158,33.5503406405924],[-84.6008783311087,33.5503467926432],[-84.6008438932138,33.550352135025],[-84.6008094539392,33.5503572023905],[-84.6007743591475,33.5503625470564],[-84.6007399143725,33.5503665161789],[-84.6007044842573,33.5503704878444],[-84.6006700380963,33.5503741810392],[-84.6006349306256,33.5503767773976],[-84.6005994922614,33.5503791007959],[-84.6005742275317,33.5503808385075],[-84.6005643834116,33.5503814221277],[-84.6005364880845,33.5503823449173],[-84.6005010442171,33.5503835682604],[-84.6005005930101,33.5503835698414],[-84.6004999425829,33.5503835721205],[-84.600499490299,33.5503835737053],[-84.600499039092,33.5503835752863],[-84.600480161626,33.5503836414302],[-84.6004797093421,33.5503836430149],[-84.6004792581397,33.5503836454975],[-84.6004786077214,33.5503836495797],[-84.6004781554421,33.5503836520661],[-84.6004777042396,33.5503836545487],[-84.6001873851642,33.5503854892378],[-84.6001869328939,33.5503854935264],[-84.6001864817184,33.5503855014179],[-84.6001568619487,33.5503861398199],[-84.6001564097009,33.5503861486167],[-84.6001559585209,33.5503861556064],[-84.6001273227417,33.5503865218564],[-84.6001268704939,33.5503865306531],[-84.6001264193454,33.5503865439543],[-84.6000907707925,33.5503877534698],[-84.6000628754526,33.5503886752511],[-84.600033340345,33.5503898786788],[-84.6000064330822,33.5503913470121],[-84.5999703388769,33.5503936716242],[-84.5999408068029,33.5503956991523],[-84.5999102929163,33.5503980042189],[-84.5998742028228,33.5504011538233],[-84.5998446759333,33.5504040054435],[-84.599356840435,33.5504543558375],[-84.5992977852148,33.5504597847194],[-84.5992748173863,33.5504615132383],[-84.5992508680456,33.5504637961072],[-84.5992098517197,33.5504664127064],[-84.5991688340209,33.5504687542852],[-84.5991271580649,33.5504708240398],[-84.5991041861241,33.5504717284084],[-84.5990959831467,33.5504723097866],[-84.5990955319751,33.5504723185758],[-84.5990330933228,33.5504738909527],[-84.5990326410833,33.5504739015487],[-84.5990321899162,33.5504739112393],[-84.5990160274312,33.5504742282639],[-84.5990155751737,33.5504742352531],[-84.5990151239752,33.5504742386321],[-84.5990144735471,33.5504742409034],[-84.5990140212627,33.5504742424827],[-84.5990135700552,33.5504742440583],[-84.5989388935923,33.5504745048014],[-84.5989384413079,33.5504745063805],[-84.598907924918,33.5504765361973],[-84.598900707259,33.5504771114177],[-84.598866255793,33.5504799799965],[-84.5988268833312,33.5504831407538],[-84.5987865307119,33.5504871290525],[-84.5987465040921,33.5504908420905],[-84.5987071398244,33.5504956510473],[-84.5986667899307,33.5505001893208],[-84.5986585896667,33.5505013170771],[-84.5986274256586,33.550504999154],[-84.5985775685484,33.550512043868],[-84.5982626762977,33.5505551907661],[-84.5982413564058,33.550558288407],[-84.5982256141121,33.55056081658],[-84.5982101991856,33.55056334361],[-84.598189537547,33.5505667139593],[-84.5981741253526,33.5505697909985],[-84.5981649449137,33.5505717462713],[-84.5981583844218,33.5505725941698],[-84.5981518293889,33.550574540292],[-84.5981429735877,33.5505759453104],[-84.598128219647,33.5505792950615],[-84.5981019899586,33.5505851581006],[-84.598087237377,33.550588781952],[-84.5980774027776,33.550591289521],[-84.5980715019026,33.550592684238],[-84.5980167622195,33.5506079906768],[-84.5980020123636,33.5506121645318],[-84.5979862799036,33.5506168918313],[-84.5979617008994,33.5506246723682],[-84.5979469551371,33.5506296712372],[-84.5979365945852,33.5506333942848],[-84.5979361430973,33.550633556356],[-84.5979361422999,33.5506333958602],[-84.5979361403556,33.550633004539],[-84.5979329575035,33.5499923846386],[-84.5978963973447,33.5491740628938],[-84.5978912490453,33.5481376898141],[-84.5978240349877,33.5477559073606],[-84.5978148153652,33.5475517391959],[-84.5978084801461,33.5473995048376],[-84.5977445330123,33.5470803721201],[-84.5977035349902,33.5468881328489],[-84.5976381767746,33.546615177183],[-84.5976184630716,33.5465448887667],[-84.5975834371224,33.5463655451886],[-84.5975429739095,33.5461485691458],[-84.5975306448971,33.5459790406697],[-84.597513159269,33.545696299198],[-84.5974962777166,33.5454031123722],[-84.5975269391233,33.5452323351399],[-84.5975753815088,33.5449408442609],[-84.5976404730401,33.5447636255003],[-84.5977007244381,33.544603189356],[-84.5977801007659,33.5443945901728],[-84.5978186439474,33.5442911191317],[-84.5978492480478,33.5442412678752],[-84.5978928544645,33.5441658114549],[-84.5979514945873,33.5440776611267],[-84.5980068197766,33.5439829265404],[-84.5981357224197,33.5437678338159],[-84.598196306878,33.5436747290841],[-84.5982135496117,33.5436441625078],[-84.5983045331097,33.5435259428221],[-84.5982193357419,33.5434876254013],[-84.5982188845706,33.5434876269738],[-84.5982182341949,33.5434876292404],[-84.5982177819468,33.5434876308166],[-84.5982173307755,33.543487632389],[-84.5970983164788,33.5434913902106],[-84.5970978642307,33.5434913917826],[-84.5973636659606,33.5431510496201],[-84.5973641182069,33.5431510480471],[-84.5984782054501,33.5431471679695],[-84.5984786566196,33.5431471663962],[-84.5984791088658,33.5431471648191],[-84.598479759239,33.5431471625511],[-84.5984802104086,33.5431471609777],[-84.598478907387,33.5431490897035],[-84.598541086272,33.5431788293173],[-84.5985642865406,33.5431900103619],[-84.5985650993139,33.5431904015605],[-84.5985654317642,33.5431905618013],[-84.5985655515559,33.5431903990814],[-84.5986133538199,33.543125260098],[-84.5987072764404,33.5430045556531],[-84.5988210849095,33.5428565735884],[-84.5988794372107,33.5427769437746],[-84.5989443000372,33.5426865720511],[-84.5990092171793,33.5426069192572],[-84.5991063399287,33.5424699884467],[-84.5991843025648,33.5423737992022],[-84.5993921150238,33.5420893095173],[-84.5994470596862,33.542017523319],[-84.5995184579026,33.5419216327167],[-84.5996058425281,33.5418064470648],[-84.5996902585916,33.5416885234147],[-84.5997649118888,33.541587124652],[-84.5998297989616,33.5415019739915],[-84.5999077053847,33.5413950671286],[-84.5999983311403,33.5412718999174],[-84.6000762508645,33.5411677403146],[-84.6001411246831,33.5410798421195],[-84.6002125213647,33.5409839502131],[-84.6003099949038,33.5408522388326],[-84.6003212445611,33.5408374966641],[-84.6003393387246,33.5408133846247],[-84.6003686811502,33.5407742563044],[-84.6003967151073,33.5407359557927],[-84.6004221459032,33.5407020627816],[-84.6004498582752,33.5406651384441],[-84.6004752838314,33.5406304204042],[-84.6005023404206,33.5405934983522],[-84.600519620185,33.5405706262423],[-84.6005460240407,33.5405345306018],[-84.60055417665,33.5405240587934],[-84.6005616738131,33.5405138633915],[-84.600616764099,33.5404386416603],[-84.6006777299939,33.5403573517517],[-84.6007282149323,33.5402802219284],[-84.6007637000585,33.5402223828853],[-84.6008144926379,33.5401411294721],[-84.600854803231,33.540064035266],[-84.6008951343673,33.5399910634495],[-84.6009305329749,33.5399161847346],[-84.6009685466857,33.5398390985444],[-84.6010065287106,33.539755690783],[-84.6010441712635,33.5396700859069],[-84.6010822056895,33.5395973970947],[-84.6011097263119,33.5395222709497],[-84.6011323254511,33.5394474370769],[-84.6011528582468,33.5393859408695],[-84.6011652977138,33.5393467328021],[-84.6011788771065,33.5393057354091],[-84.6012025496501,33.5392487618169],[-84.6012336707027,33.5391716997258],[-84.6012683827086,33.5390907775599],[-84.601299195879,33.5390178390074],[-84.6013303332697,33.5389440742724],[-84.6013437821759,33.5389099481108],[-84.6013805251552,33.5388086805119],[-84.6014336400645,33.5386672307092],[-84.6014902673344,33.5385062544121],[-84.6015394924989,33.5383744373281],[-84.6015662153629,33.5382977656891],[-84.6015663077051,33.5382974993694],[-84.6015663459206,33.5382973901321],[-84.601566759926,33.5382974977813],[-84.6016613169735,33.538322066434],[-84.6016833280029,33.5383266607127],[-84.6022277769296,33.5384539178533],[-84.6022070157032,33.5392221473468],[-84.602185493645,33.5400351766213],[-84.6021643021351,33.540848479637],[-84.6021637590322,33.5408711551569],[-84.6021469718708,33.5415158332036],[-84.6021414290345,33.5415229984986],[-84.6021355553307,33.5415298899449],[-84.6021300111134,33.5415367802323],[-84.6021241374078,33.541543671678],[-84.6021185931887,33.5415505619648],[-84.6021120623573,33.5415571807089],[-84.6021055301504,33.5415635253472],[-84.602098999317,33.5415701440906],[-84.6020924671036,33.5415764878265],[-84.6020859348938,33.5415828324638],[-84.6020794026786,33.5415891761991],[-84.6020718824761,33.5415949742857],[-84.6020653502589,33.5416013180202],[-84.6020581584654,33.5416071149514],[-84.6020506379579,33.5416126380259],[-84.6020434461625,33.5416184349561],[-84.602035268831,33.541623960339],[-84.6020277483205,33.5416294834121],[-84.6020195696081,33.5416347337869],[-84.6020123750557,33.5416399816029],[-84.6020041949626,33.5416449569696],[-84.6019960162474,33.5416502073428],[-84.6019878361569,33.5416551836101],[-84.6019796546822,33.5416598839681],[-84.6019714718325,33.5416643102202],[-84.6019623062038,33.5416690149384],[-84.6019541233479,33.5416734402876],[-84.6019452822945,33.5416775938397],[-84.6019370980628,33.5416817450824],[-84.6019279296733,33.5416858997839],[-84.6019190872434,33.5416897792287],[-84.6019099160953,33.5416933839147],[-84.6019010736593,33.5416972624566],[-84.6018919025141,33.5417008680429],[-84.6018820717841,33.5417039250212],[-84.6018732265936,33.5417072544486],[-84.6018640540678,33.5417105850257],[-84.601854221962,33.5417133678964],[-84.6018443898555,33.5417161507663],[-84.6018355419058,33.5417189301768],[-84.6018257070416,33.541721163031],[-84.6018158735551,33.5417236708916],[-84.6018066968953,33.5417261773449],[-84.6017968606514,33.5417281351898],[-84.6017870257897,33.5417303689426],[-84.6017771881668,33.5417320517788],[-84.601767350548,33.5417337355159],[-84.6017575143069,33.5417356942593],[-84.6017476742326,33.5417371029915],[-84.6017371767326,33.5417379640089],[-84.6017273377345,33.5417393727357],[-84.6017174959847,33.5417402323492],[-84.6017076556081,33.5417413660674],[-84.6016978124892,33.5417419524756],[-84.6016973613724,33.5417419630772],[-84.6016874349153,33.5417422495184],[-84.6016869827217,33.5417422601238],[-84.6016771409848,33.5417431224391],[-84.6016766898228,33.541743124024],[-84.6016760394604,33.5417431263087],[-84.6016755872216,33.5417431278974],[-84.6016751360596,33.5417431294823],[-84.6016677473397,33.5417431554386],[-84.601667295119,33.5417431606339],[-84.6016668440112,33.5417431730388],[-84.6016579027657,33.5417434515082],[-84.6016574505586,33.5417434594085],[-84.6016571005939,33.5417434570312],[-84.6016569993695,33.5417434555834],[-84.6016566483009,33.5417434477999],[-84.6016561970802,33.5417434376631],[-84.6016473998844,33.5417432386379],[-84.601646947596,33.5417432303082],[-84.6016464964023,33.5417432255813],[-84.6011327590677,33.5417395415337],[-84.6011323068064,33.5417395386121],[-84.6011318556173,33.5417395347851],[-84.6010378965308,33.5417387842033],[-84.6010374464185,33.5417387803722],[-84.6009505414452,33.5418168540605],[-84.600640909142,33.5421177810616],[-84.6003777835677,33.5423666023112],[-84.5993923042486,33.5432797444311],[-84.5990941796273,33.5436692605025],[-84.5989129519574,33.5439052872065],[-84.5989012143706,33.5439209939382],[-84.5988816568574,33.543948132392],[-84.598864379417,33.5439716913365],[-84.5988516685715,33.5439895997522],[-84.598840921986,33.5440066771769],[-84.5988389634839,33.5440088823042],[-84.5988353841895,33.5440149414512],[-84.5988187686402,33.54403973428],[-84.5988076960628,33.5440570869497],[-84.5987956491653,33.5440766422119],[-84.5987842618363,33.5440967442933],[-84.5987809989377,33.5441006040429],[-84.5987800325326,33.5441041798647],[-84.5987696170724,33.5441218052496],[-84.5987608330631,33.5441375016608],[-84.5987091190816,33.5442322239783],[-84.598704241129,33.5442413109798],[-84.5986960865829,33.5442515076576],[-84.598695766368,33.5442531579444],[-84.5986949622659,33.544256459089],[-84.5986935078675,33.5442608616484],[-84.5986788657824,33.5442864717063],[-84.5986772356912,33.5442886756851],[-84.5986704033243,33.5443007928312],[-84.5986606364559,33.5443167667742],[-84.5986547786983,33.5443269563378],[-84.598652494208,33.5443294376112],[-84.5986450118241,33.5443429302795],[-84.5986345932849,33.5443597315294],[-84.5986313303653,33.5443635903734],[-84.5986244938816,33.5443748824956],[-84.5986137417316,33.5443908598719],[-84.5986056008381,33.544403805713],[-84.5986026622372,33.5444068392909],[-84.598585661778,33.5444200901453],[-84.5985049600092,33.5446259461429],[-84.5984078485422,33.5448318593004],[-84.5983782775048,33.544957560765],[-84.5983787297604,33.5449575591882],[-84.5983936681969,33.544957507104],[-84.5983941193758,33.544957505531],[-84.5983945716315,33.5449575039541],[-84.5983952220183,33.5449575016864],[-84.5983956731972,33.5449575001133],[-84.5984084179443,33.5454084552458],[-84.5984137527265,33.5456230802129],[-84.5984716896625,33.5477032871972],[-84.5984716910578,33.5477033512115],[-84.5986183725161,33.5476962528287],[-84.5986370344136,33.5481485567375],[-84.5986369343948,33.5482275711029],[-84.59863766076,33.5482744278565],[-84.5986386030172,33.5484637831914],[-84.5986432088486,33.5484659663143],[-84.598685350977,33.5499434325382],[-84.5986853536872,33.5499435443367],[-84.5986853549929,33.5499435903177],[-84.5986858059688,33.5499435427586],[-84.5987070072617,33.5499413155742],[-84.5987127485055,33.5499407464188],[-84.5987535929957,33.5499367555267],[-84.5987540452774,33.5499367539483],[-84.598756511289,33.5499367453424],[-84.5987569624938,33.5499367437677],[-84.5987574147754,33.5499367421893],[-84.5987580651994,33.5499367399195],[-84.5987585164042,33.5499367383448],[-84.5987604832496,33.5499361823592],[-84.5988001825262,33.5499327427666],[-84.5988006347719,33.5499327339748],[-84.5988058031209,33.5499325987181],[-84.5988062542897,33.54993258993],[-84.5988471021832,33.54992928427],[-84.5988525167374,33.5499288524018],[-84.598884129894,33.5499267457347],[-84.5988848630073,33.54992669719],[-84.598885164434,33.5499266772025],[-84.5988853152889,33.5499266956111],[-84.5988913214691,33.5499274293482],[-84.5988916124011,33.5499274643996],[-84.5988917330858,33.5499274793068],[-84.5988920646827,33.5499274628208],[-84.5989026521438,33.5499269461678],[-84.5989035199006,33.5499269043663],[-84.5989038751838,33.5499268868958],[-84.5989039721821,33.5499269027874],[-84.59891461182,33.5499286464567],[-84.5989151517763,33.5499287347393],[-84.5989153727169,33.5499287709368],[-84.5989156040579,33.5499287331603],[-84.5989393137116,33.5499248398961],[-84.5989397659932,33.549924838317],[-84.5989967179311,33.5499246394668],[-84.5989971691358,33.5499246378913],[-84.5989976214173,33.549924636312],[-84.5989982718412,33.5499246340409],[-84.5989987230369,33.5499246306621],[-84.598999175296,33.5499246245745],[-84.5990173083251,33.5499242988682],[-84.5990177594894,33.5499242891777],[-84.5990182117171,33.5499242767784],[-84.5990363423622,33.5499236886895],[-84.599036793513,33.549923676294],[-84.5990372457541,33.5499236665996],[-84.5990553787828,33.5499233408878],[-84.599055829947,33.5499233311971],[-84.5990562821747,33.5499233187977],[-84.5990744128238,33.5499227316049],[-84.599074863979,33.5499227201108],[-84.5990929123496,33.5499218293374],[-84.5991270409127,33.5499203359806],[-84.599160182488,33.5499182969404],[-84.5991939795718,33.5499159796882],[-84.5992120252168,33.5499145424905],[-84.5992307266693,33.5499131029989],[-84.5992546769401,33.5499108210329],[-84.5992786261328,33.549908539066],[-84.5997641619646,33.5498584711435],[-84.5997690839958,33.5498581789146],[-84.5997710508283,33.5498576220114],[-84.599800905977,33.549854769261],[-84.5998066485796,33.5498544750618],[-84.59984355763,33.549851044896],[-84.5998440098706,33.5498510351987],[-84.599849013462,33.5498509022782],[-84.5998494646257,33.5498508925847],[-84.599880307139,33.5498484457223],[-84.5998858842928,33.5498480141416],[-84.5999154567383,33.5498459134501],[-84.59991612632,33.5498458660233],[-84.5999163997479,33.5498458461312],[-84.5999165786011,33.5498458644406],[-84.5999180169558,33.549846009086],[-84.599918733441,33.5498460814181],[-84.5999190264999,33.5498461110496],[-84.5999191857221,33.5498460798354],[-84.5999232889047,33.5498452720013],[-84.5999581461062,33.5498432745332],[-84.5999587920509,33.549843238009],[-84.5999590568864,33.5498432226554],[-84.599959244332,33.5498432364262],[-84.5999615776967,33.5498434058909],[-84.5999623522513,33.5498434617893],[-84.5999626689696,33.5498434850263],[-84.5999628045324,33.5498434602065],[-84.599967259816,33.549842644827],[-84.6000080688499,33.5498406328274],[-84.6000089161449,33.5498405910898],[-84.6000092628127,33.5498405736463],[-84.6000093684259,33.5498405895069],[-84.6000120615417,33.5498409894426],[-84.6000126402565,33.5498410757815],[-84.6000128762688,33.5498411110225],[-84.6000130925375,33.5498410741985],[-84.6000177955522,33.5498402687703],[-84.6000585876141,33.5498385246116],[-84.6000594478539,33.5498384873367],[-84.6000597999194,33.5498384725792],[-84.6000599001349,33.5498384857536],[-84.6000628398562,33.5498388857267],[-84.6000634799565,33.5498389727522],[-84.6000637418179,33.5498390088043],[-84.6000639322375,33.549838971169],[-84.6000680052843,33.5498381670423],[-84.6000684575293,33.5498381582458],[-84.6001022875175,33.5498372661826],[-84.6001027386722,33.5498372546848],[-84.6001031908991,33.5498372422815],[-84.6001036549716,33.5498372298369],[-84.6001041061397,33.549837221044],[-84.6001066507167,33.5498376350229],[-84.6001071766654,33.549837721546],[-84.6001073911406,33.5498377568623],[-84.6001076289465,33.5498377199627],[-84.6001109980185,33.549837192409],[-84.6001114502679,33.549837184514],[-84.6001389991894,33.5498365813257],[-84.600139450353,33.5498365716311],[-84.6001399025935,33.5498365619327],[-84.6001404129754,33.5498365502274],[-84.6001408641481,33.5498365423361],[-84.6001430834506,33.5498369448295],[-84.6001436072906,33.5498370403767],[-84.6001438207069,33.5498370793033],[-84.6001440595671,33.5498370378916],[-84.6001471002282,33.5498365177983],[-84.6001475524912,33.5498365126082],[-84.600175385896,33.5498361626889],[-84.6001758370777,33.5498361566008],[-84.6001762893406,33.5498361514106],[-84.6001768449731,33.5498361440551],[-84.6001772961593,33.5498361388686],[-84.6001782854008,33.5498362724599],[-84.6001789815384,33.5498363674037],[-84.6001792671043,33.5498364060776],[-84.6001794338194,33.5498363658201],[-84.6001815623712,33.5498358471163],[-84.6001820146477,33.549835844631],[-84.6004194885251,33.5498344683127],[-84.6004199397247,33.5498344658303],[-84.6004203920012,33.5498344633442],[-84.6004210424198,33.5498344601639],[-84.6004214936195,33.5498344576815],[-84.6004214620355,33.5498281370338],[-84.6010791219849,33.5498043948452],[-84.6010805072966,33.5497532711907],[-84.601128464772,33.5494980589653],[-84.6012156466445,33.5492756888072],[-84.6014010463885,33.549003504132],[-84.6024374582941,33.5481614720804],[-84.6024380492377,33.5481609930132],[-84.6024382905442,33.5481607964999],[-84.6024385004331,33.5481609914252],[-84.6031047734608,33.5487795289656],[-84.6031052224553,33.5487799457612],[-84.6031054063805,33.5487801164316],[-84.6031056747261,33.5487799432654],[-84.6036274044565,33.5484439423766],[-84.6039422965463,33.5482401417207],[-84.6056886348627,33.5471055027464],[-84.6057727109279,33.5470506504161],[-84.6057743457507,33.5470494075169],[-84.6063018800346,33.5467084326789],[-84.6063022267195,33.5467082087336],[-84.6063023683986,33.5467081171611],[-84.6063026779071,33.5467082071316],[-84.6063068891808,33.5467094346906],[-84.6063076462407,33.5467096556186],[-84.6063079557492,33.5467097455891],[-84.6063080985005,33.5467096531111],[-84.6078121595256,33.5457339641727],[-84.6078078172451,33.5455899682003],[-84.6078018034738,33.545375346161],[-84.6077857566793,33.5448010039679],[-84.6077009903058,33.5418116798759],[-84.6077014425308,33.5418116755602],[-84.6108702161895,33.5417742606747],[-84.6108706673326,33.5417742554497],[-84.6108711195571,33.5417742511224],[-84.6108717698959,33.5417742442811],[-84.6108722210437,33.5417742399577],[-84.610827507291,33.5407965448543],[-84.610827959515,33.5407965414289],[-84.611316138106,33.5407923305645],[-84.6113165892486,33.5407923262395],[-84.6113170414726,33.5407923228123],[-84.6113176918086,33.5407923168704],[-84.6113181429558,33.540792313447],[-84.6114363880776,33.5433754279269],[-84.6114419387868,33.5434966791421],[-84.6114419424236,33.5434967584767],[-84.6114423935572,33.5434967496428],[-84.6117611938226,33.5434780349238],[-84.6117612029701,33.5434798193112],[-84.6117612064552,33.5434804991637],[-84.6117612078789,33.5434807768754],[-84.6117616586978,33.5434804966364],[-84.6118097545362,33.5434505828057],[-84.6157858175926,33.5409774664224],[-84.6157865624721,33.5409770029634],[-84.6157868672937,33.5409768134071],[-84.6157870136293,33.5409770013271],[-84.6161772142174,33.5414779571181],[-84.6161775762663,33.5414784219713],[-84.6161777247711,33.5414786125879],[-84.6161780284982,33.541478419428],[-84.61618819328,33.5414719788124],[-84.6182576768446,33.5401804335451],[-84.6191170946543,33.5395888812418],[-84.6197112716207,33.5391763849652],[-84.6201783855848,33.5388806045873],[-84.6205075609088,33.5386919632069],[-84.6208686627751,33.5385213429128],[-84.6211447148056,33.5384043508576],[-84.6213893078729,33.5382965436894],[-84.6217507378943,33.5381706978565],[-84.6217518320117,33.5381703169343],[-84.6217522791158,33.5381701611043],[-84.6217522831492,33.5381703143747],[-84.6217564645005,33.538344625832],[-84.6217564742252,33.5383450432732],[-84.6217564783484,33.5383452136752],[-84.6217569264403,33.5383450407096],[-84.6222867437996,33.5381407126808],[-84.6235593706787,33.5378743839281],[-84.6250451480918,33.5377015210539],[-84.6259833781157,33.5376287867578],[-84.6259610902412,33.5375722539684],[-84.6258813172537,33.5374436531481],[-84.6258102124863,33.5373405799993],[-84.6256996306559,33.5372195149913],[-84.6255712671415,33.5370872466041],[-84.6253812275008,33.536959054014],[-84.6251696054572,33.5368455076461],[-84.6249534477235,33.5367429709564],[-84.6244303746203,33.536503603],[-84.62264600382,33.5356826671589],[-84.6217726001591,33.5352843499402],[-84.6207863424743,33.5348290007505],[-84.6205129788336,33.5347046794551],[-84.6202218366184,33.5345694293973],[-84.6201026734328,33.5344997836899],[-84.6198817612281,33.534364275661],[-84.6197493572116,33.5342726906293],[-84.6195947548479,33.5341405128156],[-84.6194443226886,33.5339899045721],[-84.619234137754,33.5337713566124],[-84.6191452462479,33.5336537788022],[-84.6189724272109,33.5334260247663],[-84.618786345579,33.5331722089792],[-84.618622483994,33.5329628358146],[-84.6184274875043,33.5326980587228],[-84.6183092352357,33.5325282611432],[-84.6183091191676,33.5325280947558],[-84.6183087841226,33.5325282627883],[-84.6183079636823,33.5325286724375],[-84.6182287622687,33.5325682383841],[-84.6173269571315,33.5330553633161],[-84.6173266973076,33.5330555040218],[-84.6173265049436,33.5330553658632],[-84.6173260359143,33.533055027637],[-84.6168370715004,33.5327026147215],[-84.6168368791381,33.5327024765622],[-84.6168366203864,33.5327026163613],[-84.6168359869277,33.5327029585969],[-84.6168091766576,33.5327174558627],[-84.6168087353854,33.5327176946081],[-84.6168087244714,33.5327174584079],[-84.6168086988619,33.532716879623],[-84.6167682934994,33.5318161164694],[-84.6167570238735,33.5316045360181],[-84.6167565727604,33.5316045367559],[-84.6167559224659,33.5316045373158],[-84.6167554702716,33.5316045371559],[-84.6167550191538,33.5316045369919],[-84.6161054134857,33.5316044336196],[-84.6161049612913,33.5316044334572],[-84.6160959480527,33.5310674412977],[-84.6148879184107,33.5308640461145],[-84.6145781932078,33.5308118494507],[-84.6145540107611,33.5308060029544],[-84.6145535504626,33.5308058919091],[-84.6145535585801,33.5308060045896],[-84.6145535793818,33.5308062804283],[-84.6146290273399,33.5318238728346],[-84.6146836642396,33.532556549274],[-84.6146836723156,33.5325566538396],[-84.6146832131308,33.5325565518076],[-84.6146820921197,33.5325563033928],[-84.6133667762537,33.5322643687733],[-84.6133665445072,33.5322643173118],[-84.613366324065,33.5322643704043],[-84.6133657863989,33.5322644994804],[-84.613278773929,33.5322854274874],[-84.6132783771309,33.532285522693],[-84.6132783217402,33.532285429118],[-84.6132781870592,33.5322852005772],[-84.6132207734653,33.5321878900885],[-84.6131916034115,33.5321311047085],[-84.6131501243892,33.5320419338979],[-84.6131118239227,33.531932688346],[-84.6131028219625,33.531905237609],[-84.6130807000196,33.5318151728571],[-84.6130678519244,33.5317415636838],[-84.6130630418423,33.5316995321044],[-84.6130625907332,33.5316995337304],[-84.613061940447,33.5316995360743],[-84.6130614882612,33.5316995377042],[-84.6130610371521,33.5316995393301],[-84.6129581551986,33.5316999101159],[-84.6129577030128,33.5316999117455],[-84.6129580398589,33.5317015597032],[-84.612957588759,33.5317015631322],[-84.612956938482,33.5317015672788],[-84.6129564863009,33.53170156981],[-84.612956035201,33.5317015732389],[-84.6116701624783,33.5317103128436],[-84.6116697102969,33.53171031537],[-84.6116682076282,33.5310328168133],[-84.6116682075223,33.5310325859837],[-84.6116677565271,33.5310328193359],[-84.6116666558829,33.5310333886437],[-84.6116287281888,33.5310530020967],[-84.6116286047048,33.5310530665596],[-84.6116282760109,33.531053004623],[-84.6116274720635,33.5310528542259],[-84.6096084771067,33.530674168195],[-84.6075837689778,33.5302947030558],[-84.6075880247691,33.5302927646215],[-84.607433447478,33.5300959849029],[-84.6081814733052,33.5297385112721],[-84.6093791574463,33.5292060074191],[-84.6103214730255,33.528791760679],[-84.6107107726285,33.5286207947107],[-84.6110352455831,33.5284786415798],[-84.6115105473362,33.5282712846849],[-84.6115113250656,33.5282709455649],[-84.61151164303,33.5282708064658],[-84.6115117761571,33.5282709439447],[-84.6117930466411,33.528561668319],[-84.6118734393649,33.528624865742],[-84.6119494427685,33.5286638931326],[-84.6120166547739,33.5286842638713],[-84.6120042118253,33.5287215488943],[-84.6118227705728,33.5298476427497],[-84.6118232227952,33.5298476501411],[-84.613362560195,33.5298861944353],[-84.6133630113411,33.529886201825],[-84.6134429653749,33.5299272788803],[-84.6133894540292,33.53001885353],[-84.6134834843412,33.5300532812926],[-84.6142827304233,33.5302794678433],[-84.6141086596794,33.5306970172307],[-84.6142750529703,33.5307378959323],[-84.6142758916591,33.5307381020908],[-84.6142762344658,33.5307381865114],[-84.6142763438351,33.5307380995549],[-84.6148847703211,33.5302539297755],[-84.6157469067259,33.5295678475246],[-84.6157783155178,33.5295495945447],[-84.6157956685782,33.5295358513346],[-84.6157963419407,33.5295353178035],[-84.6157966175049,33.5295350994994],[-84.6157967930385,33.5295353161676],[-84.615826010863,33.5295714081359],[-84.6159465170922,33.5297122353804],[-84.6159887771584,33.5297618268293],[-84.6160987200974,33.5298905989159],[-84.616144612966,33.5299445746175],[-84.6161858878134,33.5299938945596],[-84.6162515850797,33.5300700599023],[-84.6163397482157,33.5301752751018],[-84.6163810232843,33.5302245949753],[-84.6165022026356,33.530368441641],[-84.6166328710169,33.5305208521227],[-84.6166331569768,33.5305211856069],[-84.6166332739614,33.5305213222371],[-84.6166336091515,33.5305211830623],[-84.6166972914846,33.5304948435487],[-84.6166553827508,33.529404597532],[-84.6166254164972,33.5286241791638],[-84.6166258686574,33.5286241757178],[-84.6190808142471,33.5285987588109],[-84.6190812653256,33.5285987544582],[-84.6190817174808,33.5285987501015],[-84.6190823677198,33.5285987432178],[-84.6190828187937,33.5285987379634],[-84.6190832709488,33.5285987336067],[-84.6200015603548,33.5285890703651],[-84.6200020114333,33.528589066009],[-84.6200024635883,33.5285890616489],[-84.6200031138271,33.5285890547604],[-84.6200035649008,33.5285890495027],[-84.6200040170558,33.5285890451426],[-84.621685219658,33.5285716288622],[-84.6216856707361,33.5285716245],[-84.6216861228815,33.5285716183304],[-84.6216867731104,33.5285716096298],[-84.6216872252605,33.5285716043619],[-84.6216876763387,33.5285715999997],[-84.6228993166058,33.5285589166087],[-84.6228997676838,33.528558912242],[-84.6229002198384,33.5285589078714],[-84.6229008700765,33.5285589009677],[-84.6229013211498,33.5285588956994],[-84.6229017733044,33.5285588913288],[-84.6240412240024,33.5285470108922],[-84.6240416750802,33.5285470065214],[-84.6240421272346,33.5285470021466],[-84.6240427774773,33.5285469961386],[-84.6240432285693,33.5285469944727],[-84.6240436807618,33.5285469973112],[-84.6242943444415,33.5285498926934],[-84.6242947955716,33.52854989824],[-84.6242951422628,33.528549902369],[-84.6242952477735,33.5285499028808],[-84.6242955933691,33.5285499034073],[-84.6242960455188,33.5285498981299],[-84.6248752544828,33.5285384242419],[-84.6248757055415,33.5285384162614],[-84.624876157691,33.5285384109819],[-84.6258981350176,33.5285274971392],[-84.6258985860952,33.5285274927616],[-84.6258990382494,33.52852748838],[-84.6258996884916,33.5285274823623],[-84.6259001395739,33.5285274788864],[-84.6258912283645,33.5285178901088],[-84.6258916805043,33.5285178830223],[-84.6260523205421,33.5285145795478],[-84.6260527715957,33.5285145706613],[-84.626053223726,33.5285145617709],[-84.6260538513215,33.5285145486229],[-84.6260543023799,33.5285145406381],[-84.6260645361041,33.5285260405666],[-84.626064988263,33.5285260370861],[-84.6286606952235,33.5284988080584],[-84.6286611463007,33.5284988036708],[-84.6286615984544,33.5284987992791],[-84.6286622486913,33.5284987923452],[-84.6286626997637,33.5284987870559],[-84.6286631519174,33.5284987826642],[-84.6308988946892,33.5284753240625],[-84.630899345766,33.5284753196667],[-84.6308997979194,33.5284753152669],[-84.6309004481606,33.5284753092229],[-84.6309008992422,33.5284753057287],[-84.6309043637061,33.5317639342712],[-84.6309085557349,33.5365391195892],[-84.6309090079255,33.5365391142873],[-84.6313258516627,33.5365337178922],[-84.6313263027716,33.5365337116912],[-84.6313267549573,33.5365337054862],[-84.635461716805,33.5364774665448],[-84.6354621679132,33.5364774603287],[-84.6354626200981,33.5364774541086],[-84.6354632703888,33.5364774462368],[-84.6354637215019,33.5364774409224],[-84.6354641736965,33.5364774365055],[-84.6392697288273,33.5364385273419],[-84.6392701799447,33.5364385229153],[-84.6392706321387,33.5364385184845],[-84.6392712824335,33.5364385114944],[-84.639271733546,33.5364385061661],[-84.6392721857351,33.5364385008337],[-84.640621371807,33.5364212765026],[-84.6406218229193,33.5364212711694],[-84.6406222751082,33.5364212658321],[-84.6406229695369,33.5364212568626],[-84.6406234206492,33.5364212515294],[-84.6398398188188,33.5366798402514],[-84.6387073602475,33.5369397560908],[-84.637864999526,33.5370768073197],[-84.6372551836626,33.5371887836646],[-84.6367468365036,33.5372514522736],[-84.6367487480818,33.5376046041036],[-84.6355229209661,33.5377167105011],[-84.6355734094359,33.5398343770949],[-84.6355738616724,33.5398343771858],[-84.6358267438114,33.5398350513877],[-84.635827194976,33.5398350523834],[-84.6358276472173,33.539835053375],[-84.6358282975819,33.5398350545177],[-84.6358287487367,33.53983505371],[-84.6359298274297,33.5414130292152],[-84.6359293762667,33.5414130300232],[-84.635928725905,33.5414130315861],[-84.6359282736652,33.5414130323983],[-84.6359278225022,33.5414130332063],[-84.6354668643207,33.5414136872617],[-84.6354664120809,33.5414136880722],[-84.6354825681536,33.5416705921908],[-84.6354821169844,33.5416705920956],[-84.6354814666061,33.5416705909512],[-84.6354810143552,33.5416705899584],[-84.6354805631811,33.5416705889616],[-84.6337336794831,33.5416659392087],[-84.6337332272371,33.5416659391112],[-84.6337327760726,33.5416659399112],[-84.6337321257185,33.5416659432659],[-84.6337316734822,33.5416659449717],[-84.6337312223274,33.5416659475751],[-84.6336371919833,33.5416665700075],[-84.6336367397518,33.5416665726145],[-84.6336293981562,33.5415830527173],[-84.6336261268638,33.5415239763587],[-84.6336218348798,33.5414583080815],[-84.6336186434054,33.541414072122],[-84.6336164966791,33.5413811004797],[-84.6336160249107,33.5413544432769],[-84.6336119660483,33.5413319220677],[-84.6336117251527,33.5412871258595],[-84.6336037726069,33.5412121264019],[-84.6336042550363,33.5411796948672],[-84.6336031378817,33.5411549642758],[-84.6335973468445,33.5411156847161],[-84.6335971059584,33.5410708885062],[-84.6335923858688,33.5410475456558],[-84.6335884459865,33.5409862726217],[-84.6335889269427,33.5409535660799],[-84.6335820719833,33.5408994498271],[-84.6335818311071,33.5408546536156],[-84.6335786253032,33.5408079444044],[-84.6335730706894,33.5407513499465],[-84.6335728298143,33.5407065528321],[-84.6335655563436,33.5406356741736],[-84.6335653154735,33.5405908770583],[-84.6335593915069,33.5405268640894],[-84.6335551849331,33.5404768603134],[-84.6335530563543,33.5403861740467],[-84.6335490293554,33.5403086864729],[-84.6335447153367,33.5402388957947],[-84.6335425524182,33.5402029008822],[-84.6335378637987,33.5401243166557],[-84.6335345542175,33.540058094633],[-84.6335313347748,33.5400086371537],[-84.6335211766812,33.5398896729958],[-84.6335177267597,33.5397973425335],[-84.6335162058957,33.5397585968852],[-84.6335108368836,33.539675617737],[-84.6335075568938,33.5396148922216],[-84.6334985514566,33.5394659681862],[-84.6334952216505,33.5393961728844],[-84.6334891290038,33.5393005549426],[-84.6334847234937,33.5392137246976],[-84.6334814524039,33.5391546474094],[-84.6334803530476,33.5391332150771],[-84.6334777081455,33.5390686397042],[-84.6334734001663,33.5389999481309],[-84.6334711009974,33.5389383938755],[-84.6334699385211,33.5389054185068],[-84.6334588427829,33.5387339658061],[-84.6334565524983,33.5386740606823],[-84.6334531784516,33.5385960215005],[-84.633447800721,33.5385113931983],[-84.6334456088096,33.5384088897547],[-84.6334370826901,33.5382879952266],[-84.6334368419125,33.5382431989952],[-84.633432066365,33.5381484002008],[-84.6334279051821,33.5380459032717],[-84.6334225349023,33.5379626490891],[-84.6334145951652,33.5378288367116],[-84.6334079232396,33.5376864986995],[-84.6334029286668,33.5376120380578],[-84.6333916067989,33.5374595538556],[-84.6333900577749,33.5374596246145],[-84.6333003957305,33.5374640155483],[-84.6329641134711,33.5374842454371],[-84.6328939085406,33.5374891813613],[-84.6325694348287,33.5375082665759],[-84.6322456148083,33.5375267993615],[-84.6319227787406,33.5375453267025],[-84.6315976448461,33.5375638627311],[-84.6312731760145,33.5375837686665],[-84.6309457452086,33.5376023116022],[-84.6306304518306,33.5376199831641],[-84.6303036877873,33.5376404451836],[-84.6299785560689,33.5376595260777],[-84.6296534223417,33.5376780561028],[-84.6293273076759,33.5376974139747],[-84.6290294048138,33.5377144664659],[-84.6286402946036,33.5377368060327],[-84.6281648839106,33.537761665216],[-84.6275280779259,33.5378003139673],[-84.6267603251034,33.5378391719203],[-84.6258980632686,33.5378797497865],[-84.6248891903859,33.5379373541231],[-84.6247553452766,33.5379477434239],[-84.6246812037496,33.5379532392812],[-84.6242255798717,33.537996698343],[-84.6238690597855,33.538038689829],[-84.6234135708884,33.5381079793836],[-84.6234365277801,33.5382041740779],[-84.6234320201987,33.5382049210633],[-84.6232794756387,33.5382302004268],[-84.6232284183567,33.5382366111581],[-84.6232029118656,33.5382399341031],[-84.6231774197774,33.5382433345341],[-84.6231264809771,33.5382503705511],[-84.6230756051852,33.5382577191972],[-84.6230501915896,33.538261510641],[-84.6229994151428,33.5382693259589],[-84.6229740533776,33.5382733516324],[-84.6229487081634,33.5382774538824],[-84.6228980738669,33.5382858916945],[-84.6228475154922,33.5382946411868],[-84.6228222649042,33.5382991316855],[-84.6227718230844,33.5383083450819],[-84.6227466340012,33.5383130670699],[-84.622721464708,33.5383178674259],[-84.6226711897745,33.5383276987178],[-84.6226210025855,33.5383378380401],[-84.6225959418939,33.5383430229873],[-84.6225458917044,33.5383536243356],[-84.6224959346322,33.5383645318915],[-84.6224460739072,33.5383757456432],[-84.6224211807466,33.5383814664368],[-84.622396312754,33.5383872646772],[-84.6223466544026,33.5383990889818],[-84.6222970999195,33.5384112167499],[-84.6222723631119,33.5384173949909],[-84.6222229714363,33.5384299792811],[-84.6221983165635,33.5384363844287],[-84.6221736911602,33.5384428661056],[-84.6221245244319,33.5384560545552],[-84.6220754744762,33.5384695437162],[-84.6220265434509,33.5384833344827],[-84.6219777356483,33.5384974241339],[-84.6219533775564,33.5385045819444],[-84.6219047572787,33.5385191199131],[-84.6218562645294,33.538533956751],[-84.6218320677227,33.538541486338],[-84.6218079036008,33.5385490897376],[-84.6217596701761,33.5385645170855],[-84.6217608389588,33.5386821411906],[-84.6217827622537,33.5409841251946],[-84.6217838107663,33.541094190932],[-84.6217855066473,33.5412720938055],[-84.6217893037055,33.5416702940234],[-84.6217905217434,33.5419392428172],[-84.6217906364693,33.5419646228136],[-84.621790640837,33.54196566153],[-84.6213587731302,33.5421800304495],[-84.6205050301904,33.5426033802074],[-84.6200778293231,33.5428154670572],[-84.6196516087298,33.5430269979246],[-84.6187978504787,33.5434506109996],[-84.617653717721,33.5440185734023],[-84.6176533836981,33.5440187396259],[-84.6176532654761,33.5440185759512],[-84.6176529758951,33.5440181766611],[-84.617652508438,33.5440175309593],[-84.6176523913022,33.5440173690839],[-84.6176520572652,33.5440175326025],[-84.6176512420509,33.5440179332113],[-84.6175715560317,33.5440570667732],[-84.6175712026637,33.5440572402803],[-84.6175711037865,33.5440570693217],[-84.6175708614813,33.5440566500224],[-84.617477476891,33.5438951560824],[-84.6173935056236,33.5437783834634],[-84.6172754651911,33.5436108909801],[-84.6171666868132,33.5434571062461],[-84.6170165789475,33.5432449321211],[-84.6169369078966,33.5431344651961],[-84.6167812095823,33.5429198377964],[-84.6166985599093,33.5428044340316],[-84.6165282983749,33.542565948536],[-84.6164588701909,33.5424686356173],[-84.6162694269691,33.5422016371387],[-84.6161642884901,33.5420530598724],[-84.6159055635948,33.5416900401442],[-84.6159054258438,33.5416898467832],[-84.615905112434,33.5416900417809],[-84.6159043460745,33.5416905170404],[-84.6119274744742,33.5441581893483],[-84.6121634890305,33.5444200793764],[-84.6121314324613,33.544441082068],[-84.6121065675612,33.5444565622538],[-84.6120745098879,33.5444775649347],[-84.61203852847,33.5445013300337],[-84.6120120295538,33.5445181902344],[-84.6119799700905,33.5445386428739],[-84.611950857206,33.5445577107522],[-84.6119341734368,33.5445684889895],[-84.6119122564706,33.5445828593905],[-84.6118890297025,33.5445977836189],[-84.6118674369127,33.5446113278114],[-84.6118458480132,33.5446254220094],[-84.6118183679809,33.5446431098294],[-84.6117990688211,33.5446558216309],[-84.6119026741241,33.5447622212866],[-84.6119063988638,33.5453606548712],[-84.611907499626,33.5455752943314],[-84.6119143483311,33.5467185695516],[-84.6119197444612,33.5476747265328],[-84.6119197456867,33.5476749654729],[-84.6119192932736,33.547674729057],[-84.6119181876111,33.5476741505496],[-84.611098874097,33.5472458714894],[-84.6110986268391,33.5472457425354],[-84.6110984229069,33.5472458731089],[-84.6110979227309,33.5472461922946],[-84.6110839049302,33.5472551394583],[-84.6106946067276,33.5475069075645],[-84.6103511055284,33.5477286918825],[-84.6103044874967,33.5477588153451],[-84.6100852973622,33.5479000394379],[-84.6100468600604,33.5479253239601],[-84.6097851439959,33.5480945958853],[-84.6095057142103,33.5482747399188],[-84.6095054297817,33.5482749239766],[-84.6095052619426,33.5482747424381],[-84.6095048526345,33.5482743002768],[-84.6084428575826,33.5471262553569],[-84.6084426919107,33.5471260756125],[-84.6084424063931,33.5471262569667],[-84.6084417097683,33.5471266985691],[-84.607742552786,33.5475703638403],[-84.6071659460943,33.5479426155059],[-84.6072060462792,33.5479861708251],[-84.6082334631721,33.5490968163328],[-84.6076957825216,33.5494441958737],[-84.6084006867565,33.5500623911319],[-84.608369246521,33.5501405551611],[-84.608160343901,33.5506604569628],[-84.6087570502567,33.5509578341625],[-84.6087579128819,33.5509582638872],[-84.6087582659239,33.5509584402569],[-84.6087583651637,33.5509582613706],[-84.6089475552621,33.5506160106689],[-84.6089594762901,33.5506041525107],[-84.6089599285792,33.5506041517967],[-84.6119347226022,33.5506017269748],[-84.6119351738142,33.5506017262538],[-84.6119356261031,33.5506017255289],[-84.6119362765402,33.5506017249931],[-84.6119367277523,33.5506017242721],[-84.6119474873841,33.5524113135144],[-84.6119509641868,33.5529609647553],[-84.6119505129718,33.5529609672798],[-84.6119498625355,33.5529609714225],[-84.6119494102435,33.5529609739508],[-84.6119489590331,33.552960977377],[-84.6112345537648,33.5529657348809],[-84.6112341014728,33.5529657374067],[-84.611333273267,33.5534224274903],[-84.6113328220495,33.5534224300125],[-84.6113321716051,33.5534224332503],[-84.6113317193061,33.5534224348748],[-84.6113312680886,33.5534224373971],[-84.6107048208851,33.5534255071767],[-84.6107043685907,33.5534255097006],[-84.6107039173685,33.5534255113189],[-84.6107032669194,33.5534255136517],[-84.6107028146203,33.5534255152739],[-84.6107023633981,33.5534255168922],[-84.6105981429216,33.5534258906355],[-84.6105976906226,33.5534258922573],[-84.6105375069287,33.5534676076958],[-84.6105341853658,33.553469648376],[-84.6105339073148,33.553469818888],[-84.6105337330711,33.5534696508992],[-84.6105333055824,33.553469239464],[-84.6104276894494,33.5533676871595],[-84.6103023402689,33.5532472107571],[-84.6101697332391,33.5531196144373],[-84.6101314593321,33.5530810001872],[-84.610089252859,33.5530434991531],[-84.610032871162,33.5529942314959],[-84.6100101232672,33.552974800677],[-84.6099791220218,33.5529463285411],[-84.6098933955666,33.5528713319555],[-84.6098524964215,33.5528327270147],[-84.6098284274494,33.5528116508225],[-84.6097676646713,33.5527401372316],[-84.6096616943016,33.5526217899924],[-84.60963363286,33.552590283927],[-84.6096025740547,33.55255027044],[-84.6095612653986,33.552495726125],[-84.6093670538563,33.5521952057312],[-84.6093392538336,33.5521505071321],[-84.6093180300803,33.5521082592154],[-84.6092968438649,33.5520731569477],[-84.6092756744814,33.5520413520474],[-84.6092588025605,33.5520155775228],[-84.6092161368178,33.5519522438847],[-84.6091751249222,33.5518913785206],[-84.6091223844787,33.5518157134585],[-84.6091199199209,33.5518151722431],[-84.6091030480953,33.5517893985973],[-84.6090676576997,33.5517367571368],[-84.6090478138117,33.5517074216596],[-84.6089806590593,33.5516048740509],[-84.6089034567841,33.5515276471111],[-84.6088813426195,33.5515035413249],[-84.6088387544084,33.5514553229811],[-84.6088206120218,33.5514377987642],[-84.608775440768,33.551398109566],[-84.6087599462262,33.5513849724608],[-84.6087526893679,33.5513778525845],[-84.6087335728726,33.5513625310223],[-84.608703573363,33.5513370783005],[-84.6086485255447,33.5512913776718],[-84.6086287364752,33.5512727601604],[-84.6086038675673,33.5512558090432],[-84.6085681254827,33.5512306526986],[-84.6085598917077,33.5512251854641],[-84.608513753205,33.5511887970522],[-84.6084726193484,33.5511683315085],[-84.6084498960595,33.5511535718931],[-84.6083655693219,33.5510950590849],[-84.6083484589155,33.5510868751924],[-84.6083148960775,33.5510705041515],[-84.6082372669487,33.5510380763175],[-84.6081458196026,33.5509993769525]]],[[[-84.6910730459606,33.5858660161655],[-84.6910703558056,33.5858658237887],[-84.6911164757517,33.5858684730993],[-84.6910730459606,33.5858660161655]]],[[[-84.5875059223089,33.5920073328362],[-84.5858152488815,33.5910349511027],[-84.585776208034,33.5909067375346],[-84.5856856130918,33.5908471318443],[-84.5842384540216,33.5898907069258],[-84.5842383934983,33.5898906674564],[-84.5842384123797,33.5898811691767],[-84.5842396166592,33.5892585540443],[-84.5842403080993,33.5890630574112],[-84.584240313269,33.5890623414659],[-84.5842403150849,33.5890620475145],[-84.5842407636008,33.5890623399462],[-84.5845417283423,33.5892572609867],[-84.5861120445207,33.5902732172651],[-84.5869471270896,33.5908139973576],[-84.5874165091018,33.5911170699779],[-84.5874172407908,33.5911175426711],[-84.5874175401645,33.5911177355126],[-84.5874176922061,33.5911175402345],[-84.5876417477999,33.5908303250995],[-84.5876013635106,33.590629011821],[-84.5877721880301,33.5904393472658],[-84.5880784890736,33.5900994182694],[-84.5880790045137,33.5900988466572],[-84.5880792156183,33.5900986124052],[-84.588079455928,33.5900988451199],[-84.5886830031776,33.5906822177112],[-84.5887647985616,33.5907550435799],[-84.5887383372424,33.5907834409309],[-84.588654386824,33.5908749710463],[-84.588600483322,33.5909325940693],[-84.5884982379128,33.5910436995423],[-84.5883933816485,33.5911581112425],[-84.5883760673407,33.5911765841958],[-84.5882872158005,33.5912733523449],[-84.5881650485908,33.5914070609046],[-84.5881065780013,33.5914710208891],[-84.5879625177922,33.5916276152071],[-84.5878527530265,33.5917458905905],[-84.5878272742435,33.5917737352821],[-84.5877260073169,33.5918837367405],[-84.5876162525873,33.5920042110554],[-84.5875837803321,33.5920402847014],[-84.5875781821597,33.5920464991317],[-84.5875780342776,33.592046663739],[-84.5875777318126,33.5920465006636],[-84.5875769875409,33.5920461010497],[-84.5875451055824,33.5920289118236],[-84.5875059223089,33.5920073328362]]],[[[-84.6088063006813,33.6062938600502],[-84.6084855369384,33.6058040239005],[-84.6082479114927,33.6054184620977],[-84.6079676195774,33.6049738267802],[-84.6077632476904,33.6046354162548],[-84.6076776722063,33.6044046974853],[-84.6076748326667,33.6043970425183],[-84.607677626868,33.604395157086],[-84.6077368591553,33.6043551841205],[-84.6088205943231,33.6037858518928],[-84.6088215249822,33.603785362567],[-84.6088219054148,33.6037851628402],[-84.608821976462,33.6037853600518],[-84.6093022231808,33.6051332320974],[-84.6093022362864,33.605133266314],[-84.6093026888139,33.6051332565798],[-84.6105985656042,33.6050972045453],[-84.6105990170399,33.6050971921053],[-84.6105994695531,33.6050971796615],[-84.6106000966055,33.605097162083],[-84.610600548055,33.605097152348],[-84.6111084185437,33.6058684097772],[-84.6111133002753,33.6058758228914],[-84.6111084621075,33.6058779501777],[-84.6097766432474,33.6064633590127],[-84.6097762508139,33.6064635317354],[-84.6097761906762,33.6064633615354],[-84.6097760419968,33.606462945497],[-84.6096731751915,33.6061741252926],[-84.6096731150635,33.6061739568959],[-84.6096727236993,33.6061741278111],[-84.6096717678669,33.6061745450998],[-84.6091599129879,33.6063981297709],[-84.6089213276207,33.6064875358041],[-84.6089166706022,33.6064892809513],[-84.6089213709447,33.6064970762063],[-84.6090326088288,33.6066815223873],[-84.6092463322575,33.6070482041904],[-84.6095436770509,33.6076132878667],[-84.6098982897285,33.6082647374825],[-84.6102190748653,33.6088837390218],[-84.6105581725553,33.6095179274591],[-84.6110167357892,33.6103718416084],[-84.6108264404775,33.6103983415688],[-84.6108216856748,33.610389458275],[-84.6090699717653,33.6071158930016],[-84.6088426461635,33.606722326669],[-84.6088252521505,33.6066928438593],[-84.6088076939908,33.6066635004907],[-84.6087896458731,33.6066344329777],[-84.6087712680331,33.6066053666402],[-84.6087586895032,33.6065861735868],[-84.6087461099013,33.6065669805358],[-84.6087300593354,33.6065431274391],[-84.6087171524932,33.6065242105633],[-84.6087039180776,33.6065052948566],[-84.6086905198784,33.6064863797336],[-84.6086771223845,33.6064676016602],[-84.6086599238271,33.6064443026734],[-84.6086485750732,33.6064291627238],[-84.608642562189,33.6064211413203],[-84.6086485328616,33.606419623219],[-84.6088430154618,33.6063701750123],[-84.6088475752496,33.6063690153984],[-84.6088429721512,33.6063606355115],[-84.6088063006813,33.6062938600502]]],[[[-84.5843904065614,33.6252319704472],[-84.5825244630718,33.6252140975331],[-84.5825240103703,33.6252140936452],[-84.5825235587423,33.6252140888521],[-84.5821559287113,33.6252105311659],[-84.5821556840336,33.6252105283812],[-84.5821554760141,33.6252105281784],[-84.5821552313364,33.6252105253937],[-84.5821554355983,33.6252009859695],[-84.5821664323753,33.6246872249812],[-84.5821666357696,33.6246777297408],[-84.5821663919722,33.6246776854765],[-84.5821202159843,33.6246692792645],[-84.5821199452161,33.6246692296807],[-84.5821201755863,33.6246597397597],[-84.5821222767531,33.624573169029],[-84.5821283093155,33.62432415422],[-84.582168876959,33.6238102252956],[-84.5821697085133,33.6234016895818],[-84.5821701611793,33.6234016880611],[-84.5822375092668,33.6234014617892],[-84.582237960855,33.6234014602719],[-84.5822384135211,33.6234014587509],[-84.5822389082204,33.6234014570887],[-84.582239064498,33.6234014565636],[-84.5822393598087,33.6234014555713],[-84.5822395160862,33.6234014550462],[-84.5822393193953,33.6233919151631],[-84.582231374786,33.6230057269865],[-84.5822309231782,33.6230057239955],[-84.5821813985004,33.6230052159381],[-84.5821809458061,33.6230052111472],[-84.5821804941896,33.6230052063528],[-84.5818551709066,33.6230017769951],[-84.5818550426519,33.6230017774256],[-84.5818547225494,33.6230017775985],[-84.5818545899965,33.6230017807485],[-84.5818542785508,33.6230017881057],[-84.5818538302671,33.6230018040372],[-84.5815653170205,33.6230130530215],[-84.5815620346814,33.6230131794457],[-84.5815615799223,33.6230131935945],[-84.5815615990802,33.6230131430369],[-84.5815652766777,33.6230035117101],[-84.5816670196773,33.6227370548872],[-84.5819022134583,33.6221168008704],[-84.5822063588316,33.6213187763308],[-84.5823536830828,33.6209299987626],[-84.5823628518228,33.6209058023469],[-84.5823628762992,33.6209057373445],[-84.5823633268184,33.6209057403387],[-84.5825033418103,33.620911718411],[-84.5830701319719,33.6209372943785],[-84.5833396898677,33.6209490946917],[-84.5833412076504,33.6209491554003],[-84.5837207016852,33.6202830703459],[-84.583777439112,33.6196113455811],[-84.5837781946241,33.61960240029],[-84.583777396393,33.6196018078809],[-84.583759238162,33.6195883107323],[-84.5837130937688,33.6195561739901],[-84.5836949658355,33.6195435928244],[-84.5836768372474,33.6195308746046],[-84.5836578894207,33.6195185712064],[-84.5836051653493,33.619484395392],[-84.5835285505263,33.6194349095033],[-84.5834898337347,33.6194103054248],[-84.5834123982294,33.6193606842734],[-84.5833341455566,33.6193118908518],[-84.5832567155213,33.619263369618],[-84.5832171789805,33.6192390432225],[-84.5831389298322,33.6191909367347],[-84.5830993933573,33.6191666103008],[-84.5830211445844,33.6191187787449],[-84.5829420777322,33.6190713619543],[-84.5828621910645,33.6190242228797],[-84.5827963049117,33.6189852815051],[-84.5827172429272,33.6189388266322],[-84.5826373631055,33.6188930615296],[-84.5825536809404,33.6188450171192],[-84.5825533653714,33.6188448360432],[-84.5825532293759,33.6188450186375],[-84.5825528963448,33.6188454651813],[-84.5824937978591,33.618924736568],[-84.5818067666556,33.6198529439211],[-84.5811502145261,33.6205633798947],[-84.5808209745859,33.6209240959056],[-84.5795183725482,33.6220765489985],[-84.5795172887828,33.6221247846319],[-84.5795107650348,33.6230988005461],[-84.5793426736858,33.6234871390215],[-84.5793426118582,33.623487282593],[-84.5793422221012,33.62348714143],[-84.5793412698377,33.6234867956619],[-84.5785880297148,33.6232133196703],[-84.5781256478739,33.6230057142258],[-84.5777208456682,33.6227819760025],[-84.5772967894286,33.6225501916634],[-84.5768919530575,33.6223183430081],[-84.5763234354819,33.6219985401452],[-84.5759666032176,33.6217744992579],[-84.5755712362742,33.6214943819521],[-84.5751181450229,33.6211983763529],[-84.5749635227378,33.6210460820673],[-84.5745490219221,33.6207821022405],[-84.5743534655585,33.6206860304315],[-84.5743461954108,33.6206824585416],[-84.5743534270964,33.6206764900063],[-84.5746917585546,33.6203972637959],[-84.5746922169775,33.620396886288],[-84.5746924037775,33.6203967314865],[-84.5746926685505,33.6203968847983],[-84.5747344951521,33.6204211089866],[-84.5747355974733,33.6204217473376],[-84.5747360492097,33.6204220091344],[-84.5747360490422,33.6204217449462],[-84.5747381522209,33.6182661273701],[-84.574738161314,33.618256623753],[-84.574738111582,33.6182565905553],[-84.5727941668731,33.6169426569662],[-84.5727938890167,33.6169424685281],[-84.5727941264462,33.6169331192456],[-84.5728026587316,33.6165974512928],[-84.5728029017206,33.6165879090344],[-84.5728026193693,33.6165879108631],[-84.5728024501716,33.6165879114187],[-84.5728021678203,33.6165879132474],[-84.5728017992536,33.6165879153592],[-84.5728013466268,33.6165879177471],[-84.5728008950778,33.6165879201313],[-84.5724264278102,33.6165902419072],[-84.5724259751834,33.6165902442937],[-84.5722145686947,33.6166901518421],[-84.5722096768759,33.6166977256696],[-84.5721625233253,33.6167995677761],[-84.5721560135411,33.6168123684702],[-84.5721437984416,33.616834394808],[-84.5721380899095,33.6168429333906],[-84.5721315608137,33.6168516117163],[-84.5721193193218,33.6168680045107],[-84.5721054347697,33.6168842647341],[-84.5720800964528,33.6169097694383],[-84.5720727345606,33.6169159772126],[-84.5717635585706,33.6171819257265],[-84.5717455562914,33.617195726117],[-84.57173655214,33.6172022133568],[-84.5717087210741,33.6172215434041],[-84.5716988955046,33.6172277592236],[-84.5716694142872,33.6172454446114],[-84.5716587655764,33.6172512510602],[-84.5716489354999,33.6172565048098],[-84.57162845478,33.6172671529484],[-84.5716178015641,33.6172719973278],[-84.5715964951286,33.6172816860837],[-84.5715850194143,33.6172862581438],[-84.571552230187,33.6172990077772],[-84.571541572464,33.6173028900841],[-84.5715300928904,33.6173066380263],[-84.5715186120298,33.6173101109628],[-84.5714841662301,33.6173198427045],[-84.5714726840801,33.6173230406319],[-84.5714612000029,33.6173258265018],[-84.5714137780143,33.6173354636353],[-84.5713717730017,33.6173442580002],[-84.5713488035487,33.6173495547155],[-84.5713250141687,33.617355129118],[-84.5713020459951,33.6173607008295],[-84.5712790791036,33.6173665475416],[-84.5712561128495,33.6173725313009],[-84.5712331459517,33.6173783780045],[-84.5712052601387,33.6173860269974],[-84.5711831172161,33.6173926951222],[-84.5711601535177,33.6173992288735],[-84.5711371917407,33.6174061746769],[-84.5711150511699,33.6174131177909],[-84.5710920913104,33.6174204756423],[-84.5710650330992,33.6174294960411],[-84.5710363350309,33.617439071813],[-84.5710068183102,33.6174491993706],[-84.5709781240772,33.6174595992418],[-84.5709494298372,33.6174699991064],[-84.5709264757242,33.617478593998],[-84.5708977846793,33.6174896809119],[-84.5708690942669,33.6175009048707],[-84.570841224418,33.6175119890879],[-84.5708125365581,33.6175237630433],[-84.5707846699014,33.6175355343091],[-84.5707568032371,33.6175473055686],[-84.5707289378486,33.6175593518267],[-84.5707010743752,33.6175718101349],[-84.5706732108936,33.6175842684369],[-84.5706461694649,33.6175971370122],[-84.570618307246,33.6176098694051],[-84.5702209084943,33.6178018984079],[-84.5702053419415,33.6178097819915],[-84.5701791271432,33.6178236089469],[-84.5701537335505,33.617837433218],[-84.5701275219372,33.6178519472237],[-84.5701021336531,33.6178671456102],[-84.5700742911169,33.6178841382019],[-84.5700497276689,33.6178998839055],[-84.5700227095274,33.6179175608686],[-84.5699965151521,33.6179357851577],[-84.5699703233236,33.6179545585494],[-84.5699465880908,33.617971812729],[-84.5699236740641,33.6179890642268],[-84.5699007613089,33.6180065907252],[-84.5698786716793,33.6180245265988],[-84.5698533131743,33.6180459084821],[-84.5698271385628,33.6180683930562],[-84.5698075074294,33.6180852208677],[-84.5697821572096,33.618108389817],[-84.5697576294694,33.6181318301879],[-84.5697417682419,33.6181465826851],[-84.5697413177286,33.6181465778415],[-84.5697406915356,33.6181465708654],[-84.5697402388627,33.6181465651272],[-84.5697397872676,33.6181465593855],[-84.5696016149017,33.6181447130214],[-84.5696011622288,33.6181447072827],[-84.5696007106337,33.6181447015404],[-84.5695377203894,33.6181439590665],[-84.5695372677165,33.6181439533276],[-84.5695368161214,33.6181439475851],[-84.5675119475422,33.6181171490684],[-84.5675114948779,33.6181171451253],[-84.5675014339897,33.6166167436311],[-84.567501886617,33.6166167412627],[-84.5714382948412,33.6165954224859],[-84.5714387463903,33.6165954201066],[-84.5714391990172,33.6165954177238],[-84.5714444451722,33.6165953888346],[-84.5714448967214,33.6165953864553],[-84.5714453493483,33.6165953840724],[-84.5714460002707,33.6165953810407],[-84.5714464518198,33.6165953786613],[-84.5714387093422,33.6165858814716],[-84.5709053450495,33.6159315802962],[-84.5708976937216,33.6159221909735],[-84.570898146324,33.6159221840844],[-84.5709048576184,33.6159220494433],[-84.5709053091346,33.6159220407544],[-84.5709057617285,33.6159220320619],[-84.5715875315011,33.615908402336],[-84.5715876500379,33.6159084001447],[-84.5715879830256,33.615908395448],[-84.5715881015624,33.6159083932566],[-84.5715879437899,33.6158988532125],[-84.571563575709,33.6144215074348],[-84.5715160489084,33.611527709615],[-84.5715107448818,33.6112010916984],[-84.5715042435047,33.6108052835407],[-84.5715040881437,33.6107957930725],[-84.5715040868427,33.6107957452883],[-84.5715042043161,33.6107957476088],[-84.5715045394941,33.610795754627],[-84.5715046558898,33.610795756951],[-84.5721903475522,33.6108168534639],[-84.572461042324,33.6108253106891],[-84.5724614949291,33.6108253101061],[-84.573135735445,33.610823777274],[-84.5731361869725,33.610823776692],[-84.5731366395776,33.6108237761065],[-84.5731374715052,33.6108237742746],[-84.5731379230284,33.610823772791],[-84.5731383756335,33.6108237722054],[-84.5731390275942,33.6108237700632],[-84.5731394791174,33.6108237685796],[-84.5731361475872,33.6108142371554],[-84.5731253293667,33.6107832787054],[-84.5731023069365,33.610707088415],[-84.5730961204024,33.6106834741728],[-84.5730917666077,33.6106657616493],[-84.573086235702,33.6106420072969],[-84.5730732822583,33.6105765029684],[-84.573070241877,33.6105585111195],[-84.5730675301746,33.6105405190924],[-84.573064132753,33.6105164827202],[-84.573060542732,33.6104865383383],[-84.5730581306864,33.610462360773],[-84.5730562106826,33.6104383195467],[-84.5730546197874,33.6104141401853],[-84.5730336427988,33.6099677148098],[-84.5730336380018,33.6099676111335],[-84.5730331912843,33.6099677171947],[-84.5730320997931,33.609967977756],[-84.5721873157016,33.6101693643707],[-84.5715571526037,33.6103194592695],[-84.571556714495,33.6103195634938],[-84.5715567000055,33.6103194607509],[-84.5715566632723,33.6103192102069],[-84.5715458546097,33.6102449822471],[-84.5715076872746,33.6099849816982],[-84.571461663374,33.6096706018707],[-84.5714603553804,33.6096616615844],[-84.571461623089,33.6096610605306],[-84.5721833330099,33.6093187798644],[-84.5728787519438,33.6089732622782],[-84.5728821406838,33.6089715776511],[-84.5729642068352,33.6089594908577],[-84.5729751145756,33.6089875420539],[-84.572984441704,33.6090115102686],[-84.5729887327694,33.6090225362223],[-84.57299437319,33.6090384240568],[-84.5730011319074,33.6090579293245],[-84.5730085974204,33.6090794754545],[-84.5730141079127,33.6090956901192],[-84.5730202504913,33.6091157077548],[-84.5730277686839,33.609140211188],[-84.5730332316762,33.6091580138485],[-84.5730401688742,33.6091845488484],[-84.5730491726364,33.6092197448126],[-84.5730521588902,33.6092317245085],[-84.573062031319,33.6092768161509],[-84.5730669470043,33.6092994643786],[-84.5730727074046,33.6093331056963],[-84.5730727915998,33.6093335950265],[-84.5730728259448,33.6093337950844],[-84.5730732441886,33.609333592638],[-84.5733477588849,33.6092009150274],[-84.5733486351565,33.6092004919685],[-84.5733489931889,33.6092003185725],[-84.5733490866712,33.6092004904842],[-84.5734365234699,33.6093620185031],[-84.5734367169644,33.6093623758298],[-84.5734367963197,33.6093625225411],[-84.5734371695576,33.6093623743417],[-84.5749325904462,33.6087684294985],[-84.5754374672983,33.6085678538574],[-84.5757453191174,33.6084474650486],[-84.5757457353829,33.6084473022732],[-84.5757459515826,33.608447217703],[-84.5757459517189,33.608447246556],[-84.5757461879711,33.6084473007766],[-84.5778064099573,33.6089232420437],[-84.5778073916618,33.6089234687068],[-84.5778077929729,33.6089235611467],[-84.5778078431705,33.6089234663046],[-84.5778243961338,33.6088923126975],[-84.5778408341869,33.6088607906871],[-84.577856746442,33.6088299683145],[-84.5778571073517,33.6088292683208],[-84.5778567011477,33.6088204278965],[-84.5778562817717,33.6088113098018],[-84.5778560078359,33.6088053614947],[-84.5778562364861,33.608801771187],[-84.5778563136691,33.6088005509712],[-84.577857265744,33.6087934020732],[-84.5778582284875,33.6087887273216],[-84.5778591912266,33.6087840516685],[-84.5778664835136,33.6087634152568],[-84.5778697360573,33.6087566716767],[-84.5778746223699,33.6087481355562],[-84.57787739419,33.6087438659525],[-84.5778819635818,33.6087378050672],[-84.5778866984955,33.6087318806853],[-84.5779205563389,33.6087029101896],[-84.5779346407904,33.6086947564529],[-84.5779420139612,33.6086911586229],[-84.577979236549,33.6086790805294],[-84.5779876048527,33.6086774035515],[-84.5779931839472,33.6086765599733],[-84.5780319985449,33.6086752280819],[-84.578032768913,33.6086752020768],[-84.5780330846008,33.6086751911086],[-84.5780332215023,33.6086752005718],[-84.5780388344423,33.6086755840517],[-84.5780557622545,33.60867800104],[-84.5780722037122,33.6086819317438],[-84.5780776301091,33.6086834248962],[-84.5780881585832,33.6086871002531],[-84.5780932589274,33.6086891445077],[-84.5781034633068,33.6086937830228],[-84.5781082369431,33.6086962404266],[-84.5781130129637,33.6086989728316],[-84.5781222359131,33.6087045757894],[-84.5781309707491,33.608710868344],[-84.5781350920475,33.6087141520427],[-84.5781681212262,33.6087527932436],[-84.5781704406283,33.608757182972],[-84.5781727611083,33.6087615726969],[-84.5781809176195,33.6087844939634],[-84.5781819247372,33.6087891621646],[-84.5781827680649,33.6087938318123],[-84.5781834482493,33.6087986390565],[-84.5781839635618,33.6088034468491],[-84.5781840556744,33.6088058233444],[-84.5781841502078,33.6088082557351],[-84.5781841724081,33.6088129281143],[-84.5781841009962,33.6088153619587],[-84.5781840314652,33.6088177380899],[-84.5781837256501,33.6088225486141],[-84.5781832560405,33.6088273596831],[-84.5781824571087,33.6088320338921],[-84.5781759984261,33.6088552787847],[-84.5781740490477,33.6088598197668],[-84.5781525303488,33.6088934208395],[-84.5781489347961,33.6088971431706],[-84.5781435416775,33.6089026576885],[-84.5781396168017,33.6089062431592],[-84.5781316023787,33.6089130034865],[-84.5781281647419,33.6089154882007],[-84.5781065511295,33.6089288894723],[-84.5781016361062,33.6089313790994],[-84.5780967204315,33.6089337316746],[-84.5780890166179,33.6089369176487],[-84.5780811470517,33.6089396921103],[-84.5780757345729,33.6089413592646],[-84.5780703225163,33.6089428884617],[-84.5780453834781,33.6089479179575],[-84.578039638839,33.6089486241331],[-84.5780311014951,33.6089492025412],[-84.578025519771,33.6089494961113],[-84.5780250682579,33.6089494976127],[-84.5780244173893,33.608949499777],[-84.5780239647985,33.6089495012819],[-84.5780235132854,33.6089495027833],[-84.5780202244593,33.6089495137194],[-84.57801977186,33.608949513421],[-84.5780193203211,33.6089495095125],[-84.5780116709593,33.6089494132225],[-84.5780112248084,33.608949409296],[-84.5780111451604,33.6089494293976],[-84.5779676050572,33.6089616439189],[-84.5779659745443,33.6089641226203],[-84.5779498586639,33.6089942703325],[-84.5779335757107,33.6090237306239],[-84.5779171278783,33.6090531923628],[-84.5778920465049,33.6090972483731],[-84.5778749410809,33.6091264372828],[-84.5778576707728,33.6091556267382],[-84.5778400722077,33.6091846793266],[-84.5778223074568,33.6092134583572],[-84.5778043795495,33.6092423749812],[-84.5777768294511,33.6092853400365],[-84.5777582422211,33.6093138467816],[-84.5777393273879,33.6093423546125],[-84.5777202470144,33.6093707250349],[-84.577701001532,33.6093988218953],[-84.577681427364,33.6094269189431],[-84.5776616883143,33.6094550174371],[-84.5776416203554,33.6094828420114],[-84.5776213875102,33.60951066713],[-84.5775907086692,33.6095519933826],[-84.5775698182255,33.6095795456677],[-84.5775381513719,33.6096204631257],[-84.5775167664745,33.6096476049809],[-84.5774952160356,33.6096746094267],[-84.5774761120467,33.609698033329],[-84.5774504669818,33.6097273875907],[-84.5774370679123,33.6097417235486],[-84.5774254636011,33.6097534423101],[-84.5774114045745,33.6097672304381],[-84.5773821355975,33.6097941234379],[-84.5773669239195,33.6098070912616],[-84.577278426085,33.609881176788],[-84.5772339305502,33.6099181513681],[-84.5771447742709,33.6099918269208],[-84.5770554516622,33.6100652279515],[-84.5770104615169,33.6101017920288],[-84.576920480463,33.6101747830828],[-84.5768301686296,33.6102473622032],[-84.5767395266745,33.6103196682441],[-84.5766485563199,33.6103918373514],[-84.5765572551906,33.6104635954246],[-84.5765114385064,33.6104993379324],[-84.5764196420807,33.6105705484278],[-84.5763736608325,33.6106061534741],[-84.5762812048796,33.6106769530862],[-84.5762350584234,33.6107122845203],[-84.5761421078231,33.6107826736029],[-84.5760489908954,33.6108527881566],[-84.5759555449244,33.6109226296213],[-84.5759087382556,33.6109574130993],[-84.5758146321097,33.6110267066228],[-84.5757203596376,33.6110957256153],[-84.5756730594335,33.6111300976713],[-84.575593575131,33.6111876867977],[-84.5755871302494,33.6111923562092],[-84.5755936137143,33.6111972272361],[-84.5758463816641,33.6113870999253],[-84.5758469721533,33.6113875433969],[-84.5758472133249,33.6113877247364],[-84.5758474247527,33.6113875409981],[-84.5760786507398,33.6111860579858],[-84.5763763513666,33.6109265835192],[-84.5763765660123,33.6109263970643],[-84.5763766540146,33.610926320131],[-84.5763770186134,33.6109263955653],[-84.5769213466004,33.6110387176606],[-84.5769222386789,33.6110389013477],[-84.5769226032786,33.6110389767804],[-84.5769226912764,33.611038898945],[-84.5803213043785,33.6080276206212],[-84.5804007308931,33.6079454374047],[-84.5804011909112,33.6079449615879],[-84.5804013796357,33.607944766196],[-84.580401642419,33.6079449600778],[-84.5804911987317,33.6080108367868],[-84.5805785079807,33.6080671596412],[-84.5806748450735,33.6081224901388],[-84.5807867855687,33.608178181293],[-84.5808904615168,33.6082224938951],[-84.580991638288,33.6082595319931],[-84.5810985616862,33.608296275747],[-84.5812022289624,33.6083389389607],[-84.5813018176979,33.6083872502913],[-84.5813973309519,33.6084416208995],[-84.5814887606611,33.6085008146324],[-84.5815744682953,33.608565387013],[-84.5816552710349,33.6086345111854],[-84.5817303477459,33.608708188111],[-84.5818046653723,33.6087947848566],[-84.5818624551918,33.6088594507157],[-84.58193905899,33.6089087998464],[-84.5820385901343,33.6089448805213],[-84.5820996680406,33.6090102222987],[-84.5821121914642,33.6090840053434],[-84.5821131884114,33.6090898781763],[-84.5821122372191,33.6090935439526],[-84.5820898073597,33.609179963158],[-84.5820825181148,33.609272924524],[-84.5820820692821,33.6092786525347],[-84.5820825638667,33.6092824631328],[-84.5820948588448,33.6093771359221],[-84.5821273398242,33.60947225577],[-84.5821786786148,33.6095614027262],[-84.5822480409457,33.6096418321829],[-84.5823738034393,33.6097365005979],[-84.5823825538878,33.609768634645],[-84.5823826317741,33.6097689211141],[-84.5823826635874,33.6097690382243],[-84.5823830843689,33.6097689195932],[-84.5824840199014,33.6097403896592],[-84.5827704541454,33.6094705063012],[-84.5831832957903,33.6091222816623],[-84.5835952609804,33.6087634784032],[-84.5837056525564,33.6086674662107],[-84.5840930656002,33.6083263329219],[-84.5841190620637,33.6083024717784],[-84.5841190160805,33.6082929313672],[-84.5841184543539,33.6081763861496],[-84.584118408371,33.6081668457381],[-84.5841573917565,33.6081353207514],[-84.5841578211264,33.6081349739629],[-84.5841579971681,33.6081348318066],[-84.5841582726349,33.6081349724391],[-84.5842607392845,33.6081871641785],[-84.5842614317304,33.6081875170989],[-84.584261714758,33.6081876613124],[-84.5842618843124,33.6081875146695],[-84.5843035825416,33.6081513801541],[-84.5843325331424,33.6081269598757],[-84.5843591934384,33.6081044714865],[-84.5843858537206,33.6080819830917],[-84.584413659132,33.6080585287426],[-84.5844403204592,33.6080360394308],[-84.584513268235,33.6079745065731],[-84.5845526870364,33.6079412559986],[-84.5846128623211,33.607890762088],[-84.5846153318802,33.6078886898228],[-84.5846128195127,33.6078812207641],[-84.5845940051417,33.6078252762125],[-84.5845592868174,33.6077774354891],[-84.5845424231086,33.6077541319954],[-84.5845060500162,33.6077036865122],[-84.584490836524,33.6076820265912],[-84.5844547934762,33.6076318540848],[-84.5844397477768,33.6076110177167],[-84.5844018930529,33.6075598901323],[-84.5843881706391,33.6075408354969],[-84.5843557613742,33.6074949110796],[-84.5843377427,33.6074705123206],[-84.5842889902111,33.6074021400901],[-84.5842889663435,33.6074021068089],[-84.5842885387063,33.6074021416143],[-84.5842874938567,33.6074022280951],[-84.5841452463475,33.6074139258859],[-84.5841447960898,33.6074139625705],[-84.5841443404485,33.607414000175],[-84.5841443435074,33.6074139640978],[-84.5841443517065,33.6074138766082],[-84.5841452057465,33.6074043845535],[-84.5841605455764,33.607233864],[-84.5841613310924,33.6072251349889],[-84.5841605028362,33.6072243262813],[-84.5838834682625,33.6069537167193],[-84.5835948931758,33.6067423842216],[-84.5832554109527,33.6065312215716],[-84.5830175147334,33.6063054255644],[-84.5828471825117,33.6060936932828],[-84.5827272827364,33.6057825767933],[-84.5827010640058,33.6054843528294],[-84.5827005316738,33.6054782926914],[-84.5827010181924,33.6054748142154],[-84.5827659458762,33.6050108623935],[-84.5829150471846,33.6043591520491],[-84.5829297162445,33.6038918923122],[-84.5829436019445,33.6033044713636],[-84.5829437730595,33.6032972511129],[-84.5829435561124,33.6032949336482],[-84.5829081083736,33.602915082679],[-84.5828554611753,33.6025188187194],[-84.5827429566295,33.60200251645],[-84.5824336821912,33.6009983664623],[-84.5820547631365,33.5996121607014],[-84.5820203939058,33.5994990469479],[-84.5819687706436,33.5993150836899],[-84.5819687249128,33.5993055432621],[-84.5819677308905,33.5990981676669],[-84.5819676851602,33.5990886272388],[-84.5819776978642,33.5988136263262],[-84.5819830371887,33.5987629029285],[-84.5820329631713,33.5985928902447],[-84.5820995983504,33.5983803599356],[-84.5822670323014,33.5980258168558],[-84.5823843509262,33.5978135119559],[-84.5823845058122,33.5978132310158],[-84.5823845699103,33.5978131162882],[-84.5823849583446,33.5978132294953],[-84.5824993484629,33.597846672195],[-84.5842192360568,33.5980931647875],[-84.5842192975155,33.5980931735968],[-84.5842192766416,33.5981027043309],[-84.5842175469996,33.5988885372298],[-84.584217458321,33.59892379557],[-84.5842174342631,33.598933336232],[-84.5842174989114,33.5989333360138],[-84.5842178868099,33.598933336508],[-84.5842179514581,33.5989333362899],[-84.5864158378839,33.5989334480826],[-84.5864162893531,33.5989334483543],[-84.5864167418998,33.5989334486223],[-84.5864173927012,33.5989334482178],[-84.5864178441704,33.5989334484895],[-84.5864182967171,33.5989334487575],[-84.5887045927005,33.5989334940275],[-84.5887050441696,33.5989334942909],[-84.5887054967118,33.5989334936489],[-84.5887061475131,33.5989334932323],[-84.5887065989778,33.598933492594],[-84.5889471003848,33.5965277730934],[-84.5889475528924,33.5965277679423],[-84.589050747034,33.5965263255845],[-84.5890511984598,33.5965263195351],[-84.589051650963,33.596526313482],[-84.5899089902767,33.5965145978687],[-84.5899094417023,33.5965145918161],[-84.5899098942054,33.5965145857599],[-84.5938596594642,33.5964602084126],[-84.5938601108936,33.5964602032473],[-84.5938611281183,33.5963002478217],[-84.5938638580332,33.595887994431],[-84.5938651964786,33.595659880569],[-84.5938664230844,33.5954757388773],[-84.5938668755994,33.5954757364133],[-84.5962337799078,33.5954583446699],[-84.5962342313406,33.5954583412993],[-84.5962346838509,33.5954583379249],[-84.5962353346077,33.5954583338624],[-84.596235786036,33.59545832959],[-84.5962362385329,33.5954583235107],[-84.5966853280898,33.5954512967222],[-84.5966857795047,33.5954512897433],[-84.596686231997,33.5954512827607],[-84.5966868579416,33.5954512724702],[-84.5966873093609,33.5954512663929],[-84.5967375393445,33.5954880693365],[-84.5967421881861,33.5954914750189],[-84.5967375823805,33.5954976088653],[-84.5965671554048,33.5957245890503],[-84.5964422040036,33.5958917069095],[-84.5962687796092,33.5961183571576],[-84.5962248924635,33.5961756736581],[-84.5961285844809,33.5962911621623],[-84.5961286317655,33.5963007025773],[-84.5961289240312,33.5963596717366],[-84.5961289713159,33.5963692121514],[-84.5959396732657,33.5965410882266],[-84.5958438296619,33.5966510774079],[-84.5956769183976,33.5968341436035],[-84.5954427972239,33.597073782498],[-84.5950971366696,33.5974043629132],[-84.5948859586386,33.5976020098415],[-84.5947988219782,33.5976878402647],[-84.5947931401012,33.5976934367587],[-84.5947988637316,33.5976973806978],[-84.5948921662934,33.5977616643171],[-84.5956117896451,33.5983144951759],[-84.5956172722414,33.5983187059048],[-84.5956118325665,33.5983240356033],[-84.5953025322677,33.5986270562547],[-84.5949845536122,33.5989385241669],[-84.5949843573802,33.5989387160004],[-84.5949841010792,33.5989385266351],[-84.5949834738465,33.5989380635445],[-84.5942382606298,33.5983875148988],[-84.5941570514984,33.598320388421],[-84.5941568091548,33.5983201881857],[-84.5941566000416,33.5983203899808],[-84.5941560874345,33.5983208822607],[-84.593764755998,33.5986968382066],[-84.5937591741191,33.5987022007749],[-84.5937647976393,33.5987063786394],[-84.5938454324346,33.5987662732502],[-84.5938455351719,33.5987663495375],[-84.593845475149,33.598775810974],[-84.5938383477722,33.5999063680819],[-84.5938365553036,33.6001757077254],[-84.5938357406771,33.6003101018008],[-84.5938339393071,33.6006005829214],[-84.5938339111245,33.6006051382571],[-84.5938339863378,33.6006101215293],[-84.5938343989766,33.6006374289932],[-84.5939122444335,33.6009128882645],[-84.5939131162624,33.6009159716711],[-84.5939122914734,33.6009224268717],[-84.5938901900763,33.6010953777241],[-84.5938196687558,33.6063423912509],[-84.5937780414137,33.6063595747247],[-84.5933592003836,33.6065454303947],[-84.5928672752611,33.6067638288442],[-84.5919567995283,33.6071620295773],[-84.5918330812382,33.6072175576554],[-84.5918112898127,33.607227801574],[-84.5917891683721,33.6072377716136],[-84.591762621476,33.6072495430633],[-84.5917359094317,33.6072610400656],[-84.5916954272242,33.6072776688867],[-84.5916728092621,33.6072868164856],[-84.5916500250725,33.6072956887405],[-84.591627240611,33.6073042868846],[-84.5916042895259,33.6073127485432],[-84.5915813388372,33.6073210722407],[-84.5915582236758,33.6073292585434],[-84.5914692364445,33.6073673531106],[-84.5914517041836,33.6073755211241],[-84.5913895934624,33.607402255182],[-84.5913623841557,33.6074127926314],[-84.5913487777436,33.6074179229537],[-84.5912979542935,33.607435549226],[-84.5912794269929,33.6074416594143],[-84.5912653251565,33.607445967302],[-84.5911851370345,33.6074701529685],[-84.5911723487549,33.607474456338],[-84.5911598887334,33.6074788965353],[-84.5911490498978,33.6074829957475],[-84.5911459553915,33.6074841659125],[-84.5911490923436,33.6074925361662],[-84.5911572704807,33.6075143582599],[-84.5911677547675,33.6075423551868],[-84.5911795730994,33.607574744075],[-84.591193894528,33.6076152330852],[-84.5912077245897,33.607655722878],[-84.5912178912941,33.607686194169],[-84.5912278942093,33.6077166651193],[-84.5912375691503,33.6077472760514],[-84.5912502508235,33.6077880447888],[-84.5912594339935,33.6078187935587],[-84.5912712941693,33.6078597030684],[-84.5912828274391,33.6079007498507],[-84.5913009433258,33.6079781897573],[-84.5913066762473,33.6080085383026],[-84.5913119163158,33.6080390264947],[-84.5913168294789,33.608069653764],[-84.5913207310506,33.6080950620366],[-84.5913243046332,33.6081206084885],[-84.5913280680177,33.6081512388021],[-84.5913316676164,33.6081818705793],[-84.5913347743509,33.6082126402002],[-84.5913370343697,33.6082381920622],[-84.5913393199872,33.6082689645015],[-84.5913414418177,33.6082997384044],[-84.5913430711924,33.6083305139977],[-84.5913440183094,33.6083562074198],[-84.5913449903531,33.6083869843677],[-84.5913454695384,33.6084179009628],[-84.5913455163178,33.608427441365],[-84.5913455480832,33.6084339197498],[-84.5913455948627,33.6084434601519],[-84.5913441930863,33.6085259136031],[-84.5913434649423,33.6085448791093],[-84.5913422760074,33.6085703048542],[-84.5913399999464,33.6086085145911],[-84.5913362986483,33.6086575835149],[-84.5913346078206,33.6086810877217],[-84.5913329455572,33.6087106375226],[-84.5913316123641,33.6087400491401],[-84.5913306111837,33.608769483061],[-84.5913306074305,33.6087695966842],[-84.5913301596723,33.608769484611],[-84.5913290656403,33.6087692124557],[-84.5912469126492,33.6087487217864],[-84.5911954470845,33.6087359810982],[-84.5911047827351,33.608665921421],[-84.5911044484867,33.6086656628871],[-84.5911043312242,33.6086659229702],[-84.5911040455359,33.6086665578239],[-84.5908685537963,33.6091891967173],[-84.5906154365995,33.609751403972],[-84.5904760156773,33.6101391666143],[-84.5904730165086,33.6101475083116],[-84.5904760569715,33.6101487061317],[-84.5907846706899,33.6102702510941],[-84.5910299466611,33.6104076808764],[-84.5910364713125,33.6104113364016],[-84.591029986948,33.6104172221997],[-84.5902354578528,33.6111383942003],[-84.5884883714342,33.6126868003233],[-84.5884880108968,33.6126871198418],[-84.5884879188289,33.6126868027683],[-84.5884876941307,33.6126860271977],[-84.5884779882654,33.6126525254283],[-84.5884507540194,33.6126247224627],[-84.5884203261644,33.6126156201706],[-84.5883882361723,33.6126026752151],[-84.5883429832396,33.6125845526565],[-84.5882977390268,33.612568217159],[-84.5882525015206,33.6125532557653],[-84.5882089397986,33.6125451593608],[-84.5881736164573,33.6125425314424],[-84.5881276079815,33.6125378787047],[-84.5880815981721,33.6125329509454],[-84.588041324466,33.6125255303521],[-84.5880010039669,33.6125084909016],[-84.5879540742433,33.6124803825185],[-84.5879464826551,33.6124758351084],[-84.5879540342962,33.6124708420964],[-84.5880047634544,33.6124372976522],[-84.5880358639344,33.6124158924952],[-84.5880956267774,33.6123783120284],[-84.5881242884781,33.6123619996683],[-84.5881611423712,33.6123416740118],[-84.5882106429955,33.6123214432033],[-84.5882269616618,33.6123205021534],[-84.588227964679,33.6123204446351],[-84.5882283751492,33.6123204206945],[-84.5882284162091,33.6123204430963],[-84.5882588383396,33.6123368065954],[-84.5882845505308,33.6123893484713],[-84.5883108449324,33.6124098475543],[-84.5883114885815,33.6124103493933],[-84.5883117525306,33.6124105549758],[-84.5883119411853,33.6124103469489],[-84.5883321724864,33.6123880870151],[-84.5883410265995,33.6123513670261],[-84.5883638103099,33.6123084159061],[-84.588371575585,33.6122720593922],[-84.5883734447445,33.6122633113404],[-84.5883715345235,33.6122625207772],[-84.5883540261211,33.6122552697319],[-84.5883010335334,33.6122329149575],[-84.5882689501299,33.6122210690815],[-84.5882352270951,33.6122097788028],[-84.5882030915327,33.6121872140476],[-84.5881916620104,33.6121606618781],[-84.588189802502,33.6121563411056],[-84.5881916166583,33.6121511232775],[-84.5882011401975,33.6121237359939],[-84.5882354689557,33.6120907766201],[-84.5882648359562,33.6120506884214],[-84.5882759334005,33.612016998512],[-84.5882761649095,33.6120162962245],[-84.5882758869529,33.6120074581115],[-84.5882751932295,33.6119853813093],[-84.5882729201479,33.6119598610063],[-84.5882725872663,33.6119561211165],[-84.5882728737096,33.6119503224091],[-84.5882740824017,33.6119258848652],[-84.5882805078159,33.6118963188817],[-84.5882902231991,33.6118678408187],[-84.5883097904329,33.6118389171122],[-84.588342522897,33.6118154450994],[-84.5883719874527,33.6117954195771],[-84.5883956671075,33.6117678559809],[-84.5884177189005,33.611743046217],[-84.5884348272826,33.6117150920528],[-84.5884486483687,33.6116866008799],[-84.588460805049,33.6116535799858],[-84.5884622566071,33.6116144110453],[-84.5884686464637,33.6115775623919],[-84.5884766940128,33.6115438684353],[-84.5884806411487,33.6115112875945],[-84.5884834761922,33.6114829186347],[-84.5884837731555,33.6114799466228],[-84.5884834297271,33.6114733791353],[-84.5884819621859,33.6114453242009],[-84.5884670221708,33.6114126707083],[-84.588464362542,33.6113872256615],[-84.58846357694,33.6113797030108],[-84.5884643160792,33.611377686162],[-84.5884765433445,33.6113443431284],[-84.5884994016938,33.6113167823115],[-84.5885230691264,33.6112867445515],[-84.5885745726283,33.6112395739134],[-84.5886073329106,33.6112218724164],[-84.5886450254346,33.6112052541221],[-84.5886810522095,33.6111838319965],[-84.5887162732192,33.6111655729594],[-84.5887473697194,33.6111434805636],[-84.5887743551046,33.6111203030538],[-84.5887988857373,33.6110989201211],[-84.5888291476477,33.6110740822656],[-84.5888561617937,33.6110568132768],[-84.5888872535287,33.6110337587812],[-84.5889134297537,33.6110130572809],[-84.5889395624148,33.6109834239903],[-84.5889607873472,33.610957517816],[-84.5889861088803,33.6109299484999],[-84.5890474435515,33.6108782087055],[-84.5890972921609,33.610828568418],[-84.589120163583,33.6108037557281],[-84.5891455017792,33.6107796216813],[-84.5891699852973,33.6107486198301],[-84.589191190924,33.6107190033137],[-84.589214055586,33.6106928164858],[-84.5892272343856,33.6106794258653],[-84.5892292535605,33.6106773739826],[-84.5892271889132,33.6106698854603],[-84.5891928062849,33.6105451686234],[-84.5891316026558,33.6104553712442],[-84.5890678908259,33.6103563754539],[-84.5889877409236,33.6102542744963],[-84.5889183031362,33.6101599706219],[-84.5888226993284,33.6100881543669],[-84.5887204863966,33.6100081157224],[-84.5886412038959,33.6099153564716],[-84.5885554321304,33.6098389710702],[-84.5884549342858,33.6097737669254],[-84.5884200872696,33.6097166955608],[-84.5884185132313,33.6097141158415],[-84.5884200429742,33.6097071569529],[-84.5884353836629,33.6096373812733],[-84.5884850344915,33.6095472055539],[-84.5884972196448,33.6095200931877],[-84.5885256594471,33.609458433836],[-84.5885831550963,33.6093826264731],[-84.5885852205628,33.6093799045024],[-84.5885831107747,33.6093730860616],[-84.5885501808002,33.609266657126],[-84.5885141296962,33.609148191619],[-84.588436591771,33.6090423719021],[-84.5883656979692,33.6089859986724],[-84.588248251965,33.6089527721152],[-84.588248112762,33.6089527329161],[-84.5882477993748,33.6089527736575],[-84.5882470315187,33.6089528727529],[-84.5881332250678,33.6089675529008],[-84.5880119354319,33.6090167481865],[-84.5879245374294,33.6090204640606],[-84.5879240892106,33.6090204782103],[-84.5879240523048,33.6090204233341],[-84.587862051246,33.6089272512579],[-84.5877997422247,33.6087445651642],[-84.5877917482496,33.6086543109243],[-84.5877845311612,33.6085210426026],[-84.5877619532833,33.6084372966602],[-84.5876942157281,33.6083541164793],[-84.5876853688182,33.6082623881946],[-84.5876847037876,33.608255485473],[-84.5876853224467,33.6082528486893],[-84.5877112516944,33.6081424402779],[-84.5877230320776,33.6080320556721],[-84.5877776261618,33.6079452987501],[-84.5878057015909,33.6078969052489],[-84.5878069412138,33.6078947676788],[-84.5878056552023,33.6078873648416],[-84.5878010276918,33.60786070921],[-84.5877819950043,33.6078305428239],[-84.5877283972563,33.6077844164167],[-84.5877019845814,33.6077563363528],[-84.5876891099554,33.6077338321194],[-84.5876870775717,33.6077302783431],[-84.5876890646663,33.6077242935112],[-84.5876984075457,33.6076961611823],[-84.5877245429728,33.6076672142963],[-84.5877465895105,33.6076417175851],[-84.5877571223873,33.6076125505927],[-84.5877767035488,33.6075866493031],[-84.5877906998159,33.6075585930968],[-84.5877921544082,33.6075556784574],[-84.5877906545115,33.6075490535869],[-84.5877837628746,33.6075186051232],[-84.5877647569923,33.607493935219],[-84.5877342207886,33.6074621588261],[-84.5877110793059,33.6074313193393],[-84.5877048424036,33.6074021021261],[-84.5877035169491,33.6073958923303],[-84.5877047960358,33.6073925635212],[-84.5877156800101,33.6073642456107],[-84.5877360495111,33.6073316088766],[-84.5877636780693,33.6072720145587],[-84.5877856830733,33.6072379981045],[-84.5878053205297,33.6072084015754],[-84.5878060618698,33.6072072845881],[-84.5878052752199,33.6071988611633],[-84.5878025970318,33.6071701944812],[-84.5877720589266,33.607138006039],[-84.5877456785014,33.6071165215844],[-84.5877250438588,33.607094605505],[-84.5877068525179,33.6070685586728],[-84.5876867131252,33.6070354629025],[-84.5876861591194,33.6070345504949],[-84.5876866689196,33.6070259251913],[-84.5876884354271,33.6069960667003],[-84.5876896035684,33.6069670325682],[-84.5876899006429,33.6069596468826],[-84.5876895572074,33.6069574948643],[-84.5876848190286,33.6069277838422],[-84.5876822201151,33.6068998977321],[-84.5876763320941,33.6068710607337],[-84.5876646595875,33.6068346856247],[-84.587649695982,33.6067969475693],[-84.5876248957949,33.6067626774434],[-84.5876034121171,33.6067349935449],[-84.5875903988754,33.6067125330485],[-84.5875876788638,33.6067078382924],[-84.5875903546722,33.6067029935334],[-84.587601516139,33.6066827815983],[-84.5876194616104,33.6066582609422],[-84.5876287875356,33.6066248845608],[-84.5876291465906,33.6066235993613],[-84.5876287411731,33.6066153450529],[-84.5876273240656,33.6065865036571],[-84.5876165007731,33.60655589724],[-84.5876105994427,33.6065243119927],[-84.5875948168136,33.6064869887783],[-84.5875601881979,33.6064578374953],[-84.5875332723889,33.6064265771067],[-84.5875312859674,33.6064242692782],[-84.5875332292788,33.6064170393907],[-84.5875401578673,33.6063912596229],[-84.5875550357203,33.6063601473854],[-84.5875564150161,33.6063572627596],[-84.5875549893664,33.606350607877],[-84.5875505337528,33.6063297998741],[-84.587532349304,33.6063051271334],[-84.5875174472698,33.6062800302589],[-84.5874877848885,33.6062164092574],[-84.5874875758064,33.6062159591337],[-84.5874877407062,33.6062068715447],[-84.5874882233334,33.6061802291674],[-84.5875176160838,33.606145775562],[-84.5875459267889,33.6060988753743],[-84.587546125616,33.6060985455884],[-84.5875458804277,33.6060893340622],[-84.5875453239018,33.6060683856576],[-84.5875451209021,33.606060760025],[-84.5875452775539,33.6060588470504],[-84.5875474459918,33.6060323071375],[-84.5875479734685,33.6060062497904],[-84.5875481081836,33.6059996004189],[-84.5875479271204,33.6059967111832],[-84.5875463277724,33.6059711614983],[-84.5875387809725,33.6059388947699],[-84.5875295619358,33.6059004500779],[-84.5875211753525,33.605864337878],[-84.5875185404776,33.6058290320406],[-84.5875134349601,33.6057922216056],[-84.5875017993904,33.605763404145],[-84.5874786751397,33.6057359999075],[-84.5872772927567,33.6055913022029],[-84.5872768412834,33.6055913082462],[-84.5872762184967,33.6055913184786],[-84.5872757659503,33.6055913254272],[-84.5872753144858,33.6055913332738],[-84.5842765586651,33.6056406220606],[-84.584276491861,33.6056406231878],[-84.5842761061137,33.6056406280966],[-84.5842760393097,33.6056406292237],[-84.5842761467305,33.6056501703332],[-84.584293302199,33.6071774195077],[-84.5843202872996,33.6072221251658],[-84.5844023470001,33.6073135037344],[-84.5844611277074,33.6073789900727],[-84.5845876809626,33.6076037852841],[-84.584588133546,33.6076037837552],[-84.5848142732743,33.6076030195943],[-84.58481472478,33.6076030180681],[-84.5848151773634,33.6076030165384],[-84.5848158282213,33.6076030143384],[-84.5848162797271,33.6076030128123],[-84.5850249500886,33.6077603339417],[-84.5850974732532,33.6078149173921],[-84.5851036444111,33.6078556835458],[-84.5851049378395,33.6078642233925],[-84.5851036883512,33.6078652248655],[-84.5843087332557,33.6085021888902],[-84.5843083961879,33.6085024587257],[-84.5843087781869,33.6085117302062],[-84.584311971998,33.6085892296467],[-84.5843121160236,33.6085927276384],[-84.5843120179943,33.6085987682539],[-84.584308232437,33.6088316453145],[-84.5843081892805,33.6088343162054],[-84.5843082784333,33.6088411839213],[-84.5843384467731,33.6111580333413],[-84.5843479035996,33.6119951317866],[-84.5843546964336,33.6125864035729],[-84.5843681542593,33.6137760940329],[-84.5843714064932,33.6140756471833],[-84.584374839382,33.6143789091742],[-84.5843859462271,33.6153534159032],[-84.5843991465218,33.6165240860002],[-84.5843991487393,33.6165243222298],[-84.5843991502824,33.6165244187032],[-84.5843996013692,33.6165243207012],[-84.586901864505,33.6159785127385],[-84.5889509087511,33.6148929677306],[-84.5903038175403,33.6147534187225],[-84.5903049183784,33.6147533049488],[-84.5903053686228,33.6147532583233],[-84.5903053699166,33.6147533025007],[-84.5903076803544,33.6148565861143],[-84.5903481267831,33.6148990460071],[-84.5903644633689,33.6149474835799],[-84.5903647925213,33.6149484580576],[-84.5903645089609,33.6149570212719],[-84.5903634652612,33.6149886346354],[-84.5903633619519,33.6149917484502],[-84.5903635119352,33.6149981732254],[-84.5903643061763,33.6150323076696],[-84.5903644016612,33.6150364045236],[-84.5903643528504,33.6150418462595],[-84.5903596823392,33.615563642395],[-84.5903596231957,33.6155702761712],[-84.5903597290138,33.6155731809841],[-84.5903680737398,33.6158018127714],[-84.5903681583481,33.615804127064],[-84.5903681204158,33.6158113513601],[-84.5903677810096,33.6158761148452],[-84.5903677338767,33.615885202921],[-84.5903678276813,33.6158856525321],[-84.5903769841966,33.6159295558543],[-84.5904158425767,33.6159830142942],[-84.5904843951758,33.616063166759],[-84.5905771003027,33.6162122185395],[-84.5906630138492,33.616315672723],[-84.5907126558295,33.6163910803769],[-84.5907366960344,33.6164370317264],[-84.5907609334677,33.6165232445821],[-84.5907717786741,33.6165578359628],[-84.5907953666239,33.6166790925648],[-84.590805416241,33.6167189082295],[-84.5908168607921,33.6168087382459],[-84.5908398105107,33.6168667855815],[-84.5908467086507,33.6169338198829],[-84.5908485442667,33.6169732516479],[-84.5908751964346,33.6170494251346],[-84.5908959083296,33.6170864559379],[-84.5909775015441,33.6171402202498],[-84.5909815917465,33.6171429148296],[-84.5909775429055,33.6171497597557],[-84.5909319089612,33.6172269079188],[-84.5909114979856,33.6172513004218],[-84.5908828769522,33.6172761331414],[-84.590856708077,33.617298621223],[-84.5908247214035,33.6173069757662],[-84.5907936144933,33.617327282501],[-84.5907600075993,33.6173401770716],[-84.5907165791864,33.617359838961],[-84.5906747850927,33.6173778460821],[-84.5906403280203,33.6173848349041],[-84.5906059113119,33.6174000684305],[-84.5905789012043,33.6174187119191],[-84.5905502430191,33.6174359869077],[-84.5905158262743,33.6174512204092],[-84.5904871680657,33.6174684953832],[-84.5904684033591,33.6174937062967],[-84.5904397686711,33.617515791578],[-84.5904070191725,33.6175361029414],[-84.5903734740063,33.6175616394829],[-84.5903390773525,33.6175809952925],[-84.5903063217613,33.617600071365],[-84.5902710884051,33.6176162696751],[-84.5902358389,33.6176291697289],[-84.5901768428521,33.6176561675103],[-84.5901457356636,33.6176764740831],[-84.5901220334676,33.6176996406351],[-84.5901073941501,33.6177288227429],[-84.5901001430337,33.6177574295396],[-84.5900888107208,33.6177911348124],[-84.5900675983227,33.6178196523451],[-84.5900430804966,33.6178441958156],[-84.5900226778594,33.617870374347],[-84.5900030897037,33.6178951759455],[-84.5899786078525,33.6179268649987],[-84.5899631458957,33.617955775797],[-84.5899344921084,33.6179740118057],[-84.5898943265467,33.6179892648065],[-84.5898615082348,33.6179955607339],[-84.5897772821658,33.618002032514],[-84.5897327086516,33.6180227971086],[-84.5897147681812,33.6180486930606],[-84.5897009465254,33.6180771852519],[-84.5896714955996,33.6181003713781],[-84.5896345926386,33.6181110786489],[-84.5895985216213,33.6181239813306],[-84.5895674376205,33.6181490971753],[-84.5895355297002,33.6181736658116],[-84.5895052476804,33.6181950685353],[-84.5894815632908,33.6182219452667],[-84.5894660977562,33.6182501680421],[-84.5894531139786,33.6182820926962],[-84.5894228450549,33.6183059686299],[-84.5893868034465,33.6183249177346],[-84.5893532462678,33.6183481178182],[-84.5893155809739,33.6183709198678],[-84.5892778834654,33.6183871263151],[-84.5892442906874,33.6184030437188],[-84.5892213992138,33.6184241470164],[-84.589187056944,33.6184547695623],[-84.5891502181458,33.6184786687732],[-84.5891190789061,33.6184925165495],[-84.5890822447624,33.6185173769023],[-84.5890561300171,33.6185511325613],[-84.5890258421208,33.6185711610455],[-84.5889529449073,33.6186108479963],[-84.5889259338013,33.6186292161183],[-84.5889038794911,33.6186536138986],[-84.5888769152695,33.618681600843],[-84.5888499202088,33.6187032671947],[-84.5888278497757,33.6187243667152],[-84.5888066119435,33.6187477996116],[-84.588784570969,33.6187749456086],[-84.5887534851576,33.6187997862457],[-84.5887223624852,33.6188170692204],[-84.5886912230547,33.6188309168897],[-84.588656812123,33.6188475239964],[-84.5886240858175,33.6188727831617],[-84.5885979520322,33.6189026904697],[-84.5885709923226,33.6189316394113],[-84.5885366114632,33.618954430922],[-84.5885063286606,33.6189755583947],[-84.5884793488129,33.6190003849593],[-84.5884523388245,33.6190190279825],[-84.5884220475393,33.619038644268],[-84.5883917948002,33.6190659552484],[-84.5883557948132,33.6190935608241],[-84.5883164831365,33.6191156811113],[-84.5882763348249,33.6191346438919],[-84.5882386588673,33.619155384437],[-84.5881976698911,33.6191703646854],[-84.5881665516577,33.6191886095848],[-84.5881403761472,33.6192099979798],[-84.5881043291966,33.6192279846494],[-84.588064161388,33.6192429620557],[-84.5880289456651,33.6192630070842],[-84.5880060917827,33.6192919419153],[-84.5879791116972,33.6193167692731],[-84.5879447117982,33.619335711464],[-84.5879053620555,33.6193502739702],[-84.5878742223012,33.6193641214352],[-84.5878414654894,33.6193831968589],[-84.5878144766348,33.6194062371049],[-84.5877933005228,33.619442448955],[-84.5877688140848,33.619473450513],[-84.5877467478711,33.6194955119051],[-84.5876275882401,33.6196480351864],[-84.5875973864827,33.6196859268702],[-84.5875884865746,33.619713439993],[-84.5875747127254,33.6197519628351],[-84.5875551401454,33.6197801993446],[-84.5875339150707,33.6198063802612],[-84.5875143210934,33.6198302203046],[-84.5874922727555,33.6198559910513],[-84.5874743325742,33.6198821616829],[-84.5874629722513,33.6199103702375],[-84.5874590163685,33.6199413018845],[-84.5874558984127,33.6199756660348],[-84.5874554294052,33.6199966927198],[-84.5874552241164,33.6200058994463],[-84.5874554725301,33.6200062304149],[-84.587476715097,33.6200344082985],[-84.5875088280207,33.6200517508194],[-84.5875368735347,33.6200770770135],[-84.5875485738378,33.6201141453373],[-84.5875502190272,33.6201193549854],[-84.5875486202151,33.6201236848244],[-84.5875331969024,33.6201654466531],[-84.5875226778373,33.6201977747745],[-84.587520347738,33.6202252664376],[-84.5875032788188,33.6202617392682],[-84.5874803911028,33.6202838034063],[-84.5874468553638,33.6203116753401],[-84.5874281071927,33.6203405960938],[-84.5874003407691,33.6203727078669],[-84.5873758708831,33.6204074196506],[-84.5873464586064,33.6204388499389],[-84.5873310166907,33.6204721568659],[-84.5873188517004,33.620503803496],[-84.5873132365736,33.6205313054246],[-84.5873125789172,33.6205649741303],[-84.587307803717,33.620596320618],[-84.5872907312983,33.6206321063589],[-84.5872703538808,33.6206637809116],[-84.5872491151584,33.6206872144418],[-84.5872295269065,33.6207122897033],[-84.5872041719454,33.6207336751079],[-84.5871845689889,33.620755728022],[-84.5871658173023,33.6207839625776],[-84.5871380673256,33.6208195095885],[-84.5871119277752,33.6208484554197],[-84.5870833358294,33.6208797458022],[-84.5870637928657,33.6209141657668],[-84.5870368587104,33.6209486108488],[-84.587004977065,33.6209789503142],[-84.5869878497376,33.6210034680578],[-84.5869633305523,33.6210278738641],[-84.5869396165838,33.6210489786291],[-84.5869167318524,33.6210717297222],[-84.5868963288492,33.6210981827416],[-84.5868767877669,33.6211330156334],[-84.5868530997576,33.6211594789043],[-84.5868227713512,33.6211716750992],[-84.5867858333762,33.6211755100318],[-84.5867505685657,33.6211856617641],[-84.586726867168,33.6212093767733],[-84.5867072806554,33.6212348658106],[-84.5866843878126,33.621255967738],[-84.586645072728,33.6212776754418],[-84.5866155998986,33.6212967384866],[-84.5865852951478,33.6213136060831],[-84.5865615710112,33.6213326495977],[-84.5865395106835,33.6213560848927],[-84.586508426635,33.6213816120267],[-84.5864822413918,33.6214012138974],[-84.5864544323007,33.6214246686896],[-84.5864266698352,33.6214577423075],[-84.5864078977582,33.6214818534899],[-84.5863784514557,33.6215064129538],[-84.5863514535574,33.6215278037579],[-84.5863104824481,33.6215467686916],[-84.5862793239187,33.6215571804647],[-84.5862465339542,33.6215696589766],[-84.5862072139541,33.6215904044785],[-84.5861720201529,33.6216152583974],[-84.586142570413,33.6216391316478],[-84.586110651581,33.6216619132299],[-84.5860886123528,33.6216897458054],[-84.5860641180165,33.6217193729055],[-84.5860552207465,33.6217475729737],[-84.5860414012971,33.6217768888636],[-84.5860069700471,33.6217896478857],[-84.5859848961411,33.6218103348444],[-84.5859560067015,33.6218482216714],[-84.5859014181134,33.6218703929771],[-84.5858818465088,33.6218990412753],[-84.5858614416637,33.6219252191203],[-84.5858410381378,33.621951671966],[-84.5858149077931,33.621982678702],[-84.5857747662497,33.6220034268505],[-84.5857428128476,33.6220193377476],[-84.5856746387498,33.6220513119289],[-84.585639087742,33.6221041988487],[-84.5845119296973,33.6237787819262],[-84.5845115241215,33.6237793847085],[-84.5845119757507,33.623788322313],[-84.5845262338712,33.62407051676],[-84.5845463434636,33.624118955814],[-84.5846183027441,33.6242921294338],[-84.584778511363,33.6247119388975],[-84.5848774988894,33.6249714547868],[-84.5849508393775,33.6250561284882],[-84.5849710139066,33.6250842301411],[-84.5849783007183,33.6250964357088],[-84.5850205473656,33.6251710455277],[-84.5850301838326,33.6252276268073],[-84.5850297322219,33.6252276256299],[-84.5850290736651,33.6252276233493],[-84.5850286209766,33.6252276221756],[-84.5850281693615,33.6252276200966],[-84.5849398254281,33.6252272480625],[-84.5847594384257,33.62522648926],[-84.5847589857328,33.6252264871836],[-84.5847585341178,33.6252264851036],[-84.5847578831012,33.6252264818943],[-84.5847574304083,33.625226479818],[-84.5847569787932,33.625226477738],[-84.5846063451605,33.6252257705099],[-84.5846061996576,33.6252257710016],[-84.5846059830157,33.625225770832],[-84.5846058924807,33.6252257711379],[-84.5846057469909,33.6252257743346],[-84.5846055206662,33.6252257778044],[-84.5846054409135,33.6252257789756],[-84.5846050691164,33.6252257892487],[-84.5843923444785,33.6252319711152],[-84.5843918918378,33.6252319798573],[-84.5843914402357,33.6252319804809],[-84.5843913108912,33.6252319791145],[-84.5843908581852,33.6252319743319],[-84.5843904065614,33.6252319704472]]],[[[-84.6910730459606,33.5858660161655],[-84.6911862060885,33.5858741222523],[-84.691228176605,33.5859049662174],[-84.6912957136816,33.5859416095062],[-84.6913492831272,33.5859897866002],[-84.6913865632673,33.5860322269055],[-84.691438681129,33.5860573589867],[-84.6915652640687,33.5860839956766],[-84.6916513532309,33.586106990882],[-84.6917015459526,33.5861397573217],[-84.6917306404329,33.586186046304],[-84.691747434866,33.586248120665],[-84.6917661173185,33.5863236191505],[-84.6918033516066,33.586358433218],[-84.6918487950051,33.5863989127757],[-84.6918434703906,33.5864756528384],[-84.6918430481917,33.586539685635],[-84.6918429073309,33.586559645541],[-84.6918554478839,33.5866105734912],[-84.691886672915,33.5866364856267],[-84.6919034676345,33.5866503910884],[-84.691925214103,33.5866607959953],[-84.6919594527537,33.58667715568],[-84.6920325573472,33.5866976296685],[-84.6920976795556,33.5867285111896],[-84.6921493793995,33.5867659777455],[-84.6921951452108,33.5867996905926],[-84.692233649578,33.5868273191556],[-84.692284940125,33.5868649587087],[-84.6923342482082,33.5869007861954],[-84.6924018625781,33.5869499680258],[-84.6924438340804,33.5869806393454],[-84.6925377396933,33.5870061776785],[-84.6925934024761,33.587101375383],[-84.6926531154414,33.5871066181478],[-84.6927244563811,33.5871131504281],[-84.6927897148263,33.5871060374499],[-84.6928544031818,33.5870923302642],[-84.6929064543711,33.5870921089224],[-84.6929078440977,33.5870921030125],[-84.6929705756627,33.5870818917364],[-84.6930209928065,33.5870661037005],[-84.6930517830095,33.5870565187493],[-84.6931311472745,33.5870193083484],[-84.6932136077537,33.587032469885],[-84.6932599752634,33.5870748709436],[-84.6932905526825,33.5871175104999],[-84.6933210208551,33.5871735492872],[-84.6933306751426,33.5872356538042],[-84.6933019860907,33.5872834245031],[-84.6932850593538,33.587348390425],[-84.6932922853994,33.587402706758],[-84.6933112730185,33.5874607870867],[-84.6933348009678,33.5875228325548],[-84.6933571722005,33.5875702137188],[-84.6933737086882,33.587616727063],[-84.6934019268185,33.5876671408841],[-84.6934276512845,33.5877250581668],[-84.6934554767903,33.5877792831892],[-84.6934925767312,33.5878458404939],[-84.6935413415497,33.5878864098647],[-84.6936355930063,33.588022666986],[-84.6936604525684,33.5880607286827],[-84.6937143999914,33.5881437029505],[-84.69376652334,33.5882236283118],[-84.6937990923702,33.5882738864485],[-84.6938506370268,33.5883532290552],[-84.6938917370492,33.5884159551383],[-84.6939361781553,33.588434076835],[-84.6939826443482,33.5884880888536],[-84.6940060719764,33.5885289147777],[-84.6940620380727,33.5885839403287],[-84.6941204952588,33.5886253626068],[-84.6941645405527,33.5886697658907],[-84.6941854093676,33.5886852406004],[-84.6942102163315,33.588703614508],[-84.69428801095,33.5887536796941],[-84.6943606600615,33.5888474299913],[-84.6943839172311,33.5888918875794],[-84.6944025895601,33.5889364061928],[-84.694426222335,33.5889770760711],[-84.6944889551494,33.5890059747171],[-84.694547112547,33.5890271042516],[-84.6946074874131,33.5890578234428],[-84.6946585746746,33.5890887643703],[-84.6947263268584,33.589160068507],[-84.6947798899473,33.5892065606849],[-84.6948123770423,33.5892432145431],[-84.6948567554611,33.5892779971696],[-84.6948848912604,33.5893146695814],[-84.6949313120332,33.589361054225],[-84.6949838000502,33.5893808417291],[-84.6950119501326,33.589391388256],[-84.6950815197368,33.5893972062951],[-84.695155563453,33.5894231357981],[-84.6952395899764,33.5894704254774],[-84.6952850159756,33.5895152922215],[-84.695294102017,33.589524402618],[-84.6953190549313,33.5895775782062],[-84.69534904613,33.5896221790526],[-84.6953771711395,33.589657030028],[-84.6954399494764,33.5896886663515],[-84.6955028224006,33.5897048972634],[-84.695548982733,33.5897085131258],[-84.6956235534324,33.5897315763995],[-84.6956805464425,33.5897700963085],[-84.6957121797614,33.5898146900438],[-84.6957330571663,33.5898591909023],[-84.6957497480477,33.5899037105592],[-84.6957824086293,33.5899365529699],[-84.6958094350312,33.5899984089483],[-84.6958526579337,33.5900855514217],[-84.6958949163776,33.5901629410691],[-84.6959255764879,33.5902229628164],[-84.6959396873942,33.5902616876481],[-84.6959632456067,33.5903014369356],[-84.6960004316895,33.5903292114965],[-84.6960752983277,33.5903940898154],[-84.6961141928783,33.5904313344487],[-84.6961515005671,33.5904775862948],[-84.6962058034605,33.5905239376181],[-84.6962578134476,33.5905578972091],[-84.6962916412049,33.5905988386627],[-84.6963196226835,33.5906368855351],[-84.6963616550975,33.590677002891],[-84.6964056538181,33.5907433917852],[-84.6964521038658,33.5907944824126],[-84.6964877057777,33.5908300585119],[-84.6965183763498,33.590864898317],[-84.6965594771283,33.5909004499469],[-84.6965829308611,33.5909498194365],[-84.6965484746123,33.5910075429021],[-84.6965695390045,33.5910555475837],[-84.6966273374976,33.5911096470925],[-84.6966938479142,33.591151961445],[-84.6967354572484,33.5911899498428],[-84.6967933876878,33.5912655886146],[-84.6968237081422,33.5913190573655],[-84.696892507247,33.5913909662138],[-84.6969669915199,33.591405068272],[-84.6970285930198,33.5913889899263],[-84.6970550045907,33.5913820249563],[-84.697111705868,33.591377351111],[-84.6971815365978,33.5913718635494],[-84.6972314717903,33.5913617221002],[-84.6972942053453,33.5913528259508],[-84.697348023076,33.5913574082462],[-84.6974046979045,33.5913753382534],[-84.6974541380583,33.5914050488824],[-84.6975114086776,33.5914266631981],[-84.6975754953033,33.591407894167],[-84.697601831398,33.5913648735718],[-84.6975940514169,33.5913143730652],[-84.6976122767412,33.591247408354],[-84.6976732853286,33.5912357071173],[-84.6977452095438,33.5912100453885],[-84.6977736201502,33.5911708289994],[-84.6978024353988,33.5911206429975],[-84.6978160232297,33.5910970620006],[-84.6978501538559,33.5910399572266],[-84.6979014939206,33.5909644684216],[-84.697975543339,33.5908971260231],[-84.6980190164493,33.5908775643439],[-84.6980958134722,33.5908433273787],[-84.6981458296325,33.5908197521886],[-84.6981900566865,33.5908026262187],[-84.6982230365232,33.5907720812604],[-84.6982560262196,33.5907029232903],[-84.6983149154431,33.5906747637107],[-84.6983693442233,33.590680313132],[-84.698425065394,33.5907168661832],[-84.6985011034293,33.5907461519187],[-84.6985578052845,33.5907685129743],[-84.6985719106835,33.5908063097045],[-84.6985807188451,33.5908769714985],[-84.6986246214486,33.5909296898418],[-84.6986701723183,33.5909618430904],[-84.6986878774435,33.590974383984],[-84.698711131718,33.5909901848839],[-84.6987421237821,33.5910112525016],[-84.6987925214145,33.591049820957],[-84.6988550425486,33.5910706113923],[-84.6988911069748,33.5910736039939],[-84.6989537733431,33.5910787408277],[-84.698981618806,33.5910865340645],[-84.6990244984961,33.5910986014323],[-84.6990692723287,33.5911324304658],[-84.6991535714176,33.5911414008746],[-84.6992362712944,33.5911608275191],[-84.699273020003,33.5911694452645],[-84.6993500475592,33.591197821842],[-84.6993781651914,33.591231127365],[-84.6994119467469,33.5912642705409],[-84.6994418665047,33.591296811792],[-84.6994741454786,33.591325976957],[-84.6995184603075,33.5913497641415],[-84.6995844454291,33.5913731496117],[-84.6996028149201,33.5913854179129],[-84.6996238496269,33.591399397816],[-84.6996676519781,33.59143339131],[-84.699717343329,33.5914770117554],[-84.6997740003188,33.5915187483442],[-84.6998346718034,33.5915379070196],[-84.6998988203353,33.5915240163382],[-84.6999701256968,33.5914911760188],[-84.7000151026452,33.5914779107076],[-84.7000866977116,33.5914902272186],[-84.7001010683223,33.5915442030215],[-84.7001292722965,33.591594445796],[-84.7001946441119,33.5915853537646],[-84.7001958153049,33.5915851900214],[-84.7002708383556,33.5916495890113],[-84.7003127603066,33.5916715657632],[-84.7003727760144,33.591698618383],[-84.7004372054333,33.5917357514958],[-84.7004529375891,33.5917520308366],[-84.700484218672,33.5917844000508],[-84.7004876110863,33.5918112884264],[-84.7004964786108,33.5918822203073],[-84.7005096329131,33.5919253109822],[-84.7005361332501,33.5919757999504],[-84.7005677802361,33.5920220748602],[-84.7005918871392,33.5920572521316],[-84.700615878132,33.5921001932427],[-84.7006546001709,33.5921647783868],[-84.7006764409889,33.5922159781066],[-84.7007112644993,33.5922715498711],[-84.7007676731319,33.5923392568499],[-84.70080162404,33.5923647590883],[-84.7008179018839,33.5923768982793],[-84.7008683531294,33.5924237104734],[-84.700917620708,33.5924532761822],[-84.7010007417636,33.5924711994434],[-84.7010262482549,33.5925204879659],[-84.7010323152139,33.5925322122758],[-84.7010369148532,33.5925432540495],[-84.7010573146795,33.5925922228872],[-84.7010596802138,33.5926426455516],[-84.7010599187023,33.592655112758],[-84.7010600770537,33.5926675135874],[-84.7010603265935,33.5927079810797],[-84.7010605744381,33.5927481735709],[-84.7010607698479,33.5927931415111],[-84.7010610861198,33.5928444305085],[-84.7010857546561,33.5929173246403],[-84.7010973710041,33.5929637553444],[-84.7011255996243,33.5930148543507],[-84.7011537204333,33.5930751949891],[-84.7011872812752,33.5931388789403],[-84.7012120045386,33.5931806148412],[-84.7012706943412,33.5932586871892],[-84.7013099577384,33.5933284273002],[-84.7013554001963,33.5934151109484],[-84.7013893596452,33.5934534247502],[-84.7014185230095,33.5934864123919],[-84.7014224495307,33.5934908460446],[-84.7014969227353,33.5935587838684],[-84.70154076066,33.5935881194199],[-84.7015742514633,33.5936105298109],[-84.7016501190111,33.5936917223102],[-84.7016946426839,33.5937225173429],[-84.7017336663133,33.5937533352417],[-84.7017831180057,33.5937842802477],[-84.7018250479493,33.5938073213045],[-84.7018565678566,33.5938366360812],[-84.7018886607467,33.5938847544126],[-84.7019350527052,33.5939254686145],[-84.7020074953771,33.5939570696639],[-84.7020461268033,33.5940042417675],[-84.7020794857561,33.5940350840649],[-84.7021221711438,33.5940605616573],[-84.7021880267675,33.5940625443378],[-84.7022541099054,33.5940662986731],[-84.7023063228583,33.5941008174383],[-84.7023304452888,33.5941381231175],[-84.7023529614618,33.5941813804272],[-84.7023902260722,33.5942123680296],[-84.7024298584898,33.5942258647764],[-84.7024393219936,33.5942290815168],[-84.7025137978494,33.5942217701973],[-84.7026017400119,33.5942067300363],[-84.7026649501938,33.5942095047631],[-84.7027207078753,33.59422482506],[-84.7027726605747,33.5942485788663],[-84.7028265682221,33.5942964401272],[-84.7028734204173,33.5943452597535],[-84.7029219385123,33.5943712951674],[-84.7029905086588,33.594400473413],[-84.7030556215982,33.5944282924692],[-84.7031032322575,33.5944535761492],[-84.7031543869519,33.5944945794095],[-84.7031972513196,33.5945224263288],[-84.7032585041251,33.5945499184807],[-84.7033315969052,33.5945803816314],[-84.703394180165,33.5946106162213],[-84.7034308922649,33.594652506136],[-84.7034789142363,33.5946646650452],[-84.7035460227332,33.5946830617946],[-84.7036204029114,33.594709122666],[-84.7037000944456,33.5947445043987],[-84.7037429676273,33.5947737252261],[-84.7037895163892,33.5948130981639],[-84.703794635817,33.5948163165258],[-84.7038116177674,33.5948287489046],[-84.7038511867451,33.5948519185343],[-84.7038513596325,33.5948519989336],[-84.7038872935349,33.5948687635737],[-84.7039433249566,33.5948914649625],[-84.7039599676905,33.5948978377985],[-84.703970004094,33.5949016812955],[-84.7039862395384,33.5949078764651],[-84.7040178342808,33.5949195393522],[-84.7040520726367,33.5949321780732],[-84.704065509358,33.5949368796063],[-84.7040692928875,33.5949382030482],[-84.7040715609848,33.5949389145295],[-84.7041136907942,33.5949521266804],[-84.7041506840424,33.5949598808076],[-84.7041650368273,33.5949703526158],[-84.7041689516141,33.5949732083156],[-84.7041853240277,33.5949851527842],[-84.7041969882453,33.5950125848731],[-84.704191486112,33.5950246207627],[-84.7041584825082,33.5950693154235],[-84.7041571722453,33.5950708620615],[-84.7041530397295,33.5950749411141],[-84.7041409019332,33.5951035216316],[-84.7041378245984,33.5951368443222],[-84.7041413025114,33.5951681043803],[-84.7041497484597,33.5951800796779],[-84.7041661524804,33.5952033669617],[-84.7041802094006,33.5952191120902],[-84.7041937332239,33.5952364572841],[-84.7041899148218,33.5952474047618],[-84.7041809724538,33.5952726469603],[-84.7041767446622,33.5952778688376],[-84.7041585392714,33.5952995896963],[-84.7041604156313,33.5953373703407],[-84.7041606547486,33.5953397902735],[-84.7041639180542,33.5953727527046],[-84.7041690922291,33.5954125811311],[-84.7041750713063,33.5954499859906],[-84.7041851469757,33.5954860277682],[-84.7042017883265,33.5955216830597],[-84.7042367023046,33.5955912553504],[-84.7042573974859,33.5956186481932],[-84.7042748428299,33.5956515517047],[-84.7042824491172,33.5956865591723],[-84.7042908678739,33.5957201889709],[-84.7043025620668,33.5957524303983],[-84.7043150538955,33.5957809030042],[-84.7043349494737,33.5958117346521],[-84.7043556575293,33.5958411886279],[-84.7043779606864,33.5958630788113],[-84.7044365820523,33.5959047154055],[-84.7044498109861,33.5959311154712],[-84.7044489486897,33.5959359214883],[-84.7044472865312,33.5959451770933],[-84.7044442559328,33.5959620577175],[-84.7044353935491,33.5959892498858],[-84.7044279004062,33.5960138077481],[-84.7044257377944,33.5960208970229],[-84.704424298261,33.5960535255281],[-84.7044318770146,33.5960840806804],[-84.7044555592655,33.5961101179246],[-84.7044608099321,33.5961158901049],[-84.7044822901409,33.5961374529339],[-84.7045138140109,33.5961898631503],[-84.704547807381,33.5962433067508],[-84.704550771683,33.5962483792559],[-84.7045652338552,33.5962731320137],[-84.7045710277269,33.5962806645831],[-84.7045962386582,33.5963059566893],[-84.7045986322335,33.5963086503768],[-84.7046197712563,33.5963295645635],[-84.7046278779757,33.5963382403039],[-84.7046503720823,33.5963655170546],[-84.704668623704,33.5963959978316],[-84.7046835722563,33.596423416487],[-84.7046906602343,33.5964389420949],[-84.704699386686,33.5964580582216],[-84.7046979301864,33.5964879385254],[-84.7046841717116,33.59651996058],[-84.7046811598268,33.5965261419681],[-84.7046695792648,33.5965498980026],[-84.7046630056264,33.5965764319353],[-84.7046623256437,33.5965786701199],[-84.7046617831868,33.596582234056],[-84.7046617938355,33.5966183087307],[-84.704662478,33.5966413856786],[-84.7046628323908,33.5966533447258],[-84.7046679674034,33.5966869887706],[-84.704676390678,33.5967213055854],[-84.7046797380379,33.5967330586616],[-84.7046847946782,33.5967525171485],[-84.7047215557315,33.5968285894707],[-84.704729786687,33.5968581300955],[-84.704732265259,33.5968647916386],[-84.7047384156495,33.5968813185614],[-84.704740641093,33.5968872977429],[-84.7047613345304,33.5969143334413],[-84.7047861459496,33.5969434394824],[-84.7048150408834,33.5969690653635],[-84.7048426430414,33.596986910081],[-84.7048752193739,33.5970083235853],[-84.7048934307589,33.5970322917729],[-84.7049018177976,33.5970607551178],[-84.7049034623967,33.5970913468693],[-84.7049038439047,33.5971225824941],[-84.7049083285201,33.5971524531818],[-84.7049089590579,33.5971557847962],[-84.7049173597797,33.5971836728176],[-84.7049291611852,33.5972103810926],[-84.7049422960674,33.5972300830378],[-84.7049489078601,33.5972398752086],[-84.7049602594906,33.5972540171282],[-84.704971342286,33.5972678969301],[-84.7049935749612,33.5972932722366],[-84.7049965271959,33.5972991671009],[-84.7050025505801,33.5973111934497],[-84.7050093703904,33.5973248095751],[-84.7050183978821,33.5973529860992],[-84.7050193759604,33.5973562395592],[-84.705033766554,33.5974191889009],[-84.7050383524521,33.597436737889],[-84.7050514280672,33.5974867747951],[-84.7050530816117,33.5974926121924],[-84.7050606619922,33.5975193839038],[-84.7050810241853,33.5975818501083],[-84.705083258123,33.5975883224566],[-84.7050908307621,33.5976178334575],[-84.7050935496965,33.5976303962452],[-84.7050975931631,33.5976490800822],[-84.7051035408768,33.5976813464282],[-84.7051128050809,33.5977101521771],[-84.7051178054818,33.5977295513773],[-84.7051319041929,33.5977827874351],[-84.7051439006565,33.5978344430048],[-84.7051544588406,33.5978951341053],[-84.7051778519043,33.5979601667615],[-84.7051932285756,33.5980035222134],[-84.7052043644026,33.5980515685498],[-84.7052198094377,33.5981059177003],[-84.7052273712826,33.5981600252535],[-84.7052389331436,33.5982237352565],[-84.7052475139675,33.5982833358226],[-84.7052464988902,33.5983842022765],[-84.7052356237261,33.5984309702823],[-84.7052283208595,33.5984714011648],[-84.7052289665835,33.5985752836686],[-84.7052238284687,33.5986467611685],[-84.7052297284709,33.59869785357],[-84.7052208717515,33.5987523084953],[-84.7051966648618,33.5988205707046],[-84.7051972968875,33.5989222541021],[-84.7052241708001,33.5990188767396],[-84.7052270658348,33.5990620124034],[-84.7052232821105,33.59914007968],[-84.7052227363463,33.5992107130619],[-84.7052360121457,33.5992859578033],[-84.7052522109833,33.5993559691791],[-84.7052555713366,33.5994210881049],[-84.705256232491,33.5995274437916],[-84.7052667431426,33.5995804402649],[-84.7052744264612,33.599654060198],[-84.7052892145881,33.5997084121838],[-84.7053035071639,33.5997885999186],[-84.7053203821992,33.599861630715],[-84.7053352831608,33.5999341200876],[-84.7053471449327,33.5999931563288],[-84.7053589913436,33.600049719369],[-84.7053716214763,33.6001266160402],[-84.705382790966,33.6001535010291],[-84.7054019600496,33.6001993131899],[-84.7054278868196,33.6002492192325],[-84.7054393773465,33.6003013863939],[-84.7054478645353,33.6003458718272],[-84.7054563585684,33.6003914563589],[-84.7054806564007,33.6004432927326],[-84.7054999586137,33.600484157764],[-84.7055205975858,33.6005285902665],[-84.7055522156806,33.6005957852535],[-84.7055888284177,33.6006739515688],[-84.7056330951979,33.6007683000629],[-84.7056872107999,33.6008090133991],[-84.7057292043809,33.6008547269614],[-84.7057712948467,33.6009158296958],[-84.7058060435113,33.6009582765112],[-84.7058631351372,33.6010550422943],[-84.7058913207241,33.6010983427102],[-84.7059302957306,33.6011339003857],[-84.7059617159208,33.6011692159724],[-84.7060024761473,33.6012275761487],[-84.7060379644466,33.601283211923],[-84.7060820455149,33.6013476041551],[-84.7061257391992,33.6014023791041],[-84.7061743546978,33.6014565834606],[-84.70620414329,33.6014935552418],[-84.7062286609763,33.6015278017301],[-84.7062680317054,33.601574075653],[-84.7063148129852,33.601649999127],[-84.7063512334098,33.6016971109137],[-84.7064035099706,33.6017589940088],[-84.706464331913,33.6018216639179],[-84.7065120109847,33.6018835670243],[-84.7065590383949,33.6019638245279],[-84.7065591015693,33.6019639333536],[-84.7065589563216,33.6019639682507],[-84.7064502544469,33.6020437592649],[-84.7064042185889,33.6023568132573],[-84.7063302659705,33.6023518007173],[-84.7063275369761,33.6023701957515],[-84.7061508426884,33.6035611783697],[-84.7061421939495,33.6036227095723],[-84.7061327669161,33.6036911139458],[-84.7061241416793,33.6037564230157],[-84.7061163353559,33.6038213849797],[-84.706110859585,33.6038650376731],[-84.7061062027355,33.6039083432613],[-84.7061015480209,33.6039519923737],[-84.7060968911627,33.6039952979609],[-84.7060907290737,33.6040605962857],[-84.7060845669818,33.6041258955111],[-84.7060807333144,33.6041695410414],[-84.7060768996435,33.6042131865713],[-84.706072379665,33.6042784777332],[-84.7060693670557,33.6043221196822],[-84.7060663544436,33.6043657616309],[-84.7060641628995,33.6044093999994],[-84.706028830568,33.6050646750789],[-84.7060170366183,33.6052804657993],[-84.7060126427502,33.6053660248993],[-84.7060086212162,33.6054322948845],[-84.7060074299387,33.6054519320038],[-84.7060022149734,33.6055374946809],[-84.705996178917,33.6056230609362],[-84.7059901449887,33.6057089707147],[-84.7059841089108,33.6057945369673],[-84.7059780728277,33.6058801041202],[-84.7059712156429,33.6059656739495],[-84.7059643584458,33.6060512437773],[-84.7059575012363,33.6061368136038],[-84.7059498229266,33.6062223870081],[-84.7059421446029,33.606307960411],[-84.7059344662709,33.6063935347139],[-84.705925966829,33.6064791116929],[-84.7059182884626,33.6065646850912],[-84.7059101928818,33.6066424410795],[-84.7059005946456,33.6067356950988],[-84.7058915319696,33.6068211636216],[-84.70588222671,33.606906614265],[-84.7058721504817,33.6069966613413],[-84.7058675720173,33.6070335602389],[-84.7058643878257,33.6070565926868],[-84.7058609556324,33.6070796000672],[-84.7058572754259,33.6071025805769],[-84.705852533083,33.6071301200183],[-84.7058474348523,33.6071576141241],[-84.7058429156222,33.6071804891886],[-84.7058381394827,33.6072032932395],[-84.7058330818294,33.6072260552373],[-84.7058259039389,33.607256333726],[-84.7058182276682,33.607286526925],[-84.7058100562156,33.60731662941],[-84.7058036036791,33.6073391423146],[-84.7057945679877,33.6073690709371],[-84.7057850423999,33.6073988925926],[-84.7057750268871,33.6074286027727],[-84.7057671963329,33.6074508069997],[-84.7057590916484,33.6074729438943],[-84.7057478619229,33.6075023473876],[-84.7056740025517,33.6076686880129],[-84.7055853886683,33.6078284737568],[-84.7055723670573,33.6078494319441],[-84.7055590947216,33.6078702749076],[-84.7055501009729,33.6078841050283],[-84.7055363942005,33.6079047497125],[-84.7055224280434,33.6079252728988],[-84.7055129738832,33.6079388868197],[-84.7055034062223,33.6079524444294],[-84.7054888423165,33.6079726744698],[-84.7054740243628,33.6079927748738],[-84.7054640059037,33.6080061027163],[-84.7054538760822,33.6080193715333],[-84.7054384732031,33.6080391616033],[-84.7054280665691,33.6080522792425],[-84.7054122506123,33.6080718402824],[-84.7053961902436,33.6080912617251],[-84.7053798865178,33.6081105399592],[-84.7053633415845,33.6081296740738],[-84.7053465565044,33.608148661359],[-84.7053295334212,33.6081675000022],[-84.7053180537822,33.60817997491],[-84.7053006390203,33.6081985600838],[-84.7052888986194,33.6082108657099],[-84.7052770564809,33.6082231005464],[-84.7052591017242,33.6082413228918],[-84.7052470041778,33.608253383013],[-84.7052286705944,33.6082713392092],[-84.7052163219223,33.608283220088],[-84.7051976148606,33.6083009037998],[-84.7051850193506,33.6083126018107],[-84.7051659441703,33.6083300085061],[-84.7051466502594,33.608347246638],[-84.7051284130816,33.6083632097235],[-84.7051140469995,33.6083755916815],[-84.7049580256532,33.6085087385634],[-84.7049497126665,33.6085156138529],[-84.7049420103267,33.6085217390056],[-84.7049341746935,33.6085277439151],[-84.7049262068222,33.6085336249698],[-84.7049181088678,33.6085393821605],[-84.7049107135636,33.6085444546359],[-84.7049023781061,33.6085499694098],[-84.704894772367,33.608554820089],[-84.7047799018592,33.6086244864191],[-84.7047590972704,33.6086376041485],[-84.7047367734684,33.6086523172132],[-84.7047257596224,33.6086598290878],[-84.7047130538155,33.6086687089306],[-84.7044427761962,33.6088601748265],[-84.7045158278102,33.6088602963446],[-84.7031821522743,33.6097770337259],[-84.7027936545746,33.6100634516172],[-84.7028660220947,33.6101445482365],[-84.7028417913895,33.610181734166],[-84.7027760342954,33.6107017865538],[-84.7027737091301,33.6107241263202],[-84.7026626680328,33.6110921894405],[-84.7025428019631,33.6112287480888],[-84.702484482174,33.6112948771279],[-84.7018850758686,33.6107908680321],[-84.7016526150271,33.610953099998],[-84.7015907494672,33.610888927468],[-84.7010974966789,33.6112064486336],[-84.7006123011003,33.6115325484501],[-84.7006038336607,33.6115378966968],[-84.7006018445373,33.6115391522828],[-84.7006243687901,33.6115607346492],[-84.7004541411429,33.6116721899577],[-84.7003708533885,33.6117267212537],[-84.7002432028179,33.6115709397584],[-84.6992251798563,33.6097889682893],[-84.6967872950869,33.6055212954421],[-84.6955596806562,33.6055383453874],[-84.6954282988072,33.6055403208094],[-84.6954322304254,33.6051074212302],[-84.6954353493759,33.6047639891481],[-84.6954362556468,33.6046642611803],[-84.6953962561728,33.6046392576637],[-84.695368211667,33.6046184084073],[-84.6953450728167,33.6045941298888],[-84.6953185929969,33.6045605766944],[-84.6952773694301,33.6045329121472],[-84.6952436195708,33.6045189858753],[-84.6952082064395,33.6045016025048],[-84.695179327468,33.6044787235161],[-84.6951586475633,33.604453719437],[-84.6951231570219,33.6044236400337],[-84.6950983929135,33.6044021166837],[-84.695063708735,33.6043696155541],[-84.6950323970382,33.6043515554979],[-84.6949986409147,33.6043365841556],[-84.6949640804922,33.6043243645122],[-84.6949179893869,33.6043063404883],[-84.6948808548352,33.6042759380245],[-84.6948584449538,33.6042365137446],[-84.6948582250975,33.6042004571155],[-84.6948522262511,33.6041592586208],[-84.694818375899,33.6041288150657],[-84.6947829526282,33.6041097283698],[-84.6947532810397,33.6040913032791],[-84.6947203545108,33.6040777024551],[-84.6946833080781,33.6040617288932],[-84.6946446319084,33.6040477946275],[-84.6946125202884,33.6040331741207],[-84.6945672264552,33.6040113812101],[-84.6945350058312,33.6039788685145],[-84.6945258066169,33.6039514250264],[-84.6945223277511,33.6039195047105],[-84.6944917347486,33.6038845947452],[-84.6944677730981,33.6038599625086],[-84.6944430175209,33.6038397860743],[-84.694414986225,33.6038210247956],[-84.6943787566685,33.6038043326361],[-84.6943400850175,33.6037911132745],[-84.6942940319869,33.6037792724684],[-84.6942520551731,33.6037626318325],[-84.6942182701233,33.6037428509176],[-84.6941852936029,33.6037210053403],[-84.6941539528723,33.6036981086517],[-84.6941217890781,33.6036748845532],[-84.6940912863487,33.6036547605013],[-84.6940501096142,33.6036346530908],[-84.6940081287395,33.6036173262216],[-84.6939686307329,33.6036033952449],[-84.6939258622794,33.6035915682526],[-84.6938871906208,33.6035783207965],[-84.6938501738161,33.6035671554337],[-84.6938106916611,33.6035556444069],[-84.69376873996,33.603543097958],[-84.6937317001115,33.6035281402557],[-84.6937053090245,33.6035090147668],[-84.6936665601982,33.603483071228],[-84.6936253461978,33.6034568081679],[-84.6935899380067,33.6034401122762],[-84.6935537109379,33.6034237769211],[-84.693524029485,33.603403648328],[-84.6935000640636,33.6033783288472],[-84.6934761153692,33.6033557575648],[-84.6934496826109,33.6033297615118],[-84.6934208054007,33.6033068541445],[-84.6933910884274,33.603280872062],[-84.6933695622925,33.6032517768174],[-84.6933480267244,33.6032209504125],[-84.6933232423453,33.6031959634903],[-84.6933049806955,33.6031634198956],[-84.6932809714627,33.6031308719101],[-84.6932545179499,33.6031014405589],[-84.6932239716853,33.6030740878273],[-84.6931926023748,33.6030464085812],[-84.6931578163263,33.6030144907142],[-84.6931306763578,33.6029896454195],[-84.6930984797042,33.6029609255416],[-84.6930613817709,33.6029363489213],[-84.6930218332078,33.6029138439218],[-84.6929798401928,33.6028944275926],[-84.6929329355402,33.6028774504075],[-84.69288767519,33.6028608232698],[-84.6928350335208,33.6028455745958],[-84.692788158131,33.6028334067116],[-84.6927486452322,33.6028167550809],[-84.6927066231204,33.602792529301],[-84.692671990708,33.6027682991382],[-84.6926455592911,33.6027426320106],[-84.6926199501988,33.6027169902346],[-84.6925951766892,33.6026937352148],[-84.6925613799138,33.6026718917817],[-84.6925235362752,33.6026596863056],[-84.6924791367008,33.6026495680843],[-84.6924330761844,33.6026363524729],[-84.6923910939399,33.6026186670926],[-84.6923483156719,33.6026051074925],[-84.6922505247143,33.6025914515883],[-84.6922069732763,33.6025857829891],[-84.6921568827401,33.6025849786805],[-84.6921092562942,33.6025844938958],[-84.692069034925,33.6025863688608],[-84.6920297034404,33.602599590193],[-84.6920002726048,33.602620684288],[-84.6919782644223,33.6026472163591],[-84.6919546726083,33.602683402064],[-84.6919302803726,33.6027229976529],[-84.6919083034676,33.602754696119],[-84.6918789308717,33.6027854098015],[-84.6918528100803,33.6028109422309],[-84.6917907137473,33.602861361834],[-84.6917457199773,33.6028886784935],[-84.691694947622,33.6029108801697],[-84.6916523275344,33.6029234282696],[-84.6916031369659,33.6029356742245],[-84.6915564104814,33.6029482397151],[-84.6915162743444,33.6029642125732],[-84.6914728581185,33.6029808864013],[-84.6914302546111,33.6029961826295],[-84.6913917563852,33.6030114614312],[-84.6913549169099,33.603029481461],[-84.6913205447592,33.6030481780853],[-84.6912837135748,33.6030675721962],[-84.6912443909912,33.6030824973886],[-84.6912066887927,33.6030936503453],[-84.6911689762665,33.6031030991875],[-84.6911345250136,33.6031087417901],[-84.6910943033757,33.6031106164406],[-84.6910540880562,33.6031135351793],[-84.6910138810511,33.6031178280071],[-84.690967086928,33.6031190704534],[-84.690917780647,33.6031124087121],[-84.6908700676813,33.6030974953752],[-84.6908313281921,33.603072925039],[-84.6907942225305,33.6030469736313],[-84.690766194269,33.6030285415142],[-84.6907417755871,33.6030150685861],[-84.6907241789151,33.6030053591587],[-84.6906838555741,33.6029904144471],[-84.6906377743622,33.6029737629114],[-84.6905999330081,33.6029619129947],[-84.690558782335,33.6029459276175],[-84.6905200513105,33.6029227312841],[-84.6904829499603,33.602897466832],[-84.6904516106598,33.6028745962394],[-84.6904211088859,33.6028544433182],[-84.6903914449621,33.6028370621675],[-84.6903527555643,33.6028207362923],[-84.6903025962936,33.6028085813647],[-84.6902500018546,33.602801246204],[-84.6902031371372,33.6027907814399],[-84.6901595795768,33.6027840950676],[-84.6901102767794,33.6027777900473],[-84.6900691885435,33.602772109372],[-84.6900272731166,33.6027654160057],[-84.6899796393488,33.602763556295],[-84.6899361150187,33.6027623662537],[-84.6898917862311,33.6027639278745],[-84.6898474927983,33.6027713438414],[-84.6898048714252,33.6027838913117],[-84.6897680109658,33.6027984756155],[-84.689729518668,33.6028147709547],[-84.6896852915581,33.6028331787826],[-84.6896836567422,33.6028343948267],[-84.6894772772615,33.6027974503915],[-84.6894644608369,33.6027907988676],[-84.6894465085299,33.6027819428335],[-84.6894105164886,33.6027663473349],[-84.6893925629514,33.6027574642481],[-84.6893720349246,33.6027463928746],[-84.6893541543203,33.6027331661531],[-84.689336221262,33.6027221388118],[-84.6892591337319,33.6026887430852],[-84.6892309072398,33.6026754238955],[-84.6892103589467,33.6026665237902],[-84.6891898834278,33.602653253003],[-84.6891719696418,33.6026400552482],[-84.689154017227,33.6026311712199],[-84.689141293023,33.6026180056435],[-84.6891312688804,33.6026005141955],[-84.6891185973179,33.6025851771846],[-84.6891033512843,33.6025676527842],[-84.6890778836823,33.6025434929099],[-84.689047134176,33.6025257860086],[-84.6890215947325,33.6025059688453],[-84.688995982521,33.6024905223551],[-84.6889702253231,33.6024837324574],[-84.6889471024647,33.6024726169654],[-84.6889188953265,33.6024571264119],[-84.6888803421301,33.6024415136168],[-84.6888521146932,33.6024281934417],[-84.6888264700412,33.6024127191012],[-84.6888033806224,33.6024016034409],[-84.688777570829,33.6023969858362],[-84.6887362972957,33.6023878701539],[-84.6887234091036,33.6023855612747],[-84.6887104682685,33.6023854238262],[-84.6887104156248,33.6023875952582],[-84.6887000697315,33.6023875009588],[-84.6886974544648,33.6023896282023],[-84.6886948596856,33.602389612101],[-84.688633039077,33.6023715961835],[-84.6886020729728,33.6023669173433],[-84.6885762835221,33.6023601284008],[-84.6885582775005,33.6023534157211],[-84.68855573537,33.6023512281849],[-84.6885532135624,33.6023468693531],[-84.6885506712638,33.6023446538659],[-84.6885507239116,33.602342482434],[-84.6885457316995,33.6023315653917],[-84.6885227336465,33.602313963615],[-84.688499789161,33.6022941624465],[-84.6884845756285,33.602276637831],[-84.6884768641014,33.6022722179334],[-84.688476916751,33.6022700465014],[-84.6884691322503,33.6022699693309],[-84.6884535761633,33.602271959094],[-84.6884276418709,33.6022738546691],[-84.6883938835001,33.6022800156504],[-84.6883576559811,33.6022796463546],[-84.6883239695072,33.6022814645938],[-84.6883007020641,33.6022790623809],[-84.6882904086751,33.6022767695659],[-84.6882852392791,33.602274537198],[-84.6882724230223,33.6022678855484],[-84.688251927578,33.6022568138495],[-84.6882262627517,33.6022435106783],[-84.6881980031534,33.6022301904883],[-84.6881722471764,33.6022234013199],[-84.6881438953464,33.6022165951362],[-84.6881206996716,33.6022098222152],[-84.6881000796856,33.6022052646457],[-84.6880768852574,33.6021985187611],[-84.6880459192433,33.6021938397807],[-84.6880123777179,33.6021869733857],[-84.6879762424969,33.6021800899589],[-84.6879350023876,33.6021709468171],[-84.6878988661016,33.6021640633722],[-84.6878653772639,33.6021550255051],[-84.6878396932631,33.6021438935439],[-84.687816498871,33.6021371476101],[-84.6877907611375,33.6021281870749],[-84.6877599401058,33.6021148225717],[-84.6877137273903,33.6020926189394],[-84.6876676403829,33.60206390113],[-84.6876240428328,33.6020395422907],[-84.6875828760133,33.6020260842536],[-84.6875493872554,33.6020170453983],[-84.6875235776401,33.60201242753],[-84.6874899115989,33.6020120742455],[-84.6874250100404,33.6020222414209],[-84.6873809970736,33.6020217946056],[-84.6873268895206,33.6020081988932],[-84.6872831471024,33.6019925253833],[-84.6872497314234,33.6019791437187],[-84.6872291834956,33.6019702432798],[-84.687211198019,33.6019613600076],[-84.6871647685535,33.6019521834402],[-84.6871338028417,33.6019475321808],[-84.6871028562469,33.6019406816714],[-84.6870719827014,33.6019294884266],[-84.6870488411154,33.6019205718173],[-84.6870333773805,33.6019160464809],[-84.6870180922398,33.6019028644037],[-84.6870052234475,33.6018983840529],[-84.6869589594224,33.6018783506607],[-84.6869307528285,33.6018628596472],[-84.686899983633,33.6018473234996],[-84.686876934428,33.6018318928385],[-84.6868539700783,33.6018142626543],[-84.6868387235593,33.6017967379715],[-84.6868286676516,33.6017792464652],[-84.6868263759993,33.6017640305779],[-84.6868187891098,33.6017530693709],[-84.6868085883356,33.6017442903631],[-84.6867984390098,33.6017333119762],[-84.6867873176324,33.601718901428],[-84.6857990699822,33.6017230034239],[-84.6858070371125,33.6080047512004],[-84.6858083703682,33.6090554263867],[-84.6858093380486,33.6098180284035],[-84.6852301083626,33.609818916014],[-84.6853110754953,33.6101297256034],[-84.6853159034248,33.6101430716331],[-84.6853202234488,33.6101565397133],[-84.6853240300874,33.610170114539],[-84.6853273200373,33.6101837844022],[-84.6853298081677,33.6101960032426],[-84.6853321129344,33.6102098133876],[-84.6853338932255,33.6102236780281],[-84.6853351467993,33.6102375827469],[-84.6853358179555,33.6102499642916],[-84.6853360738805,33.6102639074565],[-84.6853358006838,33.6102778492332],[-84.6853350172627,33.6102915262566],[-84.6853341701599,33.6103010477763],[-84.6853329082524,33.6103118423818],[-84.6853315733868,33.6103210711024],[-84.6853297216548,33.6103318050643],[-84.685326876034,33.6103455448337],[-84.6853240184587,33.6103549494514],[-84.6853213572488,33.6103643938205],[-84.6853188913103,33.6103738752408],[-84.6853166227879,33.6103833918999],[-84.6853145516545,33.6103929392896],[-84.6853126789769,33.6104025156022],[-84.6853110058114,33.6104121172265],[-84.685309532147,33.6104217423592],[-84.6853082568795,33.6104313864967],[-84.685307183236,33.6104410487238],[-84.6853063101122,33.6104507245368],[-84.6853056374973,33.6104604121324],[-84.6853051653643,33.6104701070025],[-84.6853048947856,33.6104798082408],[-84.6853048257342,33.6104895113392],[-84.6853049581994,33.6104992144943],[-84.685305291082,33.6105089141042],[-84.6853058254435,33.6105186074594],[-84.6853065612625,33.6105282909532],[-84.6853074974504,33.610537962787],[-84.6853086339913,33.6105476202558],[-84.6853099708582,33.6105572588514],[-84.6853115069627,33.610566876775],[-84.6853132433663,33.6105764713172],[-84.6853151778924,33.6105860388805],[-84.6853173105246,33.6105955767598],[-84.6853196401694,33.6106050822548],[-84.6853221678882,33.610614552656],[-84.685324890432,33.6106239852721],[-84.6853278088568,33.6106333764919],[-84.6853309209915,33.6106427236196],[-84.6853342279027,33.6106520248473],[-84.6853377263308,33.6106612756803],[-84.6853414162704,33.610670475217],[-84.6853452955448,33.6106796198599],[-84.6853493824192,33.6106887005158],[-84.6853555847595,33.6107019325799],[-84.685363866316,33.6107188410269],[-84.6853724909237,33.6107356299169],[-84.6853814553174,33.6107522938534],[-84.6853907583819,33.6107688265294],[-84.6854003947131,33.6107852252625],[-84.6854105905808,33.6108018443595],[-84.6854218275493,33.6108193805904],[-84.6854336927521,33.6108370918134],[-84.6854489941031,33.6108671450307],[-84.6854614437806,33.6108922961359],[-84.6854760214083,33.6109226003423],[-84.6854878656092,33.6109479541533],[-84.6854971420056,33.6109683027751],[-84.6855084871498,33.6109938155665],[-84.6855510741965,33.6110967043626],[-84.6855706792242,33.6111486183909],[-84.6856148900893,33.6112852604576],[-84.6856139015028,33.6112853746079],[-84.6856129864237,33.6112857066525],[-84.6856122559538,33.6112862741587],[-84.6856116421851,33.6112872541374],[-84.6856115431872,33.6112883572879],[-84.6856250642804,33.6113367289434],[-84.6856338561487,33.6113688219575],[-84.6856424930152,33.6114009435727],[-84.6856551609534,33.6114491853569],[-84.6856634124564,33.6114813762116],[-84.6856755012629,33.6115297205075],[-84.685687241277,33.61157812307],[-84.6856986335758,33.6116265838947],[-84.685709677081,33.6116751029863],[-84.6857168445387,33.6117074769142],[-84.6857238569659,33.6117398749353],[-84.6857340854803,33.6117885200697],[-84.6857407081481,33.6118209738246],[-84.6857503520119,33.6118697007567],[-84.6857596448645,33.6119184760471],[-84.685765626278,33.6119509171626],[-84.6857695085115,33.611993257439],[-84.6857728268065,33.6120357218063],[-84.685775156619,33.6120711275873],[-84.6857774277386,33.6121136405298],[-84.6857791256585,33.6121561712057],[-84.6857802525007,33.6121987141962],[-84.6857808060876,33.6122412659037],[-84.6857807874742,33.6122838227171],[-84.6857804574917,33.6123121895481],[-84.6857800429504,33.6123334615402],[-84.6857792668048,33.612361825735],[-84.6857785209409,33.612383017066],[-84.6857732513268,33.612431751574],[-84.6857693996026,33.612464257394],[-84.685765279412,33.6124967417988],[-84.685760892883,33.612529200271],[-84.6857538101118,33.6125778468096],[-84.6857487560973,33.6126102368505],[-84.6857434367939,33.6126425964461],[-84.6857349564107,33.6126910838431],[-84.6857258774487,33.6127394926011],[-84.6857162031234,33.6127878200015],[-84.6857059323293,33.6128360615406],[-84.6856950661106,33.6128842118039],[-84.6856836055277,33.6129322680816],[-84.6856756371651,33.6129642456624],[-84.6856674055685,33.6129961765587],[-84.6856545640965,33.6130439897676],[-84.6856456786673,33.6130757944674],[-84.6856318564153,33.6131234134223],[-84.6856174471759,33.61317091131],[-84.6856074929861,33.6132025870441],[-84.6856034270537,33.6132193245555],[-84.6855970932899,33.6132442622947],[-84.6855904401699,33.6132691391584],[-84.6855834655167,33.6132939515491],[-84.6855736678867,33.6133269403474],[-84.6855633026514,33.6133598043911],[-84.6855523741044,33.6133925409573],[-84.6855408822074,33.6134251437342],[-84.685531896042,33.6134495020056],[-84.6855257339584,33.6134656883732],[-84.685512984612,33.6134979655111],[-84.6854996803944,33.6135300853804],[-84.6854928263396,33.6135460753808],[-84.6854822802928,33.613569994769],[-84.6854714276022,33.6135938171609],[-84.685464022926,33.6136096399563],[-84.6854564821892,33.613625417337],[-84.6854449157176,33.6136490010741],[-84.6854290189678,33.6136802851459],[-84.685416746182,33.6137036175733],[-84.6854083997591,33.6137191061906],[-84.685395623664,33.6137422540821],[-84.6853869466818,33.6137576115396],[-84.6853691845229,33.6137881884064],[-84.6853555225488,33.6138109739329],[-84.6853462535471,33.6138260904207],[-84.6853320999921,33.6138486706231],[-84.6853225068473,33.6138636478086],[-84.6853127840259,33.6138785660273],[-84.6852979582863,33.6139008361667],[-84.6852777400136,33.6139303259932],[-84.6852674475961,33.6139449688838],[-84.6852517669233,33.6139668260333],[-84.6852305174193,33.6139956177791],[-84.6852273354274,33.6139989185846],[-84.6850631827081,33.6141692438444],[-84.6850524556956,33.6141806082857],[-84.6850339578276,33.6142006549511],[-84.6850157931885,33.6142209211249],[-84.6849954543233,33.6142443359998],[-84.6849780272981,33.6142650463024],[-84.6849657880185,33.6142799669228],[-84.6849513430464,33.6142980003103],[-84.6849395005871,33.6143131419764],[-84.6849255302942,33.614331441166],[-84.68478176763,33.6145258127453],[-84.6844426967374,33.6149444277884],[-84.6840196874365,33.6154235573974],[-84.6839365645793,33.6155612536424],[-84.6855272432919,33.6155631797963],[-84.6906019320944,33.6155859099862],[-84.6905961611068,33.615093102435],[-84.6905889453606,33.6144387986293],[-84.6905830985417,33.6139774124746],[-84.690583063594,33.6139746643525],[-84.6905816011056,33.6138497901593],[-84.6905815617474,33.6138464911394],[-84.69718170699,33.6138591218998],[-84.6970938174111,33.6139496651191],[-84.6970903534734,33.6139533091666],[-84.6966177543379,33.6144503559469],[-84.6966002555944,33.6144687590199],[-84.695887860064,33.6152108760058],[-84.695858710624,33.6152399350809],[-84.6947134188679,33.6163816696529],[-84.693891420782,33.6172046460116],[-84.6937023325789,33.6173939561674],[-84.6936163174873,33.6174800716706],[-84.693561321717,33.6175351369664],[-84.6935352593673,33.6175615260428],[-84.6935095443931,33.6175881525747],[-84.6934841810888,33.617615013839],[-84.693467467699,33.6176330497514],[-84.6934509133478,33.6176511877738],[-84.6934263809406,33.6176785828785],[-84.6934102246973,33.6176969716655],[-84.6933942317759,33.6177154580362],[-84.693370544178,33.6177433706932],[-84.6933472253731,33.6177714981743],[-84.6933318846242,33.6177903685732],[-84.6933167104087,33.6178093329356],[-84.6933017016325,33.6178283885613],[-84.6932868593788,33.6178475363475],[-84.6932721857867,33.6178667735801],[-84.6932576808617,33.6178861011608],[-84.693236241315,33.6179152575323],[-84.6932221612446,33.6179348033057],[-84.6932082519694,33.6179544349101],[-84.693194515634,33.6179741505331],[-84.6931809511664,33.6179939510808],[-84.693160930854,33.6180238046945],[-84.6931413039264,33.6180538405698],[-84.6931352361317,33.6180633735282],[-84.6931220714398,33.6180840550956],[-84.6931032366055,33.6181144446517],[-84.6930848015573,33.6181450056227],[-84.6930667695013,33.6181757334867],[-84.6930491404159,33.6182066246374],[-84.6930319185956,33.6182376763515],[-84.6930151050966,33.6182688850183],[-84.6929987009641,33.6183002452234],[-84.6929880007015,33.6183212390844],[-84.6927520158698,33.6187903601208],[-84.692558634238,33.6191747867209],[-84.6922768908074,33.6197348582001],[-84.6921682334977,33.6199508551018],[-84.6923473085146,33.6199491275607],[-84.6955125533458,33.6199188157123],[-84.6955316606965,33.6211362809561],[-84.6955387207856,33.6215860800656],[-84.6955441843498,33.621938604754],[-84.6955528327599,33.6224966316088],[-84.6939827014279,33.6220364831612],[-84.6916423252765,33.6213505569295],[-84.6915810557871,33.6214723394114],[-84.6914935504532,33.6216462663179],[-84.6913288585492,33.6219735191671],[-84.6913192713512,33.6219922963769],[-84.6912998582264,33.622029763444],[-84.6912801264405,33.6220671146434],[-84.6912600781322,33.6221043472609],[-84.6912397143735,33.6221414603903],[-84.6912294141933,33.6221599710198],[-84.6912085783088,33.6221969004038],[-84.6911874290904,33.6222337039787],[-84.6911659686932,33.622270381735],[-84.6911441960227,33.6223069309724],[-84.6911230533931,33.6223418067541],[-84.6910997224338,33.6223796357381],[-84.6910884119461,33.6223977286615],[-84.6910655586237,33.6224338136023],[-84.6910424005164,33.622469760975],[-84.6910307074391,33.6224876832975],[-84.6909999518493,33.6225340942021],[-84.6909831741894,33.6225590196456],[-84.6909589535782,33.6225944746907],[-84.6909467308461,33.6226121476866],[-84.6909220605288,33.622647384625],[-84.6908970907483,33.6226824731518],[-84.6908718247374,33.622717413253],[-84.690846261402,33.6227522022283],[-84.6908312814107,33.6227723249927],[-84.6907942513292,33.6228213186485],[-84.690781066335,33.6228385006931],[-84.6907544768266,33.6228727466886],[-84.69072759641,33.6229068334152],[-84.6907140480527,33.6229238168231],[-84.6906867361724,33.62295767274],[-84.6906868870652,33.6229825985503],[-84.6906680704741,33.6230067012564],[-84.6906490808641,33.6230307109198],[-84.6906170475742,33.6230705116453],[-84.690511352386,33.6231960307135],[-84.6904909998721,33.6232192454489],[-84.6904704785842,33.6232423563029],[-84.690435909644,33.6232806430092],[-84.6904149469049,33.6233034753065],[-84.690393820764,33.6233262009944],[-84.6903725301381,33.6233488191756],[-84.6903517109558,33.6233706229595],[-84.6903438894293,33.6233788134139],[-84.6901846945751,33.6235434203494],[-84.6900833403398,33.6236482194147],[-84.6899346849675,33.6235398077392],[-84.6897064424579,33.6233733534628],[-84.6877678410872,33.6219595095535],[-84.6867726527339,33.6219678037531],[-84.6862462834315,33.6219721873037],[-84.6862384353158,33.6222837681098],[-84.6862209274675,33.6229787997769],[-84.6862106176829,33.6233880877892],[-84.6862036746152,33.623663736185],[-84.6862025896087,33.6237068879876],[-84.6861881835444,33.6242787817885],[-84.6861861263284,33.624360358398],[-84.6861639881244,33.6252391842391],[-84.685060275375,33.6252569336738],[-84.6846004070142,33.6252643262399],[-84.6843902731926,33.6252490906516],[-84.6843309843359,33.6250747157177],[-84.6843193349853,33.6250396871128],[-84.6843080160755,33.6250045822856],[-84.6842970297723,33.6249694030304],[-84.6842863750246,33.6249341538601],[-84.6842786030242,33.6249076703054],[-84.684268530664,33.6248723005779],[-84.684261195746,33.6248457304363],[-84.6842517090541,33.6248102482532],[-84.6842425571924,33.6247747033549],[-84.6842337412652,33.6247391002451],[-84.684213003625,33.6246802219224],[-84.684191613841,33.6246215068203],[-84.6841695741022,33.6245629603393],[-84.6841468876754,33.6245045878752],[-84.6841235535111,33.6244463939405],[-84.6840995759484,33.6243883830249],[-84.6840749560985,33.6243305605334],[-84.6840533823335,33.6242812451007],[-84.6840290294946,33.6242269713263],[-84.6840026239115,33.6241697035974],[-84.6839755847752,33.6241126422877],[-84.6839534982856,33.6240671466182],[-84.68393100847,33.6240217887822],[-84.6839023323901,33.6239652906265],[-84.6838730314907,33.6239090168853],[-84.683849141481,33.6238641626058],[-84.6838187222419,33.6238083064883],[-84.6837475027579,33.6236791201328],[-84.6836933421904,33.6235808778056],[-84.6836928224481,33.6235799341344],[-84.683593106172,33.6233990554782],[-84.6831280473243,33.6225554597706],[-84.6826972705035,33.6217373371674],[-84.6826696493477,33.621684878253],[-84.6826553668889,33.6216583153433],[-84.6826443643909,33.6216384949079],[-84.6826331038372,33.6216187756323],[-84.6826254566758,33.6216056865368],[-84.6826137725283,33.6215861412441],[-84.6826018357463,33.6215667024985],[-84.6825896485017,33.621547372996],[-84.6825772108107,33.6215281554414],[-84.6825645248449,33.6215090525306],[-84.6825515916876,33.6214900651606],[-84.6825428341761,33.621477472097],[-84.6825294926651,33.6214586838919],[-84.6825159093891,33.6214400175164],[-84.682502084359,33.6214214747738],[-84.682488019752,33.6214030592614],[-84.6824737177341,33.6213847727736],[-84.6824640523624,33.6213726541583],[-84.6824542817192,33.6213605936875],[-84.6824394308193,33.6213426160499],[-84.6824294013351,33.6213307054308],[-84.6824141638039,33.6213129548179],[-84.682398698621,33.6212953431067],[-84.682383004725,33.6212778730066],[-84.6823670864375,33.6212605463027],[-84.682356349351,33.6212490759343],[-84.6823400585399,33.6212319924256],[-84.6823235476806,33.6212150577048],[-84.6819362709335,33.6208250876276],[-84.6815811857228,33.6204534059626],[-84.6814672808914,33.6203335144055],[-84.6812692416403,33.6201366921749],[-84.6810479968989,33.6199169484685],[-84.6810240467843,33.6198943748481],[-84.681000913821,33.6198711107576],[-84.6809860461355,33.6198567441688],[-84.680975298842,33.6198447651804],[-84.6809521638644,33.6198211575552],[-84.6809331513238,33.6198002810545],[-84.6809141367518,33.6197790610255],[-84.6808951221892,33.6197578409935],[-84.6808769268148,33.619736274019],[-84.6807760832203,33.6196264189147],[-84.6807554262892,33.6196052056868],[-84.6807339481503,33.6195839958685],[-84.6807124720618,33.6195631295714],[-84.6806909980233,33.6195426067957],[-84.6806687027777,33.6195220874287],[-84.6806464095822,33.6195019115828],[-84.6806241163916,33.619481734831],[-84.6806010040395,33.6194619059142],[-84.6805778926594,33.6194424205226],[-84.6805547823674,33.619422935122],[-84.6805267284769,33.6194007219858],[-84.6805036284021,33.6193829542013],[-84.6804830042171,33.6193672373294],[-84.6804623820782,33.6193518639791],[-84.6804409428085,33.619337181087],[-84.6804186823306,33.619322501602],[-84.6803964259371,33.6193085091634],[-84.6803741715892,33.6192948602459],[-84.6803510980715,33.6192815582601],[-84.680335441992,33.6192726914039],[-84.6803239062573,33.6192662121705],[-84.6803000176544,33.619253944161],[-84.6802843656611,33.6192457643487],[-84.6802728340097,33.6192399721609],[-84.6802481282824,33.6192283946017],[-84.6802234245995,33.6192171605628],[-84.6802069575187,33.619210014726],[-84.6801946087382,33.6192049129908],[-84.6801781436998,33.6191981106753],[-84.6801608574496,33.6191913117669],[-84.6801443944538,33.6191848529721],[-84.6801312285412,33.6191804416902],[-84.680113946373,33.6191743298256],[-84.6800966642071,33.6191682179586],[-84.6800843215505,33.619164146788],[-84.6800670423853,33.6191587219718],[-84.6800489430861,33.6191533005572],[-84.6800357812571,33.6191495763156],[-84.6800094576025,33.619142127828],[-84.6799617396249,33.6191275539134],[-84.6799140236998,33.6191133235055],[-84.6798654906495,33.6190997835369],[-84.6798375245976,33.619092341827],[-84.6798103797636,33.6190848967038],[-84.6797618528527,33.61907238727],[-84.6797338908899,33.619065632587],[-84.6797059289314,33.6190588778977],[-84.679656586938,33.6190474015027],[-84.6796072490334,33.61903661304],[-84.679557913176,33.6190261680828],[-84.6795299593835,33.6190207874546],[-84.6795020024818,33.6190150632992],[-84.6794518535751,33.6190059958055],[-84.6794296584558,33.6190023089487],[-84.679404995632,33.6189979452502],[-84.6793647175682,33.6189915850718],[-84.679325264791,33.6189859085271],[-84.6792849928406,33.6189805788986],[-84.6792595149193,33.6189772491503],[-84.6792397915874,33.6189749261506],[-84.6792085651837,33.6189716202138],[-84.6791921307705,33.6189699706453],[-84.6791748771793,33.6189686680026],[-84.6791576235886,33.6189673653575],[-84.6791403699983,33.61896606271],[-84.679123118442,33.6189651035854],[-84.6791058668859,33.6189641444584],[-84.6790746506568,33.6189625561143],[-84.6790467253767,33.6189619847307],[-84.6790196213089,33.6189614099392],[-84.6789884132135,33.6189611956745],[-84.6789604929546,33.6189616548519],[-84.6787469940383,33.6189652872102],[-84.678719896066,33.6189657429289],[-84.6786919809445,33.618966889092],[-84.6786648870344,33.6189680318493],[-84.6786304083072,33.618970235769],[-84.6786033184577,33.6189720655636],[-84.6785688437895,33.6189749565169],[-84.6785351943933,33.6189785311128],[-84.6785081126627,33.6189817349879],[-84.6784810309301,33.6189849388572],[-84.6784539532569,33.6189888297712],[-84.6784268745034,33.6189927206838],[-84.6783932372769,33.6189983563932],[-84.6783661656864,33.6190032778642],[-84.6783325325122,33.6190096006079],[-84.6783062841575,33.619014862194],[-84.6782792186468,33.619020814222],[-84.6782529743452,33.6190267628476],[-84.6782332936539,33.6190316537198],[-84.6782136129604,33.6190365445889],[-84.6781939342943,33.6190417789802],[-84.6781742556258,33.6190470133684],[-84.6781480194268,33.6190543360732],[-84.6781291639953,33.6190599105838],[-84.6781094893773,33.6190658320125],[-84.678089816786,33.6190720969634],[-84.6780709633812,33.6190780158921],[-84.6775644214071,33.6192443183542],[-84.6775258972747,33.619256844689],[-84.6774980266331,33.6192655481419],[-84.6774750711166,33.6192721700876],[-84.6774529388388,33.6192791321631],[-84.6774242429137,33.61928715194],[-84.6774021086012,33.6192937704811],[-84.6773734106399,33.6193014467209],[-84.6773447115957,33.6193091229586],[-84.6773160115979,33.6193164556599],[-84.6772766499719,33.6193262371047],[-84.6772364671209,33.6193360219271],[-84.6771954589932,33.6193451230752],[-84.6771552700471,33.6193538772951],[-84.6771323023271,33.6193584380252],[-84.6771085154138,33.6193633456654],[-84.6769042613504,33.6194030077403],[-84.6768763703525,33.6194082757999],[-84.6768533985539,33.6194121494276],[-84.6768255035012,33.6194167304249],[-84.6767976053436,33.619420967895],[-84.6767688829958,33.6194245216904],[-84.6767409798385,33.6194277285671],[-84.6767122534383,33.6194305952985],[-84.6766843442056,33.6194327715863],[-84.6766556137543,33.6194349512538],[-84.6766383722452,33.6194357094104],[-84.6766211307357,33.6194364675646],[-84.6764651338952,33.6194429507039],[-84.67644296508,33.6194437291419],[-84.6764207942416,33.6194441640505],[-84.6763978001632,33.619444258814],[-84.6763756273018,33.6194443501891],[-84.676345240247,33.6194441318749],[-84.6763230653631,33.6194438797151],[-84.67630006724,33.6194432874096],[-84.6762704962807,33.619442378647],[-84.6762401011385,33.6194407862051],[-84.6762105272145,33.6194391903728],[-84.6761801280308,33.6194369108654],[-84.6761579450623,33.6194352845742],[-84.6761283650767,33.6194326581458],[-84.676097959833,33.6194293480417],[-84.6748822913959,33.6192979607073],[-84.674331177457,33.6192383932518],[-84.6742891053035,33.6208868301688],[-84.6741322655911,33.6208845884417],[-84.6740029238906,33.6208827341493],[-84.6734883164233,33.6208753566164],[-84.6732740511543,33.6208722842347],[-84.6733238612377,33.621491286689],[-84.6733467714689,33.6217759958082],[-84.67337902106,33.6221767548841],[-84.6725190905222,33.6221914816966],[-84.6718479699123,33.6222029708424],[-84.6718290305736,33.6219795619339],[-84.6718123066037,33.6217822723664],[-84.6717897978669,33.6215167441858],[-84.6717831680389,33.6214385276179],[-84.6717117294982,33.6206705723301],[-84.6717061144772,33.6206120231959],[-84.6717035164662,33.6205825421939],[-84.6717007921101,33.6205495082515],[-84.6716719234299,33.6201860979212],[-84.6713435582609,33.6201971878743],[-84.6713730212204,33.6205677487596],[-84.6713768461353,33.6206135890543],[-84.6713799510336,33.62064795411],[-84.6713844040516,33.6206937539709],[-84.6714554676708,33.6214579763003],[-84.6716965109645,33.6243012464542],[-84.6717996769621,33.6254476068999],[-84.6718102723913,33.6255653361148],[-84.6718572236743,33.6261245836975],[-84.6713056290931,33.6261277967971],[-84.6710427883678,33.6261293252404],[-84.6710451907039,33.6265415673622],[-84.6718917485708,33.626535803721],[-84.6719972994381,33.6277933666726],[-84.6720014987538,33.6278511523891],[-84.6720058844909,33.6279089292281],[-84.672010457717,33.6279666953821],[-84.6720152162822,33.6280244517614],[-84.672020162332,33.6280821965539],[-84.672025293711,33.6281399297683],[-84.6720306125753,33.6281976513959],[-84.6720361167696,33.6282553614454],[-84.6720418084393,33.6283130581047],[-84.6720476854293,33.6283707413826],[-84.6720537336597,33.628428399615],[-84.6721770005471,33.6298914343167],[-84.6721858730247,33.6299926429858],[-84.6722705305132,33.6309238256177],[-84.6722795707895,33.6310116520107],[-84.6722882275205,33.631099506118],[-84.6722924120541,33.6311434432265],[-84.6723004923686,33.6312313357543],[-84.6723081880306,33.6313192514928],[-84.6723118920235,33.6313632185153],[-84.6723190123215,33.6314511690636],[-84.6723224275485,33.6314951525937],[-84.672328970303,33.6315831343541],[-84.6723351294573,33.6316711357146],[-84.6723380641008,33.6317151428477],[-84.6723409028438,33.6317591548809],[-84.6723462925486,33.6318471801228],[-84.6723912280131,33.6323241684264],[-84.6724603649566,33.6331651405642],[-84.6724671641133,33.6332510203719],[-84.6724725163959,33.6333145313626],[-84.6724781391523,33.6333780268195],[-84.6724840302168,33.633441504948],[-84.6724933683666,33.6335366822177],[-84.672505638661,33.6336554935663],[-84.6725173982666,33.6337693622882],[-84.672531280848,33.6339037856156],[-84.6725367359832,33.6339585076806],[-84.672541792447,33.6340132557206],[-84.6725464502387,33.6340680297357],[-84.672550710409,33.6341228252133],[-84.6725545708015,33.6341776421622],[-84.672559074539,33.634249020902],[-84.6725669428449,33.6343737407926],[-84.672895867011,33.6343714705117],[-84.6729872824368,33.6343708906722],[-84.6730906527184,33.6343702410691],[-84.6730939185681,33.6343701961364],[-84.6730971962909,33.6345896795657],[-84.6730976780873,33.6346219020699],[-84.6730988287869,33.6346989767844],[-84.673108976039,33.6353780909022],[-84.6731098091634,33.6354338696679],[-84.6731141830215,33.6357266040384],[-84.6731165254309,33.6358833248084],[-84.6731242649504,33.6364013127926],[-84.6731300070809,33.636785601591],[-84.6731332076179,33.6369997726623],[-84.6731343192345,33.6370742065416],[-84.6731396925664,33.6374337759683],[-84.6731483467156,33.6379976311721],[-84.6730992758368,33.6388145845165],[-84.6730965343363,33.6388602188794],[-84.6730663535196,33.63936267663],[-84.673036758794,33.6396993841621],[-84.673033014197,33.6397419849305],[-84.6728757547338,33.6415311212235],[-84.6728235070637,33.6420348817833],[-84.6727801123603,33.6424532873432],[-84.6727069927339,33.643156018722],[-84.6726996613944,33.643226472896],[-84.6726525633612,33.643679117807],[-84.6725565868187,33.6446011279387],[-84.6725563265828,33.6446036356183],[-84.6724340608931,33.6457758618115],[-84.6724269569311,33.6458439743029],[-84.6722631997845,33.6474211050041],[-84.6722264593537,33.6477749573612],[-84.6722232747278,33.6477965443914],[-84.6722027426006,33.6479295401764],[-84.6721948526856,33.6479820300869],[-84.672180235603,33.6480845282924],[-84.6721786627161,33.6480981858485],[-84.672176524881,33.6481149744729],[-84.6721724738904,33.6481429091193],[-84.6721687942502,33.6481652095803],[-84.6721647262177,33.6481874629395],[-84.6721602697665,33.6482096646886],[-84.6721554270154,33.6482318085074],[-84.6721501968703,33.6482538916953],[-84.6721445836063,33.6482759079231],[-84.6721385850512,33.6482978544948],[-84.6721322043967,33.6483197241839],[-84.6721236934473,33.6483469485209],[-84.6721164578446,33.6483686323557],[-84.6721068824238,33.6483956076769],[-84.6720987992703,33.6484170803806],[-84.672093031725,33.6484374210514],[-84.6720870957917,33.6484577272455],[-84.672080988231,33.6484779980745],[-84.6720739819001,33.6485005456608],[-84.6720666284769,33.6485234724607],[-84.6720582812738,33.6485486529628],[-84.6720514147956,33.6485687528721],[-84.6720425936338,33.6485938198981],[-84.6720335111877,33.6486188221702],[-84.6720241674361,33.6486437560818],[-84.6720145634568,33.6486686216285],[-84.6720066928085,33.648688462355],[-84.6719966212371,33.6487131972676],[-84.671986291562,33.6487378583964],[-84.6719757037619,33.6487624421349],[-84.6719670479737,33.6487820534394],[-84.6719582290862,33.6488016131136],[-84.671946974868,33.6488259894865],[-84.6719354668049,33.6488502830413],[-84.6719260775709,33.6488696556956],[-84.6719286954098,33.6488955226222],[-84.6719313240443,33.6489258202589],[-84.6717370638484,33.649197266904],[-84.671667155579,33.6492970767333],[-84.671647291682,33.6493238983803],[-84.6716338619875,33.6493416807576],[-84.6716202819649,33.6493593834997],[-84.6716065537651,33.6493770056962],[-84.67159267631,33.6493945473513],[-84.6715786528232,33.6494120066486],[-84.6715644822161,33.6494293817891],[-84.6715501655772,33.6494466745716],[-84.6715357028855,33.6494638813896],[-84.6715137394511,33.6494895313164],[-84.6714989164784,33.649506523203],[-84.6714764163641,33.6495318453073],[-84.6714612384638,33.6495486159286],[-84.6714459198798,33.6495652969566],[-84.6714304606016,33.6495818865878],[-84.6714148627904,33.649598385715],[-84.6713991264306,33.6496147916333],[-84.6713752626562,33.6496392266434],[-84.6713591831536,33.6496553986243],[-84.6713429672477,33.6496714755841],[-84.6713266170844,33.6496874557105],[-84.6713101326688,33.6497033399052],[-84.6712935139904,33.6497191263648],[-84.6712767632053,33.6497348150806],[-84.6712598803031,33.649750404249],[-84.6712343111928,33.6497736010003],[-84.6712171033749,33.6497889390244],[-84.6711997666582,33.6498041747829],[-84.6711823010481,33.6498193091774],[-84.671164709763,33.6498343394899],[-84.6711380855802,33.6498566902618],[-84.6711201790242,33.6498714594715],[-84.671102150017,33.6498861227823],[-84.6710748746073,33.649907917169],[-84.6710565389172,33.6499223130299],[-84.6710380829163,33.6499366002782],[-84.6710195065993,33.6499507780121],[-84.6710008110444,33.6499648462272],[-84.6709725460156,33.6499857411656],[-84.67095355773,33.6499995310533],[-84.6709344534302,33.6500132096054],[-84.6709152341839,33.6500267750144],[-84.6708959010692,33.6500402272757],[-84.6708764551536,33.6500535645816],[-84.6708470774792,33.6500733558897],[-84.6708273538687,33.6500864048878],[-84.6708075206813,33.6500993371138],[-84.6707875789951,33.6501121525633],[-84.6707675298828,33.6501248503303],[-84.6707372570746,33.6501436750768],[-84.6707169431525,33.650156075466],[-84.6706965261012,33.65016835545],[-84.6706760059207,33.6501805150287],[-84.6706450351063,33.6501985274982],[-84.6706242619387,33.6502103833387],[-84.6706033888605,33.6502221160558],[-84.6705824180281,33.6502337256404],[-84.6705613505143,33.6502452111866],[-84.6705295791632,33.6502622089166],[-84.6695492890949,33.650650773224],[-84.6694059985934,33.6507047829075],[-84.668910044427,33.6508833823396],[-84.6689090729033,33.6508837316219],[-84.668443125071,33.6510514919648],[-84.6674505994523,33.6514088351191],[-84.667067736978,33.6515467676518],[-84.6666223926432,33.6517072289889],[-84.6659183236898,33.6519609059234],[-84.664809892714,33.6523604400591],[-84.664588633052,33.652439890264],[-84.6632905668066,33.6529060415498],[-84.6628875221159,33.6530507758344],[-84.6633375871603,33.6569597836145],[-84.6632999920602,33.6569569384432],[-84.6630434650231,33.6569238905597],[-84.6629088794478,33.6568939250725],[-84.6627487369775,33.6568772532664],[-84.6623774846961,33.656838892813],[-84.6620739351336,33.6568582483252],[-84.6616793865256,33.6568837390309],[-84.6614027881952,33.6569612474598],[-84.661261596986,33.6570010201664],[-84.6610395710306,33.6570635619014],[-84.6606405863257,33.6571756371035],[-84.6602314311219,33.6572907748902],[-84.659842224753,33.6574465055716],[-84.659516716642,33.6575923621962],[-84.6590210372621,33.6578076022486],[-84.6586765310494,33.6579073619905],[-84.6583777263447,33.6580684997533],[-84.6581205326151,33.6582074853265],[-84.657779458994,33.6583913248403],[-84.6576506973805,33.6584608177268],[-84.6575543709371,33.6585128680313],[-84.6574629593928,33.6585621495897],[-84.6573201089198,33.6586393928244],[-84.6572860557072,33.6586615149305],[-84.6572605508438,33.6586844263165],[-84.6571755325388,33.6587600657272],[-84.6571013041229,33.6588260442782],[-84.6570022262591,33.6589143815054],[-84.6569436938315,33.6589665555202],[-84.6568697923559,33.6590322576292],[-84.6567349586654,33.6590745651878],[-84.6566335340679,33.6591549416611],[-84.6565321918253,33.6592498840215],[-84.6565015955877,33.6593602105009],[-84.6563704695154,33.6594769817838],[-84.6562825076731,33.6595553804949],[-84.6561909448952,33.6596365416588],[-84.6560536066967,33.659759108722],[-84.6559479865354,33.6598532425192],[-84.6558780701453,33.659926623015],[-84.6558591555574,33.659952531291],[-84.6557923033949,33.6600445873888],[-84.6557111019102,33.6601564880197],[-84.6556377263258,33.6602573646184],[-84.6555809856904,33.6603359152322],[-84.6555040224817,33.6604417524389],[-84.655407492728,33.6605746004037],[-84.6553357487832,33.6606735462294],[-84.6552571557371,33.6607818638738],[-84.6551971512566,33.66086454869],[-84.6551475803615,33.6609326268544],[-84.6550879003532,33.6610147612244],[-84.6550318102351,33.6610922089877],[-84.6549496274932,33.6612052121079],[-84.6549088633512,33.6612614373487],[-84.6549020733221,33.6612812519654],[-84.6548540737933,33.6613366816496],[-84.6548038534675,33.6614061354645],[-84.6547275414382,33.6615111454916],[-84.6546655778149,33.6615963119313],[-84.6546344447351,33.6616703627155],[-84.6545877421542,33.6617810272807],[-84.6545481797252,33.6618754491217],[-84.654511615639,33.6619772788631],[-84.6544758674548,33.662048874569],[-84.6544421254494,33.662126508869],[-84.6543999638675,33.6622264365232],[-84.6543681803649,33.6623018648306],[-84.6543023438144,33.6624579509741],[-84.6542738016946,33.6625253958082],[-84.6542274250455,33.6626355089292],[-84.6541904518766,33.6627230497972],[-84.6541609380072,33.6627929716846],[-84.6541178015801,33.6628951022244],[-84.6517447956433,33.6633499205884],[-84.648352273167,33.663919406899],[-84.6471572731987,33.6649204067205],[-84.6455622732374,33.6658224068674],[-84.6446682727106,33.6673234072453],[-84.6438702726677,33.6672244077085],[-84.6406622715233,33.6644494065668],[-84.6371672703604,33.6620624066444],[-84.6318302684133,33.6549574053307],[-84.6316222681811,33.6532564050423],[-84.6300122674306,33.6516554047501],[-84.6293792671879,33.6497184038381],[-84.6266562666902,33.6491824041649],[-84.6262912657691,33.6491184037803],[-84.6259512665032,33.6490714040453],[-84.6253792654977,33.649027404011],[-84.6247692653123,33.6490254044855],[-84.6242152653607,33.6490674040986],[-84.6239512653536,33.6491064039092],[-84.6236052656381,33.6491594042915],[-84.6231662654469,33.6492594045249],[-84.6227562649967,33.6493824040157],[-84.6223352651035,33.649535404012],[-84.621827265073,33.6497634048481],[-84.6214962650442,33.6499194040678],[-84.6160772633185,33.6527514053202],[-84.6155202635212,33.6529884055031],[-84.6152172635912,33.6530794054069],[-84.6149682627224,33.6531394053003],[-84.6147052632286,33.6531914053908],[-84.6143952634288,33.6532364051338],[-84.6139602624577,33.6532744050949],[-84.6135612632137,33.6532734054588],[-84.6131102628178,33.653235405096],[-84.6127042621457,33.6531694055376],[-84.6122922626197,33.6530694056634],[-84.610165261781,33.6523604052339],[-84.6068112608158,33.6512204053789],[-84.6062112611084,33.65104240499],[-84.605789259942,33.6509564054746],[-84.6054692605859,33.6509224056705],[-84.6051382600546,33.6509124057344],[-84.6049542605317,33.6509144052524],[-84.6044442604487,33.650970405727],[-84.6040062603523,33.6510604053878],[-84.603220260056,33.6512574050372],[-84.6020803612543,33.65154238022],[-84.6021821144496,33.6513904352101],[-84.6023882707552,33.6510544192736],[-84.6024461558986,33.6509662706895],[-84.6025040426515,33.6508784647036],[-84.6025627536209,33.6507909993175],[-84.6026222888139,33.6507038763331],[-84.6027030364432,33.6505881652298],[-84.6027642185082,33.6505020651642],[-84.603658918327,33.6492109962297],[-84.6037103046284,33.6491376419509],[-84.6037633431922,33.6490663421083],[-84.6038172066529,33.6489957272946],[-84.603872719321,33.648926136324],[-84.6039347683606,33.648850338607],[-84.6039870434715,33.6487903788755],[-84.6040466742381,33.6487224918286],[-84.6046684660971,33.6480548660891],[-84.6047256587603,33.6479928274194],[-84.6048008146135,33.6479090833543],[-84.6048653435261,33.6478353402832],[-84.6050523627652,33.6476179058086],[-84.6051177109797,33.6475438125591],[-84.6051773485532,33.6474786741073],[-84.6054665802579,33.6471667500351],[-84.6055654377648,33.6470599001195],[-84.6056373228176,33.6469792580522],[-84.6057328874249,33.6468707083362],[-84.6059485072607,33.6466229399629],[-84.606280902955,33.6462387194395],[-84.6069563182223,33.6454602699625],[-84.6070273612827,33.6453765373716],[-84.6070747127589,33.6453186559597],[-84.6071278190462,33.6452614419977],[-84.6071825874312,33.6452079973548],[-84.607252908615,33.645144536594],[-84.6073134348167,33.6450927917487],[-84.6073756102028,33.6450420697931],[-84.6074394361269,33.6449930595907],[-84.6075294694775,33.6449281560672],[-84.6075974218189,33.6448829081371],[-84.6076948540505,33.6448193504386],[-84.6077734695239,33.6447709761797],[-84.607861924968,33.6447191314222],[-84.6079421954451,33.6446731540831],[-84.6080241129413,33.6446282005121],[-84.608790092464,33.6442156290895],[-84.6088941241895,33.6441582286515],[-84.6089973333728,33.6440998031725],[-84.6091005339011,33.644040345234],[-84.6092020850293,33.6439798643149],[-84.609438806222,33.6438457257568],[-84.6095231313222,33.6437897712963],[-84.6096066253663,33.6437317558481],[-84.6096868183471,33.6436710084098],[-84.609756360455,33.6436157938243],[-84.6098242500793,33.6435585230182],[-84.6098896664612,33.6434995451751],[-84.6099607860562,33.6434316122681],[-84.6100220776633,33.6433698999712],[-84.6100743670802,33.6433144053376],[-84.6103357606378,33.6430262716608],[-84.6105579296154,33.642779161471],[-84.6108339933424,33.642469675872],[-84.6108961076384,33.6424076166491],[-84.6109607355687,33.6423551655051],[-84.6111505461462,33.6422064211684],[-84.6112176235879,33.6421515581512],[-84.6113043558624,33.6420846025411],[-84.6113763599626,33.6420293745807],[-84.611464743701,33.6419641305872],[-84.6115383925593,33.6419099308237],[-84.6116276034671,33.6418460551677],[-84.6117405546086,33.6417662923433],[-84.6121276937287,33.6414931629917],[-84.6122021646676,33.6414386163369],[-84.6122651719252,33.6413909825277],[-84.6123265302422,33.6413419795926],[-84.6124066801433,33.6412736709938],[-84.6124516609283,33.6412357201163],[-84.6124917237741,33.6411988148509],[-84.6125693882608,33.6411260500696],[-84.6126331339677,33.6410626099523],[-84.6126952264174,33.6409978043352],[-84.6127548506037,33.6409316271446],[-84.6128046629523,33.6408740772794],[-84.6128609917252,33.6408058543307],[-84.6129156704581,33.6407362613724],[-84.612967879143,33.6406659938439],[-84.6130102777831,33.6406046899779],[-84.6130591892822,33.6405320295751],[-84.6146506827935,33.6379608782504],[-84.614715644457,33.6378559263443],[-84.6146353175375,33.6377781269644],[-84.6143707782627,33.6376844274496],[-84.6141881589469,33.6376272422496],[-84.6139489844769,33.6375755207663],[-84.6137537109549,33.6375026042776],[-84.6134513420994,33.6373880046324],[-84.6130736957983,33.6373052279528],[-84.6127529297559,33.6372800920971],[-84.6123947132183,33.6373076772618],[-84.6119986946866,33.6373196220189],[-84.6117031574012,33.637310168094],[-84.6114954473014,33.6372635871131],[-84.6113881646802,33.6371850918058],[-84.6112242199658,33.637091023704],[-84.6110792984206,33.6370284389514],[-84.6108905029845,33.6369923059799],[-84.6106828750365,33.6369614997504],[-84.6104191246396,33.6370202927918],[-84.610187022352,33.6371210416137],[-84.609992723029,33.6372374308966],[-84.6098024145818,33.6373659663182],[-84.6096161090279,33.6374323687546],[-84.6094492396023,33.6374576169855],[-84.6092230528375,33.6374091255023],[-84.6089082883901,33.6373280838588],[-84.6085935664906,33.6372552572234],[-84.6084361428066,33.6372065194294],[-84.6082784257099,33.6371002644121],[-84.6081502627081,33.6370103365114],[-84.6080514021305,33.6368874373176],[-84.6079623650943,33.6367645029841],[-84.6078631268856,33.63656765407],[-84.6078067002592,33.6363670366737],[-84.6078055473198,33.6361409141536],[-84.6078168611792,33.6358937122189],[-84.6078220215116,33.6356728265687],[-84.6077643420138,33.6354574226846],[-84.607655778484,33.6351265085458],[-84.6074716686221,33.6347748286721],[-84.6065775990141,33.6329650556136],[-84.6063996210723,33.6327356179513],[-84.6062312988209,33.6324732782031],[-84.6061225389136,33.6323339787793],[-84.6060162573904,33.632200398729],[-84.606098937101,33.6321652258495],[-84.6066132598362,33.6319464015505],[-84.6070742599287,33.6317164013375],[-84.6074912596686,33.6314624006502],[-84.6079622595337,33.6311144011334],[-84.6087222598761,33.6304794003711],[-84.6089129139283,33.6303148140117],[-84.6092342604937,33.6300374005045],[-84.6095312603725,33.6297834003319],[-84.6106312608469,33.6288144002634],[-84.6109352603774,33.6285784003794],[-84.6121942607041,33.6275414002621],[-84.6124562616102,33.6273164003674],[-84.6128522611592,33.6269763996166],[-84.6134282612869,33.6264643994672],[-84.6139702616092,33.6259454000444],[-84.6145892614211,33.6254503994424],[-84.6149952760018,33.6251103257784],[-84.6151372620411,33.624991399746],[-84.6156142616461,33.6245223989153],[-84.6161532616448,33.6240383989307],[-84.6162182623479,33.6239793993158],[-84.6167762616865,33.6234653985486],[-84.6173212624621,33.6229413989577],[-84.6175526483914,33.6227103395895],[-84.6180332621569,33.6222303988276],[-84.6180962623472,33.6221323985467],[-84.61760726181,33.6213503982758],[-84.6173687919431,33.6209701016105],[-84.6173841156863,33.6209645374917],[-84.6173889241893,33.6209627914749],[-84.617384071404,33.6209549971225],[-84.6171992715321,33.6206581475842],[-84.6169564281355,33.6202951590541],[-84.6166321522726,33.6197806238562],[-84.6163930447634,33.6194086886469],[-84.6160722706622,33.6189030701523],[-84.6155268005561,33.6180466244611],[-84.6150646130465,33.6173316749604],[-84.6150593906245,33.6173235960219],[-84.615064570104,33.6173221345788],[-84.6151955044,33.6172851811203],[-84.615195954886,33.6172851812901],[-84.6153327869054,33.6172853585825],[-84.6153332384692,33.6172853587479],[-84.6153336911106,33.6172853589094],[-84.6153343420574,33.6172853601549],[-84.6153347936211,33.6172853603203],[-84.6153352462626,33.6172853604817],[-84.6153943797046,33.6172854101611],[-84.6153948312683,33.6172854103263],[-84.6153952839097,33.6172854104875],[-84.6153959348565,33.6172854117327],[-84.6153963864202,33.6172854118978],[-84.6153968390617,33.6172854120591],[-84.6154797870503,33.6172855123543],[-84.615480238614,33.6172855125191],[-84.6154806912602,33.6172855135817],[-84.6154813422069,33.6172855148264],[-84.6154817937707,33.6172855149913],[-84.6154822464168,33.6172855160538],[-84.6155408869561,33.617285699095],[-84.6155413385245,33.6172857001613],[-84.6155417911753,33.6172857021253],[-84.6155424421267,33.6172857042714],[-84.6155428936951,33.6172857053376],[-84.6155433463413,33.6172857064],[-84.6159996244545,33.6172863724258],[-84.6160000760229,33.6172863734904],[-84.6160005286643,33.6172863736494],[-84.6160011796111,33.6172863748914],[-84.6160016311748,33.6172863750544],[-84.6160020838162,33.6172863752134],[-84.6168137879473,33.6172873984247],[-84.616814239511,33.6172873985846],[-84.6168146921524,33.6172873987407],[-84.6168153430991,33.6172873999784],[-84.6168157946628,33.6172874001384],[-84.6168162473042,33.6172874002944],[-84.6176281151916,33.6172884157621],[-84.6176285624445,33.6172884159348],[-84.6176290043089,33.6172884161272],[-84.6176294515618,33.6172884162999],[-84.6176296714163,33.6172884164],[-84.6176301229753,33.6172884156554],[-84.6176289546224,33.6172788766739],[-84.6174661290513,33.6159485377624],[-84.617310345073,33.6146072543876],[-84.6173102954219,33.614597714028],[-84.6173101501479,33.6145697998431],[-84.617310100497,33.6145602594836],[-84.6173786860317,33.6145473682251],[-84.6178397425768,33.6144602156886],[-84.6179531467906,33.6144438614321],[-84.6182007285577,33.6144264682385],[-84.6182340451895,33.6144244314767],[-84.6182341453978,33.6144244284059],[-84.6182342219022,33.6144244263233],[-84.6182344977971,33.6144244280211],[-84.6182345980194,33.6144244276552],[-84.6182346745333,33.6144244273759],[-84.6183256691051,33.6144247614904],[-84.6183261206632,33.6144247634483],[-84.6183265732943,33.6144247645005],[-84.6183272242241,33.6144247666321],[-84.6183276757822,33.61442476859],[-84.6183281284274,33.6144247723472],[-84.6184750460103,33.6144261473471],[-84.6184754975731,33.6144261502061],[-84.6187613756831,33.6144457196086],[-84.6191819192802,33.6144948880205],[-84.6192880490396,33.6145008204117],[-84.6193940965553,33.6145225565318],[-84.620090985624,33.6145896730826],[-84.6206309690558,33.6146458185],[-84.6207943141393,33.6146632197994],[-84.6208294790266,33.6146665260448],[-84.621164874417,33.6147014347738],[-84.6216838480446,33.6147597139923],[-84.6229774745375,33.6148990963073],[-84.6233033555597,33.614935819626],[-84.6246612877477,33.6150907495053],[-84.624892519852,33.6151184759682],[-84.6250598632146,33.6151343429149],[-84.6250608681255,33.6151344383742],[-84.6250612789315,33.6151344774269],[-84.625061320741,33.6151344357953],[-84.6252339652824,33.614961657789],[-84.6256071102846,33.614588430141],[-84.6259308617642,33.6142545486562],[-84.6260300232805,33.6141544182303],[-84.626111866931,33.6140716649533],[-84.6263801449035,33.6138076574051],[-84.6265203692797,33.6136775549461],[-84.6266182406162,33.613582100378],[-84.6267312214188,33.6134865895374],[-84.6268367943374,33.6133880828623],[-84.6270156116466,33.6131957240388],[-84.6272378061619,33.6129764086198],[-84.6275247537613,33.6127038092101],[-84.6277197003032,33.6125186729352],[-84.6279703240772,33.6122720415265],[-84.6282828599218,33.6119636172697],[-84.628572849122,33.611677399713],[-84.629487597168,33.6107802383241],[-84.6295263182194,33.6107424416321],[-84.6296672901432,33.6106003775856],[-84.6297960110167,33.6104705885558],[-84.6300372717624,33.6102260491986],[-84.6304978652105,33.6097523047884],[-84.6310610512118,33.6091782733343],[-84.6316149108057,33.6086325776897],[-84.6316210658654,33.6086265124832],[-84.6316148649734,33.6086230364182],[-84.6315365621653,33.6085791471871],[-84.6314476814213,33.6085422422906],[-84.6314124567162,33.6085273961298],[-84.6312520672497,33.6084774303667],[-84.6311360168665,33.608427022018],[-84.6309723145449,33.6083717097185],[-84.630823501177,33.6083368145985],[-84.6306530528765,33.6082484098415],[-84.630483550395,33.6081832237461],[-84.6304194485669,33.6081734330146],[-84.6303042201885,33.608123021699],[-84.6301373447933,33.6080883313959],[-84.6300006442167,33.6080149148454],[-84.6298756573754,33.607982402611],[-84.6297759499014,33.6079168171278],[-84.6296993292364,33.6078690089903],[-84.6295358322779,33.6078517570011],[-84.6294569378919,33.6078394098863],[-84.62939261874,33.6077886702007],[-84.6293325010317,33.6077560527129],[-84.6292535803423,33.6077387590177],[-84.6291951184966,33.6077084714913],[-84.6291193319183,33.6076629960928],[-84.6289614072095,33.6076127431162],[-84.6288610960514,33.6075876963156],[-84.6287221916921,33.6075627935852],[-84.6286094833885,33.6075226764244],[-84.6285517221179,33.6074697135419],[-84.6284874719003,33.6074317515557],[-84.6284028046379,33.6074146158205],[-84.6283114176683,33.6073691981477],[-84.6282390089309,33.6073412984304],[-84.6281535734112,33.6073340593898],[-84.6280959201507,33.607301295048],[-84.6280565042003,33.607286356258],[-84.6280564264568,33.607286326793],[-84.6280560516213,33.6072863579459],[-84.6280551349894,33.6072864325964],[-84.6279598215844,33.6072942258975],[-84.6279595759994,33.6072942457482],[-84.6279593690053,33.6072942275851],[-84.627958862298,33.6072941825878],[-84.627877424978,33.6072869942691],[-84.6277893089423,33.6072389527834],[-84.6276771253098,33.6071431809763],[-84.6276252603185,33.6071179526216],[-84.6275825225815,33.6071105540807],[-84.6275372118606,33.6070825529855],[-84.6273849966452,33.6070247189327],[-84.6272756544501,33.6069997035697],[-84.6270620433468,33.6069774133191],[-84.6269846948403,33.6069317151915],[-84.6269846148465,33.6069316677008],[-84.6269842433406,33.6069317168715],[-84.6269833366491,33.6069318365604],[-84.6268959961652,33.6069434026089],[-84.6267781534726,33.6069616588102],[-84.6267778519985,33.6069617059165],[-84.6267777008951,33.6069616604935],[-84.6267773307011,33.6069615509652],[-84.6266725827395,33.6069304921344],[-84.6266000377116,33.606876758273],[-84.6265429036692,33.6067869643853],[-84.6265025149601,33.6067579825307],[-84.6264296722118,33.6066479098575],[-84.626372347419,33.6065221129958],[-84.6263021593811,33.6064480330753],[-84.6262262485537,33.606378645914],[-84.6261479926394,33.6063315286948],[-84.6259819037041,33.6062895470585],[-84.6258954370216,33.6062424601623],[-84.6258334977342,33.6061753562111],[-84.6258030750436,33.6061055258361],[-84.6257090699886,33.606092407371],[-84.6256284947596,33.6060723692029],[-84.6255584748068,33.6060300305477],[-84.6255064000009,33.6059649519522],[-84.6254336778182,33.6058772765581],[-84.625376713019,33.6058190867497],[-84.6253066457227,33.6057675411916],[-84.6252127915385,33.6057207553046],[-84.6250786486491,33.6056636764218],[-84.6248370086991,33.6053890326118],[-84.6248314863673,33.6053827549116],[-84.6248369636194,33.6053794913265],[-84.6263593345366,33.6044723497713],[-84.6284164331792,33.6032860851777],[-84.6287361379151,33.6030964960595],[-84.6300118622368,33.6023599037868],[-84.6300186544788,33.6023559822398],[-84.630011817675,33.6023503634011],[-84.6296391411467,33.6020440597287],[-84.6296323649925,33.6020384893316],[-84.6296390966266,33.602034519342],[-84.6341585555254,33.5993689547801],[-84.6341592193048,33.5993685636529],[-84.6341594910435,33.5993684030307],[-84.6341596707646,33.599368561947],[-84.6348425766339,33.5999709938328],[-84.6349720055896,33.6021335457655],[-84.6350697991139,33.6051033209904],[-84.6350698353454,33.6051044416262],[-84.6350698507576,33.6051049005167],[-84.6350702879078,33.605104439011],[-84.6360861516787,33.6040326515565],[-84.6363013504151,33.6038037264068],[-84.6364692658623,33.6036072736761],[-84.6365945097151,33.6034457475123],[-84.6367180256398,33.6032687010643],[-84.6368100233473,33.6031240666014],[-84.6368620953923,33.6030359236309],[-84.6369706008508,33.6028467037481],[-84.6370615364095,33.6026881937558],[-84.6371814283889,33.6024791423833],[-84.6373468616083,33.6021893932794],[-84.6375220040784,33.6018732232869],[-84.63780302025,33.6013682544784],[-84.6380254396285,33.6010196113635],[-84.6381142585326,33.6008951871809],[-84.6381437581971,33.6008541255087],[-84.6381657596597,33.6008233984719],[-84.6381874444373,33.6007948709051],[-84.6382092940561,33.600766342706],[-84.6382353909682,33.6007338129412],[-84.6382582306148,33.6007062430398],[-84.6382864589998,33.6006731560236],[-84.6383155076608,33.6006399288203],[-84.6383308524409,33.6006231056063],[-84.6383462058621,33.600608068562],[-84.6383630319337,33.6005917897142],[-84.6383994579484,33.6005563351956],[-84.6384500947113,33.6005069480013],[-84.6384953419394,33.6004629399539],[-84.6385585637156,33.6004026486351],[-84.6386100370562,33.6003561435224],[-84.6386379837258,33.6003317153179],[-84.6386579245013,33.6003145995215],[-84.6386958630187,33.6002854598392],[-84.6387318390384,33.6002578397307],[-84.6388839203238,33.6001412822967],[-84.6390013346467,33.6000513768934],[-84.6391241441266,33.5999571912957],[-84.6391637203316,33.5999274961],[-84.6391902149656,33.5999077448589],[-84.6392407545745,33.5998707240907],[-84.6392914631695,33.5998346656379],[-84.6393466535939,33.5997963403796],[-84.6393473073113,33.5997958861463],[-84.6393475745939,33.5997957002831],[-84.639347758773,33.5997958844215],[-84.6393771300307,33.5998252684787],[-84.6393753316806,33.599826649492],[-84.6393860538824,33.5998355413524],[-84.6393826183802,33.5998380277546],[-84.6395997162521,33.6000205090348],[-84.6400540403736,33.6004024322313],[-84.6401840929524,33.6005218978871],[-84.6403446436147,33.600663232014],[-84.6404921928838,33.6007991200532],[-84.6406233527383,33.600910610248],[-84.6408264797311,33.6010899824914],[-84.6410363859591,33.6012775732509],[-84.641838060352,33.6019934462313],[-84.6418385118151,33.601993442694],[-84.6436762494339,33.6019786182605],[-84.6436767008968,33.6019786147166],[-84.6436771534371,33.6019786111684],[-84.6436778042376,33.6019786068559],[-84.6436782557005,33.6019786033119],[-84.6436834253806,33.6019779657372],[-84.6439289689921,33.6013895714242],[-84.6443292903682,33.6004306599595],[-84.644381147487,33.6003054128303],[-84.6444431146014,33.6002692538043],[-84.6444498950539,33.6002652972498],[-84.6444430684544,33.6002597134344],[-84.6444422068777,33.6002590089523],[-84.6444375233888,33.6002551760147],[-84.6444421596534,33.6002494685865],[-84.6444454238726,33.6002454498706],[-84.6444507354508,33.6002389102998],[-84.6444453766479,33.6002359095049],[-84.644439039679,33.6002323597646],[-84.6444168011604,33.6002196663006],[-84.6444049378285,33.6002124293382],[-84.6443840112497,33.6001994557936],[-84.6443609441276,33.6001853904752],[-84.6443352402784,33.6001695500299],[-84.6443159542807,33.600156295131],[-84.6442998000277,33.6001450893517],[-84.6442829862459,33.6001334740541],[-84.6442686454288,33.600123635412],[-84.6442498521806,33.6001102415469],[-84.6442402833493,33.6001023086404],[-84.6442158785984,33.6000838519249],[-84.6441939475702,33.6000673089145],[-84.6441733322705,33.6000511737861],[-84.6441489177043,33.6000309308908],[-84.6441202149352,33.6000074062377],[-84.644091173271,33.5999818216725],[-84.6440641080655,33.5999574665625],[-84.644034231449,33.5999295489836],[-84.6437846650053,33.5996971825111],[-84.6436740669475,33.5995923491396],[-84.6436308176656,33.5995512916135],[-84.6435522443451,33.5994768408026],[-84.6434485706273,33.5993770650397],[-84.6433470304216,33.5992768689049],[-84.6433143167668,33.5992404431169],[-84.6432736992275,33.5992001994478],[-84.6431984114062,33.5991258737039],[-84.6431556474277,33.5990834399949],[-84.6431155257805,33.5990436064246],[-84.6430834941741,33.5990118494895],[-84.6430547595451,33.5989824160736],[-84.6430194124687,33.5989447632557],[-84.6429891817966,33.598911900228],[-84.6429556433037,33.5988749274995],[-84.6429316877637,33.5988484989497],[-84.6429060735694,33.5988190534861],[-84.6428584738168,33.5987630339147],[-84.6428219384299,33.5987185148999],[-84.6427820928743,33.5986690611585],[-84.642763405051,33.5986449485259],[-84.6427453779389,33.5986216574727],[-84.6427235426323,33.5985926094913],[-84.6427002150457,33.5985608189625],[-84.6426801923858,33.5985330010876],[-84.6426609948556,33.5985057291508],[-84.6426350114714,33.5984688652208],[-84.6425612832157,33.5983573293403],[-84.6425562765909,33.5983497547473],[-84.6425612362021,33.5983477889691],[-84.6452747816878,33.5972722488911],[-84.6452752342284,33.5972722498456],[-84.6504383133402,33.5972919994756],[-84.6504386462847,33.5972920008788],[-84.6504387648083,33.597292001317],[-84.6504390977477,33.5972920018186],[-84.6504392173488,33.5972920022526],[-84.6504395502932,33.5972920036558],[-84.6504398681485,33.5972920042163],[-84.6504403196065,33.5972920042545],[-84.6504391456317,33.5973015430824],[-84.6503618533268,33.5979297298838],[-84.650360680408,33.5979392678042],[-84.6503611329518,33.5979392687401],[-84.6503614508095,33.5979392693008],[-84.6503619022758,33.5979392702408],[-84.6503623548197,33.5979392711766],[-84.6516652888212,33.5979425272911],[-84.6516657402876,33.5979425282264],[-84.6516661928314,33.5979425291575],[-84.6516667574299,33.5979425296493],[-84.6516668436259,33.5979425293114],[-84.6516672088913,33.5979425296829],[-84.6516672950923,33.5979425302467],[-84.6516671608809,33.5979329902251],[-84.6516535429498,33.5969672742899],[-84.6516534087378,33.5969577333651],[-84.6516534949328,33.5969577330273],[-84.6516538612564,33.5969577306897],[-84.6516539474463,33.5969577294502],[-84.6538050044022,33.5969373391997],[-84.6538054558329,33.5969373347173],[-84.653805908346,33.5969373311324],[-84.6538065590973,33.5969373249636],[-84.653807010533,33.5969373213829],[-84.6538597348164,33.5966239798462],[-84.6538597640213,33.5966238084143],[-84.6538596811801,33.5966144404105],[-84.653853874058,33.5959558597278],[-84.6537695665918,33.5954173890763],[-84.653516980961,33.5942700104358],[-84.6534720727605,33.5937105486353],[-84.653471605865,33.5937047283994],[-84.6534720191778,33.5937010100962],[-84.6535178712117,33.5932887302588],[-84.6535906462457,33.5927688790737],[-84.6536286672284,33.5922460556318],[-84.6536293602798,33.5922365186606],[-84.6536290715272,33.592236517092],[-84.6536289088381,33.5922365168306],[-84.6536286190032,33.5922365143646],[-84.6536281675514,33.5922365107312],[-84.6516174928553,33.5922196925932],[-84.6516170403313,33.5922196898584],[-84.651603835274,33.5913269705144],[-84.6516033839329,33.5913269858083],[-84.6516022821497,33.5913270550464],[-84.6494311044414,33.5914625359792],[-84.649430652558,33.5914625508165],[-84.6494306505075,33.5914624728301],[-84.6493767262641,33.5891785615389],[-84.6493765019898,33.5891690498031],[-84.6493766774356,33.5891690202653],[-84.6503529714334,33.589006806319],[-84.6503530231004,33.589006798002],[-84.6503529235751,33.5889972650422],[-84.6503449624467,33.5882309061196],[-84.6503448628791,33.5882213650438],[-84.6503449145858,33.5882213639401],[-84.6503453153219,33.5882213569637],[-84.6503453670286,33.5882213558599],[-84.6507293411578,33.5882131423968],[-84.6507295533713,33.5882131379599],[-84.6507297925231,33.5882131343194],[-84.6507300047367,33.5882131298826],[-84.6507297446199,33.5882035921403],[-84.6507160112441,33.5876990428323],[-84.6507157524551,33.5876895492658],[-84.6507157511059,33.5876895005809],[-84.6507159633736,33.5876895060623],[-84.6507162036416,33.5876895096308],[-84.6507164148319,33.5876895151164],[-84.6518815163213,33.5877245074692],[-84.6518819688016,33.5877245065966],[-84.6519658369105,33.5877243084556],[-84.6519661999731,33.5877243079334],[-84.6519662883135,33.587724307587],[-84.6519666513761,33.5877243070648],[-84.6519667407939,33.5877243067141],[-84.6519671038565,33.5877243061919],[-84.6519677545641,33.5877243045417],[-84.6519682059621,33.5877243027714],[-84.6519662402902,33.5877147681138],[-84.6519484592543,33.5876284660379],[-84.6518698124995,33.5872468985191],[-84.6517287147357,33.5865612027717],[-84.6516937685783,33.5863897087572],[-84.6516721582852,33.5861366758765],[-84.6516616880508,33.5859380150824],[-84.6516404136867,33.5853151853896],[-84.6516400903107,33.5853057173217],[-84.6516403646166,33.5853056441131],[-84.6522350234043,33.5851471430266],[-84.6526166714442,33.5850454703283],[-84.6529761775842,33.5849480050026],[-84.6532843404764,33.5848589854082],[-84.6538696850586,33.5846897237312],[-84.6543349036859,33.5845599578998],[-84.6546511174136,33.5844724152836],[-84.6549583061447,33.584385868652],[-84.6551582984521,33.5843268801988],[-84.6551604064598,33.5843262578407],[-84.6551582489968,33.5843173389257],[-84.6551062791413,33.5841024850213],[-84.6550104782919,33.5837571476046],[-84.6550080744985,33.5837484803223],[-84.655010428859,33.5837476072321],[-84.6607826580072,33.5816074913704],[-84.6612971549918,33.5814167202151],[-84.6612976750181,33.5809030639064],[-84.6612988352636,33.5796675604903],[-84.6612992876757,33.5796675550755],[-84.6641545698785,33.579623828762],[-84.6641550212024,33.5796238215378],[-84.6641554736036,33.5796238143092],[-84.6643911219949,33.5796202673097],[-84.6643915733188,33.5796202600846],[-84.6643920257199,33.5796202528551],[-84.6649518009998,33.5796116922487],[-84.6649520498219,33.5796116885419],[-84.6649522523288,33.5796116859232],[-84.6649525011508,33.5796116822164],[-84.6649522028823,33.5796021446522],[-84.6649220148918,33.5786355254876],[-84.6649217177138,33.5786259888192],[-84.6649219665175,33.5786259824075],[-84.6649221700993,33.5786259797845],[-84.664922418903,33.5786259733728],[-84.6675413580759,33.5785571640032],[-84.6675418093834,33.5785571549633],[-84.6675430137351,33.5785383214197],[-84.6675451346861,33.578507531631],[-84.6675491712918,33.5784389451057],[-84.667551721816,33.5783972983745],[-84.6675557931698,33.5783278289725],[-84.66755635413,33.5783182708049],[-84.6675561958073,33.578318275954],[-84.6675559017674,33.5783182834557],[-84.6675557434446,33.5783182886048],[-84.6675552921696,33.5783183030546],[-84.6675552490867,33.5783183041306],[-84.6675547967344,33.5783183185848],[-84.6675543454594,33.5783183330346],[-84.664875496023,33.5784100400929],[-84.6648750447469,33.5784100545329],[-84.6648745934708,33.578410068973],[-84.6648718470608,33.5784101602774],[-84.6648713936251,33.5784101738244],[-84.6648714095346,33.5784101304802],[-84.664874995301,33.5784005114567],[-84.6650209428431,33.5780090120274],[-84.6651718106513,33.5776069755099],[-84.6651753584907,33.5775975162252],[-84.6651749070945,33.5775975090267],[-84.6651722136684,33.5775974432336],[-84.6651717611847,33.5775974342361],[-84.6651713097781,33.5775974252343],[-84.6643803055819,33.5775784691805],[-84.6643798531035,33.5775784610818],[-84.664379401697,33.5775784520771],[-84.6630872992192,33.5775472465006],[-84.663086846741,33.5775472383972],[-84.6630863953348,33.5775472293877],[-84.6613015600761,33.5775045168128],[-84.6613011076034,33.5775045096044],[-84.6613006562438,33.5775045087033],[-84.6613000056137,33.577504510402],[-84.6612995531872,33.5775045113085],[-84.6612991018379,33.5775045122107],[-84.6591787286717,33.5775099495416],[-84.6591782762451,33.5775099504403],[-84.6591778249008,33.5775099522365],[-84.6591771742704,33.5775099539239],[-84.6591767218438,33.5775099548227],[-84.6591762704943,33.5775099557171],[-84.656657529404,33.5775165215305],[-84.656657303188,33.5775165215245],[-84.6566570769771,33.57751652242],[-84.6566568507663,33.5775165233156],[-84.6566570273755,33.5775069820402],[-84.6567002702313,33.5751774121169],[-84.6567217077442,33.5740448023348],[-84.6567218887088,33.5740352709551],[-84.6567216592246,33.5740352628471],[-84.656679197572,33.5740336537693],[-84.6566402810726,33.5740318836703],[-84.6566064545908,33.5740303684201],[-84.656559942522,33.5740279539126],[-84.6565594911753,33.5740279520924],[-84.6565594894641,33.5740280305445],[-84.6565592760719,33.5740409775825],[-84.6565472723297,33.5747709945094],[-84.6563309545461,33.5748088154199],[-84.6559711347819,33.5748718000392],[-84.6557033206234,33.5749186174268],[-84.6550270989674,33.5750369132745],[-84.6550266480724,33.5750369925974],[-84.6550266465636,33.5750369159613],[-84.6550266422709,33.5750367275289],[-84.6550187872035,33.5746904636468],[-84.6545481612784,33.5745949085626],[-84.654548085786,33.5745948926301],[-84.6545481129968,33.5745853690726],[-84.6545482819611,33.5745273260343],[-84.6545483091669,33.5745178015751],[-84.6545482336847,33.5745177874459],[-84.6543553753085,33.57448104792],[-84.6541435425035,33.5744406580233],[-84.653734997254,33.5743628409397],[-84.653718096256,33.573575107374],[-84.6536069236085,33.5735461214639],[-84.6536067208064,33.5735460690632],[-84.6536064672975,33.5735460024352],[-84.6536064712073,33.5735461232437],[-84.6536064803977,33.5735464171524],[-84.6536067689773,33.5735556076543],[-84.6536341530611,33.5744273483748],[-84.6536344533067,33.5744368886778],[-84.6536342012368,33.5744368869646],[-84.6536340019577,33.574436886847],[-84.6536337498929,33.5744368860354],[-84.6536333513246,33.5744368839968],[-84.6536328988934,33.5744368812686],[-84.6536324475343,33.5744368776344],[-84.653474839916,33.5744357375754],[-84.6534743874798,33.5744357339449],[-84.6534739361258,33.5744357312118],[-84.6530476725355,33.5744327436125],[-84.6530472201044,33.574432740882],[-84.6530467687504,33.5744327381474],[-84.6515337050985,33.574422194104],[-84.6515332526674,33.574422191368],[-84.6515328013134,33.5744221886279],[-84.6514557315864,33.5744216799229],[-84.6514552791603,33.5744216780883],[-84.6514624586873,33.5752974684717],[-84.6514625130787,33.5753070052345],[-84.651462061695,33.5753069979858],[-84.6514614174679,33.5753069860825],[-84.6514609649918,33.5753069761331],[-84.6514605135979,33.5753069670812],[-84.6514020691412,33.5753057479091],[-84.6514016177523,33.5753057397586],[-84.6514016104088,33.5753057749525],[-84.6514016742915,33.575315276513],[-84.6514016680452,33.5753153153093],[-84.6514028317124,33.5754691511781],[-84.6514029028334,33.5754785986097],[-84.6514028850355,33.5754786906499],[-84.6512702647988,33.5761848812284],[-84.6511428875415,33.576863523058],[-84.651019372063,33.5775214796765],[-84.651017580112,33.577531026367],[-84.6510180325342,33.5775310245964],[-84.6510189686222,33.5775310218347],[-84.6510194199722,33.57753102097],[-84.6510198723994,33.5775310201011],[-84.6514785227118,33.5775297680106],[-84.6514789740618,33.5775297671442],[-84.6514794264889,33.5775297662736],[-84.6514800771201,33.5775297646266],[-84.651480528465,33.5775297628585],[-84.6514849865798,33.5780627771024],[-84.6514902278837,33.5786772758175],[-84.6514934102914,33.57904086384],[-84.6515005060387,33.5798694478387],[-84.6515047371355,33.5803617884169],[-84.6515083090279,33.5807951803305],[-84.6515120791593,33.5812343439301],[-84.6515231046178,33.5825306716571],[-84.6521893993324,33.5825505831084],[-84.6521897785979,33.5825505942438],[-84.6521894473752,33.5825601234909],[-84.6521701276403,33.5831166829781],[-84.651312994343,33.5835654036411],[-84.6512198084284,33.5835987534369],[-84.6512194353562,33.5835988874432],[-84.6512193559796,33.5835987561101],[-84.6512191624262,33.5835984349718],[-84.6511920920889,33.583553509761],[-84.6511533143064,33.583489213817],[-84.6511317702493,33.5834532953782],[-84.6511118833301,33.5834201196402],[-84.651064248507,33.5833572324831],[-84.6510220827686,33.583303530854],[-84.6509538030223,33.5832188760861],[-84.6508805639226,33.5831279190747],[-84.6508197248202,33.583052441167],[-84.6507691344019,33.5829895654534],[-84.65064048238,33.5828297381828],[-84.6506403456988,33.5828295692033],[-84.6506400310074,33.582829739948],[-84.6506392609313,33.5828301586295],[-84.6505748729534,33.5828651409487],[-84.6496006764766,33.5832136982407],[-84.6495932353813,33.5832163601553],[-84.6496007231535,33.5832232377283],[-84.6505260508655,33.5840731323673],[-84.6505338798795,33.5840803223291],[-84.6505260965737,33.5840826727582],[-84.6499521460362,33.5842559596173],[-84.649948738875,33.5842569882035],[-84.6499521927588,33.5842655000044],[-84.650030141119,33.5844575704522],[-84.6500848954868,33.584589962459],[-84.6504274584413,33.5854279530568],[-84.6505381535938,33.5855776717301],[-84.6505437570174,33.5855852499941],[-84.6505382003835,33.5855872121145],[-84.650509510796,33.5855973391362],[-84.6503158291213,33.5856662543726],[-84.6501180521362,33.5857366965045],[-84.6499872530627,33.5857849255962],[-84.6499832063411,33.5857864174346],[-84.6499873008695,33.5857944659767],[-84.6502498245792,33.5863104216853],[-84.6502534616493,33.5863175685324],[-84.6502498745705,33.5863199620562],[-84.6472674675318,33.5883093480951],[-84.646672035203,33.5890947853013],[-84.6461426650322,33.5898332427365],[-84.6460989988216,33.5898941492754],[-84.6460075583635,33.5900216434079],[-84.6460025409384,33.5900286399612],[-84.6460076057405,33.5900311837873],[-84.6460819442072,33.5900685080296],[-84.6460870068443,33.5900710491558],[-84.6460819915924,33.5900780484088],[-84.645968837608,33.5902359605921],[-84.645968715722,33.5902361296764],[-84.6459683851242,33.5902359632464],[-84.645967575922,33.590235557023],[-84.6458845824684,33.5901938877265],[-84.6458842507935,33.5901937213005],[-84.6458841299798,33.5901938894789],[-84.6458838359708,33.5901942999753],[-84.6443858572688,33.5922840950258],[-84.6440382540823,33.5927610291053],[-84.6436030197484,33.5933078312956],[-84.6435645212899,33.593353601426],[-84.6431188422805,33.5938534462615],[-84.6430672575161,33.593908335611],[-84.6419644708847,33.5949522558654],[-84.6418234043016,33.595068775722],[-84.6416760093705,33.5969870231899],[-84.6416759610838,33.5969876491332],[-84.6416755579285,33.5969870258247],[-84.6416745712407,33.5969855021862],[-84.6416685087296,33.5969761345832],[-84.6414575218427,33.5966496233825],[-84.6412650860243,33.5963520346974],[-84.6412048101539,33.5962597853414],[-84.6411625854137,33.5961953625555],[-84.6410920636952,33.5960911981095],[-84.6410318140984,33.5960034839563],[-84.6409879521271,33.595939891509],[-84.6409601445825,33.5958995979382],[-84.6408803265697,33.5957841070714],[-84.6408802016741,33.5957839263147],[-84.640879875129,33.5957841088016],[-84.6408790770256,33.5957845545798],[-84.6407538255696,33.5958545838744],[-84.6407534958015,33.5958547681767],[-84.6407533730511,33.5958545856083],[-84.6407530743173,33.5958541404269],[-84.6407519977886,33.5958525359747],[-84.6407518402744,33.5958523012427],[-84.6407515463475,33.5958525377044],[-84.6407508276151,33.5958531148213],[-84.6407451378448,33.5958576864425],[-84.638496783028,33.5975915209902],[-84.6384760210744,33.5976085019413],[-84.6384588530885,33.5976220338273],[-84.6384431577906,33.5976347359703],[-84.638425661919,33.5976484061556],[-84.6384102918236,33.5976602829294],[-84.6383942689675,33.5976729863152],[-84.6383805368227,33.5976843068225],[-84.6383668001829,33.5976948023187],[-84.6383543757836,33.5977048807482],[-84.6383421129105,33.5977145464981],[-84.6383313189907,33.5977226954504],[-84.6383099023038,33.5977399538784],[-84.6382917524712,33.5977540395018],[-84.6382724601422,33.5977696406738],[-84.6382562719765,33.5977820696628],[-84.6382402475785,33.5977944980256],[-84.6382229154198,33.5978081684598],[-84.6382037856737,33.5978233569389],[-84.6381961015512,33.5978295698668],[-84.6380631598808,33.5979321750806],[-84.6378947192354,33.5980595128771],[-84.6377223360209,33.5981867284009],[-84.6375504267719,33.598310643577],[-84.6373763743772,33.5984330554712],[-84.6372000143086,33.5985538258433],[-84.6370237985485,33.5986712989153],[-84.6368465918685,33.5987875375113],[-84.6366626509035,33.5989036652836],[-84.6364759132536,33.5990189774738],[-84.6363659325921,33.5990868659964],[-84.6363605017667,33.5996298136447],[-84.6363600503349,33.5996298207685],[-84.6354086297176,33.5996477051157],[-84.6354081772082,33.5996477122401],[-84.6352917823843,33.5997143410354],[-84.6352914569143,33.5997145280118],[-84.6352913298501,33.5997143436511],[-84.635291019259,33.5997138948949],[-84.6347936523183,33.598994346461],[-84.6347936197361,33.5989942987958],[-84.634793602941,33.5989848087976],[-84.6347920049996,33.5980636548269],[-84.6347919728538,33.5980541152935],[-84.6347915214155,33.5980541197066],[-84.6347908857473,33.5980541275217],[-84.6347904332364,33.5980541328404],[-84.6347899818078,33.5980541390567],[-84.6329211004,33.5980788956763],[-84.6329206478888,33.5980789009882],[-84.6328897012623,33.5944025945082],[-84.6328896981717,33.5944022203271],[-84.6328892498332,33.5944025971109],[-84.632888154728,33.5944035173333],[-84.6328560255631,33.5944305171535],[-84.632822668969,33.5944871197872],[-84.6327004592129,33.5950284446685],[-84.632651095249,33.5951314163734],[-84.6325939319505,33.5952190277367],[-84.6325022852104,33.5953371371235],[-84.6324088040584,33.5954501688338],[-84.6323423307836,33.595516652946],[-84.6321432191321,33.5957428997127],[-84.6320778844499,33.5958380993649],[-84.6320345996113,33.5959112288486],[-84.6318513792852,33.5962533934622],[-84.6317874214375,33.5963910482802],[-84.6317310918171,33.5965120476127],[-84.6316854193548,33.5965688341749],[-84.6316504450564,33.5965997467952],[-84.6315761807315,33.5966526553867],[-84.631447476079,33.5967199228487],[-84.6312357348088,33.5968272141965],[-84.6309513450567,33.5969831478505],[-84.6305249580599,33.5972388266332],[-84.6300176224363,33.5975573315569],[-84.6297639008819,33.5977373321967],[-84.6293223665975,33.5980790854589],[-84.6289484508728,33.5983841697134],[-84.6283835706738,33.598845655894],[-84.6281222699177,33.5990571154293],[-84.6281198388084,33.5990590829214],[-84.6281223185751,33.5990666558065],[-84.6290864015386,33.6020104749417],[-84.6290895354024,33.602020041652],[-84.6290890828268,33.6020200388352],[-84.6290884287437,33.6020200340666],[-84.6290879761682,33.6020200312498],[-84.6290875246605,33.6020200266257],[-84.6290868985829,33.6020200199491],[-84.6290864459929,33.6020200144274],[-84.6290859944853,33.6020200098033],[-84.6272566971923,33.6020000936635],[-84.6272565840448,33.6020000922814],[-84.6272562446168,33.6020000908401],[-84.6272561314694,33.6020000894579],[-84.6272561992721,33.6019905486509],[-84.6272576377211,33.6017892881742],[-84.6272625168907,33.6011626590278],[-84.627271712414,33.5994328499134],[-84.6272760724559,33.5993263375683],[-84.6272958697613,33.5966872154786],[-84.6272977790191,33.5964285942858],[-84.6273019519939,33.5958545976728],[-84.6273045572343,33.595510638956],[-84.6273081455809,33.5950427285603],[-84.6273104901314,33.594711550132],[-84.6273170286204,33.5938332292352],[-84.6273170996531,33.5938236884036],[-84.627316983289,33.5938236879351],[-84.627316648217,33.5938236891826],[-84.6273165318528,33.5938236887141],[-84.6273159974471,33.5938236879987],[-84.6273155449287,33.59382368788],[-84.627315093483,33.5938236868557],[-84.6227292716659,33.5938140309264],[-84.6227288191427,33.5938140298893],[-84.6227283676969,33.5938140288483],[-84.6227277169268,33.5938140276402],[-84.6227272644036,33.5938140266031],[-84.6227268129578,33.593814025562],[-84.6205145210567,33.5938092569588],[-84.6205140685334,33.5938092559136],[-84.6205136170875,33.5938092548645],[-84.6205129663174,33.5938092536448],[-84.6205125137941,33.5938092525996],[-84.6205120623482,33.5938092515504],[-84.620344901597,33.5938089178134],[-84.6203444490736,33.5938089167676],[-84.6203439976278,33.5938089157178],[-84.6203433468577,33.5938089144972],[-84.6203428943344,33.5938089134514],[-84.6203424428885,33.5938089124016],[-84.6179631590441,33.593803748264],[-84.6179627065254,33.5938037481111],[-84.6177569934979,33.5891406345795],[-84.6176519388028,33.5867791290256],[-84.6176342618085,33.5863794537393],[-84.61763381042,33.5863794562859],[-84.617633159729,33.5863794595589],[-84.6176327072632,33.5863794621094],[-84.6176322558747,33.5863794646561],[-84.616184666618,33.5863876105782],[-84.6161842152293,33.5863876131196],[-84.6158076171209,33.5860470938194],[-84.6157334712084,33.5859872115069],[-84.6157332580823,33.5859870391594],[-84.6157330198171,33.5859872131449],[-84.6157324391899,33.5859876390375],[-84.6156640707539,33.5860377215948],[-84.6155127944246,33.5861527366619],[-84.6153495906012,33.5862787879683],[-84.6152884606063,33.5863320522193],[-84.6151500088362,33.5864505936723],[-84.6150404978046,33.586545943719],[-84.6149632326775,33.5866222147077],[-84.614894609541,33.5866871852573],[-84.6148215631195,33.5867536838907],[-84.6147973796908,33.5867763078429],[-84.6146552073559,33.5869058553903],[-84.6145494832796,33.5870035275214],[-84.6144354171336,33.5871070419204],[-84.6144295322753,33.5871123821733],[-84.61443546103,33.5871165823456],[-84.6145073132656,33.5871674786528],[-84.6147717004919,33.5882224127875],[-84.6147738697815,33.5882310681882],[-84.6147717455093,33.5882319541083],[-84.613355528107,33.5888224177],[-84.6133542208429,33.58882296252],[-84.613355574047,33.5888319590178],[-84.6134043755992,33.5891564250077],[-84.6134344668024,33.5893623734475],[-84.6134358616157,33.5893719144027],[-84.6134354101973,33.5893719142292],[-84.6134349630884,33.5893719140401],[-84.6134347594649,33.5893719138736],[-84.613434510588,33.5893719129688],[-84.6134343069645,33.5893719128023],[-84.613434059165,33.5893719118937],[-84.6134338555415,33.5893719117272],[-84.6129525263344,33.5893709255654],[-84.612952073834,33.5893709244923],[-84.612951622411,33.5893709234154],[-84.6129511235847,33.5893709225094],[-84.612950671089,33.589370922338],[-84.6129521175713,33.5893804649159],[-84.6136197708766,33.5937848146981],[-84.6136212175026,33.5937943554569],[-84.6136207660612,33.5937943552842],[-84.613620267214,33.5937943552828],[-84.6136201152955,33.5937943549299],[-84.6136198146906,33.5937943542124],[-84.6136196627721,33.5937943538595],[-84.6136193632446,33.5937943531381],[-84.6136192113261,33.5937943527852],[-84.6132538589992,33.5937934890249],[-84.6132534064804,33.5937934888548],[-84.6126942269948,33.5924062389204],[-84.6126937755838,33.5924062432526],[-84.6126931291798,33.5924062509927],[-84.6126926767007,33.5924062571321],[-84.612692225299,33.5924062632675],[-84.6123612183999,33.592410731751],[-84.6123607659207,33.5924107378891],[-84.612360314519,33.5924107440234],[-84.609372870827,33.5924505916336],[-84.6093724183473,33.5924505977608],[-84.609371966945,33.5924506038842],[-84.6063459361721,33.5924909285357],[-84.6063454847829,33.5924909373529],[-84.6063450334167,33.5924909506786],[-84.6060442228611,33.5925014867381],[-84.6060226278995,33.5925022432777],[-84.6060224006071,33.5925022512982],[-84.6060221753964,33.5925022448844],[-84.6060216279961,33.5925022296964],[-84.6059317506652,33.5924996868896],[-84.6058122990752,33.5924964086236],[-84.6058120339965,33.5924964014493],[-84.605811846572,33.5924964102296],[-84.6058113909372,33.5924964316834],[-84.6047768546929,33.592545555791],[-84.6038881346693,33.5932889070979],[-84.6038824687319,33.5932936455623],[-84.6038881774157,33.5932984475267],[-84.6041398760403,33.5935101258966],[-84.6043455086266,33.5936836411783],[-84.6048080610066,33.5940737737982],[-84.6052691473735,33.5944652839884],[-84.6053438764113,33.5945224194251],[-84.6053444204637,33.5945228349698],[-84.6053446432782,33.5945230054973],[-84.6053448729729,33.5945228324638],[-84.6055959010749,33.5943344055476],[-84.6062273294279,33.5939287141847],[-84.6064572476222,33.5938097990728],[-84.6064583039564,33.5938092525125],[-84.6064587370203,33.5938090282606],[-84.6064587553844,33.5938092500063],[-84.6064641502631,33.5938727697624],[-84.6070555528862,33.5947362421202],[-84.6085062601962,33.5949911967856],[-84.6087257459546,33.595238446123],[-84.6092912287523,33.5958755410681],[-84.6095163085019,33.5964452819418],[-84.6097686725664,33.5970839069014],[-84.6099568219342,33.5975601514777],[-84.6099574921752,33.597561846921],[-84.6099568696569,33.5975696900737],[-84.6099440716345,33.5977310518998],[-84.6098851114014,33.5984032218177],[-84.6098257470644,33.599092613176],[-84.6098249700417,33.5991016416737],[-84.6098257915385,33.5991021508797],[-84.610110280464,33.5992784313996],[-84.6101103120355,33.5992879682473],[-84.6101126155922,33.6001184419499],[-84.610113482448,33.6004162170317],[-84.6101130309997,33.6004162222564],[-84.6085878550604,33.6004374730388],[-84.6085874025389,33.6004374791635],[-84.6085869510949,33.6004374852843],[-84.6078244864655,33.6004481681006],[-84.6078240339439,33.6004481742225],[-84.6078235824997,33.6004481803406],[-84.6072281071858,33.6004564696133],[-84.6072276557416,33.6004564757291],[-84.6071035034453,33.5997744421101],[-84.6071034934592,33.5997743853405],[-84.6071030519863,33.5997744446189],[-84.6071019752225,33.5997745891125],[-84.6058433156258,33.5999432934728],[-84.6058428806114,33.5999433518221],[-84.6058428630838,33.5999432950792],[-84.6058428192852,33.5999431572792],[-84.6055895338238,33.5991392751191],[-84.6052209490734,33.5977575022767],[-84.6051471795422,33.5974898053768],[-84.6050213692436,33.5971272008524],[-84.6047348379614,33.5965893269713],[-84.6047347368023,33.5965891379787],[-84.6047343865143,33.5965893285697],[-84.604733529056,33.5965897941624],[-84.6044350635543,33.5967519357447],[-84.6042993660725,33.5968042212558],[-84.6039404474482,33.5969425693841],[-84.6039402893688,33.5969426303547],[-84.6039399949216,33.5969425709834],[-84.6039392755294,33.5969424274552],[-84.6028350573116,33.5967214465565],[-84.6026782712646,33.5966644004473],[-84.6026697275276,33.5966612918395],[-84.6026782297183,33.5966548591168],[-84.6036815876808,33.5958956968949],[-84.603687528693,33.5958912009203],[-84.6036815449525,33.5958861564699],[-84.6032267866619,33.5955027061128],[-84.6027371877108,33.5950896568688],[-84.6027314172222,33.5950847883472],[-84.6027371450879,33.5950801164414],[-84.6027891379381,33.5950377079526],[-84.6027948679433,33.5950330342333],[-84.6027890953096,33.5950281675252],[-84.6023269334435,33.5946384272677],[-84.6023267127124,33.594638241399],[-84.6023264820064,33.5946384288572],[-84.6023259175794,33.5946388870899],[-84.6022630975391,33.594689858801],[-84.6009136699532,33.5957850727471],[-84.600913432799,33.5957852647336],[-84.6009132174371,33.5957850752369],[-84.6009126893196,33.5957846118283],[-84.6004130367375,33.5953453680612],[-84.6002794451566,33.5952279347292],[-84.5999486067937,33.5949372372731],[-84.5999484358086,33.5949370872928],[-84.5999481553549,33.5949372388539],[-84.5999474698095,33.5949376109395],[-84.5988019566215,33.5955583643193],[-84.598006544857,33.5959847897953],[-84.5979644273844,33.5960084080071],[-84.5979641340619,33.5960085731336],[-84.5979639748669,33.5960084104861],[-84.5979635871622,33.5960080132991],[-84.5978873881579,33.5959299651727],[-84.5978299357892,33.5958347992746],[-84.5978148691422,33.5958099791866],[-84.5976883767942,33.5956337041289],[-84.5974979735148,33.594921596399],[-84.5974270452899,33.5945597548169],[-84.5974081024023,33.5945477284524],[-84.597392332746,33.5944564025964],[-84.5973911956133,33.5944498108312],[-84.5973922864075,33.5944468630781],[-84.5974026999449,33.5944187145275],[-84.59741663201,33.5943807399394],[-84.5974422246169,33.5943101563956],[-84.597473214342,33.5942177462383],[-84.5974763654444,33.5942083506744],[-84.5974731722957,33.5942082049014],[-84.597367475045,33.5942033702223],[-84.5973670236188,33.594203373597],[-84.5973663728716,33.5942033776655],[-84.5973659203679,33.5942033810439],[-84.5973654689417,33.5942033844186],[-84.5966229767945,33.5942088430246],[-84.5966225242908,33.5942088464004],[-84.5966220728645,33.5942088497723],[-84.5966214221216,33.5942088547386],[-84.5966209696179,33.5942088581143],[-84.5966205181916,33.5942088614863],[-84.5962300589026,33.5942117189316],[-84.5962296063988,33.5942117223059],[-84.5962291549725,33.5942117256764],[-84.5962285042295,33.5942117306406],[-84.5962280517257,33.5942117340149],[-84.5962276002994,33.5942117373854],[-84.5938747913323,33.5942290792965],[-84.5938746868233,33.5942290796574],[-84.5938743388238,33.5942290817606],[-84.5938742343148,33.5942290821214],[-84.5938742971826,33.5942195422227],[-84.5938793828766,33.5934415401303],[-84.593879835381,33.5934415376663],[-84.5962236973742,33.5934243638661],[-84.5962241487965,33.5934243604955],[-84.5962246012961,33.5934243571213],[-84.5962252520332,33.5934243521572],[-84.5962257034554,33.5934243487867],[-84.5962261559551,33.5934243454125],[-84.5975142555595,33.593414792334],[-84.5975147069816,33.5934147889588],[-84.5975151594811,33.5934147855798],[-84.5975158102224,33.5934147815106],[-84.5975162616445,33.5934147781354],[-84.5976277312807,33.5934177685067],[-84.5976281827656,33.5934177777543],[-84.5976286342549,33.5934177879035],[-84.5976292215372,33.5934178056948],[-84.5976292861813,33.5934178054697],[-84.5976296730131,33.5934178131391],[-84.5976297376617,33.5934178138156],[-84.5976296309734,33.5934082763094],[-84.5976282559036,33.5932849432999],[-84.5976222174236,33.5931931705959],[-84.5975837367972,33.5929503547095],[-84.5975133516732,33.5926313856355],[-84.5974773488164,33.5924880992672],[-84.5974773367187,33.5924880497174],[-84.5974768973947,33.5924881017405],[-84.5974758260016,33.5924882280981],[-84.5974246597912,33.5924942788158],[-84.5973613222394,33.5925027441755],[-84.5973608708221,33.5925027475501],[-84.5973602200876,33.5925027516185],[-84.5973597675928,33.5925027549968],[-84.5973593161755,33.5925027583714],[-84.5962216292644,33.5925111006355],[-84.5962211767695,33.5925111040098],[-84.596220725352,33.5925111073802],[-84.5962200746218,33.5925111123442],[-84.5962196221269,33.5925111157184],[-84.5962191707094,33.5925111190888],[-84.5938856095641,33.5925282571319],[-84.5938855136763,33.592528257463],[-84.5938851570644,33.5925282595959],[-84.5938850611767,33.592528259927],[-84.593885115425,33.5925187200554],[-84.5938856217783,33.5924291056862],[-84.5938856770995,33.592419564909],[-84.5938979192882,33.5913717351894],[-84.5938996700001,33.5912606972968],[-84.5939053312548,33.5907437223131],[-84.5939110751174,33.5902435117852],[-84.5939130741976,33.5901159841423],[-84.5939223699574,33.5893370833621],[-84.5939257595217,33.5892252156464],[-84.5939441911527,33.5886342665051],[-84.5939591450325,33.5881373223218],[-84.5939682131908,33.5878451465318],[-84.5939704685083,33.5877698355933],[-84.5939732522819,33.5876684131077],[-84.5939761783112,33.5875958481478],[-84.5939846983159,33.5874040429669],[-84.5939847352139,33.5874032232194],[-84.5939847497202,33.5874028877473],[-84.5939851866138,33.5874032216607],[-84.5940269415138,33.587435171587],[-84.5941235422715,33.5875137144172],[-84.5942204552414,33.5875886827647],[-84.5942943068205,33.5876486159993],[-84.594366507151,33.587706629826],[-84.5944954129305,33.5878100703802],[-84.5945310336267,33.5878415526342],[-84.594629943823,33.5879220112431],[-84.5947872478635,33.5880572327887],[-84.5948423334485,33.588107061554],[-84.5949172330414,33.588179632224],[-84.5949705080563,33.5882284338803],[-84.5949710935555,33.588228970152],[-84.5949713327341,33.5882291893321],[-84.5949715460326,33.5882289676842],[-84.5950340576761,33.5881638372267],[-84.5957481498802,33.5873400904982],[-84.5957486094374,33.5873395605248],[-84.5957487968982,33.5873393434735],[-84.595749060837,33.5873395589596],[-84.5962647942715,33.5877610667896],[-84.5955237215913,33.5886386964827],[-84.5954596755256,33.5887026792611],[-84.5955438079979,33.5887826383066],[-84.5956256279707,33.5888598570136],[-84.5957005136229,33.5889291289274],[-84.5957794671974,33.5890000755195],[-84.5957800851209,33.5890006306099],[-84.5957803372721,33.5890008578585],[-84.595780537602,33.5890006281392],[-84.5958378049332,33.5889346994568],[-84.5963834352713,33.5883060933915],[-84.596383883046,33.5883055769819],[-84.5963840662292,33.5883053662562],[-84.5963843344505,33.5883055754143],[-84.5969883284337,33.5887773483712],[-84.5962173786882,33.5892590554837],[-84.596138820338,33.5893101725338],[-84.5962156500249,33.5893739407886],[-84.596347533379,33.5894809414525],[-84.5964922494563,33.5895931189792],[-84.5965983854854,33.5896730008555],[-84.5967496708477,33.5897851552502],[-84.5968620736053,33.5898705117056],[-84.5969748041011,33.5899558669169],[-84.5970737077698,33.5900338493597],[-84.5971802229018,33.5901238984611],[-84.5973882131058,33.5902806516133],[-84.5974894442214,33.590364397215],[-84.5976051595934,33.5904552380375],[-84.5977575034178,33.5905816789824],[-84.5976756896811,33.590638579038],[-84.5980986151381,33.590960854866],[-84.5983204617634,33.5911296513187],[-84.5983926512631,33.591184365364],[-84.5986728439875,33.5913972053122],[-84.5987120158634,33.5914281031749],[-84.5987125274806,33.591428506239],[-84.5987127362413,33.5914286714177],[-84.5987129799741,33.5914285037574],[-84.5988662247104,33.5913231501927],[-84.599823006706,33.5907360183527],[-84.599823591014,33.5907356601471],[-84.5998238294595,33.5907355132416],[-84.5998240424309,33.5907356585669],[-84.6002973395391,33.5910587044659],[-84.6003642851957,33.5911150839878],[-84.600304411843,33.591159541545],[-84.6002141188153,33.5912280161807],[-84.6001506490708,33.5912755095682],[-84.6002267946218,33.5913329569718],[-84.6006744276149,33.5916405338599],[-84.6006750308782,33.591640948316],[-84.6006752773739,33.5916411178674],[-84.6006754833727,33.5916409458273],[-84.6009184776879,33.5914377952222],[-84.6009190152125,33.5914373461069],[-84.6009192351575,33.5914371622957],[-84.6009194666331,33.5914373445227],[-84.601349482721,33.5917756168582],[-84.6013158613635,33.59188624379],[-84.6013145025579,33.5918907145406],[-84.6013139460987,33.5918925441828],[-84.6013149539763,33.5918907120532],[-84.6015316544467,33.591496849056],[-84.6021298439285,33.5910770037447],[-84.6012635765401,33.5905578715386],[-84.6013126751734,33.5905260936994],[-84.6013552295922,33.5904990112914],[-84.601227185843,33.5903733135888],[-84.5997439347401,33.5892703989479],[-84.6006384489794,33.5886802281182],[-84.6034433439722,33.5868300970956],[-84.603576227484,33.5867491655075],[-84.6035769449415,33.5867487283685],[-84.6035772381538,33.5867485497039],[-84.6035773963375,33.5867487267748],[-84.6035884661165,33.5867611524025],[-84.6036230498758,33.5867819175194],[-84.6036701457872,33.586809509181],[-84.6036169563377,33.5868759311135],[-84.6036178213056,33.5869171524962],[-84.6036279729419,33.5869767541274],[-84.6036522869161,33.5870448265454],[-84.60365901637,33.587076958202],[-84.6036689990226,33.5871030317585],[-84.6036845602049,33.5871282605836],[-84.6036945581139,33.5871573573895],[-84.6036996665371,33.5871936172116],[-84.6036967080341,33.5872256451239],[-84.6036885380711,33.5872659372294],[-84.6036691962136,33.5873374612212],[-84.6036546205251,33.5873773629795],[-84.6036383711109,33.5874109490254],[-84.6035877817842,33.5874724151878],[-84.6035463662871,33.5875294514886],[-84.6035122046873,33.587592507877],[-84.603496955097,33.587629114581],[-84.6034679793352,33.5877438202437],[-84.6034410934153,33.5878170199823],[-84.6033972591397,33.5879155642092],[-84.6033428347662,33.5879979301268],[-84.6033068316234,33.5880214176813],[-84.6032740388061,33.5880303282938],[-84.6032336678787,33.5880343181605],[-84.6031942785571,33.5880374804234],[-84.603141111048,33.5880434395684],[-84.6030597694909,33.5880624144983],[-84.603026976632,33.5880713250456],[-84.6030155320566,33.5880809844357],[-84.6030037097681,33.5881461610832],[-84.6029575972821,33.5881837006688],[-84.6028929626237,33.5881946467081],[-84.6028399222256,33.588225889052],[-84.6028203429889,33.5882504186127],[-84.602802434638,33.58828071298],[-84.6027884813031,33.5883140158093],[-84.6027760331377,33.5883852412494],[-84.60282722047,33.5885079099973],[-84.6032993438757,33.5896337212543],[-84.6032994703703,33.5896340228679],[-84.6032995216282,33.5896341462161],[-84.6032999228542,33.5896340203696],[-84.603800500997,33.5894773738247],[-84.6038818766717,33.5894647190033],[-84.604046128681,33.5894116459401],[-84.6042120098825,33.5893560936137],[-84.6043454179422,33.5893078007722],[-84.6044581528043,33.589262605135],[-84.6045708830676,33.5892163093724],[-84.6046862120097,33.5891645086211],[-84.6047484533226,33.5891346061633],[-84.6046840756996,33.589066676713],[-84.6046565966886,33.5872028762782],[-84.6037964402505,33.5869140483768],[-84.6037963391928,33.586828850663],[-84.6037948919697,33.5861511249132],[-84.6037921816477,33.5847026677638],[-84.6037921802697,33.5847019671695],[-84.6037921799011,33.584701680439],[-84.603792631655,33.584701965575],[-84.6038870502938,33.5847615328094],[-84.6039448177556,33.5848215162163],[-84.60399905384,33.5848325927556],[-84.6052129616491,33.5855997449115],[-84.6056837167309,33.5866773336769],[-84.6056122096273,33.5868224228783],[-84.6054262935153,33.5872004246173],[-84.6061908011079,33.5879875732287],[-84.606258798541,33.588059448286],[-84.6062592762103,33.5880599524269],[-84.606259471182,33.5880601591187],[-84.6062597286857,33.5880599499178],[-84.6063651021481,33.587974311677],[-84.6062941567234,33.5879064054888],[-84.6057696632514,33.5872434535104],[-84.6057724531384,33.5868218543718],[-84.6057726035491,33.5867218160609],[-84.6061063346426,33.5864834529481],[-84.6061289677021,33.5864138401535],[-84.6061942937137,33.5863451757644],[-84.6062317964408,33.5862939240767],[-84.6062561659461,33.5862429940412],[-84.6062773897623,33.5862192831228],[-84.6063068544138,33.586201589535],[-84.60646082164,33.5861293117416],[-84.6064962635901,33.5861250633344],[-84.6065257340599,33.5861087438217],[-84.6065585188351,33.5860984582302],[-84.6066214074903,33.5860671792812],[-84.6066681534917,33.5860255136335],[-84.6067032403038,33.5860160448483],[-84.6067360040945,33.5860016368409],[-84.6067507330089,33.5859922404365],[-84.6068221201003,33.5859532353934],[-84.6068466370922,33.5859314368317],[-84.6068913818119,33.5858837316068],[-84.6069273370309,33.5858511741648],[-84.6069593318938,33.5858147824677],[-84.6070346985142,33.5856542881069],[-84.607126984985,33.5855280880763],[-84.607203635661,33.5854264023902],[-84.6072673015111,33.5853544450251],[-84.6072802948606,33.5853266407932],[-84.607299869385,33.5853015614226],[-84.6073243958542,33.5852816868993],[-84.6073625671814,33.5852329057706],[-84.6074031734942,33.5851464648434],[-84.6074054015049,33.5851327154282],[-84.6074136652108,33.5850788192139],[-84.6074233706807,33.5850502016464],[-84.6074386467876,33.5850196472821],[-84.6074390981927,33.585019649281],[-84.6079635977374,33.5850224389517],[-84.6079640491379,33.585022440047],[-84.6080419690729,33.585041676141],[-84.6081247581376,33.585049627524],[-84.6081252106339,33.5850496322215],[-84.6094332672105,33.5850677541982],[-84.6094337186296,33.5850677588947],[-84.6092507771555,33.585574102417],[-84.6100201733126,33.5857725238967],[-84.6103029443566,33.5858454394572],[-84.6103033968247,33.5858454378351],[-84.6109553668061,33.5858430988192],[-84.6109558181969,33.5858430971986],[-84.6109562706651,33.5858430955741],[-84.6109569213573,33.5858430932379],[-84.6109573727482,33.5858430916173],[-84.6109644121128,33.5861275049719],[-84.6109648645361,33.5861274943308],[-84.6126975683625,33.586091057915],[-84.6126980197221,33.5860910499764],[-84.6126909576221,33.5856758105917],[-84.6126914101079,33.5856758125675],[-84.6130024651843,33.5856774267224],[-84.6130029165927,33.585677428701],[-84.6130033690784,33.5856774306756],[-84.6141498158559,33.5856834522117],[-84.6141502672643,33.5856834541861],[-84.6141507197501,33.5856834561565],[-84.615170741573,33.5856888252897],[-84.6151711929815,33.5856888272603],[-84.6151716454718,33.5856888301287],[-84.6160143448229,33.5856934589016],[-84.6160147962313,33.5856934608692],[-84.616082071353,33.5857528044242],[-84.6160825540413,33.5857532291618],[-84.6160827510173,33.5857534033707],[-84.6160830065039,33.5857532266169],[-84.6161007468089,33.5857409706893],[-84.6161547398519,33.5857047717462],[-84.6162247635714,33.5856569713464],[-84.6162633729767,33.5856304472717],[-84.6163098382371,33.5855989480714],[-84.6163458382404,33.5855757317664],[-84.6163854276003,33.5855481049552],[-84.6164266573137,33.5855201971598],[-84.6164652708769,33.5854944980363],[-84.6164940649611,33.585474880302],[-84.6165215525853,33.5854563664476],[-84.6165506737931,33.585436472501],[-84.6165919048273,33.5854088396555],[-84.6166400059465,33.5853762352462],[-84.6166812344186,33.5853483273704],[-84.6167195160477,33.5853218043454],[-84.6167636948653,33.5852927865748],[-84.6168059004209,33.5852632259466],[-84.616737296598,33.5852046621492],[-84.6151643409587,33.5843644462362],[-84.6147166333685,33.584124823031],[-84.6147165285831,33.5841247675067],[-84.6147161819869,33.5841248246652],[-84.6147153338007,33.5841249656919],[-84.6135801701216,33.5843129392984],[-84.61357972127,33.5843130139548],[-84.6135797176662,33.5843129418341],[-84.6135797070549,33.5843127642431],[-84.6135007400691,33.5829413477301],[-84.6134931645716,33.5828094559661],[-84.6142504840065,33.5823887032495],[-84.615037919199,33.5819513461173],[-84.6151515310496,33.5818882727486],[-84.615759859412,33.5815502272372],[-84.6157603118668,33.5815502273986],[-84.6164010990119,33.5815500878757],[-84.6164015503894,33.5815500880388],[-84.6164020028395,33.5815500872962],[-84.6164026535084,33.581550086735],[-84.6164031048812,33.5815500859964],[-84.6163892681288,33.5811612523404],[-84.6163758320471,33.5807867078035],[-84.6163562750882,33.5802445402772],[-84.6163558237363,33.5802445437206],[-84.6163551731099,33.5802445505931],[-84.6163547206854,33.580244554942],[-84.6163542693427,33.5802445601887],[-84.616206023742,33.5802461780638],[-84.6162055713174,33.5802461824122],[-84.6162051199701,33.5802461867567],[-84.616204469339,33.5802461927267],[-84.6162040169097,33.5802461961734],[-84.6162035655578,33.5802461996162],[-84.6161324769834,33.5802467238086],[-84.6161320245495,33.5802467263534],[-84.6161315731928,33.5802467288943],[-84.6161309225383,33.5802467303557],[-84.6161304700951,33.5802467310972],[-84.616130018729,33.5802467318348],[-84.6160346292744,33.5802468095321],[-84.6160341768311,33.5802468102732],[-84.6160337254651,33.5802468110104],[-84.6160330748059,33.5802468115696],[-84.616032622358,33.5802468114091],[-84.6160321709919,33.5802468121463],[-84.6151434979733,33.5802478419387],[-84.61514304553,33.5802478426766],[-84.6151425941639,33.5802478434106],[-84.6151419435047,33.5802478439651],[-84.6151414910614,33.580247844703],[-84.6151410396906,33.5802478445353],[-84.6148798361594,33.5802479747895],[-84.6148793837114,33.5802479746248],[-84.6148565405279,33.5795131592384],[-84.6151387966247,33.5794263895036],[-84.6176846582888,33.5786448654193],[-84.6176214883236,33.5784307275073],[-84.6178657040376,33.5783542592312],[-84.6179548081806,33.5783149081677],[-84.6179157963007,33.578200446949],[-84.6178811550329,33.5781054819726],[-84.6178325833043,33.5779836339097],[-84.6177703425728,33.5778219853304],[-84.6177263901134,33.5777042437303],[-84.6177018261504,33.5776447994227],[-84.6177017825183,33.5776446949877],[-84.6177013748027,33.5776448010675],[-84.6177003764863,33.5776450598791],[-84.6176083324596,33.5776689460672],[-84.6176078811164,33.5776689486134],[-84.6176072304954,33.5776689527873],[-84.6176067780751,33.5776689553374],[-84.6176063267319,33.5776689578836],[-84.6151302429103,33.5776850943191],[-84.6151297904897,33.5776850968601],[-84.6151293391509,33.5776851002989],[-84.6151286885296,33.5776851044598],[-84.615128236109,33.5776851070008],[-84.6151277847702,33.5776851104396],[-84.6144098940339,33.577689899822],[-84.6144094416178,33.577689903262],[-84.614408990279,33.5776899066982],[-84.6144083396575,33.5776899108553],[-84.6144078872368,33.5776899133937],[-84.6144074358933,33.5776899159282],[-84.6135037094719,33.5776956490286],[-84.6135032570511,33.5776956515637],[-84.6135028057121,33.5776956549966],[-84.6135021550905,33.5776956591489],[-84.6135017026697,33.577695661684],[-84.6135012513261,33.5776956642152],[-84.612413990335,33.5777026009729],[-84.6124135379141,33.577702603504],[-84.6123807271208,33.5755989564523],[-84.6123807257378,33.5755988969469],[-84.6123802757881,33.5755989589793],[-84.6123791745954,33.5755991108193],[-84.6119099046339,33.5756638024754],[-84.6116654724865,33.5756976611558],[-84.6114085702214,33.5757329383144],[-84.6110109139428,33.5757876834382],[-84.6108983754228,33.5758032030674],[-84.6103563357229,33.5758741299053],[-84.6102777110771,33.5758880784003],[-84.6102772795102,33.5758881547859],[-84.6102772597381,33.5758880800179],[-84.6102772092514,33.5758878971593],[-84.6102575363429,33.5758156706166],[-84.6102651564246,33.5753797618706],[-84.6102442983005,33.5750890659468],[-84.6105043276591,33.5750235486937],[-84.6112847035972,33.5748836068877],[-84.6119977701858,33.5747439032744],[-84.6123662190957,33.5746928326056],[-84.6123514233373,33.5737304290133],[-84.6127896252758,33.5736918790082],[-84.6127907267265,33.5736917821657],[-84.6127911778591,33.5736917426694],[-84.6127911780493,33.5736917796373],[-84.612803914148,33.574571978728],[-84.6128055793446,33.5746408416225],[-84.6128055808346,33.5746409218661],[-84.6128055820834,33.5746409552235],[-84.6128060332442,33.5746409202353],[-84.6128318377952,33.5746389373102],[-84.6128876295807,33.574634338718],[-84.6129473602161,33.574629450888],[-84.6129791949614,33.5746268628061],[-84.6130087352753,33.5746251071196],[-84.613036962528,33.5746233570633],[-84.6130651883592,33.5746213310936],[-84.6130944001338,33.5746195765716],[-84.6131541434843,33.5746171627872],[-84.6132148699441,33.5746144704166],[-84.6132417858701,33.5746132732621],[-84.6132545591958,33.5745434205379],[-84.6132332306156,33.5736530464724],[-84.6132289880016,33.5734667264787],[-84.6143188649046,33.5734197029798],[-84.6143199666059,33.5734196557149],[-84.6143204178667,33.5734196414593],[-84.6143601184419,33.5744960028091],[-84.6143604645603,33.5745630490694],[-84.6143609169181,33.5745630375148],[-84.614474585344,33.5745604577804],[-84.6144750366386,33.5745604489342],[-84.6145987809392,33.5745536786218],[-84.6147248228195,33.5745469016718],[-84.6150760718971,33.5745351855329],[-84.6151134887462,33.5745328516889],[-84.6152273833686,33.5745261173375],[-84.6154167914627,33.5745191100168],[-84.6155884591031,33.5745099675733],[-84.6157551919538,33.5744989195288],[-84.6158789122012,33.5744877514667],[-84.6159849058943,33.5744769235468],[-84.6160807314137,33.5744680557266],[-84.6161640801352,33.5744592331454],[-84.6162270736993,33.5744504853463],[-84.616300245704,33.5744419746477],[-84.6163717714711,33.5744323698462],[-84.6163924117061,33.5743605640537],[-84.6163807571844,33.5735058843022],[-84.616378680517,33.5730422523821],[-84.6163766534286,33.5725879642876],[-84.6163747033435,33.5721485174238],[-84.6163729656253,33.5717500192566],[-84.6163711131739,33.5713927477959],[-84.616371565571,33.571392747054],[-84.6172745901895,33.5713911065961],[-84.6172750415094,33.5713911058547],[-84.6172754939064,33.5713911051094],[-84.6172761444943,33.5713911036426],[-84.6172765958096,33.5713911019995],[-84.6172824211154,33.5715661037202],[-84.617282428754,33.5715663300124],[-84.6172824313907,33.5715664228752],[-84.6172828811472,33.5715663283654],[-84.6177382906576,33.5714704960782],[-84.6185581792692,33.5712982090539],[-84.6186611454147,33.5712741984278],[-84.618614578096,33.5711583898275],[-84.6185807238104,33.5710881567618],[-84.6184975370013,33.5709384030601],[-84.6184303391619,33.570832837862],[-84.6183569164416,33.5707294954244],[-84.6180378727624,33.570302472557],[-84.6179512448393,33.5701851615038],[-84.6178434759101,33.5700429168264],[-84.6177406561632,33.5699053264871],[-84.6176648636335,33.5697879748335],[-84.6176062194762,33.5696854022064],[-84.6175246872201,33.5695375659469],[-84.6175094105531,33.5695038169419],[-84.6175024346061,33.5694881766715],[-84.6174954472362,33.5694703381617],[-84.6174891340431,33.5694557955185],[-84.6174814839348,33.5694368602814],[-84.6174738334778,33.5694176500345],[-84.6174655159933,33.5693965180446],[-84.6174588738641,33.5693789920575],[-84.6174588585832,33.5693789533412],[-84.6174584225593,33.5693789937012],[-84.6174573556503,33.5693790931641],[-84.6150899509806,33.5695994523138],[-84.6144964544591,33.5696554273317],[-84.6144960033622,33.5696554695391],[-84.6144960020757,33.5696554289684],[-84.6144960004818,33.5696553288884],[-84.6144936523975,33.5695180620498],[-84.6144932010732,33.569518060076],[-84.613452678447,33.5695111102045],[-84.6134522260456,33.5695111082308],[-84.613424915542,33.5663121814872],[-84.6134253679267,33.5663121834611],[-84.6150709980596,33.5663210503629],[-84.6150714493719,33.5663210532364],[-84.6150719017565,33.5663210552043],[-84.6150725523299,33.5663210582577],[-84.6150730036422,33.5663210611312],[-84.6150734560269,33.5663210630991],[-84.6155811812591,33.5663234624987],[-84.6155816325667,33.5663234644687],[-84.6155820849514,33.5663234664348],[-84.6155827355247,33.5663234694855],[-84.6155831868323,33.5663234714555],[-84.615583639217,33.5663234734215],[-84.6158920840362,33.5663246699259],[-84.6158925353438,33.5663246718948],[-84.6158929877238,33.5663246729581],[-84.6158936382925,33.5663246751054],[-84.6158940895908,33.566324675271],[-84.6159039928479,33.5664620562873],[-84.6159044452286,33.5664620573506],[-84.6168874706847,33.5664672735533],[-84.6168879219931,33.5664672755185],[-84.6168883743784,33.5664672774798],[-84.6169826798371,33.5664677513563],[-84.6169831311408,33.5664677524195],[-84.6170065019304,33.5666061834824],[-84.6170146831276,33.5666644171963],[-84.6170279884394,33.5667611094062],[-84.617032784037,33.5667995681966],[-84.6170454091984,33.5668915904017],[-84.6170573788028,33.56698389],[-84.6170455526552,33.5670457707404],[-84.6170259757701,33.5671321384899],[-84.6170840735039,33.5671932147866],[-84.6171077400595,33.5673885331548],[-84.617117267186,33.5674530835926],[-84.6171428553462,33.5676390509047],[-84.6171678090882,33.5678291429678],[-84.6171801248,33.5679268513232],[-84.6171801349105,33.5679269315354],[-84.6171805861702,33.5679269226795],[-84.617282952307,33.5679208027954],[-84.6172831902905,33.5679207920106],[-84.6172834046578,33.5679207966403],[-84.6172836426835,33.5679207939704],[-84.6174270097872,33.5679217263689],[-84.6202086592685,33.5679397842613],[-84.6202091105891,33.567939787116],[-84.6202095629869,33.5679397899668],[-84.6203373582819,33.5679406867834],[-84.6203378095979,33.567940688736],[-84.6203204243677,33.5685085535494],[-84.6203248255372,33.5690362121829],[-84.6203291879916,33.5695564510413],[-84.620329640393,33.5695564529899],[-84.6220262327086,33.5695677922365],[-84.6220266840377,33.5695677950845],[-84.6220271364439,33.5695677979286],[-84.6220277870462,33.5695678018468],[-84.6220282383752,33.5695678046948],[-84.6220286907767,33.5695678066372],[-84.6220918956927,33.5695681015781],[-84.6220923470171,33.5695681035242],[-84.6220927994186,33.5695681054663],[-84.6220934500114,33.5695681075809],[-84.6220939013263,33.5695681077237],[-84.622094693048,33.5696563263461],[-84.6220981705604,33.5700685595454],[-84.6221019694333,33.5704794173846],[-84.6221054899861,33.5708996202606],[-84.6221092500108,33.5713030574166],[-84.6221127681636,33.5717229861367],[-84.622116545624,33.5721297214948],[-84.6221173071104,33.5722121676806],[-84.6221197333901,33.5724867145957],[-84.6221207936386,33.5726260498357],[-84.6221224974157,33.5728255702794],[-84.6221241820784,33.5730212433483],[-84.6221253534779,33.5735568832538],[-84.622103408025,33.5736292448118],[-84.6222302955053,33.5736587341193],[-84.6225031689658,33.5737283610926],[-84.6228931691322,33.573844001848],[-84.6230526991674,33.5738997538291],[-84.6232362680886,33.5739688834126],[-84.6234323853053,33.5740517088081],[-84.6236782383813,33.5741645806354],[-84.6238743984733,33.5742553750505],[-84.6242947081876,33.574452249201],[-84.624692672726,33.5746450821555],[-84.6252124688114,33.5749036966669],[-84.6256112484371,33.5750948744553],[-84.6258153405013,33.5751945683155],[-84.6259528895935,33.5752525963451],[-84.6260161821823,33.5752759816698],[-84.6260172571705,33.5752763789244],[-84.6260176964485,33.5752765413985],[-84.6260177085006,33.5752763763477],[-84.6260230461159,33.5752017674867],[-84.6260282828027,33.5742997545262],[-84.626035716451,33.5730067878122],[-84.6260370921156,33.572770704931],[-84.6260375445242,33.5727707050552],[-84.6267843099105,33.5727703946114],[-84.6267847612418,33.5727703947369],[-84.6267852136455,33.5727703939568],[-84.6267858642478,33.5727703933415],[-84.6267863155744,33.5727703925654],[-84.6267832130836,33.5724950251109],[-84.6267772477716,33.5719275226662],[-84.626766035664,33.5708661690145],[-84.6267616902852,33.5704803231874],[-84.6267570661454,33.5700417106548],[-84.626756008737,33.5699042995917],[-84.6267479131208,33.5694920837827],[-84.6267469106075,33.569426952436],[-84.6267404735558,33.569079865507],[-84.6267340817603,33.5687412983014],[-84.626732264821,33.5686464877878],[-84.626724919818,33.5682518589484],[-84.6267235340017,33.5681144481641],[-84.6267157662461,33.5677022319159],[-84.626707290176,33.5672801233062],[-84.6267059180436,33.5672070234166],[-84.6267049491288,33.5671482126524],[-84.6267004623677,33.5669212194698],[-84.6266999531412,33.5668871426073],[-84.6266990406988,33.566838775716],[-84.6266936608698,33.5665672629977],[-84.6266918699036,33.5664771248265],[-84.6266865901707,33.565976677656],[-84.626685369181,33.5658703234598],[-84.6266722865478,33.564641328372],[-84.6266707319094,33.5644720385486],[-84.6266641966792,33.5638586404645],[-84.6266601860346,33.5634733411693],[-84.6266601835091,33.5634730679714],[-84.626659734766,33.5634733437478],[-84.6266586386707,33.5634740168631],[-84.6257973020075,33.5640031222895],[-84.6256052224444,33.5641211874487],[-84.6254929848527,33.5641900360694],[-84.6253997258737,33.5642472719288],[-84.625313993542,33.5643000823667],[-84.6252678554254,33.5643285604613],[-84.6248522792557,33.5645840432488],[-84.6245774076712,33.564752706809],[-84.6244553507994,33.5648276374387],[-84.6240580945081,33.5650717815894],[-84.6236611630246,33.5653156482563],[-84.6236101140363,33.5653468930675],[-84.6232596494367,33.5655625538659],[-84.6229566288261,33.5657486325025],[-84.6228636935429,33.5658055902489],[-84.6227053107097,33.5659029144538],[-84.6221902405716,33.5662197665888],[-84.6220679749239,33.5662946965361],[-84.6220675250744,33.5662949723],[-84.6220675225632,33.5662946991021],[-84.6220675168969,33.5662940300808],[-84.6220242023995,33.5611684359871],[-84.6220237511377,33.561168437647],[-84.6220231006316,33.5611684400398],[-84.6220226482928,33.5611684417037],[-84.6220221970311,33.5611684433636],[-84.6208783378172,33.5611726455991],[-84.6208778854783,33.5611726472587],[-84.6208677042204,33.5602311142905],[-84.6209451912692,33.5601711913874],[-84.6212351821055,33.5599447649788],[-84.621290430651,33.5599008642263],[-84.6213375189902,33.5598660624661],[-84.6213891682027,33.5598246481833],[-84.621423506253,33.5597997873026],[-84.6214574967166,33.5597710802424],[-84.6215019578012,33.5597360130605],[-84.6215147036706,33.5597252480207],[-84.6216258578248,33.5596379929464],[-84.6218514163659,33.5594574239149],[-84.6221773824361,33.5592061291677],[-84.622228046502,33.559164718159],[-84.6223622432728,33.5590273581074],[-84.6224634237247,33.5589165033853],[-84.6224945759948,33.5588476810497],[-84.6224396042393,33.5580063501007],[-84.6226936198823,33.5577297942167],[-84.6226947207129,33.5577285954421],[-84.6226951715424,33.5577281050734],[-84.622695171952,33.5577285928782],[-84.6226958877479,33.5582390132009],[-84.6228041274276,33.5582535263401],[-84.6228051760687,33.5582536667444],[-84.6228056050118,33.5582537246745],[-84.6228056273104,33.5582536641801],[-84.6228499583747,33.558135933222],[-84.6228708298559,33.558047360507],[-84.6230044707745,33.5577423551419],[-84.6230444613269,33.5576691026101],[-84.6230847557126,33.5575911773657],[-84.6231412961429,33.5574813107754],[-84.6232378032825,33.5573561819873],[-84.6232935806667,33.5572886427729],[-84.6233600828733,33.5572007257843],[-84.6234281842685,33.5571048338536],[-84.6234516424447,33.5570712176079],[-84.62352657784,33.5569640321713],[-84.6236611554736,33.5567752755975],[-84.623582201357,33.556742587346],[-84.6235652614414,33.5562685661265],[-84.6235349924437,33.5553199602227],[-84.6235334312028,33.5552729706585],[-84.6236492231968,33.5552574267142],[-84.6238589924094,33.555198113666],[-84.6241309190462,33.5550987192524],[-84.6243001587215,33.555010147967],[-84.6243896889613,33.5549323143789],[-84.6245393218141,33.5548605801069],[-84.6246466031526,33.5548497400913],[-84.6247863021218,33.5548239384523],[-84.6249286163757,33.5547962037018],[-84.6250407636001,33.5547122392896],[-84.6251268294472,33.5547035178965],[-84.6251276819267,33.5547034317856],[-84.6251280317434,33.5547033962265],[-84.6251281342315,33.5547034301107],[-84.6252727147318,33.5547512307477],[-84.6253316210611,33.5547850534827],[-84.6253323426434,33.5547854673835],[-84.6253326386241,33.5547856376053],[-84.6253327949486,33.5547854657078],[-84.6256469174555,33.554440109495],[-84.6261106649616,33.5539307758334],[-84.6263838077346,33.5536285472654],[-84.6265192453725,33.5534804598318],[-84.6266317844803,33.5533472980014],[-84.6266879157102,33.5532855275499],[-84.6267518806616,33.55321548304],[-84.6268690375022,33.5530867013035],[-84.6268843893343,33.55307235268],[-84.6269251946266,33.5530298772396],[-84.6269806452162,33.5529637117124],[-84.6271322333994,33.5528903169738],[-84.6272138971417,33.5528773699284],[-84.6272143494081,33.552877362836],[-84.627343416395,33.5528746978991],[-84.627343867575,33.552874689007],[-84.6273443198366,33.5528746810124],[-84.6275659457045,33.552870845472],[-84.6275663968844,33.552870836579],[-84.6275668491365,33.5528708267803],[-84.6280086901191,33.5528601301331],[-84.6280091412988,33.5528601212385],[-84.6280087702464,33.5527903139938],[-84.6279648549365,33.550950482023],[-84.6250521226823,33.5505856049829],[-84.6250009316268,33.5505792465231],[-84.6250005555485,33.5505792001265],[-84.6250004793434,33.5505792481974],[-84.6250002936647,33.5505793661027],[-84.6249445488765,33.5506146954369],[-84.6249442869924,33.5506148614129],[-84.6249440965977,33.5506146980126],[-84.6249436303503,33.5506142984925],[-84.624588511932,33.5503097413305],[-84.6245403657979,33.5502673196999],[-84.6243010046814,33.5500656539183],[-84.6240346023017,33.5498399027955],[-84.6238497426344,33.5497031700674],[-84.6237139183065,33.5495904408198],[-84.6236038071645,33.5494990529804],[-84.6235220362015,33.5494287237181],[-84.6234277488272,33.549350194745],[-84.6233364313256,33.5492746780652],[-84.6231950010179,33.5491570223142],[-84.6231069527771,33.5490787450968],[-84.6230060756979,33.5489952925885],[-84.6229214042744,33.5489351418145],[-84.622826832872,33.54886485925],[-84.6227389069139,33.5488099419473],[-84.6226697738654,33.5487708952063],[-84.6225914236803,33.5487266607582],[-84.6225035542965,33.5486824622074],[-84.622412415769,33.5486407480237],[-84.6223212513643,33.5485940872702],[-84.6222176266331,33.5485496714831],[-84.6221551276606,33.5485237924716],[-84.6220673264614,33.5484925098733],[-84.6219509030302,33.5484484150441],[-84.6218667198253,33.5484184931538],[-84.6217627815003,33.548376825544],[-84.6217197066303,33.5483621431667],[-84.6215536112114,33.5482970690591],[-84.6212648375504,33.5481843488738],[-84.6210862410525,33.5481138234109],[-84.6209385414426,33.5480514292659],[-84.6208872139376,33.548027706909],[-84.6208042981516,33.5479889846869],[-84.6207453861843,33.5479584202143],[-84.6206637501307,33.5479133724502],[-84.6205725471807,33.5478590147263],[-84.6205210661985,33.5478277286127],[-84.6205208523023,33.5478275986536],[-84.6205206150061,33.5478277302665],[-84.620520033032,33.5478280515933],[-84.620445498623,33.5478692383575],[-84.6204452505865,33.5478693754197],[-84.6204450463582,33.5478692409167],[-84.6204445482041,33.5478689109254],[-84.6204030914588,33.5478414967929],[-84.6203615849183,33.5478127916277],[-84.6203207338351,33.5477838090354],[-84.6202805342627,33.54775399991],[-84.6202406627911,33.547723914558],[-84.6202017701875,33.5476930014748],[-84.6201632046033,33.5476618112682],[-84.6201256200455,33.5476297942257],[-84.6201028698923,33.5476100893436],[-84.6200883610707,33.5475972250547],[-84.6200517564809,33.5475643793662],[-84.6201911809998,33.5474880151981],[-84.621842091843,33.5465829980857],[-84.6218431859937,33.5465823980551],[-84.6218436337495,33.5465821529563],[-84.6218436371749,33.5465823954948],[-84.6218452357741,33.5466997771187],[-84.6218456880469,33.5466997772595],[-84.6235358743761,33.5467015114441],[-84.623536325572,33.5467015115826],[-84.6235367778447,33.5467015117172],[-84.6235374282613,33.546701512924],[-84.6235378794572,33.5467015130625],[-84.62353833173,33.546701513197],[-84.6278680839101,33.5467055138641],[-84.6278685351059,33.5467055139869],[-84.6278689873833,33.5467055150073],[-84.6278696377997,33.5467055161913],[-84.6278700889954,33.546705516314],[-84.6278705412728,33.5467055173344],[-84.6281405085772,33.5467058711909],[-84.6281409597778,33.5467058722143],[-84.6281414120551,33.5467058732337],[-84.6281420624619,33.546705872613],[-84.6281425147345,33.5467058727307],[-84.6281429659398,33.5467058746558],[-84.6311775515771,33.5467088064792],[-84.6311780027728,33.5467088065898],[-84.6311784550452,33.5467088066965],[-84.6311791054518,33.5467088060598],[-84.6311795566474,33.5467088061705],[-84.6311557184482,33.5455045850045],[-84.631151615363,33.5452899562985],[-84.6311423693963,33.544788702083],[-84.6311428216684,33.5447887039932],[-84.6313684776075,33.5447894866513],[-84.6313689288028,33.5447894885647],[-84.6313693810748,33.544789490474],[-84.6313700314816,33.5447894925414],[-84.631370482672,33.5447894935532],[-84.6313709349393,33.5447894945609],[-84.6321378216014,33.5447915462484],[-84.6321382727919,33.5447915472573],[-84.6321387250591,33.5447915482622],[-84.6321393754658,33.5447915503255],[-84.6321398266563,33.5447915513345],[-84.6321402789235,33.5447915523393],[-84.6335960964136,33.5447956739393],[-84.633596547604,33.5447956749429],[-84.6335969998712,33.5447956759425],[-84.633597650273,33.5447956770965],[-84.6335981014586,33.5447956771985],[-84.6335985537113,33.5447956754931],[-84.6336935730779,33.5447953180432],[-84.6336940242538,33.5447953163414],[-84.6336944765065,33.5447953146357],[-84.6336951268889,33.5447953121826],[-84.6336955780599,33.5447953095792],[-84.6336916210832,33.5444866887492],[-84.6336901689071,33.5443388355033],[-84.6336883344587,33.5442418265325],[-84.6336863684485,33.5441203582756],[-84.6336841656826,33.5440159307938],[-84.6336813772884,33.5438636850992],[-84.6336781363135,33.5436883545789],[-84.6336752691962,33.5435212675749],[-84.633673633531,33.5434003480805],[-84.6336736443842,33.5432802465064],[-84.6336718165601,33.5431235987916],[-84.6336669507778,33.5428900107304],[-84.6336659320626,33.5427616680968],[-84.6336633361907,33.5425841368237],[-84.6336613924534,33.5424667909162],[-84.63365928734,33.5423805020705],[-84.633655914674,33.5422417241806],[-84.6336535994091,33.5421774226131],[-84.6336525379891,33.5421326286039],[-84.633651020647,33.5420639265478],[-84.6337505127916,33.5420588896294],[-84.633750766858,33.5420588796542],[-84.6337509650009,33.5420588825135],[-84.6337512191158,33.542058881555],[-84.6347392203461,33.5420642108713],[-84.6347396715272,33.5420642127725],[-84.6347640467064,33.5437851203027],[-84.6347644989634,33.5437851203964],[-84.6378318322495,33.5437935329433],[-84.6378322834345,33.5437935339315],[-84.6378327356964,33.5437935349156],[-84.6378333860905,33.5437935360475],[-84.6378338372707,33.5437935361341],[-84.6378313166664,33.5435709353371],[-84.6378317689222,33.5435709354196],[-84.641768534143,33.5435819867008],[-84.6417689853268,33.5435819876746],[-84.6417694375875,33.5435819886444],[-84.6417700879847,33.5435819906573],[-84.6417705391587,33.5435819898278],[-84.6417838708199,33.5448186795049],[-84.6417834196346,33.5448186794328],[-84.641782769233,33.5448186783218],[-84.641782316966,33.5448186773521],[-84.6417818657757,33.5448186763783],[-84.6361258360151,33.5448028887747],[-84.6361253837529,33.5448028886861],[-84.636126943505,33.545485836759],[-84.6361270205807,33.5455303594373],[-84.6361274664106,33.5456128070236],[-84.6362801347821,33.5463498749579],[-84.636279683574,33.5463498721608],[-84.6362790309972,33.5463498692259],[-84.6362785787123,33.5463498664329],[-84.6362781275041,33.5463498636358],[-84.6338254161555,33.5463330571407],[-84.6338249638609,33.5463330525354],[-84.6338245126139,33.5463330425161],[-84.6337308767853,33.5463306744984],[-84.6337304244713,33.5463306662862],[-84.6337304268481,33.5463307077543],[-84.6337396978858,33.5464683199744],[-84.6337401501521,33.54646831917],[-84.6338292653791,33.5464682489715],[-84.6338297165733,33.5464682490726],[-84.6338301688396,33.5464682482679],[-84.6338308192442,33.5464682476173],[-84.6338312704384,33.5464682477183],[-84.6338317227241,33.5464682505203],[-84.6363122594736,33.5464863399146],[-84.6363127106825,33.5464863427116],[-84.6364213835739,33.5471595456015],[-84.6364218358484,33.547159545689],[-84.6417809384316,33.5471682156131],[-84.6417813896341,33.5471682165868],[-84.6417818419134,33.5471682175563],[-84.6417824923227,33.5471682168639],[-84.6417829435202,33.547168216936],[-84.6417828454248,33.548769385825],[-84.6417823942387,33.5487693893597],[-84.641781743847,33.5487693954621],[-84.641781291584,33.548769399001],[-84.6417808404028,33.5487694034373],[-84.6394395457196,33.5487929158337],[-84.6394390934612,33.5487929202656],[-84.6394472253491,33.5489300322715],[-84.639449929496,33.5489745448834],[-84.6394668942966,33.5490158417654],[-84.6394949720463,33.5490485771758],[-84.6395311433367,33.5490907627883],[-84.6395312221845,33.5491352854234],[-84.6395422559481,33.5491724824842],[-84.6395546304251,33.549214621917],[-84.6395628396668,33.5492455090176],[-84.6395740666672,33.5492879278415],[-84.6395860820415,33.5493244340713],[-84.6395997654965,33.5493658814218],[-84.6396058692345,33.5494018611092],[-84.6396133286621,33.5494455314182],[-84.6396137778693,33.5495279789109],[-84.6396216800114,33.5495625766718],[-84.639631597069,33.5496056875685],[-84.6396424650161,33.5496424740865],[-84.6396550025412,33.5496844749263],[-84.6396637162949,33.5497174213203],[-84.6396751078368,33.5497599765573],[-84.6396925537969,33.5497992112353],[-84.6397212850197,33.5498312561137],[-84.6397503451311,33.5498635756412],[-84.6398155451683,33.5499320341673],[-84.6398635176322,33.550001520588],[-84.6399271124323,33.5501069502728],[-84.6399368675601,33.550210386548],[-84.6399410476321,33.5502547564422],[-84.6398908938844,33.5503570475526],[-84.6398722283399,33.5503951831184],[-84.6398977975355,33.5505096901325],[-84.6400811910135,33.5505715030891],[-84.6400814952593,33.5505716065202],[-84.6400816193296,33.5505716484245],[-84.6400819475416,33.5505716047908],[-84.6401898580252,33.5505572179672],[-84.6403314443624,33.5505184751073],[-84.640429852624,33.5505071053654],[-84.6405323829574,33.5504982606902],[-84.6405329620482,33.5504982106851],[-84.6405331977726,33.550498189946],[-84.6405334143301,33.5504982089541],[-84.6406359846374,33.5505071414706],[-84.6407329183087,33.5505262826118],[-84.6408275104205,33.5505674199963],[-84.6408779757853,33.5506423930766],[-84.6408782197673,33.5506870521184],[-84.6408897572796,33.5507260342371],[-84.6409022955697,33.5507680349366],[-84.6409004806416,33.5507963499829],[-84.6408977700446,33.5508408832858],[-84.6409056728285,33.5508754818536],[-84.6409155917526,33.5509185917256],[-84.6409330129812,33.5509531538313],[-84.6409662976707,33.5509776240283],[-84.6410104584645,33.5510098835976],[-84.6410633356564,33.5510756412509],[-84.6411244021498,33.5511383441816],[-84.641187157957,33.5512098346447],[-84.6412638020482,33.5512700036038],[-84.6413274019352,33.5513457502711],[-84.6414518016468,33.5514351432513],[-84.6415332868927,33.5514801777929],[-84.6416009426944,33.5515472517763],[-84.6416783786238,33.5516020587799],[-84.6417582906767,33.551659466582],[-84.6418210383563,33.5517293075809],[-84.6419155119096,33.5517484581274],[-84.6419585921733,33.5518231840819],[-84.6419586722862,33.5518677066848],[-84.6419817189044,33.5519103539995],[-84.6378969244615,33.5531180488258],[-84.6381190260707,33.5539117394496],[-84.6381309095835,33.5539542938293],[-84.6382633324688,33.5544027252977],[-84.6382909223765,33.5544360128265],[-84.6386814613073,33.5549044855137],[-84.63907193278,33.5553898590623],[-84.6373108042926,33.5568638888206],[-84.637238087211,33.5569229796701],[-84.6373365354965,33.5570333382721],[-84.6373369840847,33.5570338406027],[-84.637337167208,33.55703404639],[-84.637337436396,33.5570338379814],[-84.637427061975,33.5569644469706],[-84.6391645301802,33.5555066729108],[-84.639165190566,33.5555061194672],[-84.6391654607236,33.5555058930175],[-84.6391656417972,33.5555061177451],[-84.639567500454,33.556004825244],[-84.640132147911,33.556705409668],[-84.6407776282979,33.5574791989689],[-84.6409897952302,33.5577697072946],[-84.6413111859792,33.5582536889259],[-84.6417421880176,33.5592114701072],[-84.6419056251503,33.5595717810828],[-84.6419057745032,33.5595721105221],[-84.6419058355495,33.5595722446372],[-84.6419062268274,33.559572107884],[-84.6419762785867,33.5595476515396],[-84.6421204452223,33.5594979035059],[-84.6421565110569,33.559489932144],[-84.6421868164991,33.5594790975417],[-84.6422350994867,33.5594541773506],[-84.6422965339814,33.5594330540553],[-84.6423514009652,33.5594115439004],[-84.642478460476,33.5593852217516],[-84.6425145563717,33.5593827467744],[-84.6425547392719,33.5593770957086],[-84.6426456711321,33.5593474768847],[-84.6427071031884,33.5593259413306],[-84.6427644621086,33.5593099171132],[-84.6428923314367,33.5592816681556],[-84.6429275817369,33.5592746617929],[-84.6430521260993,33.5592387287735],[-84.643108627603,33.5592158378429],[-84.6431987618468,33.5591904820927],[-84.6433568054277,33.5591276238684],[-84.6434304736579,33.5590927113936],[-84.6435041712797,33.5590631583116],[-84.6435934407887,33.559029834808],[-84.6436744617567,33.5589887092802],[-84.6437506309759,33.5589609336462],[-84.643833279935,33.5589176034598],[-84.6439109943539,33.5588723698725],[-84.6439977259777,33.558825314351],[-84.6440737664223,33.5587741775452],[-84.6441400323639,33.5587364069364],[-84.6442079413802,33.5586987688119],[-84.6442692288777,33.5586511232698],[-84.6443485326772,33.5585965383277],[-84.6444311620787,33.5585497733422],[-84.6445096548753,33.5584969776429],[-84.6445725114612,33.5584362723603],[-84.6446073836124,33.5583606964789],[-84.6445981151165,33.5583168964791],[-84.64459737698,33.5582722394167],[-84.6445966676027,33.5582328038369],[-84.6445974059756,33.5581881410736],[-84.6445986045186,33.5581077486028],[-84.644697562654,33.5580754860415],[-84.6448253871089,33.5580395394793],[-84.6448308877712,33.557995270385],[-84.6448357613357,33.5579562253065],[-84.6449016052738,33.5578420543748],[-84.6449479877811,33.5577704184255],[-84.6450149368731,33.5577079108881],[-84.6450868271059,33.5576485445871],[-84.6451439139852,33.5575834638435],[-84.6452248779855,33.5575325814087],[-84.6452729251529,33.5574650631584],[-84.6453299791765,33.5573940728836],[-84.6453936133338,33.5573258063416],[-84.6454272364744,33.5572918725572],[-84.6454569416676,33.5572616634032],[-84.6454800181018,33.55721993755],[-84.6455715140322,33.5571444173865],[-84.6456516324749,33.5570891413803],[-84.6456939055109,33.5570165598628],[-84.6457657620824,33.5569512837241],[-84.6458434080333,33.5568939559348],[-84.6459426205976,33.5568784562231],[-84.6460203108307,33.5568293730598],[-84.6460996156598,33.5567754740654],[-84.6461781438005,33.556729547926],[-84.646253339229,33.5566745647073],[-84.6463401785944,33.5566474332244],[-84.6464146534975,33.556610591678],[-84.646453789116,33.5565942252097],[-84.6465895252273,33.556564704862],[-84.6467013105087,33.5565374755179],[-84.6468157091196,33.5565080367544],[-84.6469889762651,33.5564984326534],[-84.647100748398,33.5564688667627],[-84.6472069778195,33.5564461921408],[-84.647207430097,33.5564461840736],[-84.6473506169002,33.5564434443505],[-84.6473510681058,33.5564434371885],[-84.6474333980628,33.5564321224845],[-84.6475019654618,33.5564252604472],[-84.64773982252,33.5564017999587],[-84.6478436233464,33.5563851817567],[-84.6478900307926,33.5563778556101],[-84.648109853717,33.5563580369426],[-84.648245959727,33.5563363461863],[-84.6483709160893,33.5563166219345],[-84.6484498104035,33.5563097877183],[-84.6484504013692,33.5563097367281],[-84.6484506435689,33.5563097159487],[-84.6484508536809,33.5563097349679],[-84.6486319336296,33.556326324257],[-84.648540226591,33.5581661240032],[-84.6485380118929,33.5582106536687],[-84.6485419210082,33.5586190353508],[-84.6485414697114,33.5586190280907],[-84.6485408191416,33.5586190152945],[-84.6485403667628,33.558619007137],[-84.648539915456,33.5586189980735],[-84.6484839352499,33.5586179013196],[-84.6484834828762,33.5586178940635],[-84.6484834830664,33.5586179283264],[-84.6484862967821,33.5591246679095],[-84.6484855877588,33.5598837536073],[-84.6484855091014,33.5599285508584],[-84.6484902876616,33.5605526724563],[-84.6484952891717,33.561216919391],[-84.6484950535584,33.5620611993899],[-84.648494972319,33.5621057225267],[-84.6485011900594,33.5629000958286],[-84.6485016017847,33.562944754095],[-84.648501073391,33.5637362681942],[-84.6485009936863,33.5637810654216],[-84.648500495906,33.5645780758932],[-84.6485064215989,33.5654085899603],[-84.6485095571702,33.5662389777225],[-84.6485096404403,33.5662836381449],[-84.6485233752762,33.5670127095758],[-84.6485240812163,33.567051182997],[-84.6485322377157,33.5671205457643],[-84.6485323179789,33.5671212280179],[-84.6485323507665,33.5671215074087],[-84.6485327703419,33.5671212253553],[-84.6486095411254,33.5670696763109],[-84.6486480867962,33.5670347595402],[-84.6488273582031,33.5669205570287],[-84.6490342192378,33.566808582079],[-84.6492052879708,33.5667246404585],[-84.6494577002754,33.5666276037631],[-84.6497754594023,33.5665336089483],[-84.650377634224,33.5663714439434],[-84.6515952664606,33.5660462271997],[-84.6518440795958,33.5659814913472],[-84.6522531574814,33.565868581216],[-84.6523463765223,33.5658363350635],[-84.6525120011985,33.5657778338027],[-84.6526981931944,33.565698913442],[-84.6528362406316,33.5656405191238],[-84.6529775891565,33.5655560037562],[-84.6531084318973,33.5654715286111],[-84.6532882019108,33.5653305208911],[-84.6531987354605,33.5652708229806],[-84.653138271588,33.5610742605059],[-84.6531378202884,33.561074255066],[-84.6509011561673,33.5610363212395],[-84.6509007037908,33.5610363157956],[-84.6508999745424,33.5591704913138],[-84.6508987920398,33.556781941576],[-84.6508983506216,33.5562322828868],[-84.6508983835546,33.5558851716395],[-84.650232082095,33.5555417639575],[-84.6528170000584,33.5514059686358],[-84.6528170555558,33.551405879152],[-84.6528165477776,33.5514059713133],[-84.6528153063107,33.551406198],[-84.6508960249282,33.5517558470939],[-84.6508969435572,33.5529501204091],[-84.650896492335,33.5529501212722],[-84.6508958418831,33.5529501220129],[-84.650895389584,33.5529501228802],[-84.6508949383568,33.5529501228417],[-84.6478268436037,33.5529515124055],[-84.6478263913044,33.5529515132616],[-84.6478259400721,33.5529515123102],[-84.6478252896199,33.5529515130347],[-84.6478248373157,33.5529515129892],[-84.6478243860934,33.5529515138411],[-84.6463704286433,33.5529522173855],[-84.6463699763439,33.5529522182363],[-84.6462795986989,33.5454469274631],[-84.6462734886971,33.5448755763108],[-84.645718554968,33.5448297670809],[-84.6456887344291,33.5388296233657],[-84.6456871744896,33.5387849693508],[-84.6456073065211,33.5368593956199],[-84.6477319199529,33.5359032661884],[-84.6506725057869,33.5345801792855],[-84.6506736066278,33.5345796835691],[-84.6506740577056,33.5345794807322],[-84.6506740577445,33.5345796809044],[-84.6506741410831,33.5346240034179],[-84.6506812622007,33.5363139156925],[-84.6506825992749,33.5391446755908],[-84.6506825190244,33.5391891979817],[-84.6506782537586,33.5392188969393],[-84.6506720988173,33.5392628939521],[-84.6506828462415,33.5393068249003],[-84.6506932606832,33.5393499330165],[-84.6506981731834,33.5405256429311],[-84.6506984228864,33.5405704390336],[-84.6507158519887,33.5448154169569],[-84.650892812011,33.5448435669528],[-84.6508929154633,33.544843580975],[-84.6508932643031,33.5448435723975],[-84.65089336769,33.5448435746982],[-84.6576506051151,33.5447387862599],[-84.6576510562585,33.544738779061],[-84.6576515084787,33.5447387718577],[-84.6578524378784,33.5447356495434],[-84.6578528890218,33.5447356423437],[-84.6578533412419,33.5447356351397],[-84.6593169582673,33.5447127914912],[-84.6593174094155,33.5447127851878],[-84.6593198997592,33.5447093128469],[-84.6593200974094,33.5447090379513],[-84.659320177534,33.5447089258247],[-84.6593205485831,33.5447090361562],[-84.6593757747269,33.5447254956025],[-84.6593766829372,33.5447257660979],[-84.6593770539865,33.5447258764292],[-84.6593771341059,33.544725763401],[-84.6594560142118,33.5446146678837],[-84.6595437341233,33.544514279687],[-84.6596050381422,33.5444439547502],[-84.6597805204856,33.5442510107642],[-84.6599384851846,33.544065558002],[-84.6600000719918,33.5440161181466],[-84.6601142593803,33.5439244190295],[-84.6602812147009,33.5437905977943],[-84.6604307782795,33.5436865279345],[-84.6603968493629,33.5436359566148],[-84.6606885587983,33.54342221146],[-84.6607081686832,33.5434077046133],[-84.6607384051671,33.5433861466409],[-84.6607580150355,33.5433716397865],[-84.6607784503829,33.5433578167114],[-84.6607988830818,33.5433437186326],[-84.6608299447147,33.543322982378],[-84.660861007898,33.5433025211203],[-84.6608822649793,33.5432891068142],[-84.660902700776,33.5432755587278],[-84.6609239594097,33.5432624194193],[-84.6609558477383,33.5432427789755],[-84.6609771063558,33.543229639658],[-84.661009818289,33.5432105459344],[-84.6610310792367,33.5431978186638],[-84.6610637934922,33.5431791369823],[-84.6610965100801,33.5431608673486],[-84.6611300463702,33.5431424573782],[-84.6611521332591,33.5431306888763],[-84.6611856742195,33.5431131030035],[-84.6612077610932,33.5431013344918],[-84.6612466289375,33.5430820511133],[-84.6612473816399,33.5430816775183],[-84.661247689809,33.543081524806],[-84.661247832805,33.5430816757163],[-84.6612927603115,33.5431290280733],[-84.6613302357504,33.5431683167461],[-84.6625509941402,33.5445718361039],[-84.6625515675342,33.5445724947353],[-84.6625518016646,33.5445727643002],[-84.6625520197786,33.5445724920226],[-84.6627189783732,33.5443633605163],[-84.6629281905652,33.5441010202123],[-84.6635028536478,33.5433782457818],[-84.6634775789475,33.5428902478738],[-84.663475354014,33.5428455968269],[-84.6634203302264,33.542291894117],[-84.6634183574951,33.5422339125866],[-84.6634162947118,33.5421889867739],[-84.6633572286408,33.5408998531102],[-84.6633567774975,33.5408998567231],[-84.6633561271575,33.540899861135],[-84.6633556749322,33.5408998638506],[-84.6633552237889,33.5408998674635],[-84.6623655808797,33.540907396456],[-84.6623651286543,33.540907399168],[-84.6622683872748,33.5387357965421],[-84.662268132403,33.5386911375555],[-84.6622173001434,33.5386400852176],[-84.6622162295481,33.5385962536261],[-84.6622162193554,33.5385944674469],[-84.6622071265313,33.5382374978716],[-84.6628862325728,33.5381949280022],[-84.6628556992613,33.538020531872],[-84.662848065563,33.537976864537],[-84.6628319494774,33.5378845857688],[-84.6628241521453,33.5378409190869],[-84.6625531770112,33.5363078954535],[-84.6625529227939,33.5362633726013],[-84.6625533750002,33.5362633707905],[-84.6628298639236,33.5362621280801],[-84.6628303150532,33.5362621262726],[-84.6628307672595,33.5362621244608],[-84.66283141757,33.5362621209537],[-84.6628318686997,33.5362621191462],[-84.6632994869044,33.5356813117743],[-84.6635869208053,33.5356580613612],[-84.6639664632693,33.5356273595725],[-84.663967557761,33.5356272704198],[-84.6639680065377,33.5356272343539],[-84.6639680088872,33.5356272686082],[-84.6639686026822,33.5356335671373],[-84.6639790923295,33.53563289384],[-84.6640207684235,33.5360920881181],[-84.6642441596107,33.5385649676497],[-84.6643672629742,33.5399257516808],[-84.6643710588908,33.5399677094232],[-84.6644269969236,33.5405860276953],[-84.6644830652813,33.5412058935293],[-84.6645181492979,33.541601163281],[-84.6648597898835,33.5453735644476],[-84.6649456907684,33.54632962967],[-84.6649519431607,33.5464182373219],[-84.6649582566919,33.546517494405],[-84.664964457841,33.5465971693694],[-84.6649872608435,33.546852670784],[-84.6649947143259,33.5473343432709],[-84.6650061192857,33.5474795553245],[-84.6650389431438,33.5476514672058],[-84.6650624232417,33.5476534330207],[-84.6650640377142,33.547695871043],[-84.6651550416666,33.5486953118804],[-84.6651730648599,33.5488865421368],[-84.6651811712231,33.548976316254],[-84.6651814674862,33.5489791508266],[-84.6652214204171,33.5494203685006],[-84.6652795633676,33.5500635095137],[-84.6653122725259,33.5504243819274],[-84.6657556206938,33.5552914277167],[-84.6657713356852,33.555463938319],[-84.6659764815297,33.5577158367614],[-84.6662682764293,33.560918594748],[-84.6663573665222,33.5618952945745],[-84.6663712183595,33.5620288547733],[-84.6663852729214,33.5621633843484],[-84.6663868858278,33.5621644228756],[-84.6664370623511,33.5626513036524],[-84.666501474499,33.5634325913567],[-84.6666236340062,33.5648351068424],[-84.6672977261587,33.5722782126759],[-84.6673047069465,33.5723496400438],[-84.6673317729042,33.5726308887983],[-84.6673527169605,33.5728465459202],[-84.6673772040552,33.5731071910789],[-84.6674181992755,33.5733835748174],[-84.6675062489097,33.5734227234478],[-84.6676601699465,33.573496991462],[-84.6677614279357,33.5735487981954],[-84.6678445851417,33.5735931230435],[-84.6679425843747,33.5736483772853],[-84.6691358770672,33.5743306159921],[-84.6698474143085,33.5747361882466],[-84.6699585724339,33.5747961995843],[-84.6700376100151,33.5748374460594],[-84.6701289886039,33.5748834517923],[-84.6702203593153,33.5749280842452],[-84.6703240636802,33.5749771297077],[-84.6704170652926,33.5750196950606],[-84.6705108796457,33.5750612255235],[-84.6706178509597,33.5751064803412],[-84.6715418416319,33.575486788214],[-84.671617537376,33.5755177421135],[-84.6716932322396,33.5755483506301],[-84.671768927151,33.5755789581982],[-84.6718454389362,33.5756088789194],[-84.6719219486088,33.5756387977982],[-84.6719984552653,33.5756683749086],[-84.6720950589977,33.5757051247388],[-84.6721128074482,33.5757118778996],[-84.6722279710264,33.57575503754],[-84.6723052960549,33.5757832351678],[-84.6725931905573,33.5758875251905],[-84.6728333850578,33.5759751754492],[-84.6731566538979,33.5760923729501],[-84.6732561882618,33.5761290692981],[-84.6733030786199,33.5761467394407],[-84.673355729787,33.576166792538],[-84.6735210866215,33.5762300132017],[-84.6737769353978,33.5763279044923],[-84.6739990593311,33.5764132217567],[-84.6741134050228,33.5764563820789],[-84.6742524226103,33.5765069989083],[-84.6743922552887,33.5765562398952],[-84.6746250165912,33.5766360140061],[-84.674654624041,33.5766462003751],[-84.6747409774044,33.5766743576086],[-84.6748355470144,33.5767038578959],[-84.6749309263399,33.5767316343994],[-84.6750345160343,33.5767593816132],[-84.6751315158936,33.576783716845],[-84.6757906933436,33.5769318211357],[-84.6761819128489,33.5770167822726],[-84.6771632139229,33.5772243558594],[-84.6772667732041,33.5772476335486],[-84.6773481595197,33.5772685942852],[-84.6777733938396,33.5774145630364],[-84.6778581610333,33.5774516538647],[-84.6779421204947,33.5774915034729],[-84.6780153942311,33.5775286461805],[-84.6780870344888,33.5775671688367],[-84.6783258751509,33.5777018801918],[-84.6795923791135,33.5784318885961],[-84.6797206487539,33.578506303662],[-84.6798319385588,33.5785703990657],[-84.679942377848,33.5786340046821],[-84.6801987225188,33.5788666890747],[-84.6815337334648,33.5800791230929],[-84.6819363169203,33.5804448136038],[-84.682072110186,33.5805680553846],[-84.6822822812054,33.5807589215767],[-84.6823120051887,33.5807859605023],[-84.6823121078152,33.5807860087648],[-84.6823183844205,33.5807917082089],[-84.6832178678188,33.5812009141283],[-84.6834148656063,33.5812905335814],[-84.6840665729444,33.5815870094972],[-84.6841808876317,33.5816390609175],[-84.6843067282759,33.5817490503199],[-84.6844258398997,33.5818538705264],[-84.6844905231337,33.5818399134665],[-84.6845640665313,33.5818433882189],[-84.6845802368504,33.58191235679],[-84.6845667498921,33.5819769979371],[-84.6846113034405,33.5820159006061],[-84.6846589125076,33.5820144705638],[-84.6847203187504,33.5820142135245],[-84.6847216123987,33.5820141873708],[-84.6847790057562,33.5820031072434],[-84.6847922985988,33.5819955993016],[-84.6848440187213,33.5819662651763],[-84.6849026697581,33.5819653694802],[-84.6849041454977,33.5819653488737],[-84.6849583771403,33.5819742935315],[-84.6849757943779,33.5820178838774],[-84.6849491720657,33.5820822717057],[-84.684975644543,33.5821178759206],[-84.6850374474066,33.5821145748334],[-84.6851323352752,33.5821117761975],[-84.6851339649072,33.5821117287952],[-84.6851559894057,33.5822256903546],[-84.6851960841029,33.5822821777928],[-84.6852371558763,33.5823184826876],[-84.6852783753988,33.5823477854948],[-84.6853067533459,33.5824259926917],[-84.6853358450033,33.5824725916127],[-84.6853547330751,33.5825151108655],[-84.6853896994366,33.582569312362],[-84.6854226013482,33.5826079597075],[-84.6854622013818,33.5826407731226],[-84.685512515753,33.5826947722851],[-84.6856172208826,33.582756478937],[-84.6857298822018,33.582803482888],[-84.6857671070039,33.582837371036],[-84.6858059410023,33.5828712100435],[-84.6858091097701,33.5828739883154],[-84.6858761712225,33.582900884157],[-84.6859466261981,33.5829317429808],[-84.6859621425682,33.5829551645247],[-84.6860055251357,33.5830206780179],[-84.6860420147192,33.5830824992394],[-84.6860155035278,33.5831380225177],[-84.6859802293835,33.5831830709156],[-84.6859591601788,33.5832288152951],[-84.6859973163992,33.5832674404327],[-84.6861046526919,33.5832749255279],[-84.6861926237692,33.5832838659708],[-84.6862369893564,33.5833174156243],[-84.6862779136821,33.5833931308915],[-84.6863348665044,33.583431367726],[-84.6863595457141,33.5834436953871],[-84.6864104520285,33.5834692170081],[-84.6864583447474,33.5835160459607],[-84.6865185098686,33.5835181150319],[-84.6865731987226,33.5835314346516],[-84.6866332098866,33.5835311825184],[-84.6866348462511,33.5835311756429],[-84.68668111383,33.5835532767782],[-84.686709062175,33.5835870665615],[-84.6866815150627,33.5836476445724],[-84.6867219473324,33.583696016867],[-84.6867346986737,33.58375535976],[-84.6867220161167,33.58380319966],[-84.6866976224311,33.5838420874199],[-84.6867119119166,33.5839829211127],[-84.686772172121,33.5839903690102],[-84.6867731316215,33.5839904867028],[-84.6868369196072,33.5839774040902],[-84.6868861621874,33.5839480308419],[-84.6869416102472,33.5839323476587],[-84.6869426254902,33.5839320602666],[-84.6870004003116,33.5839565519121],[-84.6870464806396,33.5840023224794],[-84.6871162554036,33.5840260711281],[-84.6871800824476,33.5840177038981],[-84.6872542253991,33.5840252563689],[-84.6872769339573,33.5840748012657],[-84.6873197503063,33.5841038946851],[-84.6874089470384,33.5840905642138],[-84.6874698455552,33.584061141686],[-84.6875277071571,33.5840319032274],[-84.6875854893663,33.5840202953893],[-84.6875867407525,33.5840200439664],[-84.6876350547919,33.5840491646277],[-84.687663611135,33.5840664411888],[-84.6876859640544,33.5841388673297],[-84.6877201168642,33.584207739901],[-84.6877779461929,33.5842412323014],[-84.6878455513687,33.5842896602071],[-84.6878808358052,33.5843282968449],[-84.6879089670449,33.5843649718176],[-84.687957750229,33.5844093565123],[-84.6879892049907,33.5844257858424],[-84.6880153947127,33.5844394827503],[-84.68811596594,33.5845094495161],[-84.6881344848532,33.5845585313133],[-84.6881435995659,33.5846136307942],[-84.6881484016024,33.5846885698111],[-84.6881601777524,33.5847356882324],[-84.6881962206927,33.5847776866035],[-84.6883014518672,33.5847758698338],[-84.688340665082,33.5847442372301],[-84.6883400382646,33.5846672879357],[-84.6883610575402,33.5846366715593],[-84.6883727509041,33.5846195356579],[-84.6884201499194,33.584584054464],[-84.6884953200532,33.584552579477],[-84.6885496045386,33.5845425936113],[-84.6886204409083,33.584538545723],[-84.6886216546134,33.5845384765855],[-84.6886725844237,33.5845440676017],[-84.6887211463299,33.5845516270086],[-84.6887598206182,33.5845806300989],[-84.6887956109683,33.5846212561209],[-84.688835166226,33.584646271],[-84.6888853495534,33.5846779737701],[-84.6889302619648,33.5846807588357],[-84.6889315024063,33.5846808356524],[-84.688986056367,33.5846476260046],[-84.6890375709182,33.5846270615282],[-84.6891157912919,33.584652884195],[-84.6891670148095,33.5846798414896],[-84.6892228690255,33.5847125850476],[-84.6892796697579,33.5847515037117],[-84.6893021684458,33.5847669074613],[-84.689382254823,33.584829161175],[-84.6894266988263,33.5848755571977],[-84.6894639326265,33.5849103710861],[-84.6895059018602,33.584941181388],[-84.6895642773081,33.5849883967232],[-84.6895869802337,33.5849945989397],[-84.6896173165076,33.5850028661736],[-84.6896779475394,33.5850335867321],[-84.6897128587553,33.5850780302523],[-84.6897295464281,33.5851226878443],[-84.689776289473,33.5851554696582],[-84.6898630097753,33.5852015154859],[-84.6899247895473,33.5852227933094],[-84.6899873522992,33.5852515236802],[-84.6900389512309,33.5852920229697],[-84.6900883268218,33.5852918736452],[-84.6900899632187,33.5852918667237],[-84.69016849954,33.5852469443432],[-84.6902430753818,33.5852146529996],[-84.6902948051432,33.5852279275783],[-84.6903366106103,33.585291831292],[-84.6903589818332,33.5853470692568],[-84.6903835997667,33.5853795621605],[-84.6904037835314,33.58540653398],[-84.6904279994349,33.585438811274],[-84.6903923616532,33.5855186623047],[-84.6904319015259,33.5855443746209],[-84.6904321492057,33.5855445358728],[-84.6904322508739,33.5855446021658],[-84.6904326016669,33.5855445339577],[-84.6905280391631,33.585526028103],[-84.6905289581158,33.585525850191],[-84.690529333659,33.5855257773695],[-84.6905294094997,33.5855258482801],[-84.6905712746755,33.5855651758062],[-84.6906177726533,33.5855979583344],[-84.6906943975423,33.5856171468675],[-84.690724954337,33.5856188911323],[-84.6907249547404,33.5856189578539],[-84.6907570571872,33.5856208308152],[-84.6908268620725,33.5856388453249],[-84.6908099509154,33.58572054221],[-84.6908332284687,33.5857688135678],[-84.6908333109644,33.5857689160084],[-84.6908836613436,33.5858346056036],[-84.6909078643697,33.5858436838515],[-84.690991433416,33.5858748962711],[-84.6910471031272,33.5858660350324],[-84.6910539913417,33.5858649382692],[-84.6910730459606,33.5858660161655]]],[[[-84.6661280335415,33.5856426252159],[-84.6668702106937,33.5821168676283],[-84.6618440716087,33.5821421462451],[-84.6615667763577,33.5815382197865],[-84.661565493505,33.5815388164119],[-84.6609584754219,33.5818211143562],[-84.661300623032,33.5824260209684],[-84.6613006225618,33.5824261273673],[-84.6612928024541,33.5856591446585],[-84.66129994926,33.5856591215023],[-84.6661280335415,33.5856426252159]]]]},"properties":{"FID":5,"CityName":"South Fulton","DistrNum":"District 7","Shape_Leng":199861.178064,"created_us":" ","created_da":null,"last_edite":"REDDY.ASI","last_edi_1":1651190400000,"Shape_Le_1":173039.272776,"CreationDate":1676574024707,"Creator":"erik.michael_cosfga","EditDate":1677002954483,"Editor":"erik.michael_cosfga","Shape__Area":106861502.2109375,"Shape__Length":181180.32940360182}},{"type":"Feature","id":6,"geometry":{"type":"Polygon","coordinates":[[[-84.5139329562555,33.5593827740958],[-84.5138303579605,33.5593731000966],[-84.5137269284816,33.5593661784655],[-84.5136235089124,33.5593620005312],[-84.5135200971214,33.5593605744149],[-84.5079584870501,33.5593897734857],[-84.5078657447267,33.5593879660845],[-84.507765607245,33.5593841213564],[-84.5076662766725,33.5593778677411],[-84.5075669458273,33.5593698963467],[-84.5074486255462,33.5593334633242],[-84.5073237767186,33.5593066654706],[-84.5072227574709,33.5592866763476],[-84.5071052659324,33.5592533325761],[-84.5069598492421,33.5592131937533],[-84.5068752278446,33.5591897220667],[-84.5067215936882,33.5591465145862],[-84.5066131349528,33.5591128037967],[-84.5065365875539,33.5592652013118],[-84.5064526939731,33.5594275806995],[-84.5063564217577,33.5595728224022],[-84.5062199780716,33.55972881945],[-84.506057202286,33.5598666818184],[-84.5058934589197,33.559967100761],[-84.5057607734688,33.5600351416576],[-84.5056485294901,33.5600838900029],[-84.5055485251657,33.5601140472695],[-84.5053771390822,33.560149560994],[-84.5050195155785,33.5601993225312],[-84.5047819566781,33.560224680319],[-84.5045351364791,33.5602578011443],[-84.5043829037044,33.5602604923696],[-84.5042877171902,33.5602634985191],[-84.5041933366183,33.5602641012247],[-84.5040981313961,33.5602622995225],[-84.5032174350542,33.5602354960046],[-84.5015678916069,33.5601715743161],[-84.501469342968,33.5601651720517],[-84.5001435125873,33.5601163603004],[-84.4996896081719,33.56009971809],[-84.4996075304996,33.5600975340781],[-84.4994967358383,33.5600971440204],[-84.4993867743098,33.5600991582085],[-84.499303897038,33.5601024718842],[-84.4992078979624,33.5601078837969],[-84.4991250349174,33.5601146336175],[-84.49902904814,33.5601238252014],[-84.4989470184103,33.5601333191831],[-84.4988658137654,33.5601445304004],[-84.4987706696973,33.560159211656],[-84.4986894755343,33.5601731746572],[-84.4986091107203,33.5601888467701],[-84.4984885657839,33.5602149381491],[-84.4984090325525,33.560234044206],[-84.4983172097076,33.5602579963047],[-84.4982385088952,33.5602801936866],[-84.4981475186622,33.5603075752238],[-84.4977704663812,33.5604284806583],[-84.497511468725,33.5605184944307],[-84.4973647781912,33.560574196332],[-84.4967485378561,33.560815290232],[-84.4966387325539,33.5608592107523],[-84.495446474334,33.5613478087067],[-84.4953604294098,33.5613810170482],[-84.4952842094545,33.5614083572646],[-84.4952022459481,33.5614360571188],[-84.4951186323657,33.5614620453997],[-84.4950350111482,33.5614863141408],[-84.4949267915389,33.5615151131739],[-84.4948292133446,33.5615380491326],[-84.4947431086837,33.5615561414402],[-84.4946561778822,33.5615725181763],[-84.4945446311743,33.5615913630284],[-84.4944445589128,33.561605028806],[-84.494331351918,33.5616180385824],[-84.4938760295789,33.5616621836281],[-84.4932640141551,33.5617218607663],[-84.4920260259184,33.5618415798849],[-84.4919226504385,33.5618494085186],[-84.4918348508979,33.5618537643594],[-84.4917281702907,33.5618567910493],[-84.4916247634361,33.5618574051745],[-84.4915205290524,33.561855620211],[-84.4914171052685,33.561851423744],[-84.4913136724994,33.561844823335],[-84.4912126917491,33.561835812532],[-84.4911117020302,33.561824397791],[-84.4910107067826,33.5618109208395],[-84.4907889753076,33.5617726815533],[-84.4906797339125,33.5617492641596],[-84.4898427509819,33.5615586664916],[-84.4896590317637,33.5615168292197],[-84.4896007420286,33.5615035543708],[-84.4896000055308,33.5615053416188],[-84.4891042220525,33.5613933901228],[-84.4886992217693,33.5613253900551],[-84.4884262223021,33.5613023902396],[-84.488230222335,33.5613033900313],[-84.4880352219992,33.5613183900123],[-84.4876892218923,33.5613803901057],[-84.4874312213073,33.5614593905543],[-84.4868552219738,33.5616883909582],[-84.4850372214772,33.562415390634],[-84.4840012203535,33.5628383905765],[-84.4834562201363,33.5630173913132],[-84.4830922202065,33.5631083911114],[-84.4826902208156,33.5631853908879],[-84.4823552198693,33.5632283910864],[-84.4820342199784,33.563249390683],[-84.4798644650391,33.5632189754579],[-84.4796802198087,33.563216391087],[-84.4791322190749,33.563208390842],[-84.4783172188269,33.5632153910504],[-84.476868218686,33.5632553916721],[-84.4757752185545,33.5632803909381],[-84.4754912186173,33.5632873916928],[-84.4752052186453,33.5632913914802],[-84.4751202180783,33.5632923913767],[-84.4732242179072,33.5633213915534],[-84.4728592173172,33.5633263912436],[-84.471820217668,33.5633413909912],[-84.4708862167221,33.5633503911411],[-84.4702392166875,33.5633113912234],[-84.469634216945,33.5632273913609],[-84.468604215975,33.5630193916268],[-84.467596216513,33.5628163891484],[-84.4675960585628,33.5628168079122],[-84.4674000589905,33.5627829770697],[-84.4672645671601,33.5627616631092],[-84.4671824509489,33.5627494950276],[-84.4671011620363,33.562737668424],[-84.4670190514733,33.5627261854975],[-84.4669369434213,33.5627157331314],[-84.4667932577582,33.5626978739326],[-84.4667111566809,33.5626888000697],[-84.4666290512934,33.5626797207525],[-84.466526430246,33.5626696649646],[-84.4656553768024,33.5625876044447],[-84.4655642369356,33.5625768321453],[-84.4654739195173,33.5625646827304],[-84.4653532103166,33.562545389529],[-84.4652636963517,33.5625294608806],[-84.4651593931753,33.5625084129191],[-84.4650698695049,33.5624887016025],[-84.4649671937548,33.5624638715127],[-84.464864514109,33.5624366374657],[-84.4647634645214,33.5624073345587],[-84.4646632318572,33.5623759701632],[-84.4645777792146,33.5623476637856],[-84.464281974195,33.5622442789393],[-84.4641735093197,33.5622064084715],[-84.464065047666,33.5621681934582],[-84.4639031705662,33.5621105230066],[-84.4637955230753,33.5620712724746],[-84.4636336426205,33.5620118875811],[-84.4635259919416,33.5619719488383],[-84.4633657474565,33.5619111828024],[-84.4632054986044,33.5618493886518],[-84.4621593662904,33.5614437631609],[-84.4620714263881,33.5614075550404],[-84.4619834852174,33.5613703198452],[-84.4618799183069,33.5613235000114],[-84.4617944278705,33.5612835123158],[-84.4616924941838,33.5612335974673],[-84.4615921929213,33.561181961844],[-84.4614935295554,33.5611289471741],[-84.4613956789171,33.5610738692467],[-84.4612994661071,33.5610170732469],[-84.4612040661967,33.5609588965669],[-84.4598717161039,33.5601217563962],[-84.4598009939802,33.5600793275467],[-84.4597286365197,33.5600393010002],[-84.4596398524529,33.5599938220469],[-84.4595486137281,33.559951780636],[-84.4594557441891,33.5599128393884],[-84.4593604265206,33.559877679199],[-84.4592634801629,33.5598456155524],[-84.4591649008774,33.5598169910941],[-84.4590655115564,33.5597921456138],[-84.4589727104437,33.5597724430175],[-84.4588782740284,33.5597554862246],[-84.4587822089537,33.5597419713141],[-84.4586902576806,33.5597315384908],[-84.4585942134644,33.5597242071165],[-84.4585588438822,33.5597185711511],[-84.4585810570105,33.5548376365441],[-84.4586497118038,33.5509495442575],[-84.4586498409779,33.5509389636075],[-84.4586499760057,33.5509304432886],[-84.4672784406001,33.5492355087667],[-84.468687846575,33.5489451535136],[-84.4690322642807,33.5488802763058],[-84.469377663802,33.5488148466156],[-84.4697220775835,33.5487491433624],[-84.4700654901392,33.5486790440988],[-84.4704089021363,33.5486089447867],[-84.4707523126051,33.5485385686119],[-84.4710960519161,33.5484684656904],[-84.4714391348586,33.548398363431],[-84.4717825436407,33.5483279853075],[-84.4721259528234,33.5482578803431],[-84.472469362521,33.5481877744258],[-84.4745409521952,33.5477640697242],[-84.4751805302682,33.5476333063129],[-84.4762188372973,33.5473924343926],[-84.4780340576509,33.5469717852882],[-84.4784210401539,33.5468820399865],[-84.4788073649773,33.5467922951345],[-84.4791946743005,33.5467025474952],[-84.4795813269327,33.5466130744168],[-84.4799676493322,33.5465233259546],[-84.4803546277945,33.5464335755279],[-84.4807412780058,33.5463440988373],[-84.4811272705446,33.5462546226107],[-84.4815142465827,33.5461648685699],[-84.4818969174172,33.5460649542021],[-84.4822799147975,33.545964763709],[-84.4836699141883,33.5456014559384],[-84.4840171674022,33.5455109707334],[-84.4843637620223,33.5454202121339],[-84.4847113401186,33.5453294491375],[-84.4850582627763,33.5452386868518],[-84.4854048562052,33.5451481994558],[-84.4857521047505,33.5450574343893],[-84.4860990251461,33.5449669442099],[-84.4864459437981,33.5448761780507],[-84.4867928627315,33.5447856859331],[-84.4871404356997,33.5446949170404],[-84.487487024804,33.5446041488205],[-84.4931821681002,33.543458047211],[-84.4977069332724,33.5426971128622],[-84.5000748954688,33.5422551487601],[-84.5078737728348,33.5407635464822],[-84.516461959775,33.538606327607],[-84.5169009638215,33.5384959777834],[-84.5217004299993,33.5372900837228],[-84.5239454787445,33.5367127979297],[-84.5266737607318,33.5360200120285],[-84.527803866534,33.5357462862868],[-84.5295155691743,33.5353320551722],[-84.5306048378832,33.5351070684202],[-84.5306199503213,33.5355808374117],[-84.5306369641304,33.5361167122649],[-84.5316495272676,33.5359109050243],[-84.5316851522544,33.5350170415899],[-84.5316931471621,33.5348111684188],[-84.5328605779014,33.5345243681697],[-84.5362238216551,33.5336975732482],[-84.5387362951654,33.5330799197643],[-84.5426850389935,33.5320632028511],[-84.5460971370137,33.5312703459587],[-84.5464878677375,33.5311696584341],[-84.5468091068661,33.5310870480309],[-84.5492537766517,33.5304581212716],[-84.5656424311844,33.5262388394752],[-84.566315540111,33.5260716074203],[-84.5663159982112,33.5260714932319],[-84.5663159911894,33.5260716050632],[-84.5662303076664,33.5274173510375],[-84.5662307598284,33.5274173486771],[-84.5662847429573,33.5274169112212],[-84.5662851940387,33.5274169079624],[-84.5662856461966,33.5274169047002],[-84.5662862964422,33.5274168998971],[-84.5662867475235,33.5274168966383],[-84.5662749223739,33.5274808496297],[-84.5662749003213,33.5274809705263],[-84.5662744712881,33.5274808519868],[-84.5662734235017,33.5274805632224],[-84.566272356312,33.5274802691105],[-84.5662719434524,33.5274801559289],[-84.5662719041454,33.5274802705693],[-84.5662718085466,33.5274805522026],[-84.56624345042,33.5275637968215],[-84.5669846701468,33.527762032076],[-84.5670221252914,33.5277720792779],[-84.5673053439332,33.5278486666384],[-84.5674883494008,33.5278975444082],[-84.5678155858228,33.5279838822936],[-84.5679545659523,33.5280210836103],[-84.5683244976576,33.5281147026474],[-84.5684263423963,33.528140206413],[-84.5687105080258,33.5282082674809],[-84.5688914746701,33.5282417589775],[-84.5690494495511,33.528270653294],[-84.569113479951,33.5282792393553],[-84.5693360036921,33.5282873110967],[-84.5693245778747,33.5283707601307],[-84.5693331132978,33.5283716953773],[-84.5693326622117,33.5283716986472],[-84.5693320119676,33.5283717052696],[-84.5693315598092,33.5283717094447],[-84.5693311087315,33.528371714518],[-84.5691163393502,33.5283740419164],[-84.5691158871959,33.5283740469924],[-84.5691154361182,33.5283740520648],[-84.569114785874,33.5283740586861],[-84.5691143337197,33.5283740637621],[-84.569113882642,33.5283740688345],[-84.5690034608194,33.5283752327904],[-84.5690030086651,33.528375237866],[-84.5690025575873,33.528375242938],[-84.5690019073431,33.5283752495587],[-84.5690014551888,33.5283752546343],[-84.569001004111,33.5283752597063],[-84.5688239703431,33.5283771898975],[-84.5688235181888,33.5283771949724],[-84.568823067111,33.5283772000438],[-84.568822416871,33.5283772075653],[-84.5688219647166,33.5283772126402],[-84.5688215136388,33.5283772177116],[-84.5685896814174,33.5283798746121],[-84.568589229263,33.5283798796861],[-84.568588778181,33.528379883855],[-84.5685881279326,33.5283798895719],[-84.5685876757698,33.5283798928426],[-84.5685872246837,33.5283798961098],[-84.5685312729577,33.5283803409591],[-84.568530820795,33.5283803442296],[-84.568530369713,33.5283803483983],[-84.5685297194646,33.5283803541149],[-84.5685292673018,33.5283803573853],[-84.5685288162198,33.528380361554],[-84.5684813954462,33.5283807768971],[-84.5684809432876,33.5283807810691],[-84.5684804922098,33.5283807861392],[-84.5684798419655,33.5283807927572],[-84.5684793898111,33.5283807978308],[-84.5684789387333,33.528380802901],[-84.5683206097469,33.5283826716881],[-84.5683201575925,33.5283826767612],[-84.5683197065146,33.5283826818308],[-84.5683190562703,33.5283826884479],[-84.5683186041159,33.528382693521],[-84.568318153038,33.5283826985905],[-84.5682868112223,33.5283830554029],[-84.5682863590678,33.5283830604758],[-84.5682859079899,33.5283830655452],[-84.5682852577456,33.5283830721622],[-84.568284805587,33.5283830763334],[-84.5682843545091,33.5283830814029],[-84.568248255215,33.5283834554358],[-84.5682478030564,33.5283834596069],[-84.5681721627777,33.5286670610871],[-84.5681686151744,33.5286805401085],[-84.5681469920689,33.5287592134208],[-84.5681465410015,33.5287592211948],[-84.5678291668182,33.5287660050221],[-84.5678287146866,33.5287660155034],[-84.5678282636317,33.5287660259811],[-84.567817026154,33.5287663175551],[-84.5678165740225,33.5287663280363],[-84.5678161229634,33.5287663376124],[-84.5677842138544,33.5287669765586],[-84.5677837617062,33.5287669834331],[-84.5677056046657,33.5288257773285],[-84.56738054838,33.5290706063589],[-84.567378259777,33.5290725379526],[-84.5673725043647,33.5291052614767],[-84.5673680359836,33.5291324850855],[-84.5673475861984,33.5292523784525],[-84.5673185101531,33.5294228687418],[-84.5673053977717,33.5294968409529],[-84.5672712103357,33.5296975802482],[-84.5671833354757,33.5302112522893],[-84.5671392354862,33.5304686401762],[-84.5671387844015,33.5304686461432],[-84.5657149205819,33.5304916444993],[-84.5657144684162,33.5304916495629],[-84.5657090231796,33.5305208013461],[-84.5656872380058,33.5306360271127],[-84.565664183468,33.5307608752018],[-84.5656632259402,33.5307666499511],[-84.5656613110666,33.5307784735605],[-84.5656510972583,33.5308408938216],[-84.5656354724069,33.5309401588976],[-84.5656185652175,33.531045749791],[-84.5655857046508,33.5312506059022],[-84.5655528450107,33.5314554619955],[-84.5655359414112,33.5315618769952],[-84.5655196581126,33.5316605950426],[-84.5655085914197,33.5317312278413],[-84.56550850041,33.531731807014],[-84.5655069572623,33.5317317416525],[-84.5655067451145,33.5317317315155],[-84.5648339763253,33.5317007279287],[-84.5640295338014,33.5316049218902],[-84.5640791097354,33.5315023867831],[-84.5638965737007,33.5312124974317],[-84.5638964728399,33.5312123372558],[-84.5638961225913,33.5312124988786],[-84.5638952673887,33.5312128947548],[-84.5636482497258,33.5313271886796],[-84.5635726037815,33.5313621972732],[-84.5634347388189,33.5314261255312],[-84.5632218799586,33.5315243728459],[-84.5630982595239,33.5315816593169],[-84.5629687443929,33.5316415748959],[-84.5626845718447,33.5317177887485],[-84.5624082818306,33.5317592097197],[-84.5621647845925,33.5317957157878],[-84.561899971556,33.5318353127435],[-84.5616827109238,33.531868023713],[-84.5614259304814,33.5319062198728],[-84.5612275257953,33.5319362595719],[-84.5611328010365,33.5319504084433],[-84.5611325869278,33.5319504406841],[-84.5611323488464,33.5319504098836],[-84.5611317660385,33.5319503359986],[-84.5608485583765,33.5319142426205],[-84.5605730286473,33.5318795857996],[-84.5605725772725,33.5318795295276],[-84.5605725764576,33.5318795872378],[-84.560572572797,33.5318797297152],[-84.5605698764341,33.5320076102883],[-84.5605683698432,33.532073300791],[-84.5604271111031,33.5329459331485],[-84.56040252764,33.5330970312542],[-84.5603607068604,33.53335509563],[-84.5603413884029,33.5334734720863],[-84.5603006880495,33.5337253491344],[-84.5602831270559,33.5338331396586],[-84.5602717932408,33.5339028459038],[-84.5602615784898,33.533966226902],[-84.5602457762759,33.5340637056083],[-84.5605865938279,33.5341742041804],[-84.5608247070663,33.5342514988074],[-84.5612113748795,33.5343769664008],[-84.5614192521569,33.5344444620521],[-84.5614400943041,33.5344450826963],[-84.5616719811729,33.5344517641286],[-84.5619009130514,33.5344583165999],[-84.5621249234827,33.5344648843633],[-84.5623522145698,33.5344714412395],[-84.5625809835128,33.534478130931],[-84.5628071269255,33.5344846906409],[-84.5630314641598,33.5344911186629],[-84.5632600684627,33.5344978076264],[-84.5634850631534,33.5345043697766],[-84.5637138316179,33.5345109194188],[-84.5639365291946,33.5345173510576],[-84.5640894794474,33.5345218069415],[-84.5644139239311,33.5345312095128],[-84.5649277516058,33.5345461851733],[-84.5649852917201,33.534570047955],[-84.5648697426682,33.5352074825168],[-84.5648636446364,33.5355952917059],[-84.5648433517373,33.5368955907898],[-84.5648053750251,33.5393496954442],[-84.5648047812188,33.539363438964],[-84.5648037836955,33.5394321520275],[-84.5648042359326,33.5394321523769],[-84.5650118245492,33.539432299],[-84.5650122757096,33.5394322993521],[-84.5650127279467,33.5394322997007],[-84.5650133783031,33.539432299412],[-84.5650138294676,33.5394323006657],[-84.5650142817171,33.5394323037194],[-84.5652037379502,33.5394338816072],[-84.5652041891312,33.5394338864669],[-84.5652046414015,33.5394338940281],[-84.5654925742834,33.5394392679693],[-84.565493025481,33.5394392764346],[-84.5654934777596,33.5394392857981],[-84.5657010852844,33.5394437791079],[-84.5657015364863,33.5394437884741],[-84.5657019887649,33.5394437978369],[-84.5657026391834,33.5394438110696],[-84.565703090377,33.5394438186324],[-84.5657030792605,33.5394413994596],[-84.5657030790451,33.5394413525729],[-84.5657035313236,33.5394413619357],[-84.5662045064718,33.5394562067695],[-84.5662049576738,33.5394562161339],[-84.5662054088591,33.5394562218916],[-84.5670637400479,33.5394608631901],[-84.5670641912166,33.539460865338],[-84.5670646434705,33.5394608692858],[-84.5679906008592,33.5394694043563],[-84.567991052028,33.5394694065008],[-84.5679915042652,33.5394694068386],[-84.5686221244653,33.5394673614865],[-84.5686225756174,33.5394673600221],[-84.568623027842,33.5394673576525],[-84.568623678186,33.5394673546398],[-84.5686241293297,33.5394673513721],[-84.568624581546,33.5394673471991],[-84.5690924031184,33.5394620001508],[-84.5690928542537,33.539461995078],[-84.56909330647,33.5394619909033],[-84.5690939567971,33.5394619842815],[-84.5690944079366,33.5394619801104],[-84.5691631385842,33.5397041590471],[-84.5692107211511,33.5398571691948],[-84.5692107626942,33.5398573043117],[-84.5692107801812,33.5398573601591],[-84.569211214925,33.5398573028417],[-84.5693073753215,33.5398446768687],[-84.5693078275313,33.5398446708899],[-84.5693833870112,33.5398433368572],[-84.5693838381401,33.53984332998],[-84.5693842903542,33.5398433249026],[-84.571763608858,33.5398204637855],[-84.5717640599991,33.5398204596046],[-84.571764512217,33.5398204554202],[-84.5717651625464,33.5398204487844],[-84.5717656136876,33.5398204446035],[-84.5717660659055,33.5398204404191],[-84.5723490529027,33.5398147331139],[-84.5723495040437,33.5398147289308],[-84.5723499562657,33.539814725646],[-84.5723506065993,33.5398147199087],[-84.5723510577446,33.5398147166274],[-84.5724381173971,33.5427299438528],[-84.5724381186846,33.5427299889326],[-84.5724385708754,33.542729975729],[-84.5736185896022,33.5426880172328],[-84.5736190418433,33.5426880148449],[-84.5744656224713,33.5426811180451],[-84.5744660736313,33.5426811147559],[-84.574466525868,33.5426811114632],[-84.5744671762228,33.5426811057147],[-84.5744676273828,33.5426811024255],[-84.5744680796153,33.5426810982311],[-84.5747124234718,33.5426789335575],[-84.5747128746275,33.5426789293658],[-84.57471332686,33.5426789251705],[-84.5747139772105,33.542678918519],[-84.5747144283662,33.5426789143273],[-84.5747148805944,33.5426789092303],[-84.5748105525206,33.542677790529],[-84.5748110036721,33.5426777854352],[-84.5748114559046,33.5426777812396],[-84.574812106255,33.5426777745876],[-84.5748125574108,33.5426777703955],[-84.5748154679309,33.5429130162119],[-84.5748253730267,33.5434491817049],[-84.5748429240264,33.5444609361626],[-84.5748429296561,33.544461217468],[-84.5748429312713,33.544461331976],[-84.5748433819064,33.5444612150756],[-84.5757735928704,33.5442202551628],[-84.5758719484151,33.5441971194812],[-84.5759663425415,33.5441694613691],[-84.5760060175086,33.5441612232192],[-84.5761256948818,33.544135817653],[-84.5764657479169,33.5440714813849],[-84.5767651360347,33.5440146987891],[-84.5770723077197,33.5439849671019],[-84.5770733969498,33.5439848616019],[-84.5770738425449,33.5439848186478],[-84.5770738481206,33.5439848592049],[-84.5771603393589,33.5446471525556],[-84.5772456770921,33.5451333228131],[-84.5773519410338,33.5456719166128],[-84.5773589416102,33.5456947049711],[-84.5774572999424,33.5460189551834],[-84.5768775936121,33.5462816931218],[-84.5745780957236,33.5472624711064],[-84.5731041200685,33.5479098762758],[-84.5713883826193,33.5486633145972],[-84.5710680258783,33.5488031522587],[-84.5713768698173,33.5491509052956],[-84.5713783600755,33.5491536487414],[-84.5713235502319,33.5492399778817],[-84.5713234839544,33.5492400826931],[-84.5713234561537,33.5492401251629],[-84.5713239362297,33.5492400803133],[-84.5713572499404,33.5492369877768],[-84.5713577021779,33.5492369772819],[-84.5714164254029,33.5492351920646],[-84.5714168765467,33.5492351779663],[-84.5714173287674,33.5492351638645],[-84.5714175128845,33.5492351578525],[-84.5714179640452,33.5492351473609],[-84.5714744348704,33.5492385324917],[-84.5715512764441,33.5492459761651],[-84.5716665980223,33.5492700597434],[-84.5718157713942,33.5493036506557],[-84.5719807003781,33.549337189812],[-84.5721344700116,33.5493707652928],[-84.5722113363613,33.5493837060096],[-84.5722970472917,33.5493927693384],[-84.5724257830803,33.5494074632623],[-84.5725794553384,33.5494201520227],[-84.5726855260137,33.5494313466262],[-84.572730201021,33.5494388959458],[-84.5727397219412,33.549439413843],[-84.5727995161599,33.5494513101357],[-84.5728905459335,33.5494746472132],[-84.5729930984239,33.5495053672251],[-84.5731242395259,33.5495431382061],[-84.5732665735016,33.5495877430827],[-84.5733605586573,33.5496113451196],[-84.5734716110292,33.5496348910101],[-84.5735681776604,33.5496488643979],[-84.5736535489459,33.5496554545973],[-84.5736540012275,33.5496554531107],[-84.5737257233983,33.5496552173341],[-84.573726174603,33.5496552158507],[-84.5737266268847,33.5496552143637],[-84.5737272773087,33.5496552122254],[-84.5737277285134,33.549655210742],[-84.5738242051881,33.5496502219245],[-84.5739295108855,33.5496380572863],[-84.5740656361516,33.5496186462528],[-84.5742250435349,33.5495942109243],[-84.5743867802588,33.5495769144249],[-84.5744835632897,33.5495672506851],[-84.5746482883785,33.5495570861975],[-84.5746487406298,33.5495570783955],[-84.5747732086728,33.5495542129276],[-84.5747736598431,33.5495542042271],[-84.574887182578,33.5495444840934],[-84.5749513418593,33.5495422113048],[-84.5750409483885,33.5495368763095],[-84.5750415135869,33.5495368419848],[-84.5750417439754,33.5495368286015],[-84.5750419658678,33.5495368404931],[-84.5751812791303,33.5495446132466],[-84.5752938874225,33.549549738288],[-84.5754433354262,33.5495715065147],[-84.5755694802539,33.5495933515225],[-84.5756460615761,33.5496153601273],[-84.5757755405931,33.5496481862739],[-84.5759050328873,33.5496840364704],[-84.5760279605197,33.5497196332233],[-84.5761541564854,33.5497524707284],[-84.5763069794029,33.5497937399716],[-84.5764164238477,33.5498238834118],[-84.5765192908384,33.5498513011134],[-84.5766356403375,33.549884170719],[-84.5767819251168,33.5499309576536],[-84.5768881408688,33.5499723805461],[-84.5770242493325,33.5500189258964],[-84.5771205794572,33.5500521355026],[-84.5772205310113,33.5500878072307],[-84.5772968911202,33.5501320770802],[-84.577341567457,33.5501729805155],[-84.5773419135602,33.55017329766],[-84.5773420552441,33.5501734270317],[-84.5773423658401,33.5501732952582],[-84.5773434266046,33.5501728472123],[-84.577344313258,33.5501724718782],[-84.5773446754412,33.5501723182932],[-84.5773447644652,33.5501724703816],[-84.5773493081433,33.5501802737637],[-84.5773568918618,33.5501873935081],[-84.5773542744867,33.5501893263716],[-84.5774049103255,33.5502771045039],[-84.5774290142906,33.5503767889367],[-84.5774657364707,33.5505761949901],[-84.5775320681384,33.5507208114753],[-84.5775921157024,33.5508552796498],[-84.5776642371267,33.5509748669905],[-84.5777906375334,33.5511888168259],[-84.5779104963453,33.5513382019444],[-84.5780480799947,33.5514875289511],[-84.5781920176256,33.5516615686126],[-84.5783058502983,33.5517859635156],[-84.5783955335066,33.5518705889583],[-84.5785930214753,33.552054344158],[-84.5787188347291,33.5521437957532],[-84.5788802396485,33.5522630851724],[-84.5790356183493,33.5523573846064],[-84.5792209612766,33.5524713722247],[-84.5793941137101,33.5525757810997],[-84.5795435856656,33.552670099577],[-84.5796264736958,33.5527061012444],[-84.5795856648433,33.5527526836843],[-84.5795101934722,33.5527578819732],[-84.579458511561,33.5527613526346],[-84.5794068296455,33.5527648232745],[-84.5793159345172,33.5527708969956],[-84.5791190591644,33.5527858446103],[-84.5790015920976,33.5527953049566],[-84.5786276360996,33.5528465695021],[-84.5770778385672,33.5530916449888],[-84.5768433263639,33.5531306235395],[-84.5766088163213,33.5531698766513],[-84.5763743088795,33.5532099543463],[-84.5761407891755,33.5532505774529],[-84.5759062862532,33.5532914783814],[-84.5756724402371,33.553332651708],[-84.5754379407446,33.5533743758731],[-84.5752044268275,33.5534166463661],[-84.5749705889585,33.5534594666095],[-84.5747370808205,33.5535028353487],[-84.5745042295746,33.5535464764962],[-84.5744147826497,33.5535814000572],[-84.5742951926572,33.5536285152054],[-84.5742067350197,33.5536645345047],[-84.5740586515572,33.553725210677],[-84.5739118881625,33.5537872555858],[-84.5738244222367,33.5538249205194],[-84.5736786518262,33.5538888860674],[-84.5735623666293,33.5539409362498],[-84.5734755650428,33.5539802479229],[-84.573331446919,33.5540466809363],[-84.5732453086884,33.5540876394383],[-84.5731306768433,33.5541421570889],[-84.5730455263768,33.5541836622328],[-84.5729603783949,33.5542257155302],[-84.5728195624915,33.554296534595],[-84.5727354024525,33.5543394095322],[-84.5725117515357,33.5544558470966],[-84.5724030434344,33.5545139180053],[-84.5722949959655,33.5545728116896],[-84.5721876080461,33.554632527253],[-84.5720805508017,33.5546925166522],[-84.5719741520276,33.5547533279369],[-84.5718677580284,33.5548149632481],[-84.5717620233698,33.5548771463341],[-84.5716572743599,33.5549398761291],[-84.5715525301199,33.5550034299535],[-84.5714494308129,33.5550678033463],[-84.571346333913,33.5551327257674],[-84.5712432381405,33.5551979231106],[-84.5711679664856,33.5552465404786],[-84.5711675152727,33.5552465464611],[-84.5663532458289,33.5553150774418],[-84.5663527935381,33.5553150834104],[-84.5663523423284,33.5553150902771],[-84.5657765406363,33.5553233957353],[-84.5657760883496,33.5553234026034],[-84.5657756371356,33.5553234085664],[-84.5651207302353,33.5553326548435],[-84.5651202779485,33.5553326617092],[-84.5651198267386,33.5553326685715],[-84.5646280596924,33.555341108466],[-84.5646276074096,33.5553411162316],[-84.5646271562037,33.5553411239938],[-84.5626032182935,33.5553764579423],[-84.562602766002,33.5553764638972],[-84.5625621636221,33.5556145998278],[-84.5624607357857,33.5564789960055],[-84.5622538907169,33.5582340474642],[-84.5621957369839,33.5582990702243],[-84.5621955923245,33.5582992311852],[-84.5621952846607,33.5582990725711],[-84.5621945311563,33.558298684552],[-84.561908341908,33.5581511896074],[-84.5616658885659,33.5580365342276],[-84.5613835837995,33.5578928731221],[-84.561297098418,33.5578593440293],[-84.5612750409178,33.5578453986567],[-84.5612539913351,33.5578363957712],[-84.5612273446864,33.5578238382724],[-84.561200043598,33.5578118328771],[-84.5611645158897,33.5577951811954],[-84.5611286647215,33.5577796305812],[-84.5610813022046,33.5577594432341],[-84.5610579505091,33.5577493494055],[-84.5610263775412,33.5577362575332],[-84.5609948058365,33.5577234415623],[-84.5609507357822,33.5577051678585],[-84.5609040377899,33.5576866283973],[-84.5608797019592,33.5576768117788],[-84.5609233349655,33.5575988949891],[-84.561180924786,33.5539672676058],[-84.5612102158384,33.5535540206438],[-84.5612102300339,33.5535538267377],[-84.5612097646168,33.5535540229834],[-84.5612086284902,33.5535545035919],[-84.5612079642257,33.5535547843275],[-84.5612076084445,33.5535549342382],[-84.5612075119231,33.5535547857688],[-84.5612072755047,33.5535544231457],[-84.5610224989746,33.5532707982323],[-84.5612328193358,33.5531797087065],[-84.5616236449121,33.5530099902227],[-84.5620472090422,33.5528217518799],[-84.5627286292726,33.5525304506504],[-84.5632118454819,33.5523238793212],[-84.5638090576103,33.5520669207764],[-84.5643682525041,33.5518238230618],[-84.5649408716414,33.551573808851],[-84.5658528769136,33.5511789607255],[-84.5670718087667,33.5506489961834],[-84.5682173601649,33.5501533366142],[-84.5687667024756,33.5499143734892],[-84.5686717050078,33.5497429121551],[-84.5684732725473,33.5493494468729],[-84.5682508024332,33.548868112146],[-84.5681848238864,33.5487254136118],[-84.5680243042229,33.5483670026824],[-84.567964646097,33.5482421475939],[-84.5678860987092,33.5480783272095],[-84.5677725365001,33.547866249628],[-84.567568716352,33.547512650809],[-84.567467905232,33.5473604455153],[-84.5673704045549,33.5472142751803],[-84.5672706392275,33.547075257899],[-84.5671002176265,33.5468457745454],[-84.5670196690568,33.5467454463741],[-84.5669074167799,33.5466031717176],[-84.5666944777183,33.5463347987198],[-84.5665270976243,33.5461237179071],[-84.5662824991809,33.5458221924653],[-84.5662339516602,33.5457572136123],[-84.5660919919724,33.5455776567224],[-84.5658747842565,33.5453079218597],[-84.5658051335016,33.5452215743356],[-84.5654526243539,33.5447917721868],[-84.5653678034152,33.5446895333686],[-84.565147825158,33.5444228294265],[-84.5650278518275,33.5442772785883],[-84.5646119855593,33.5437715498323],[-84.5644806489885,33.5436169667648],[-84.5644212321949,33.54354295299],[-84.564193467498,33.5432589573304],[-84.5640600737118,33.5430848671456],[-84.5637880585736,33.5427410996809],[-84.5636355419735,33.5425475570855],[-84.5633866161092,33.5422284495629],[-84.5631621113922,33.5419381206955],[-84.5629894606688,33.5417190818054],[-84.5628392630207,33.5415293782303],[-84.562771579584,33.5414412363995],[-84.5626801228312,33.5413218389735],[-84.5625567780024,33.541163541246],[-84.5625566523627,33.5411633802469],[-84.5625563268411,33.5411635426884],[-84.5625555296797,33.5411639383695],[-84.5624662714806,33.5412083068498],[-84.5624659470313,33.5412084683859],[-84.5624658203232,33.5412083091935],[-84.5624655084333,33.5412079188612],[-84.5618014854076,33.5403750987699],[-84.5618010342504,33.5403751002094],[-84.5618003838949,33.5403751022847],[-84.5617999682704,33.5403751036109],[-84.561799931661,33.5403751037277],[-84.5617995160365,33.5403751050539],[-84.560952419617,33.539286993451],[-84.560927473331,33.5392862487412],[-84.5603858369146,33.5386091344588],[-84.5597563907322,33.5378171427919],[-84.5598573062567,33.5377802691744],[-84.5595876584236,33.5374447295069],[-84.559434178928,33.537251733674],[-84.5592202996391,33.5369830761003],[-84.5590866517832,33.5368210735521],[-84.558917018258,33.5366113632803],[-84.558803478551,33.5364685349889],[-84.558713055716,33.5363577891623],[-84.5586170212571,33.5362396401914],[-84.5585249640481,33.536129997642],[-84.5583963590499,33.5359938124287],[-84.5582773717124,33.5358798582733],[-84.5581808463729,33.5357982637607],[-84.5580843620868,33.5357257381518],[-84.5580033546215,33.5356647059828],[-84.557871687261,33.5355769005807],[-84.5577529016656,33.5355074684931],[-84.5577213137996,33.5354891541065],[-84.5575328374521,33.5353935577518],[-84.5573579122022,33.5353193549306],[-84.557191575582,33.535257492239],[-84.5570302027199,33.5352049587023],[-84.5568958146035,33.5351685548641],[-84.5568502259509,33.535157257072],[-84.5568498185068,33.5351571564657],[-84.5568497737439,33.5351572584967],[-84.5568496639635,33.5351575077067],[-84.5568127853766,33.5352415091209],[-84.5565858950199,33.5358589151676],[-84.5565858322642,33.5358590866847],[-84.55658544389,33.5358589174897],[-84.5565844945266,33.5358585030004],[-84.5563799882894,33.5357693131204],[-84.5563795371357,33.5357693100317],[-84.5554450794741,33.535759347703],[-84.5554446272437,33.5357593446143],[-84.555312061824,33.5370833441334],[-84.5553116117038,33.5370833329225],[-84.555310963429,33.5370833133166],[-84.5553105122281,33.5370833012075],[-84.5553100610312,33.5370832899999],[-84.554837889134,33.5370683612345],[-84.5548374379331,33.5370683491236],[-84.5548369867484,33.5370683406193],[-84.5539878284386,33.5370548025023],[-84.5539873761813,33.5370547949],[-84.5539869250008,33.5370547872944],[-84.5503775284011,33.5369962334615],[-84.5503770761443,33.5369962258459],[-84.5503766249643,33.5369962182271],[-84.5497703417572,33.5369865709133],[-84.5497698895005,33.5369865632956],[-84.5497694383204,33.5369865556745],[-84.5492829517769,33.5369787336145],[-84.5492824995203,33.536978725995],[-84.5492820483403,33.5369787183721],[-84.5481348787916,33.5369602888399],[-84.5481344265351,33.5369602812162],[-84.5481339753553,33.5369602735892],[-84.5477443094427,33.5369537954753],[-84.5477438571862,33.5369537878502],[-84.5477434060065,33.5369537802217],[-84.5468873573058,33.5369399395954],[-84.5468869050494,33.5369399319672],[-84.5468864538698,33.5369399243356],[-84.5453286950462,33.5369146208333],[-84.5453282427861,33.5369146122977],[-84.5453277916028,33.5369146037588],[-84.5452745387518,33.5369132806079],[-84.5452740864918,33.5369132720721],[-84.5452740845074,33.5369133108505],[-84.5452456147687,33.5374588981388],[-84.5453024395897,33.5374604980157],[-84.5453028907837,33.537460508358],[-84.5453033430427,33.537460515992],[-84.5466686041084,33.5374798166173],[-84.546669055279,33.5374798215446],[-84.5466376543801,33.5380290338065],[-84.5466372032106,33.5380290297807],[-84.5466365549776,33.5380290209495],[-84.5466361027236,33.5380290151238],[-84.5466356515423,33.538029008393],[-84.546477284297,33.5380267873662],[-84.546476832039,33.5380267806382],[-84.5464763808577,33.5380267739068],[-84.5452783335379,33.5380097093044],[-84.5452778823489,33.5380097007653],[-84.5452774311481,33.5380096895212],[-84.5452218753854,33.5380078305791],[-84.5452214252614,33.5380078193316],[-84.5452214222553,33.5380078707366],[-84.5452090476333,33.5382552019261],[-84.5453480181638,33.5382888560919],[-84.5457524111736,33.5384833089403],[-84.545753204244,33.5384836906288],[-84.5457535290234,33.5384838465272],[-84.545753656465,33.5384836883428],[-84.545787063687,33.5384420690521],[-84.5457873560467,33.5384417047795],[-84.5457874759905,33.5384415556348],[-84.5457878071947,33.5384417033983],[-84.546636192387,33.5388200103388],[-84.5468866541101,33.5388316090385],[-84.547156484757,33.5388445218829],[-84.5471618164884,33.5393872995899],[-84.5471613653356,33.5393873009761],[-84.5471607149864,33.5393873029744],[-84.5471602627529,33.5393873034622],[-84.5471598115961,33.5393873039467],[-84.5467500601395,33.5393880167618],[-84.546749607906,33.5393880172481],[-84.5467491567492,33.5393880177312],[-84.546748506396,33.5393880188256],[-84.5467480541625,33.539388019312],[-84.5467476030057,33.539388019795],[-84.5465623341285,33.5393883186976],[-84.546561881895,33.5393883191833],[-84.5465614307382,33.5393883196657],[-84.5465607803811,33.5393883198575],[-84.5465603281475,33.5393883203432],[-84.5465598769868,33.5393883199238],[-84.5464760184535,33.5393883102569],[-84.546475566216,33.5393883098405],[-84.5464751150631,33.5393883112242],[-84.5464744647099,33.5393883123173],[-84.5464740124764,33.5393883128026],[-84.5464735613235,33.5393883141863],[-84.5458760867846,33.5393900072882],[-84.5458756345588,33.5393900095747],[-84.5458751834138,33.5393900127596],[-84.5458745330842,33.5393900192594],[-84.5458740808664,33.5393900233493],[-84.5458736297253,33.5393900274358],[-84.5458166860425,33.5393905958322],[-84.5458165880555,33.5393905952306],[-84.5458162338247,33.5393905999219],[-84.5458161358179,33.5393905948118],[-84.5457185069711,33.5393807795312],[-84.5457180599245,33.5393807349139],[-84.5457180547415,33.5393807809155],[-84.5457180433933,33.5393808945621],[-84.5457133362191,33.5394263717409],[-84.5456963423305,33.5395932474155],[-84.5456831455539,33.5397276806926],[-84.5458509406709,33.5397476423843],[-84.5475859238859,33.5400040954703],[-84.5475906640721,33.5409349403407],[-84.5475902129112,33.5409349417286],[-84.5475895625505,33.5409349437292],[-84.5475891103129,33.5409349451203],[-84.5475886591521,33.5409349465082],[-84.5457696289842,33.5409405287605],[-84.5457691767465,33.540940530145],[-84.5457639557516,33.5410227217332],[-84.5457577721818,33.5411098619875],[-84.5457352325374,33.5414350546187],[-84.5457347813423,33.5414350487865],[-84.5457341330761,33.5414350381474],[-84.5457336807965,33.5414350305151],[-84.5457332295936,33.5414350228795],[-84.5456437812086,33.5414334238743],[-84.5456433289368,33.541433418045],[-84.5456433279939,33.541433448705],[-84.5456181414889,33.5424303124031],[-84.5455980394529,33.5432379967809],[-84.5455980367066,33.5432381076961],[-84.5455975882839,33.5432379990633],[-84.5455964920209,33.5432377337172],[-84.542358971935,33.5424543738084],[-84.5423585030422,33.5424542607176],[-84.5423585196893,33.5424543751806],[-84.5423585585858,33.5424546545837],[-84.5423598572555,33.5424638766433],[-84.5423594060864,33.5424638780121],[-84.5423587557138,33.5424638799853],[-84.542358303468,33.5424638813574],[-84.5423578522989,33.5424638827263],[-84.5419490726582,33.5424651222795],[-84.5419486204123,33.5424651236502],[-84.5419956177177,33.5428596406534],[-84.5420295762129,33.5431228276432],[-84.5420664392564,33.5434503163895],[-84.5420948246621,33.5436390413953],[-84.5421191226161,33.5437931488297],[-84.542130883186,33.5438563245998],[-84.5421855203436,33.5441197238102],[-84.5422322956231,33.5443105903865],[-84.5422450023896,33.5443646941655],[-84.5423239857781,33.5446414860429],[-84.5426074680278,33.5453774520234],[-84.5427849306851,33.5457325467114],[-84.5430775980479,33.54623844866],[-84.5434610411409,33.5469378312285],[-84.543607769484,33.5472432733491],[-84.5436431743643,33.5473844299983],[-84.5436996451189,33.5474636843598],[-84.5437521658974,33.5476157821367],[-84.5438001338818,33.5477777869887],[-84.5437996826891,33.5477777892647],[-84.5437990322807,33.5477777921474],[-84.5437985800112,33.5477777944266],[-84.5437981288186,33.5477777967025],[-84.5436479644401,33.547778524493],[-84.5436478653667,33.547778523893],[-84.5436475121588,33.5477785240667],[-84.5436474130776,33.5477785216633],[-84.543647060923,33.5477785164238],[-84.5436469618419,33.5477785140204],[-84.5411696056047,33.5477206474144],[-84.5411691532925,33.5477206397657],[-84.5411691297654,33.5477206777075],[-84.5411030050074,33.5478324191458],[-84.5410025673521,33.5479844305371],[-84.5408682897722,33.5481291241937],[-84.5404356723339,33.5484310979627],[-84.5402679657264,33.5485877083914],[-84.5401148031722,33.548768460492],[-84.539991467282,33.5489392292375],[-84.5399823342251,33.5489527233675],[-84.5399732022423,33.5489662174936],[-84.5399653747803,33.5489780594146],[-84.5399568996749,33.5489915515589],[-84.5399464704626,33.549008897063],[-84.5396470250241,33.5495207139523],[-84.5396388700977,33.5495325559367],[-84.5396346295431,33.5495386153771],[-84.5396254881012,33.5495501853199],[-84.5396160181125,33.549561482141],[-84.5396111183046,33.5495669935414],[-84.5396009902433,33.5495780173311],[-84.5395905324536,33.5495884929898],[-84.539579745137,33.5495989687385],[-84.5395682996482,33.5496088973454],[-84.5395565256085,33.5496185519282],[-84.539544091239,33.5496276584737],[-84.5395316579476,33.5496367659165],[-84.5395251110852,33.5496409081131],[-84.5395120173584,33.5496491925055],[-84.5395054704941,33.5496533347011],[-84.5394917175133,33.5496610710517],[-84.5394776359858,33.5496685342792],[-84.5394707583122,33.5496721274442],[-84.5394563447938,33.5496787666318],[-84.5394491374974,33.5496820866774],[-84.5394340647294,33.549688178724],[-84.5394193180417,33.5496937197623],[-84.5394039132829,33.5496989877675],[-84.5389589217707,33.5498737458104],[-84.5389395882761,33.5498812247686],[-84.5389205855778,33.5498892518524],[-84.538901910244,33.549897277949],[-84.5388829064618,33.5499053050303],[-84.5388642345562,33.5499138811358],[-84.5388426136108,33.5499238402634],[-84.5388242702445,33.5499326903878],[-84.5388062553155,33.5499415386206],[-84.5386441149235,33.5500198038655],[-84.538314263493,33.5501788228466],[-84.5382926435953,33.5501890568876],[-84.5382670950817,33.550201776024],[-84.5382641471036,33.550203159032],[-84.5382166618791,33.5502285855476],[-84.5382002891613,33.5502377046783],[-84.5381842472364,33.5502473719373],[-84.5381678768616,33.5502570401798],[-84.5381521634759,33.5502669814613],[-84.5381403787006,33.5502744367441],[-84.5381246675623,33.5502846530278],[-84.5381053574199,33.5502976275254],[-84.537728362664,33.5505625976124],[-84.5373670393709,33.5508085554959],[-84.537355912627,33.5508165596602],[-84.5373418436338,33.5508270450386],[-84.5373267928148,33.5508383583919],[-84.5373124024079,33.5508504939018],[-84.5372993211956,33.5508618013554],[-84.5372846070254,33.5508750369791],[-84.5372731657981,33.5508860645085],[-84.5372064703915,33.5509481013401],[-84.5371119841989,33.5510360562221],[-84.5370930268175,33.5510548011594],[-84.5370747264272,33.5510738200423],[-84.5370619829802,33.5510873247559],[-84.5370479339418,33.5511027575589],[-84.5368359228515,33.5513408463064],[-84.5368163178214,33.5513617923344],[-84.5368016128709,33.55137722707],[-84.5367918103469,33.5513876996309],[-84.5367715448802,33.5514078234907],[-84.5367561818399,33.5514229851756],[-84.5367460496858,33.5514331846074],[-84.5367303569177,33.55144779725],[-84.5367143368659,33.5514626858811],[-84.53669831564,33.5514773004029],[-84.5366822921557,33.5514916390153],[-84.5366659412957,33.5515059795057],[-84.5366492630562,33.5515203209722],[-84.5366325813899,33.551534112422],[-84.5366155724354,33.5515481789581],[-84.5365985611389,33.5515616972775],[-84.5365812236308,33.5515754906798],[-84.5365638837734,33.551588734062],[-84.5365462143861,33.5516019793279],[-84.5365282176151,33.5516152246676],[-84.5365043294162,33.5516323359729],[-84.536486330289,33.5516450312888],[-84.536468001537,33.5516574534759],[-84.5364493443282,33.5516698766413],[-84.5364244672327,33.5516861667492],[-84.5364054814651,33.5516983158768],[-84.5363802735586,33.551714056939],[-84.5363547370927,33.5517295230631],[-84.536335090892,33.5517408500165],[-84.5363092236196,33.5517557679958],[-84.5362892466166,33.5517665468065],[-84.5362561705634,33.5517845096281],[-84.5358477601729,33.5519976237742],[-84.5358202434608,33.5520108973972],[-84.5357835551287,33.5520283217398],[-84.5357557075163,33.5520407721996],[-84.5357186861204,33.5520573724788],[-84.5356810065424,33.5520734246839],[-84.535652828113,33.5520853269836],[-84.5356148165541,33.5521005560226],[-84.5355859799391,33.5521119102437],[-84.535557139902,33.5521227144436],[-84.5355187974309,33.5521371203037],[-84.5354896276632,33.5521473754455],[-84.5354506225157,33.5521606841109],[-84.5354211231099,33.5521706652061],[-84.5353817870598,33.5521831497983],[-84.5353522841415,33.5521923076539],[-84.5353122888279,33.5522042441625],[-84.5353124125587,33.5522333761681],[-84.5353167555405,33.5533329680163],[-84.5353204023556,33.5541915337846],[-84.535323201358,33.554927801766],[-84.5353298181539,33.5565627602221],[-84.5353296472977,33.556599863027],[-84.5354347006307,33.5567163617888],[-84.5354350458111,33.5567167448759],[-84.5354351875625,33.5567169022475],[-84.5354354981315,33.5567167435286],[-84.535579636475,33.5566430914392],[-84.535739338369,33.5565637491758],[-84.5357401433145,33.5565633491357],[-84.5357404732484,33.5565631858498],[-84.5357405945573,33.5565633477904],[-84.5358180538683,33.556666566501],[-84.5358762105166,33.5566795846432],[-84.5359146706043,33.5566921123832],[-84.5359524714209,33.5567040920534],[-84.535996183832,33.5567166041008],[-84.5360290362736,33.5567228268612],[-84.5360740475688,33.5567323125773],[-84.5361193977764,33.5567439946576],[-84.536161151013,33.556758985799],[-84.5362038827486,33.5567725998465],[-84.5362475871293,33.5567834626576],[-84.5362853646199,33.5567899456593],[-84.5363198759515,33.5568002867682],[-84.5363550617912,33.5568147474286],[-84.5363961523127,33.5568283681136],[-84.5363966046644,33.5568283739761],[-84.5364350952302,33.5568290651207],[-84.5364355465204,33.5568290745929],[-84.5364359988875,33.5568290840619],[-84.5364775697612,33.556830322329],[-84.5365160043262,33.5568370783095],[-84.5365482173825,33.5568471503066],[-84.5365860277269,33.5568613289493],[-84.5366140114914,33.5568804835565],[-84.5366370960331,33.5569054244461],[-84.5366650821643,33.5569251281569],[-84.5367028609193,33.556931886039],[-84.5367455600086,33.5569378050667],[-84.5367767771654,33.5569454066752],[-84.5368152175729,33.5569532625933],[-84.5368546563874,33.5569644120529],[-84.5368885296716,33.5569791523992],[-84.5369181407504,33.5569950037284],[-84.5369484017508,33.5570092048371],[-84.5369796541333,33.5570250512423],[-84.537012533738,33.5570375953314],[-84.5370447551376,33.5570495913567],[-84.5370776242041,33.5570596621542],[-84.5371127833889,33.5570680769194],[-84.5371538389402,33.5570734506994],[-84.5371958716973,33.5570768973579],[-84.5372359534796,33.5570847473307],[-84.5372796593181,33.5570958847835],[-84.5373164831995,33.5571095161306],[-84.5373444812928,33.5571319688699],[-84.537363641856,33.5571604938232],[-84.5373840893205,33.5571826941498],[-84.5374114316808,33.5572054229476],[-84.5374426947889,33.5572237434099],[-84.5374755944963,33.5572409589139],[-84.537541375066,33.5572707192546],[-84.537582434261,33.5572769170155],[-84.537615872031,33.5572902428299],[-84.5376159734233,33.557290279495],[-84.5376164257081,33.557290269123],[-84.5394335260089,33.5572339925197],[-84.5394339772006,33.5572339785377],[-84.5394344294693,33.5572339645523],[-84.5403666505211,33.5572050703401],[-84.5403671017125,33.5572050563546],[-84.5403675539809,33.5572050423659],[-84.5413828133126,33.5571734165154],[-84.5413832645037,33.5571734025263],[-84.5413837167717,33.5571733885339],[-84.5453531745316,33.5570500674848],[-84.5453536257212,33.5570500534811],[-84.5453540779878,33.5570500394742],[-84.5453545711748,33.5570500244404],[-84.5453550223762,33.5570500131419],[-84.5454498477682,33.557073268587],[-84.5454508816873,33.5570735215004],[-84.5454513053917,33.5570736257004],[-84.5454513340091,33.5570735201165],[-84.5454613172098,33.5570359436689],[-84.5454686998,33.5569974446452],[-84.5454798672294,33.5569316456343],[-84.5454798913932,33.5569315067019],[-84.5454799008379,33.5569314498672],[-84.5454803437143,33.5569315053178],[-84.5455738350277,33.5569432557234],[-84.5457733255805,33.5572628175877],[-84.5457734503013,33.5572630164768],[-84.5457735012769,33.5572630983734],[-84.5457739026241,33.5572630150917],[-84.5461870657595,33.5571774575746],[-84.5477422039002,33.5566023127772],[-84.547743090959,33.5566019854424],[-84.5477434533054,33.5566018508786],[-84.5477435422013,33.5566019840534],[-84.5477883130547,33.5566692530301],[-84.5477886046791,33.5566696903482],[-84.5477887239318,33.5566698694152],[-84.5477890569947,33.5566696880541],[-84.5478172138546,33.5566543909527],[-84.5478303114538,33.5566469307144],[-84.5478450467001,33.5566386403965],[-84.5478728783235,33.5566226139241],[-84.5479003801313,33.5566060393388],[-84.5479275511736,33.5565891907539],[-84.5479540639301,33.5565717950682],[-84.5479805754675,33.5565541243685],[-84.5480064276379,33.5565359056702],[-84.5480227896256,33.5565243119797],[-84.548032278589,33.5565174119582],[-84.5480574724623,33.5564986461546],[-84.5480823354379,33.5564793313414],[-84.5481065402549,33.5564597435389],[-84.5481307438522,33.5564398807235],[-84.548154290372,33.5564197458177],[-84.5481775059938,33.5563990619031],[-84.5482000634573,33.5563781050004],[-84.5482226197009,33.5563568730853],[-84.5482445176582,33.5563350940727],[-84.5482657586669,33.5563133170811],[-84.5482866687776,33.5562909910817],[-84.5483072514859,33.5562686660881],[-84.5483271737547,33.5562457940047],[-84.548346767408,33.5562226470174],[-84.5483657039856,33.5561992279425],[-84.548384309798,33.5561755348725],[-84.5484025870035,33.5561515687025],[-84.5484198798676,33.5561276046634],[-84.5484371692295,33.5561030915102],[-84.5484538015131,33.5560783053689],[-84.5484697768517,33.5560535212512],[-84.5484850939028,33.5560281891376],[-84.5485000824773,33.5560028580351],[-84.5485147413697,33.5559772538372],[-84.5485287433146,33.5559516507622],[-84.5485420869773,33.5559255005936],[-84.5485547736977,33.5558993524499],[-84.5485671318101,33.5558729303065],[-84.548578831908,33.5558465110933],[-84.5485902033947,33.555819816979],[-84.5486009178114,33.5557928507802],[-84.5486109752841,33.5557658857054],[-84.5486482675872,33.5555874041564],[-84.5486993891529,33.5553441574112],[-84.548722747457,33.5552838117062],[-84.54872321492,33.5552826038172],[-84.5487234065929,33.5552821091058],[-84.5487236661514,33.5552826015231],[-84.548760646232,33.5553527633461],[-84.548790111337,33.5554096999852],[-84.5488190861355,33.5554670501972],[-84.5488475688165,33.5555244028226],[-84.5488616465418,33.5555532166929],[-84.54888930986,33.5556108459475],[-84.5489166453526,33.5556686132627],[-84.5489433262412,33.555726658506],[-84.5489695145308,33.5557848423192],[-84.5489952112977,33.5558431646993],[-84.5490079781487,33.5558723946665],[-84.549020416541,33.5559016256466],[-84.5490451291868,33.5559602260663],[-84.5490693513842,33.5560189650505],[-84.5490930815903,33.5560779814627],[-84.5491163196614,33.5561369984883],[-84.5491389025087,33.5561961545882],[-84.5491500289389,33.5562258025753],[-84.5491719561078,33.5562852357059],[-84.5491933917502,33.5563448083074],[-84.5492141704803,33.5564043820327],[-84.5492244786183,33.5564343075524],[-84.5492444379689,33.5564941588156],[-84.5492530885,33.5565203790471],[-84.5492640694861,33.5565541490447],[-84.5492830457761,33.5566142792519],[-84.5492923691537,33.5566443439618],[-84.5493106891474,33.5567046132472],[-84.5493195209859,33.5567348174305],[-84.5493370209846,33.5567952263007],[-84.5493540288403,33.556855636689],[-84.5493703809909,33.5569163241131],[-84.5493864075877,33.556977424608],[-84.5493980995672,33.557023422761],[-84.5494092993944,33.5570694233358],[-84.5494203344554,33.5571154235169],[-84.5494312064353,33.5571615612559],[-84.5494415862613,33.557207701417],[-84.5494518013199,33.5572538411845],[-84.5494615259048,33.5573001204242],[-84.5494710840441,33.5573462631222],[-84.5494833390792,33.5574080623408],[-84.5494920788845,33.5574544816771],[-84.5495006539243,33.5575009015218],[-84.5495089015809,33.5575473232797],[-84.5495168196922,33.5575937451541],[-84.549524411024,33.557640305995],[-84.5495333033574,33.557702734156],[-84.5497900535434,33.55817196679],[-84.549790268519,33.5581723592565],[-84.5497903564622,33.558172519483],[-84.5497907208423,33.558172356955],[-84.5522456797749,33.5570782109742],[-84.5538402135667,33.5563801080115],[-84.5539708691701,33.5563288708197],[-84.5539713991831,33.5563286626773],[-84.5539716152751,33.5563285781451],[-84.5539718504236,33.5563286612656],[-84.5540626878452,33.55636099798],[-84.5541001624979,33.5563729731209],[-84.5541517723399,33.5563893014958],[-84.5542717505653,33.5564260281877],[-84.5544318045241,33.5564689509145],[-84.5545767243445,33.5565042250287],[-84.5546322592378,33.5565175175762],[-84.5547597440831,33.5565443261514],[-84.5547659856137,33.5565454066331],[-84.5548346396621,33.5565561846586],[-84.554834338563,33.556782372531],[-84.5548327486883,33.5595089856258],[-84.5548295348454,33.5627147829232],[-84.5548295269005,33.5627243217946],[-84.5547735846009,33.5627241419352],[-84.5542284649273,33.5627223918473],[-84.5517447787168,33.562714384165],[-84.5513802716601,33.5627132046998],[-84.5513353056419,33.5627130595052],[-84.5513348532911,33.5627130609108],[-84.5513326345457,33.5627130515751],[-84.5513476486209,33.5627767246769],[-84.5513731067038,33.5629071742229],[-84.5513951429371,33.5630140284754],[-84.5514123018661,33.5631431152169],[-84.5514328222927,33.5632819115893],[-84.5514450054351,33.5634110137861],[-84.5514539698796,33.5635623433184],[-84.5514611938107,33.563694238991],[-84.5514620260432,33.5638818790999],[-84.5514615747633,33.5638818805027],[-84.5513013650005,33.5638823784067],[-84.5513009126436,33.5638823798122],[-84.5509727430303,33.5638662049689],[-84.5509326936378,33.5638622744529],[-84.5509322453894,33.5638622307604],[-84.5509322412809,33.5638622758571],[-84.5509290786745,33.5638967225421],[-84.5509290538998,33.5638969651702],[-84.5509267258352,33.5639197000802],[-84.5509241801405,33.5639426637901],[-84.5509225236963,33.5639565403387],[-84.550922072404,33.5639565390345],[-84.5509101286606,33.5639564787276],[-84.5509096762872,33.563956476525],[-84.5509092249909,33.5639564743191],[-84.5508749059747,33.5639562995177],[-84.5508744536013,33.563956297315],[-84.550874002309,33.5639562960107],[-84.5508733517561,33.5639562935214],[-84.5508728993827,33.5639562913187],[-84.5508724480904,33.5639562900144],[-84.5507931604044,33.5639560031841],[-84.550792708035,33.5639560018828],[-84.5507922567387,33.5639559996765],[-84.5507916061817,33.5639559962852],[-84.5507911538083,33.5639559940822],[-84.5507907025081,33.5639559909742],[-84.5494018379847,33.563946845288],[-84.5494013856074,33.5639468421783],[-84.5494009343071,33.5639468390652],[-84.5493166641113,33.5639462952891],[-84.549316211734,33.5639462921791],[-84.5493157604377,33.5639462899674],[-84.5493154965506,33.5639462880781],[-84.5493150441773,33.5639462858697],[-84.5493161750402,33.5639367516421],[-84.5493982879236,33.5632446522757],[-84.5493987402376,33.5632446418605],[-84.550763314978,33.563202514259],[-84.5507637662105,33.5632025029405],[-84.5508178412066,33.5631917332191],[-84.5508198535116,33.5631913329413],[-84.5508178032718,33.5631821926859],[-84.5507374687623,33.5628238636907],[-84.5505732277882,33.5622821294161],[-84.5502446268152,33.5611700790284],[-84.5501740488487,33.5609476833265],[-84.5500240681003,33.5609385549147],[-84.5500236576462,33.5609385300371],[-84.5500236157586,33.5609385563155],[-84.5500235148031,33.5609386206472],[-84.550014495208,33.5609443264443],[-84.5500140471424,33.5609443206184],[-84.5500134375103,33.5609443116861],[-84.5500129851327,33.5609443049718],[-84.5500125338282,33.5609442973526],[-84.549388547274,33.5609339084108],[-84.5493880948926,33.5609339007926],[-84.5493876435881,33.5609338931711],[-84.5480261001906,33.5609106298966],[-84.5480256478172,33.5609106240767],[-84.5479707116662,33.5600139553744],[-84.5479701292495,33.5600044525784],[-84.5479701268737,33.5600044020917],[-84.5479702238149,33.5600044044982],[-84.5479705792542,33.5600044106168],[-84.5479706751303,33.5600044157316],[-84.5479711264457,33.5600044269649],[-84.5493841988564,33.5600506028503],[-84.5498957214376,33.5600671594713],[-84.5498962703351,33.5600707320241],[-84.5498963601481,33.5600713151319],[-84.5498963967442,33.5600715539633],[-84.5498968124813,33.5600713128299],[-84.5499498379358,33.5600406007171],[-84.5499517340051,33.5600395029145],[-84.5499497990204,33.5600310592798],[-84.5499349977292,33.5599664493737],[-84.5499128172064,33.5598499887664],[-84.5499018785574,33.5597718236904],[-84.5499016305396,33.5597700472505],[-84.5499018375056,33.5597622849643],[-84.5499038834649,33.5596853925338],[-84.5499144026422,33.5596144528994],[-84.5499331501566,33.5595481602857],[-84.5499604013303,33.5594749705524],[-84.5500008024859,33.5594061375792],[-84.5500260664318,33.5593736440161],[-84.5500282211152,33.5593708737],[-84.5500260264359,33.5593641034829],[-84.5497570439207,33.5585344724116],[-84.5497569882347,33.5585343003633],[-84.5497565926725,33.5585344747096],[-84.5497556274165,33.5585349005837],[-84.5497497993231,33.5585374694663],[-84.5497494532061,33.5585376220193],[-84.5497493469978,33.5585374717677],[-84.549749085819,33.5585371037894],[-84.5494826610268,33.5581618018078],[-84.5494825548235,33.5581616524576],[-84.5494822097765,33.5581618032032],[-84.5494813648893,33.5581621709955],[-84.5450655971232,33.5600855900654],[-84.5449604290307,33.5601331828679],[-84.5433511070875,33.5608600738966],[-84.5404323574198,33.5621441417721],[-84.5385479363425,33.5631188749617],[-84.5370895861537,33.5640923052425],[-84.5361793378216,33.5649623948735],[-84.5360613486704,33.5650346215754],[-84.5360611327425,33.5650347538648],[-84.5360608963104,33.565034623827],[-84.536060317649,33.5650343063598],[-84.5353699628759,33.564654900628],[-84.5353697771861,33.5646547983897],[-84.5353695115911,33.5646549019721],[-84.5353688610361,33.5646551536746],[-84.5353623619444,33.5646576697785],[-84.5353619103221,33.5646578451475],[-84.5353619095864,33.5646576720275],[-84.5353619077892,33.5646572491458],[-84.5353618697765,33.5646483046129],[-84.5353618672436,33.5646477086113],[-84.5353558916359,33.5632415755846],[-84.535355851097,33.5632320359495],[-84.5353553998273,33.5632320390969],[-84.5353547493138,33.563232044641],[-84.5353542969671,33.5632320477917],[-84.5353538457012,33.5632320518407],[-84.532986182769,33.5632547303804],[-84.5329857304258,33.563254734424],[-84.5329852791596,33.5632547384644],[-84.5329846286495,33.5632547448977],[-84.5329841763063,33.5632547489414],[-84.5329837250401,33.5632547529817],[-84.5314630023867,33.563269533675],[-84.5314629485273,33.5632695320303],[-84.5314625500395,33.5632695368113],[-84.5314624961611,33.5632695306584],[-84.5313832134212,33.5632543870467],[-84.5313810705281,33.5632539776864],[-84.5313831776234,33.563244846493],[-84.5314913343885,33.5627762690516],[-84.5315890784302,33.5623507439676],[-84.5315912731007,33.5623411905258],[-84.5315908218315,33.5623411927578],[-84.5315901713168,33.5623411964788],[-84.5315897189706,33.562341198714],[-84.5315894960305,33.5623412002728],[-84.5315892677053,33.5623412018476],[-84.5315890436843,33.562341202508],[-84.5315885924152,33.5623412047399],[-84.5314908826783,33.562341751518],[-84.5314904303321,33.5623417537527],[-84.5314899790629,33.5623417559844],[-84.5314876624114,33.5623417691234],[-84.5314875503971,33.5623417685518],[-84.5314872100652,33.5623417713581],[-84.5314870980434,33.5623417689833],[-84.531261455088,33.5623347415374],[-84.5311839812168,33.5623323286743],[-84.5307620603729,33.5623191885677],[-84.5307616090508,33.5623191781733],[-84.530474573397,33.5670440621468],[-84.530217449801,33.5670737731647],[-84.5297513003052,33.5672220914158],[-84.5297508496031,33.5672222352029],[-84.5297508479335,33.5672220936444],[-84.5297022626112,33.564052528301],[-84.5297018113104,33.5640525251162],[-84.5293264689762,33.564048050234],[-84.5293260165908,33.5640480452476],[-84.5293255652825,33.564048040258],[-84.5291716201191,33.5640462045121],[-84.5291711677337,33.5640461995251],[-84.5291707164254,33.5640461945349],[-84.5289328578109,33.5640433652899],[-84.5289324054255,33.564043360302],[-84.528931954121,33.5640433562127],[-84.5289313035518,33.5640433500014],[-84.528930851174,33.564043346817],[-84.5289310139011,33.5642329548733],[-84.5289311631879,33.564407220005],[-84.5289307119003,33.564407220424],[-84.5289301959822,33.5644072192288],[-84.5289297436138,33.5644072187493],[-84.5289292923224,33.5644072182666],[-84.5287728168097,33.5644070034363],[-84.5287723644414,33.5644070029562],[-84.52877191315,33.564407002473],[-84.528165847452,33.5644061643937],[-84.5281653950836,33.5644061639114],[-84.5281649437998,33.5644061652292],[-84.5281642932579,33.5644061662273],[-84.5281638408933,33.5644061666467],[-84.5280782363616,33.5643558522876],[-84.5280595758077,33.564344884651],[-84.5280350092701,33.5643304456592],[-84.5279518428588,33.5642815640744],[-84.5275345448919,33.5640362921602],[-84.5268710486278,33.5636463091413],[-84.5267448223777,33.563572116574],[-84.5267441022222,33.5635716921749],[-84.5267438074644,33.5635715181066],[-84.5267436509426,33.5635716934876],[-84.525599201516,33.5648514386109],[-84.5255990342638,33.5648516248416],[-84.5255987491564,33.5648514408243],[-84.5254939893279,33.5647837751204],[-84.5254936945013,33.5647835848192],[-84.525493538042,33.5647837764285],[-84.525493156546,33.5647842455055],[-84.5254902760007,33.5647877785162],[-84.5254901013247,33.5647879927203],[-84.5254898236415,33.5647877807292],[-84.5254891461762,33.5647872624245],[-84.5237519078667,33.5634578837327],[-84.5235055623936,33.5632693046902],[-84.5235026106001,33.5632670445754],[-84.5235055263887,33.5632597650333],[-84.5235361661949,33.5631832864873],[-84.5235399796434,33.5631737681934],[-84.5235395283509,33.5631737658876],[-84.5235365847029,33.5631737473234],[-84.5235361323297,33.5631737441192],[-84.5235356810335,33.5631737409118],[-84.5231156200953,33.5631710108332],[-84.523115167722,33.5631710076274],[-84.5231147164258,33.5631710044185],[-84.5227672987537,33.563168440866],[-84.5227668463805,33.5631684376589],[-84.5227663950843,33.5631684344487],[-84.5221569989168,33.5631638733025],[-84.5221565465436,33.5631638700932],[-84.5221560952475,33.5631638668808],[-84.5220765668698,33.5631632801192],[-84.5220761145003,33.5631632778113],[-84.5220756632116,33.5631632764019],[-84.522075012675,33.5631632764663],[-84.5220745603129,33.5631632759617],[-84.5220741090278,33.563163275454],[-84.5214019379667,33.5631623289047],[-84.5214014856046,33.5631623283976],[-84.5214010343195,33.5631623278874],[-84.5214003837755,33.5631623261449],[-84.5213999314134,33.5631623256378],[-84.5213994801283,33.5631623251277],[-84.5212532235309,33.5631620678931],[-84.5212527711688,33.5631620673855],[-84.5212523198911,33.5631620686781],[-84.5212516693581,33.5631620696399],[-84.5212512169997,33.5631620700339],[-84.521250765722,33.5631620713265],[-84.5209653212448,33.5631628886203],[-84.5209648688753,33.5631628863084],[-84.5209644175607,33.5631628785833],[-84.5207092886417,33.5631565456675],[-84.5207088362464,33.5631565370428],[-84.5207083849209,33.5631565266118],[-84.5207070987937,33.563156494223],[-84.5207066463985,33.5631564855984],[-84.5207088026959,33.5631469955735],[-84.52073180147,33.5630457911855],[-84.5208093164485,33.5626937839553],[-84.5208378453985,33.5625653555594],[-84.520908827617,33.5622213368731],[-84.5209498691672,33.561981840789],[-84.5209911416502,33.5617986845333],[-84.5210407753731,33.5615731795103],[-84.5211325722063,33.5613827327482],[-84.521190671553,33.5612206906366],[-84.5214415883073,33.56084674969],[-84.5217596813603,33.5604443073334],[-84.5220355420658,33.5600702936025],[-84.5222030211005,33.5598444497232],[-84.522343858792,33.5596065897368],[-84.5223950140434,33.5595129999267],[-84.5224118871532,33.5594648558678],[-84.5224615288645,33.5593226247792],[-84.5224837712936,33.5592199840098],[-84.5225027676368,33.5591323222456],[-84.5225300263539,33.5589784065751],[-84.5225300379382,33.5589783425226],[-84.5225304892126,33.5589783457338],[-84.5226314910937,33.5589825808865],[-84.5226319434266,33.5589825795859],[-84.5228365647963,33.5589819829402],[-84.5259843535432,33.5589727577296],[-84.5259848047989,33.5589727564199],[-84.5259852571316,33.558972755107],[-84.5259859076291,33.558972753219],[-84.5259863588848,33.5589727519092],[-84.526149080887,33.5509446954468],[-84.5262774326502,33.546668473526],[-84.5262778849187,33.5466684722125],[-84.5315285615734,33.5466533863807],[-84.5315290127648,33.5466533850512],[-84.531529465033,33.5466533837184],[-84.5315301089805,33.5466533827226],[-84.5315305601719,33.546653381393],[-84.5315222001232,33.545443590122],[-84.531501819291,33.5425440815177],[-84.5315018112894,33.5425421771902],[-84.5315018111151,33.5425421357133],[-84.5315017916521,33.5425377599108],[-84.5315017770461,33.5425345400496],[-84.5315022292891,33.5425345378155],[-84.5320593406154,33.542530433549],[-84.5320597917777,33.5425304304144],[-84.5320602440168,33.5425304272765],[-84.5320608943793,33.5425304226524],[-84.5320613455417,33.5425304195177],[-84.5320617977808,33.5425304163799],[-84.5328946014792,33.5425243926729],[-84.5328950526415,33.5425243895352],[-84.5328955048805,33.5425243863943],[-84.5328961552467,33.5425243826674],[-84.5328966064089,33.5425243795297],[-84.5328965661681,33.5425148389584],[-84.5328838141918,33.539491281396],[-84.5328837739608,33.5394817417217],[-84.5328833228182,33.5394817457609],[-84.5328826724863,33.5394817521926],[-84.5328822202669,33.539481756235],[-84.532881769128,33.5394817611758],[-84.5323860499135,33.5394873279343],[-84.5323855976978,33.5394873328765],[-84.5323851465589,33.5394873378156],[-84.5323844962307,33.5394873451463],[-84.532384044015,33.5394873500886],[-84.5323835928761,33.5394873550277],[-84.5293628558326,33.5395209535165],[-84.5293624036127,33.5395209575461],[-84.5293623637686,33.5395114178681],[-84.5293582423546,33.5385246246556],[-84.5293582025087,33.5385150840743],[-84.5293837464356,33.5379949460705],[-84.5293842148041,33.5379854049016],[-84.5293841641982,33.5379854050498],[-84.5293837636539,33.5379854053213],[-84.5293837119712,33.5379854054727],[-84.529383260821,33.5379854058924],[-84.5293831133101,33.5379854063245],[-84.529382661087,33.5379854076491],[-84.5293822099367,33.5379854080688],[-84.5260597998238,33.537990426811],[-84.5260593475967,33.5379904272217],[-84.5260593870794,33.5379999678073],[-84.5260645287355,33.5392423555151],[-84.5260645682207,33.5392518960987],[-84.526064117075,33.5392518992114],[-84.5260634667327,33.5392519029022],[-84.5260630145065,33.5392519051164],[-84.5260625633608,33.5392519082291],[-84.5254391712526,33.5392559042764],[-84.5254387190263,33.5392559064883],[-84.5254386796136,33.5392463668057],[-84.5254335469139,33.538003979915],[-84.5254335074999,33.5379944393288],[-84.5254330563607,33.5379944424392],[-84.5254324060278,33.5379944461267],[-84.5254319538081,33.5379944483384],[-84.5254315026688,33.5379944514488],[-84.5241563495761,33.5380022525932],[-84.52415589736,33.538002255702],[-84.5241554462206,33.5380022588078],[-84.5241547958912,33.5380022633902],[-84.5241543436751,33.538002266499],[-84.5241538925358,33.5380022696047],[-84.5240972773911,33.5380026972198],[-84.524096825175,33.5380027003284],[-84.5240963740319,33.5380027025322],[-84.5240957236951,33.538002705311],[-84.5240952714716,33.5380027066163],[-84.5240948203248,33.5380027079184],[-84.5239978366813,33.5380029878041],[-84.5239973844578,33.538002989109],[-84.5239906665033,33.5380453334629],[-84.5239865430033,33.5380799735697],[-84.5239715294568,33.5381800567407],[-84.5239351058093,33.5384206405009],[-84.5239191340203,33.5385270472179],[-84.5239079482053,33.5386001851809],[-84.5238968313356,33.5386900879215],[-84.5238923861545,33.5387263790283],[-84.5238804287451,33.5388514624211],[-84.5238760965978,33.5389152364745],[-84.5238685226811,33.539068614629],[-84.5238666341555,33.5391681098864],[-84.5238666733991,33.5391776504724],[-84.5238666921327,33.539182204815],[-84.5238667313763,33.539191745401],[-84.523868303796,33.5394203578702],[-84.5238683649196,33.539429196884],[-84.5238683430327,33.5394298966525],[-84.5238524453249,33.5399473033589],[-84.5238524845681,33.5399568439437],[-84.5238532426211,33.5401411365532],[-84.5238532818647,33.5401506771377],[-84.5238614171291,33.5406923499561],[-84.5238637511186,33.5408608161847],[-84.5238745257668,33.541325803202],[-84.5238745650145,33.5413353437846],[-84.5238770801247,33.5419467236953],[-84.5238771193736,33.541956264277],[-84.5238775716251,33.5419562647757],[-84.5239724271821,33.5419563941604],[-84.5239728783568,33.5419563946619],[-84.5239733306047,33.5419563942586],[-84.5239739809822,33.5419563941853],[-84.5239744321496,33.5419563928835],[-84.52397488439,33.5419563906769],[-84.5252407422282,33.5419487542608],[-84.525241193388,33.541948751151],[-84.5252416456283,33.5419487489398],[-84.5252422959909,33.5419487452532],[-84.5252427471544,33.541948743045],[-84.5252427865533,33.5419582836253],[-84.5252453000031,33.5425669141884],[-84.5252453394033,33.5425764547677],[-84.5252448882365,33.5425764569759],[-84.5252442378656,33.5425764597609],[-84.525243785622,33.5425764619722],[-84.5252433344552,33.5425764641804],[-84.5216693867541,33.5425925281753],[-84.5216689345102,33.5425925303735],[-84.5216684833431,33.5425925325686],[-84.5216678329718,33.5425925353348],[-84.5216673807242,33.5425925366314],[-84.5216669295571,33.5425925388265],[-84.517296101666,33.5426107604017],[-84.5172956494218,33.542610762584],[-84.5172951982544,33.5426107647632],[-84.5172945478825,33.5426107675064],[-84.5172940956383,33.5426107696887],[-84.5172936444709,33.5426107718679],[-84.5169268747242,33.5426123553752],[-84.5169264224799,33.5426123575561],[-84.5169259713161,33.5426123606356],[-84.5169253209515,33.5426123651802],[-84.5169248687109,33.5426123682629],[-84.5169244175507,33.542612372244],[-84.5167995352422,33.5426133989777],[-84.5167990830015,33.5426134020598],[-84.5167430579727,33.5437539139219],[-84.5167309899938,33.5439995715649],[-84.5167305398414,33.543999560214],[-84.5167294381063,33.5439995209496],[-84.5146806173443,33.5439208608633],[-84.5146801661518,33.5439208585246],[-84.5146801609919,33.5439209144434],[-84.5146456912204,33.5443268709257],[-84.5146441425114,33.5443268085535],[-84.5144077155224,33.5443164532911],[-84.5144068733043,33.5443164159823],[-84.5144076826946,33.5443069126882],[-84.5144230168707,33.5441268731955],[-84.5144300366384,33.5440451538934],[-84.5144308566149,33.5440356063866],[-84.514430456053,33.5440356093149],[-84.5144304054435,33.5440356094571],[-84.5144300038048,33.5440356123884],[-84.5144297550716,33.5440356148903],[-84.5144295526371,33.5440356163606],[-84.5144293028234,33.5440356179639],[-84.514428851652,33.5440356210343],[-84.5139050361088,33.5440396897038],[-84.5139045838605,33.5440396927754],[-84.5139041326927,33.5440396967456],[-84.5139034823206,33.5440397021761],[-84.5139030300724,33.5440397052477],[-84.5139025789045,33.5440397092179],[-84.5137432320831,33.544040966574],[-84.5137427798384,33.5440409705467],[-84.5137423286706,33.5440409745163],[-84.5137416782985,33.544040979946],[-84.5137412260502,33.544040983017],[-84.5137407748788,33.544040986085],[-84.5133453961907,33.5440440548316],[-84.5118040480953,33.5440560068743],[-84.5118035958469,33.5440560099382],[-84.5118031446716,33.5440560120974],[-84.5118024942885,33.5440560148119],[-84.5118020420328,33.5440560160725],[-84.511801590854,33.54405601733],[-84.5117797609043,33.5440560781741],[-84.5117793086487,33.5440560794346],[-84.5116125187025,33.544051611981],[-84.5116120664075,33.5440516033224],[-84.5116120665723,33.5440516447994],[-84.5116121042939,33.5440611394051],[-84.5116121044766,33.5440611853904],[-84.5116138497701,33.5445004745436],[-84.5116138876752,33.5445100151339],[-84.5116495642135,33.5446917182486],[-84.5116954524889,33.5448000122229],[-84.511718890358,33.5449040046011],[-84.5117189725772,33.5449043713565],[-84.5117190065532,33.544904520941],[-84.5117194248337,33.5449043691946],[-84.5117234237768,33.54490292077],[-84.5117243592645,33.5449025818358],[-84.5117247420641,33.5449024437135],[-84.5117248104478,33.5449025805785],[-84.5119139931613,33.5452825593447],[-84.511920772449,33.5452951829221],[-84.5119275501168,33.545307669448],[-84.5119346556665,33.545320017102],[-84.5119415980874,33.5453325022659],[-84.5119488683939,33.5453448494596],[-84.5119561376256,33.5453571966558],[-84.5119635721439,33.5453694063349],[-84.5119710055838,33.5453816151149],[-84.5119786027055,33.5453938243396],[-84.5119863640335,33.5454058951487],[-84.5119941259123,33.5454181039129],[-84.5120020503755,33.5454300372103],[-84.5120101390621,33.5454421071047],[-84.5120182282827,33.5454540399414],[-84.5120264806328,33.5454658343653],[-84.5120347335339,33.5454777667444],[-84.5120431495647,33.5454895607106],[-84.5120517298056,33.5455012171625],[-84.512060473725,33.5455128731573],[-84.5120692187271,33.54552453005],[-84.5120779626513,33.5455361860434],[-84.512086870782,33.5455477036208],[-84.512095942046,33.5455590836869],[-84.5121051769924,33.5455704641972],[-84.5121144119376,33.5455818438052],[-84.5121236479621,33.5455932234094],[-84.5121332107963,33.5456044650455],[-84.5121427730842,33.5456155687251],[-84.512152335378,33.5456266733055],[-84.512162062424,33.5456377765238],[-84.5121719526035,33.5456487422305],[-84.5121818427855,33.5456597079364],[-84.5121918971779,33.5456705361276],[-84.5122019504924,33.5456813634193],[-84.5122121685664,33.545692191152],[-84.5122225497704,33.5457028804714],[-84.5122329309805,33.5457135706915],[-84.5122433116405,33.5457241220532],[-84.5122540201912,33.545734536345],[-84.5122645656133,33.5457450881467],[-84.5122754372966,33.545755364024],[-84.5122861463826,33.5457656403541],[-84.5122971817477,33.5457759157725],[-84.5123082181922,33.5457861911869],[-84.5123241948224,33.5458007123537],[-84.5140407030877,33.5473396460238],[-84.5140519025169,33.5473496458086],[-84.514062938821,33.5473597840074],[-84.5140739751277,33.5473699222051],[-84.5140850119855,33.5473801974558],[-84.5140958840893,33.5473904731679],[-84.5141067561957,33.5474007488789],[-84.5141174651734,33.5474111621023],[-84.5141281752342,33.5474215762233],[-84.514138720009,33.5474321269611],[-84.5141492653183,33.5474425415427],[-84.5141598101018,33.5474530931803],[-84.5141701928335,33.5474637823274],[-84.514180574491,33.5474744714766],[-84.5141907924711,33.5474851610843],[-84.5142010099291,33.5474959886498],[-84.5142112279143,33.5475066782558],[-84.514221283323,33.54751764333],[-84.5142311734287,33.5475284718118],[-84.5142410640857,33.5475394373468],[-84.5142509547452,33.5475504028811],[-84.514260681199,33.547561505931],[-84.5142704087357,33.5475726098787],[-84.5142799715145,33.5475837133866],[-84.5142895348481,33.5475949548493],[-84.5142990987086,33.5476060583526],[-84.5143084978426,33.5476174382321],[-84.5143177338197,33.54762867971],[-84.5143269692784,33.5476400600475],[-84.5143362058129,33.5476514394797],[-84.5143452775926,33.5476628193738],[-84.5143543499273,33.5476743372228],[-84.5143632575036,33.5476858546321],[-84.5143721667118,33.5476975099934],[-84.5143809106162,33.5477090287627],[-84.5143896550719,33.5477206845854],[-84.5143982358496,33.5477323408671],[-84.5144068171786,33.5477441342022],[-84.5144152337563,33.547755928901],[-84.5144236514096,33.5477677226946],[-84.5144320679919,33.5477795173922],[-84.5144403214451,33.5477914496029],[-84.5144484112164,33.5478033813712],[-84.5144565009936,33.5478153140405],[-84.5144645896962,33.5478272467124],[-84.5144725152696,33.5478393168974],[-84.5144802771646,33.5478513875417],[-84.5144880390654,33.5478634590871],[-84.5144958015139,33.5478756667843],[-84.5145033986616,33.5478877387916],[-84.5145108326762,33.5478999474105],[-84.5145184320033,33.5479122935217],[-84.5145257012682,33.5479245035042],[-84.5145329721613,33.5479368505371],[-84.5145402419795,33.5479491975727],[-84.5145473491959,33.5479615450646],[-84.5145556131432,33.547976087605],[-84.5152437405501,33.5492019687893],[-84.5152506837644,33.5492144546566],[-84.5152572990842,33.5492270776004],[-84.5152635859664,33.5492397023702],[-84.5152697097176,33.5492524646545],[-84.5152756687141,33.549265228304],[-84.5152813008927,33.5492781290272],[-84.5152867688669,33.5492911681696],[-84.5152919094761,33.5493042082335],[-84.5152967205665,33.549317249225],[-84.515301368529,33.5493304286329],[-84.51530585336,33.5493437455553],[-84.5153100097452,33.5493570625008],[-84.5153138376915,33.5493703812725],[-84.5153175019555,33.5493837005051],[-84.5153208383273,33.5493971577163],[-84.5153240115708,33.549410753344],[-84.5153268558173,33.5494242119408],[-84.5153293721747,33.549437809418],[-84.5153317237689,33.5494514064575],[-84.5153339127608,33.5494650048564],[-84.5153357727828,33.5494787412372],[-84.5153373048877,33.5494923414858],[-84.5153385080224,33.5495060797163],[-84.5153395485507,33.5495198184047],[-84.5153404243187,33.5495335575569],[-84.5153409716426,33.5495472976341],[-84.5153411142927,33.5495562698601],[-84.5153411905223,33.5495610386362],[-84.5153411526075,33.5495658086355],[-84.5153410820344,33.5495747805602],[-84.5153408087858,33.5495885229481],[-84.5153403713027,33.5496021287429],[-84.5153396059254,33.5496158725166],[-84.5153388751946,33.5496178663877],[-84.5153320813296,33.5497037021057],[-84.5152923963921,33.549834085113],[-84.5152124376402,33.549989315495],[-84.5151030027166,33.5501197577125],[-84.5149639824986,33.5502392888653],[-84.5147713866749,33.5503408313865],[-84.514709741213,33.5503566695907],[-84.514690922412,33.5503703270508],[-84.5143934669746,33.5504339621716],[-84.5138254889862,33.5505658263671],[-84.5136543560634,33.550611148481],[-84.5136540021411,33.550611242346],[-84.5136539037773,33.5506111506502],[-84.5136536627283,33.5506109250038],[-84.5136527817657,33.5506101006313],[-84.5136526844824,33.5506100098342],[-84.5136523305528,33.5506101018959],[-84.5136514645545,33.550610327038],[-84.5136382561958,33.5506137606854],[-84.5136226810491,33.5506177888598],[-84.5136069422188,33.5506218183925],[-84.5135912023064,33.5506258470246],[-84.5135756277067,33.5506300131487],[-84.5135598888719,33.5506340426755],[-84.5135443142692,33.5506382087957],[-84.5135285759791,33.5506423753725],[-84.5135130008257,33.5506464044347],[-84.5134972614557,33.5506505710106],[-84.5134816868469,33.5506547371229],[-84.5134659485507,33.5506589036918],[-84.5134503739389,33.5506630698001],[-84.5134347998731,33.5506673729605],[-84.5134192252583,33.550671539065],[-84.5134034858791,33.550675705629],[-84.5133879118123,33.5506800096852],[-84.5133723371929,33.5506841757838],[-84.5133567631194,33.5506884789344],[-84.5133410253583,33.5506927825414],[-84.5133254512853,33.5506970865898],[-84.5133098772071,33.5507013897345],[-84.5132943031309,33.5507056937789],[-84.5132787290496,33.5507099969198],[-84.5132631538898,33.5507143000617],[-84.5132475798089,33.5507186041003],[-84.5132320062737,33.5507230451909],[-84.5132164321861,33.550727348324],[-84.5132008586477,33.5507317894107],[-84.513185284557,33.5507360925398],[-84.5131698757783,33.5507405331615],[-84.5131543022352,33.5507449742424],[-84.5131387286904,33.5507494153213],[-84.5131231551439,33.5507538563983],[-84.5131077452784,33.5507582961137],[-84.5130921717288,33.5507627371868],[-84.5130765981775,33.5507671782579],[-84.5130611883108,33.5507716188692],[-84.5130456153033,33.5507761969904],[-84.5130300417472,33.5507806380557],[-84.5130146334994,33.5507852157121],[-84.5129990604869,33.5507897938275],[-84.5129836506121,33.5507942344292],[-84.5129680775964,33.5507988125407],[-84.5129526682651,33.5508033901924],[-84.5129372600127,33.5508079687409],[-84.512921686992,33.5508125468466],[-84.5129062782025,33.5508172615466],[-84.5128908688683,33.5508218400924],[-84.5128752958426,33.5508264181922],[-84.512859888125,33.5508311328835],[-84.5128444787858,33.5508357114235],[-84.5128290699879,33.5508404261138],[-84.5128136622689,33.550845141701],[-84.5127982529211,33.5508497193336],[-84.5127828451987,33.5508544349169],[-84.5127672727078,33.5508591500572],[-84.5127518639051,33.5508638656398],[-84.5127364556471,33.5508687182743],[-84.5127212116042,33.5508734333925],[-84.5127058027929,33.5508781480676],[-84.5126903956066,33.5508830006934],[-84.5126749867954,33.5508877162664],[-84.5126595796057,33.5508925688884],[-84.5126441707876,33.5508972835559],[-84.5126289272808,33.5509021357167],[-84.512613519009,33.550906988336],[-84.5125981107356,33.5509118409534],[-84.5125827035372,33.5509166935659],[-84.5125674600235,33.5509215457192],[-84.5125520517448,33.5509263983309],[-84.5125368087774,33.550931388436],[-84.5125214004953,33.5509362410439],[-84.5121978520504,33.5511249933968],[-84.5121974008456,33.5511249973611],[-84.5121967504239,33.5511250036847],[-84.5121962981422,33.5511250076519],[-84.512195846941,33.5511250125178],[-84.5120126927327,33.5511270148992],[-84.512012240451,33.5511270188658],[-84.5120122524904,33.5511300448733],[-84.5119961665097,33.5527459044034],[-84.5119960717437,33.5527553786264],[-84.5119960709359,33.5527554462547],[-84.511996199077,33.5527554431923],[-84.5119965221061,33.5527554314711],[-84.5119966502867,33.5527554383271],[-84.5120703270036,33.552751745105],[-84.5120718807112,33.5527516731444],[-84.512071918657,33.5527612083116],[-84.5120721620846,33.552822377648],[-84.5120722000521,33.552831918225],[-84.5120332203381,33.5533473383362],[-84.512033258302,33.5533568789124],[-84.5120343667554,33.5536354383051],[-84.5120344047198,33.5536449788809],[-84.5120626963714,33.5539081897643],[-84.5121183342453,33.5541141586906],[-84.5121735071679,33.5542857757589],[-84.5122701765334,33.5544916300892],[-84.5123804405408,33.5547318012983],[-84.5124618031546,33.5548854800909],[-84.5125816277509,33.5551355176343],[-84.5126253669546,33.5552381833639],[-84.5127315556597,33.5555259112112],[-84.5127631505754,33.5556288849409],[-84.5130681026724,33.5568002649133],[-84.5130705154538,33.5568095310397],[-84.5130681353703,33.5568098054982],[-84.512988489127,33.5568189666788],[-84.5129880389589,33.5568189679381],[-84.5129873938614,33.5568189697427],[-84.5129869415357,33.5568189701063],[-84.512986490287,33.556818970467],[-84.5110315059059,33.5568220938925],[-84.5110310535801,33.556822094249],[-84.5110306023349,33.5568220955041],[-84.5110298915392,33.5568220965796],[-84.5110294392135,33.5568220969361],[-84.5110310849771,33.5568316348389],[-84.5111722334096,33.5576492219312],[-84.5111726857719,33.5576492296892],[-84.5117131412742,33.5576619927425],[-84.5117135925596,33.5576620005015],[-84.5118280830185,33.5584688706031],[-84.5118285353564,33.5584688711453],[-84.512607581547,33.5584710716032],[-84.5126080328115,33.5584710730472],[-84.512608485153,33.5584710744882],[-84.5126086747047,33.5584710748602],[-84.5126091259692,33.5584710763043],[-84.5126095783107,33.5584710777453],[-84.5126102298932,33.5584710786296],[-84.5126106811541,33.5584710791719],[-84.5126080001655,33.558461533366],[-84.5125361060673,33.5582054642128],[-84.5125334261687,33.5581959175002],[-84.5125338785052,33.5581959180398],[-84.5125356232435,33.5581959230839],[-84.5125360745066,33.5581959245282],[-84.5125365268466,33.5581959259695],[-84.5133992019453,33.5581984287929],[-84.5133992331776,33.5581984287054],[-84.5133996532084,33.558198430234],[-84.513399684437,33.5581984292449],[-84.5134001055413,33.5581984298688],[-84.5134001367735,33.5581984297814],[-84.5134007603525,33.5581984307399],[-84.5134012094617,33.5581984321871],[-84.5134776820596,33.558176897762],[-84.5134786760774,33.5581766181617],[-84.5134790827196,33.5581765034109],[-84.513479127326,33.5581766159959],[-84.5138637908176,33.5591560279503],[-84.5139019922432,33.5592686019095],[-84.5139329562555,33.5593827740958]]]},"properties":{"FID":6,"CityName":"South Fulton","DistrNum":"District 6","Shape_Leng":58621.4542728,"created_us":" ","created_da":null,"last_edite":"REDDY.ASI","last_edi_1":1651190400000,"Shape_Le_1":61570.8663202,"CreationDate":1676574024707,"Creator":"erik.michael_cosfga","EditDate":1677002954483,"Editor":"erik.michael_cosfga","Shape__Area":26217260.28515625,"Shape__Length":63333.20745981839}},{"type":"Feature","id":7,"geometry":{"type":"Polygon","coordinates":[[[-84.4580905051525,33.6137949315747],[-84.4581123007536,33.6082658268125],[-84.4581535389791,33.600999196092],[-84.4581802571589,33.5963481621042],[-84.4582261300036,33.5919246401829],[-84.4582744617004,33.5872567844672],[-84.4583810888951,33.5837155986949],[-84.4583579582188,33.5791828468414],[-84.4584002587487,33.5750671336365],[-84.4583851893711,33.5735154655252],[-84.4584034199905,33.572748981426],[-84.4584119397672,33.5723907880519],[-84.4584238606105,33.5693950846065],[-84.4584441842801,33.5671408595391],[-84.458511501153,33.5643151439922],[-84.4585224619075,33.5632795484684],[-84.4585585955801,33.5597731442047],[-84.4585588418069,33.5597189146966],[-84.4585588438822,33.5597185711511],[-84.4585942134644,33.5597242071165],[-84.4586902576806,33.5597315384908],[-84.4587822089537,33.5597419713141],[-84.4588782740284,33.5597554862246],[-84.4589727104437,33.5597724430175],[-84.4590655115564,33.5597921456138],[-84.4591649008774,33.5598169910941],[-84.4592634801629,33.5598456155524],[-84.4593604265206,33.559877679199],[-84.4594557441891,33.5599128393884],[-84.4595486137281,33.559951780636],[-84.4596398524529,33.5599938220469],[-84.4597286365197,33.5600393010002],[-84.4598009939802,33.5600793275467],[-84.4598717161039,33.5601217563962],[-84.4612040661967,33.5609588965669],[-84.4612994661071,33.5610170732469],[-84.4613956789171,33.5610738692467],[-84.4614935295554,33.5611289471741],[-84.4615921929213,33.561181961844],[-84.4616924941838,33.5612335974673],[-84.4617944278705,33.5612835123158],[-84.4618799183069,33.5613235000114],[-84.4619834852174,33.5613703198452],[-84.4620714263881,33.5614075550404],[-84.4621593662904,33.5614437631609],[-84.4632054986044,33.5618493886518],[-84.4633657474565,33.5619111828024],[-84.4635259919416,33.5619719488383],[-84.4636336426205,33.5620118875811],[-84.4637955230753,33.5620712724746],[-84.4639031705662,33.5621105230066],[-84.464065047666,33.5621681934582],[-84.4641735093197,33.5622064084715],[-84.464281974195,33.5622442789393],[-84.4645777792146,33.5623476637856],[-84.4646632318572,33.5623759701632],[-84.4647634645214,33.5624073345587],[-84.464864514109,33.5624366374657],[-84.4649671937548,33.5624638715127],[-84.4650698695049,33.5624887016025],[-84.4651593931753,33.5625084129191],[-84.4652636963517,33.5625294608806],[-84.4653532103166,33.562545389529],[-84.4654739195173,33.5625646827304],[-84.4655642369356,33.5625768321453],[-84.4656553768024,33.5625876044447],[-84.466526430246,33.5626696649646],[-84.4666290512934,33.5626797207525],[-84.4667111566809,33.5626888000697],[-84.4667932577582,33.5626978739326],[-84.4669369434213,33.5627157331314],[-84.4670190514733,33.5627261854975],[-84.4671011620363,33.562737668424],[-84.4671824509489,33.5627494950276],[-84.4672645671601,33.5627616631092],[-84.4674000589905,33.5627829770697],[-84.4675960585628,33.5628168079122],[-84.4675962154454,33.562816391856],[-84.468604215975,33.5630193916268],[-84.469634216945,33.5632273913609],[-84.4702392166875,33.5633113912234],[-84.4708862167221,33.5633503911411],[-84.471820217668,33.5633413909912],[-84.4728592173172,33.5633263912436],[-84.4732242179072,33.5633213915534],[-84.4751202180783,33.5632923913767],[-84.4752052186453,33.5632913914802],[-84.4754912186173,33.5632873916928],[-84.4757752185545,33.5632803909381],[-84.476868218686,33.5632553916721],[-84.4783172188269,33.5632153910504],[-84.4791322190749,33.563208390842],[-84.4796802198087,33.563216391087],[-84.4798644650391,33.5632189754579],[-84.4820342199784,33.563249390683],[-84.4823552198693,33.5632283910864],[-84.4826902208156,33.5631853908879],[-84.4830922202065,33.5631083911114],[-84.4834562201363,33.5630173913132],[-84.4840012203535,33.5628383905765],[-84.4850372214772,33.562415390634],[-84.4868552219738,33.5616883909582],[-84.4874312213073,33.5614593905543],[-84.4876892218923,33.5613803901057],[-84.4880352219992,33.5613183900123],[-84.488230222335,33.5613033900313],[-84.4884262223021,33.5613023902396],[-84.4886992217693,33.5613253900551],[-84.4891042220525,33.5613933901228],[-84.4896000055308,33.5615053416188],[-84.4896007420286,33.5615035543708],[-84.4896590317637,33.5615168292197],[-84.4898427509819,33.5615586664916],[-84.4906797339125,33.5617492641596],[-84.4907889753076,33.5617726815533],[-84.4910107067826,33.5618109208395],[-84.4911117020302,33.561824397791],[-84.4912126917491,33.561835812532],[-84.4913136724994,33.561844823335],[-84.4914171052685,33.561851423744],[-84.4915205290524,33.561855620211],[-84.4916247634361,33.5618574051745],[-84.4917281702907,33.5618567910493],[-84.4918348508979,33.5618537643594],[-84.4919226504385,33.5618494085186],[-84.4920260259184,33.5618415798849],[-84.4932640141551,33.5617218607663],[-84.4938760295789,33.5616621836281],[-84.494331351918,33.5616180385824],[-84.4944445589128,33.561605028806],[-84.4945446311743,33.5615913630284],[-84.4946561778822,33.5615725181763],[-84.4947431086837,33.5615561414402],[-84.4948292133446,33.5615380491326],[-84.4949267915389,33.5615151131739],[-84.4950350111482,33.5614863141408],[-84.4951186323657,33.5614620453997],[-84.4952022459481,33.5614360571188],[-84.4952842094545,33.5614083572646],[-84.4953604294098,33.5613810170482],[-84.495446474334,33.5613478087067],[-84.4966387325539,33.5608592107523],[-84.4967485378561,33.560815290232],[-84.4973647781912,33.560574196332],[-84.4975114676377,33.5605184917286],[-84.4975676916662,33.560627934355],[-84.4975835568468,33.5606990047463],[-84.4976109380271,33.5614227713832],[-84.4976130419493,33.5615440362973],[-84.4976141430423,33.5616175491195],[-84.4976146121594,33.5617405388054],[-84.4976140784362,33.5618157754992],[-84.4976143653965,33.5618910081947],[-84.4976130122921,33.5619665906172],[-84.4976124774977,33.5620418291146],[-84.4976111276216,33.5621174115266],[-84.4976097710516,33.5621926513173],[-84.4976075948522,33.5622678905932],[-84.49760624497,33.5623434730025],[-84.497603246999,33.5624187162767],[-84.4976010708037,33.5624939591565],[-84.4975869723701,33.5628856324242],[-84.4975284818409,33.5645495544303],[-84.4975188553906,33.564823039701],[-84.4974993261318,33.5652978657741],[-84.4974782493075,33.5657970854675],[-84.4974333836914,33.5667299176819],[-84.4974027236669,33.5672995885017],[-84.4973765740388,33.5677593154102],[-84.4973193039684,33.5686688197395],[-84.4972991101137,33.5689694726748],[-84.4972977606062,33.5690460856182],[-84.4973054394485,33.5691226744446],[-84.497320490736,33.5691954637382],[-84.4973520336985,33.5692888240538],[-84.4974124030819,33.5694068403861],[-84.4974569642073,33.5694699325965],[-84.4975072608677,33.569529574064],[-84.4975657565234,33.5695874749924],[-84.4976299760341,33.5696405537386],[-84.4980588302724,33.5699626788652],[-84.4981247027631,33.5700174688185],[-84.4981798924501,33.5700691936886],[-84.498237577586,33.5701298465823],[-84.4982903523988,33.5701939479996],[-84.4983340836479,33.5702532604658],[-84.4983770266815,33.570322198644],[-84.4984134031342,33.5703904655235],[-84.4984481653303,33.5704669816674],[-84.4984730613653,33.5705376849782],[-84.4984938532062,33.5706094290027],[-84.4986205942688,33.5711268050171],[-84.4986447084532,33.5712081564992],[-84.4986721040352,33.571288474867],[-84.4987060892005,33.5713759844697],[-84.4987449994955,33.5714624529346],[-84.4987830492607,33.5715396481291],[-84.4988243825728,33.571615800274],[-84.49887064402,33.5716936604813],[-84.4989465943666,33.5718078561551],[-84.4995853069718,33.5726979700049],[-84.4996282395115,33.5727641576239],[-84.499666266767,33.5728334511804],[-84.499701034772,33.5729106521948],[-84.4999007706139,33.5734106541751],[-84.5000325650097,33.5737449083982],[-84.5001974912499,33.5741567112636],[-84.5003773371671,33.574606607413],[-84.5004063273127,33.5746745500237],[-84.50043859487,33.5747417949065],[-84.5005461128749,33.5749514083088],[-84.500587408632,33.5750172564407],[-84.500635274123,33.5750844636929],[-84.500682281564,33.5751417069963],[-84.5007391573956,33.5752037340962],[-84.5008009463053,33.5752626578558],[-84.5005023449585,33.5755221459595],[-84.5004311795936,33.5755862379906],[-84.5003567537988,33.5756568651146],[-84.5002937893226,33.5757185274759],[-84.5002038517513,33.5758104939478],[-84.5001212693555,33.5758952280174],[-84.500063223375,33.5759558490961],[-84.5000068250606,33.5760174918189],[-84.4999487960826,33.5760825788072],[-84.4998703456089,33.5761738261207],[-84.4998172361102,33.5762375274487],[-84.4997657684162,33.5763015642674],[-84.4997151297305,33.576366626746],[-84.4996653079898,33.5764323785923],[-84.4996171334524,33.5764984677227],[-84.4995583507698,33.5765817632277],[-84.4995020397973,33.5766660799696],[-84.4994465492001,33.5767514269003],[-84.4993935247075,33.5768374551555],[-84.4993494807511,33.5769110927394],[-84.4992826257457,33.5770294471961],[-84.4992451388086,33.5771003179044],[-84.4989004612899,33.5777635880061],[-84.4983618367893,33.578797714883],[-84.498264936748,33.5787873230313],[-84.4981713263469,33.5787796751133],[-84.4980769088265,33.5787747721883],[-84.4979816820544,33.5787726223753],[-84.4978872842455,33.5787728750442],[-84.4977887926882,33.5787758896114],[-84.4976903105175,33.5787816469779],[-84.4975918388287,33.5787901543541],[-84.4974941984702,33.5788014113492],[-84.497396570949,33.5788157582815],[-84.4973005964143,33.5788325036912],[-84.4972046312379,33.5788519964126],[-84.497109495434,33.5788745823038],[-84.4970151917377,33.5788995679694],[-84.4969225412423,33.5789272992679],[-84.4968307198429,33.5789577747947],[-84.4967397294694,33.5789906546141],[-84.4966503888034,33.57902593384],[-84.4965627013045,33.5790639569075],[-84.4964766667372,33.5791043802817],[-84.4963922810238,33.5791475493193],[-84.4963103634647,33.5791927711566],[-84.4962358323695,33.579236254673],[-84.4961506694725,33.5792904170627],[-84.4960671540918,33.5793469815855],[-84.4959902076028,33.5794035267692],[-84.4956006010668,33.5797006908575],[-84.4948565884338,33.5802677761024],[-84.494724380756,33.580368644705],[-84.4942122245572,33.5807593941818],[-84.4932252247565,33.5815113945251],[-84.4929592244133,33.5816953944744],[-84.4927322247541,33.5818323948731],[-84.4924952246345,33.5819583945751],[-84.4920132237124,33.5821673946357],[-84.4917462237003,33.5822583947245],[-84.4914732234879,33.5823363951786],[-84.4911952240336,33.5823993952171],[-84.4909132235477,33.5824483948561],[-84.4905602237677,33.5824883952094],[-84.4890042235923,33.582607394571],[-84.4886372228311,33.5826383947113],[-84.4883052225118,33.5826863949957],[-84.4879782228755,33.5827553949932],[-84.4872382226383,33.5829903949171],[-84.4862012224207,33.583363395597],[-84.4862202221049,33.5834093951893],[-84.4862672227795,33.5834903950024],[-84.4863422228702,33.5836593955859],[-84.4864012227735,33.5838323949188],[-84.4864422229271,33.5840093954857],[-84.486466222051,33.5841883957056],[-84.4864252221941,33.5848853951445],[-84.4864772224476,33.5858753957054],[-84.4864922227371,33.585987395685],[-84.4865162228091,33.5862563957924],[-84.4865262228492,33.5865273959221],[-84.4865232228677,33.5866623954912],[-84.4865212226566,33.5867973960799],[-84.4865242222571,33.5868873963915],[-84.4865392227043,33.5870673962858],[-84.4865692222224,33.5872453962527],[-84.4866132226563,33.5874223961162],[-84.4867542230853,33.5878573960567],[-84.4868822233046,33.5882013961932],[-84.4870222228442,33.5885423958911],[-84.4872152231608,33.5889633964094],[-84.4874272226707,33.5893773963228],[-84.4875732227316,33.5896353967038],[-84.4876572228648,33.5897843963212],[-84.4877482237019,33.5899233961575],[-84.4878382228532,33.5900873965909],[-84.4879112235709,33.5902563966955],[-84.4879682234304,33.5904303966162],[-84.4880842234578,33.5909343964387],[-84.4881332236626,33.5911473964914],[-84.4883622232073,33.5919423968646],[-84.4877072233829,33.5922593968937],[-84.487571223133,33.5927703975064],[-84.4875382230344,33.592855397494],[-84.4874982234873,33.5929393976288],[-84.487450223685,33.5930203969751],[-84.4873972231582,33.5930983976674],[-84.4873372232733,33.5931733976656],[-84.4872462230263,33.5933323969076],[-84.4872132228685,33.5934183976626],[-84.4871892233164,33.5935063975518],[-84.4871752227087,33.5935953976426],[-84.4871702233766,33.5936853978174],[-84.4871732233679,33.593783397675],[-84.4871662232348,33.5938733976195],[-84.4871502228329,33.5939623974722],[-84.4871252232125,33.5940503972272],[-84.487092223741,33.5941363970379],[-84.4870502229979,33.5942193977296],[-84.4867792227929,33.5946453978214],[-84.4863892231173,33.5953153979536],[-84.4801942215008,33.5952783979784],[-84.4786582204313,33.5952693982848],[-84.4783682206249,33.5952923978606],[-84.4781422204941,33.595340397827],[-84.4779532204756,33.595402398394],[-84.4777822211369,33.5954793978709],[-84.4774432210277,33.5956633981532],[-84.4772622209092,33.5957343979349],[-84.4770702205187,33.5957923985407],[-84.4767282206623,33.5958593984511],[-84.4758492205765,33.5959533985274],[-84.4733662198825,33.5962143980354],[-84.4691102182042,33.5965893985046],[-84.4711812191821,33.6000873992648],[-84.4713472186364,33.6003663989888],[-84.4716292190668,33.6008513996315],[-84.4717842194068,33.6011843992021],[-84.4718272192335,33.6012743993384],[-84.471987218998,33.6017304000056],[-84.4720942188719,33.602194400195],[-84.4720992193973,33.6022153995795],[-84.4721142190174,33.6023084000652],[-84.4721262198654,33.6024344002336],[-84.4721602195738,33.6027944001176],[-84.4721522196242,33.6032813999721],[-84.472089219566,33.6037664004139],[-84.471976218983,33.6042293998006],[-84.4717712192498,33.6050024007524],[-84.4716052189347,33.6058954009676],[-84.4714994744991,33.6064979024589],[-84.4715232770815,33.6063352484918],[-84.4713652394809,33.6063199730432],[-84.4712975601681,33.6063146413053],[-84.4712971086444,33.606314637007],[-84.4709918838342,33.606310455154],[-84.4709914312266,33.606310449054],[-84.4709909796966,33.6063104429513],[-84.4707537474011,33.6063071932785],[-84.4707532947935,33.6063071871776],[-84.4707528432604,33.6063071801725],[-84.4706568502213,33.6063057831533],[-84.4706563976106,33.6063057761504],[-84.4706559460806,33.6063057700465],[-84.4705888577318,33.6063048501643],[-84.4705884051243,33.6063048440628],[-84.4705879535943,33.6063048379587],[-84.4684062108931,33.6062750141228],[-84.4684057582889,33.6062750089149],[-84.4684053067655,33.6062750046062],[-84.4674766787468,33.6062687587619],[-84.467476226149,33.606268755354],[-84.4674757746318,33.6062687528452],[-84.4674751237599,33.6062687499194],[-84.4674746711652,33.6062687474132],[-84.4674742196481,33.6062687449043],[-84.4632116912588,33.6062455259336],[-84.4632112386673,33.6062455243134],[-84.4632107871565,33.6062455235923],[-84.463210136294,33.6062455233492],[-84.4632096837086,33.6062455235323],[-84.463209232204,33.6062455246146],[-84.4631230109759,33.606245731258],[-84.4631225583937,33.6062457323426],[-84.4631183292712,33.6088486654098],[-84.4631265615023,33.611253623066],[-84.4631265623326,33.6112538656142],[-84.4631265626722,33.6112539647975],[-84.463127014938,33.6112538636279],[-84.4632151015452,33.611234253884],[-84.4632151812473,33.6112342410695],[-84.4632155541381,33.6112342482906],[-84.463215633871,33.6112342444928],[-84.4645457244175,33.6112469777654],[-84.4645461759606,33.6112469802848],[-84.464517721889,33.6136699567127],[-84.4645172703395,33.6136699559967],[-84.4645166194181,33.613669954859],[-84.4645161667878,33.6136699532438],[-84.4645157152352,33.6136699516261],[-84.4638809214672,33.6136679222756],[-84.46388046884,33.6136679215598],[-84.463875257663,33.6140636866651],[-84.4638748061239,33.6140636895533],[-84.463874155215,33.6140636929206],[-84.463873702595,33.6140636949097],[-84.4638732510558,33.614063697798],[-84.4631235098112,33.614067960267],[-84.4631230571912,33.6140679622535],[-84.4631222790831,33.6138406801951],[-84.4631218275265,33.6138406776706],[-84.4580909577895,33.6137949350167],[-84.4580905051525,33.6137949315747]]]},"properties":{"FID":7,"CityName":"South Fulton","DistrNum":"District 6","Shape_Leng":58621.4542728,"created_us":" ","created_da":null,"last_edite":"REDDY.ASI","last_edi_1":1651190400000,"Shape_Le_1":61570.8663202,"CreationDate":1676574024707,"Creator":"erik.michael_cosfga","EditDate":1676574024707,"Editor":"erik.michael_cosfga","Shape__Area":20142552.1171875,"Shape__Length":23891.43982136197}},{"type":"Feature","id":8,"geometry":{"type":"MultiPolygon","coordinates":[[[[-84.5665967915358,33.6096615273607],[-84.5665966788942,33.6096614041961],[-84.5665963400183,33.6096615288205],[-84.5665955105736,33.6096618326599],[-84.5660272699739,33.6098700526109],[-84.5658986494538,33.6099171760901],[-84.5658982384965,33.6099173270936],[-84.5658981968615,33.6099171784524],[-84.5658980960421,33.609916814503],[-84.5657177403455,33.6092657413021],[-84.5657177019855,33.6092656016669],[-84.5657172888342,33.6092657436603],[-84.5657162806992,33.609266089547],[-84.564663204903,33.6096272395737],[-84.564655973305,33.6106982739341],[-84.5646523094951,33.6112233471552],[-84.5646451212205,33.6123035871508],[-84.564644669685,33.6123035877018],[-84.5646440187818,33.6123035879926],[-84.5646435661645,33.6123035876455],[-84.5646431146248,33.6123035872948],[-84.5625382609182,33.6123012830095],[-84.5625378083008,33.6123012826546],[-84.5625373567611,33.6123012822963],[-84.5625367058537,33.6123012816744],[-84.5625362532363,33.6123012813195],[-84.5625358016966,33.6123012809612],[-84.561715439509,33.6123004781148],[-84.5617149868916,33.612300477757],[-84.5617145353518,33.6123004773956],[-84.5617138844444,33.6123004767693],[-84.561713431827,33.6123004764114],[-84.5617129802872,33.6123004760501],[-84.5603299445692,33.6122989863761],[-84.5603294919518,33.6122989860131],[-84.560329040412,33.6122989856467],[-84.5603283895045,33.6122989850131],[-84.5603279368871,33.6122989846502],[-84.5603274853472,33.6122989842838],[-84.5596467447317,33.6122982733339],[-84.5596465582956,33.6122982730245],[-84.5596462921142,33.6122982729685],[-84.5596461056782,33.6122982726591],[-84.5596462542084,33.6122887325173],[-84.5596468469975,33.6122505160511],[-84.5596469955071,33.612240971401],[-84.559646809104,33.6122409783049],[-84.5596465451148,33.6122409863569],[-84.5596463576176,33.6122409896576],[-84.559645439689,33.6122410412638],[-84.5588135205513,33.6122812647436],[-84.5588130690441,33.6122812715849],[-84.5576305969398,33.612303826031],[-84.557630144363,33.6123038346748],[-84.5576296928638,33.6123038433151],[-84.5569487498729,33.6123168343645],[-84.5569482972877,33.6123168412024],[-84.5567910228439,33.6123481563957],[-84.5567869992454,33.6123489571448],[-84.5561928665155,33.6108108792525],[-84.5562867988022,33.610792661836],[-84.5563524523533,33.6107839351513],[-84.5572459507923,33.6106182810085],[-84.5575458574943,33.6105627907863],[-84.5575459156369,33.6105627797826],[-84.5575458198185,33.6105532494286],[-84.5575331044094,33.6092888472366],[-84.5575253890608,33.609215152825],[-84.5575253811879,33.6092150798145],[-84.5575249375492,33.6092151551532],[-84.5575238532249,33.6092153407167],[-84.5574000064039,33.6092365001333],[-84.5572646693103,33.6092701820417],[-84.5571244604368,33.6093161085384],[-84.556999221654,33.6093677601378],[-84.5569354350774,33.6093981150572],[-84.5569350705452,33.6093982884263],[-84.5569349812949,33.6093983310863],[-84.5569349824831,33.609398116485],[-84.5569349855187,33.6093975944081],[-84.5569350307793,33.6093887461712],[-84.5569354191427,33.6093132697018],[-84.5569397441525,33.6089974774575],[-84.5569420646521,33.6086013030641],[-84.5569465402514,33.608282348149],[-84.5569484547269,33.6081241782263],[-84.5569538012153,33.6079621491409],[-84.5569537582249,33.6079526086971],[-84.5569533265549,33.6078568120376],[-84.5569532835648,33.6078472715936],[-84.5569595892633,33.6076431909538],[-84.5569595462729,33.6076336505095],[-84.5569589796177,33.6075078980579],[-84.5569589366275,33.6074983576134],[-84.5569597519324,33.6074152786881],[-84.5569598376511,33.607406561063],[-84.5569597089545,33.6074057409485],[-84.5569469851483,33.6073242898731],[-84.5569108906422,33.6072591317775],[-84.5568671474507,33.6072095254715],[-84.55665775251,33.6070620529317],[-84.5565277573607,33.6069684706745],[-84.556450242917,33.606931087294],[-84.5564499102976,33.6069309269429],[-84.5564497914132,33.6069310887166],[-84.5564495011676,33.606931484563],[-84.5564221625317,33.6069688033989],[-84.5564056774365,33.6069915287541],[-84.5563893584391,33.6070145285935],[-84.5563730388125,33.607037390477],[-84.5563518277416,33.607068101484],[-84.5563360024014,33.6070913738692],[-84.5563151205818,33.6071222208867],[-84.556299789373,33.6071456296665],[-84.556279565626,33.6071768866688],[-84.5562370044163,33.6072440788769],[-84.5562206902704,33.6072681778152],[-84.5562094305974,33.6072840159561],[-84.5561978405648,33.6072997180823],[-84.5561666560584,33.6073402165401],[-84.5555646636871,33.6073900694139],[-84.5555642122051,33.6073900762432],[-84.5555219288075,33.607390881805],[-84.555521476256,33.6073908904409],[-84.5555210247781,33.6073908981717],[-84.5548812065451,33.6074019522948],[-84.5548808401919,33.6074019588544],[-84.5548807539854,33.6074019591249],[-84.5548803876322,33.6074019656846],[-84.5548807166243,33.6073924213661],[-84.5548957937913,33.6069554639293],[-84.5549059472659,33.6066560051219],[-84.5549124848061,33.6064658023232],[-84.5549138036924,33.6064302047148],[-84.5549142562631,33.6064302014912],[-84.5567191785515,33.6064147822607],[-84.5567196300405,33.6064147781322],[-84.556720082611,33.606414774902],[-84.5567207334461,33.6064147692432],[-84.5567211849391,33.6064147660164],[-84.5567988521274,33.606400728251],[-84.5567997457942,33.6064005667387],[-84.556800111875,33.6064005006639],[-84.5568001972953,33.6064005653149],[-84.5568443667843,33.6064339104736],[-84.556845119343,33.6064344788579],[-84.556845427502,33.6064347114188],[-84.5568455719177,33.6064344765289],[-84.5568868368426,33.6063672476197],[-84.5569514926837,33.6062834957196],[-84.5570085377057,33.6062239524217],[-84.5571155224508,33.6061312719701],[-84.5572240072279,33.6060436703118],[-84.5572963017335,33.6059788571598],[-84.5574874545143,33.6057961789851],[-84.5576416613117,33.605650856299],[-84.5578403830636,33.6054718631299],[-84.557957176328,33.6053696698598],[-84.5581317298221,33.6052211218461],[-84.5582431636469,33.6051322737672],[-84.5585724191247,33.6048763260228],[-84.5587049839488,33.6047760053461],[-84.5587810914896,33.6047194241208],[-84.5588865206855,33.6046469472018],[-84.5590055638455,33.6045707166425],[-84.559112676392,33.6045071661478],[-84.5591739398461,33.6044728931293],[-84.5592286507362,33.6044422132942],[-84.5592690839547,33.6044139149752],[-84.5593093550591,33.6043857542114],[-84.5593574348552,33.6043413538942],[-84.5593996189528,33.6043006826514],[-84.5594295110157,33.6042654099525],[-84.5595226253807,33.6041208279632],[-84.5595670570595,33.6040768277684],[-84.5595681265768,33.6040757685147],[-84.5595685642537,33.6040753352241],[-84.5595685780615,33.6040757661792],[-84.5596809391579,33.6075969234625],[-84.5605649814875,33.6077325065306],[-84.5605683804522,33.6077330276938],[-84.5605650194914,33.6077420478894],[-84.5603647594109,33.6082794878092],[-84.5600903820334,33.6088271653351],[-84.5600856404342,33.6088366326275],[-84.5600860930581,33.6088366384014],[-84.5600899684364,33.6088367000137],[-84.5600904199909,33.6088367075944],[-84.560090872623,33.6088367151716],[-84.5601705938498,33.6088380007627],[-84.5601710454125,33.6088380101464],[-84.5601714959059,33.6088380213368],[-84.5602442653367,33.6088404678032],[-84.5602453366331,33.6088405004618],[-84.5602457838854,33.6088405098589],[-84.5608518537322,33.6079851687348],[-84.560851954377,33.6079850259502],[-84.5608519961362,33.6079849672086],[-84.5608524069637,33.6079850245081],[-84.5623597377771,33.6081947955678],[-84.56291846737,33.6082727130398],[-84.5629189199704,33.6082727142951],[-84.5632761268073,33.6082742989655],[-84.5632765783343,33.6082743011246],[-84.5632770309388,33.6082743032803],[-84.5632776818242,33.6082743057019],[-84.5632781333512,33.6082743078609],[-84.5632785859557,33.6082743100166],[-84.5639593269903,33.6082773283191],[-84.5639597785173,33.6082773304757],[-84.5639602311218,33.6082773326288],[-84.5639608820072,33.6082773350468],[-84.5639613335301,33.6082773363017],[-84.5639617861305,33.6082773375532],[-84.5643033897393,33.6082785600081],[-84.5643038412622,33.6082785612618],[-84.5643042938667,33.6082785634137],[-84.5643049447521,33.6082785658299],[-84.5643053962791,33.6082785679852],[-84.5643058488836,33.6082785701371],[-84.5646704447537,33.6082801243251],[-84.5646708962807,33.6082801264791],[-84.5646713488811,33.608280127728],[-84.5646719997665,33.6082801301423],[-84.5646724512893,33.6082801313946],[-84.5646746739204,33.6078703537655],[-84.5647037334463,33.6036512098055],[-84.5647039641771,33.6035227263318],[-84.564704537751,33.6034688577484],[-84.5647047454286,33.6034068834159],[-84.5647053697667,33.6033284170778],[-84.5647104567921,33.6026143122404],[-84.5647104601994,33.6026138812306],[-84.5647104615465,33.6026137054004],[-84.5647109116802,33.602613879778],[-84.5659961165557,33.6031129130995],[-84.5661997831223,33.6031919569694],[-84.5666838215813,33.6035311812769],[-84.5677687921758,33.6045198049914],[-84.569140044041,33.6048756529593],[-84.569140496611,33.604875651487],[-84.5702383019433,33.6048720751957],[-84.5702387534356,33.6048720737228],[-84.5702392060055,33.6048720722465],[-84.5702398568441,33.6048720701234],[-84.5702403083365,33.6048720686506],[-84.5712380085384,33.6055174087544],[-84.5713132346246,33.6055720194631],[-84.5713138757971,33.6055724844313],[-84.5713141374586,33.6055726747297],[-84.5713143283664,33.6055724820494],[-84.5714824908984,33.6054022798736],[-84.5716630070186,33.6052362108601],[-84.5716679211435,33.6052316900264],[-84.5716629678003,33.6052266704116],[-84.5715147975228,33.605076500641],[-84.5711890411824,33.6048781770857],[-84.5710839900213,33.6047834294418],[-84.5704146349759,33.6028425329804],[-84.5704122810627,33.6028357059958],[-84.5704145926665,33.6028329925373],[-84.5706712066808,33.6025317865626],[-84.5706717446557,33.6025311545378],[-84.5706719654218,33.6025308959389],[-84.5706721961358,33.6025311530634],[-84.5741939420459,33.6064455631293],[-84.5743226230294,33.6065701864143],[-84.5745752048445,33.6068500924979],[-84.574841651996,33.6068584440633],[-84.5748486368752,33.6068586626647],[-84.5748416904979,33.6068679863126],[-84.5745379815239,33.607275688166],[-84.5743389788103,33.6075428038874],[-84.5743388845732,33.6075429295301],[-84.5743385262309,33.6075428062804],[-84.5743376498015,33.6075425044041],[-84.5734303781173,33.6072302390101],[-84.5734300273334,33.607230118438],[-84.5734299255353,33.6072302404982],[-84.5734296758531,33.6072305379687],[-84.5733933113442,33.6072738971279],[-84.5733698627376,33.607301858371],[-84.573357924105,33.6073160935157],[-84.5733500618179,33.6073254687811],[-84.5733315821578,33.6073475023318],[-84.5733218520776,33.6073591054508],[-84.5733106463992,33.6073724662663],[-84.5732938266303,33.6073925224022],[-84.5732793064948,33.6074098353098],[-84.5732653896696,33.6074264303067],[-84.5732512220824,33.6074433236773],[-84.57323643296,33.6074609575568],[-84.5732260020282,33.6074733961148],[-84.5732084085246,33.6074943744853],[-84.5731870408385,33.6075198528684],[-84.5731728078481,33.6075368230868],[-84.5731565773969,33.6075561766695],[-84.5731523124295,33.6075612625785],[-84.5731399230882,33.607575913951],[-84.5731246168187,33.6075938082955],[-84.5731037729759,33.6076181767902],[-84.5730879201078,33.6076367086034],[-84.5730762222726,33.6076496905094],[-84.5730672752301,33.6076596202407],[-84.5730574180398,33.6076705592252],[-84.5730466957312,33.6076824586246],[-84.5730339247869,33.607696629748],[-84.5730225431853,33.6077092616638],[-84.5730023851224,33.6077307470523],[-84.5729910425426,33.6077427404544],[-84.5729756767656,33.6077589885259],[-84.5729629252089,33.6077724734072],[-84.5729575450743,33.6077778253579],[-84.5729523215429,33.6077830226084],[-84.572936183284,33.6077990775495],[-84.5729161472021,33.6078190089454],[-84.5729038552611,33.607831238088],[-84.572892078281,33.6078427505139],[-84.5728780178826,33.6078563352613],[-84.5728516585125,33.6078818029262],[-84.5728367034297,33.6078962507998],[-84.5728241394277,33.6079079172838],[-84.5727941134781,33.6079355663927],[-84.5727634641209,33.607963791003],[-84.5726813057034,33.6080371473547],[-84.5724602821475,33.6082366358298],[-84.5724553245722,33.608241109949],[-84.5724603225361,33.6082461762693],[-84.5724939905739,33.608280300438],[-84.572524704798,33.6083111792589],[-84.5725394692099,33.6083268433235],[-84.5725545451179,33.6083432105686],[-84.5725729083029,33.6083631484596],[-84.5725922289673,33.608384124635],[-84.572600241882,33.6083928247055],[-84.5726392658868,33.6084384744393],[-84.5726633228042,33.6084668350668],[-84.5726796446208,33.6084869112847],[-84.5726998412276,33.6085117509292],[-84.5727241993206,33.6085434323086],[-84.5727406231007,33.6085652538167],[-84.5727585231719,33.6085898241768],[-84.5727660829671,33.6086007032568],[-84.5727806004105,33.608621591477],[-84.5727898407604,33.6086348869243],[-84.572795668324,33.6086435869425],[-84.5728201072138,33.6086823713936],[-84.572836803902,33.6087092954449],[-84.572851702127,33.6087343941069],[-84.5728696775377,33.6087646744792],[-84.5728798888969,33.6087839547218],[-84.5728871288276,33.6087976237097],[-84.5728924921887,33.6088077507877],[-84.5729036450964,33.6088288060297],[-84.5729174674216,33.6088572480022],[-84.5729282288784,33.608879390138],[-84.5729351503867,33.608893632729],[-84.5729445229359,33.6089148831645],[-84.5729642068352,33.6089594908577],[-84.5728821406838,33.6089715776511],[-84.572878711508,33.6089637218403],[-84.5728627204553,33.6089271178546],[-84.5728481231506,33.6088961095629],[-84.5728330329641,33.6088652408431],[-84.5728172878219,33.608834649281],[-84.5728008877246,33.6088043348763],[-84.5727838298706,33.6087741596823],[-84.5727662819305,33.6087442602024],[-84.5727480779633,33.6087146387842],[-84.5727292179611,33.6086852936244],[-84.5727097023638,33.6086560885687],[-84.572689696251,33.608627297183],[-84.5726690341088,33.6085987829562],[-84.5726478797274,33.608570544449],[-84.5726260710417,33.6085427210501],[-84.5726037705526,33.6085150363147],[-84.5725808157554,33.6084877657854],[-84.5725385449058,33.6084391223211],[-84.5725129548236,33.6084103492255],[-84.5724868735881,33.608381852745],[-84.5724603018416,33.608353769931],[-84.5724332378645,33.6083259637351],[-84.5724056833766,33.608298571205],[-84.5723778015255,33.60827145385],[-84.5723492647324,33.6082446145474],[-84.5723204012224,33.6082181883726],[-84.5722908823308,33.608192176403],[-84.5722610371539,33.6081664396037],[-84.5722155323403,33.6081285247815],[-84.5721922896404,33.6081099129584],[-84.5721611356565,33.6080854175163],[-84.5721453133064,33.608073240025],[-84.5721214165206,33.6080553165031],[-84.5720980102772,33.6080369802073],[-84.5720741128696,33.6080189196243],[-84.572049888737,33.6080012721706],[-84.5720251740901,33.6079840392842],[-84.5720002969428,33.6079670810329],[-84.5719749282036,33.6079505373522],[-84.5719493969638,33.6079342683063],[-84.5719233752093,33.6079184138268],[-84.5718970267246,33.6079029715737],[-84.5718705153108,33.6078879428135],[-84.5718435144553,33.6078733277139],[-84.5718163500248,33.6078589881535],[-84.5717886940013,33.6078450631618],[-84.5717608778355,33.6078316869038],[-84.5717328980983,33.6078185870863],[-84.5717044267631,33.607805900935],[-84.5716759590815,33.6077937638825],[-84.5716470002381,33.6077819034407],[-84.571617878463,33.6077704564903],[-84.5715885954701,33.6077595591779],[-84.5715589840254,33.6077489370413],[-84.5715292124481,33.6077388663422],[-84.5714992779293,33.6077292073307],[-84.5714691815546,33.6077199618065],[-84.5714387584492,33.6077111294074],[-84.5714081724054,33.6077027095971],[-84.5713774262225,33.607694840322],[-84.5713466808928,33.6076873830997],[-84.5713156088308,33.6076803390018],[-84.5712843755507,33.6076738454423],[-84.5712531442,33.6076677639318],[-84.5712217499083,33.6076620950097],[-84.5711901948344,33.6076568395702],[-84.571158476381,33.6076521337741],[-84.5711267609328,33.6076478400234],[-84.5710950480516,33.6076440953733],[-84.5710631722311,33.6076407642128],[-84.5710311345485,33.607637846538],[-84.5709990994272,33.6076354770622],[-84.5709670662352,33.6076335205367],[-84.5709350356117,33.6076321140135],[-84.5709032946854,33.607631131222],[-84.5709028420465,33.6076311209793],[-84.5709023904893,33.6076311116348],[-84.570871267897,33.6076305460913],[-84.5708708152748,33.6076305394552],[-84.5708703637513,33.6076305373238],[-84.5708697128837,33.607630537647],[-84.570869260291,33.6076305373225],[-84.5708688087759,33.6076305369944],[-84.570839079862,33.6076305069897],[-84.5708386272735,33.6076305075667],[-84.5708385626186,33.6076305077779],[-84.5708381757753,33.6076305108451],[-84.5708381100428,33.6076305110599],[-84.5708376585529,33.6076305161416],[-84.570807057542,33.6076308794017],[-84.570806604983,33.6076308862902],[-84.5708061535142,33.6076308958801],[-84.5707748722784,33.6076316653027],[-84.5707744208264,33.6076316784991],[-84.5707739704604,33.6076316934953],[-84.5707422381491,33.6076330189104],[-84.5707102222713,33.6076347726352],[-84.5706782089535,33.6076370754606],[-84.5706461975599,33.6076397912365],[-84.5706143525177,33.6076430555781],[-84.5705825093945,33.6076467319686],[-84.5705508330642,33.6076508207714],[-84.5705191592912,33.6076554586749],[-84.57048748744,33.6076605095292],[-84.5704561450868,33.6076659704614],[-84.5704248063711,33.6076719813929],[-84.5703936327254,33.6076782667871],[-84.5703624622773,33.6076852392358],[-84.5703316206909,33.607692485613],[-84.5703007827399,33.6077002819896],[-84.570270275362,33.6077084884418],[-84.5702397694634,33.6077172449005],[-84.5702095945801,33.6077262752813],[-84.570179584968,33.6077358551346],[-84.5701497421389,33.6077458465001],[-84.5684531914509,33.6083276149266],[-84.5684497464351,33.6083287964835],[-84.5684532313982,33.6083371553705],[-84.5687850145759,33.6091329996564],[-84.5687885442885,33.6091414665876],[-84.5687850534835,33.6091425401022],[-84.5682862297689,33.6092958674677],[-84.5682829466318,33.6092968762754],[-84.5682862696994,33.6093054079103],[-84.5682997331797,33.6093399693997],[-84.5690293846296,33.6112091875526],[-84.569779367856,33.6131304680855],[-84.569785493066,33.6131461570117],[-84.5697858300894,33.6131470215162],[-84.5697850415347,33.6131461593848],[-84.5697831145645,33.6131440539544],[-84.5697794079362,33.6131400040122],[-84.568015754118,33.6112124803731],[-84.5667594316902,33.6098392418133],[-84.5665967915358,33.6096615273607]]],[[[-84.4783668609177,33.6163339139016],[-84.4783684693208,33.61631817476],[-84.4783704073774,33.6160868547826],[-84.4783668609177,33.6163339139016],[-84.4783704652464,33.6160798783955],[-84.4783706801817,33.6160647414754],[-84.4783707763996,33.6160594366927],[-84.4782819222911,33.6160584306855],[-84.478277671645,33.6160583836867],[-84.4782722074501,33.616058322613],[-84.4779700309557,33.6160549294607],[-84.4779316782868,33.6160545444833],[-84.4779026477358,33.616054145957],[-84.477902195077,33.6160541398826],[-84.4779017435023,33.6160541356088],[-84.4778866022289,33.6160539780424],[-84.4774355239622,33.6160492720059],[-84.4774351683091,33.6160492692927],[-84.4774351676942,33.6160493982334],[-84.4774351702347,33.6160495055261],[-84.477419230706,33.6160494382719],[-84.4773593721623,33.6160495886363],[-84.4773358105691,33.6160493764114],[-84.4773331129852,33.6157961402953],[-84.4773373117985,33.6157643232448],[-84.4773708145661,33.6155352214352],[-84.4774568066359,33.6151854728597],[-84.4774870429039,33.6150624961787],[-84.4775459900756,33.6149275578767],[-84.4776693681484,33.6146447545371],[-84.4776955146698,33.6146227456856],[-84.477406355904,33.6145465669298],[-84.4772994627152,33.6145217896395],[-84.4770780500374,33.6144705181984],[-84.4766053440343,33.6144277731065],[-84.4763183042944,33.6144316947219],[-84.4761389262524,33.6144340290229],[-84.475621470966,33.6144411004447],[-84.4756210183543,33.6144411051819],[-84.4756205668138,33.614441108113],[-84.4756199158966,33.6144411097387],[-84.4756194632721,33.6144411108692],[-84.4756190117252,33.614441111997],[-84.4748469236477,33.6144430379734],[-84.4748464710199,33.6144430381994],[-84.4748460194666,33.614443037521],[-84.4748453685333,33.6144430346344],[-84.474844915899,33.6144430330571],[-84.4748444643393,33.6144430305753],[-84.4734291781555,33.6144355760109],[-84.4734287255212,33.6144355744283],[-84.4734289173878,33.6144368020312],[-84.4734422421011,33.6145345013262],[-84.4734448623184,33.6145388607288],[-84.4734444583018,33.6147037641996],[-84.4734555787203,33.6150617034956],[-84.4734399656319,33.6150618603367],[-84.4728643288603,33.6150676416746],[-84.4728637261022,33.615060539787],[-84.4728534184675,33.6150631242496],[-84.4728480040224,33.6150627896061],[-84.4726972802107,33.6150534641981],[-84.4726857776134,33.6150527523818],[-84.4726827300694,33.6150524975344],[-84.4726826287351,33.6150524887683],[-84.4726531537516,33.6147057250483],[-84.4726527022031,33.6147057261653],[-84.4726520512838,33.6147057277754],[-84.4726515986577,33.6147057288951],[-84.4726511471093,33.614705730012],[-84.471655362167,33.6147081892181],[-84.4716549095409,33.614708190334],[-84.4715757732147,33.6141562513127],[-84.4715598829116,33.6135612808535],[-84.4715594313501,33.6135612765565],[-84.471089606084,33.6135550273333],[-84.4710891534449,33.6135550230372],[-84.47107825165,33.6129765290711],[-84.4710778001075,33.6129765292806],[-84.4710771491915,33.6129765281774],[-84.471076696568,33.6129765274879],[-84.4710762450223,33.6129765267958],[-84.4707804474199,33.6129758919263],[-84.4707799947964,33.6129758912357],[-84.4703790222549,33.612440954154],[-84.470308690892,33.6121465473885],[-84.4703086832252,33.612146512242],[-84.4703091358727,33.6121465210493],[-84.4703733574901,33.6121479494369],[-84.4703738090632,33.6121479591484],[-84.4703742617108,33.6121479679555],[-84.4703749158978,33.6121479816778],[-84.4703753674645,33.6121479895858],[-84.4703571667932,33.6119224031024],[-84.4703762434563,33.6118360552927],[-84.4703766960612,33.6118360523781],[-84.4704563526811,33.6118353247961],[-84.4704568042051,33.6118353209822],[-84.4704572568068,33.6118353171657],[-84.4704579076921,33.6118353119605],[-84.4704583592193,33.6118353090483],[-84.4704479722547,33.611492308186],[-84.4704479612781,33.6114919439369],[-84.4704479564457,33.6114917951726],[-84.4704484128098,33.611491942828],[-84.4706784827859,33.6115665943332],[-84.4706789445454,33.6115667437778],[-84.4706791333512,33.6115668055294],[-84.4706793971552,33.6115667426655],[-84.4715603344181,33.6113571400428],[-84.4717244011389,33.6113097394315],[-84.4716581904758,33.6111454320227],[-84.4716581285107,33.6111452788909],[-84.4716577389491,33.6111454340376],[-84.4716567865646,33.6111458123836],[-84.471512165307,33.6112033529973],[-84.4706435481416,33.6114148095019],[-84.4706431260642,33.6114149124282],[-84.4706430955357,33.6114148115158],[-84.4706430192306,33.611414563743],[-84.4704630326624,33.6108266683626],[-84.4706950631521,33.6107711313936],[-84.4702410303472,33.6107447634169],[-84.469904907611,33.6102464951714],[-84.4697394897979,33.6096260575488],[-84.4697390382664,33.60962605595],[-84.4687502659335,33.6096196866949],[-84.4687498133244,33.6096196850951],[-84.4687540214708,33.6089427656482],[-84.4687544740669,33.608942764543],[-84.4696105994311,33.608940670979],[-84.4696110509496,33.6089406698734],[-84.4696115035456,33.608940668765],[-84.4696121544219,33.6089406671711],[-84.4696126059403,33.6089406660654],[-84.4694225944964,33.608330190282],[-84.469423047105,33.6083301936827],[-84.4701287677798,33.6083380484411],[-84.4701292193172,33.6083380536453],[-84.4701296719259,33.6083380570434],[-84.4701303217421,33.6083380617611],[-84.4701307732732,33.6083380651618],[-84.4701789558713,33.6080282156085],[-84.4701794084689,33.6080282163014],[-84.4709649171388,33.6080290250091],[-84.4709653686587,33.6080290257018],[-84.4709658212563,33.6080290263918],[-84.4709664721319,33.6080290265942],[-84.4709669236487,33.6080290263852],[-84.4710566253648,33.6080386997751],[-84.471057077956,33.6080386986615],[-84.4712122768947,33.6080383166948],[-84.4712127284084,33.6080383155833],[-84.4712131809997,33.6080383144691],[-84.471213831869,33.6080383128668],[-84.4712142833827,33.6080383117553],[-84.4713299952467,33.6074119593603],[-84.471329543711,33.6074119532588],[-84.4711747504375,33.6074087826762],[-84.4711742978114,33.6074087729702],[-84.4711738462598,33.6074087623599],[-84.4703857415982,33.6073906600107],[-84.4703852889786,33.6073906521052],[-84.4704858698426,33.6068517657028],[-84.4704858762038,33.6068517359319],[-84.4704863288142,33.6068517420337],[-84.4712681576104,33.6068657286419],[-84.4712686091497,33.6068657365469],[-84.4712688300702,33.6068657405113],[-84.4712690617602,33.6068657426459],[-84.4712692815937,33.6068657439079],[-84.4712697341693,33.6068657400886],[-84.4714458534462,33.6068625724476],[-84.4714463049347,33.6068625659252],[-84.4714892799755,33.6065675647824],[-84.4714994744991,33.6064979024589],[-84.4715232770815,33.6063352484917],[-84.4717712192498,33.6050024007523],[-84.471976218983,33.6042293998006],[-84.472089219566,33.6037664004138],[-84.4721522196242,33.6032813999721],[-84.4721602195738,33.6027944001176],[-84.4721262198655,33.6024344002336],[-84.4721142190174,33.6023084000652],[-84.4720992193973,33.6022153995795],[-84.4720942188719,33.602194400195],[-84.471987218998,33.6017304000055],[-84.4718272192335,33.6012743993384],[-84.4717842194068,33.6011843992021],[-84.4716292190669,33.6008513996315],[-84.4713472186364,33.6003663989887],[-84.4711812191821,33.6000873992648],[-84.4691102182042,33.5965893985046],[-84.4731416275294,33.5962341908902],[-84.4733662198825,33.5962143980354],[-84.4758492205765,33.5959533985274],[-84.4767282206624,33.5958593984511],[-84.4770702205188,33.5957923985406],[-84.4772622209092,33.5957343979349],[-84.4774432210277,33.5956633981532],[-84.4777822211369,33.5954793978709],[-84.4779532204757,33.595402398394],[-84.4781422204942,33.5953403978269],[-84.4783682206249,33.5952923978606],[-84.4786582204313,33.5952693982848],[-84.4801942215008,33.5952783979784],[-84.4853110838069,33.59530898115],[-84.4863892231173,33.5953153979536],[-84.4867792227929,33.5946453978213],[-84.487050222998,33.5942193977295],[-84.487092223741,33.5941363970379],[-84.4871252232125,33.5940503972271],[-84.4871502228329,33.5939623974722],[-84.4871662232348,33.5938733976194],[-84.487173223368,33.593783397675],[-84.4871702233767,33.5936853978174],[-84.4871752227087,33.5935953976425],[-84.4871892233164,33.5935063975518],[-84.4872132228685,33.5934183976626],[-84.4872462230263,33.5933323969075],[-84.4873372232733,33.5931733976656],[-84.4873972231583,33.5930983976673],[-84.487450223685,33.593020396975],[-84.4874982234874,33.5929393976287],[-84.4875382230344,33.592855397494],[-84.487571223133,33.5927703975064],[-84.487707223383,33.5922593968937],[-84.4883622232073,33.5919423968646],[-84.4881332236626,33.5911473964914],[-84.4880842234579,33.5909343964387],[-84.4879682234304,33.5904303966162],[-84.4879112235709,33.5902563966955],[-84.4878382228532,33.5900873965908],[-84.4877482237019,33.5899233961575],[-84.4876572228648,33.5897843963212],[-84.4875732227316,33.5896353967037],[-84.4874272226707,33.5893773963228],[-84.4872152231608,33.5889633964094],[-84.4870222228442,33.5885423958911],[-84.4868822233046,33.5882013961932],[-84.4867542230854,33.5878573960567],[-84.4867320037571,33.5877888476709],[-84.4866132226563,33.5874223961161],[-84.4865692222224,33.5872453962527],[-84.4865392227043,33.5870673962857],[-84.4865242222571,33.5868873963915],[-84.4865212226566,33.5867973960799],[-84.4865232228678,33.5866623954912],[-84.4865262228493,33.5865273959221],[-84.4865162228091,33.5862563957924],[-84.4864922227372,33.5859873956849],[-84.4864772224477,33.5858753957054],[-84.4864252221942,33.5848853951445],[-84.486466222051,33.5841883957056],[-84.4864422229271,33.5840093954856],[-84.4864012227735,33.5838323949188],[-84.4863422228702,33.5836593955859],[-84.4862672227795,33.5834903950024],[-84.486220222105,33.5834093951892],[-84.4862012224208,33.583363395597],[-84.4872382226383,33.5829903949171],[-84.4879782228755,33.5827553949931],[-84.4883052225118,33.5826863949957],[-84.4886372228311,33.5826383947113],[-84.4890042235924,33.582607394571],[-84.4905602237677,33.5824883952094],[-84.4909132235477,33.582448394856],[-84.4911952240336,33.5823993952171],[-84.4914732234879,33.5823363951786],[-84.4917462237003,33.5822583947244],[-84.4920132237124,33.5821673946356],[-84.4924952246345,33.5819583945751],[-84.4927088868767,33.581844802123],[-84.4927322247541,33.5818323948731],[-84.4929592244133,33.5816953944744],[-84.4932252247565,33.5815113945251],[-84.4942122245572,33.5807593941818],[-84.494724380756,33.580368644705],[-84.4951192251371,33.5800673939045],[-84.4949582248504,33.5794793936596],[-84.4948432248313,33.5791323941544],[-84.4947102250648,33.5787893942834],[-84.4945812250654,33.5784933935104],[-84.4945342247752,33.5784123941005],[-84.4944542247055,33.5782453935067],[-84.4944222240371,33.5781583942338],[-84.4943742246372,33.5779833939044],[-84.4943582242529,33.5778943937997],[-84.4943432244077,33.5777143937326],[-84.4943442241423,33.5775963939377],[-84.494361224747,33.5773263938338],[-84.4943582244809,33.5770563934745],[-84.4943352246113,33.5767863937562],[-84.4943092239669,33.5766073938828],[-84.4942742238567,33.5764293934355],[-84.494241224035,33.5762923932838],[-84.4942282238422,33.5759323931119],[-84.4942322244679,33.5755353935534],[-84.4942752243674,33.5752673930089],[-84.4942982247755,33.5749973931619],[-84.4943032240823,33.5747273931633],[-84.4942882242694,33.5744573928933],[-84.4942542246242,33.5741883932669],[-84.4941742246276,33.5737423932803],[-84.494137224108,33.5735713932204],[-84.4938422236503,33.5725973923337],[-84.4934422237253,33.5715513919673],[-84.4933632238495,33.5713453920169],[-84.4931672232944,33.5707873922824],[-84.4931472239564,33.5706983925391],[-84.4931142235336,33.570613391762],[-84.4930672235603,33.5705323925738],[-84.4930072236291,33.5704573922466],[-84.4929372241265,33.5703893918314],[-84.4928562238527,33.5703293921084],[-84.4927522236404,33.5702633918404],[-84.4926842239191,33.5702203922693],[-84.4925942232812,33.5701723921759],[-84.4925082233058,33.570118392534],[-84.492427223581,33.5700583925243],[-84.4923522231403,33.5699933921947],[-84.492185223493,33.5698203917544],[-84.4920612233776,33.5695683919642],[-84.4918782236307,33.5692773916536],[-84.4918272234531,33.5691473917183],[-84.4917772234716,33.5690203917229],[-84.49169722348,33.5687843916634],[-84.4916892231921,33.5687603919404],[-84.4915062231564,33.5681483914557],[-84.4914132230204,33.5678893918944],[-84.4912992229694,33.5676363911962],[-84.4911652232291,33.567390391152],[-84.4909192233509,33.5669893917604],[-84.4908172227268,33.5668303916761],[-84.4907612223329,33.5667533915236],[-84.4906982229525,33.5666803914822],[-84.4906302231747,33.5666103917583],[-84.4905562223104,33.5665453912805],[-84.4902382224676,33.5663023916785],[-84.4901702222806,33.5662323916965],[-84.4901152223855,33.5661553913314],[-84.4900542226918,33.5660013914623],[-84.4898722227505,33.5656753911742],[-84.4897722220179,33.5655153913108],[-84.489717222442,33.5654373907938],[-84.4896742228645,33.5653553915485],[-84.4896452228854,33.5652683911127],[-84.4896362227591,33.5651783908985],[-84.4896192226456,33.565089390778],[-84.4895952220916,33.5650013908454],[-84.4895632220863,33.5649153909602],[-84.4895242221722,33.5648313912145],[-84.4894782228532,33.5647503906613],[-84.4894062228319,33.5646443911843],[-84.4893582225363,33.5645633912919],[-84.4893312221792,33.5644763909669],[-84.489325222093,33.5643863910124],[-84.4893422221145,33.5642973905787],[-84.4893732221487,33.5642113914048],[-84.4894182226355,33.5641293907372],[-84.4894822218925,33.5640573906327],[-84.4895332224031,33.5639773913328],[-84.4895712225137,33.563800390744],[-84.4895962225173,33.5636213907648],[-84.4896062218195,33.5634413911747],[-84.4896052228634,33.5633503908331],[-84.4896512217924,33.5628183905528],[-84.4896282227213,33.5622003903618],[-84.4896022223946,33.5619313905335],[-84.4895972222161,33.5617743904069],[-84.4895952227182,33.5616613907529],[-84.4896002254305,33.5615053915393],[-84.4896000055308,33.5615053416188],[-84.4896007420286,33.5615035543707],[-84.4896590317637,33.5615168292197],[-84.4898427509819,33.5615586664916],[-84.4906797339125,33.5617492641596],[-84.4907889753076,33.5617726815533],[-84.4910107067826,33.5618109208395],[-84.4911117020302,33.5618243977909],[-84.4912126917491,33.561835812532],[-84.4913136724994,33.561844823335],[-84.4914171052685,33.561851423744],[-84.4915205290524,33.5618556202109],[-84.4916247634362,33.5618574051745],[-84.4917281702907,33.5618567910492],[-84.4918348508979,33.5618537643594],[-84.4919226504385,33.5618494085186],[-84.4920260259184,33.5618415798848],[-84.4932640141551,33.5617218607663],[-84.4938760295789,33.5616621836281],[-84.494331351918,33.5616180385824],[-84.4944445589128,33.561605028806],[-84.4945446311743,33.5615913630284],[-84.4946561778823,33.5615725181763],[-84.4947431086837,33.5615561414401],[-84.4948292133446,33.5615380491326],[-84.4949267915389,33.5615151131739],[-84.4950350111483,33.5614863141407],[-84.4951186323657,33.5614620453997],[-84.4952022459481,33.5614360571188],[-84.4952842094545,33.5614083572646],[-84.4953604294099,33.5613810170482],[-84.495446474334,33.5613478087067],[-84.4966387325539,33.5608592107523],[-84.4967485378561,33.5608152902319],[-84.4973647781912,33.560574196332],[-84.4975114687251,33.5605184944307],[-84.4977704663812,33.5604284806583],[-84.4981475186622,33.5603075752238],[-84.4982385088952,33.5602801936865],[-84.4983172097076,33.5602579963047],[-84.4984090325525,33.560234044206],[-84.4984885657839,33.560214938149],[-84.4986091107203,33.5601888467701],[-84.4986894755343,33.5601731746571],[-84.4987706696973,33.560159211656],[-84.4988658137654,33.5601445304004],[-84.4989470184103,33.5601333191831],[-84.49902904814,33.5601238252014],[-84.4991250349174,33.5601146336175],[-84.4992078979624,33.5601078837969],[-84.499303897038,33.5601024718842],[-84.4993867743098,33.5600991582084],[-84.4994967358383,33.5600971440204],[-84.4996075304996,33.5600975340781],[-84.4996896081719,33.56009971809],[-84.5001435125873,33.5601163603004],[-84.501469342968,33.5601651720517],[-84.5015678916069,33.5601715743161],[-84.5032174350542,33.5602354960046],[-84.5040981313961,33.5602622995225],[-84.5041933366183,33.5602641012247],[-84.5042877171902,33.5602634985191],[-84.5043829037044,33.5602604923696],[-84.5045351364791,33.5602578011443],[-84.5047819566781,33.560224680319],[-84.5050195155785,33.5601993225312],[-84.5053771390822,33.560149560994],[-84.5055485251657,33.5601140472694],[-84.5056485294901,33.5600838900028],[-84.5057607734688,33.5600351416576],[-84.5058934589197,33.559967100761],[-84.506057202286,33.5598666818184],[-84.5062199780716,33.55972881945],[-84.5063564217578,33.5595728224022],[-84.5064526939731,33.5594275806995],[-84.5065365875539,33.5592652013118],[-84.5066131349529,33.5591128037967],[-84.5067215936882,33.5591465145861],[-84.5068752278446,33.5591897220667],[-84.5069598492421,33.5592131937533],[-84.5071052659324,33.5592533325761],[-84.5072227574709,33.5592866763476],[-84.5073237767186,33.5593066654706],[-84.5074486255462,33.5593334633242],[-84.5075669458273,33.5593698963467],[-84.5076662766725,33.5593778677411],[-84.507765607245,33.5593841213564],[-84.5078657447267,33.5593879660845],[-84.5079584870501,33.5593897734857],[-84.5135200971214,33.5593605744149],[-84.5136235089124,33.5593620005312],[-84.5137269284816,33.5593661784655],[-84.5138303579605,33.5593731000966],[-84.5139329562555,33.5593827740957],[-84.5139329791573,33.5593828452642],[-84.5140676365477,33.559399507403],[-84.5141898324011,33.5594192268077],[-84.5143113867631,33.5594427962615],[-84.514442817823,33.5594734827591],[-84.5145621070604,33.5595050282751],[-84.5146787861363,33.5595407034922],[-84.5147948259586,33.5595805028755],[-84.5149043071853,33.5596222438811],[-84.5149171314484,33.5596277044447],[-84.515031896158,33.5596768521981],[-84.5150914198051,33.5597033428396],[-84.5152456994011,33.5597831598068],[-84.5153672567878,33.5598480215257],[-84.5154760181851,33.5599144303935],[-84.5155714701398,33.5599773727496],[-84.5156636616569,33.5600458217623],[-84.5158082148202,33.5601553469236],[-84.5159202356161,33.5602567187409],[-84.5159861661199,33.5603252406915],[-84.5161015364517,33.5604430928015],[-84.5161292492924,33.5604773685588],[-84.5162199720376,33.5605884202344],[-84.516268490701,33.5606534178375],[-84.5162975442021,33.5606942864553],[-84.5163122114677,33.5607155111375],[-84.5163180159735,33.5607239101165],[-84.516312243447,33.5607250508146],[-84.5162333888506,33.5607406390233],[-84.5161830534027,33.5607951983978],[-84.5161518003313,33.5608598721194],[-84.5161518238941,33.5608657221484],[-84.5161518387588,33.5608694126798],[-84.5161518623217,33.5608752627088],[-84.516148511249,33.5609398576556],[-84.5161485496763,33.5609493982159],[-84.5161486311143,33.560969617243],[-84.5161486695417,33.5609791578033],[-84.5161416541193,33.5610305715253],[-84.5161336222022,33.5610740181728],[-84.5161330825286,33.5611028770404],[-84.5161326312613,33.5611028783143],[-84.5161319807508,33.5611028810524],[-84.5161315284065,33.5611028823293],[-84.5161310771393,33.5611028836032],[-84.5096289764908,33.561125463583],[-84.5096285241461,33.5611254648362],[-84.5095997703744,33.5651192053908],[-84.509599701455,33.5651287453451],[-84.5095998026952,33.5651287441629],[-84.5096001537993,33.5651287386818],[-84.5096002550394,33.5651287374997],[-84.5159829197298,33.5650125230074],[-84.5159833709956,33.5650125163239],[-84.5160661445739,33.5649974401831],[-84.5160672348499,33.5649972423431],[-84.5160676804289,33.564997160836],[-84.5160676861338,33.5649972401676],[-84.5160851485937,33.5652587516405],[-84.5160851870204,33.5652682921943],[-84.5160857765434,33.5654146582268],[-84.5160858149703,33.5654241987803],[-84.5160428418607,33.5656863136271],[-84.5160412765302,33.5656958587067],[-84.5160417288984,33.5656958574299],[-84.5160424236067,33.5656958554692],[-84.5160428748979,33.5656958541954],[-84.5160433272661,33.5656958529187],[-84.5160474782832,33.5656958412027],[-84.5160479295743,33.5656958399289],[-84.5160483819426,33.5656958386521],[-84.5160490324912,33.565695836816],[-84.5160494837823,33.5656958355422],[-84.5160495222056,33.5657053760954],[-84.5160513270049,33.5661535043613],[-84.5160513654292,33.5661630449136],[-84.5154773919908,33.5671153077912],[-84.5154769406922,33.5671153090629],[-84.5154762901329,33.5671153108961],[-84.5154758377573,33.5671153121709],[-84.5154753864587,33.5671153134426],[-84.51095312347,33.5671279740851],[-84.510952671094,33.5671279753433],[-84.5109522197952,33.5671279765985],[-84.51094834121,33.5671279873861],[-84.5109478888341,33.5671279886444],[-84.5109527014157,33.5671375150187],[-84.5109999804021,33.5672310778351],[-84.511000171469,33.5672314551069],[-84.5110000171809,33.5672406147872],[-84.5109916684311,33.5677360707042],[-84.5109849905554,33.568038679059],[-84.5109769242226,33.5684050516477],[-84.5109764729135,33.5684050520014],[-84.5109758223407,33.5684050529093],[-84.5109753699545,33.568405053266],[-84.5109749186418,33.568405052718],[-84.5106297011503,33.5684049223596],[-84.5106292487605,33.5684049218134],[-84.5106287974479,33.5684049212642],[-84.5106281468679,33.5684049203669],[-84.5106276944781,33.5684049198207],[-84.5106272431654,33.5684049192714],[-84.5104924687065,33.5684047545026],[-84.5104920163167,33.5684047539558],[-84.5104915650041,33.5684047534061],[-84.5104909144276,33.5684047534098],[-84.5104904620379,33.568404752863],[-84.5104900107252,33.5684047523133],[-84.5095791220291,33.5684039897858],[-84.5095786696393,33.5684039892357],[-84.5095782183266,33.5684039886826],[-84.5095775677501,33.5684039886815],[-84.5095771153603,33.5684039881315],[-84.5095766640477,33.5684039875784],[-84.5075945124925,33.5684023260566],[-84.5075940601027,33.5684023254992],[-84.507579955282,33.5708277150663],[-84.5075799554451,33.5708277565431],[-84.5075795039673,33.570827717211],[-84.507578401668,33.5708276201607],[-84.5067838698151,33.5707576969334],[-84.5067835185467,33.5707576663399],[-84.5067834174201,33.5707576981765],[-84.5067831710611,33.5707577763978],[-84.5048226325731,33.5713808616987],[-84.5048135620643,33.5730786408344],[-84.5048135215971,33.5730862195483],[-84.5048135992554,33.5730881795841],[-84.5048189054045,33.5732221697609],[-84.5048189842984,33.5732241703687],[-84.5048189425964,33.5732317085103],[-84.5048180177884,33.5733973168135],[-84.5048121478894,33.5750072984125],[-84.5047952785482,33.5751439360447],[-84.5047878494775,33.5757239325232],[-84.5047877272484,33.575733472606],[-84.5047878812976,33.5757334748902],[-84.5047881796906,33.57573347678],[-84.5047883337398,33.5757334790642],[-84.5075463843198,33.5757679462192],[-84.5075468356851,33.5757679503861],[-84.5075468591912,33.5757774927741],[-84.5075479377684,33.5762974123444],[-84.5075479580637,33.5763025752934],[-84.5075479752719,33.5763069528897],[-84.5075479955672,33.5763121158387],[-84.5075440874113,33.5771553076248],[-84.5075436360424,33.5771553043596],[-84.5075429853789,33.5771552989383],[-84.5075425329257,33.5771552938726],[-84.5075420815461,33.5771552879024],[-84.5066013391562,33.5771426577162],[-84.5066008866995,33.5771426517454],[-84.5066004353236,33.5771426466734],[-84.5051831853474,33.5771267609935],[-84.5051827329015,33.5771267577226],[-84.5051770492883,33.5791612077451],[-84.5051762734487,33.5793829998813],[-84.5051757025416,33.5796572834775],[-84.5051702325725,33.5817886172473],[-84.5051696096607,33.5818448420993],[-84.5051695044045,33.5818543045823],[-84.5051696415134,33.581854379948],[-84.5052182051851,33.5818811044476],[-84.5053159332653,33.5819338799959],[-84.5053646341384,33.5819604047913],[-84.50546235917,33.5820126302082],[-84.505511714044,33.5820386040337],[-84.5055610689533,33.5820643037294],[-84.5056104238861,33.5820902775149],[-84.5056597756225,33.5821154262552],[-84.5057076139446,33.5821403356689],[-84.5057086891084,33.5821408953696],[-84.5057091295383,33.5821411249923],[-84.5057091404821,33.5821408932314],[-84.505710610891,33.5821105694249],[-84.5057106378159,33.5821100166234],[-84.5057106487808,33.5821097902725],[-84.505711089193,33.5821100153868],[-84.5058011274241,33.5821559895297],[-84.505861993107,33.5821866032566],[-84.5059228588362,33.5822172178549],[-84.5059837235319,33.5822475574144],[-84.5060445871935,33.5822776219351],[-84.5061054519744,33.5823076864226],[-84.506259412626,33.5823817434295],[-84.5063817910457,33.5824402212133],[-84.5064442924414,33.5824691818962],[-84.5065373874748,33.5825123501048],[-84.5065989000302,33.5825404883905],[-84.5066614004903,33.5825688989427],[-84.5067238999174,33.5825973103675],[-84.5067854805645,33.5826249254002],[-84.5067896872389,33.5826268109662],[-84.5067855136839,33.5826344659483],[-84.5067371594233,33.582723152481],[-84.5067329612621,33.5827308535144],[-84.5067371914602,33.582732693032],[-84.5068234141335,33.5827701804096],[-84.5072473890811,33.5829534261071],[-84.5074055811541,33.583017300921],[-84.507676244675,33.5831248395208],[-84.5078513478853,33.5831923180482],[-84.507851854983,33.5831925132156],[-84.5078513800348,33.5832018558924],[-84.5078036995624,33.5841391644573],[-84.5078032481571,33.5841391611933],[-84.5078025974412,33.5841391557736],[-84.5078021449586,33.5841391525126],[-84.5078016935462,33.5841391474452],[-84.5074100971575,33.5841347666438],[-84.5074096446714,33.5841347624797],[-84.5073830770879,33.5854194717097],[-84.5073828797282,33.5854290119861],[-84.5073831091995,33.585429012256],[-84.5073833322069,33.5854290125437],[-84.5073835616782,33.5854290128136],[-84.508664800645,33.5854295902445],[-84.5086652520463,33.5854295908003],[-84.5086657045214,33.5854295904515],[-84.5086662388758,33.5854295907781],[-84.5086663552292,33.5854295913582],[-84.5086666902736,33.5854295904323],[-84.508666806627,33.5854295910124],[-84.5086667225301,33.5854391318789],[-84.5086612245138,33.5860649066018],[-84.5086611411522,33.5860743609043],[-84.5086612578337,33.5860744444378],[-84.5087498697176,33.5861375512686],[-84.5087504650051,33.5861379761158],[-84.5087507091666,33.5861381494643],[-84.5087509174767,33.5861379739633],[-84.5089745712351,33.5859495454272],[-84.5091171770695,33.5858067879672],[-84.5093132637996,33.5855701656766],[-84.5094745697492,33.5853402342813],[-84.5096070097174,33.5851183534837],[-84.5097185547124,33.5849270359683],[-84.5098565183589,33.5846905739053],[-84.5099602460211,33.5845157676945],[-84.5101138538284,33.5842501296804],[-84.5102787107252,33.5839749051715],[-84.5102788552022,33.5839746631211],[-84.5102789140639,33.5839745646749],[-84.5102793076661,33.5839746618648],[-84.5107160695237,33.5840832824571],[-84.5114050948563,33.5842294625553],[-84.5114061245579,33.5842296814991],[-84.5114065450627,33.5842297704953],[-84.5114065759422,33.58422967934],[-84.5114811979942,33.5840070468778],[-84.5114815078182,33.5840061235998],[-84.511481160047,33.5839975063483],[-84.5114782292362,33.5839247826116],[-84.5114739751144,33.5835009273126],[-84.5114738789951,33.5834913869445],[-84.5114739425551,33.5834913867674],[-84.5114743314636,33.5834913874871],[-84.5114743950236,33.58349138731],[-84.5127262187417,33.5834922806594],[-84.5127266701328,33.5834922812005],[-84.5127271226012,33.5834922817386],[-84.5127277732908,33.5834922817224],[-84.5127282246783,33.5834922813618],[-84.5152974763503,33.5850285094338],[-84.5153025325168,33.5850315320337],[-84.5152975093324,33.585038049973],[-84.5151165832193,33.5852728446815],[-84.5151147012586,33.5852752872103],[-84.5151166204911,33.5852823852084],[-84.5151603670676,33.5854441795522],[-84.5154217325107,33.5856118059477],[-84.515422457268,33.5856122709732],[-84.5154227542986,33.5856124612914],[-84.5154229097365,33.5856122687964],[-84.5157570105353,33.5851987226434],[-84.5158038590584,33.5851407046955],[-84.5158042342499,33.5851402401756],[-84.5158043875388,33.5851400494896],[-84.5158046856423,33.5851402389021],[-84.5165798082377,33.5856318216904],[-84.5165852756651,33.585635289404],[-84.5165798413618,33.5856413622275],[-84.5160725245411,33.5862079425432],[-84.5160723722446,33.5862081124883],[-84.5160720720694,33.5862079447225],[-84.5160713399878,33.5862075356254],[-84.5159378850242,33.5861328911448],[-84.5159374358414,33.5861326399434],[-84.5159374336266,33.5861328924188],[-84.515937427493,33.5861335091823],[-84.5159348622639,33.5863904389784],[-84.5159336257078,33.5864910306953],[-84.5159325892823,33.5865597413015],[-84.5159326277232,33.5865692818225],[-84.5159336105732,33.5868132111467],[-84.5159336490145,33.5868227516674],[-84.5158506436788,33.5868301280865],[-84.5158505995192,33.5868301309161],[-84.515850191193,33.5868301275599],[-84.5158501481035,33.5868301285832],[-84.5158496449723,33.5868301254945],[-84.5158491924793,33.5868301231646],[-84.51584874106,33.58683011993],[-84.5158205129224,33.5868299462079],[-84.5158200604221,33.5868299420745],[-84.5158196089883,33.5868299352332],[-84.5146375088312,33.5868096517844],[-84.5146372976565,33.5868096478699],[-84.5146370563238,33.5868096458434],[-84.5146368451491,33.5868096419288],[-84.5146370234046,33.586800103503],[-84.5146557607117,33.5857980745282],[-84.5146557687389,33.5857976588332],[-84.5146636261435,33.5857918651111],[-84.5146557278063,33.5857885357929],[-84.5130104080014,33.5850949794199],[-84.5130101231092,33.5850948593927],[-84.5130099566091,33.5850949806833],[-84.5130095484099,33.5850952766737],[-84.5119783778908,33.5858446503928],[-84.511969908736,33.5858508045189],[-84.5119784083578,33.5858541918416],[-84.513415610143,33.5864268921482],[-84.5134161626207,33.5864271124124],[-84.5134163892232,33.5864272028466],[-84.5134166150972,33.5864271111445],[-84.513440713691,33.5864173262575],[-84.5134418312281,33.5864168722881],[-84.5134419506199,33.5864168241647],[-84.5134422883553,33.5864166870652],[-84.5134422826236,33.5864168701214],[-84.5134419855616,33.5864263665008],[-84.5134306422096,33.5867888412562],[-84.5134204542346,33.5871150942463],[-84.5134038704705,33.5876483141055],[-84.5134010775462,33.5877998376831],[-84.5134009023856,33.5878093760975],[-84.5134011114116,33.5878093809219],[-84.5134013549054,33.5878093838463],[-84.5134015639314,33.5878093886707],[-84.5143551323165,33.5878308689986],[-84.5143555837627,33.5878308776485],[-84.5143560362682,33.5878308817872],[-84.5153084367573,33.5878364398703],[-84.5153088881819,33.5878364431068],[-84.5153093406874,33.587836447242],[-84.515924054781,33.587843494333],[-84.5159241754506,33.5878434957957],[-84.5159245062056,33.5878434975673],[-84.5159246268752,33.58784349903],[-84.5159245392679,33.5878530399048],[-84.5159085000163,33.5895962227704],[-84.5159084124237,33.589605757932],[-84.5158979366082,33.5907548683866],[-84.5158901570522,33.5915950418885],[-84.5158897056226,33.5915950422608],[-84.5158890548687,33.5915950413924],[-84.5158886023581,33.5915950408661],[-84.5158881509249,33.5915950403368],[-84.5133640857853,33.5915903333703],[-84.5133639381794,33.5915903328822],[-84.5133636332747,33.5915903328348],[-84.5133634856687,33.5915903323467],[-84.5133636004963,33.5915807923039],[-84.5133848177444,33.5898194548289],[-84.5133849325654,33.5898099138817],[-84.5133847849661,33.5898099142952],[-84.5133844811486,33.5898099151465],[-84.5133843335493,33.58980991556],[-84.5133838304225,33.5898099178715],[-84.5133833779283,33.5898099191393],[-84.5133829265115,33.5898099204042],[-84.5119946904725,33.5898146264687],[-84.5119942379782,33.5898146277315],[-84.5117639961051,33.5893090307558],[-84.5112309051923,33.5883690823775],[-84.5111669854351,33.5882476666941],[-84.5111630752595,33.5882402378549],[-84.5111669518222,33.5882381252572],[-84.5112381113636,33.5881993534533],[-84.511365250642,33.5881308417126],[-84.5114327649704,33.5880976739456],[-84.5115579816086,33.5880415338437],[-84.5115900491718,33.5880280031868],[-84.5115953548635,33.5880257639642],[-84.5115900176709,33.5880184626456],[-84.5115083533686,33.5879067300932],[-84.5114369800609,33.5876256837273],[-84.5114367950783,33.5876249520821],[-84.5114369432015,33.5876161459054],[-84.511445297521,33.5871206130877],[-84.5114470003459,33.5870202806924],[-84.5114471593118,33.587010950611],[-84.5114469656445,33.5870107437651],[-84.5109592530836,33.5864878367053],[-84.5109590853818,33.5864876568368],[-84.510958801684,33.5864878379612],[-84.5109581074754,33.5864882790087],[-84.5105562044053,33.586744094689],[-84.5101961721082,33.5869749011728],[-84.5101893569051,33.5869792697758],[-84.5101962034543,33.5869844417169],[-84.5103678040114,33.5871140716252],[-84.5103803863108,33.5871235755055],[-84.5098974756267,33.5871249158679],[-84.5098970231464,33.587124917123],[-84.5088488346364,33.5877733918502],[-84.5084621541811,33.5880160653924],[-84.5082699679043,33.5881366767329],[-84.5074174651279,33.5886475848437],[-84.5074172050181,33.5886477406481],[-84.5074170126431,33.5886475869913],[-84.5074165414354,33.5886472113885],[-84.5070479336548,33.5883533129999],[-84.5070508823488,33.5883516557242],[-84.5066838991922,33.5879999859041],[-84.5066836861522,33.5879997818091],[-84.5066834477845,33.5879999871445],[-84.5066828636646,33.5880004873761],[-84.5064092096885,33.5882352427777],[-84.5056462050805,33.5888897832705],[-84.5055342678269,33.5889843573387],[-84.5054966267602,33.5890157909345],[-84.5054589845947,33.5890469504123],[-84.5054210138042,33.5890781098766],[-84.5053830419152,33.5891089952228],[-84.5053064397948,33.5891702176596],[-84.5052484944345,33.5892159983013],[-84.5052049577884,33.5892512953888],[-84.5051725450187,33.5892761188247],[-84.5051401300791,33.589300667247],[-84.505084790769,33.589340944069],[-84.5049721318434,33.5894190297565],[-84.5049492042177,33.5894342081265],[-84.5049259479881,33.5894493873904],[-84.5048912263184,33.5894717437677],[-84.5048558463656,33.5894938269233],[-84.5048204653262,33.5895153600496],[-84.504796877241,33.5895297160646],[-84.504724796417,33.5895716876352],[-84.5046880977134,33.5895924001919],[-84.5046146959728,33.5896324511309],[-84.5045897891511,33.5896454356527],[-84.5045524289109,33.5896647758222],[-84.5044770458306,33.5897020837825],[-84.5044514796343,33.5897145209561],[-84.5044131292683,33.5897324905343],[-84.5043875609108,33.5897443776785],[-84.5043488797747,33.5897617972159],[-84.5043101964778,33.5897789426377],[-84.5042449557805,33.5898066037069],[-84.5041124919821,33.5898589078301],[-84.5040724867244,33.5898738584976],[-84.5040321517812,33.5898885341383],[-84.503998703446,33.5899004426855],[-84.5038357558143,33.5899673961789],[-84.5035071071221,33.5900688794534],[-84.5012656755694,33.5906150038522],[-84.5009438169679,33.590690353049],[-84.5005225314989,33.5907854828661],[-84.5000340115709,33.5909033288825],[-84.4999277045204,33.5909269758468],[-84.4996179055892,33.590979477629],[-84.4995995326286,33.5909839245358],[-84.4995814903772,33.5909889196706],[-84.4995634491835,33.5909941907126],[-84.4995483622117,33.5909989028809],[-84.4995099891161,33.5910116484976],[-84.4994896582743,33.5910193989837],[-84.4994722795458,33.5910260414825],[-84.4992443480238,33.5911217783706],[-84.4992417922503,33.5911228519219],[-84.4992443803282,33.5911313198144],[-84.4992568875567,33.5911722412028],[-84.4992594178061,33.5911805189968],[-84.4992569198625,33.5911817826465],[-84.4992233648193,33.5911987549027],[-84.4991873139242,33.5912175399129],[-84.4991637181312,33.5912299707],[-84.4991047306705,33.5912622847417],[-84.4989887367423,33.5913291057053],[-84.4989543361125,33.5913500854021],[-84.4989317313048,33.5913641626484],[-84.4988426284691,33.5914215662991],[-84.4988095453165,33.5914436415613],[-84.4987767928585,33.5914662659491],[-84.4987551769371,33.5914814396514],[-84.498733889612,33.5914966124681],[-84.4986703604065,33.5915432291457],[-84.4986389254236,33.5915669491045],[-84.498607820081,33.5915909431819],[-84.4985770443752,33.5916152104768],[-84.4985469268898,33.5916400260204],[-84.4981063077618,33.5920056335909],[-84.4980866684527,33.5920224510459],[-84.4980637557369,33.5920420246698],[-84.4979973240601,33.5921026662202],[-84.4979757288559,33.5921233363439],[-84.4979544632955,33.5921442796905],[-84.4979335273859,33.5921654980636],[-84.4978632111093,33.5922409897154],[-84.4978465364571,33.5922602724925],[-84.4978301904078,33.5922795552896],[-84.4978141729247,33.5922991104127],[-84.4978037154514,33.5923123308117],[-84.4977827983635,33.5923384956999],[-84.4977622108941,33.5923652097247],[-84.4977422806232,33.5923919210857],[-84.4977275806807,33.5924122977053],[-84.4976988379934,33.5924530500825],[-84.4976802241872,33.5924805829444],[-84.497644641679,33.5925361942813],[-84.4976273454168,33.5925645477421],[-84.4975947212788,33.5926212502937],[-84.4975787393893,33.5926498752432],[-84.4975634157559,33.5926787734413],[-84.4975334340172,33.5927393172601],[-84.4975243128863,33.5927585797949],[-84.4975021651043,33.5928067343773],[-84.4974894691849,33.5928359005509],[-84.4974810052212,33.5928554354346],[-84.4974728698664,33.5928749703408],[-84.497445874824,33.5929434760605],[-84.4974348218544,33.5929731869562],[-84.4974276733566,33.5929929942321],[-84.4974205237747,33.5930128006088],[-84.4974039642503,33.5930623143875],[-84.4973974729301,33.5930823949158],[-84.4973825574516,33.5931324543188],[-84.4973795345644,33.5931427117415],[-84.4973767222923,33.5931522580811],[-84.4973771748046,33.5931522568716],[-84.4973791152277,33.5931522534888],[-84.4973795666661,33.5931522531839],[-84.4973800191785,33.5931522519745],[-84.4973826049738,33.5931522477684],[-84.4978142775185,33.593151515251],[-84.4990616894811,33.5931493896685],[-84.4990621409159,33.5931493884558],[-84.4990625934316,33.5931493881419],[-84.4990632441909,33.5931493872955],[-84.4990636956257,33.5931493860828],[-84.4993064625373,33.5933675378126],[-84.4993128240398,33.5933732535619],[-84.4993064937706,33.5933770783541],[-84.4989381526336,33.593599635765],[-84.4989317782574,33.5936034868051],[-84.4989381827492,33.5936091763094],[-84.4990283289433,33.5936892491183],[-84.4990996043993,33.5937783784918],[-84.4992957979905,33.5940240482218],[-84.4992961379377,33.5940244738002],[-84.4992962775964,33.5940246483498],[-84.4992965904545,33.5940244725838],[-84.4992978773657,33.5940237495875],[-84.499298835292,33.5940232114173],[-84.4992992266322,33.5940229912582],[-84.499299286728,33.5940232093021],[-84.499767238869,33.5957418999741],[-84.4997692105444,33.5957424437861],[-84.4998223851899,33.5958663530469],[-84.4998258761664,33.5958744857709],[-84.4998224175607,33.5958758935812],[-84.4997517715851,33.5959046416253],[-84.4996638914806,33.5959392319781],[-84.4995786307245,33.5959718910468],[-84.4994881141485,33.5960042900853],[-84.4993808665426,33.5960414056258],[-84.4992654002635,33.5960763448829],[-84.499161091061,33.5961087807571],[-84.4990486166765,33.596138937404],[-84.4990482334961,33.5961390403226],[-84.4990481641521,33.5961389395212],[-84.4990479929643,33.5961386920205],[-84.4989646813841,33.5960177893046],[-84.4985110633208,33.5945175898636],[-84.4985109847516,33.5945173303919],[-84.4985106118822,33.594517591976],[-84.4985097006616,33.5945182310024],[-84.4985093073763,33.5945185070681],[-84.4985090193992,33.5945187098156],[-84.4985088548603,33.5945185091833],[-84.4985084532565,33.5945180197491],[-84.4982399453259,33.5941906533555],[-84.4982397851186,33.5941904581214],[-84.4982394938856,33.5941906545652],[-84.4982387824668,33.5941911361629],[-84.4972467234421,33.5948620427786],[-84.4972446654472,33.5948634341516],[-84.4972467566055,33.594871583314],[-84.4972826681334,33.5950114670069],[-84.4973608976616,33.5952874626539],[-84.4974177051289,33.5954577066499],[-84.4975098308372,33.5956748514816],[-84.4976374788809,33.5959919402489],[-84.4977936399078,33.5963793084467],[-84.4978747852657,33.5965756726002],[-84.4978784980621,33.5965846550643],[-84.4978748152647,33.5965852122393],[-84.497676970398,33.5966151525113],[-84.4976765189623,33.5966151582275],[-84.4972328745715,33.5966229202064],[-84.4972327829914,33.5966229213527],[-84.4972324220616,33.5966229268253],[-84.4972323304816,33.5966229279717],[-84.4972323910593,33.5966133880902],[-84.4972361682614,33.5960187667068],[-84.4972362288354,33.5960092259228],[-84.497236137249,33.5960092252658],[-84.4972357773684,33.5960092226206],[-84.497235685782,33.5960092219636],[-84.4963893448339,33.5959988513484],[-84.4963888922895,33.5959988480459],[-84.4963934772282,33.5959952615884],[-84.4959908822621,33.5956856752031],[-84.4959906542536,33.5956854999833],[-84.4959904308139,33.5956856764047],[-84.495989884027,33.5956861070573],[-84.4955021315134,33.5960707387873],[-84.4948682372894,33.5965742625521],[-84.4938728955459,33.5973766573174],[-84.4935936076499,33.5976019324569],[-84.4923811132868,33.5985670387318],[-84.4898552443289,33.6005931205303],[-84.4890853671762,33.6011992078219],[-84.4887752807379,33.6014509361806],[-84.4879248485354,33.6021253834809],[-84.4872862416838,33.6026217355727],[-84.486795598585,33.6030764770307],[-84.486545212714,33.6034526548467],[-84.4865388709527,33.6034621821029],[-84.4865393235261,33.6034621827361],[-84.4865447910628,33.6034621956499],[-84.4865452425619,33.6034621971876],[-84.4865456951353,33.6034621978208],[-84.4873077162089,33.6034640275934],[-84.4873081677081,33.6034640291282],[-84.4873086202815,33.6034640297586],[-84.4873092711255,33.6034640307769],[-84.4873097226146,33.6034640296067],[-84.4873101751713,33.6034640257288],[-84.4876344950089,33.6034596366679],[-84.4876349464813,33.6034596309883],[-84.4876353990312,33.6034596253058],[-84.4876359302382,33.6034596185176],[-84.4876360498418,33.6034596173056],[-84.487636265343,33.6034596149432],[-84.4876336791021,33.6037588422155],[-84.4876270694139,33.6044597450408],[-84.4876187179114,33.6054411873987],[-84.4875913138415,33.6085289461232],[-84.4875912598666,33.6085350280504],[-84.4875913491858,33.6085384848346],[-84.4876123494799,33.6093512203627],[-84.4876680921623,33.6115409251089],[-84.4876902894064,33.6123885825157],[-84.4876904435104,33.6123885821157],[-84.4876902899178,33.6123887204703],[-84.4876952054745,33.6125812581461],[-84.4877210353934,33.6135932241023],[-84.4877205838682,33.6135932297825],[-84.4877180579301,33.6135932660936],[-84.4867099550527,33.6135849726895],[-84.4850872291175,33.6135650037362],[-84.4850084935285,33.6135639629805],[-84.485008040889,33.6135639587353],[-84.4850075215072,33.6135639744987],[-84.4842133508877,33.6135909992906],[-84.4842128993754,33.6135910085647],[-84.4842124478499,33.6135910142321],[-84.4842117969561,33.6135910204114],[-84.4842113443463,33.6135910242783],[-84.4842108928175,33.613591029044],[-84.4839254944695,33.6135938081446],[-84.4826048888353,33.6136057350689],[-84.4825645214969,33.6136061032552],[-84.4824136603746,33.6136074631321],[-84.4823332370991,33.6136081877518],[-84.4816974591064,33.6146830209942],[-84.4808199127298,33.6161677270603],[-84.4808058455306,33.6161915263662],[-84.4806991957196,33.6163719621618],[-84.4806990319025,33.6163719607743],[-84.4806377144497,33.6164756825343],[-84.4806372660797,33.6164756710489],[-84.4806361935992,33.6164756277859],[-84.4806212608685,33.6164750471408],[-84.4806212201643,33.6164751157712],[-84.4803194582275,33.6164634147927],[-84.4802529400415,33.6164608360487],[-84.4799998167554,33.6164510153916],[-84.4799970005778,33.6165802340006],[-84.479996492641,33.6166137946363],[-84.4799956122225,33.6166671235815],[-84.4799951375556,33.6166958809231],[-84.4799946483356,33.6167289555093],[-84.4799940332593,33.6167680517829],[-84.4799928221816,33.6168449639062],[-84.4799916839667,33.6169172926429],[-84.479990384388,33.6169998287196],[-84.4799892498891,33.6170764611276],[-84.4799880567614,33.617152081105],[-84.4799868792785,33.6172266641186],[-84.4799856922592,33.6173018882445],[-84.4799845712409,33.6173768867842],[-84.4799832644116,33.6174595067287],[-84.4799821514588,33.6175298850768],[-84.4799810041186,33.6176023761296],[-84.4799799014251,33.617676483767],[-84.4799787373718,33.6177497178384],[-84.4799775032245,33.6178274081511],[-84.4799624372757,33.6188009160271],[-84.4795447961955,33.6187975820209],[-84.4795186270451,33.6187974390256],[-84.4790378264454,33.618793617444],[-84.479034186937,33.6187936239303],[-84.4790337891116,33.6185865766447],[-84.479033595608,33.6185858161221],[-84.4789219137031,33.6185860683558],[-84.4789219165096,33.6185868464919],[-84.4789227251013,33.61879281344],[-84.4789226179564,33.6187935855419],[-84.4786898499635,33.6187901045986],[-84.478684460031,33.6187900631932],[-84.4786508734549,33.6187898052775],[-84.478624528393,33.6187895949113],[-84.4784014405623,33.6187869762561],[-84.4783700424802,33.618786607253],[-84.478306055365,33.6187858559932],[-84.4783161452702,33.6184550421809],[-84.478245314431,33.618384419512],[-84.4782356577324,33.6175404198924],[-84.4782197541831,33.6174689627367],[-84.4782179618583,33.6174656490965],[-84.4782173581406,33.6174634992267],[-84.4782148734701,33.6174576653525],[-84.4782140423623,33.6174549191482],[-84.4782099103106,33.6174477152744],[-84.4782082567484,33.6174446276044],[-84.4782066044225,33.6174418834684],[-84.4782057807317,33.6174411984686],[-84.4782033059513,33.6174381128669],[-84.4782016499174,33.6174343381285],[-84.478200000064,33.6174322810607],[-84.4781948218783,33.6174251699884],[-84.4781942144533,33.6174219895161],[-84.4781925646003,33.6174199324481],[-84.4781900848769,33.6174154727097],[-84.4781850724209,33.6174082944958],[-84.4781816436935,33.6174021681516],[-84.478180037646,33.6173994058652],[-84.4781760079073,33.6173924803494],[-84.4781727354717,33.6173866592782],[-84.4781719080738,33.6173849436759],[-84.4781686071345,33.6173804860051],[-84.4781636476926,33.6173715665273],[-84.4781628165873,33.6173688203226],[-84.4781603418106,33.61736573472],[-84.4781586857799,33.617361959981],[-84.4781570309853,33.6173585287761],[-84.4781537238683,33.6173523534345],[-84.4781504118082,33.6173448039564],[-84.4781495807037,33.6173420577517],[-84.4781487533067,33.6173403421492],[-84.4781470910978,33.6173348497396],[-84.4781462599933,33.6173321035348],[-84.4781437827465,33.6173283308636],[-84.4781287370883,33.6172658359608],[-84.4781335278775,33.6165498995198],[-84.4781355145211,33.6164403647419],[-84.4783661064108,33.616444052405],[-84.4783668609177,33.6163339139016]]],[[[-84.4971575659463,33.6218092310875],[-84.4993437530041,33.6216075128087],[-84.4994086120759,33.6216015279714],[-84.499576145466,33.6216000465449],[-84.4995729159268,33.6216144837784],[-84.4995696877076,33.6216292645449],[-84.4995664581663,33.6216437017781],[-84.4995656417022,33.6216485937379],[-84.4995640498807,33.6216581368008],[-84.4995616429154,33.6216729153566],[-84.4995568369086,33.6217045336667],[-84.4998307683958,33.6216103063297],[-84.4998668643889,33.621597762427],[-84.4999775897998,33.621560018592],[-84.5002129828896,33.6214793399768],[-84.5001330276701,33.6209769595693],[-84.5001321958336,33.6209742135182],[-84.5003776384174,33.6209446944644],[-84.5004630099987,33.6209345015346],[-84.5004129895096,33.6205282316673],[-84.5004129789146,33.620525483402],[-84.5006505405133,33.620156227233],[-84.5009584374461,33.6201375315517],[-84.5013188815245,33.6201152566739],[-84.5019773696373,33.6200749971915],[-84.5019910215035,33.61935902867],[-84.5019909376775,33.61933738608],[-84.5019983590481,33.6184291628431],[-84.5020013574978,33.6180402078909],[-84.5020076496348,33.6172912308543],[-84.5003701650929,33.617285681454],[-84.5003634251855,33.6172572014012],[-84.5003150057242,33.6170525840088],[-84.50030664136,33.6170130998231],[-84.5002982783273,33.6169739591699],[-84.5002831920573,33.6168949854627],[-84.5002764688221,33.6168551533106],[-84.5002706710257,33.6168163555845],[-84.5002705559706,33.6168155840638],[-84.5002663601564,33.6167892214804],[-84.5002629733981,33.6167627782694],[-84.5002578926028,33.6167229416858],[-84.5002545058498,33.6166964984742],[-84.5002519389848,33.6166697095144],[-84.5002485006186,33.6166298685004],[-84.5002459350812,33.6166034230735],[-84.5002441907539,33.6165769754318],[-84.5002415722799,33.6165367886689],[-84.500239827952,33.6165103401252],[-84.5002389180711,33.6164873256024],[-84.5002371075753,33.6164437012902],[-84.5002361831379,33.6164169078997],[-84.5002360812314,33.616390455828],[-84.5002317674459,33.6159102018575],[-84.5002318457624,33.6155005522492],[-84.5002319181475,33.6151246080319],[-84.5002319350451,33.6150361151887],[-84.5003372009287,33.6150556960174],[-84.5003373260302,33.6150557191235],[-84.500335699706,33.6149961274976],[-84.5003359476875,33.6149961565838],[-84.5007568026586,33.6150466332337],[-84.501441866791,33.61517768932],[-84.5015951864695,33.6152070195348],[-84.5016818348204,33.6152235956626],[-84.5019034307583,33.6152550849062],[-84.5032244178693,33.6154427955855],[-84.504637679533,33.6156436028231],[-84.506696655325,33.6159636762849],[-84.5070008056258,33.6160109539247],[-84.507132856354,33.6164342752012],[-84.507137968386,33.6168926357794],[-84.5071235570868,33.6173914395322],[-84.5058418142928,33.618514203719],[-84.5058492430142,33.618523802378],[-84.5058566717372,33.6185334010366],[-84.5058632805811,33.6185433454797],[-84.5058707106533,33.6185532876705],[-84.5058773195003,33.6185632321129],[-84.5058839283489,33.6185731765549],[-84.5058905385449,33.6185834645297],[-84.5058963261694,33.6185934112232],[-84.5059021164872,33.6186040449826],[-84.5059079054605,33.6186143352086],[-84.5059136944351,33.6186246254343],[-84.5059186635297,33.6186352614453],[-84.5059236326255,33.618645897456],[-84.5059286030687,33.6186568769995],[-84.5059335721669,33.6186675130098],[-84.5059377213847,33.6186784948054],[-84.5059418692573,33.6186891330678],[-84.5059460184771,33.6187001148631],[-84.505949347816,33.618711442444],[-84.5059526758094,33.6187224264916],[-84.5059560038037,33.6187334105392],[-84.5059593331452,33.6187447381197],[-84.5059618399126,33.6187557244197],[-84.5059643480304,33.6187670551544],[-84.5059668561453,33.6187783849873],[-84.505968543032,33.618789717073],[-84.505970229919,33.6188010491586],[-84.5059719168065,33.6188123812441],[-84.5059736050408,33.6188240568626],[-84.5059744706998,33.6188353912009],[-84.505975336359,33.6188467255391],[-84.5059762020185,33.6188580598773],[-84.5059762477947,33.6188697400014],[-84.5059771134545,33.6188810743395],[-84.5059763366546,33.6188924131832],[-84.5059730813996,33.6191095373365],[-84.5070787547947,33.6189855734777],[-84.5070679751262,33.6193569681433],[-84.5070585936007,33.6196881642437],[-84.5070513371734,33.6199527056576],[-84.5070376385219,33.6204336964891],[-84.5070885233927,33.6204119145431],[-84.5071377169893,33.6203911669399],[-84.5072016632244,33.620362820895],[-84.5072500328191,33.6203413884425],[-84.5072984010381,33.6203196124383],[-84.5073459479894,33.6202978386772],[-84.5073943148076,33.6202757191026],[-84.5074574342205,33.6202460010566],[-84.5075049770335,33.6202231966358],[-84.5075525198213,33.6202003921968],[-84.5075992399891,33.6201772464704],[-84.5076615336828,33.6201461564496],[-84.5077238235471,33.6201143793346],[-84.5077705409116,33.6200905455762],[-84.5078172569001,33.620066369169],[-84.5078787227008,33.6200339071755],[-84.5079246160337,33.6200093894605],[-84.5079705079863,33.6199845281956],[-84.5080163985578,33.6199593233808],[-84.5080614678629,33.6199341208157],[-84.5081065357867,33.6199085747014],[-84.5081516023289,33.6198826850377],[-84.5081958554589,33.619858515287],[-84.5082220781828,33.6198440143379],[-84.5082482995424,33.6198291698503],[-84.5082917275905,33.6198043152705],[-84.5083179475704,33.6197891272353],[-84.5083441675411,33.6197739391946],[-84.5083777569498,33.6197532342024],[-84.5084203596164,33.6197273512476],[-84.5084629609011,33.6197011247453],[-84.5085047395663,33.619674556965],[-84.5085465168492,33.6196476456378],[-84.508588291389,33.619620046329],[-84.5086292446693,33.6195924501783],[-84.5086701965663,33.6195645104811],[-84.5087021365575,33.619542092278],[-84.5087267068479,33.6195248474979],[-84.5087504548153,33.6195076049871],[-84.5087823920495,33.6194844996974],[-84.5088061399946,33.619467257176],[-84.5088372532487,33.619443467078],[-84.5088683678435,33.6194200205051],[-84.5088994810634,33.6193962303916],[-84.509008510945,33.6193113564319],[-84.5102435530503,33.6183499199375],[-84.5106578201977,33.6180274201336],[-84.5106952589743,33.6179982740811],[-84.510731156398,33.6180320022321],[-84.5108347478325,33.6181293316655],[-84.5109383589707,33.6182266789883],[-84.5109752150379,33.6182613078729],[-84.5109732309573,33.6183334020057],[-84.5104754537914,33.618728603213],[-84.5100512314202,33.6190654016717],[-84.5090812309992,33.6198474023569],[-84.5088492304198,33.6200194024677],[-84.5086632312621,33.620142402586],[-84.5082702308628,33.6203864023746],[-84.5076162306982,33.6207404022633],[-84.5073242307036,33.6208844020952],[-84.5070882300331,33.6209814026146],[-84.5064712301676,33.6212124022722],[-84.5060572300302,33.6213464028822],[-84.5054182295044,33.621523402489],[-84.5053832300823,33.6215364030549],[-84.505111230217,33.621600402555],[-84.504860230146,33.6216544031178],[-84.5045852302401,33.6217074029688],[-84.503835229864,33.6217554025175],[-84.4993782287162,33.6221714027027],[-84.4986382276696,33.6222664029715],[-84.4975762278118,33.6223334027427],[-84.4962702279174,33.6224574028242],[-84.4952280037311,33.6225540398058],[-84.4947717340807,33.6225963437879],[-84.4947705833445,33.622384871596],[-84.4947686499257,33.622029453273],[-84.4947804674685,33.6220285148425],[-84.4969432174705,33.6218290065393],[-84.4970745351495,33.6218168917079],[-84.4971575659463,33.6218092310875]]],[[[-84.5164572956271,33.6256717802176],[-84.516366294974,33.6254682628611],[-84.5159525681147,33.6245429687518],[-84.5159235466061,33.6244750296192],[-84.5158920309639,33.6243985100153],[-84.5158613206481,33.624318553667],[-84.5158297550784,33.6242306974874],[-84.5157499359529,33.6239880408141],[-84.5157174887056,33.6238854168296],[-84.5156858671121,33.6237827877997],[-84.5156550644028,33.6236798120111],[-84.5156242607009,33.6235768389207],[-84.515595101767,33.6234738593771],[-84.5155667647889,33.6233715645788],[-84.515566482328,33.6233014857593],[-84.5154700351857,33.6230087185541],[-84.5154475744228,33.6229376698614],[-84.5154209876906,33.622861482457],[-84.5153902717428,33.6227801491336],[-84.515355437386,33.6226960809242],[-84.5153173112781,33.6226092727897],[-84.5152742278411,33.6225156078862],[-84.5152237130344,33.622412004959],[-84.5151715588795,33.6223094327291],[-84.5151219161293,33.6222178501725],[-84.515071449282,33.6221266098454],[-84.5150185272193,33.6220364061187],[-84.5149802503328,33.6219700932636],[-84.5139897103559,33.6202539374853],[-84.5135952359859,33.6195700317064],[-84.5135481285339,33.6194963034554],[-84.5134928250347,33.6194263770702],[-84.5134309671924,33.6193605923757],[-84.5133633797629,33.6192992869802],[-84.5132884222711,33.61924350059],[-84.5132093825814,33.6191928804436],[-84.5131246169406,33.619148457239],[-84.5130357699612,33.619110227261],[-84.5129428441098,33.619078541244],[-84.5128474774956,33.6190533882826],[-84.5127496782304,33.6190354545202],[-84.5126510830652,33.6190243909346],[-84.5123249767898,33.6190050349251],[-84.512224748855,33.6189963821221],[-84.5121261401007,33.6189818854939],[-84.5120283336343,33.6189615491286],[-84.5119321455797,33.6189357070731],[-84.5118392230339,33.6189047027797],[-84.5117479178787,33.6188681991203],[-84.5116606984181,33.6188265327507],[-84.5115767501801,33.618780046782],[-84.5114968860631,33.6187290806879],[-84.511421110111,33.6186732954366],[-84.5113502430578,33.6186133758218],[-84.5113493095955,33.6186125281472],[-84.5114942389961,33.6187268807767],[-84.511658051344,33.618824332843],[-84.5118365759528,33.6189025028759],[-84.5133740854633,33.618939581328],[-84.5133742603282,33.6189399180628],[-84.5142569747352,33.6189629858739],[-84.514264579001,33.6189631845121],[-84.5142580188158,33.6189656077039],[-84.5135389540852,33.6192561979895],[-84.5136837876245,33.619534399932],[-84.5151041496637,33.6219944581695],[-84.5156013812197,33.6219947641602],[-84.5156029267597,33.62199476521],[-84.5156001004496,33.6214973314901],[-84.5155997127352,33.6214011414693],[-84.5155985828458,33.6211208188849],[-84.5155960308742,33.6207144214979],[-84.5155941745307,33.6204134878381],[-84.5155968114611,33.6204131341576],[-84.5164551193785,33.6202980325635],[-84.5164552837332,33.6203005657932],[-84.5164577666189,33.6203002323668],[-84.5164847800405,33.6207177701369],[-84.5167992861055,33.6207192660539],[-84.5203963575445,33.6207330760094],[-84.5204023534043,33.6205777821898],[-84.5204128205869,33.620309793814],[-84.5204276987509,33.6199394180356],[-84.5204604850058,33.619119987876],[-84.5239788618127,33.6191624360877],[-84.5240585268914,33.619163580073],[-84.5240395081142,33.619132028767],[-84.5249407765561,33.6190218945598],[-84.5249379155083,33.6190100007958],[-84.5248967600681,33.6188389432525],[-84.5248396186151,33.6186014319723],[-84.524698954072,33.6180167514441],[-84.5246984507385,33.61801465832],[-84.5246983441934,33.6179888933883],[-84.5246982589574,33.6179682814429],[-84.5246989736319,33.6179425141339],[-84.5246996897267,33.6179170903573],[-84.5247004044005,33.6178913230481],[-84.5247019402926,33.6178655533618],[-84.5247034776044,33.6178401272078],[-84.5247050134948,33.6178143575212],[-84.5247073720191,33.6177889280882],[-84.5247097291253,33.6177631560242],[-84.5247120876507,33.6177377274925],[-84.5247152659714,33.6177119530512],[-84.5247184457108,33.617686522142],[-84.5247224466652,33.6176610888555],[-84.5247264476173,33.6176356555688],[-84.5247304485671,33.6176102222819],[-84.5247360706357,33.6175796312535],[-84.5247416941211,33.6175493837572],[-84.5250051163841,33.6162144726506],[-84.5239693194517,33.6162108867718],[-84.5223186552533,33.616204977065],[-84.5205053846497,33.6161982969344],[-84.5205054306657,33.6161961075453],[-84.5205027374336,33.616196097216],[-84.5205074470795,33.615969315257],[-84.5204766338111,33.6159952723424],[-84.5204414358521,33.6160232003902],[-84.520407060472,33.6160514687106],[-84.5203718610607,33.6160790523043],[-84.5203366616269,33.6161066358881],[-84.5203014607677,33.6161338759291],[-84.5202662598862,33.6161611159602],[-84.5202302363767,33.6161880147959],[-84.5202175952017,33.6161973327307],[-84.5185163825684,33.616191178623],[-84.518365268458,33.6161906039122],[-84.5176479217986,33.6150723446004],[-84.5177485552189,33.6149799911571],[-84.5174874621537,33.6145866942944],[-84.5172305027408,33.6141999123325],[-84.5169500145959,33.6137777093444],[-84.517110914373,33.6136979281539],[-84.5177558634683,33.6133778579258],[-84.5197884522292,33.6123691393141],[-84.5197472370083,33.6123307808261],[-84.5194288424461,33.6119823121422],[-84.5193702796072,33.611918580358],[-84.5193686355972,33.6119197590221],[-84.5193635015506,33.6119234380543],[-84.5191588444308,33.6117079591918],[-84.5191171438406,33.6116640538838],[-84.5190808757848,33.6116304905892],[-84.5190454289169,33.6115969249445],[-84.5190091623148,33.6115637051612],[-84.5189630096891,33.6115226121714],[-84.5189259233848,33.6114897373328],[-84.518888838829,33.6114575504534],[-84.5188509328234,33.6114250223643],[-84.5182485855332,33.6117235526376],[-84.5180656939752,33.611577725552],[-84.5178185426661,33.6113805491668],[-84.5178365465279,33.6113650388937],[-84.5182956453307,33.6109769111822],[-84.518173717169,33.6108793496512],[-84.5176974049877,33.6112754271146],[-84.5174444833302,33.6110720835757],[-84.5172212178429,33.6108920150893],[-84.5169666463933,33.6106862704685],[-84.516749976775,33.6105120225653],[-84.516655233903,33.6104356818833],[-84.5161130791013,33.6108927456156],[-84.515785006196,33.6108929848622],[-84.5157305658488,33.6108932358721],[-84.5153856591388,33.610894822672],[-84.5153927051701,33.6113544319388],[-84.5154103958975,33.6118888571461],[-84.5154158630803,33.6120540262258],[-84.5148086131941,33.6121115168602],[-84.5147238725537,33.6121195106014],[-84.5144219855106,33.612147988674],[-84.5144014646542,33.6121501075832],[-84.5143817677209,33.6121529112469],[-84.5143702783023,33.6121546612271],[-84.5143587902625,33.6121567547393],[-84.5143481233876,33.6121588459425],[-84.5143366353467,33.6121609394526],[-84.5143259698499,33.612163374187],[-84.514202443314,33.6121708715492],[-84.5141993228735,33.6120012713133],[-84.5141987286772,33.6119689453376],[-84.5141936969213,33.6119428506602],[-84.5141894794387,33.6119150360098],[-84.5141869415061,33.6118964921404],[-84.5141844256318,33.6118834448013],[-84.5141810348319,33.6118570019761],[-84.5141784651966,33.6118305568437],[-84.5141758955629,33.6118041117112],[-84.5141741470927,33.6117776642717],[-84.5141723972451,33.6117508732988],[-84.5141714699385,33.6117244235523],[-84.5141713899852,33.6117044986289],[-84.5141713362236,33.6116911008355],[-84.5141712300788,33.6116646487818],[-84.514175817491,33.611375376801],[-84.51418425519,33.6108177915332],[-84.5141155041779,33.6108178638289],[-84.5139642579872,33.6108180234493],[-84.5130091751448,33.6108190258245],[-84.5130058014244,33.6101807424022],[-84.512999988385,33.6091377771382],[-84.5125434145975,33.6091339014658],[-84.5125670780126,33.6082739598268],[-84.5120538591195,33.6082723019253],[-84.5120501269186,33.6085718777264],[-84.5120383378515,33.6095279765058],[-84.5115842336485,33.609526151629],[-84.5109231965212,33.60952352697],[-84.5109261857031,33.6090360384411],[-84.5105074188327,33.6090406384662],[-84.5104959375577,33.6082188724519],[-84.5104825345266,33.6081502572482],[-84.5103811181525,33.6076314533027],[-84.5103165818489,33.6073014923216],[-84.510082698294,33.6061021287895],[-84.5098107489486,33.6047107641696],[-84.5096160047582,33.6046755906964],[-84.5093379777388,33.6046253750819],[-84.509098105692,33.6045820511244],[-84.5088147210319,33.6045308663364],[-84.5085235533157,33.6044782759572],[-84.5082536063804,33.6044295161198],[-84.5079772253629,33.6043795940538],[-84.5076951575622,33.6043286438087],[-84.5074234743626,33.6042795686507],[-84.5071062571562,33.604222290347],[-84.5071075978251,33.6049785326801],[-84.5071245629029,33.6052397728623],[-84.5071323971956,33.6053234797743],[-84.5071838543839,33.6053925253393],[-84.5072322616764,33.6055916438283],[-84.5072348505143,33.6056210970685],[-84.5072468741961,33.6057578766371],[-84.5072677024278,33.605776717463],[-84.5073449356735,33.6058465828399],[-84.507292541584,33.6058865774546],[-84.5072851556775,33.6058876284027],[-84.5072817356239,33.6058884971135],[-84.5072769527168,33.6058897122122],[-84.5072703946706,33.6058924785673],[-84.5072630195698,33.605896277784],[-84.5072564669258,33.6059004182734],[-84.5072515591962,33.6059052413088],[-84.5072458330607,33.6059107536721],[-84.507241750489,33.6059166050479],[-84.5072393114812,33.6059227954365],[-84.5072368738237,33.6059293293587],[-84.507235257273,33.6059358610205],[-84.5072353099501,33.6059492588361],[-84.5073005964392,33.6060093243808],[-84.5074166116662,33.6061160623367],[-84.5074240124564,33.6061187902516],[-84.5074305961963,33.6061225519306],[-84.5074371799332,33.6061263127076],[-84.507442945265,33.6061307628134],[-84.5074478921914,33.6061359022482],[-84.5074528391185,33.6061410416829],[-84.5074569662887,33.606146526913],[-84.5074610961626,33.6061526992103],[-84.5074635838189,33.6061588760313],[-84.5074660714755,33.6061650528523],[-84.5074677393749,33.606171575469],[-84.5074685875168,33.6061784438812],[-84.5074686131978,33.6061849710218],[-84.5074686402305,33.606191841696],[-84.5074670236926,33.6061983733605],[-84.507465408506,33.6062052485586],[-84.5074629695062,33.6062114389512],[-84.5074597093965,33.6062176316057],[-84.5074556281765,33.606223826522],[-84.5074515442529,33.6062293343708],[-84.5074466392188,33.6062348444812],[-84.5074409103712,33.6062396697858],[-84.5074351801714,33.6062441515564],[-84.5074286275095,33.6062482920548],[-84.5074220734956,33.6062520890192],[-84.5074089560062,33.6062572782108],[-84.5073770421665,33.6062851926389],[-84.5073610131629,33.6063852061741],[-84.5074152092108,33.6063857439858],[-84.5074234216752,33.6063860649029],[-84.5074316327881,33.6063860422858],[-84.5074390187352,33.6063849913288],[-84.5074472230902,33.6063832510421],[-84.5074546049821,33.6063811694831],[-84.5074619828188,33.6063780573225],[-84.507468538192,33.6063746038899],[-84.507476727677,33.6063690847305],[-84.5074849320298,33.6063673444413],[-84.5074923274368,33.6063686982171],[-84.5074980914357,33.6063728047864],[-84.5075006007294,33.6063844781456],[-84.5075353145236,33.6064420967896],[-84.5075950955052,33.6066095792192],[-84.5071105649252,33.6067169178323],[-84.5071108587793,33.6068942183921],[-84.5071130789567,33.6082338330772],[-84.5071139282509,33.6086837474043],[-84.5071200993073,33.6123246242367],[-84.5071200639967,33.6123246883526],[-84.5064570487354,33.6123526120349],[-84.5046952535557,33.6124265574578],[-84.5046466488297,33.6124293015087],[-84.5046367969503,33.6124298784458],[-84.5046271099511,33.6124304549317],[-84.504617258068,33.6124310309656],[-84.504607406723,33.6124317449531],[-84.5045975548431,33.6124323218871],[-84.5045877034978,33.612433035873],[-84.5045778521524,33.6124337498582],[-84.5045681646095,33.6124344633951],[-84.5045583132637,33.6124351773787],[-84.5045484619178,33.6124358913615],[-84.5045386105716,33.6124366053435],[-84.5045289230281,33.6124373188774],[-84.5045190722163,33.6124381699106],[-84.5045092208697,33.6124388838903],[-84.5044993700611,33.6124397358236],[-84.5044896841291,33.6124405864042],[-84.5044798333165,33.6124414374343],[-84.5044699825073,33.6124422893652],[-84.5044601306167,33.6124431403967],[-84.5044504446874,33.6124439918758],[-84.5044405944086,33.6124449799555],[-84.5044309074014,33.6124458314361],[-84.5044210571256,33.6124468204159],[-84.5044112063117,33.6124476714405],[-84.5044015209159,33.6124486599686],[-84.5043916706395,33.6124496489461],[-84.5043818203629,33.6124506379227],[-84.5043721344233,33.6124517635042],[-84.5043622841462,33.6124527524793],[-84.5043525976681,33.6124537401048],[-84.5043427479285,33.6124548670328],[-84.5043330625276,33.6124558546538],[-84.5043232127874,33.6124569815802],[-84.5043135268463,33.6124581071571],[-84.5043036771021,33.6124592331802],[-84.5042939911605,33.6124603587556],[-84.5042841414158,33.6124614847772],[-84.5042744570891,33.6124627483025],[-84.5042647711466,33.6124638738755],[-84.5042549219389,33.6124651378492],[-84.5042452359959,33.6124662634207],[-84.5042353867876,33.6124675273929],[-84.504225702456,33.6124687900127],[-84.5042160170499,33.6124700535363],[-84.5042063327177,33.6124713161546],[-84.5041964835083,33.6124725801236],[-84.5041867981013,33.6124738436449],[-84.5041771132282,33.6124752442182],[-84.504167264552,33.6124766452377],[-84.5041575802183,33.6124779078521],[-84.5041478953443,33.6124793084232],[-84.5041382104699,33.6124807089934],[-84.5041285266729,33.61248210956],[-84.504118841798,33.6124835101288],[-84.5041089931198,33.6124849111436],[-84.5040993098594,33.6124864496623],[-84.5040896249835,33.6124878502288],[-84.5040799406412,33.6124893878472],[-84.5040702568422,33.6124907884092],[-84.5040605724992,33.6124923260261],[-84.5040508892371,33.612493864541],[-84.5040412048934,33.6124954021564],[-84.5040315205529,33.6124969406728],[-84.5040218372862,33.6124984782837],[-84.5040121534789,33.6125001538513],[-84.5040026340143,33.6125016910141],[-84.5039929502063,33.6125033665801],[-84.5039832674755,33.6125050421424],[-84.5039735831293,33.6125065797526],[-84.5039638993201,33.6125082553163],[-84.5039542165882,33.6125099308764],[-84.5039446981926,33.6125117430419],[-84.5039350143823,33.6125134186034],[-84.5039253305716,33.6125150941642],[-84.5039158121747,33.6125169063273],[-84.5039061283632,33.6125185818866],[-84.5038964461627,33.6125203944949],[-84.5038869277647,33.6125222066559],[-84.5038772444857,33.6125240192656],[-84.5038675612063,33.6125258318746],[-84.5038580428105,33.6125276449351],[-84.503848360608,33.6125294575396],[-84.5038388416639,33.6125314067526],[-84.503829159464,33.6125332202573],[-84.5038196405191,33.6125351694688],[-84.5038101226548,33.6125371195783],[-84.5038004404502,33.6125389321791],[-84.5037909215074,33.6125408822901],[-84.5037814036384,33.6125428314957],[-84.5037799994698,33.6125431148408],[-84.5037784919238,33.6125434183043],[-84.5037717219695,33.6125447820487],[-84.5037622035589,33.6125468692102],[-84.503759465188,33.6125474149707],[-84.5037579295307,33.6125147497657],[-84.5036699722052,33.6106425323079],[-84.5026075487977,33.6106758985831],[-84.5025093759715,33.6106789810717],[-84.5018441568512,33.6106998673617],[-84.5003698312172,33.6107461462023],[-84.5003686007039,33.6107461855886],[-84.5003673701942,33.6107462258765],[-84.5003661396844,33.6107462661645],[-84.5003649081039,33.6107463082587],[-84.5003632670766,33.6107463649824],[-84.5003616271339,33.6107464235065],[-84.5003599861204,33.6107464838368],[-84.5003583451105,33.6107465450688],[-84.5003567051816,33.6107466071995],[-84.5003550641821,33.6107466711365],[-84.5003534231895,33.6107467368767],[-84.5003517832815,33.6107468044173],[-84.5003501433769,33.6107468728596],[-84.5003489129123,33.610746924869],[-84.5003476824511,33.6107469777801],[-84.5003460425604,33.6107470498289],[-84.5003448131873,33.610747105442],[-84.5003435827366,33.610747161058],[-84.500342353367,33.6107472175728],[-84.5003411229232,33.6107472749921],[-84.5003394830568,33.6107473533525],[-84.5003382536976,33.6107474125722],[-84.5003370243419,33.6107474726935],[-84.5003357949896,33.6107475337165],[-84.5003345645632,33.610747595644],[-84.5003333352144,33.6107476575686],[-84.5003321058725,33.6107477212966],[-84.5003304671116,33.6107478068673],[-84.5003292377766,33.6107478723985],[-84.5003280084452,33.6107479388314],[-84.5003263696981,33.6107480280087],[-84.500324730958,33.6107481189893],[-84.5003230922213,33.6107482108716],[-84.5003218639814,33.6107482809081],[-84.5003206346708,33.6107483527509],[-84.500318995948,33.6107484482398],[-84.5003173583098,33.610748545529],[-84.500315719601,33.6107486446245],[-84.5003140819731,33.6107487446187],[-84.5003124443523,33.6107488464162],[-84.5003108067349,33.6107489491154],[-84.5003091691245,33.6107490536178],[-84.5003075315211,33.6107491599235],[-84.5003058939211,33.6107492671309],[-84.5003042574056,33.6107493761387],[-84.5003030292143,33.6107494587984],[-84.500301802104,33.6107495423568],[-84.5003001645249,33.6107496549741],[-84.5002985280302,33.6107497693918],[-84.5002968915391,33.6107498847112],[-84.5002952550514,33.6107500009321],[-84.500294027962,33.6107500899004],[-84.5002928008726,33.6107501788687],[-84.5002911654799,33.6107502995951],[-84.5002899383974,33.6107503903667],[-84.5002887113219,33.6107504829416],[-84.5002874842464,33.6107505755165],[-84.500286258252,33.6107506689902],[-84.5002850311868,33.61075076427],[-84.5002838051994,33.610750859547],[-84.5002821698344,33.6107509874865],[-84.5002805344764,33.6107511172293],[-84.5002793085029,33.6107512161129],[-84.5002780825292,33.6107513149964],[-84.5002768565591,33.6107514147817],[-84.5002756305924,33.6107515154685],[-84.5002739963329,33.6107516506183],[-84.5002723620838,33.6107517884731],[-84.5002711372051,33.610751891862],[-84.5002699112524,33.6107519961555],[-84.5002686863807,33.6107521013477],[-84.5002674615125,33.6107522074415],[-84.5002658272841,33.6107523507062],[-84.5002641941369,33.6107524948696],[-84.5002625609932,33.6107526399346],[-84.500260928934,33.6107527868001],[-84.5002592958042,33.6107529354718],[-84.5002580709602,33.6107530478772],[-84.5002568471974,33.6107531611813],[-84.500255215159,33.6107533134567],[-84.5002535831241,33.6107534666337],[-84.5002519510962,33.610753621614],[-84.5002503190752,33.6107537783976],[-84.5002490953297,33.61075389621],[-84.5002478726688,33.6107540158228],[-84.5002466489303,33.6107541354384],[-84.5002454251951,33.6107542559558],[-84.5002437953502,33.6107544181435],[-84.5002421644346,33.6107545821373],[-84.5002409417875,33.6107547053568],[-84.500239719144,33.6107548294778],[-84.5002384965074,33.6107549554021],[-84.5002372738707,33.6107550813264],[-84.5002356440535,33.6107552507273],[-84.5002340142398,33.6107554210299],[-84.500232791617,33.6107555505608],[-84.5002315700719,33.6107556800888],[-84.5002299413532,33.6107558548967],[-84.5002283126379,33.6107560306063],[-84.5002266839261,33.6107562072174],[-84.5002043134388,33.610758789514],[-84.5002030951994,33.610758937968],[-84.5002014698106,33.6107591380133],[-84.5002002515782,33.6107592882706],[-84.5001990333492,33.6107594394295],[-84.5001974090484,33.6107596421768],[-84.5001961908298,33.6107597960407],[-84.5001949726112,33.6107599499046],[-84.5001937554737,33.6107601046672],[-84.5001925372621,33.6107602603343],[-84.5001909140598,33.6107604684887],[-84.5001892908679,33.6107606793481],[-84.5001880737442,33.6107608377173],[-84.5001871334393,33.6107609610766],[-84.5000406590713,33.6107801683973],[-84.499791460946,33.6107915993737],[-84.4997138783102,33.6102227283606],[-84.4996883137588,33.6100285543284],[-84.4997401901322,33.6100286283609],[-84.499740641662,33.6100286289486],[-84.4997410942693,33.6100286295333],[-84.4997417451588,33.6100286295841],[-84.499742196685,33.6100286292701],[-84.4997426492889,33.6100286289531],[-84.4998313374184,33.6100283901308],[-84.4998317932517,33.6100283889031],[-84.4998322555507,33.610028387658],[-84.4998327146168,33.6100283864217],[-84.4998328924241,33.6100283859428],[-84.4998333439469,33.6100283847268],[-84.4998322307066,33.610018848027],[-84.4998092276617,33.6098216401998],[-84.4997862222464,33.6096473222346],[-84.4997311828243,33.6092144744994],[-84.4996554143433,33.6086867300307],[-84.4996457959235,33.6086198346533],[-84.4996178643884,33.60844552988],[-84.4995628656871,33.6080231259501],[-84.4995195273397,33.6077283494745],[-84.4994948494809,33.6074179941512],[-84.4994863343599,33.6071271931927],[-84.4994861545542,33.6071210632003],[-84.4994862977076,33.6071176544904],[-84.4994986401485,33.6068231131672],[-84.499505756269,33.6067089025133],[-84.499522397264,33.6065094680224],[-84.4995695336385,33.6062112876647],[-84.4995987440996,33.6060347678132],[-84.499632851971,33.6058935506107],[-84.4996926117014,33.6056327123704],[-84.4997220129902,33.6055059363832],[-84.4997609752108,33.605346017982],[-84.4997927518825,33.6051964241399],[-84.4998318781739,33.6050363673115],[-84.499875867479,33.604859807564],[-84.4999386309794,33.6045882906712],[-84.4999408038283,33.604578892986],[-84.4999385996582,33.6045787492459],[-84.4998216245285,33.6045711232644],[-84.4998213852495,33.6045711076787],[-84.4998211719566,33.6045711244831],[-84.4998206484189,33.6045711655666],[-84.4998013582858,33.6045726719108],[-84.4998009089465,33.6045726731208],[-84.4998002537913,33.6045726739833],[-84.4997998012159,33.6045726743002],[-84.4997993497181,33.6045726746143],[-84.4970790264366,33.6045731044309],[-84.4970785738542,33.6045731029347],[-84.4970781223357,33.6045730978288],[-84.4934769567872,33.6045174062961],[-84.4934765041915,33.60451740118],[-84.4923168796567,33.6044718786361],[-84.4923152910946,33.6044718160937],[-84.4923168491785,33.6044623381053],[-84.4925389333372,33.6031113631531],[-84.4925393858882,33.6031113583545],[-84.4927629554262,33.6031080317924],[-84.4927634068963,33.6031080260941],[-84.4928706470114,33.6009290208325],[-84.493014626468,33.6009145344412],[-84.4930149646796,33.6009145001872],[-84.4930151014721,33.6009144863012],[-84.4930154172327,33.6009144989934],[-84.4931075676973,33.6009182268637],[-84.4935180175146,33.6009352181793],[-84.4935190553245,33.6009352605213],[-84.4935194810114,33.6009352783319],[-84.4935195078777,33.6009352593257],[-84.4936385450377,33.6008505904558],[-84.4936414391499,33.6003991811775],[-84.4936418917241,33.6003991862932],[-84.4938091501166,33.6004013337607],[-84.4938096016167,33.6004013397802],[-84.4938100541943,33.6004013457969],[-84.4939720581661,33.6004036512054],[-84.4939725096662,33.6004036572244],[-84.4939729622439,33.6004036632405],[-84.4941362791781,33.6004058279059],[-84.4941367306783,33.6004058339243],[-84.4941371832559,33.6004058399399],[-84.4941893233554,33.6004065116285],[-84.494189774859,33.6004065185484],[-84.4941902274502,33.6004065281703],[-84.4941983559876,33.6004067573175],[-84.4941988075014,33.6004067669424],[-84.4941992600825,33.6004067738593],[-84.4942466360396,33.6004073228846],[-84.4942470875398,33.6004073289026],[-84.4942475401175,33.6004073349177],[-84.494317252578,33.600408370287],[-84.4943177040816,33.6004083772064],[-84.4943181566593,33.6004083832213],[-84.4943433630692,33.6004087150058],[-84.4943438145693,33.6004087210234],[-84.494344267147,33.6004087270382],[-84.4943929581684,33.6004094077757],[-84.4943934096686,33.6004094137932],[-84.4943938622464,33.6004094198077],[-84.4944688286146,33.6004104438796],[-84.4944692801148,33.6004104498968],[-84.4944697326925,33.6004104559111],[-84.4948513002249,33.6004156136236],[-84.4948517517252,33.6004156196393],[-84.4948522043029,33.6004156256522],[-84.4949611646844,33.6004171083692],[-84.4949616161846,33.6004171143846],[-84.4949620687624,33.6004171203971],[-84.4972027898337,33.6004475550363],[-84.4972032413342,33.6004475610435],[-84.4972036939122,33.6004475670478],[-84.4974446484211,33.600450716428],[-84.4974450999216,33.6004507224343],[-84.4974455524997,33.6004507284377],[-84.4974459210257,33.6004507328625],[-84.4974463725228,33.6004507379671],[-84.4974468250974,33.6004507430689],[-84.4974474791715,33.6004507494352],[-84.4974479317393,33.6004507527336],[-84.4974450688874,33.6004411828037],[-84.4972093263336,33.5996528865844],[-84.4972092401041,33.5996525964756],[-84.4972092910233,33.5996433487671],[-84.4972097261837,33.5995647937321],[-84.4972101787467,33.5995647970314],[-84.4984438703816,33.5995786538177],[-84.4984443218776,33.5995786598204],[-84.4984447744546,33.5995786667218],[-84.4989637039232,33.5995880824552],[-84.4989641554262,33.5995880902594],[-84.4989646080101,33.5995880989622],[-84.4989651133946,33.599588108425],[-84.4989651564873,33.5995881065059],[-84.4989655648872,33.5995881135241],[-84.4989656090401,33.5995881070938],[-84.4990810922786,33.5995644840871],[-84.4990846893877,33.5995637485747],[-84.4990810610654,33.5995549444566],[-84.4990490522386,33.5994772727616],[-84.4987297767546,33.5986933505354],[-84.4984925223086,33.5981006266216],[-84.4982878226495,33.5976035944228],[-84.4982461635844,33.5974880013774],[-84.4982084416554,33.5974247679322],[-84.4982033600108,33.5974162480997],[-84.4982084116151,33.597415227393],[-84.4983638808484,33.5973838228498],[-84.4983639939027,33.5973838018082],[-84.4983644464578,33.597383806005],[-84.4997733329489,33.5974019929909],[-84.4997737844336,33.5974019989887],[-84.4997742369958,33.5974020049837],[-84.5000341077771,33.597405413107],[-84.5000345592549,33.5974054173005],[-84.5000458723989,33.5977850675562],[-84.5000583502233,33.5982114322076],[-84.5000588027585,33.5982114300865],[-84.5002880379097,33.5982101323221],[-84.5002884893674,33.5982101302031],[-84.5002889419026,33.5982101280812],[-84.5002895926894,33.5982101245231],[-84.5002900441436,33.5982101215024],[-84.5002904966753,33.5982101184788],[-84.5020563634737,33.598199718777],[-84.5020568149278,33.5981997157499],[-84.5020572674628,33.5981997136215],[-84.5020579182493,33.5981997100541],[-84.5020583697068,33.5981997079286],[-84.5020599793198,33.5966642266823],[-84.5020604318608,33.5966642281607],[-84.5072331760663,33.5966866305983],[-84.5072336275334,33.5966866329623],[-84.5072340800744,33.5966866344217],[-84.5072347308703,33.5966866362371],[-84.5072351823339,33.5966866376995],[-84.5072364836998,33.5965580138627],[-84.5072437456176,33.5958989500521],[-84.5072494975276,33.5953571044258],[-84.5072510918434,33.5952196848204],[-84.5072553212296,33.594833535501],[-84.5072585639611,33.5945305250904],[-84.5072632755509,33.5940998524032],[-84.5072667796038,33.5937802765683],[-84.5072667804579,33.5937802197605],[-84.5072672319489,33.5937802320428],[-84.507350624291,33.5937833566952],[-84.5073517266589,33.5937833969404],[-84.5073521770689,33.5937834083237],[-84.5073565688422,33.5936055868469],[-84.5073680224697,33.593136006289],[-84.5073720157915,33.5929823643052],[-84.507376266941,33.5928107205677],[-84.5073925649573,33.5921532797361],[-84.5074031929184,33.591724241557],[-84.5074036454299,33.5917242421142],[-84.5079908194934,33.591724813104],[-84.5079912709276,33.5917248136621],[-84.5079917234391,33.5917248142172],[-84.5079923741906,33.5917248142255],[-84.5079928256248,33.5917248147837],[-84.5079932781363,33.5917248153388],[-84.5092364193083,33.5917259054754],[-84.5092368707424,33.5917259060289],[-84.509237323254,33.5917259065795],[-84.5092379740055,33.5917259065813],[-84.5092384254396,33.5917259071348],[-84.5092388779511,33.5917259076854],[-84.5120244868843,33.5917284614917],[-84.5120249383183,33.5917284620351],[-84.5120253908297,33.5917284625755],[-84.5120260415811,33.5917284625626],[-84.5120264930152,33.591728463106],[-84.5120269455266,33.5917284636463],[-84.5133608873627,33.5917296718507],[-84.5133613387967,33.5917296723892],[-84.5133617913081,33.5917296729247],[-84.5133624420594,33.5917296729048],[-84.5133628934935,33.5917296734433],[-84.5133633460049,33.5917296739787],[-84.5158034856845,33.5917322842401],[-84.5158039371184,33.5917322847697],[-84.5158043896298,33.5917322852962],[-84.5158050403883,33.5917322870668],[-84.5158054918223,33.5917322875963],[-84.5158059443373,33.5917322890246],[-84.515886727809,33.5917325957333],[-84.5158871860701,33.5917325971663],[-84.5158876385851,33.5917325985943],[-84.5158877549469,33.5917325991676],[-84.5158876461389,33.5917449010246],[-84.5158772522578,33.5928325746462],[-84.5158390652151,33.5944425691649],[-84.5158331572333,33.594691688729],[-84.5158204060649,33.5952292615008],[-84.5158049150726,33.5958669133723],[-84.5157957863129,33.5962499847679],[-84.5157923468415,33.5964162649957],[-84.5157895995259,33.5965492255046],[-84.5157842391022,33.59684846119],[-84.5157788757362,33.597148043112],[-84.5157751551541,33.5974472741414],[-84.5157714359473,33.5977468504936],[-84.5157751389683,33.5978165809205],[-84.5157696330922,33.5979107249055],[-84.5157685385302,33.5980460818765],[-84.5157664613661,33.5983456544683],[-84.5157652016843,33.5986448784965],[-84.5157647687411,33.5989444446168],[-84.5157651525374,33.5992440084183],[-84.5157663581586,33.599543225447],[-84.5157672897344,33.5997744254805],[-84.5157716238278,33.6008500332209],[-84.5157724017956,33.6010430982601],[-84.5157762068559,33.6017830692799],[-84.5157785870852,33.6025780102349],[-84.515782229024,33.6032774450104],[-84.515782806079,33.6040318525424],[-84.5157805527771,33.6044911666347],[-84.5157672724439,33.6056784747029],[-84.5157640905294,33.6058702244051],[-84.5164145102278,33.6058746692826],[-84.5179580185366,33.6058955563978],[-84.5183467502215,33.6059070816916],[-84.5194524047325,33.6059007760518],[-84.5203802339587,33.6059074554474],[-84.5205973249754,33.6059039762623],[-84.520652799663,33.6059076298146],[-84.5206813538945,33.6059180453805],[-84.5207110872011,33.6059379999666],[-84.520729466262,33.6059703931547],[-84.5207318917936,33.6060056939083],[-84.520732231149,33.6060887144402],[-84.5207333704084,33.6061625906236],[-84.5207420994012,33.6062159816253],[-84.5207593848865,33.606280031152],[-84.5208840547025,33.6065859255263],[-84.521094380339,33.6070233357802],[-84.5211459445233,33.6071442637111],[-84.5211761153764,33.6072367654871],[-84.5212108018911,33.6073933523986],[-84.5212242698965,33.6075642456319],[-84.5214754356724,33.6075813299511],[-84.5218470715878,33.6075781193428],[-84.5220925163987,33.6075759987865],[-84.5221030770541,33.607038246221],[-84.5220857904205,33.6069741968974],[-84.5220599043532,33.6068888062455],[-84.521956948089,33.6066896808826],[-84.5218625906038,33.6065118994739],[-84.5218065503858,33.606337567799],[-84.5217847762724,33.6062165537188],[-84.5217673002613,33.6061062112132],[-84.5217494739424,33.6059104028714],[-84.521740246979,33.6057359385786],[-84.5217268961244,33.6055935333637],[-84.5217391083872,33.6054581770901],[-84.5217556207717,33.605333493291],[-84.5218061482607,33.6052015886332],[-84.5218908545597,33.6051016357746],[-84.5220053193773,33.6049944750748],[-84.5222047964724,33.6048621414406],[-84.5222769679716,33.6048192019376],[-84.522370445986,33.6047833225453],[-84.5224725107934,33.604765223718],[-84.522689535596,33.6047610377573],[-84.522974667679,33.6047602168887],[-84.523471639792,33.6047569100042],[-84.5235666275195,33.6047455021618],[-84.5236654179043,33.6047340841753],[-84.5237508685354,33.6047154722971],[-84.5238191960174,33.6046906981708],[-84.5238969670876,33.6046523031215],[-84.5239785123642,33.6046075349206],[-84.5240865691991,33.6045388327185],[-84.5242851161449,33.604435924511],[-84.5244639204716,33.6043254061607],[-84.5245521089626,33.6042651501735],[-84.5246403871654,33.604226893776],[-84.5247143903858,33.6042046797134],[-84.5247979876958,33.604190438376],[-84.5248744480693,33.6041842154835],[-84.5249389728628,33.6041820296338],[-84.5250107100754,33.6041898224101],[-84.5251183159086,33.6042015092423],[-84.5252785286457,33.6042190450358],[-84.5255358837596,33.6042457952914],[-84.525668879627,33.6042399146403],[-84.5257886433045,33.6042117387272],[-84.5258951060149,33.6041444416764],[-84.5259547904235,33.604082775186],[-84.5260078166504,33.6039987971799],[-84.5260542462453,33.6039096861555],[-84.5260604465263,33.6038203484466],[-84.5260665028097,33.6036973444984],[-84.52608615048,33.6034853239966],[-84.526132535911,33.6033848754317],[-84.5262052457274,33.6032953408389],[-84.5262920228189,33.6032335972463],[-84.5264311908596,33.603132878831],[-84.5266039724467,33.6030207293452],[-84.5268103291879,33.60288614745],[-84.5269969555476,33.6027461269802],[-84.5270944605334,33.6026970633618],[-84.5272328689639,33.6026118045346],[-84.5274047826872,33.6024886605576],[-84.5271078622794,33.6021683158098],[-84.5270492933933,33.602102872592],[-84.5269997895557,33.6020456460379],[-84.526952745775,33.6019873807855],[-84.5269065191908,33.6019284260602],[-84.526862754825,33.6018684353397],[-84.5268198044162,33.6018077542568],[-84.5267784944244,33.6017463822105],[-84.5267396455543,33.6016839714729],[-84.5266900340365,33.6015999482828],[-84.5266428682954,33.6015124816794],[-84.5265989804825,33.6014239794162],[-84.5265691482211,33.601358107015],[-84.5265318212285,33.6012661457572],[-84.5264985910339,33.6011731437625],[-84.5264528035615,33.6010217751051],[-84.5264202049214,33.6008820528594],[-84.5263908177908,33.6007268584714],[-84.5263748351133,33.6006344906556],[-84.5263580278466,33.6005417844012],[-84.5263428637972,33.6004490724642],[-84.5263209374248,33.600309661788],[-84.5262699364138,33.6000889163237],[-84.5262172868176,33.5998657690546],[-84.5261956209399,33.5997895657841],[-84.5260348877235,33.5992814466159],[-84.5259315840925,33.5989548719862],[-84.5259044342236,33.5988690420798],[-84.5256714592511,33.5981256140542],[-84.5256490003579,33.5980549104679],[-84.525625717574,33.5979845500994],[-84.5255957983445,33.5978966930668],[-84.5255650552537,33.5978091801496],[-84.5255334911982,33.5977216696044],[-84.5255002908787,33.5976345055294],[-84.5254670909868,33.5975476885872],[-84.5254322462245,33.5974612199418],[-84.5253965837218,33.5973747491477],[-84.5253667346179,33.5973037233887],[-84.5253377207628,33.59723716119],[-84.5252921393671,33.5971345755488],[-84.5252457395546,33.5970323348966],[-84.5251968771399,33.5969304458001],[-84.5251389154122,33.5968120932356],[-84.5251049750949,33.5967448563699],[-84.5248665975433,33.5962800539931],[-84.5246894687253,33.5959342815051],[-84.5242267913484,33.5950310826169],[-84.5241787661094,33.5949322815964],[-84.5241348378195,33.5948317510299],[-84.5240950085631,33.5947305215295],[-84.524045971379,33.5945853448644],[-84.5240134863938,33.5944724165386],[-84.5239884251848,33.5943673663308],[-84.5239674622052,33.5942619598422],[-84.5239514303008,33.5941561982769],[-84.5239394973217,33.5940497341899],[-84.5239324881699,33.5939432558831],[-84.5239295825861,33.5938364248929],[-84.5239307873399,33.5937295802297],[-84.5239369137231,33.5936227231575],[-84.523947146787,33.5935165413012],[-84.5239614912223,33.593410346669],[-84.5239807578998,33.5933048230919],[-84.5240041319573,33.5931996329899],[-84.5240316194307,33.5930954598124],[-84.5241562664168,33.5926632734733],[-84.5241805695176,33.5925838459907],[-84.5242073372591,33.5925050966536],[-84.524231692713,33.5924383799125],[-84.5242625695086,33.5923606511051],[-84.5242902116244,33.5922946128305],[-84.5243203172949,33.5922292517994],[-84.5243520673805,33.5921642331518],[-84.5243854632775,33.5920998959118],[-84.5244262070933,33.5920259156495],[-84.5244628902971,33.5919629439367],[-84.5245142686747,33.5918800027092],[-84.5247769914729,33.5914841703491],[-84.5248202242148,33.5914163691379],[-84.5248593442078,33.5913472029595],[-84.5248976122944,33.5912708294446],[-84.5249325929066,33.591193086775],[-84.524957768064,33.5911260239689],[-84.5249837080181,33.591045903596],[-84.5250039239051,33.5909712964016],[-84.5250216448965,33.5908894848347],[-84.525035263926,33.5908073398029],[-84.5250431571138,33.5907310505968],[-84.5250793787375,33.5900067169626],[-84.5250939637904,33.589715061374],[-84.5250977442358,33.5896374081084],[-84.5251006984479,33.5895576996132],[-84.5251051535597,33.5894436320566],[-84.5251072989036,33.5893663288653],[-84.5251109202258,33.5892502042949],[-84.5251130630596,33.5891725566685],[-84.5251150478604,33.5890564359332],[-84.5251155444921,33.5889787939746],[-84.5251168255163,33.5888915297732],[-84.5251157002123,33.5888176750371],[-84.5251112502621,33.5887342054522],[-84.525094898755,33.5885514914188],[-84.5250863867651,33.5884783415432],[-84.5250728823943,33.5883890607336],[-84.525054452027,33.5883004803624],[-84.5250344210687,33.5882208384185],[-84.5250177701303,33.5881642037404],[-84.5250111067394,33.5881415486148],[-84.5249836884584,33.5880629577653],[-84.5248384638675,33.5876851417297],[-84.5248118987778,33.5876137608649],[-84.5247852897449,33.5875317331409],[-84.5247603197815,33.5874490126886],[-84.5247419595426,33.5873762375163],[-84.5247227333234,33.5872928115539],[-84.5247084717174,33.5872193365371],[-84.5246958516422,33.5871455114269],[-84.5246383328829,33.5867348051721],[-84.5250000197262,33.5866506185083],[-84.5250943388137,33.5866300793032],[-84.5251903157091,33.5866126243625],[-84.525296154314,33.5865972019977],[-84.525402006372,33.5865855602278],[-84.5254996662385,33.5865780627784],[-84.5256063690239,33.5865736290638],[-84.5257541395935,33.5865745745108],[-84.5258225593225,33.5865792846744],[-84.5262546329339,33.586609029502],[-84.5263583539621,33.5866171352852],[-84.5270059225793,33.5866603242793],[-84.5274307854121,33.5866872565368],[-84.5276331319777,33.5867037054233],[-84.527787695765,33.5867088746134],[-84.5277881472175,33.5867088859194],[-84.5277885986588,33.5867088945205],[-84.5280900957548,33.5867136128242],[-84.5280905471886,33.5867136196208],[-84.5280909996997,33.5867136264142],[-84.5280911322222,33.5867136287322],[-84.5280912808971,33.5867136291996],[-84.5280915836485,33.5867136337255],[-84.5280917333819,33.5867136296814],[-84.5283949506595,33.5867014808938],[-84.5288601319188,33.586671813059],[-84.5296488283304,33.5866187955421],[-84.5304711798571,33.5865655370096],[-84.5310740828671,33.5865288592411],[-84.5317416215735,33.5864792084296],[-84.5317782234188,33.5864764900946],[-84.5319306128792,33.5864650228189],[-84.5319310329099,33.5864649918238],[-84.531931725416,33.586464939286],[-84.5319321809832,33.5864649045793],[-84.5319321768107,33.5864649370519],[-84.5319310677285,33.5864745332458],[-84.5319177658286,33.586589583858],[-84.5319178060288,33.5865991243623],[-84.5319179091718,33.5866236027302],[-84.531917949372,33.5866331432345],[-84.5319206247663,33.5868784224849],[-84.5319238267069,33.5872486542782],[-84.5319238270451,33.5872487345263],[-84.5319242794679,33.5872487196658],[-84.5326141337604,33.5872048916113],[-84.5326151849704,33.5872048253854],[-84.5326152409765,33.5872048216131],[-84.5326156928566,33.58720480585],[-84.5326152198617,33.587214365904],[-84.5325861976587,33.587801949678],[-84.5324856987447,33.5882261737077],[-84.5322466246494,33.5892352347253],[-84.5320695986523,33.591837994426],[-84.5320691472335,33.5918379975625],[-84.5320684965012,33.5918380021891],[-84.532068044005,33.5918380053287],[-84.5320675925862,33.5918380084651],[-84.5312020829054,33.5918443690613],[-84.5312016304091,33.5918443721977],[-84.5312011789901,33.591844375331],[-84.5311957307299,33.5918444157266],[-84.5311952782298,33.5918444179614],[-84.5312016629929,33.5918539118153],[-84.533116966171,33.5947013817449],[-84.5339605339232,33.5959555457975],[-84.5339609864562,33.5959555462575],[-84.5351005705592,33.5959558586412],[-84.5351010220146,33.5959558591002],[-84.5351014745475,33.595955859556],[-84.5351021253295,33.5959558594215],[-84.5351025767811,33.5959558589789],[-84.5352158437281,33.6000014401884],[-84.5352162962897,33.600001442447],[-84.5354305156626,33.6000028563514],[-84.5354309671545,33.6000028604158],[-84.5354314197276,33.6000028653786],[-84.5402840826241,33.6000677178558],[-84.5402845341241,33.6000677237058],[-84.5402849866977,33.6000677286508],[-84.5403490874314,33.6000684628856],[-84.5403495389275,33.6000684678336],[-84.5403499915011,33.6000684727784],[-84.5403505992413,33.6000684790579],[-84.5403510474972,33.6000684822124],[-84.5408042497419,33.5998739093615],[-84.54182998015,33.599433548888],[-84.5421564814169,33.5992933563907],[-84.5435742546653,33.598684556008],[-84.5436209657802,33.5986642135282],[-84.5436668563195,33.5986437364769],[-84.5437127445628,33.5986229844054],[-84.5437586309906,33.5986018202579],[-84.5438045167954,33.5985805181395],[-84.5438504001871,33.5985586668927],[-84.5438954631186,33.5985369551845],[-84.5439405242332,33.5985148314012],[-84.5439575650594,33.5985062595322],[-84.5439855835302,33.5984922955424],[-84.5440077023529,33.5984809598819],[-84.5440527604169,33.5984581489923],[-84.5440969956294,33.598434928532],[-84.5441412314152,33.5984118451084],[-84.544185464664,33.5983879375477],[-84.5442296974081,33.5983641670271],[-84.5442509915388,33.5983520088091],[-84.5442952224505,33.5983278262062],[-84.5443386311113,33.5983033719889],[-84.5443812169161,33.5982785073022],[-84.5444246237234,33.5982536391924],[-84.5444459148076,33.5982407947772],[-84.5444884975547,33.5982152429882],[-84.5445310802766,33.5981896911847],[-84.5445728401461,33.5981637298152],[-84.5446145987909,33.5981374934253],[-84.5446563562107,33.5981109820147],[-84.5446981136048,33.5980844705901],[-84.5447398702528,33.5980575470893],[-84.5447603372149,33.5980440180635],[-84.5448012705177,33.5980168220477],[-84.544841380968,33.5979892164689],[-84.5448823124207,33.5979616083674],[-84.54492241982,33.597933315697],[-84.5449625271932,33.5979050230136],[-84.5450026345401,33.5978767303172],[-84.5450419190305,33.5978480271581],[-84.5450812022976,33.5978190498817],[-84.5451204843373,33.5977897975863],[-84.5451589447257,33.5977604107376],[-84.5451974038865,33.5977307488705],[-84.5452358612206,33.5977006749324],[-84.545254681642,33.5976859137675],[-84.5452923167094,33.5976555673176],[-84.5453299517505,33.5976252208563],[-84.5453677487382,33.5975944618234],[-84.5454047257483,33.5975637043872],[-84.5454246845994,33.5975468793891],[-84.5454596957014,33.5975172270936],[-84.5454960129993,33.5974859234326],[-84.5455320004398,33.597454344859],[-84.5455678234812,33.5974226297241],[-84.5455856514245,33.5974066344527],[-84.5456209808297,33.5973746467055],[-84.5456561441512,33.597342383545],[-84.5456734790645,33.5973262527168],[-84.5457081487502,33.597293716945],[-84.5457426534296,33.597260905757],[-84.5457768277857,33.5972279594188],[-84.5458106733624,33.5971947381667],[-84.5458441896896,33.59716138086],[-84.5458775416184,33.5971278869938],[-84.5458940524207,33.5971110715855],[-84.5459270738839,33.5970771666541],[-84.5459596023214,33.5970431252692],[-84.5459919646791,33.5970088093746],[-84.5460238346157,33.5969744949812],[-84.5460398505608,33.5969571319517],[-84.5460713911099,33.5969224064915],[-84.5461026013335,33.5968875449817],[-84.5461336465553,33.5968524089598],[-84.5461490056844,33.5968349099744],[-84.5461795572694,33.5967995004446],[-84.5462097796071,33.5967639548628],[-84.546239836466,33.5967282718252],[-84.5462694013832,33.5966924532352],[-84.5462988002216,33.5966563601373],[-84.5463278698135,33.5966201309884],[-84.5463564463832,33.5965837653894],[-84.5463850217279,33.5965471256789],[-84.5464131040508,33.5965103495189],[-84.5464408571283,33.5964734373087],[-84.5464682809568,33.5964363881468],[-84.5464955403895,33.5963992024291],[-84.5465223062011,33.5963617432104],[-84.5465356890963,33.5963430131481],[-84.5465621256521,33.5963054178772],[-84.5465751793089,33.596286551767],[-84.5466011211558,33.5962486829962],[-84.5466265710653,33.5962106786763],[-84.546639295473,33.596191676516],[-84.5466644155194,33.596153397289],[-84.5466892052496,33.5961149829188],[-84.5467136668068,33.5960764306938],[-84.5467378008044,33.5960378803716],[-84.5467616038778,33.5959990560509],[-84.5467733410364,33.5959795077903],[-84.546796651083,33.5959405470213],[-84.5468196329701,33.5959014511033],[-84.5468424481767,33.5958619427267],[-84.5468535280576,33.5958423955761],[-84.5468787789336,33.5957973894214],[-84.5468792314731,33.5957973916375],[-84.5474279402429,33.5958015985385],[-84.547428391709,33.5958016016575],[-84.5474288442525,33.5958016047732],[-84.5482718178577,33.5958081913354],[-84.5482722693238,33.5958081944514],[-84.5482727218674,33.5958081975641],[-84.5482731270038,33.5958082008229],[-84.5482731991921,33.5958082006003],[-84.5482735784659,33.5958082030373],[-84.5482736517198,33.5958082001063],[-84.5487231202919,33.5957807709403],[-84.548723884,33.5957807244001],[-84.5487241974546,33.5957807053988],[-84.5487243365235,33.5957807230028],[-84.5495423932598,33.5958849478722],[-84.5496277711532,33.5958957922586],[-84.5496311142104,33.5958962165178],[-84.5496278079342,33.5959053336476],[-84.5495957479339,33.5959937526358],[-84.549555515499,33.596104634133],[-84.5495434940554,33.5961340784928],[-84.5495101920471,33.5962155313682],[-84.5494597403893,33.596317786588],[-84.5493991272595,33.5964244706771],[-84.5493182475398,33.5965525176315],[-84.5492324592137,33.5966848383093],[-84.5491666616619,33.5967702398968],[-84.5490653626022,33.5968854315384],[-84.5490320235295,33.5969215374647],[-84.5489589729209,33.5970007767806],[-84.5488870330302,33.5970712186071],[-84.5488443641418,33.5971139490398],[-84.5487596728504,33.5971974845963],[-84.548739400652,33.5972176094171],[-84.548684950031,33.5972699952206],[-84.5486156303415,33.5973387796385],[-84.5485356749285,33.5974163908575],[-84.5484872798643,33.5974642233714],[-84.5484195916173,33.5975306664099],[-84.5483584395136,33.5975900814474],[-84.548306098166,33.5977038780128],[-84.5483036264,33.5977092514912],[-84.5483061380287,33.5977134175871],[-84.5483079267745,33.5977163839829],[-84.5483093951355,33.5977187760998],[-84.5483312480023,33.5977543761591],[-84.5483529164335,33.5977901742497],[-84.5483745859641,33.5978259732344],[-84.5483934409325,33.5978568334206],[-84.5483969141069,33.5978623193018],[-84.5484161019563,33.597894140542],[-84.5484217271479,33.5979036051758],[-84.5484457113108,33.5979431064868],[-84.5484945092102,33.5980240307033],[-84.5485019535696,33.5980365121258],[-84.5485993689412,33.5981945145121],[-84.5487305614346,33.5984157595263],[-84.5488157676628,33.5985105083276],[-84.5488221388362,33.5985175929272],[-84.5488158021995,33.5985200488184],[-84.5487987650289,33.5985266529921],[-84.5487940558451,33.598528478095],[-84.5487988017187,33.5985361934763],[-84.5489681516289,33.5988114856379],[-84.5489683719357,33.5988118429212],[-84.5489684609332,33.5988119887171],[-84.5489688233937,33.5988118406246],[-84.5490523614822,33.5987777363899],[-84.5495543131493,33.5985822342902],[-84.5496704720224,33.5985369958201],[-84.5498624703503,33.5984622081048],[-84.5498798954379,33.598437359043],[-84.5498801063755,33.5984370590343],[-84.5498801920308,33.5984369361416],[-84.5498805578354,33.5984370576361],[-84.5503473235361,33.5985921450142],[-84.5508530219846,33.5987626194034],[-84.5511995288843,33.5988790326877],[-84.5515179034883,33.5989835781325],[-84.5517708383166,33.5990689504188],[-84.5520423460107,33.599158111772],[-84.5523655017598,33.5992666246205],[-84.552460430603,33.5992960090018],[-84.5524607456649,33.5992961063017],[-84.5524608751432,33.5992961464732],[-84.5524611982066,33.5992961048906],[-84.5526013594838,33.5992781185181],[-84.5528107890507,33.5992549295734],[-84.553176456941,33.5992116012487],[-84.5534178816987,33.5991829517823],[-84.5537917575063,33.5991391839194],[-84.5541477466186,33.5990980812877],[-84.5544886263858,33.5990568879401],[-84.5545933234946,33.5990415811396],[-84.5546649254596,33.5990063158324],[-84.5547575129145,33.5989634268433],[-84.5548381339884,33.5989256598583],[-84.5548798952427,33.5989003820937],[-84.5549236003737,33.5988837849256],[-84.5549246921683,33.598883370337],[-84.5549251396423,33.5988832003201],[-84.5549251436262,33.5988833680186],[-84.5549619145013,33.6002735896205],[-84.5549623670642,33.6002735918069],[-84.5559484062903,33.6002796912292],[-84.5559488577756,33.6002796934153],[-84.55601276407,33.6010165875136],[-84.5565232061299,33.6010443367614],[-84.5565240866758,33.6010443844804],[-84.5565232436782,33.601053878135],[-84.5563338820661,33.6031876650009],[-84.5563338789714,33.6031876956675],[-84.5563334305859,33.6031876673246],[-84.5563323333418,33.6031875995485],[-84.5541988997149,33.6030546804194],[-84.5541984502531,33.6030546520722],[-84.5541984471536,33.603054681837],[-84.5541984410071,33.6030547530884],[-84.5540975893712,33.6041858931887],[-84.5540971378735,33.6041858927992],[-84.5540964870267,33.6041858921325],[-84.5540960344475,33.6041858908447],[-84.5540955829457,33.6041858895536],[-84.5537367537519,33.6041849677488],[-84.5537363011727,33.6041849664597],[-84.5537358496709,33.6041849651673],[-84.5537351988201,33.6041849635969],[-84.5537347462408,33.6041849623079],[-84.5537342947391,33.6041849610155],[-84.5531765939738,33.6041835586888],[-84.5531761413946,33.6041835573978],[-84.5531756898928,33.6041835561033],[-84.553175039042,33.60418355453],[-84.5531745864627,33.6041835532389],[-84.5531741349609,33.6041835519444],[-84.5530141773177,33.6041831048164],[-84.5530137247425,33.6041831044265],[-84.5529511946006,33.6045227104948],[-84.5522317466117,33.6047077163845],[-84.55215513695,33.6047306411743],[-84.5521533720946,33.6047311687413],[-84.5521399714781,33.6047113024901],[-84.5520969760317,33.6046447893963],[-84.5520548045235,33.6045779301831],[-84.5520142672784,33.6045107250323],[-84.5519604967575,33.6044205423072],[-84.551908361151,33.6043296655889],[-84.5518702888147,33.6042610749576],[-84.5518330318,33.6041921409433],[-84.5517957606535,33.6041197724936],[-84.5509583317922,33.6024747688497],[-84.5508888508412,33.6023602423889],[-84.5500647429753,33.6007485165293],[-84.5498560238104,33.6003386353827],[-84.5498369786046,33.6003022785292],[-84.5498046759756,33.6002391677329],[-84.5495616428207,33.6002395774667],[-84.5485870365654,33.6002381229207],[-84.5485032482216,33.600228762497],[-84.5469072310989,33.6002580689864],[-84.5467593284798,33.600233101697],[-84.5466639959127,33.6002124387643],[-84.5465726933167,33.600174586524],[-84.5464970272926,33.6001452737408],[-84.5464361014661,33.6001073272369],[-84.5462541866646,33.6000024222734],[-84.54597310602,33.5998427775969],[-84.5459722402608,33.5998433960934],[-84.5455582409139,33.6000943963348],[-84.545219239909,33.6002853965805],[-84.5450042403433,33.6003973963431],[-84.5449072407062,33.6004343964026],[-84.5448192400976,33.6004863970562],[-84.5444162400573,33.6006943969678],[-84.5435992395518,33.6010933964822],[-84.5434992400772,33.6011373970478],[-84.5433692401587,33.6012083965881],[-84.5427198792221,33.6015283125393],[-84.5426820624048,33.6015876348936],[-84.542247308782,33.6018019926714],[-84.5422469991151,33.6018021450924],[-84.5422468562306,33.6018019949469],[-84.5420323543557,33.6015767589607],[-84.5420322136387,33.6015766115134],[-84.542031902879,33.6015767603305],[-84.5420311426461,33.6015771242076],[-84.5402103366553,33.6024477257151],[-84.5402066214286,33.6024495015051],[-84.5402103734827,33.602457266199],[-84.5403458109387,33.6027375270564],[-84.5403461371092,33.6027382014238],[-84.5403458509985,33.6027470639233],[-84.5403161474948,33.6036663940507],[-84.5403096480777,33.6038346098003],[-84.5402650331393,33.6049891687991],[-84.5402530753411,33.6053007244541],[-84.5402440862685,33.6055305967863],[-84.5402440553953,33.6055314336311],[-84.5402439951919,33.605531466273],[-84.5402425003254,33.6055314031617],[-84.5402413891322,33.6055313533185],[-84.5385877130395,33.6054571744238],[-84.5385200343991,33.605223084711],[-84.5384676910879,33.605041991526],[-84.5384620263001,33.6050229075297],[-84.5384571980497,33.6050076693555],[-84.538445884513,33.6049734867037],[-84.5384379049055,33.6049508372377],[-84.5384310904849,33.6049320317044],[-84.538422619036,33.6049095216711],[-84.5384153127691,33.6048908546689],[-84.5384076789336,33.6048721895522],[-84.5383983876818,33.6048502310985],[-84.5383935770404,33.6048388403031],[-84.538380641513,33.6048096090909],[-84.5383733428298,33.6047924541671],[-84.5383633847547,33.6047680244275],[-84.5383549140305,33.6047459264508],[-84.5383444422979,33.6047165507778],[-84.5383371259421,33.6046952734599],[-84.5383299722999,33.6046739956526],[-84.5383229840119,33.6046525793923],[-84.538316158441,33.6046311635443],[-84.5383040026971,33.6045920368339],[-84.5382925008311,33.6045523581379],[-84.5382806566681,33.6045092459996],[-84.5382319060884,33.6043231944235],[-84.5382213937839,33.6042843377768],[-84.5382103862027,33.6042450696507],[-84.5382033891431,33.6042215930872],[-84.5381963904182,33.6041979785725],[-84.5381842353788,33.6041589888992],[-84.5381767448192,33.6041355138159],[-84.5381690899874,33.6041121762795],[-84.5381559496139,33.6040733275174],[-84.5381423184812,33.6040346172815],[-84.5381280272167,33.6039954969616],[-84.5381137417557,33.6039574757608],[-84.5381017859262,33.6039267303703],[-84.5380895020473,33.6038961239192],[-84.5380799657917,33.6038549280944],[-84.5380681518372,33.6038346479837],[-84.5379081793232,33.6035600387356],[-84.5379080870526,33.6035598803182],[-84.537907727836,33.6035600400904],[-84.5379068719457,33.6035604691497],[-84.5352413288456,33.6048975976726],[-84.5352363557173,33.604900092087],[-84.5352413640519,33.6049071381611],[-84.5354237047539,33.605163645297],[-84.535424646906,33.6052386534955],[-84.535424699014,33.6052427938187],[-84.5354246875131,33.605248192164],[-84.535423013577,33.6060411104432],[-84.5354224669383,33.6062989659187],[-84.5354224574276,33.6062997693367],[-84.5354220154405,33.6062989681661],[-84.5354209162956,33.6062969408771],[-84.5353074974353,33.6060878006543],[-84.5349364936575,33.6054036492646],[-84.5347532142751,33.6051425853554],[-84.5347531058644,33.605142431492],[-84.5347527627795,33.6051425866987],[-84.5347519444918,33.6051429966891],[-84.5343952722972,33.6053219158156],[-84.5343904464315,33.6053243358212],[-84.534395307411,33.6053314563044],[-84.5345195895741,33.60551350592],[-84.534568235396,33.6055847619766],[-84.5345684208116,33.6055850328285],[-84.5345682737466,33.6055942988485],[-84.5345513330593,33.6066657159406],[-84.5342436431006,33.606763767662],[-84.5342405470638,33.6067647542735],[-84.5342436781997,33.6067733081487],[-84.5344507485681,33.6073389291528],[-84.534454218814,33.607348409834],[-84.534453767326,33.6073484156846],[-84.5344512351674,33.6073484610828],[-84.5344507826095,33.60734846874],[-84.5344503311291,33.6073484763939],[-84.5338810729691,33.6073584862745],[-84.5338806204034,33.6073584921262],[-84.5337618542795,33.6073877531083],[-84.5337552824128,33.6073893721752],[-84.5337618871714,33.6073972936009],[-84.5340169120707,33.6077031392784],[-84.5342707723336,33.6080408637695],[-84.5342786401693,33.6080513304392],[-84.5342786889364,33.6080513952147],[-84.5342781886584,33.6080513317809],[-84.5342769670814,33.6080511785201],[-84.5342708052709,33.6080504015556],[-84.5341743489564,33.6080382378551],[-84.5341738974341,33.6080382364914],[-84.5338818117547,33.608036506137],[-84.533881359151,33.6080365038738],[-84.5338620449908,33.6083615417408],[-84.5337373200617,33.6088860130769],[-84.5329584037026,33.6090463488321],[-84.532953564069,33.6090669753763],[-84.5329487244331,33.6090876019204],[-84.5329430619175,33.6091078188366],[-84.5329374011419,33.6091284478113],[-84.5329309180692,33.6091488051122],[-84.5329244344063,33.6091690235569],[-84.5329171284457,33.6091889703276],[-84.532909824228,33.6092093300582],[-84.5329016960472,33.6092292792621],[-84.5328935689402,33.6092492284622],[-84.5328846189507,33.6092687680339],[-84.5328756695368,33.6092884446571],[-84.5328658972399,33.6093077116517],[-84.5328561261014,33.6093272536519],[-84.532846352633,33.6093462456385],[-84.5328357591858,33.6093655150612],[-84.5328243428544,33.6093843748547],[-84.5328015078515,33.6094215444257],[-84.5327892674629,33.6094397195809],[-84.5327762065103,33.6094580342175],[-84.5327639661112,33.6094762093703],[-84.5327500811052,33.609493839369],[-84.5327370183945,33.6095117419426],[-84.5327231316357,33.6095289598794],[-84.5327084254739,33.6095465923032],[-84.5326790067498,33.6095803468644],[-84.5326634747861,33.6095968825884],[-84.5326479428163,33.6096134183104],[-84.5326209915236,33.6096481258381],[-84.532611188941,33.6096602480556],[-84.5326013857727,33.6096722323184],[-84.5325915814398,33.6096839415739],[-84.5325817771044,33.6096956508287],[-84.5325711516256,33.6097073625115],[-84.532553167807,33.6097266537686],[-84.5325351839803,33.6097459450232],[-84.53251310779,33.6097684087367],[-84.532483669758,33.6097976278999],[-84.5324673223804,33.6098155401577],[-84.5324616034084,33.609822427806],[-84.5324558861759,33.6098297275129],[-84.532450985442,33.6098359256676],[-84.5324411984809,33.6098517573022],[-84.5324218041287,33.6098830746978],[-84.5324167307731,33.609891267859],[-84.5324218390356,33.6098926160831],[-84.5330547466342,33.6100595784723],[-84.5330554802412,33.6100597719622],[-84.5330547816034,33.6100691180534],[-84.5330399368839,33.6102677272173],[-84.5330197566277,33.6105442656057],[-84.5330193051114,33.6105442687462],[-84.533018654235,33.6105442724771],[-84.5330182016411,33.6105442756208],[-84.5330177501249,33.6105442787613],[-84.5326786161857,33.6105466468668],[-84.5326781635918,33.6105466500092],[-84.5326777120755,33.6105466531485],[-84.5326770612028,33.6105466577793],[-84.5326766086089,33.6105466609217],[-84.5326761570926,33.610546664061],[-84.5323370920784,33.6105490274196],[-84.5323366394844,33.6105490305608],[-84.5323361944339,33.6105490336797],[-84.5323357493795,33.610549035897],[-84.5323366743791,33.6105585710436],[-84.5323812496077,33.6110181429333],[-84.5323812529701,33.6110181735802],[-84.5323817055436,33.6110181650289],[-84.5331854586068,33.6109983542153],[-84.533185910091,33.6109983429593],[-84.5331863626567,33.6109983326017],[-84.5333226679683,33.6109952290674],[-84.5333231194563,33.6109952187124],[-84.533323572022,33.6109952083543],[-84.5333242217784,33.610995193805],[-84.533324673274,33.6109951852535],[-84.5333391876729,33.6113201262282],[-84.5333519202459,33.6116120956417],[-84.5333696240156,33.6120060915356],[-84.5333700523613,33.6120156299474],[-84.5333696590261,33.612015632015],[-84.5333696008336,33.6120156321875],[-84.5333692074985,33.6120156342552],[-84.5333689499423,33.6120156350187],[-84.5333684973369,33.6120156372621],[-84.5333680458092,33.6120156395023],[-84.5331906721466,33.6120165718325],[-84.5331902195412,33.6120165740752],[-84.5331897680097,33.6120165754131],[-84.5331891171184,33.6120165782433],[-84.5331886645092,33.6120165795844],[-84.5331882129777,33.6120165809222],[-84.5330848187176,33.612016887229],[-84.5330847422051,33.6120168874556],[-84.5330843661084,33.6120168885697],[-84.5330842895959,33.6120168887963],[-84.5330844010876,33.6120264290494],[-84.5330907193988,33.6125661173514],[-84.5330971548771,33.6131158958597],[-84.5331042320114,33.6139109963533],[-84.5331067725073,33.6141968266311],[-84.5331068582777,33.6142061442444],[-84.5330986392745,33.6142019271318],[-84.5326972899238,33.6139838921394],[-84.5326968383781,33.6139838925738],[-84.5326961874568,33.6139838917949],[-84.5326957348411,33.6139838940359],[-84.5326952832764,33.6139838899621],[-84.5306838281068,33.6139788468178],[-84.5306833754758,33.6139788454448],[-84.5306829239225,33.6139788440685],[-84.5306822729973,33.6139788423774],[-84.5306818203664,33.6139788410044],[-84.5306813688131,33.6139788396282],[-84.5304890774786,33.6139783278469],[-84.5304886248476,33.6139783264732],[-84.5304881732943,33.6139783250962],[-84.5304875600912,33.6139783241948],[-84.5304871074641,33.6139783237227],[-84.5304885901516,33.6139687859938],[-84.5304979375354,33.6139086711414],[-84.5304994180729,33.613899135222],[-84.5304989697454,33.6138991320322],[-84.5304983554652,33.613899131134],[-84.5304983188246,33.6138991312418],[-84.5304979028346,33.6138991297603],[-84.530497866194,33.6138991298681],[-84.5304974512818,33.6138991283834],[-84.5304974146412,33.6138991284912],[-84.5294214702841,33.6138957089479],[-84.5294210176574,33.6138957084719],[-84.5292459477207,33.6131186620082],[-84.5290679150244,33.6123284224971],[-84.528843349151,33.6113332336847],[-84.5288148931324,33.6112049712675],[-84.5288148532366,33.6111954307979],[-84.5288088766705,33.6097661752325],[-84.5288088371885,33.6097567330416],[-84.5288088367776,33.6097566347607],[-84.5288083856723,33.6097567352651],[-84.5288072832067,33.6097569801405],[-84.5282870671411,33.6098724903772],[-84.5281890183818,33.6098939896856],[-84.5281886189479,33.6098940774134],[-84.5281885657835,33.6098939910083],[-84.5281884355927,33.6098937812992],[-84.5276357196325,33.6090037311639],[-84.5275904371043,33.6089393477604],[-84.5274648458853,33.6087607574858],[-84.5274647298946,33.6087605928181],[-84.5274643943704,33.6087607588026],[-84.5274635749211,33.6087611651416],[-84.5262776790116,33.6093490683619],[-84.5262727471882,33.6093515127041],[-84.5262777132371,33.6093586088527],[-84.5235324149104,33.6106322879901],[-84.5236952199329,33.6108779647003],[-84.5237778964824,33.611014111123],[-84.5237961176996,33.6110518484848],[-84.5239372443376,33.6112238974155],[-84.5239900991886,33.6112958857031],[-84.5240487256013,33.6113740436623],[-84.5241618321075,33.6115217821518],[-84.5241981591998,33.6115683981817],[-84.5243502644487,33.6118132438074],[-84.5243665223839,33.6118428401526],[-84.5245554585064,33.6121867628761],[-84.5252284304703,33.6134802949666],[-84.5252599225625,33.6135495990084],[-84.5252939394065,33.6136336650977],[-84.52532385612,33.6137191190146],[-84.5253496734208,33.6138056163218],[-84.5253672152213,33.6138780499077],[-84.5253848264872,33.6139659442457],[-84.5253974786609,33.6140466404933],[-84.5254069101632,33.6141428034286],[-84.5254147562525,33.6142527133307],[-84.5254175151102,33.614324504506],[-84.5254170689813,33.6144145142252],[-84.5254125517605,33.6145134659014],[-84.5254055439148,33.6146058948965],[-84.5253959842292,33.614678067133],[-84.5251064262122,33.616144436675],[-84.5250863170763,33.6162461808856],[-84.5250360525538,33.6166015451879],[-84.5250206862554,33.6168571827405],[-84.5250111980698,33.6171444059122],[-84.5250295735665,33.6174171216143],[-84.5250576473282,33.6176530516925],[-84.5250855385643,33.617843290121],[-84.5251457969064,33.6181315437176],[-84.5251651328835,33.6182240405627],[-84.5252145320844,33.6184533788635],[-84.5252305980697,33.6185577764037],[-84.5252449174997,33.6186508251672],[-84.5252692709197,33.6187806131596],[-84.5253037713414,33.6189665980949],[-84.5253809885636,33.6193828512752],[-84.5254253036461,33.6195730428385],[-84.5254737952282,33.6197804008885],[-84.5255090154807,33.6199565319947],[-84.5255224372425,33.6200245132646],[-84.5256352374825,33.6204903675403],[-84.5256561421777,33.6205796254255],[-84.5256703993002,33.6206506960745],[-84.52568471378,33.6207358515457],[-84.5257168782008,33.6209673025893],[-84.5254491263059,33.6209674952766],[-84.5249284729974,33.6209678692599],[-84.5248266343271,33.6209674789279],[-84.5247371097643,33.6209656769145],[-84.5246221183358,33.6209622308597],[-84.5245334090065,33.6209587086577],[-84.5244315501168,33.6209531623081],[-84.5243165402604,33.6209452491478],[-84.5242023456707,33.6209356194487],[-84.5241012932056,33.6209259471575],[-84.5240125576691,33.6209165845389],[-84.5239114917458,33.6209041629387],[-84.5237980958243,33.6208890339768],[-84.5236797592928,33.6208715108102],[-84.5235926688471,33.6208624875795],[-84.5235056007332,33.6208586163673],[-84.5234185506248,33.6208598971859],[-84.5233315224908,33.6208659891929],[-84.5232461591375,33.6208772284835],[-84.5231608166444,33.6208932771647],[-84.5230771342594,33.6209141305129],[-84.5229959332179,33.6209397861657],[-84.5229163944196,33.6209702473887],[-84.5228327946207,33.6210106828102],[-84.5227516888274,33.6210590105289],[-84.5226337423461,33.620936363101],[-84.5225743879297,33.6208819107176],[-84.52250767028,33.620834008484],[-84.5224344112938,33.6207933374905],[-84.5223562538027,33.6207602401445],[-84.5222732081545,33.6207354025783],[-84.5221877297598,33.6207191567525],[-84.522099823264,33.620711852497],[-84.5215946194678,33.6207097154994],[-84.5215792580235,33.6213311619479],[-84.5213769047122,33.6216726630726],[-84.5208967069206,33.6220149608083],[-84.5206756366438,33.6223100251528],[-84.520492244597,33.6227599459546],[-84.5204201793445,33.6232560364014],[-84.5204034042138,33.6244021799989],[-84.5191032885868,33.6243993662294],[-84.5191129361776,33.6251551184657],[-84.5191173912542,33.6252409907258],[-84.5191250912537,33.6253172347234],[-84.5191344345941,33.6253931277951],[-84.519147063124,33.6254690133057],[-84.5191638366708,33.625553819843],[-84.5191830481855,33.625632778411],[-84.5186524528171,33.6256246706021],[-84.5185078863663,33.6256209577138],[-84.5184019211335,33.625616449613],[-84.5175730668224,33.6255768944479],[-84.5174868202932,33.6255747343677],[-84.5173997591323,33.6255739533873],[-84.5172979208813,33.6255752700474],[-84.5172108750173,33.625578265986],[-84.5170950964192,33.6255844333003],[-84.5170088881924,33.6255912029167],[-84.5169079045853,33.6256007662126],[-84.5168217091461,33.6256109710247],[-84.5167355192509,33.6256225517094],[-84.5166419512849,33.6256372477433],[-84.5165492125862,33.625653655435],[-84.5164572956271,33.6256717802176]]],[[[-84.4819705634767,33.6231562260519],[-84.4819194519562,33.6231611721671],[-84.4819705704754,33.6231563721048],[-84.4819705634767,33.6231562260519],[-84.4819707110807,33.6231562112489],[-84.4819707180827,33.6231563582035],[-84.4821776557467,33.6231368088234],[-84.4829204706049,33.6230664775361],[-84.4828852487553,33.6230704402713],[-84.4829204670613,33.6230666876346],[-84.4830625186964,33.6230532645215],[-84.4833201248108,33.6230289219633],[-84.4832777614186,33.6213257565628],[-84.4832779263031,33.621325752534],[-84.4833418037188,33.6213230994887],[-84.4836916169547,33.6213085556594],[-84.483733246395,33.6229897932267],[-84.4837332500875,33.6229899185495],[-84.4837332526096,33.6229900186286],[-84.4837332527615,33.6229900601051],[-84.4837337042007,33.6229900174709],[-84.4838250779068,33.6229813435518],[-84.4841461818292,33.6229508520382],[-84.4841462130782,33.6229508501547],[-84.4841597756017,33.6229495602139],[-84.4841602227293,33.6229495175893],[-84.4841602271892,33.622949558153],[-84.4842255721779,33.623517620104],[-84.4842313546875,33.6235678887634],[-84.484242925272,33.6236684684443],[-84.4842050161114,33.6236720913123],[-84.4841997522552,33.6290368152167],[-84.4842002049689,33.6290368176611],[-84.4852833238177,33.629044159528],[-84.4852837754536,33.6290441619712],[-84.4852821051352,33.6289294963254],[-84.4852825578483,33.6289294987658],[-84.4854856948203,33.6289306640881],[-84.4854861464523,33.6289306656288],[-84.4854520571069,33.6272654228194],[-84.4854525098047,33.6272654234559],[-84.4860601542007,33.627265684286],[-84.4860606058207,33.627265684923],[-84.4860610585185,33.6272656855572],[-84.4861385072887,33.6272657181509],[-84.4861389589053,33.6272657178859],[-84.486128861203,33.628090236153],[-84.486129313915,33.628090239492],[-84.48618024365,33.628090804916],[-84.4861806952876,33.6280908091593],[-84.486181147993,33.6280908106947],[-84.4868837891756,33.6280912286493],[-84.4868842407966,33.6280912283816],[-84.4868930836387,33.6272665492217],[-84.4869127638662,33.6271429928168],[-84.4868909537496,33.6245778586269],[-84.4868905927158,33.6245778676766],[-84.4868911985416,33.6245773106787],[-84.4868896316796,33.6245127081967],[-84.4865750534518,33.6244323863014],[-84.4864868739328,33.6234570403591],[-84.4864713745778,33.6233611885961],[-84.4863704586678,33.6227370952802],[-84.4863683344705,33.6227362541015],[-84.4862512796302,33.6223178023675],[-84.486250828036,33.622317801731],[-84.4851323255733,33.6223148520237],[-84.4851318729014,33.6223148513859],[-84.4849944506433,33.6217950885414],[-84.4849949033126,33.6217950891797],[-84.4855385049465,33.6217960900704],[-84.4855389565346,33.6217960898078],[-84.4854622458468,33.6214829846266],[-84.485462698541,33.6214829924765],[-84.4860224095002,33.6214976271809],[-84.4860228621977,33.6214976359304],[-84.4859188477621,33.6211242760774],[-84.4858810054012,33.6209884422373],[-84.4858517807615,33.6208835342211],[-84.485870986931,33.6207792820656],[-84.4886438417701,33.6206028412787],[-84.4892417508152,33.6206119339289],[-84.4894540217316,33.6206151220837],[-84.4894561116323,33.6206151535981],[-84.4904991690036,33.6206313216376],[-84.4907134926211,33.6206346582453],[-84.490820298275,33.6206361934451],[-84.4908202049797,33.6206363190219],[-84.4906070311005,33.6209249796031],[-84.4905481105541,33.6209811304103],[-84.4904831853188,33.6211884540203],[-84.4904832262635,33.6211884512081],[-84.491427820123,33.6211293334114],[-84.4915029564366,33.6211246304522],[-84.4915029536804,33.6211247575951],[-84.4914705358438,33.622333623365],[-84.4928924864372,33.6222023919427],[-84.4929855798896,33.6221937995968],[-84.4929971511866,33.6227599464509],[-84.4921452257884,33.6228384032197],[-84.4896072251199,33.6230724034424],[-84.4886772255764,33.6231584032171],[-84.4884652249357,33.6231774040793],[-84.4883122253351,33.6231884039109],[-84.4881102249197,33.6232064034517],[-84.4875532250494,33.6232624036236],[-84.4873582245888,33.6232804036126],[-84.4865236342604,33.6233563665701],[-84.4865236785863,33.6233569868054],[-84.4866120414626,33.623710600213],[-84.4866112497736,33.6237191906796],[-84.4866480884061,33.6241309977244],[-84.4866647400867,33.6241921032773],[-84.4867027692779,33.6242596834152],[-84.4867777827544,33.6243340376555],[-84.4868872279978,33.6243914658016],[-84.4869932566235,33.624414208197],[-84.4871969755641,33.6244243318477],[-84.4872833134572,33.6244519345366],[-84.4873293624585,33.6244669325732],[-84.4874117291355,33.6245313020905],[-84.4874430305125,33.6245556120162],[-84.4875165858751,33.6246797833041],[-84.4875151756459,33.6247433412479],[-84.4875111312923,33.625081114105],[-84.4874856995608,33.6272048629182],[-84.4874696324409,33.6284096880265],[-84.4874603861584,33.6296814866095],[-84.4874535739847,33.6307248242475],[-84.4874438010803,33.6318557747489],[-84.4874406419499,33.6318910147981],[-84.4874365853526,33.631936257597],[-84.4874049085002,33.6320524559197],[-84.4873055246614,33.6324170027382],[-84.4872125345669,33.6325823269499],[-84.4871799179777,33.6326373195811],[-84.4870729489566,33.6327633310381],[-84.486944624661,33.632889535666],[-84.4866663572786,33.6331597263897],[-84.4865407916346,33.6333288898276],[-84.4865418792907,33.633328898736],[-84.4865422780687,33.6333294675598],[-84.486541872774,33.6333294686082],[-84.4865398391822,33.6333301726625],[-84.4865393864594,33.6333301738335],[-84.4865387354008,33.6333301755175],[-84.4865382826779,33.6333301766885],[-84.486537831033,33.6333301778568],[-84.4839983100605,33.633335623188],[-84.4839978573309,33.6333356225464],[-84.483997405666,33.6333356182954],[-84.4809252145016,33.6332931828402],[-84.4809247617591,33.6332931785807],[-84.4809532852797,33.6331859209673],[-84.4805655188854,33.6331649195215],[-84.4804263524276,33.6328368835363],[-84.4804263382971,33.6328368511121],[-84.4804259007883,33.6328368855839],[-84.4804248317997,33.6328369694464],[-84.4799178890676,33.6328768911648],[-84.4799832104058,33.6329512045395],[-84.4802981813087,33.6332840466078],[-84.480297727485,33.633284041447],[-84.4802970559134,33.6332840341335],[-84.4802966031676,33.6332840289701],[-84.4802961514965,33.6332840229022],[-84.4773448206111,33.6332453395911],[-84.4773443678688,33.6332453353185],[-84.4773655587683,33.6307286669225],[-84.4773660114812,33.6307286666868],[-84.4788462616213,33.6307293291665],[-84.4788467132562,33.6307293289281],[-84.4788471659691,33.630729328687],[-84.4788478170118,33.6307293279452],[-84.4788482686468,33.6307293277068],[-84.4788655896673,33.6298841833414],[-84.4789202903803,33.6288369440911],[-84.4789227705947,33.6284315637733],[-84.4790188843446,33.6242668817638],[-84.4790192114068,33.6242526796128],[-84.4790192142595,33.6242525741101],[-84.4790187598121,33.624252681655],[-84.479017650616,33.6242529441376],[-84.478844767755,33.6242938530493],[-84.4786958929956,33.6243356713512],[-84.4786954440047,33.6243357978163],[-84.4786954403227,33.6243356733949],[-84.4786954389946,33.6243356039696],[-84.4786954066964,33.6243356139694],[-84.4786954316795,33.6243353686518],[-84.4786845261188,33.6239567509599],[-84.478682845579,33.623898377381],[-84.4786719747421,33.6235209858467],[-84.4792234973592,33.6234151572195],[-84.4793173222315,33.6234030171138],[-84.4795026664808,33.6233790337601],[-84.479521784147,33.6233765599069],[-84.4796134231023,33.6233647019191],[-84.4796593994126,33.6233601205018],[-84.4797283628682,33.6233534187623],[-84.4797751618445,33.6233495213917],[-84.4798211395422,33.6233456260829],[-84.4798671184785,33.6233420742907],[-84.4799139199284,33.6233388639351],[-84.4799828920502,33.6233345667897],[-84.4800246431687,33.6233323150393],[-84.4800296959754,33.6233320425561],[-84.4800756798705,33.6233298648213],[-84.4801224850374,33.6233276849879],[-84.4801684712495,33.6233258507495],[-84.4801783240513,33.6233251387012],[-84.480183384738,33.6233246615124],[-84.4802880451776,33.6233147987778],[-84.4807679018574,33.6232695758994],[-84.4808638608473,33.6232605318531],[-84.4809228284857,33.6232549747166],[-84.4810999705407,33.6232382799885],[-84.4811281204895,33.6232356269353],[-84.4813459267092,33.6232150982454],[-84.4819705634767,33.6231562260519]]]]},"properties":{"FID":8,"CityName":"South Fulton","DistrNum":"District 5","Shape_Leng":171787.264051,"created_us":" ","created_da":null,"last_edite":"ROKADMIN","last_edi_1":1592438400000,"Shape_Le_1":280772.463472,"CreationDate":1677002954483,"Creator":"erik.michael_cosfga","EditDate":1677002954483,"Editor":"erik.michael_cosfga","Shape__Area":27658346.94140625,"Shape__Length":102124.48057820431}}],"_source":"https://services3.arcgis.com/y2BJK2GUfoTwH7py/arcgis/rest/services/South_Fulton_City_Limits_And_Districts_WFL1/FeatureServer/2  \u00b7 fetched 2026-05-03 from City of South Fulton ArcGIS Online"}